run_id,algo,env,seed,episode,env_step,return,episode_len,epsilon,loss,grad_norm,wallclock_s
dgn_complete__pair_N6_ego_attention__seed7,dgn_qmix,coord_grid,7,0,25,53.0,25,0.99981,,,0.0029007999692112207
dgn_complete__pair_N6_ego_attention__seed7,dgn_qmix,coord_grid,7,1,50,51.0,25,0.9996120833333333,,,0.09521679999306798
dgn_complete__pair_N6_ego_attention__seed7,dgn_qmix,coord_grid,7,2,75,45.5,25,0.9994141666666667,,,0.19285309995757416
dgn_complete__pair_N6_ego_attention__seed7,dgn_qmix,coord_grid,7,3,100,43.5,25,0.99921625,,,0.32232229999499395
dgn_complete__pair_N6_ego_attention__seed7,dgn_qmix,coord_grid,7,4,125,46.0,25,0.9990183333333333,,,0.432643799984362
dgn_complete__pair_N6_ego_attention__seed7,dgn_qmix,coord_grid,7,5,150,54.0,25,0.9988204166666667,,,0.5222534000058658
dgn_complete__pair_N6_ego_attention__seed7,dgn_qmix,coord_grid,7,6,175,59.5,25,0.9986225,,,0.6259178000036627
dgn_complete__pair_N6_ego_attention__seed7,dgn_qmix,coord_grid,7,7,200,51.0,25,0.9984245833333333,,,0.6861970999743789
dgn_complete__pair_N6_ego_attention__seed7,dgn_qmix,coord_grid,7,8,225,39.5,25,0.9982266666666667,1.7552504454340254,17.95912115914481,0.8816612999653444
dgn_complete__pair_N6_ego_attention__seed7,dgn_qmix,coord_grid,7,9,250,55.0,25,0.99802875,0.6237158825000128,9.825593868891398,1.0268570999614894
dgn_complete__pair_N6_ego_attention__seed7,dgn_qmix,coord_grid,7,10,275,53.5,25,0.9978308333333333,0.4801330864429474,5.187855084737142,1.1890170999686234
dgn_complete__pair_N6_ego_attention__seed7,dgn_qmix,coord_grid,7,11,300,54.5,25,0.9976329166666666,0.40172482033570606,4.024631758530934,1.3426459999755025
dgn_complete__pair_N6_ego_attention__seed7,dgn_qmix,coord_grid,7,12,325,57.0,25,0.997435,0.6519401328904288,7.086951221738543,1.5619602999649942
dgn_complete__pair_N6_ego_attention__seed7,dgn_qmix,coord_grid,7,13,350,45.0,25,0.9972370833333334,2.442250688870748,19.118526776631672,1.7044988999841735
dgn_complete__pair_N6_ego_attention__seed7,dgn_qmix,coord_grid,7,14,375,47.0,25,0.9970391666666667,0.7479832371075948,8.964894453684488,1.8553133999812417
dgn_complete__pair_N6_ego_attention__seed7,dgn_qmix,coord_grid,7,15,400,54.0,25,0.99684125,0.3657890458901723,2.4607759912808738,1.9463246999657713
dgn_complete__pair_N6_ego_attention__seed7,dgn_qmix,coord_grid,7,16,425,51.0,25,0.9966433333333333,0.4006461926868984,3.5312444823128835,2.087748999998439
dgn_complete__pair_N6_ego_attention__seed7,dgn_qmix,coord_grid,7,17,450,41.0,25,0.9964454166666666,0.4089609781901042,2.5626791516939798,2.2024473999626935
dgn_complete__pair_N6_ego_attention__seed7,dgn_qmix,coord_grid,7,18,475,63.0,25,0.9962475,0.3909362455209096,1.6841416656970978,2.3487745999591425
dgn_complete__pair_N6_ego_attention__seed7,dgn_qmix,coord_grid,7,19,500,54.5,25,0.9960495833333334,2.0129457116127014,8.460472822189331,2.4792032999685034
dgn_complete__pair_N6_ego_attention__seed7,dgn_qmix,coord_grid,7,20,525,35.0,25,0.9958516666666667,1.1470935004098075,8.550532749720983,2.5687621000106446
dgn_complete__pair_N6_ego_attention__seed7,dgn_qmix,coord_grid,7,21,550,56.5,25,0.99565375,0.4329437067111333,4.116614063580831,2.6974819999886677
dgn_complete__pair_N6_ego_attention__seed7,dgn_qmix,coord_grid,7,22,575,45.5,25,0.9954558333333333,0.5496935844421387,6.905842304229736,2.8347093999618664
dgn_complete__pair_N6_ego_attention__seed7,dgn_qmix,coord_grid,7,23,600,58.0,25,0.9952579166666666,0.6585883796215057,6.674503723780314,2.9496937000076286
dgn_complete__pair_N6_ego_attention__seed7,dgn_qmix,coord_grid,7,24,625,47.0,25,0.9950600000000001,0.48250511288642883,3.434655887739999,3.1210432999650948
dgn_complete__pair_N6_ego_attention__seed7,dgn_qmix,coord_grid,7,25,650,42.5,25,0.9948620833333334,0.5405086278915405,5.980250279108684,3.264769700006582
dgn_complete__pair_N6_ego_attention__seed7,dgn_qmix,coord_grid,7,26,675,54.0,25,0.9946641666666667,0.44825681547323865,3.329689065615336,3.395548800006509
dgn_complete__pair_N6_ego_attention__seed7,dgn_qmix,coord_grid,7,27,700,48.5,25,0.99446625,0.47622008124987286,3.28568043311437,3.5198938999674283
dgn_complete__pair_N6_ego_attention__seed7,dgn_qmix,coord_grid,7,28,725,45.5,25,0.9942683333333333,0.3541781859738486,2.9187350954328264,3.683052200009115
dgn_complete__pair_N6_ego_attention__seed7,dgn_qmix,coord_grid,7,29,750,48.5,25,0.9940704166666666,0.47170789043108624,2.6308461825052896,3.806346299999859
dgn_complete__pair_N6_ego_attention__seed7,dgn_qmix,coord_grid,7,30,775,51.0,25,0.9938725,0.3622525831063588,2.0881205201148987,3.9447639000136405
dgn_complete__pair_N6_ego_attention__seed7,dgn_qmix,coord_grid,7,31,800,59.5,25,0.9936745833333334,0.3981149544318517,2.6470861236254373,4.067802399978973
dgn_complete__pair_N6_ego_attention__seed7,dgn_qmix,coord_grid,7,32,825,44.5,25,0.9934766666666667,0.4409015008381435,2.6327416385923113,4.169127999979537
dgn_complete__pair_N6_ego_attention__seed7,dgn_qmix,coord_grid,7,33,850,48.5,25,0.99327875,0.5678456475337347,4.0267229080200195,4.268407900002785
dgn_complete__pair_N6_ego_attention__seed7,dgn_qmix,coord_grid,7,34,875,56.0,25,0.9930808333333333,0.4775970975557963,3.799207846323649,4.456176700012293
dgn_complete__pair_N6_ego_attention__seed7,dgn_qmix,coord_grid,7,35,900,36.5,25,0.9928829166666666,0.48262802759806317,6.806064605712891,4.639794799964875
dgn_complete__pair_N6_ego_attention__seed7,dgn_qmix,coord_grid,7,36,925,48.5,25,0.992685,0.4697334000042507,4.368907928466797,4.787004899990279
dgn_complete__pair_N6_ego_attention__seed7,dgn_qmix,coord_grid,7,37,950,62.5,25,0.9924870833333334,0.855342706044515,8.944406747817993,4.904149600013625
dgn_complete__pair_N6_ego_attention__seed7,dgn_qmix,coord_grid,7,38,975,49.0,25,0.9922891666666667,0.6213926995793978,6.003685712814331,5.011504499998409
dgn_complete__pair_N6_ego_attention__seed7,dgn_qmix,coord_grid,7,39,1000,50.0,25,0.99209125,0.9072162210941315,4.71517813205719,5.156409899995197
dgn_complete__pair_N6_ego_attention__seed7,dgn_qmix,coord_grid,7,40,1025,59.5,25,0.9918933333333333,1.419291513306754,8.092335496629987,5.271530499972869
dgn_complete__pair_N6_ego_attention__seed7,dgn_qmix,coord_grid,7,41,1050,50.5,25,0.9916954166666667,0.7342454890410105,7.338996410369873,5.418058099981863
dgn_complete__pair_N6_ego_attention__seed7,dgn_qmix,coord_grid,7,42,1075,55.0,25,0.9914975,0.47668392459551495,6.307522575060527,5.526319500000682
dgn_complete__pair_N6_ego_attention__seed7,dgn_qmix,coord_grid,7,43,1100,45.0,25,0.9912995833333333,0.5643399904171625,8.547665119171143,5.629153799964115
dgn_complete__pair_N6_ego_attention__seed7,dgn_qmix,coord_grid,7,44,1125,50.0,25,0.9911016666666667,0.3872808814048767,2.6305746691567555,5.785912499995902
dgn_complete__pair_N6_ego_attention__seed7,dgn_qmix,coord_grid,7,45,1150,59.0,25,0.99090375,0.4949737985928853,5.227088371912639,5.976658099971246
dgn_complete__pair_N6_ego_attention__seed7,dgn_qmix,coord_grid,7,46,1175,51.0,25,0.9907058333333333,0.4520423114299774,3.5290499925613403,6.13874709996162
dgn_complete__pair_N6_ego_attention__seed7,dgn_qmix,coord_grid,7,47,1200,43.0,25,0.9905079166666667,0.3328028966983159,2.898279885450999,6.266070299956482
dgn_complete__pair_N6_ego_attention__seed7,dgn_qmix,coord_grid,7,48,1225,47.5,25,0.99031,0.36384259377207073,2.9844062498637607,6.3956004999927245
dgn_complete__pair_N6_ego_attention__seed7,dgn_qmix,coord_grid,7,49,1250,50.5,25,0.9901120833333333,0.37805192172527313,2.3193577925364175,6.548345299961511
dgn_complete__pair_N6_ego_attention__seed7,dgn_qmix,coord_grid,7,50,1275,47.0,25,0.9899141666666667,0.33120355506738025,2.117118855317434,6.669227199978195
dgn_complete__pair_N6_ego_attention__seed7,dgn_qmix,coord_grid,7,51,1300,58.0,25,0.98971625,0.4060627222061157,3.0898787577946982,6.805054500000551
dgn_complete__pair_N6_ego_attention__seed7,dgn_qmix,coord_grid,7,52,1325,54.5,25,0.9895183333333334,0.40989723801612854,1.9059645959309168,6.9467176999896765
dgn_complete__pair_N6_ego_attention__seed7,dgn_qmix,coord_grid,7,53,1350,49.5,25,0.9893204166666667,0.3430713266134262,2.291114588578542,7.123071399983019
dgn_complete__pair_N6_ego_attention__seed7,dgn_qmix,coord_grid,7,54,1375,52.5,25,0.9891225,0.35518870254357654,2.1989378730456033,7.297474999970291
dgn_complete__pair_N6_ego_attention__seed7,dgn_qmix,coord_grid,7,55,1400,39.0,25,0.9889245833333333,0.35940779993931454,1.759589672088623,7.424944599973969
dgn_complete__pair_N6_ego_attention__seed7,dgn_qmix,coord_grid,7,56,1425,56.0,25,0.9887266666666666,0.36204730187143597,1.9457089049475533,7.541021499957424
dgn_complete__pair_N6_ego_attention__seed7,dgn_qmix,coord_grid,7,57,1450,48.5,25,0.98852875,0.3711766103903453,1.924823780854543,7.679692999983672
dgn_complete__pair_N6_ego_attention__seed7,dgn_qmix,coord_grid,7,58,1475,59.5,25,0.9883308333333334,0.40756188333034515,1.6252113580703735,7.81300939997891
dgn_complete__pair_N6_ego_attention__seed7,dgn_qmix,coord_grid,7,59,1500,51.0,25,0.9881329166666667,0.38252833982308704,2.338461399078369,7.998221999965608
dgn_complete__pair_N6_ego_attention__seed7,dgn_qmix,coord_grid,7,60,1525,56.5,25,0.987935,0.333654522895813,1.7628887040274483,8.129435500013642
dgn_complete__pair_N6_ego_attention__seed7,dgn_qmix,coord_grid,7,61,1550,58.0,25,0.9877370833333333,0.33572390923897427,1.9609403212865193,8.270264999999199
dgn_complete__pair_N6_ego_attention__seed7,dgn_qmix,coord_grid,7,62,1575,45.0,25,0.9875391666666666,0.3631347020467122,1.919536292552948,8.434326299990062
dgn_complete__pair_N6_ego_attention__seed7,dgn_qmix,coord_grid,7,63,1600,51.5,25,0.98734125,0.3700595796108246,1.9684205055236816,8.613106700009666
dgn_complete__pair_N6_ego_attention__seed7,dgn_qmix,coord_grid,7,64,1625,46.0,25,0.9871433333333334,0.3759620657988957,2.809833594730922,8.803064899984747
dgn_complete__pair_N6_ego_attention__seed7,dgn_qmix,coord_grid,7,65,1650,61.0,25,0.9869454166666667,0.32926349341869354,2.0770588914553323,8.924715199973434
dgn_complete__pair_N6_ego_attention__seed7,dgn_qmix,coord_grid,7,66,1675,49.5,25,0.9867475,0.3329706887404124,2.102923552195231,9.069995999976527
dgn_complete__pair_N6_ego_attention__seed7,dgn_qmix,coord_grid,7,67,1700,57.5,25,0.9865495833333333,0.3600048025449117,2.1803312500317893,9.197487399971578
dgn_complete__pair_N6_ego_attention__seed7,dgn_qmix,coord_grid,7,68,1725,55.5,25,0.9863516666666666,0.3734781869820186,3.1859415428979054,9.388961699965876
dgn_complete__pair_N6_ego_attention__seed7,dgn_qmix,coord_grid,7,69,1750,52.5,25,0.98615375,0.3534538596868515,2.94661017258962,9.557998100004625
dgn_complete__pair_N6_ego_attention__seed7,dgn_qmix,coord_grid,7,70,1775,55.0,25,0.9859558333333334,0.3792480280001958,2.1832933028539023,9.713862399978098
dgn_complete__pair_N6_ego_attention__seed7,dgn_qmix,coord_grid,7,71,1800,49.5,25,0.9857579166666667,0.4027405654390653,2.5229917963345847,9.844722799956799
dgn_complete__pair_N6_ego_attention__seed7,dgn_qmix,coord_grid,7,72,1825,58.0,25,0.98556,1.2865466901234217,12.052246911185128,10.103876999986824
dgn_complete__pair_N6_ego_attention__seed7,dgn_qmix,coord_grid,7,73,1850,59.5,25,0.9853620833333333,0.6397944738467535,7.425956130027771,10.290788499987684
dgn_complete__pair_N6_ego_attention__seed7,dgn_qmix,coord_grid,7,74,1875,50.5,25,0.9851641666666666,0.7930505226055781,12.620364983876547,10.409911800001282
dgn_complete__pair_N6_ego_attention__seed7,dgn_qmix,coord_grid,7,75,1900,51.0,25,0.98496625,0.44514042139053345,3.9873274664084115,10.53713189996779
dgn_complete__pair_N6_ego_attention__seed7,dgn_qmix,coord_grid,7,76,1925,51.5,25,0.9847683333333334,0.5842645934649876,6.317681074142456,10.660985699971206
dgn_complete__pair_N6_ego_attention__seed7,dgn_qmix,coord_grid,7,77,1950,41.0,25,0.9845704166666667,0.4693918824195862,4.343280633290608,10.743884800001979
dgn_complete__pair_N6_ego_attention__seed7,dgn_qmix,coord_grid,7,78,1975,45.0,25,0.9843725,0.4373363604148229,3.114776055018107,10.920826799992938
dgn_complete__pair_N6_ego_attention__seed7,dgn_qmix,coord_grid,7,79,2000,48.0,25,0.9841745833333333,0.44537098705768585,3.467816114425659,11.07634039997356
dgn_complete__pair_N6_ego_attention__seed7,dgn_qmix,coord_grid,7,80,2025,64.0,25,0.9839766666666667,0.4469862835747855,3.3276356628962924,11.249326199991629
dgn_complete__pair_N6_ego_attention__seed7,dgn_qmix,coord_grid,7,81,2050,44.0,25,0.98377875,0.3986484458049138,3.1800400416056314,11.363508999987971
dgn_complete__pair_N6_ego_attention__seed7,dgn_qmix,coord_grid,7,82,2075,49.5,25,0.9835808333333333,0.32741499195496243,3.0132551789283752,11.467985199997202
dgn_complete__pair_N6_ego_attention__seed7,dgn_qmix,coord_grid,7,83,2100,41.5,25,0.9833829166666667,0.3780559202035268,2.386738916238149,11.664882100012619
dgn_complete__pair_N6_ego_attention__seed7,dgn_qmix,coord_grid,7,84,2125,41.5,25,0.983185,0.392999529838562,3.970472591263907,11.85492069995962
dgn_complete__pair_N6_ego_attention__seed7,dgn_qmix,coord_grid,7,85,2150,58.0,25,0.9829870833333333,0.39725694557030994,3.677794615427653,12.008641199965496
dgn_complete__pair_N6_ego_attention__seed7,dgn_qmix,coord_grid,7,86,2175,59.0,25,0.9827891666666667,0.5870234568913778,2.271891156832377,12.131001800007652
dgn_complete__pair_N6_ego_attention__seed7,dgn_qmix,coord_grid,7,87,2200,56.5,25,0.98259125,0.45665745437145233,3.904427250226339,12.21144230000209
dgn_complete__pair_N6_ego_attention__seed7,dgn_qmix,coord_grid,7,88,2225,50.0,25,0.9823933333333333,0.5006287353379386,3.7467643363135203,12.335413199965842
dgn_complete__pair_N6_ego_attention__seed7,dgn_qmix,coord_grid,7,89,2250,44.5,25,0.9821954166666667,0.37910201648871106,3.4398428201675415,12.484488099988084
dgn_complete__pair_N6_ego_attention__seed7,dgn_qmix,coord_grid,7,90,2275,54.0,25,0.9819975,0.4433599313100179,3.1844176848729453,12.649455400009174
dgn_complete__pair_N6_ego_attention__seed7,dgn_qmix,coord_grid,7,91,2300,69.5,25,0.9817995833333333,0.525976300239563,3.3085485100746155,12.771093699964695
dgn_complete__pair_N6_ego_attention__seed7,dgn_qmix,coord_grid,7,92,2325,44.5,25,0.9816016666666667,0.3969011391912188,3.1577246700014387,12.891287999984343
dgn_complete__pair_N6_ego_attention__seed7,dgn_qmix,coord_grid,7,93,2350,47.5,25,0.98140375,0.4798211256663005,3.990404407183329,13.052205199957825
dgn_complete__pair_N6_ego_attention__seed7,dgn_qmix,coord_grid,7,94,2375,44.5,25,0.9812058333333333,0.4507261464993159,2.6345505118370056,13.252134799957275
dgn_complete__pair_N6_ego_attention__seed7,dgn_qmix,coord_grid,7,95,2400,41.0,25,0.9810079166666666,0.4986032247543335,4.036899447441101,13.376499800011516
dgn_complete__pair_N6_ego_attention__seed7,dgn_qmix,coord_grid,7,96,2425,61.0,25,0.98081,0.4276108124426433,3.861175434929984,13.495307600009255
dgn_complete__pair_N6_ego_attention__seed7,dgn_qmix,coord_grid,7,97,2450,44.5,25,0.9806120833333334,0.4866974502801895,3.000173330307007,13.602416699985042
dgn_complete__pair_N6_ego_attention__seed7,dgn_qmix,coord_grid,7,98,2475,49.5,25,0.9804141666666667,0.4515390495459239,2.8477070132891336,13.752817199972924
dgn_complete__pair_N6_ego_attention__seed7,dgn_qmix,coord_grid,7,99,2500,56.0,25,0.98021625,0.4367172469695409,3.6088486512502036,13.923205400002189
dgn_complete__pair_N6_ego_attention__seed7,dgn_qmix,coord_grid,7,100,2525,45.5,25,0.9800183333333333,0.5390968578202384,2.426551103591919,14.080573799961712
dgn_complete__pair_N6_ego_attention__seed7,dgn_qmix,coord_grid,7,101,2550,45.5,25,0.9798204166666666,0.537480428814888,2.842962702115377,14.232778500008862
dgn_complete__pair_N6_ego_attention__seed7,dgn_qmix,coord_grid,7,102,2575,55.0,25,0.9796225,0.4804984927177429,2.63032337029775,14.34575749997748
dgn_complete__pair_N6_ego_attention__seed7,dgn_qmix,coord_grid,7,103,2600,60.0,25,0.9794245833333334,0.34714918831984204,2.4749855597813926,14.493794799956959
dgn_complete__pair_N6_ego_attention__seed7,dgn_qmix,coord_grid,7,104,2625,39.0,25,0.9792266666666667,1.488730447632926,16.64752129146031,14.725223699992057
dgn_complete__pair_N6_ego_attention__seed7,dgn_qmix,coord_grid,7,105,2650,50.0,25,0.97902875,0.6865926186243693,13.962573806444803,14.860098299977835
dgn_complete__pair_N6_ego_attention__seed7,dgn_qmix,coord_grid,7,106,2675,44.5,25,0.9788308333333333,1.0199747482935588,16.65127921104431,14.976686000009067
dgn_complete__pair_N6_ego_attention__seed7,dgn_qmix,coord_grid,7,107,2700,52.0,25,0.9786329166666666,0.7081202914317449,8.488440036773682,15.136469899967778
dgn_complete__pair_N6_ego_attention__seed7,dgn_qmix,coord_grid,7,108,2725,37.5,25,0.9784349999999999,0.7030236635889325,6.86529050554548,15.292036600003485
dgn_complete__pair_N6_ego_attention__seed7,dgn_qmix,coord_grid,7,109,2750,49.5,25,0.9782370833333334,0.5504467089970907,7.88650103410085,15.447817199979909
dgn_complete__pair_N6_ego_attention__seed7,dgn_qmix,coord_grid,7,110,2775,41.5,25,0.9780391666666667,0.640321875611941,3.9771447579065957,15.547002899984363
dgn_complete__pair_N6_ego_attention__seed7,dgn_qmix,coord_grid,7,111,2800,40.5,25,0.97784125,0.6344324598709742,9.305183013280233,15.661423299985472
dgn_complete__pair_N6_ego_attention__seed7,dgn_qmix,coord_grid,7,112,2825,46.0,25,0.9776433333333333,0.6577700461660113,7.283968925476074,15.81229189998703
dgn_complete__pair_N6_ego_attention__seed7,dgn_qmix,coord_grid,7,113,2850,54.0,25,0.9774454166666666,0.5755407214164734,4.803999145825704,15.93806620000396
dgn_complete__pair_N6_ego_attention__seed7,dgn_qmix,coord_grid,7,114,2875,61.0,25,0.9772475,0.47626925508181256,2.5425007740656533,16.0721421999624
dgn_complete__pair_N6_ego_attention__seed7,dgn_qmix,coord_grid,7,115,2900,44.5,25,0.9770495833333334,0.604281485080719,3.8527154525121055,16.20453180000186
dgn_complete__pair_N6_ego_attention__seed7,dgn_qmix,coord_grid,7,116,2925,40.0,25,0.9768516666666667,0.6227971698556628,3.8672581059592113,16.324919599981513
dgn_complete__pair_N6_ego_attention__seed7,dgn_qmix,coord_grid,7,117,2950,54.5,25,0.97665375,0.644010454416275,4.298906326293945,16.421858599991538
dgn_complete__pair_N6_ego_attention__seed7,dgn_qmix,coord_grid,7,118,2975,42.5,25,0.9764558333333333,0.4796263153354327,3.2181552847226462,16.572120899974834
dgn_complete__pair_N6_ego_attention__seed7,dgn_qmix,coord_grid,7,119,3000,50.5,25,0.9762579166666667,0.6665966262420019,5.500729481379191,16.737851799989585
dgn_complete__pair_N6_ego_attention__seed7,dgn_qmix,coord_grid,7,120,3025,47.5,25,0.97606,0.7291289908545358,6.176781518118722,16.89413649996277
dgn_complete__pair_N6_ego_attention__seed7,dgn_qmix,coord_grid,7,121,3050,52.0,25,0.9758620833333334,0.6189288099606832,5.990145206451416,17.051396999973804
dgn_complete__pair_N6_ego_attention__seed7,dgn_qmix,coord_grid,7,122,3075,46.0,25,0.9756641666666667,0.6168919454018275,7.085320075352986,17.198177799989935
dgn_complete__pair_N6_ego_attention__seed7,dgn_qmix,coord_grid,7,123,3100,43.0,25,0.97546625,0.5837401648362478,4.638860781987508,17.326163799967617
dgn_complete__pair_N6_ego_attention__seed7,dgn_qmix,coord_grid,7,124,3125,47.5,25,0.9752683333333333,0.5828048757144383,3.6005737440926686,17.449747300008312
dgn_complete__pair_N6_ego_attention__seed7,dgn_qmix,coord_grid,7,125,3150,47.0,25,0.9750704166666667,0.5072525342305502,3.573904037475586,17.572812900005374
dgn_complete__pair_N6_ego_attention__seed7,dgn_qmix,coord_grid,7,126,3175,47.5,25,0.9748725,0.5942451655864716,7.47209107875824,17.691118699964136
dgn_complete__pair_N6_ego_attention__seed7,dgn_qmix,coord_grid,7,127,3200,53.5,25,0.9746745833333333,0.5681409935156504,5.152247508366902,17.821323599957395
dgn_complete__pair_N6_ego_attention__seed7,dgn_qmix,coord_grid,7,128,3225,45.5,25,0.9744766666666667,0.7718320999826703,4.0418049948556085,17.93998530000681
dgn_complete__pair_N6_ego_attention__seed7,dgn_qmix,coord_grid,7,129,3250,60.5,25,0.97427875,0.6160626411437988,4.8629311720530195,18.051062499987893
dgn_complete__pair_N6_ego_attention__seed7,dgn_qmix,coord_grid,7,130,3275,48.0,25,0.9740808333333333,0.5575440675020218,5.102645357449849,18.2003868999891
dgn_complete__pair_N6_ego_attention__seed7,dgn_qmix,coord_grid,7,131,3300,57.0,25,0.9738829166666667,0.5648306285341581,2.77717254559199,18.3269733999623
dgn_complete__pair_N6_ego_attention__seed7,dgn_qmix,coord_grid,7,132,3325,53.5,25,0.973685,0.7680085641997201,3.1751794133867537,18.461452699964866
dgn_complete__pair_N6_ego_attention__seed7,dgn_qmix,coord_grid,7,133,3350,52.5,25,0.9734870833333333,0.5170448372761408,4.48317015171051,18.58494829997653
dgn_complete__pair_N6_ego_attention__seed7,dgn_qmix,coord_grid,7,134,3375,46.5,25,0.9732891666666666,0.5403560598691305,4.140489260355632,18.71459499996854
dgn_complete__pair_N6_ego_attention__seed7,dgn_qmix,coord_grid,7,135,3400,48.5,25,0.97309125,0.5473615179459254,4.067869106928508,18.86110139999073
dgn_complete__pair_N6_ego_attention__seed7,dgn_qmix,coord_grid,7,136,3425,54.5,25,0.9728933333333334,1.3654770510537284,17.62425572531564,18.995010699960403
dgn_complete__pair_N6_ego_attention__seed7,dgn_qmix,coord_grid,7,137,3450,47.0,25,0.9726954166666667,0.9182232518990835,13.706724802652994,19.114968899986707
dgn_complete__pair_N6_ego_attention__seed7,dgn_qmix,coord_grid,7,138,3475,48.5,25,0.9724975,0.6383297046025594,8.038690408070883,19.213748699985445
dgn_complete__pair_N6_ego_attention__seed7,dgn_qmix,coord_grid,7,139,3500,51.5,25,0.9722995833333333,0.6268640607595444,6.754164417584737,19.36412260000361
dgn_complete__pair_N6_ego_attention__seed7,dgn_qmix,coord_grid,7,140,3525,48.0,25,0.9721016666666666,0.7768514326640538,3.167759725025722,19.485719199990854
dgn_complete__pair_N6_ego_attention__seed7,dgn_qmix,coord_grid,7,141,3550,44.5,25,0.97190375,0.6316942969957987,6.314622402191162,19.615579499979503
dgn_complete__pair_N6_ego_attention__seed7,dgn_qmix,coord_grid,7,142,3575,50.5,25,0.9717058333333334,0.7758653710285822,8.430117925008139,19.711349799996242
dgn_complete__pair_N6_ego_attention__seed7,dgn_qmix,coord_grid,7,143,3600,51.0,25,0.9715079166666667,0.6761823892593384,8.34090260664622,19.840830700006336
dgn_complete__pair_N6_ego_attention__seed7,dgn_qmix,coord_grid,7,144,3625,60.5,25,0.97131,0.8615350212369647,4.61050271987915,19.993119499995373
dgn_complete__pair_N6_ego_attention__seed7,dgn_qmix,coord_grid,7,145,3650,51.0,25,0.9711120833333333,0.495984710752964,3.4839612245559692,20.1488780999789
dgn_complete__pair_N6_ego_attention__seed7,dgn_qmix,coord_grid,7,146,3675,48.5,25,0.9709141666666666,0.6672259469827017,4.89399250348409,20.30043389997445
dgn_complete__pair_N6_ego_attention__seed7,dgn_qmix,coord_grid,7,147,3700,60.0,25,0.97071625,0.6278413037459055,4.993547757466634,20.435570399975404
dgn_complete__pair_N6_ego_attention__seed7,dgn_qmix,coord_grid,7,148,3725,40.0,25,0.9705183333333334,0.6166845687798092,5.573012386049543,20.579133599996567
dgn_complete__pair_N6_ego_attention__seed7,dgn_qmix,coord_grid,7,149,3750,57.0,25,0.9703204166666667,0.6375657220681509,5.352180560429891,20.698976899962872
dgn_complete__pair_N6_ego_attention__seed7,dgn_qmix,coord_grid,7,150,3775,53.0,25,0.9701225,0.7142278552055359,4.600643595059712,20.809524399985094
dgn_complete__pair_N6_ego_attention__seed7,dgn_qmix,coord_grid,7,151,3800,56.0,25,0.9699245833333333,0.6502798249324163,5.506630976994832,20.91491859999951
dgn_complete__pair_N6_ego_attention__seed7,dgn_qmix,coord_grid,7,152,3825,60.0,25,0.9697266666666666,0.6054885940892356,6.756466831479754,21.044697400007863
dgn_complete__pair_N6_ego_attention__seed7,dgn_qmix,coord_grid,7,153,3850,52.0,25,0.96952875,0.6775817076365153,7.664212266604106,21.176547899958678
dgn_complete__pair_N6_ego_attention__seed7,dgn_qmix,coord_grid,7,154,3875,47.0,25,0.9693308333333334,0.644459197918574,7.931543628374736,21.281510300002992
dgn_complete__pair_N6_ego_attention__seed7,dgn_qmix,coord_grid,7,155,3900,51.0,25,0.9691329166666667,0.8020608872175217,5.214202364285787,21.40505750000011
dgn_complete__pair_N6_ego_attention__seed7,dgn_qmix,coord_grid,7,156,3925,48.0,25,0.968935,0.7163473197392055,3.9875829901014055,21.530858299985994
dgn_complete__pair_N6_ego_attention__seed7,dgn_qmix,coord_grid,7,157,3950,57.0,25,0.9687370833333333,0.5290942241748174,4.436716238657634,21.646582999965176
dgn_complete__pair_N6_ego_attention__seed7,dgn_qmix,coord_grid,7,158,3975,49.0,25,0.9685391666666666,0.6246074338754019,4.946885625521342,21.749128099996597
dgn_complete__pair_N6_ego_attention__seed7,dgn_qmix,coord_grid,7,159,4000,39.5,25,0.96834125,0.6940529594818751,5.870540877183278,21.864842999959365
dgn_complete__pair_N6_ego_attention__seed7,dgn_qmix,coord_grid,7,160,4025,54.0,25,0.9681433333333334,0.5400982413973127,3.280273199081421,21.975296399963554
dgn_complete__pair_N6_ego_attention__seed7,dgn_qmix,coord_grid,7,161,4050,41.0,25,0.9679454166666667,0.6108359098434448,3.5577738285064697,22.118932000012137
dgn_complete__pair_N6_ego_attention__seed7,dgn_qmix,coord_grid,7,162,4075,49.5,25,0.9677475,0.8142849653959274,2.836742560068766,22.303272999997716
dgn_complete__pair_N6_ego_attention__seed7,dgn_qmix,coord_grid,7,163,4100,64.0,25,0.9675495833333333,0.4208330859740575,4.119946479797363,22.442609099962283
dgn_complete__pair_N6_ego_attention__seed7,dgn_qmix,coord_grid,7,164,4125,46.5,25,0.9673516666666667,0.4550765071596418,4.67236294065203,22.604581999999937
dgn_complete__pair_N6_ego_attention__seed7,dgn_qmix,coord_grid,7,165,4150,53.5,25,0.96715375,0.515490397810936,4.434082905451457,22.71869519999018
dgn_complete__pair_N6_ego_attention__seed7,dgn_qmix,coord_grid,7,166,4175,51.0,25,0.9669558333333333,0.6420152386029562,3.3020732005437217,22.829773799981922
dgn_complete__pair_N6_ego_attention__seed7,dgn_qmix,coord_grid,7,167,4200,47.5,25,0.9667579166666667,0.42075913151105243,4.156164487202962,22.954562700004317
dgn_complete__pair_N6_ego_attention__seed7,dgn_qmix,coord_grid,7,168,4225,58.0,25,0.96656,1.4063139728137426,18.911903040749685,23.109514899959322
dgn_complete__pair_N6_ego_attention__seed7,dgn_qmix,coord_grid,7,169,4250,48.5,25,0.9663620833333333,1.0293068091074626,19.122868537902832,23.269433700013906
dgn_complete__pair_N6_ego_attention__seed7,dgn_qmix,coord_grid,7,170,4275,54.0,25,0.9661641666666667,0.8116635680198669,7.852209170659383,23.434270199970342
dgn_complete__pair_N6_ego_attention__seed7,dgn_qmix,coord_grid,7,171,4300,48.5,25,0.96596625,0.6882308075825373,7.156303763389587,23.600260699982755
dgn_complete__pair_N6_ego_attention__seed7,dgn_qmix,coord_grid,7,172,4325,47.5,25,0.9657683333333333,0.6025528567177909,6.4218012264796664,23.6868761999649
dgn_complete__pair_N6_ego_attention__seed7,dgn_qmix,coord_grid,7,173,4350,46.0,25,0.9655704166666667,0.5461836357911428,5.325585087140401,23.81751650001388
dgn_complete__pair_N6_ego_attention__seed7,dgn_qmix,coord_grid,7,174,4375,51.0,25,0.9653725,0.8272718985875448,5.143579979737599,23.961684999987483
dgn_complete__pair_N6_ego_attention__seed7,dgn_qmix,coord_grid,7,175,4400,43.0,25,0.9651745833333334,0.8703694691260656,7.949703534444173,24.151700799993705
dgn_complete__pair_N6_ego_attention__seed7,dgn_qmix,coord_grid,7,176,4425,40.0,25,0.9649766666666667,0.8834478599684579,5.145575114658901,24.306427899980918
dgn_complete__pair_N6_ego_attention__seed7,dgn_qmix,coord_grid,7,177,4450,45.0,25,0.96477875,0.5614201923211416,9.889100313186646,24.410284799989313
dgn_complete__pair_N6_ego_attention__seed7,dgn_qmix,coord_grid,7,178,4475,53.0,25,0.9645808333333333,0.6091323047876358,9.810969392458597,24.57811209995998
dgn_complete__pair_N6_ego_attention__seed7,dgn_qmix,coord_grid,7,179,4500,39.0,25,0.9643829166666666,0.8322455982367197,4.468189398447673,24.739938299986534
dgn_complete__pair_N6_ego_attention__seed7,dgn_qmix,coord_grid,7,180,4525,51.0,25,0.964185,0.45045850958142963,8.20146029336112,24.863947900012136
dgn_complete__pair_N6_ego_attention__seed7,dgn_qmix,coord_grid,7,181,4550,49.0,25,0.9639870833333334,0.7093035777409872,7.116669376691182,24.98843649995979
dgn_complete__pair_N6_ego_attention__seed7,dgn_qmix,coord_grid,7,182,4575,55.0,25,0.9637891666666667,0.6752359469731649,4.8022258679072065,25.07837629999267
dgn_complete__pair_N6_ego_attention__seed7,dgn_qmix,coord_grid,7,183,4600,56.0,25,0.96359125,0.5727652981877327,3.8980069160461426,25.21842029999243
dgn_complete__pair_N6_ego_attention__seed7,dgn_qmix,coord_grid,7,184,4625,47.0,25,0.9633933333333333,0.8075523929936546,7.116000992911203,25.36204330000328
dgn_complete__pair_N6_ego_attention__seed7,dgn_qmix,coord_grid,7,185,4650,53.5,25,0.9631954166666666,0.8607266346613566,7.68078088760376,25.47584079997614
dgn_complete__pair_N6_ego_attention__seed7,dgn_qmix,coord_grid,7,186,4675,51.5,25,0.9629975,0.7297589480876923,5.230792204538981,25.595415999996476
dgn_complete__pair_N6_ego_attention__seed7,dgn_qmix,coord_grid,7,187,4700,63.0,25,0.9627995833333334,0.9116927186648051,4.188104073206584,25.724744500010274
dgn_complete__pair_N6_ego_attention__seed7,dgn_qmix,coord_grid,7,188,4725,46.0,25,0.9626016666666667,0.861912373985563,6.487183025905064,25.88445720000891
dgn_complete__pair_N6_ego_attention__seed7,dgn_qmix,coord_grid,7,189,4750,56.5,25,0.96240375,0.5821037242809931,3.692039211591085,26.022438499960117
dgn_complete__pair_N6_ego_attention__seed7,dgn_qmix,coord_grid,7,190,4775,45.0,25,0.9622058333333333,0.8188287913799286,4.600938598314921,26.14839909999864
dgn_complete__pair_N6_ego_attention__seed7,dgn_qmix,coord_grid,7,191,4800,51.5,25,0.9620079166666666,0.8136591215928396,4.572635134061177,26.34189250000054
dgn_complete__pair_N6_ego_attention__seed7,dgn_qmix,coord_grid,7,192,4825,47.0,25,0.96181,0.6613477127892631,4.553589037486485,26.542412500013597
dgn_complete__pair_N6_ego_attention__seed7,dgn_qmix,coord_grid,7,193,4850,47.0,25,0.9616120833333334,0.9006518125534058,3.7698237101236978,26.70409849996213
dgn_complete__pair_N6_ego_attention__seed7,dgn_qmix,coord_grid,7,194,4875,37.0,25,0.9614141666666667,0.7353245516618093,4.629603266716003,26.899660900002345
dgn_complete__pair_N6_ego_attention__seed7,dgn_qmix,coord_grid,7,195,4900,51.0,25,0.96121625,0.8459025820096334,4.909054517745972,27.021170599968173
dgn_complete__pair_N6_ego_attention__seed7,dgn_qmix,coord_grid,7,196,4925,46.5,25,0.9610183333333333,0.8290121129580906,7.330347640173776,27.13292130001355
dgn_complete__pair_N6_ego_attention__seed7,dgn_qmix,coord_grid,7,197,4950,54.0,25,0.9608204166666666,0.6014259656270345,7.906150619188945,27.255369199963752
dgn_complete__pair_N6_ego_attention__seed7,dgn_qmix,coord_grid,7,198,4975,42.5,25,0.9606225,0.5664965212345123,5.188479065895081,27.371109700005036
dgn_complete__pair_N6_ego_attention__seed7,dgn_qmix,coord_grid,7,199,5000,47.0,25,0.9604245833333334,0.6568468064069748,8.441033403078714,27.48885749996407
dgn_complete__pair_N6_ego_attention__seed7,dgn_qmix,coord_grid,7,200,5025,54.0,25,0.9602266666666667,2.0459341491971696,25.57532855442592,27.624126699985936
dgn_complete__pair_N6_ego_attention__seed7,dgn_qmix,coord_grid,7,201,5050,49.0,25,0.96002875,0.8402967353661855,13.109636584917704,27.733635000011418
dgn_complete__pair_N6_ego_attention__seed7,dgn_qmix,coord_grid,7,202,5075,53.0,25,0.9598308333333333,0.8393594721953074,13.88054895401001,27.838334499974735
dgn_complete__pair_N6_ego_attention__seed7,dgn_qmix,coord_grid,7,203,5100,51.0,25,0.9596329166666666,0.6283405323823293,7.462440570195516,27.983266600000206
dgn_complete__pair_N6_ego_attention__seed7,dgn_qmix,coord_grid,7,204,5125,44.5,25,0.959435,0.811069803578513,6.105379445212228,28.131314700003713
dgn_complete__pair_N6_ego_attention__seed7,dgn_qmix,coord_grid,7,205,5150,50.0,25,0.9592370833333334,0.9153020530939102,7.32221261660258,28.284726999991108
dgn_complete__pair_N6_ego_attention__seed7,dgn_qmix,coord_grid,7,206,5175,60.0,25,0.9590391666666667,0.8701548874378204,5.717665910720825,28.40750279999338
dgn_complete__pair_N6_ego_attention__seed7,dgn_qmix,coord_grid,7,207,5200,44.5,25,0.95884125,0.9524489690860113,3.5570961634318032,28.511040000012144
dgn_complete__pair_N6_ego_attention__seed7,dgn_qmix,coord_grid,7,208,5225,39.0,25,0.9586433333333333,0.9223843812942505,5.947260209492275,28.602405499957968
dgn_complete__pair_N6_ego_attention__seed7,dgn_qmix,coord_grid,7,209,5250,49.0,25,0.9584454166666667,0.9606100718180338,5.40005620320638,28.70773039996857
dgn_complete__pair_N6_ego_attention__seed7,dgn_qmix,coord_grid,7,210,5275,49.5,25,0.9582475,0.7178946634133657,7.865405440330505,28.85167060000822
dgn_complete__pair_N6_ego_attention__seed7,dgn_qmix,coord_grid,7,211,5300,53.5,25,0.9580495833333333,0.8462757219870886,9.465356548627218,29.000484799966216
dgn_complete__pair_N6_ego_attention__seed7,dgn_qmix,coord_grid,7,212,5325,57.5,25,0.9578516666666667,0.5919652581214905,6.578580481665475,29.156119399995077
dgn_complete__pair_N6_ego_attention__seed7,dgn_qmix,coord_grid,7,213,5350,54.0,25,0.95765375,0.9364067067702612,11.208093563715616,29.30404759995872
dgn_complete__pair_N6_ego_attention__seed7,dgn_qmix,coord_grid,7,214,5375,49.0,25,0.9574558333333333,0.6863404462734858,10.814666350682577,29.456442900002003
dgn_complete__pair_N6_ego_attention__seed7,dgn_qmix,coord_grid,7,215,5400,49.0,25,0.9572579166666667,0.9998220403989156,11.352751970291138,29.57755059999181
dgn_complete__pair_N6_ego_attention__seed7,dgn_qmix,coord_grid,7,216,5425,47.5,25,0.95706,0.9710210178579602,11.184489863259452,29.68277760001365
dgn_complete__pair_N6_ego_attention__seed7,dgn_qmix,coord_grid,7,217,5450,35.5,25,0.9568620833333333,0.7330546031395594,8.960965236028036,29.76905020000413
dgn_complete__pair_N6_ego_attention__seed7,dgn_qmix,coord_grid,7,218,5475,46.5,25,0.9566641666666666,0.8946182280778885,5.0682053565979,29.857660299981944
dgn_complete__pair_N6_ego_attention__seed7,dgn_qmix,coord_grid,7,219,5500,58.0,25,0.95646625,1.0634378890196483,4.239870031674703,29.996616399963386
dgn_complete__pair_N6_ego_attention__seed7,dgn_qmix,coord_grid,7,220,5525,45.5,25,0.9562683333333333,0.9243183902331761,6.832971130098615,30.109660199959762
dgn_complete__pair_N6_ego_attention__seed7,dgn_qmix,coord_grid,7,221,5550,45.0,25,0.9560704166666667,0.8148754040400187,7.617658456166585,30.216466000012588
dgn_complete__pair_N6_ego_attention__seed7,dgn_qmix,coord_grid,7,222,5575,39.0,25,0.9558725,0.9356430470943451,8.912956277529398,30.35748889995739
dgn_complete__pair_N6_ego_attention__seed7,dgn_qmix,coord_grid,7,223,5600,45.5,25,0.9556745833333333,0.9396698872248331,7.271040399869283,30.45297489996301
dgn_complete__pair_N6_ego_attention__seed7,dgn_qmix,coord_grid,7,224,5625,38.0,25,0.9554766666666666,0.5568046058927264,7.0219550132751465,30.624883599986788
dgn_complete__pair_N6_ego_attention__seed7,dgn_qmix,coord_grid,7,225,5650,50.5,25,0.95527875,0.7834463268518448,7.770009954770406,30.778240599960554
dgn_complete__pair_N6_ego_attention__seed7,dgn_qmix,coord_grid,7,226,5675,52.5,25,0.9550808333333334,0.6296362578868866,10.28113579750061,30.892839399981312
dgn_complete__pair_N6_ego_attention__seed7,dgn_qmix,coord_grid,7,227,5700,48.5,25,0.9548829166666667,0.8081702291965485,5.888667265574138,30.996032399998512
dgn_complete__pair_N6_ego_attention__seed7,dgn_qmix,coord_grid,7,228,5725,47.5,25,0.954685,0.633677967957088,7.308224950517927,31.109995100006927
dgn_complete__pair_N6_ego_attention__seed7,dgn_qmix,coord_grid,7,229,5750,51.0,25,0.9544870833333333,0.814525286356608,8.313450495402018,31.248600199993234
dgn_complete__pair_N6_ego_attention__seed7,dgn_qmix,coord_grid,7,230,5775,51.5,25,0.9542891666666666,0.5135226448376974,6.318759838740031,31.404573799984064
dgn_complete__pair_N6_ego_attention__seed7,dgn_qmix,coord_grid,7,231,5800,49.5,25,0.9540912500000001,0.5120413824915886,7.608870506286621,31.604222399997525
dgn_complete__pair_N6_ego_attention__seed7,dgn_qmix,coord_grid,7,232,5825,49.0,25,0.9538933333333334,2.039193715367998,29.109940120152064,31.777090899995528
dgn_complete__pair_N6_ego_attention__seed7,dgn_qmix,coord_grid,7,233,5850,50.0,25,0.9536954166666667,0.8229874720176061,20.64407714207967,31.929533599992283
dgn_complete__pair_N6_ego_attention__seed7,dgn_qmix,coord_grid,7,234,5875,53.5,25,0.9534975,1.2476466695467632,28.53852303822835,32.123472500010394
dgn_complete__pair_N6_ego_attention__seed7,dgn_qmix,coord_grid,7,235,5900,53.0,25,0.9532995833333333,0.8993656486272812,12.954601446787516,32.23476089996984
dgn_complete__pair_N6_ego_attention__seed7,dgn_qmix,coord_grid,7,236,5925,56.5,25,0.9531016666666666,0.9392346058573041,11.44091612952096,32.41536789998645
dgn_complete__pair_N6_ego_attention__seed7,dgn_qmix,coord_grid,7,237,5950,53.0,25,0.95290375,0.5510629812876383,9.606114586194357,32.52764980000211
dgn_complete__pair_N6_ego_attention__seed7,dgn_qmix,coord_grid,7,238,5975,35.0,25,0.9527058333333334,1.004502107699712,4.482119679450989,32.67488669999875
dgn_complete__pair_N6_ego_attention__seed7,dgn_qmix,coord_grid,7,239,6000,57.0,25,0.9525079166666667,0.6138678242762884,5.401639938354492,32.783921399968676
dgn_complete__pair_N6_ego_attention__seed7,dgn_qmix,coord_grid,7,240,6025,48.5,25,0.95231,1.0709290078708105,8.130217756543841,32.891130700008944
dgn_complete__pair_N6_ego_attention__seed7,dgn_qmix,coord_grid,7,241,6050,42.5,25,0.9521120833333333,1.1075488924980164,6.6162764231363935,33.02121390000684
dgn_complete__pair_N6_ego_attention__seed7,dgn_qmix,coord_grid,7,242,6075,47.5,25,0.9519141666666666,0.5560014049212137,4.896537899971008,33.14871979999589
dgn_complete__pair_N6_ego_attention__seed7,dgn_qmix,coord_grid,7,243,6100,44.0,25,0.95171625,0.9364599784215292,5.230198224385579,33.31132489995798
dgn_complete__pair_N6_ego_attention__seed7,dgn_qmix,coord_grid,7,244,6125,46.0,25,0.9515183333333334,1.1128315414701189,5.287090880530221,33.46947690000525
dgn_complete__pair_N6_ego_attention__seed7,dgn_qmix,coord_grid,7,245,6150,56.5,25,0.9513204166666667,0.7325645287831625,6.357118884722392,33.59473670000443
dgn_complete__pair_N6_ego_attention__seed7,dgn_qmix,coord_grid,7,246,6175,57.0,25,0.9511225,0.7466397682825724,4.3905781507492065,33.70725489995675
dgn_complete__pair_N6_ego_attention__seed7,dgn_qmix,coord_grid,7,247,6200,45.5,25,0.9509245833333333,0.9479196717341741,5.386289397875468,33.83046580001246
dgn_complete__pair_N6_ego_attention__seed7,dgn_qmix,coord_grid,7,248,6225,46.5,25,0.9507266666666667,1.0532226009028298,7.259630135127476,34.00647929997649
dgn_complete__pair_N6_ego_attention__seed7,dgn_qmix,coord_grid,7,249,6250,55.5,25,0.95052875,0.7979001899560293,9.739397009213766,34.163096499978565
dgn_complete__pair_N6_ego_attention__seed7,dgn_qmix,coord_grid,7,250,6275,55.5,25,0.9503308333333333,0.8212785025437673,6.941976030667623,34.32066649995977
dgn_complete__pair_N6_ego_attention__seed7,dgn_qmix,coord_grid,7,251,6300,34.0,25,0.9501329166666667,0.46148428817590076,8.41801150639852,34.474684299959335
dgn_complete__pair_N6_ego_attention__seed7,dgn_qmix,coord_grid,7,252,6325,54.5,25,0.949935,0.9373840093612671,8.770473173686437,34.60401609999826
dgn_complete__pair_N6_ego_attention__seed7,dgn_qmix,coord_grid,7,253,6350,58.5,25,0.9497370833333333,0.8887141446272532,10.378878275553385,34.78500269999495
dgn_complete__pair_N6_ego_attention__seed7,dgn_qmix,coord_grid,7,254,6375,50.0,25,0.9495391666666667,0.7368961771329244,9.016165415445963,34.95263319998048
dgn_complete__pair_N6_ego_attention__seed7,dgn_qmix,coord_grid,7,255,6400,44.5,25,0.94934125,0.9828499853610992,7.526148160298665,35.05407259997446
dgn_complete__pair_N6_ego_attention__seed7,dgn_qmix,coord_grid,7,256,6425,59.0,25,0.9491433333333333,1.1765326304095132,5.856629882540021,35.182375799980946
dgn_complete__pair_N6_ego_attention__seed7,dgn_qmix,coord_grid,7,257,6450,45.0,25,0.9489454166666667,0.5995682428280512,4.538064082463582,35.28376199997729
dgn_complete__pair_N6_ego_attention__seed7,dgn_qmix,coord_grid,7,258,6475,51.0,25,0.9487475,1.1375289559364319,4.910988847414653,35.43882239999948
dgn_complete__pair_N6_ego_attention__seed7,dgn_qmix,coord_grid,7,259,6500,37.0,25,0.9485495833333333,0.5870974361896515,4.727148373921712,35.5235163999605
dgn_complete__pair_N6_ego_attention__seed7,dgn_qmix,coord_grid,7,260,6525,44.5,25,0.9483516666666667,0.9364023208618164,6.042138576507568,35.64400769997155
dgn_complete__pair_N6_ego_attention__seed7,dgn_qmix,coord_grid,7,261,6550,42.5,25,0.94815375,0.9404205034176508,5.927662452061971,35.74480370001402
dgn_complete__pair_N6_ego_attention__seed7,dgn_qmix,coord_grid,7,262,6575,46.0,25,0.9479558333333333,0.6952404255668322,5.285883625348409,35.853435299999546
dgn_complete__pair_N6_ego_attention__seed7,dgn_qmix,coord_grid,7,263,6600,46.5,25,0.9477579166666666,0.67437111834685,6.785255988438924,36.00237709999783
dgn_complete__pair_N6_ego_attention__seed7,dgn_qmix,coord_grid,7,264,6625,50.0,25,0.94756,2.3718924011502946,31.229893275669642,36.15440679999301
dgn_complete__pair_N6_ego_attention__seed7,dgn_qmix,coord_grid,7,265,6650,50.0,25,0.9473620833333334,1.3954455057779949,17.730249921480816,36.30086979997577
dgn_complete__pair_N6_ego_attention__seed7,dgn_qmix,coord_grid,7,266,6675,55.0,25,0.9471641666666667,1.0702604005734127,21.009213487307232,36.44320039998274
dgn_complete__pair_N6_ego_attention__seed7,dgn_qmix,coord_grid,7,267,6700,45.5,25,0.94696625,1.036963204542796,11.678264061609903,36.613216599973384
dgn_complete__pair_N6_ego_attention__seed7,dgn_qmix,coord_grid,7,268,6725,47.0,25,0.9467683333333333,0.9186716207436153,10.958132914134435,36.7512987999944
dgn_complete__pair_N6_ego_attention__seed7,dgn_qmix,coord_grid,7,269,6750,47.0,25,0.9465704166666666,0.8674159795045853,8.060242891311646,36.88717559998622
dgn_complete__pair_N6_ego_attention__seed7,dgn_qmix,coord_grid,7,270,6775,51.0,25,0.9463725000000001,0.6350243091583252,7.0081608692804975,36.991323700000066
dgn_complete__pair_N6_ego_attention__seed7,dgn_qmix,coord_grid,7,271,6800,54.0,25,0.9461745833333334,0.7519645243883133,5.304507215817769,37.125422100012656
dgn_complete__pair_N6_ego_attention__seed7,dgn_qmix,coord_grid,7,272,6825,44.5,25,0.9459766666666667,0.8891137072018215,7.601753677640643,37.26213950000238
dgn_complete__pair_N6_ego_attention__seed7,dgn_qmix,coord_grid,7,273,6850,55.5,25,0.94577875,1.0999249418576558,8.047121127446493,37.38595699996222
dgn_complete__pair_N6_ego_attention__seed7,dgn_qmix,coord_grid,7,274,6875,47.5,25,0.9455808333333333,0.9887118091185888,8.463037252426147,37.51716909999959
dgn_complete__pair_N6_ego_attention__seed7,dgn_qmix,coord_grid,7,275,6900,55.5,25,0.9453829166666666,0.7537440558274587,9.554223736127218,37.63388059998397
dgn_complete__pair_N6_ego_attention__seed7,dgn_qmix,coord_grid,7,276,6925,58.0,25,0.945185,0.786230913230351,7.298924275806972,37.78354219999164
dgn_complete__pair_N6_ego_attention__seed7,dgn_qmix,coord_grid,7,277,6950,44.0,25,0.9449870833333334,0.7364394416411718,8.995264450709024,37.930186399957165
dgn_complete__pair_N6_ego_attention__seed7,dgn_qmix,coord_grid,7,278,6975,46.0,25,0.9447891666666667,0.7594117720921835,8.988998810450235,38.16425029997481
dgn_complete__pair_N6_ego_attention__seed7,dgn_qmix,coord_grid,7,279,7000,55.0,25,0.94459125,0.8421972592671713,6.148971597353618,38.26930569997057
dgn_complete__pair_N6_ego_attention__seed7,dgn_qmix,coord_grid,7,280,7025,57.0,25,0.9443933333333333,0.6636255255767277,6.2433439663478305,38.42323600000236
dgn_complete__pair_N6_ego_attention__seed7,dgn_qmix,coord_grid,7,281,7050,58.0,25,0.9441954166666666,0.5990418692429861,5.916195750236511,38.56005719996756
dgn_complete__pair_N6_ego_attention__seed7,dgn_qmix,coord_grid,7,282,7075,43.5,25,0.9439975,0.6469262888034185,4.823669036229451,38.75322379998397
dgn_complete__pair_N6_ego_attention__seed7,dgn_qmix,coord_grid,7,283,7100,56.0,25,0.9437995833333334,0.7236474553743998,4.79404091835022,38.896636399964336
dgn_complete__pair_N6_ego_attention__seed7,dgn_qmix,coord_grid,7,284,7125,46.0,25,0.9436016666666667,1.0626250888620103,5.652138267244611,39.09201259998372
dgn_complete__pair_N6_ego_attention__seed7,dgn_qmix,coord_grid,7,285,7150,46.0,25,0.94340375,1.0338188062111537,9.216677904129028,39.24038579995977
dgn_complete__pair_N6_ego_attention__seed7,dgn_qmix,coord_grid,7,286,7175,35.5,25,0.9432058333333333,0.9726403007904688,10.383377393086752,39.35328059998574
dgn_complete__pair_N6_ego_attention__seed7,dgn_qmix,coord_grid,7,287,7200,55.5,25,0.9430079166666667,1.0593024988969166,8.823331276575724,39.49632539995946
dgn_complete__pair_N6_ego_attention__seed7,dgn_qmix,coord_grid,7,288,7225,49.0,25,0.94281,1.1075103197778975,7.562551668712071,39.673261799965985
dgn_complete__pair_N6_ego_attention__seed7,dgn_qmix,coord_grid,7,289,7250,61.0,25,0.9426120833333334,0.865959495306015,5.558426221211751,39.81675810000161
dgn_complete__pair_N6_ego_attention__seed7,dgn_qmix,coord_grid,7,290,7275,59.5,25,0.9424141666666667,0.9229258149862289,6.999127904574077,39.9632932000095
dgn_complete__pair_N6_ego_attention__seed7,dgn_qmix,coord_grid,7,291,7300,50.5,25,0.94221625,0.8815053701400757,8.046551863352457,40.089790800004266
dgn_complete__pair_N6_ego_attention__seed7,dgn_qmix,coord_grid,7,292,7325,47.5,25,0.9420183333333333,1.188100712639945,7.247076307024274,40.253472200012766
dgn_complete__pair_N6_ego_attention__seed7,dgn_qmix,coord_grid,7,293,7350,56.5,25,0.9418204166666667,0.8777742087841034,10.35881511370341,40.38462209998397
dgn_complete__pair_N6_ego_attention__seed7,dgn_qmix,coord_grid,7,294,7375,46.5,25,0.9416225,0.6865774144728979,8.410929242769877,40.51693849998992
dgn_complete__pair_N6_ego_attention__seed7,dgn_qmix,coord_grid,7,295,7400,47.0,25,0.9414245833333333,0.9833398262659708,5.667171001434326,40.64059639995685
dgn_complete__pair_N6_ego_attention__seed7,dgn_qmix,coord_grid,7,296,7425,54.5,25,0.9412266666666667,2.6729973384312222,30.905062539236887,40.780313799972646
dgn_complete__pair_N6_ego_attention__seed7,dgn_qmix,coord_grid,7,297,7450,62.0,25,0.94102875,1.3928095897038777,20.945338249206543,40.93704729998717
dgn_complete__pair_N6_ego_attention__seed7,dgn_qmix,coord_grid,7,298,7475,52.0,25,0.9408308333333333,1.5673459271589916,34.20087560017904,41.099875399959274
dgn_complete__pair_N6_ego_attention__seed7,dgn_qmix,coord_grid,7,299,7500,36.5,25,0.9406329166666667,1.1185366014639537,18.513875643412273,41.234800199978054
dgn_complete__pair_N6_ego_attention__seed7,dgn_qmix,coord_grid,7,300,7525,44.5,25,0.940435,1.1178133359977178,13.60673986162458,41.40591689996654
dgn_complete__pair_N6_ego_attention__seed7,dgn_qmix,coord_grid,7,301,7550,44.0,25,0.9402370833333333,1.283906489610672,14.544393618901571,41.55821869999636
dgn_complete__pair_N6_ego_attention__seed7,dgn_qmix,coord_grid,7,302,7575,43.0,25,0.9400391666666666,0.9101548890272776,12.407886505126953,41.728987899958156
dgn_complete__pair_N6_ego_attention__seed7,dgn_qmix,coord_grid,7,303,7600,53.5,25,0.93984125,1.0352741132179897,16.3710196018219,41.88405379996402
dgn_complete__pair_N6_ego_attention__seed7,dgn_qmix,coord_grid,7,304,7625,54.0,25,0.9396433333333334,1.4012261969702584,16.222790786198207,42.08002629998373
dgn_complete__pair_N6_ego_attention__seed7,dgn_qmix,coord_grid,7,305,7650,52.5,25,0.9394454166666667,0.9450593739748001,10.74220609664917,42.252007199975196
dgn_complete__pair_N6_ego_attention__seed7,dgn_qmix,coord_grid,7,306,7675,56.0,25,0.9392475,1.1508359909057617,15.002102295557657,42.42411510000238
dgn_complete__pair_N6_ego_attention__seed7,dgn_qmix,coord_grid,7,307,7700,51.0,25,0.9390495833333333,0.9235092600186666,7.3147226969401045,42.55711960000917
dgn_complete__pair_N6_ego_attention__seed7,dgn_qmix,coord_grid,7,308,7725,45.0,25,0.9388516666666666,1.3863666015011924,8.152480125427246,42.692025600001216
dgn_complete__pair_N6_ego_attention__seed7,dgn_qmix,coord_grid,7,309,7750,45.5,25,0.9386537500000001,0.8772969245910645,5.044187466303508,42.83435419999296
dgn_complete__pair_N6_ego_attention__seed7,dgn_qmix,coord_grid,7,310,7775,44.0,25,0.9384558333333334,1.5144277413686116,6.403065204620361,42.980814400012605
dgn_complete__pair_N6_ego_attention__seed7,dgn_qmix,coord_grid,7,311,7800,63.5,25,0.9382579166666667,1.0092287560304005,12.330148379007975,43.13286309997784
dgn_complete__pair_N6_ego_attention__seed7,dgn_qmix,coord_grid,7,312,7825,45.0,25,0.93806,1.0356538210596358,10.494427749088832,43.254359899961855
dgn_complete__pair_N6_ego_attention__seed7,dgn_qmix,coord_grid,7,313,7850,51.5,25,0.9378620833333333,1.4142526984214783,12.097165187199911,43.35999550000997
dgn_complete__pair_N6_ego_attention__seed7,dgn_qmix,coord_grid,7,314,7875,46.5,25,0.9376641666666666,1.4046162366867065,16.71366286277771,43.501332099956926
dgn_complete__pair_N6_ego_attention__seed7,dgn_qmix,coord_grid,7,315,7900,44.0,25,0.9374662500000001,0.9922055502732595,6.700055837631226,43.6290725999861
dgn_complete__pair_N6_ego_attention__seed7,dgn_qmix,coord_grid,7,316,7925,58.0,25,0.9372683333333334,0.7830214947462082,7.197820118495396,43.8187930000131
dgn_complete__pair_N6_ego_attention__seed7,dgn_qmix,coord_grid,7,317,7950,48.0,25,0.9370704166666667,1.0402880360682805,10.956080993016561,43.94858739996562
dgn_complete__pair_N6_ego_attention__seed7,dgn_qmix,coord_grid,7,318,7975,57.0,25,0.9368725,0.8156818250815073,11.186269680658976,44.10026460001245
dgn_complete__pair_N6_ego_attention__seed7,dgn_qmix,coord_grid,7,319,8000,44.5,25,0.9366745833333333,1.1112031191587448,6.944709022839864,44.23458180000307
dgn_complete__pair_N6_ego_attention__seed7,dgn_qmix,coord_grid,7,320,8025,53.5,25,0.9364766666666666,0.8792278809206826,9.22430065699986,44.35535029997118
dgn_complete__pair_N6_ego_attention__seed7,dgn_qmix,coord_grid,7,321,8050,41.0,25,0.93627875,0.43883319199085236,9.11243470509847,44.532517199986614
dgn_complete__pair_N6_ego_attention__seed7,dgn_qmix,coord_grid,7,322,8075,45.0,25,0.9360808333333334,1.042467013001442,7.628308693567912,44.678204700001515
dgn_complete__pair_N6_ego_attention__seed7,dgn_qmix,coord_grid,7,323,8100,45.5,25,0.9358829166666667,1.2795704926053684,7.229314804077148,44.84067199996207
dgn_complete__pair_N6_ego_attention__seed7,dgn_qmix,coord_grid,7,324,8125,52.0,25,0.935685,1.2685715087822504,6.267523084368024,45.01954800001113
dgn_complete__pair_N6_ego_attention__seed7,dgn_qmix,coord_grid,7,325,8150,51.0,25,0.9354870833333333,1.2645738472541173,7.808777729670207,45.170884599967394
dgn_complete__pair_N6_ego_attention__seed7,dgn_qmix,coord_grid,7,326,8175,61.5,25,0.9352891666666666,0.803929922481378,5.654375235239665,45.28224460000638
dgn_complete__pair_N6_ego_attention__seed7,dgn_qmix,coord_grid,7,327,8200,42.0,25,0.93509125,0.8749450594186783,6.631899396578471,45.432833899976686
dgn_complete__pair_N6_ego_attention__seed7,dgn_qmix,coord_grid,7,328,8225,57.0,25,0.9348933333333334,1.213468040738787,30.775840827396937,45.63358289998723
dgn_complete__pair_N6_ego_attention__seed7,dgn_qmix,coord_grid,7,329,8250,46.0,25,0.9346954166666667,0.9896585841973623,30.699284235636394,45.8039015000104
dgn_complete__pair_N6_ego_attention__seed7,dgn_qmix,coord_grid,7,330,8275,49.0,25,0.9344975,1.1500851015249889,13.417004585266113,45.99337330000708
dgn_complete__pair_N6_ego_attention__seed7,dgn_qmix,coord_grid,7,331,8300,47.5,25,0.9342995833333333,0.789728045463562,16.898756980895996,46.143373399972916
dgn_complete__pair_N6_ego_attention__seed7,dgn_qmix,coord_grid,7,332,8325,52.0,25,0.9341016666666667,0.7450287214347294,22.896064622061594,46.34695749997627
dgn_complete__pair_N6_ego_attention__seed7,dgn_qmix,coord_grid,7,333,8350,43.5,25,0.93390375,1.471157968044281,18.193901697794598,46.53432689997135
dgn_complete__pair_N6_ego_attention__seed7,dgn_qmix,coord_grid,7,334,8375,49.5,25,0.9337058333333333,0.8292405108610789,11.973670959472656,46.670538900012616
dgn_complete__pair_N6_ego_attention__seed7,dgn_qmix,coord_grid,7,335,8400,59.0,25,0.9335079166666667,1.0338693459828694,7.448921998341878,46.7947215999593
dgn_complete__pair_N6_ego_attention__seed7,dgn_qmix,coord_grid,7,336,8425,42.5,25,0.93331,0.827410625559943,6.870412315641131,46.920994099986274
dgn_complete__pair_N6_ego_attention__seed7,dgn_qmix,coord_grid,7,337,8450,50.5,25,0.9331120833333333,1.0319371620814006,9.001714944839478,47.059878000000026
dgn_complete__pair_N6_ego_attention__seed7,dgn_qmix,coord_grid,7,338,8475,62.5,25,0.9329141666666667,1.3593912372986476,6.426750143369039,47.21181720000459
dgn_complete__pair_N6_ego_attention__seed7,dgn_qmix,coord_grid,7,339,8500,63.0,25,0.93271625,0.6356236537297567,5.100809971491496,47.31666710000718
dgn_complete__pair_N6_ego_attention__seed7,dgn_qmix,coord_grid,7,340,8525,51.5,25,0.9325183333333333,1.0555193509374345,7.292338030678885,47.473636899958365
dgn_complete__pair_N6_ego_attention__seed7,dgn_qmix,coord_grid,7,341,8550,48.0,25,0.9323204166666667,0.9878961592912674,7.836326678593953,47.64163249998819
dgn_complete__pair_N6_ego_attention__seed7,dgn_qmix,coord_grid,7,342,8575,56.0,25,0.9321225,0.8144889026880264,8.824532747268677,47.78466229996411
dgn_complete__pair_N6_ego_attention__seed7,dgn_qmix,coord_grid,7,343,8600,45.0,25,0.9319245833333334,1.2310884992281597,6.165612419446309,47.954578200005926
dgn_complete__pair_N6_ego_attention__seed7,dgn_qmix,coord_grid,7,344,8625,45.5,25,0.9317266666666667,1.3749599031039648,10.290236473083496,48.13471600000048
dgn_complete__pair_N6_ego_attention__seed7,dgn_qmix,coord_grid,7,345,8650,53.5,25,0.93152875,0.8525040696064631,9.329752484957377,48.29366749996552
dgn_complete__pair_N6_ego_attention__seed7,dgn_qmix,coord_grid,7,346,8675,54.0,25,0.9313308333333333,1.3249790867169697,5.286262075106303,48.40870279999217
dgn_complete__pair_N6_ego_attention__seed7,dgn_qmix,coord_grid,7,347,8700,39.5,25,0.9311329166666666,1.5992527604103088,6.462118625640869,48.5335999999661
dgn_complete__pair_N6_ego_attention__seed7,dgn_qmix,coord_grid,7,348,8725,41.0,25,0.930935,1.2118199127061027,7.78430700302124,48.669619899999816
dgn_complete__pair_N6_ego_attention__seed7,dgn_qmix,coord_grid,7,349,8750,56.0,25,0.9307370833333333,1.3512930472691853,9.280763785044352,48.79184099996928
dgn_complete__pair_N6_ego_attention__seed7,dgn_qmix,coord_grid,7,350,8775,44.5,25,0.9305391666666667,0.8516894082228342,4.7510859568913775,48.93168420001166
dgn_complete__pair_N6_ego_attention__seed7,dgn_qmix,coord_grid,7,351,8800,50.5,25,0.93034125,1.3650599817434947,5.977571407953898,49.03844360000221
dgn_complete__pair_N6_ego_attention__seed7,dgn_qmix,coord_grid,7,352,8825,54.0,25,0.9301433333333333,0.7977269419601986,6.967074598584857,49.20022329996573
dgn_complete__pair_N6_ego_attention__seed7,dgn_qmix,coord_grid,7,353,8850,46.5,25,0.9299454166666666,1.074025536576907,7.431250254313151,49.34420190000674
dgn_complete__pair_N6_ego_attention__seed7,dgn_qmix,coord_grid,7,354,8875,51.5,25,0.9297475,1.0829267750183742,7.1000494956970215,49.48842389998026
dgn_complete__pair_N6_ego_attention__seed7,dgn_qmix,coord_grid,7,355,8900,62.0,25,0.9295495833333334,1.3399328142404556,7.3561012744903564,49.59381499997107
dgn_complete__pair_N6_ego_attention__seed7,dgn_qmix,coord_grid,7,356,8925,57.0,25,0.9293516666666667,1.095161525266511,4.875828402382987,49.75136170000769
dgn_complete__pair_N6_ego_attention__seed7,dgn_qmix,coord_grid,7,357,8950,47.5,25,0.92915375,1.290904586513837,9.110443909962973,49.89348229998723
dgn_complete__pair_N6_ego_attention__seed7,dgn_qmix,coord_grid,7,358,8975,44.5,25,0.9289558333333333,0.9519691864649454,9.186699191729227,50.0159721999662
dgn_complete__pair_N6_ego_attention__seed7,dgn_qmix,coord_grid,7,359,9000,48.5,25,0.9287579166666666,1.5394085049629211,8.754007776578268,50.15554810001049
dgn_complete__pair_N6_ego_attention__seed7,dgn_qmix,coord_grid,7,360,9025,52.5,25,0.92856,1.4461568338530404,30.505617346082413,50.27881069999421
dgn_complete__pair_N6_ego_attention__seed7,dgn_qmix,coord_grid,7,361,9050,56.5,25,0.9283620833333334,1.1703737278779347,35.99531364440918,50.39930029999232
dgn_complete__pair_N6_ego_attention__seed7,dgn_qmix,coord_grid,7,362,9075,51.0,25,0.9281641666666667,0.7543345739444097,18.40342156092326,50.57292690000031
dgn_complete__pair_N6_ego_attention__seed7,dgn_qmix,coord_grid,7,363,9100,49.5,25,0.92796625,0.8612313369909922,18.189610878626507,50.70498390001012
dgn_complete__pair_N6_ego_attention__seed7,dgn_qmix,coord_grid,7,364,9125,51.0,25,0.9277683333333333,1.4358628307070052,27.07750688280378,50.88783640001202
dgn_complete__pair_N6_ego_attention__seed7,dgn_qmix,coord_grid,7,365,9150,51.5,25,0.9275704166666667,1.0512958864370983,17.140782197316486,51.03316479997011
dgn_complete__pair_N6_ego_attention__seed7,dgn_qmix,coord_grid,7,366,9175,49.0,25,0.9273725,1.1659107108910878,7.756958961486816,51.15621559997089
dgn_complete__pair_N6_ego_attention__seed7,dgn_qmix,coord_grid,7,367,9200,53.5,25,0.9271745833333334,0.790937528014183,12.65122397740682,51.28773189999629
dgn_complete__pair_N6_ego_attention__seed7,dgn_qmix,coord_grid,7,368,9225,54.0,25,0.9269766666666667,1.582766511610576,6.332040752683367,51.442632899968885
dgn_complete__pair_N6_ego_attention__seed7,dgn_qmix,coord_grid,7,369,9250,57.5,25,0.92677875,1.29911703368028,8.527416308720907,51.59393709996948
dgn_complete__pair_N6_ego_attention__seed7,dgn_qmix,coord_grid,7,370,9275,47.5,25,0.9265808333333333,1.497148056825002,17.639333724975586,51.779285399999935
dgn_complete__pair_N6_ego_attention__seed7,dgn_qmix,coord_grid,7,371,9300,48.5,25,0.9263829166666666,1.2787714252869289,16.844961563746136,51.9141030999599
dgn_complete__pair_N6_ego_attention__seed7,dgn_qmix,coord_grid,7,372,9325,49.5,25,0.926185,1.2045196635382516,16.35174717221941,52.06237749999855
dgn_complete__pair_N6_ego_attention__seed7,dgn_qmix,coord_grid,7,373,9350,38.5,25,0.9259870833333333,0.8218147903680801,13.422206242879232,52.17566359997727
dgn_complete__pair_N6_ego_attention__seed7,dgn_qmix,coord_grid,7,374,9375,39.5,25,0.9257891666666667,0.5979578991731008,13.39765747388204,52.32375439995667
dgn_complete__pair_N6_ego_attention__seed7,dgn_qmix,coord_grid,7,375,9400,49.0,25,0.92559125,1.402011752128601,14.552303075790405,52.4641826999723
dgn_complete__pair_N6_ego_attention__seed7,dgn_qmix,coord_grid,7,376,9425,56.0,25,0.9253933333333333,1.2962345140320914,10.87345620564052,52.65438580000773
dgn_complete__pair_N6_ego_attention__seed7,dgn_qmix,coord_grid,7,377,9450,42.0,25,0.9251954166666667,1.1135402570168178,7.409906228383382,52.823057600005995
dgn_complete__pair_N6_ego_attention__seed7,dgn_qmix,coord_grid,7,378,9475,47.5,25,0.9249975,1.1744362513224285,9.324824730555216,52.95590669999365
dgn_complete__pair_N6_ego_attention__seed7,dgn_qmix,coord_grid,7,379,9500,47.0,25,0.9247995833333333,0.8988312433163325,9.441325505574545,53.087428400001954
dgn_complete__pair_N6_ego_attention__seed7,dgn_qmix,coord_grid,7,380,9525,45.5,25,0.9246016666666667,1.418687837464469,10.83477074759347,53.202531299961265
dgn_complete__pair_N6_ego_attention__seed7,dgn_qmix,coord_grid,7,381,9550,46.0,25,0.92440375,1.3180214539170265,10.695757548014322,53.30712219997076
dgn_complete__pair_N6_ego_attention__seed7,dgn_qmix,coord_grid,7,382,9575,51.0,25,0.9242058333333334,1.4768558392922084,7.924471537272136,53.43585309997434
dgn_complete__pair_N6_ego_attention__seed7,dgn_qmix,coord_grid,7,383,9600,41.5,25,0.9240079166666667,1.5239916443824768,8.949028611183167,53.60343560000183
dgn_complete__pair_N6_ego_attention__seed7,dgn_qmix,coord_grid,7,384,9625,46.5,25,0.92381,1.2248628373656953,8.002360957009452,53.81495560001349
dgn_complete__pair_N6_ego_attention__seed7,dgn_qmix,coord_grid,7,385,9650,50.5,25,0.9236120833333333,1.6138805051644642,8.50996724764506,53.961282400006894
dgn_complete__pair_N6_ego_attention__seed7,dgn_qmix,coord_grid,7,386,9675,51.0,25,0.9234141666666666,1.0994288871685665,9.331902424494425,54.1427555999835
dgn_complete__pair_N6_ego_attention__seed7,dgn_qmix,coord_grid,7,387,9700,59.0,25,0.9232162500000001,0.7472261587778727,10.508448839187622,54.27105179999489
dgn_complete__pair_N6_ego_attention__seed7,dgn_qmix,coord_grid,7,388,9725,40.0,25,0.9230183333333334,0.823411124093192,11.381894997188024,54.39995449996786
dgn_complete__pair_N6_ego_attention__seed7,dgn_qmix,coord_grid,7,389,9750,50.5,25,0.9228204166666667,0.9960673799117407,10.693353335062662,54.56737860001158
dgn_complete__pair_N6_ego_attention__seed7,dgn_qmix,coord_grid,7,390,9775,41.5,25,0.9226225,1.0274927417437236,9.235597332318624,54.70792059996165
dgn_complete__pair_N6_ego_attention__seed7,dgn_qmix,coord_grid,7,391,9800,41.5,25,0.9224245833333333,0.5571221262216568,6.762033661206563,54.849830999970436
dgn_complete__pair_N6_ego_attention__seed7,dgn_qmix,coord_grid,7,392,9825,56.5,25,0.9222266666666666,1.888417967728206,32.17667014258249,54.99577999999747
dgn_complete__pair_N6_ego_attention__seed7,dgn_qmix,coord_grid,7,393,9850,62.0,25,0.92202875,1.310822417338689,30.452256838480633,55.15980269998545
dgn_complete__pair_N6_ego_attention__seed7,dgn_qmix,coord_grid,7,394,9875,38.0,25,0.9218308333333334,0.9119704365730286,18.782931327819824,55.31845590000739
dgn_complete__pair_N6_ego_attention__seed7,dgn_qmix,coord_grid,7,395,9900,49.5,25,0.9216329166666667,1.3319334785143535,18.99273904164632,55.49553019995801
dgn_complete__pair_N6_ego_attention__seed7,dgn_qmix,coord_grid,7,396,9925,49.5,25,0.921435,0.6513360909053257,15.820410455976214,55.63392399996519
dgn_complete__pair_N6_ego_attention__seed7,dgn_qmix,coord_grid,7,397,9950,57.5,25,0.9212370833333333,1.447503353158633,6.981536229451497,55.78152149997186
dgn_complete__pair_N6_ego_attention__seed7,dgn_qmix,coord_grid,7,398,9975,39.5,25,0.9210391666666666,1.0479695548613865,10.127087910970053,55.95716699998593
dgn_complete__pair_N6_ego_attention__seed7,dgn_qmix,coord_grid,7,399,10000,46.5,25,0.9208412500000001,1.2479973981777828,9.64179770151774,56.15232210000977
dgn_complete__pair_N6_ego_attention__seed7,dgn_qmix,coord_grid,7,400,10025,57.0,25,0.9206433333333334,1.3816908385072435,7.073745455060687,56.28818530001445
dgn_complete__pair_N6_ego_attention__seed7,dgn_qmix,coord_grid,7,401,10050,52.5,25,0.9204454166666667,1.1727804044882457,7.316583633422852,56.44031739997445
dgn_complete__pair_N6_ego_attention__seed7,dgn_qmix,coord_grid,7,402,10075,55.0,25,0.9202475,0.9057486007610956,7.852991422017415,56.61140200000955
dgn_complete__pair_N6_ego_attention__seed7,dgn_qmix,coord_grid,7,403,10100,44.0,25,0.9200495833333333,1.278475617369016,7.740322907765706,56.77794219995849
dgn_complete__pair_N6_ego_attention__seed7,dgn_qmix,coord_grid,7,404,10125,50.0,25,0.9198516666666666,0.81903623683112,9.34360122680664,56.89028870000038
dgn_complete__pair_N6_ego_attention__seed7,dgn_qmix,coord_grid,7,405,10150,50.5,25,0.91965375,0.7143861601750056,6.070180177688599,57.031406299967784
dgn_complete__pair_N6_ego_attention__seed7,dgn_qmix,coord_grid,7,406,10175,46.0,25,0.9194558333333334,1.0539253205060959,7.859991153081258,57.16913409996778
dgn_complete__pair_N6_ego_attention__seed7,dgn_qmix,coord_grid,7,407,10200,44.0,25,0.9192579166666667,0.9932999933759371,6.865674376487732,57.27980279998155
dgn_complete__pair_N6_ego_attention__seed7,dgn_qmix,coord_grid,7,408,10225,53.5,25,0.91906,1.07145590867315,7.417288030896868,57.41559950000374
dgn_complete__pair_N6_ego_attention__seed7,dgn_qmix,coord_grid,7,409,10250,46.0,25,0.9188620833333333,0.8133798589309057,11.070087114969889,57.56709019996924
dgn_complete__pair_N6_ego_attention__seed7,dgn_qmix,coord_grid,7,410,10275,51.5,25,0.9186641666666666,1.303611159324646,8.86756443977356,57.72341889998643
dgn_complete__pair_N6_ego_attention__seed7,dgn_qmix,coord_grid,7,411,10300,53.0,25,0.91846625,1.2166534513235092,9.274112621943155,57.853027799981646
dgn_complete__pair_N6_ego_attention__seed7,dgn_qmix,coord_grid,7,412,10325,61.5,25,0.9182683333333334,1.3888762848717826,9.316003731318883,57.97715079999762
dgn_complete__pair_N6_ego_attention__seed7,dgn_qmix,coord_grid,7,413,10350,42.0,25,0.9180704166666667,1.281963661313057,10.057001630465189,58.13268370000878
dgn_complete__pair_N6_ego_attention__seed7,dgn_qmix,coord_grid,7,414,10375,50.0,25,0.9178725,1.4316753347714741,18.015353043874104,58.260637299972586
dgn_complete__pair_N6_ego_attention__seed7,dgn_qmix,coord_grid,7,415,10400,53.5,25,0.9176745833333333,1.3700351814428966,9.465193510055542,58.38715480000246
dgn_complete__pair_N6_ego_attention__seed7,dgn_qmix,coord_grid,7,416,10425,51.5,25,0.9174766666666667,1.6874228971345084,13.487187998635429,58.54349389998242
dgn_complete__pair_N6_ego_attention__seed7,dgn_qmix,coord_grid,7,417,10450,44.5,25,0.91727875,1.878478467464447,13.499941190083822,58.695724999997765
dgn_complete__pair_N6_ego_attention__seed7,dgn_qmix,coord_grid,7,418,10475,46.0,25,0.9170808333333333,1.598496104280154,10.686038494110107,58.80662869999651
dgn_complete__pair_N6_ego_attention__seed7,dgn_qmix,coord_grid,7,419,10500,48.0,25,0.9168829166666667,0.9316822290420532,8.186866998672485,58.92860169999767
dgn_complete__pair_N6_ego_attention__seed7,dgn_qmix,coord_grid,7,420,10525,52.5,25,0.916685,1.2666233820574624,6.231174809592111,59.0500505999662
dgn_complete__pair_N6_ego_attention__seed7,dgn_qmix,coord_grid,7,421,10550,51.0,25,0.9164870833333333,1.1585344274838765,8.31853977839152,59.2097294999985
dgn_complete__pair_N6_ego_attention__seed7,dgn_qmix,coord_grid,7,422,10575,48.0,25,0.9162891666666667,1.234286109606425,7.077488342920939,59.30796000000555
dgn_complete__pair_N6_ego_attention__seed7,dgn_qmix,coord_grid,7,423,10600,44.5,25,0.91609125,0.7611109912395477,9.894259611765543,59.48169179999968
dgn_complete__pair_N6_ego_attention__seed7,dgn_qmix,coord_grid,7,424,10625,49.0,25,0.9158933333333333,2.073887833527156,40.25058664594378,59.63916610000888
dgn_complete__pair_N6_ego_attention__seed7,dgn_qmix,coord_grid,7,425,10650,47.0,25,0.9156954166666667,2.261492590109507,35.422158559163414,59.76482350000879
dgn_complete__pair_N6_ego_attention__seed7,dgn_qmix,coord_grid,7,426,10675,65.5,25,0.9154975,1.490938608845075,24.68114471435547,59.91639919998124
dgn_complete__pair_N6_ego_attention__seed7,dgn_qmix,coord_grid,7,427,10700,54.5,25,0.9152995833333333,1.627636859814326,30.18259859085083,60.1275944999652
dgn_complete__pair_N6_ego_attention__seed7,dgn_qmix,coord_grid,7,428,10725,39.5,25,0.9151016666666667,0.8634783668177468,10.12599788393293,60.26982990000397
dgn_complete__pair_N6_ego_attention__seed7,dgn_qmix,coord_grid,7,429,10750,43.5,25,0.91490375,1.2848588824272156,13.60354487101237,60.45186049997574
dgn_complete__pair_N6_ego_attention__seed7,dgn_qmix,coord_grid,7,430,10775,47.0,25,0.9147058333333333,1.245658869544665,12.602601687113443,60.594900399970356
dgn_complete__pair_N6_ego_attention__seed7,dgn_qmix,coord_grid,7,431,10800,55.0,25,0.9145079166666666,1.990234871705373,8.458260695139566,60.79848519997904
dgn_complete__pair_N6_ego_attention__seed7,dgn_qmix,coord_grid,7,432,10825,45.5,25,0.91431,1.604036569595337,16.758604730878556,60.92011750000529
dgn_complete__pair_N6_ego_attention__seed7,dgn_qmix,coord_grid,7,433,10850,42.5,25,0.9141120833333334,1.1969481458266575,11.963544289271036,61.026738599990495
dgn_complete__pair_N6_ego_attention__seed7,dgn_qmix,coord_grid,7,434,10875,50.0,25,0.9139141666666667,0.9979877273241679,10.632416725158691,61.158603099989705
dgn_complete__pair_N6_ego_attention__seed7,dgn_qmix,coord_grid,7,435,10900,55.0,25,0.91371625,1.0397450874249141,7.750339349110921,61.281465200008824
dgn_complete__pair_N6_ego_attention__seed7,dgn_qmix,coord_grid,7,436,10925,52.5,25,0.9135183333333333,1.2092991811888558,6.87079211643764,61.42471539997496
dgn_complete__pair_N6_ego_attention__seed7,dgn_qmix,coord_grid,7,437,10950,37.0,25,0.9133204166666666,1.4791342218716939,9.08730947971344,61.58165339997504
dgn_complete__pair_N6_ego_attention__seed7,dgn_qmix,coord_grid,7,438,10975,44.5,25,0.9131225000000001,0.6001908034086227,6.630874196688334,61.712070799956564
dgn_complete__pair_N6_ego_attention__seed7,dgn_qmix,coord_grid,7,439,11000,56.5,25,0.9129245833333334,1.0669700105985005,7.395975152651469,61.87391319999006
dgn_complete__pair_N6_ego_attention__seed7,dgn_qmix,coord_grid,7,440,11025,43.5,25,0.9127266666666667,1.179101437330246,12.283359391348702,62.00816859997576
dgn_complete__pair_N6_ego_attention__seed7,dgn_qmix,coord_grid,7,441,11050,45.5,25,0.91252875,1.438289371629556,10.546749194463095,62.13606879999861
dgn_complete__pair_N6_ego_attention__seed7,dgn_qmix,coord_grid,7,442,11075,56.5,25,0.9123308333333333,1.592953046162923,14.640177726745605,62.25736449996475
dgn_complete__pair_N6_ego_attention__seed7,dgn_qmix,coord_grid,7,443,11100,53.5,25,0.9121329166666666,1.5140396257241566,11.751320401827494,62.44545589998597
dgn_complete__pair_N6_ego_attention__seed7,dgn_qmix,coord_grid,7,444,11125,55.5,25,0.9119349999999999,1.2406004539557867,9.644570691244942,62.591791499988176
dgn_complete__pair_N6_ego_attention__seed7,dgn_qmix,coord_grid,7,445,11150,45.0,25,0.9117370833333334,1.3874035477638245,9.565803368886312,62.721679600013886
dgn_complete__pair_N6_ego_attention__seed7,dgn_qmix,coord_grid,7,446,11175,53.0,25,0.9115391666666667,1.0321441292762756,12.070289293924967,62.823984599963296
dgn_complete__pair_N6_ego_attention__seed7,dgn_qmix,coord_grid,7,447,11200,59.0,25,0.91134125,1.4091727981964748,11.671223640441895,62.94479499995941
dgn_complete__pair_N6_ego_attention__seed7,dgn_qmix,coord_grid,7,448,11225,55.5,25,0.9111433333333333,1.238604656287602,9.551026821136475,63.09587640000973
dgn_complete__pair_N6_ego_attention__seed7,dgn_qmix,coord_grid,7,449,11250,51.5,25,0.9109454166666666,1.6277851810057957,7.604711016019185,63.24757020000834
dgn_complete__pair_N6_ego_attention__seed7,dgn_qmix,coord_grid,7,450,11275,49.5,25,0.9107475,1.2242496361335118,9.201109091440836,63.38417410000693
dgn_complete__pair_N6_ego_attention__seed7,dgn_qmix,coord_grid,7,451,11300,42.5,25,0.9105495833333334,1.6149808317422867,7.450170675913493,63.55019679997349
dgn_complete__pair_N6_ego_attention__seed7,dgn_qmix,coord_grid,7,452,11325,44.5,25,0.9103516666666667,1.5551687053271703,13.45093025479998,63.69420639995951
dgn_complete__pair_N6_ego_attention__seed7,dgn_qmix,coord_grid,7,453,11350,51.0,25,0.91015375,1.2767504553000133,14.900659481684366,63.82079349999549
dgn_complete__pair_N6_ego_attention__seed7,dgn_qmix,coord_grid,7,454,11375,41.0,25,0.9099558333333333,1.1454725513855617,11.537919600804647,63.98398979997728
dgn_complete__pair_N6_ego_attention__seed7,dgn_qmix,coord_grid,7,455,11400,53.5,25,0.9097579166666667,1.4612405399481456,8.938232898712158,64.17287479998777
dgn_complete__pair_N6_ego_attention__seed7,dgn_qmix,coord_grid,7,456,11425,44.5,25,0.90956,2.3229947771344865,33.60967336382185,64.34083050000481
dgn_complete__pair_N6_ego_attention__seed7,dgn_qmix,coord_grid,7,457,11450,46.5,25,0.9093620833333333,1.8725524544715881,31.242594559987385,64.51920609996887
dgn_complete__pair_N6_ego_attention__seed7,dgn_qmix,coord_grid,7,458,11475,52.0,25,0.9091641666666667,2.3546354472637177,20.31785821914673,64.65225439995993
dgn_complete__pair_N6_ego_attention__seed7,dgn_qmix,coord_grid,7,459,11500,46.5,25,0.90896625,0.9401631951332092,22.203434228897095,64.80025299999397
dgn_complete__pair_N6_ego_attention__seed7,dgn_qmix,coord_grid,7,460,11525,42.5,25,0.9087683333333334,1.1305975360529763,18.820050512041366,64.9141972999787
dgn_complete__pair_N6_ego_attention__seed7,dgn_qmix,coord_grid,7,461,11550,49.5,25,0.9085704166666667,1.2924455453952153,12.0891752243042,65.04343819996575
dgn_complete__pair_N6_ego_attention__seed7,dgn_qmix,coord_grid,7,462,11575,50.0,25,0.9083725,1.335631549358368,9.805017550786337,65.1969042000128
dgn_complete__pair_N6_ego_attention__seed7,dgn_qmix,coord_grid,7,463,11600,44.0,25,0.9081745833333333,1.4146609554688137,11.9875541528066,65.31618829997024
dgn_complete__pair_N6_ego_attention__seed7,dgn_qmix,coord_grid,7,464,11625,52.0,25,0.9079766666666667,1.0710160987717765,12.44881568636213,65.44383459998062
dgn_complete__pair_N6_ego_attention__seed7,dgn_qmix,coord_grid,7,465,11650,61.0,25,0.90777875,1.7850891798734665,7.716857194900513,65.58926589996554
dgn_complete__pair_N6_ego_attention__seed7,dgn_qmix,coord_grid,7,466,11675,49.0,25,0.9075808333333333,1.3710014472405117,11.305916666984558,65.6848350999644
dgn_complete__pair_N6_ego_attention__seed7,dgn_qmix,coord_grid,7,467,11700,37.0,25,0.9073829166666667,0.8849281618992487,8.61144765218099,65.7998831999721
dgn_complete__pair_N6_ego_attention__seed7,dgn_qmix,coord_grid,7,468,11725,50.5,25,0.907185,1.85740008524486,14.024903978620257,65.96888729999773
dgn_complete__pair_N6_ego_attention__seed7,dgn_qmix,coord_grid,7,469,11750,49.5,25,0.9069870833333333,1.574482023715973,12.982434868812561,66.10602559999097
dgn_complete__pair_N6_ego_attention__seed7,dgn_qmix,coord_grid,7,470,11775,40.0,25,0.9067891666666666,0.9609999010960261,13.220572312672934,66.23683949996484
dgn_complete__pair_N6_ego_attention__seed7,dgn_qmix,coord_grid,7,471,11800,51.5,25,0.90659125,1.7986989518006642,9.932423988978067,66.33759109996026
dgn_complete__pair_N6_ego_attention__seed7,dgn_qmix,coord_grid,7,472,11825,49.0,25,0.9063933333333334,1.6740337567670005,10.960705416543144,66.49732439999934
dgn_complete__pair_N6_ego_attention__seed7,dgn_qmix,coord_grid,7,473,11850,47.5,25,0.9061954166666667,1.7149879485368729,14.91110603014628,66.61619789997349
dgn_complete__pair_N6_ego_attention__seed7,dgn_qmix,coord_grid,7,474,11875,37.5,25,0.9059975,1.182539775967598,12.876477003097534,66.80412639997667
dgn_complete__pair_N6_ego_attention__seed7,dgn_qmix,coord_grid,7,475,11900,36.5,25,0.9057995833333333,1.3948412537574768,12.576948602994284,66.94972589996178
dgn_complete__pair_N6_ego_attention__seed7,dgn_qmix,coord_grid,7,476,11925,54.5,25,0.9056016666666666,1.7391568422317505,10.955093826566424,67.06883349997224
dgn_complete__pair_N6_ego_attention__seed7,dgn_qmix,coord_grid,7,477,11950,47.5,25,0.9054037500000001,1.247129847606023,10.833080768585205,67.22280619997764
dgn_complete__pair_N6_ego_attention__seed7,dgn_qmix,coord_grid,7,478,11975,48.5,25,0.9052058333333334,1.33036204179128,9.349665403366089,67.3666446999996
dgn_complete__pair_N6_ego_attention__seed7,dgn_qmix,coord_grid,7,479,12000,58.0,25,0.9050079166666667,0.8212559968233109,8.532039960225424,67.51051559997723
dgn_complete__pair_N6_ego_attention__seed7,dgn_qmix,coord_grid,7,480,12025,45.5,25,0.90481,1.7094929431165968,9.363655635288783,67.65441149997059
dgn_complete__pair_N6_ego_attention__seed7,dgn_qmix,coord_grid,7,481,12050,50.5,25,0.9046120833333333,0.9023928642272949,13.09111738204956,67.83035479998216
dgn_complete__pair_N6_ego_attention__seed7,dgn_qmix,coord_grid,7,482,12075,47.0,25,0.9044141666666666,1.585544968644778,12.92651621500651,67.97128339996561
dgn_complete__pair_N6_ego_attention__seed7,dgn_qmix,coord_grid,7,483,12100,49.0,25,0.90421625,1.137332836786906,10.16748015085856,68.09062959998846
dgn_complete__pair_N6_ego_attention__seed7,dgn_qmix,coord_grid,7,484,12125,60.0,25,0.9040183333333334,1.8815751246043615,14.713330813816615,68.24673219997203
dgn_complete__pair_N6_ego_attention__seed7,dgn_qmix,coord_grid,7,485,12150,37.5,25,0.9038204166666667,1.0369240045547485,13.138041496276855,68.42542099999264
dgn_complete__pair_N6_ego_attention__seed7,dgn_qmix,coord_grid,7,486,12175,55.5,25,0.9036225,1.4543485293785732,11.990978717803955,68.51413689996116
dgn_complete__pair_N6_ego_attention__seed7,dgn_qmix,coord_grid,7,487,12200,43.5,25,0.9034245833333333,0.9878480285406113,8.444828192392984,68.64353860000847
dgn_complete__pair_N6_ego_attention__seed7,dgn_qmix,coord_grid,7,488,12225,65.5,25,0.9032266666666666,2.1474161318370273,40.08798599243164,68.79707959998632
dgn_complete__pair_N6_ego_attention__seed7,dgn_qmix,coord_grid,7,489,12250,57.5,25,0.90302875,2.2469420631726584,39.14393901824951,68.96327179996297
dgn_complete__pair_N6_ego_attention__seed7,dgn_qmix,coord_grid,7,490,12275,51.0,25,0.9028308333333334,1.4322540163993835,19.46782898902893,69.1136004999862
dgn_complete__pair_N6_ego_attention__seed7,dgn_qmix,coord_grid,7,491,12300,46.5,25,0.9026329166666667,0.9268409460783005,15.467870314915976,69.31714989995817
dgn_complete__pair_N6_ego_attention__seed7,dgn_qmix,coord_grid,7,492,12325,46.0,25,0.902435,1.480477409703391,10.929968084607806,69.43367309996393
dgn_complete__pair_N6_ego_attention__seed7,dgn_qmix,coord_grid,7,493,12350,39.5,25,0.9022370833333333,1.0239880432685216,16.09896731376648,69.54179829999339
dgn_complete__pair_N6_ego_attention__seed7,dgn_qmix,coord_grid,7,494,12375,47.5,25,0.9020391666666667,2.149234731992086,19.25251849492391,69.71034469996812
dgn_complete__pair_N6_ego_attention__seed7,dgn_qmix,coord_grid,7,495,12400,45.0,25,0.90184125,1.3242120842138927,10.987182060877482,69.81156080000801
dgn_complete__pair_N6_ego_attention__seed7,dgn_qmix,coord_grid,7,496,12425,44.5,25,0.9016433333333334,1.6574118009635381,10.09322282246181,69.9513050999958
dgn_complete__pair_N6_ego_attention__seed7,dgn_qmix,coord_grid,7,497,12450,53.5,25,0.9014454166666667,1.525337000687917,13.525522152582804,70.05516489996808
dgn_complete__pair_N6_ego_attention__seed7,dgn_qmix,coord_grid,7,498,12475,67.5,25,0.9012475,1.1803946842749913,10.78956170876821,70.20894049998606
dgn_complete__pair_N6_ego_attention__seed7,dgn_qmix,coord_grid,7,499,12500,50.5,25,0.9010495833333333,1.3256129423777263,8.583444754282633,70.37298779998673
dgn_complete__pair_N6_ego_attention__seed7,dgn_qmix,coord_grid,7,500,12525,55.0,25,0.9008516666666667,1.3453929935182845,11.192380360194615,70.51698229997419
dgn_complete__pair_N6_ego_attention__seed7,dgn_qmix,coord_grid,7,501,12550,52.5,25,0.90065375,0.995391974846522,16.77192489306132,70.67165799997747
dgn_complete__pair_N6_ego_attention__seed7,dgn_qmix,coord_grid,7,502,12575,53.0,25,0.9004558333333333,1.1088709384202957,16.084580898284912,70.78667629999109
dgn_complete__pair_N6_ego_attention__seed7,dgn_qmix,coord_grid,7,503,12600,58.5,25,0.9002579166666667,1.3012100110451381,15.828530629475912,70.90491230000043
dgn_complete__pair_N6_ego_attention__seed7,dgn_qmix,coord_grid,7,504,12625,55.0,25,0.90006,1.8600495627948217,15.312813077654157,71.07435979996808
dgn_complete__pair_N6_ego_attention__seed7,dgn_qmix,coord_grid,7,505,12650,43.5,25,0.8998620833333333,1.5252223014831543,10.571297725041708,71.18742069997825
dgn_complete__pair_N6_ego_attention__seed7,dgn_qmix,coord_grid,7,506,12675,46.0,25,0.8996641666666667,0.832018623749415,14.956069231033325,71.29269719996955
dgn_complete__pair_N6_ego_attention__seed7,dgn_qmix,coord_grid,7,507,12700,38.0,25,0.89946625,1.2787706305583317,11.620397090911865,71.42659669998102
dgn_complete__pair_N6_ego_attention__seed7,dgn_qmix,coord_grid,7,508,12725,44.5,25,0.8992683333333333,1.610611847468785,14.872221674237933,71.56522339995718
dgn_complete__pair_N6_ego_attention__seed7,dgn_qmix,coord_grid,7,509,12750,48.0,25,0.8990704166666666,1.8016949941714604,16.118683020273846,71.70923019998008
dgn_complete__pair_N6_ego_attention__seed7,dgn_qmix,coord_grid,7,510,12775,53.5,25,0.8988725,1.167847603559494,21.230287551879883,71.83602300001075
dgn_complete__pair_N6_ego_attention__seed7,dgn_qmix,coord_grid,7,511,12800,59.5,25,0.8986745833333334,0.8131605237722397,17.8824880917867,71.96724639995955
dgn_complete__pair_N6_ego_attention__seed7,dgn_qmix,coord_grid,7,512,12825,56.5,25,0.8984766666666667,1.374805280140468,28.31447356087821,72.09298279997893
dgn_complete__pair_N6_ego_attention__seed7,dgn_qmix,coord_grid,7,513,12850,50.5,25,0.89827875,1.2554307530323665,20.358365416526794,72.20803889998933
dgn_complete__pair_N6_ego_attention__seed7,dgn_qmix,coord_grid,7,514,12875,54.5,25,0.8980808333333333,2.058319568634033,24.721267859141033,72.36611679999623
dgn_complete__pair_N6_ego_attention__seed7,dgn_qmix,coord_grid,7,515,12900,52.5,25,0.8978829166666666,1.404656449953715,21.390182892481487,72.51321939995978
dgn_complete__pair_N6_ego_attention__seed7,dgn_qmix,coord_grid,7,516,12925,45.5,25,0.897685,1.260278114250728,17.064614364079066,72.66526029998204
dgn_complete__pair_N6_ego_attention__seed7,dgn_qmix,coord_grid,7,517,12950,44.0,25,0.8974870833333334,1.7914169083038967,10.893994569778442,72.82507729995996
dgn_complete__pair_N6_ego_attention__seed7,dgn_qmix,coord_grid,7,518,12975,60.5,25,0.8972891666666667,1.5313175072272618,13.309307098388672,72.95065159996739
dgn_complete__pair_N6_ego_attention__seed7,dgn_qmix,coord_grid,7,519,13000,60.0,25,0.89709125,2.346819281578064,10.439765453338623,73.06977070000721
dgn_complete__pair_N6_ego_attention__seed7,dgn_qmix,coord_grid,7,520,13025,50.5,25,0.8968933333333333,2.4903790610177174,44.76337514604841,73.23362179996911
dgn_complete__pair_N6_ego_attention__seed7,dgn_qmix,coord_grid,7,521,13050,57.5,25,0.8966954166666666,1.2925324241320293,22.293748140335083,73.35602329997346
dgn_complete__pair_N6_ego_attention__seed7,dgn_qmix,coord_grid,7,522,13075,42.5,25,0.8964975,1.4127433598041534,18.04588731129964,73.51228729996365
dgn_complete__pair_N6_ego_attention__seed7,dgn_qmix,coord_grid,7,523,13100,50.5,25,0.8962995833333334,1.6412622332572937,21.918557564417522,73.671460499987
dgn_complete__pair_N6_ego_attention__seed7,dgn_qmix,coord_grid,7,524,13125,34.5,25,0.8961016666666667,2.143956082207816,15.959737641470772,73.80068960000062
dgn_complete__pair_N6_ego_attention__seed7,dgn_qmix,coord_grid,7,525,13150,48.0,25,0.89590375,2.249987264474233,12.149706840515137,73.90891180001199
dgn_complete__pair_N6_ego_attention__seed7,dgn_qmix,coord_grid,7,526,13175,46.5,25,0.8957058333333333,1.886203149954478,11.161801099777222,74.092125199968
dgn_complete__pair_N6_ego_attention__seed7,dgn_qmix,coord_grid,7,527,13200,43.0,25,0.8955079166666666,2.207830786705017,11.74305248260498,74.22155439999187
dgn_complete__pair_N6_ego_attention__seed7,dgn_qmix,coord_grid,7,528,13225,48.5,25,0.89531,1.448073033775602,9.816134589059013,74.37419910001336
dgn_complete__pair_N6_ego_attention__seed7,dgn_qmix,coord_grid,7,529,13250,50.0,25,0.8951120833333334,1.7591540217399597,8.761324524879456,74.50162019999698
dgn_complete__pair_N6_ego_attention__seed7,dgn_qmix,coord_grid,7,530,13275,54.0,25,0.8949141666666667,1.2883428235848744,12.97104787826538,74.65394429996377
dgn_complete__pair_N6_ego_attention__seed7,dgn_qmix,coord_grid,7,531,13300,49.5,25,0.89471625,1.4916263669729233,14.239251931508383,74.79721419996349
dgn_complete__pair_N6_ego_attention__seed7,dgn_qmix,coord_grid,7,532,13325,66.0,25,0.8945183333333333,1.8057785885674613,11.20834241594587,75.01249069999903
dgn_complete__pair_N6_ego_attention__seed7,dgn_qmix,coord_grid,7,533,13350,53.5,25,0.8943204166666667,1.2923616220553715,9.669272621472677,75.14634589996422
dgn_complete__pair_N6_ego_attention__seed7,dgn_qmix,coord_grid,7,534,13375,44.0,25,0.8941225,0.8524236530065536,17.108415365219116,75.31487040000502
dgn_complete__pair_N6_ego_attention__seed7,dgn_qmix,coord_grid,7,535,13400,40.5,25,0.8939245833333334,1.9384294946988423,13.335806051890055,75.48899109999184
dgn_complete__pair_N6_ego_attention__seed7,dgn_qmix,coord_grid,7,536,13425,45.0,25,0.8937266666666667,1.8301639301436288,15.267081805637904,75.64670709997881
dgn_complete__pair_N6_ego_attention__seed7,dgn_qmix,coord_grid,7,537,13450,53.0,25,0.89352875,1.421862671772639,10.119455099105835,75.84747119998792
dgn_complete__pair_N6_ego_attention__seed7,dgn_qmix,coord_grid,7,538,13475,57.5,25,0.8933308333333333,1.888853872815768,13.384896516799927,76.0150205999962
dgn_complete__pair_N6_ego_attention__seed7,dgn_qmix,coord_grid,7,539,13500,59.5,25,0.8931329166666666,1.3044290194908779,12.251843055089315,76.18405589996837
dgn_complete__pair_N6_ego_attention__seed7,dgn_qmix,coord_grid,7,540,13525,52.5,25,0.892935,1.2003375930445535,14.076861449650355,76.31649409997044
dgn_complete__pair_N6_ego_attention__seed7,dgn_qmix,coord_grid,7,541,13550,60.0,25,0.8927370833333333,1.4078703969717026,9.147435267766317,76.46580249996623
dgn_complete__pair_N6_ego_attention__seed7,dgn_qmix,coord_grid,7,542,13575,54.5,25,0.8925391666666667,1.736264203985532,12.396950085957846,76.57709839998279
dgn_complete__pair_N6_ego_attention__seed7,dgn_qmix,coord_grid,7,543,13600,54.5,25,0.89234125,1.2509487768014271,11.116564591725668,76.76099089998752
dgn_complete__pair_N6_ego_attention__seed7,dgn_qmix,coord_grid,7,544,13625,49.0,25,0.8921433333333333,1.2793453697647368,9.570661476680211,76.92061390000163
dgn_complete__pair_N6_ego_attention__seed7,dgn_qmix,coord_grid,7,545,13650,41.0,25,0.8919454166666667,1.186775803565979,8.40705672899882,77.10820819996297
dgn_complete__pair_N6_ego_attention__seed7,dgn_qmix,coord_grid,7,546,13675,45.5,25,0.8917475,1.7282037685314815,13.131952603658041,77.31762940000044
dgn_complete__pair_N6_ego_attention__seed7,dgn_qmix,coord_grid,7,547,13700,47.0,25,0.8915495833333333,1.594129686554273,17.125851313273113,77.45328519999748
dgn_complete__pair_N6_ego_attention__seed7,dgn_qmix,coord_grid,7,548,13725,53.0,25,0.8913516666666667,1.1344407200813293,15.23337173461914,77.5838849999709
dgn_complete__pair_N6_ego_attention__seed7,dgn_qmix,coord_grid,7,549,13750,56.0,25,0.89115375,1.612063596645991,14.586772918701172,77.72009159997106
dgn_complete__pair_N6_ego_attention__seed7,dgn_qmix,coord_grid,7,550,13775,56.5,25,0.8909558333333334,1.2226316034793854,13.310519774754843,77.87440299999435
dgn_complete__pair_N6_ego_attention__seed7,dgn_qmix,coord_grid,7,551,13800,46.5,25,0.8907579166666667,1.6234723379214604,10.873663107554117,78.0640789999743
dgn_complete__pair_N6_ego_attention__seed7,dgn_qmix,coord_grid,7,552,13825,53.5,25,0.89056,1.5284691197531564,42.64865207672119,78.22415729996283
dgn_complete__pair_N6_ego_attention__seed7,dgn_qmix,coord_grid,7,553,13850,48.0,25,0.8903620833333333,2.309553305308024,39.34299659729004,78.35044269997161
dgn_complete__pair_N6_ego_attention__seed7,dgn_qmix,coord_grid,7,554,13875,56.0,25,0.8901641666666666,1.8562093774477642,18.269654432932537,78.47046759998193
dgn_complete__pair_N6_ego_attention__seed7,dgn_qmix,coord_grid,7,555,13900,52.5,25,0.8899662500000001,1.423749456803004,17.208998998006184,78.61561609996716
dgn_complete__pair_N6_ego_attention__seed7,dgn_qmix,coord_grid,7,556,13925,49.0,25,0.8897683333333334,1.2917240474905287,17.044021129608154,78.80934929999057
dgn_complete__pair_N6_ego_attention__seed7,dgn_qmix,coord_grid,7,557,13950,48.0,25,0.8895704166666667,1.251622388760249,20.529046058654785,78.97657719999552
dgn_complete__pair_N6_ego_attention__seed7,dgn_qmix,coord_grid,7,558,13975,51.5,25,0.8893725,1.5907948265473049,16.202674627304077,79.14281689998461
dgn_complete__pair_N6_ego_attention__seed7,dgn_qmix,coord_grid,7,559,14000,53.0,25,0.8891745833333333,1.55565811196963,16.541127681732178,79.28455310000572
dgn_complete__pair_N6_ego_attention__seed7,dgn_qmix,coord_grid,7,560,14025,60.0,25,0.8889766666666666,2.035662906510489,12.583944388798304,79.45443919999525
dgn_complete__pair_N6_ego_attention__seed7,dgn_qmix,coord_grid,7,561,14050,45.0,25,0.88877875,1.7143596361080806,11.95297122001648,79.6286293999874
dgn_complete__pair_N6_ego_attention__seed7,dgn_qmix,coord_grid,7,562,14075,54.5,25,0.8885808333333334,2.1536907951037088,12.535720348358154,79.75455519999377
dgn_complete__pair_N6_ego_attention__seed7,dgn_qmix,coord_grid,7,563,14100,47.5,25,0.8883829166666667,1.5241050918896992,9.803366581598917,79.89200950000668
dgn_complete__pair_N6_ego_attention__seed7,dgn_qmix,coord_grid,7,564,14125,55.0,25,0.888185,1.624977707862854,14.500674997057233,80.04449569998542
dgn_complete__pair_N6_ego_attention__seed7,dgn_qmix,coord_grid,7,565,14150,56.5,25,0.8879870833333333,1.718533918261528,16.299329439798992,80.17683359998045
dgn_complete__pair_N6_ego_attention__seed7,dgn_qmix,coord_grid,7,566,14175,44.5,25,0.8877891666666666,1.2903536707162857,21.686482191085815,80.34924269997282
dgn_complete__pair_N6_ego_attention__seed7,dgn_qmix,coord_grid,7,567,14200,54.0,25,0.88759125,2.4234285751978555,20.329421997070312,80.44622429995798
dgn_complete__pair_N6_ego_attention__seed7,dgn_qmix,coord_grid,7,568,14225,52.0,25,0.8873933333333334,1.404682798045022,25.051934242248535,80.5678475999739
dgn_complete__pair_N6_ego_attention__seed7,dgn_qmix,coord_grid,7,569,14250,52.5,25,0.8871954166666667,1.6182074348131816,11.460644006729126,80.77131559996633
dgn_complete__pair_N6_ego_attention__seed7,dgn_qmix,coord_grid,7,570,14275,48.5,25,0.8869975,2.0017617543538413,12.972551743189493,80.91269999998622
dgn_complete__pair_N6_ego_attention__seed7,dgn_qmix,coord_grid,7,571,14300,50.0,25,0.8867995833333333,1.725199634830157,22.13113872210185,81.05105499998899
dgn_complete__pair_N6_ego_attention__seed7,dgn_qmix,coord_grid,7,572,14325,56.5,25,0.8866016666666667,1.1330197368349348,14.501056807381767,81.18967349996092
dgn_complete__pair_N6_ego_attention__seed7,dgn_qmix,coord_grid,7,573,14350,56.0,25,0.88640375,1.3919081538915634,14.227702220280966,81.3376851999783
dgn_complete__pair_N6_ego_attention__seed7,dgn_qmix,coord_grid,7,574,14375,48.5,25,0.8862058333333334,1.42203385134538,10.571763277053833,81.45136939996155
dgn_complete__pair_N6_ego_attention__seed7,dgn_qmix,coord_grid,7,575,14400,42.0,25,0.8860079166666667,1.5472302039464314,8.094586690266928,81.5725346999825
dgn_complete__pair_N6_ego_attention__seed7,dgn_qmix,coord_grid,7,576,14425,51.0,25,0.88581,2.2287930761064803,13.10507093157087,81.71047719998751
dgn_complete__pair_N6_ego_attention__seed7,dgn_qmix,coord_grid,7,577,14450,53.5,25,0.8856120833333333,1.036856656273206,9.200839281082153,81.80243179999525
dgn_complete__pair_N6_ego_attention__seed7,dgn_qmix,coord_grid,7,578,14475,52.0,25,0.8854141666666666,1.4657724002997081,22.001372178395588,81.94097230001353
dgn_complete__pair_N6_ego_attention__seed7,dgn_qmix,coord_grid,7,579,14500,49.0,25,0.88521625,0.8670865148305893,18.020362933476765,82.1155344999861
dgn_complete__pair_N6_ego_attention__seed7,dgn_qmix,coord_grid,7,580,14525,51.5,25,0.8850183333333334,1.7311491583074843,19.938819885253906,82.25547279999591
dgn_complete__pair_N6_ego_attention__seed7,dgn_qmix,coord_grid,7,581,14550,45.5,25,0.8848204166666667,1.846255123615265,13.04244097073873,82.4021395999589
dgn_complete__pair_N6_ego_attention__seed7,dgn_qmix,coord_grid,7,582,14575,56.5,25,0.8846225,1.0093936671813328,12.112723509470621,82.52836309996201
dgn_complete__pair_N6_ego_attention__seed7,dgn_qmix,coord_grid,7,583,14600,42.5,25,0.8844245833333333,1.8614223897457123,12.380593458811441,82.65087760001188
dgn_complete__pair_N6_ego_attention__seed7,dgn_qmix,coord_grid,7,584,14625,49.5,25,0.8842266666666667,2.7903232063565935,53.66962105887277,82.78484179999214
dgn_complete__pair_N6_ego_attention__seed7,dgn_qmix,coord_grid,7,585,14650,61.0,25,0.88402875,1.573297123114268,34.69452691078186,82.96034399996279
dgn_complete__pair_N6_ego_attention__seed7,dgn_qmix,coord_grid,7,586,14675,55.5,25,0.8838308333333333,2.9035631517569223,26.478288888931274,83.16874940000707
dgn_complete__pair_N6_ego_attention__seed7,dgn_qmix,coord_grid,7,587,14700,54.5,25,0.8836329166666667,2.0822085539499917,26.133942763010662,83.30256789998384
dgn_complete__pair_N6_ego_attention__seed7,dgn_qmix,coord_grid,7,588,14725,37.0,25,0.883435,2.130115474973406,11.564892973218646,83.46304110001074
dgn_complete__pair_N6_ego_attention__seed7,dgn_qmix,coord_grid,7,589,14750,49.0,25,0.8832370833333334,1.8719690541426341,20.92730967203776,83.58768230001442
dgn_complete__pair_N6_ego_attention__seed7,dgn_qmix,coord_grid,7,590,14775,53.0,25,0.8830391666666667,1.0804807096719742,16.78696672121684,83.72253400000045
dgn_complete__pair_N6_ego_attention__seed7,dgn_qmix,coord_grid,7,591,14800,48.0,25,0.88284125,1.963129182656606,13.66498319307963,83.84286029997747
dgn_complete__pair_N6_ego_attention__seed7,dgn_qmix,coord_grid,7,592,14825,55.0,25,0.8826433333333333,1.7638303637504578,21.127802303859166,83.96670569997514
dgn_complete__pair_N6_ego_attention__seed7,dgn_qmix,coord_grid,7,593,14850,50.5,25,0.8824454166666666,1.9092052976290386,11.62613844871521,84.12009549996583
dgn_complete__pair_N6_ego_attention__seed7,dgn_qmix,coord_grid,7,594,14875,54.5,25,0.8822475,1.7564266522725422,11.437785307566324,84.2801397999865
dgn_complete__pair_N6_ego_attention__seed7,dgn_qmix,coord_grid,7,595,14900,59.0,25,0.8820495833333334,1.3838253964980443,11.55856760342916,84.47209659998771
dgn_complete__pair_N6_ego_attention__seed7,dgn_qmix,coord_grid,7,596,14925,39.5,25,0.8818516666666667,2.2848412479673113,12.775281361171178,84.63252449996071
dgn_complete__pair_N6_ego_attention__seed7,dgn_qmix,coord_grid,7,597,14950,55.5,25,0.88165375,1.0827834059794743,7.543390432993571,84.75655150000239
dgn_complete__pair_N6_ego_attention__seed7,dgn_qmix,coord_grid,7,598,14975,44.5,25,0.8814558333333333,1.034051348765691,10.443549076716105,84.90672540001106
dgn_complete__pair_N6_ego_attention__seed7,dgn_qmix,coord_grid,7,599,15000,51.0,25,0.8812579166666666,1.9220252633094788,15.582672993342081,85.08923559996765
dgn_complete__pair_N6_ego_attention__seed7,dgn_qmix,coord_grid,7,600,15025,52.0,25,0.88106,1.5850173660687037,21.25690003803798,85.22954749997007
dgn_complete__pair_N6_ego_attention__seed7,dgn_qmix,coord_grid,7,601,15050,55.0,25,0.8808620833333334,1.4389358361562092,12.765243689219156,85.39630319998832
dgn_complete__pair_N6_ego_attention__seed7,dgn_qmix,coord_grid,7,602,15075,49.5,25,0.8806641666666667,1.9141165018081665,21.705303192138672,85.54358769999817
dgn_complete__pair_N6_ego_attention__seed7,dgn_qmix,coord_grid,7,603,15100,45.0,25,0.88046625,1.135105441013972,24.427330176035564,85.67303840001114
dgn_complete__pair_N6_ego_attention__seed7,dgn_qmix,coord_grid,7,604,15125,47.0,25,0.8802683333333333,2.0846735579626903,23.136420931134904,85.83160380000481
dgn_complete__pair_N6_ego_attention__seed7,dgn_qmix,coord_grid,7,605,15150,46.0,25,0.8800704166666666,2.098446860909462,13.764050881067911,85.97031909995712
dgn_complete__pair_N6_ego_attention__seed7,dgn_qmix,coord_grid,7,606,15175,56.0,25,0.8798725000000001,1.4360857605934143,18.441594282786053,86.14828989998205
dgn_complete__pair_N6_ego_attention__seed7,dgn_qmix,coord_grid,7,607,15200,45.0,25,0.8796745833333334,1.766856536269188,15.810911178588867,86.26741390000097
dgn_complete__pair_N6_ego_attention__seed7,dgn_qmix,coord_grid,7,608,15225,47.0,25,0.8794766666666667,2.1269663657460893,15.445507594517299,86.40847189998021
dgn_complete__pair_N6_ego_attention__seed7,dgn_qmix,coord_grid,7,609,15250,52.0,25,0.87927875,2.2101211647192636,15.490719079971313,86.52110660000471
dgn_complete__pair_N6_ego_attention__seed7,dgn_qmix,coord_grid,7,610,15275,50.5,25,0.8790808333333333,1.6151190400123596,18.116745948791504,86.65375399996992
dgn_complete__pair_N6_ego_attention__seed7,dgn_qmix,coord_grid,7,611,15300,54.0,25,0.8788829166666666,0.9416232854127884,11.07479969660441,86.78534699999727
dgn_complete__pair_N6_ego_attention__seed7,dgn_qmix,coord_grid,7,612,15325,55.0,25,0.8786849999999999,1.5407964204038893,9.963688577924456,86.93289469997399
dgn_complete__pair_N6_ego_attention__seed7,dgn_qmix,coord_grid,7,613,15350,67.5,25,0.8784870833333334,2.0782762666543326,17.817301670710247,87.0614487999701
dgn_complete__pair_N6_ego_attention__seed7,dgn_qmix,coord_grid,7,614,15375,53.0,25,0.8782891666666667,1.2736728539069493,9.726112763086954,87.19147369998973
dgn_complete__pair_N6_ego_attention__seed7,dgn_qmix,coord_grid,7,615,15400,48.0,25,0.87809125,2.2969755828380585,11.278018554051718,87.39049119997071
dgn_complete__pair_N6_ego_attention__seed7,dgn_qmix,coord_grid,7,616,15425,47.5,25,0.8778933333333333,2.595438301563263,51.44878223964146,87.50220729998546
dgn_complete__pair_N6_ego_attention__seed7,dgn_qmix,coord_grid,7,617,15450,39.5,25,0.8776954166666666,2.215458571910858,50.549994150797524,87.60564460000023
dgn_complete__pair_N6_ego_attention__seed7,dgn_qmix,coord_grid,7,618,15475,53.0,25,0.8774975,1.9791851143042247,35.112266540527344,87.77819119999185
dgn_complete__pair_N6_ego_attention__seed7,dgn_qmix,coord_grid,7,619,15500,46.5,25,0.8772995833333334,1.9367053707440693,15.94345211982727,87.9656043999712
dgn_complete__pair_N6_ego_attention__seed7,dgn_qmix,coord_grid,7,620,15525,49.5,25,0.8771016666666667,2.2534596749714444,20.422313962663925,88.08204129996011
dgn_complete__pair_N6_ego_attention__seed7,dgn_qmix,coord_grid,7,621,15550,53.0,25,0.87690375,2.617711663246155,18.980947335561115,88.19878209999297
dgn_complete__pair_N6_ego_attention__seed7,dgn_qmix,coord_grid,7,622,15575,54.5,25,0.8767058333333333,0.8190889557202657,25.824432373046875,88.33664100000169
dgn_complete__pair_N6_ego_attention__seed7,dgn_qmix,coord_grid,7,623,15600,48.0,25,0.8765079166666667,1.7171793431043625,24.73687171936035,88.4960934999981
dgn_complete__pair_N6_ego_attention__seed7,dgn_qmix,coord_grid,7,624,15625,46.0,25,0.87631,1.935572394302913,23.69979919706072,88.66378939995775
dgn_complete__pair_N6_ego_attention__seed7,dgn_qmix,coord_grid,7,625,15650,51.5,25,0.8761120833333333,2.3743019302686057,29.410521666208904,88.78057120001176
dgn_complete__pair_N6_ego_attention__seed7,dgn_qmix,coord_grid,7,626,15675,54.5,25,0.8759141666666667,2.6085193306207657,31.102173566818237,88.92602399998577
dgn_complete__pair_N6_ego_attention__seed7,dgn_qmix,coord_grid,7,627,15700,57.0,25,0.87571625,1.5123374660809834,19.2623876730601,89.01998869999079
dgn_complete__pair_N6_ego_attention__seed7,dgn_qmix,coord_grid,7,628,15725,60.0,25,0.8755183333333334,2.958568504878453,18.957926273345947,89.17067689995747
dgn_complete__pair_N6_ego_attention__seed7,dgn_qmix,coord_grid,7,629,15750,43.0,25,0.8753204166666667,1.776422103246053,17.872591574986775,89.37119500001427
dgn_complete__pair_N6_ego_attention__seed7,dgn_qmix,coord_grid,7,630,15775,55.5,25,0.8751225,2.2842049400011697,19.26002303759257,89.52331610000692
dgn_complete__pair_N6_ego_attention__seed7,dgn_qmix,coord_grid,7,631,15800,44.5,25,0.8749245833333333,1.4127778286735218,6.775383512179057,89.68019270000514
dgn_complete__pair_N6_ego_attention__seed7,dgn_qmix,coord_grid,7,632,15825,56.5,25,0.8747266666666667,2.3587456941604614,10.639586244310651,89.82266840001103
dgn_complete__pair_N6_ego_attention__seed7,dgn_qmix,coord_grid,7,633,15850,45.0,25,0.8745287500000001,2.399068852265676,12.84127370516459,89.93274449999444
dgn_complete__pair_N6_ego_attention__seed7,dgn_qmix,coord_grid,7,634,15875,53.0,25,0.8743308333333333,0.932874396443367,14.916171550750732,90.08016979997046
dgn_complete__pair_N6_ego_attention__seed7,dgn_qmix,coord_grid,7,635,15900,38.0,25,0.8741329166666667,1.0685636798540752,8.604687293370565,90.20384659996489
dgn_complete__pair_N6_ego_attention__seed7,dgn_qmix,coord_grid,7,636,15925,48.5,25,0.873935,1.332780808210373,16.23909248624529,90.38362479995703
dgn_complete__pair_N6_ego_attention__seed7,dgn_qmix,coord_grid,7,637,15950,48.0,25,0.8737370833333333,1.873489906390508,20.72036139170329,90.53999369998928
dgn_complete__pair_N6_ego_attention__seed7,dgn_qmix,coord_grid,7,638,15975,49.5,25,0.8735391666666666,3.5251424809296927,16.4315021832784,90.71125709998887
dgn_complete__pair_N6_ego_attention__seed7,dgn_qmix,coord_grid,7,639,16000,42.5,25,0.87334125,0.7638159543275833,19.048097610473633,90.8882221999811
dgn_complete__pair_N6_ego_attention__seed7,dgn_qmix,coord_grid,7,640,16025,59.0,25,0.8731433333333334,1.9314260653087072,15.142192499978202,91.03587319998769
dgn_complete__pair_N6_ego_attention__seed7,dgn_qmix,coord_grid,7,641,16050,55.0,25,0.8729454166666667,1.6328208496173222,27.367339611053467,91.21351189998677
dgn_complete__pair_N6_ego_attention__seed7,dgn_qmix,coord_grid,7,642,16075,52.0,25,0.8727475,2.0332225064436593,28.955016771952312,91.3445496999775
dgn_complete__pair_N6_ego_attention__seed7,dgn_qmix,coord_grid,7,643,16100,55.5,25,0.8725495833333333,1.8332760632038116,12.600236813227335,91.51058429997647
dgn_complete__pair_N6_ego_attention__seed7,dgn_qmix,coord_grid,7,644,16125,53.0,25,0.8723516666666666,1.8143898929868425,15.946061747414726,91.71424469997874
dgn_complete__pair_N6_ego_attention__seed7,dgn_qmix,coord_grid,7,645,16150,51.5,25,0.8721537500000001,1.813744495312373,13.36893622080485,91.83714560000226
dgn_complete__pair_N6_ego_attention__seed7,dgn_qmix,coord_grid,7,646,16175,47.0,25,0.8719558333333334,1.6000807185967763,35.73865922292074,91.99151660001371
dgn_complete__pair_N6_ego_attention__seed7,dgn_qmix,coord_grid,7,647,16200,60.5,25,0.8717579166666667,1.848272830247879,22.546666224797566,92.14830030000303
dgn_complete__pair_N6_ego_attention__seed7,dgn_qmix,coord_grid,7,648,16225,47.0,25,0.87156,2.4011835796492442,45.554595129830496,92.30247120000422
dgn_complete__pair_N6_ego_attention__seed7,dgn_qmix,coord_grid,7,649,16250,45.0,25,0.8713620833333333,2.9347175558408103,56.96325429280599,92.40810249996139
dgn_complete__pair_N6_ego_attention__seed7,dgn_qmix,coord_grid,7,650,16275,49.0,25,0.8711641666666667,2.623258739709854,28.955336093902588,92.514146099973
dgn_complete__pair_N6_ego_attention__seed7,dgn_qmix,coord_grid,7,651,16300,50.5,25,0.8709662499999999,3.5556399623552957,32.824767192204796,92.69544069998665
dgn_complete__pair_N6_ego_attention__seed7,dgn_qmix,coord_grid,7,652,16325,52.5,25,0.8707683333333334,2.0752292530877248,14.809570857456752,92.82084749999922
dgn_complete__pair_N6_ego_attention__seed7,dgn_qmix,coord_grid,7,653,16350,59.5,25,0.8705704166666667,1.6599732289711635,18.909820238749187,92.98415390000446
dgn_complete__pair_N6_ego_attention__seed7,dgn_qmix,coord_grid,7,654,16375,59.0,25,0.8703725,1.678825115164121,19.427149136861164,93.18716460000724
dgn_complete__pair_N6_ego_attention__seed7,dgn_qmix,coord_grid,7,655,16400,56.0,25,0.8701745833333333,1.1505871415138245,17.46677541732788,93.31582499999786
dgn_complete__pair_N6_ego_attention__seed7,dgn_qmix,coord_grid,7,656,16425,39.0,25,0.8699766666666666,2.5618869917733327,19.437226704188756,93.48051449999912
dgn_complete__pair_N6_ego_attention__seed7,dgn_qmix,coord_grid,7,657,16450,38.0,25,0.86977875,1.4411983489990234,11.235437234242758,93.59152610000456
dgn_complete__pair_N6_ego_attention__seed7,dgn_qmix,coord_grid,7,658,16475,65.5,25,0.8695808333333334,1.1577379405498505,11.680864413579306,93.73096999997506
dgn_complete__pair_N6_ego_attention__seed7,dgn_qmix,coord_grid,7,659,16500,37.5,25,0.8693829166666667,1.8748605251312256,10.363507270812988,93.86282719997689
dgn_complete__pair_N6_ego_attention__seed7,dgn_qmix,coord_grid,7,660,16525,50.5,25,0.869185,2.4060775467327664,18.915895325796946,94.04169199999887
dgn_complete__pair_N6_ego_attention__seed7,dgn_qmix,coord_grid,7,661,16550,55.0,25,0.8689870833333333,1.7426243126392365,21.807820479075115,94.20710439997492
dgn_complete__pair_N6_ego_attention__seed7,dgn_qmix,coord_grid,7,662,16575,44.0,25,0.8687891666666667,1.5934849381446838,21.989072958628338,94.35414879996097
dgn_complete__pair_N6_ego_attention__seed7,dgn_qmix,coord_grid,7,663,16600,44.5,25,0.86859125,2.3604275286197662,15.447294553120932,94.54077779996442
dgn_complete__pair_N6_ego_attention__seed7,dgn_qmix,coord_grid,7,664,16625,58.5,25,0.8683933333333334,1.4951670042106084,18.955506120409286,94.67508829996223
dgn_complete__pair_N6_ego_attention__seed7,dgn_qmix,coord_grid,7,665,16650,53.5,25,0.8681954166666667,1.5202895055214565,16.880773782730103,94.78207630000543
dgn_complete__pair_N6_ego_attention__seed7,dgn_qmix,coord_grid,7,666,16675,48.0,25,0.8679975,1.6099669535954793,34.34359153111776,94.92273399996338
dgn_complete__pair_N6_ego_attention__seed7,dgn_qmix,coord_grid,7,667,16700,56.0,25,0.8677995833333334,1.6553879032532375,19.06168270111084,95.04496619995916
dgn_complete__pair_N6_ego_attention__seed7,dgn_qmix,coord_grid,7,668,16725,39.0,25,0.8676016666666666,1.9214712721960885,14.394651821681432,95.20054459996754
dgn_complete__pair_N6_ego_attention__seed7,dgn_qmix,coord_grid,7,669,16750,63.5,25,0.86740375,1.112580602367719,13.721036354700724,95.33767209999496
dgn_complete__pair_N6_ego_attention__seed7,dgn_qmix,coord_grid,7,670,16775,43.5,25,0.8672058333333333,2.202423095703125,20.616719563802082,95.47658159997081
dgn_complete__pair_N6_ego_attention__seed7,dgn_qmix,coord_grid,7,671,16800,59.0,25,0.8670079166666667,0.976309284567833,14.505700826644897,95.63047259999439
dgn_complete__pair_N6_ego_attention__seed7,dgn_qmix,coord_grid,7,672,16825,53.5,25,0.8668100000000001,2.274326890707016,14.244765894753593,95.78658419998828
dgn_complete__pair_N6_ego_attention__seed7,dgn_qmix,coord_grid,7,673,16850,55.5,25,0.8666120833333333,2.2356886863708496,16.646926641464233,95.96329739998328
dgn_complete__pair_N6_ego_attention__seed7,dgn_qmix,coord_grid,7,674,16875,52.5,25,0.8664141666666667,1.4030656615893047,25.893672704696655,96.12562989996513
dgn_complete__pair_N6_ego_attention__seed7,dgn_qmix,coord_grid,7,675,16900,50.5,25,0.86621625,1.5027888417243958,17.925273338953655,96.24804639996728
dgn_complete__pair_N6_ego_attention__seed7,dgn_qmix,coord_grid,7,676,16925,51.0,25,0.8660183333333333,2.4843244424888065,14.694024767194476,96.41159189998871
dgn_complete__pair_N6_ego_attention__seed7,dgn_qmix,coord_grid,7,677,16950,46.5,25,0.8658204166666666,2.224378307660421,15.162400007247925,96.53207600000314
dgn_complete__pair_N6_ego_attention__seed7,dgn_qmix,coord_grid,7,678,16975,56.5,25,0.8656225,1.3605138162771861,24.823200861612957,96.68874199996935
dgn_complete__pair_N6_ego_attention__seed7,dgn_qmix,coord_grid,7,679,17000,54.0,25,0.8654245833333334,1.9099243978659313,17.097190380096436,96.84914369997568
dgn_complete__pair_N6_ego_attention__seed7,dgn_qmix,coord_grid,7,680,17025,52.0,25,0.8652266666666667,2.1210077149527415,35.812321526663645,96.99200049997307
dgn_complete__pair_N6_ego_attention__seed7,dgn_qmix,coord_grid,7,681,17050,53.0,25,0.86502875,2.157539834578832,25.973794380823772,97.11894650000613
dgn_complete__pair_N6_ego_attention__seed7,dgn_qmix,coord_grid,7,682,17075,48.5,25,0.8648308333333333,2.17829592525959,14.797998666763306,97.21980149997398
dgn_complete__pair_N6_ego_attention__seed7,dgn_qmix,coord_grid,7,683,17100,66.0,25,0.8646329166666666,1.4208265046278636,14.474842309951782,97.39989479997894
dgn_complete__pair_N6_ego_attention__seed7,dgn_qmix,coord_grid,7,684,17125,50.0,25,0.8644350000000001,2.338962116411754,11.631700447627477,97.5630969000049
dgn_complete__pair_N6_ego_attention__seed7,dgn_qmix,coord_grid,7,685,17150,40.5,25,0.8642370833333334,1.6117636412382126,14.653419017791748,97.73395779996645
dgn_complete__pair_N6_ego_attention__seed7,dgn_qmix,coord_grid,7,686,17175,44.5,25,0.8640391666666667,1.7896366566419601,13.496734460194906,97.86781610001344
dgn_complete__pair_N6_ego_attention__seed7,dgn_qmix,coord_grid,7,687,17200,49.0,25,0.86384125,1.9916111528873444,14.299433787663778,97.97663180000382
dgn_complete__pair_N6_ego_attention__seed7,dgn_qmix,coord_grid,7,688,17225,52.5,25,0.8636433333333333,1.7679056865828378,12.400516850607735,98.09702449996257
dgn_complete__pair_N6_ego_attention__seed7,dgn_qmix,coord_grid,7,689,17250,44.5,25,0.8634454166666667,1.1800461808840434,10.41305156548818,98.23624100000598
dgn_complete__pair_N6_ego_attention__seed7,dgn_qmix,coord_grid,7,690,17275,45.0,25,0.8632475,2.002927616238594,13.489802837371826,98.3806699999841
dgn_complete__pair_N6_ego_attention__seed7,dgn_qmix,coord_grid,7,691,17300,45.5,25,0.8630495833333334,1.2455220421155293,20.494029362996418,98.49930859997403
dgn_complete__pair_N6_ego_attention__seed7,dgn_qmix,coord_grid,7,692,17325,46.5,25,0.8628516666666667,1.4209713978426797,9.279176371438163,98.64608199999202
dgn_complete__pair_N6_ego_attention__seed7,dgn_qmix,coord_grid,7,693,17350,41.5,25,0.86265375,2.980687623222669,17.359421094258625,98.76752260001376
dgn_complete__pair_N6_ego_attention__seed7,dgn_qmix,coord_grid,7,694,17375,53.5,25,0.8624558333333333,1.754045993089676,14.921404441197714,98.89446699997643
dgn_complete__pair_N6_ego_attention__seed7,dgn_qmix,coord_grid,7,695,17400,47.0,25,0.8622579166666666,1.7295062343279521,11.540980100631714,99.02673209999921
dgn_complete__pair_N6_ego_attention__seed7,dgn_qmix,coord_grid,7,696,17425,55.5,25,0.86206,1.9021099039486475,14.102764674595424,99.1753747999901
dgn_complete__pair_N6_ego_attention__seed7,dgn_qmix,coord_grid,7,697,17450,49.5,25,0.8618620833333334,2.143640865882238,25.445560455322266,99.30371319997357
dgn_complete__pair_N6_ego_attention__seed7,dgn_qmix,coord_grid,7,698,17475,55.5,25,0.8616641666666667,2.6807836641867957,28.139888048171997,99.43940009997459
dgn_complete__pair_N6_ego_attention__seed7,dgn_qmix,coord_grid,7,699,17500,54.5,25,0.86146625,2.801199565331141,21.92992854118347,99.57269429997541
dgn_complete__pair_N6_ego_attention__seed7,dgn_qmix,coord_grid,7,700,17525,50.0,25,0.8612683333333333,1.6363160227026259,18.34840304510934,99.72483459999785
dgn_complete__pair_N6_ego_attention__seed7,dgn_qmix,coord_grid,7,701,17550,52.0,25,0.8610704166666667,2.0965974976619086,32.29608988761902,99.83914709999226
dgn_complete__pair_N6_ego_attention__seed7,dgn_qmix,coord_grid,7,702,17575,50.0,25,0.8608725,2.362261399626732,14.33529551823934,99.96849790000124
dgn_complete__pair_N6_ego_attention__seed7,dgn_qmix,coord_grid,7,703,17600,59.0,25,0.8606745833333334,2.561583270629247,13.969430128733316,100.10407559998566
dgn_complete__pair_N6_ego_attention__seed7,dgn_qmix,coord_grid,7,704,17625,51.5,25,0.8604766666666667,1.63258116372994,9.340669870376587,100.21894849999808
dgn_complete__pair_N6_ego_attention__seed7,dgn_qmix,coord_grid,7,705,17650,38.5,25,0.86027875,2.403578465183576,11.65952181816101,100.38013679999858
dgn_complete__pair_N6_ego_attention__seed7,dgn_qmix,coord_grid,7,706,17675,34.5,25,0.8600808333333334,2.8077879548072815,17.443832238515217,100.53222609998193
dgn_complete__pair_N6_ego_attention__seed7,dgn_qmix,coord_grid,7,707,17700,55.0,25,0.8598829166666667,2.2281745225191116,17.3213845094045,100.71593139995821
dgn_complete__pair_N6_ego_attention__seed7,dgn_qmix,coord_grid,7,708,17725,43.0,25,0.859685,1.9176275091511863,14.751913888113839,100.83161569997901
dgn_complete__pair_N6_ego_attention__seed7,dgn_qmix,coord_grid,7,709,17750,41.0,25,0.8594870833333333,2.1633757253487906,8.96419072151184,100.9648576999898
dgn_complete__pair_N6_ego_attention__seed7,dgn_qmix,coord_grid,7,710,17775,55.5,25,0.8592891666666667,0.6172875066598257,10.341870148976644,101.07221829995979
dgn_complete__pair_N6_ego_attention__seed7,dgn_qmix,coord_grid,7,711,17800,42.5,25,0.85909125,1.621376633644104,16.86124809583028,101.21981959999539
dgn_complete__pair_N6_ego_attention__seed7,dgn_qmix,coord_grid,7,712,17825,45.5,25,0.8588933333333333,3.348987809249333,58.52439171927316,101.37577069998952
dgn_complete__pair_N6_ego_attention__seed7,dgn_qmix,coord_grid,7,713,17850,53.5,25,0.8586954166666667,2.577867348988851,25.897116502126057,101.48914789996343
dgn_complete__pair_N6_ego_attention__seed7,dgn_qmix,coord_grid,7,714,17875,46.5,25,0.8584975,2.5366780012845993,20.02099609375,101.62477689998923
dgn_complete__pair_N6_ego_attention__seed7,dgn_qmix,coord_grid,7,715,17900,56.5,25,0.8582995833333333,1.9086955686410267,27.654781818389893,101.7435131999664
dgn_complete__pair_N6_ego_attention__seed7,dgn_qmix,coord_grid,7,716,17925,53.5,25,0.8581016666666667,2.170034783227103,10.789673124040876,101.91338909999467
dgn_complete__pair_N6_ego_attention__seed7,dgn_qmix,coord_grid,7,717,17950,43.5,25,0.85790375,1.6327834874391556,11.215118090311686,102.02991009998368
dgn_complete__pair_N6_ego_attention__seed7,dgn_qmix,coord_grid,7,718,17975,59.0,25,0.8577058333333334,2.4975061813990274,14.272706031799316,102.17372889997205
dgn_complete__pair_N6_ego_attention__seed7,dgn_qmix,coord_grid,7,719,18000,53.0,25,0.8575079166666667,2.679113691051801,22.89166529973348,102.3076881999732
dgn_complete__pair_N6_ego_attention__seed7,dgn_qmix,coord_grid,7,720,18025,49.5,25,0.85731,1.9751239376408714,15.090744631631035,102.50890499999514
dgn_complete__pair_N6_ego_attention__seed7,dgn_qmix,coord_grid,7,721,18050,46.5,25,0.8571120833333333,2.8721724351247153,24.03941535949707,102.62705489998916
dgn_complete__pair_N6_ego_attention__seed7,dgn_qmix,coord_grid,7,722,18075,58.0,25,0.8569141666666666,1.6759477307399113,12.753035942713419,102.7481645999942
dgn_complete__pair_N6_ego_attention__seed7,dgn_qmix,coord_grid,7,723,18100,47.0,25,0.8567162500000001,1.9000560641288757,23.907684008280437,102.88041599997086
dgn_complete__pair_N6_ego_attention__seed7,dgn_qmix,coord_grid,7,724,18125,58.5,25,0.8565183333333334,1.1448296180793218,14.922794614519391,103.02336980000837
dgn_complete__pair_N6_ego_attention__seed7,dgn_qmix,coord_grid,7,725,18150,39.0,25,0.8563204166666667,2.235060994823774,18.244040966033936,103.16938079998363
dgn_complete__pair_N6_ego_attention__seed7,dgn_qmix,coord_grid,7,726,18175,45.5,25,0.8561225,1.005420297384262,12.059402028719584,103.29378199996427
dgn_complete__pair_N6_ego_attention__seed7,dgn_qmix,coord_grid,7,727,18200,53.5,25,0.8559245833333333,0.8719533085823059,15.278132120768229,103.39237560000038
dgn_complete__pair_N6_ego_attention__seed7,dgn_qmix,coord_grid,7,728,18225,49.0,25,0.8557266666666666,2.806389170033591,24.98340824672154,103.5735206999816
dgn_complete__pair_N6_ego_attention__seed7,dgn_qmix,coord_grid,7,729,18250,49.5,25,0.85552875,2.5842931667963662,30.966663360595703,103.66443999996409
dgn_complete__pair_N6_ego_attention__seed7,dgn_qmix,coord_grid,7,730,18275,53.0,25,0.8553308333333334,1.2652147710323334,20.10846201578776,103.77045680000447
dgn_complete__pair_N6_ego_attention__seed7,dgn_qmix,coord_grid,7,731,18300,55.5,25,0.8551329166666667,1.9091617713371913,29.263328194618225,103.88665239996044
dgn_complete__pair_N6_ego_attention__seed7,dgn_qmix,coord_grid,7,732,18325,51.0,25,0.854935,2.3279088671718324,11.894489083971296,104.04097249999177
dgn_complete__pair_N6_ego_attention__seed7,dgn_qmix,coord_grid,7,733,18350,55.0,25,0.8547370833333333,2.4575130939483643,12.895030577977499,104.19219269999303
dgn_complete__pair_N6_ego_attention__seed7,dgn_qmix,coord_grid,7,734,18375,49.0,25,0.8545391666666666,2.0665816764036813,11.833964029947916,104.37706599995727
dgn_complete__pair_N6_ego_attention__seed7,dgn_qmix,coord_grid,7,735,18400,44.0,25,0.85434125,1.2611455569664638,14.898184378941854,104.5054519000114
dgn_complete__pair_N6_ego_attention__seed7,dgn_qmix,coord_grid,7,736,18425,50.0,25,0.8541433333333334,1.9664796377931322,18.77063056400844,104.68050720001338
dgn_complete__pair_N6_ego_attention__seed7,dgn_qmix,coord_grid,7,737,18450,47.5,25,0.8539454166666667,2.467758188645045,16.669480959574383,104.82293929997832
dgn_complete__pair_N6_ego_attention__seed7,dgn_qmix,coord_grid,7,738,18475,52.0,25,0.8537475,2.058545390764872,12.433475335439047,104.94266150001204
dgn_complete__pair_N6_ego_attention__seed7,dgn_qmix,coord_grid,7,739,18500,45.5,25,0.8535495833333333,2.6598741014798484,15.60654846827189,105.09640539996326
dgn_complete__pair_N6_ego_attention__seed7,dgn_qmix,coord_grid,7,740,18525,45.5,25,0.8533516666666666,1.4577166267803736,12.705526965005058,105.29319990001386
dgn_complete__pair_N6_ego_attention__seed7,dgn_qmix,coord_grid,7,741,18550,46.5,25,0.85315375,1.6332014749447505,21.38761019706726,105.43093259999296
dgn_complete__pair_N6_ego_attention__seed7,dgn_qmix,coord_grid,7,742,18575,49.5,25,0.8529558333333334,2.496382787823677,20.018829345703125,105.55862999998499
dgn_complete__pair_N6_ego_attention__seed7,dgn_qmix,coord_grid,7,743,18600,52.5,25,0.8527579166666667,2.3517513473828635,26.060218334197998,105.66145849996246
dgn_complete__pair_N6_ego_attention__seed7,dgn_qmix,coord_grid,7,744,18625,46.0,25,0.85256,2.5402807678495134,48.30049215044294,105.8690775000141
dgn_complete__pair_N6_ego_attention__seed7,dgn_qmix,coord_grid,7,745,18650,43.0,25,0.8523620833333333,1.8874952991803486,35.75823561350504,105.9916407999699
dgn_complete__pair_N6_ego_attention__seed7,dgn_qmix,coord_grid,7,746,18675,48.0,25,0.8521641666666667,1.7554601728916168,27.035597165425617,106.1578002999886
dgn_complete__pair_N6_ego_attention__seed7,dgn_qmix,coord_grid,7,747,18700,43.0,25,0.85196625,1.7414752542972565,22.705113569895428,106.30774219997693
dgn_complete__pair_N6_ego_attention__seed7,dgn_qmix,coord_grid,7,748,18725,38.5,25,0.8517683333333333,3.081642542566572,10.497133731842041,106.42475649999687
dgn_complete__pair_N6_ego_attention__seed7,dgn_qmix,coord_grid,7,749,18750,57.0,25,0.8515704166666667,3.0128470112880072,11.766040007273356,106.60099740000442
dgn_complete__pair_N6_ego_attention__seed7,dgn_qmix,coord_grid,7,750,18775,56.5,25,0.8513725,2.1815234472354255,19.957632939020794,106.7942871999694
dgn_complete__pair_N6_ego_attention__seed7,dgn_qmix,coord_grid,7,751,18800,48.0,25,0.8511745833333333,2.8126455346743264,11.67334254582723,107.02043279999634
dgn_complete__pair_N6_ego_attention__seed7,dgn_qmix,coord_grid,7,752,18825,48.5,25,0.8509766666666667,1.9135588918413435,11.295879091535296,107.22697889996925
dgn_complete__pair_N6_ego_attention__seed7,dgn_qmix,coord_grid,7,753,18850,49.5,25,0.85077875,1.7300309638182323,15.748157660166422,107.43042469996726
dgn_complete__pair_N6_ego_attention__seed7,dgn_qmix,coord_grid,7,754,18875,53.5,25,0.8505808333333333,2.1747565070788064,14.431422710418701,107.5799066000036
dgn_complete__pair_N6_ego_attention__seed7,dgn_qmix,coord_grid,7,755,18900,50.0,25,0.8503829166666667,2.6524363458156586,20.74130407969157,107.73356869997224
dgn_complete__pair_N6_ego_attention__seed7,dgn_qmix,coord_grid,7,756,18925,52.0,25,0.850185,1.1742490572588784,19.16275426319667,107.93405099998927
dgn_complete__pair_N6_ego_attention__seed7,dgn_qmix,coord_grid,7,757,18950,38.5,25,0.8499870833333334,1.9858522613843281,18.569182872772217,108.13989529997343
dgn_complete__pair_N6_ego_attention__seed7,dgn_qmix,coord_grid,7,758,18975,54.5,25,0.8497891666666667,0.8113748182853063,21.74933958053589,108.2747561999713
dgn_complete__pair_N6_ego_attention__seed7,dgn_qmix,coord_grid,7,759,19000,46.0,25,0.84959125,3.6987001498540244,24.283207893371582,108.37974130001385
dgn_complete__pair_N6_ego_attention__seed7,dgn_qmix,coord_grid,7,760,19025,52.0,25,0.8493933333333333,1.8376370540687017,13.431964601789202,108.51540909998585
dgn_complete__pair_N6_ego_attention__seed7,dgn_qmix,coord_grid,7,761,19050,55.5,25,0.8491954166666666,2.9904676526784897,26.55830971399943,108.63147259998368
dgn_complete__pair_N6_ego_attention__seed7,dgn_qmix,coord_grid,7,762,19075,42.0,25,0.8489975,2.6305435448884964,25.856985171635944,108.79221909999615
dgn_complete__pair_N6_ego_attention__seed7,dgn_qmix,coord_grid,7,763,19100,51.0,25,0.8487995833333333,1.9409102847178776,12.832157691319784,108.95949869998731
dgn_complete__pair_N6_ego_attention__seed7,dgn_qmix,coord_grid,7,764,19125,51.0,25,0.8486016666666667,2.82284277677536,13.731290408543178,109.0990393999964
dgn_complete__pair_N6_ego_attention__seed7,dgn_qmix,coord_grid,7,765,19150,47.5,25,0.84840375,2.4078039129575095,12.047917604446411,109.23799619998317
dgn_complete__pair_N6_ego_attention__seed7,dgn_qmix,coord_grid,7,766,19175,60.5,25,0.8482058333333333,2.9783996492624283,22.80214778582255,109.39962719997857
dgn_complete__pair_N6_ego_attention__seed7,dgn_qmix,coord_grid,7,767,19200,47.5,25,0.8480079166666666,2.1308324187994003,11.86165722211202,109.54716299998108
dgn_complete__pair_N6_ego_attention__seed7,dgn_qmix,coord_grid,7,768,19225,60.0,25,0.84781,2.5861789797033583,12.997894150870186,109.70389239996439
dgn_complete__pair_N6_ego_attention__seed7,dgn_qmix,coord_grid,7,769,19250,46.5,25,0.8476120833333334,2.1871109902858734,9.943768978118896,109.86406809999608
dgn_complete__pair_N6_ego_attention__seed7,dgn_qmix,coord_grid,7,770,19275,54.0,25,0.8474141666666667,1.721272627512614,10.785920778910318,110.02102839999134
dgn_complete__pair_N6_ego_attention__seed7,dgn_qmix,coord_grid,7,771,19300,42.5,25,0.84721625,1.9044037808974583,15.859268347422281,110.14623809995828
dgn_complete__pair_N6_ego_attention__seed7,dgn_qmix,coord_grid,7,772,19325,36.5,25,0.8470183333333333,2.7961554612432207,15.013035093035016,110.28913300001295
dgn_complete__pair_N6_ego_attention__seed7,dgn_qmix,coord_grid,7,773,19350,41.5,25,0.8468204166666666,1.699723909298579,12.116853793462118,110.39927709999029
dgn_complete__pair_N6_ego_attention__seed7,dgn_qmix,coord_grid,7,774,19375,58.5,25,0.8466225000000001,0.7881051599979401,16.833357612291973,110.53421199996956
dgn_complete__pair_N6_ego_attention__seed7,dgn_qmix,coord_grid,7,775,19400,52.0,25,0.8464245833333334,1.52973568936189,18.437344471613567,110.64998899999773
dgn_complete__pair_N6_ego_attention__seed7,dgn_qmix,coord_grid,7,776,19425,61.0,25,0.8462266666666667,2.5851346594946727,58.000934668949675,110.77445379999699
dgn_complete__pair_N6_ego_attention__seed7,dgn_qmix,coord_grid,7,777,19450,47.0,25,0.84602875,2.5037066489458084,46.200127919514976,110.88407769997139
dgn_complete__pair_N6_ego_attention__seed7,dgn_qmix,coord_grid,7,778,19475,56.0,25,0.8458308333333333,2.592945863803228,30.641061305999756,111.00372619996779
dgn_complete__pair_N6_ego_attention__seed7,dgn_qmix,coord_grid,7,779,19500,50.5,25,0.8456329166666667,3.22898801167806,30.380149205525715,111.12655019998783
dgn_complete__pair_N6_ego_attention__seed7,dgn_qmix,coord_grid,7,780,19525,41.0,25,0.8454349999999999,3.317760863474437,25.30267252240862,111.27374529995723
dgn_complete__pair_N6_ego_attention__seed7,dgn_qmix,coord_grid,7,781,19550,46.5,25,0.8452370833333334,2.458948001265526,21.08134190241496,111.36965379997855
dgn_complete__pair_N6_ego_attention__seed7,dgn_qmix,coord_grid,7,782,19575,61.0,25,0.8450391666666667,1.512379561861356,14.273309151331583,111.50616180000361
dgn_complete__pair_N6_ego_attention__seed7,dgn_qmix,coord_grid,7,783,19600,48.5,25,0.84484125,1.4927599430084229,11.674252192179361,111.62711850000778
dgn_complete__pair_N6_ego_attention__seed7,dgn_qmix,coord_grid,7,784,19625,36.5,25,0.8446433333333333,1.64201443535941,25.02518081665039,111.77187429997139
dgn_complete__pair_N6_ego_attention__seed7,dgn_qmix,coord_grid,7,785,19650,53.5,25,0.8444454166666666,1.4244988212982814,21.793891270955402,111.91000729997177
dgn_complete__pair_N6_ego_attention__seed7,dgn_qmix,coord_grid,7,786,19675,54.5,25,0.8442475,2.2145527799924216,20.82766930262248,112.06283149996307
dgn_complete__pair_N6_ego_attention__seed7,dgn_qmix,coord_grid,7,787,19700,43.5,25,0.8440495833333334,2.907026926676432,17.210120757420857,112.21015519998036
dgn_complete__pair_N6_ego_attention__seed7,dgn_qmix,coord_grid,7,788,19725,66.0,25,0.8438516666666667,2.1667856786932265,19.579275948660715,112.35821569996187
dgn_complete__pair_N6_ego_attention__seed7,dgn_qmix,coord_grid,7,789,19750,53.5,25,0.84365375,3.1695220470428467,19.296316464742024,112.45685899996897
dgn_complete__pair_N6_ego_attention__seed7,dgn_qmix,coord_grid,7,790,19775,46.5,25,0.8434558333333333,2.0060188621282578,16.93307097752889,112.6023220999632
dgn_complete__pair_N6_ego_attention__seed7,dgn_qmix,coord_grid,7,791,19800,49.5,25,0.8432579166666667,2.0951568484306335,33.8428586324056,112.7168468000018
dgn_complete__pair_N6_ego_attention__seed7,dgn_qmix,coord_grid,7,792,19825,54.0,25,0.84306,2.916727547134672,15.851155621664864,112.84773509996012
dgn_complete__pair_N6_ego_attention__seed7,dgn_qmix,coord_grid,7,793,19850,58.5,25,0.8428620833333333,2.0356398671865463,35.042969703674316,113.02529349998804
dgn_complete__pair_N6_ego_attention__seed7,dgn_qmix,coord_grid,7,794,19875,47.0,25,0.8426641666666667,2.665207246939341,41.50658702850342,113.17214469995815
dgn_complete__pair_N6_ego_attention__seed7,dgn_qmix,coord_grid,7,795,19900,45.5,25,0.84246625,2.113577996691068,28.6265549659729,113.33642040000996
dgn_complete__pair_N6_ego_attention__seed7,dgn_qmix,coord_grid,7,796,19925,48.0,25,0.8422683333333334,2.608137811933245,20.184891564505442,113.49021640000865
dgn_complete__pair_N6_ego_attention__seed7,dgn_qmix,coord_grid,7,797,19950,43.5,25,0.8420704166666666,2.7334561745325723,13.43373990058899,113.5930653999676
dgn_complete__pair_N6_ego_attention__seed7,dgn_qmix,coord_grid,7,798,19975,53.5,25,0.8418725,2.603234648704529,15.636199553807577,113.75742809998337
dgn_complete__pair_N6_ego_attention__seed7,dgn_qmix,coord_grid,7,799,20000,57.5,25,0.8416745833333333,0.871177022655805,23.17658456166585,113.93882769998163
dgn_complete__pair_N6_ego_attention__seed7,dgn_qmix,coord_grid,7,800,20025,54.0,25,0.8414766666666667,1.5928396156855993,18.877018996647426,114.10562619997654
dgn_complete__pair_N6_ego_attention__seed7,dgn_qmix,coord_grid,7,801,20050,42.0,25,0.8412787500000001,1.8240127364794414,23.277319590250652,114.28139739995822
dgn_complete__pair_N6_ego_attention__seed7,dgn_qmix,coord_grid,7,802,20075,49.0,25,0.8410808333333333,1.8640183210372925,32.77716906865438,114.40605669998331
dgn_complete__pair_N6_ego_attention__seed7,dgn_qmix,coord_grid,7,803,20100,38.0,25,0.8408829166666667,1.8569030066331227,30.099688212076824,114.54532500001369
dgn_complete__pair_N6_ego_attention__seed7,dgn_qmix,coord_grid,7,804,20125,44.0,25,0.840685,1.4624283100877489,28.922967638288224,114.7099343999871
dgn_complete__pair_N6_ego_attention__seed7,dgn_qmix,coord_grid,7,805,20150,38.5,25,0.8404870833333333,2.834433853626251,13.993415037790934,114.89098859997466
dgn_complete__pair_N6_ego_attention__seed7,dgn_qmix,coord_grid,7,806,20175,58.0,25,0.8402891666666666,1.368341530362765,17.113418340682983,115.06602379999822
dgn_complete__pair_N6_ego_attention__seed7,dgn_qmix,coord_grid,7,807,20200,44.5,25,0.84009125,2.199557587504387,18.329441865285236,115.21331640001154
dgn_complete__pair_N6_ego_attention__seed7,dgn_qmix,coord_grid,7,808,20225,43.5,25,0.8398933333333334,2.9389651715755463,57.019737924848286,115.3475894999574
dgn_complete__pair_N6_ego_attention__seed7,dgn_qmix,coord_grid,7,809,20250,51.0,25,0.8396954166666667,2.42672099173069,32.220589796702065,115.45352889999049
dgn_complete__pair_N6_ego_attention__seed7,dgn_qmix,coord_grid,7,810,20275,47.5,25,0.8394975,1.3855706055959065,26.761287132898968,115.5992561999592
dgn_complete__pair_N6_ego_attention__seed7,dgn_qmix,coord_grid,7,811,20300,50.0,25,0.8392995833333333,3.2592360377311707,22.780956586201984,115.72008509997977
dgn_complete__pair_N6_ego_attention__seed7,dgn_qmix,coord_grid,7,812,20325,47.5,25,0.8391016666666666,2.682815287794386,18.537830897739955,115.91076870000688
dgn_complete__pair_N6_ego_attention__seed7,dgn_qmix,coord_grid,7,813,20350,47.0,25,0.8389037500000001,2.5737821708122888,19.833862622578938,116.07429879996926
dgn_complete__pair_N6_ego_attention__seed7,dgn_qmix,coord_grid,7,814,20375,49.0,25,0.8387058333333334,2.037723978360494,18.690156936645508,116.23115969996434
dgn_complete__pair_N6_ego_attention__seed7,dgn_qmix,coord_grid,7,815,20400,53.5,25,0.8385079166666667,1.9840484062830608,15.901788234710693,116.34812729997793
dgn_complete__pair_N6_ego_attention__seed7,dgn_qmix,coord_grid,7,816,20425,50.0,25,0.83831,3.590974884373801,21.095030852726527,116.4947004999849
dgn_complete__pair_N6_ego_attention__seed7,dgn_qmix,coord_grid,7,817,20450,53.0,25,0.8381120833333333,1.7710411151250203,13.375871102015177,116.62164769996889
dgn_complete__pair_N6_ego_attention__seed7,dgn_qmix,coord_grid,7,818,20475,46.0,25,0.8379141666666667,3.2457849284013114,14.979873498280844,116.8299987000064
dgn_complete__pair_N6_ego_attention__seed7,dgn_qmix,coord_grid,7,819,20500,50.5,25,0.8377162499999999,1.0928234656651814,18.58084789911906,116.94561990001239
dgn_complete__pair_N6_ego_attention__seed7,dgn_qmix,coord_grid,7,820,20525,52.0,25,0.8375183333333334,1.4648310456957137,25.85973126547677,117.05755669996142
dgn_complete__pair_N6_ego_attention__seed7,dgn_qmix,coord_grid,7,821,20550,54.5,25,0.8373204166666667,1.5501986667513847,19.488595803578693,117.19699099997524
dgn_complete__pair_N6_ego_attention__seed7,dgn_qmix,coord_grid,7,822,20575,50.0,25,0.8371225,1.7692281504472096,12.89978543917338,117.33460439997725
dgn_complete__pair_N6_ego_attention__seed7,dgn_qmix,coord_grid,7,823,20600,41.0,25,0.8369245833333333,3.1580605655908585,11.057068268458048,117.4964807999786
dgn_complete__pair_N6_ego_attention__seed7,dgn_qmix,coord_grid,7,824,20625,47.0,25,0.8367266666666666,1.3887628700051988,14.830047130584717,117.6878921999596
dgn_complete__pair_N6_ego_attention__seed7,dgn_qmix,coord_grid,7,825,20650,54.5,25,0.83652875,2.7498244047164917,21.629063924153645,117.8191220999579
dgn_complete__pair_N6_ego_attention__seed7,dgn_qmix,coord_grid,7,826,20675,55.5,25,0.8363308333333334,1.7609743078549702,17.063405911127727,117.95727660000557
dgn_complete__pair_N6_ego_attention__seed7,dgn_qmix,coord_grid,7,827,20700,58.0,25,0.8361329166666667,1.9803791493177414,13.806387424468994,118.11772819998441
dgn_complete__pair_N6_ego_attention__seed7,dgn_qmix,coord_grid,7,828,20725,43.0,25,0.835935,3.469849548169545,20.957238946642196,118.27639119996456
dgn_complete__pair_N6_ego_attention__seed7,dgn_qmix,coord_grid,7,829,20750,44.0,25,0.8357370833333333,2.511727049946785,21.352697213490803,118.3991890999605
dgn_complete__pair_N6_ego_attention__seed7,dgn_qmix,coord_grid,7,830,20775,50.0,25,0.8355391666666667,2.1284242371718087,32.730496962865196,118.5277770999819
dgn_complete__pair_N6_ego_attention__seed7,dgn_qmix,coord_grid,7,831,20800,52.5,25,0.83534125,1.8218148748079936,24.07792584101359,118.66107839997858
dgn_complete__pair_N6_ego_attention__seed7,dgn_qmix,coord_grid,7,832,20825,44.0,25,0.8351433333333333,2.1776528571333205,20.399020399366105,118.81937479996122
dgn_complete__pair_N6_ego_attention__seed7,dgn_qmix,coord_grid,7,833,20850,47.0,25,0.8349454166666667,2.553298388918241,18.519995371500652,118.94829309999477
dgn_complete__pair_N6_ego_attention__seed7,dgn_qmix,coord_grid,7,834,20875,61.0,25,0.8347475,2.4822974801063538,18.537026564280193,119.08686260000104
dgn_complete__pair_N6_ego_attention__seed7,dgn_qmix,coord_grid,7,835,20900,59.5,25,0.8345495833333334,1.0666794975598652,10.376950979232788,119.1998634999618
dgn_complete__pair_N6_ego_attention__seed7,dgn_qmix,coord_grid,7,836,20925,51.0,25,0.8343516666666666,1.7975439940180098,16.21857248033796,119.36237429996254
dgn_complete__pair_N6_ego_attention__seed7,dgn_qmix,coord_grid,7,837,20950,45.5,25,0.83415375,2.5265956819057465,22.270355065663654,119.50192589999642
dgn_complete__pair_N6_ego_attention__seed7,dgn_qmix,coord_grid,7,838,20975,43.0,25,0.8339558333333333,3.9736161679029465,13.968907992045084,119.6137572999578
dgn_complete__pair_N6_ego_attention__seed7,dgn_qmix,coord_grid,7,839,21000,48.5,25,0.8337579166666667,2.319566935300827,14.150654077529907,119.74902129999828
dgn_complete__pair_N6_ego_attention__seed7,dgn_qmix,coord_grid,7,840,21025,43.5,25,0.8335600000000001,3.0883629662649974,50.708084515162874,119.9245060000103
dgn_complete__pair_N6_ego_attention__seed7,dgn_qmix,coord_grid,7,841,21050,41.0,25,0.8333620833333333,3.8193581899007163,47.49467213948568,120.05167109996546
dgn_complete__pair_N6_ego_attention__seed7,dgn_qmix,coord_grid,7,842,21075,51.0,25,0.8331641666666667,1.9719060162703197,39.84128443400065,120.18184789997758
dgn_complete__pair_N6_ego_attention__seed7,dgn_qmix,coord_grid,7,843,21100,44.0,25,0.83296625,2.0549716353416443,44.8744109471639,120.366870799975
dgn_complete__pair_N6_ego_attention__seed7,dgn_qmix,coord_grid,7,844,21125,44.5,25,0.8327683333333333,1.9439701097352164,35.69435065133231,120.49875829997472
dgn_complete__pair_N6_ego_attention__seed7,dgn_qmix,coord_grid,7,845,21150,53.5,25,0.8325704166666666,1.878009965022405,23.262636025746662,120.6802166000125
dgn_complete__pair_N6_ego_attention__seed7,dgn_qmix,coord_grid,7,846,21175,51.0,25,0.8323725,2.08295630911986,15.23810338973999,120.81171430001268
dgn_complete__pair_N6_ego_attention__seed7,dgn_qmix,coord_grid,7,847,21200,56.0,25,0.8321745833333334,1.8672209978103638,11.228739261627197,120.93499579996569
dgn_complete__pair_N6_ego_attention__seed7,dgn_qmix,coord_grid,7,848,21225,55.0,25,0.8319766666666667,1.293087090764727,23.69032233101981,121.07307899999432
dgn_complete__pair_N6_ego_attention__seed7,dgn_qmix,coord_grid,7,849,21250,58.5,25,0.83177875,3.2856503327687583,29.582671483357746,121.2454834000091
dgn_complete__pair_N6_ego_attention__seed7,dgn_qmix,coord_grid,7,850,21275,43.5,25,0.8315808333333333,2.1288127452135086,23.020737012227375,121.3865567999892
dgn_complete__pair_N6_ego_attention__seed7,dgn_qmix,coord_grid,7,851,21300,43.0,25,0.8313829166666666,2.124257748325666,28.719387769699097,121.53580700000748
dgn_complete__pair_N6_ego_attention__seed7,dgn_qmix,coord_grid,7,852,21325,44.5,25,0.8311850000000001,2.083741307258606,17.82914243425642,121.70666560000973
dgn_complete__pair_N6_ego_attention__seed7,dgn_qmix,coord_grid,7,853,21350,59.5,25,0.8309870833333334,2.645323028167089,17.529797395070393,121.85683239996433
dgn_complete__pair_N6_ego_attention__seed7,dgn_qmix,coord_grid,7,854,21375,54.5,25,0.8307891666666667,2.8788400491078696,26.467178026835125,122.00392990000546
dgn_complete__pair_N6_ego_attention__seed7,dgn_qmix,coord_grid,7,855,21400,51.5,25,0.83059125,2.3700730005900064,21.125351746877033,122.10721290000947
dgn_complete__pair_N6_ego_attention__seed7,dgn_qmix,coord_grid,7,856,21425,49.5,25,0.8303933333333333,2.2402620145252774,11.563362530299596,122.27650099998573
dgn_complete__pair_N6_ego_attention__seed7,dgn_qmix,coord_grid,7,857,21450,55.0,25,0.8301954166666667,3.0574466486771903,17.847424268722534,122.38953260000562
dgn_complete__pair_N6_ego_attention__seed7,dgn_qmix,coord_grid,7,858,21475,47.0,25,0.8299974999999999,3.0552461445331573,11.068334658940634,122.53509349998785
dgn_complete__pair_N6_ego_attention__seed7,dgn_qmix,coord_grid,7,859,21500,52.0,25,0.8297995833333334,1.6575392285982768,17.309277455012005,122.63600659999065
dgn_complete__pair_N6_ego_attention__seed7,dgn_qmix,coord_grid,7,860,21525,42.0,25,0.8296016666666667,3.621286528451102,11.147260529654366,122.77649710001424
dgn_complete__pair_N6_ego_attention__seed7,dgn_qmix,coord_grid,7,861,21550,50.0,25,0.82940375,1.4621303379535675,24.879428386688232,122.90910109999822
dgn_complete__pair_N6_ego_attention__seed7,dgn_qmix,coord_grid,7,862,21575,52.5,25,0.8292058333333334,2.3541255990664163,19.54688286781311,123.04183709999779
dgn_complete__pair_N6_ego_attention__seed7,dgn_qmix,coord_grid,7,863,21600,54.5,25,0.8290079166666666,3.8915200730164847,26.1655912399292,123.21552809997229
dgn_complete__pair_N6_ego_attention__seed7,dgn_qmix,coord_grid,7,864,21625,47.0,25,0.82881,2.337249368429184,20.77310221535819,123.33202179998625
dgn_complete__pair_N6_ego_attention__seed7,dgn_qmix,coord_grid,7,865,21650,43.0,25,0.8286120833333334,2.1058215151230493,21.9206116994222,123.45214409998152
dgn_complete__pair_N6_ego_attention__seed7,dgn_qmix,coord_grid,7,866,21675,49.5,25,0.8284141666666667,1.5785509993632634,19.12613598505656,123.64178519998677
dgn_complete__pair_N6_ego_attention__seed7,dgn_qmix,coord_grid,7,867,21700,57.5,25,0.82821625,1.917902797460556,28.76933240890503,123.80056939995848
dgn_complete__pair_N6_ego_attention__seed7,dgn_qmix,coord_grid,7,868,21725,35.5,25,0.8280183333333333,2.085682920047215,11.210879053388323,123.92955110000912
dgn_complete__pair_N6_ego_attention__seed7,dgn_qmix,coord_grid,7,869,21750,54.5,25,0.8278204166666667,1.4537294059991837,14.055554151535034,124.05045089998748
dgn_complete__pair_N6_ego_attention__seed7,dgn_qmix,coord_grid,7,870,21775,45.0,25,0.8276225,2.564318001270294,15.243163824081421,124.23872709996067
dgn_complete__pair_N6_ego_attention__seed7,dgn_qmix,coord_grid,7,871,21800,53.5,25,0.8274245833333334,1.6152606457471848,21.932904084523518,124.38097960001323
dgn_complete__pair_N6_ego_attention__seed7,dgn_qmix,coord_grid,7,872,21825,37.0,25,0.8272266666666667,2.7954904522214616,54.59528650556292,124.51462490000995
dgn_complete__pair_N6_ego_attention__seed7,dgn_qmix,coord_grid,7,873,21850,59.5,25,0.82702875,2.165695230166117,47.52408695220947,124.65044749999652
dgn_complete__pair_N6_ego_attention__seed7,dgn_qmix,coord_grid,7,874,21875,57.0,25,0.8268308333333334,3.1315253178278604,43.19049263000488,124.80113139998866
dgn_complete__pair_N6_ego_attention__seed7,dgn_qmix,coord_grid,7,875,21900,48.0,25,0.8266329166666667,1.9368715782960255,17.255732377370197,124.94112819997827
dgn_complete__pair_N6_ego_attention__seed7,dgn_qmix,coord_grid,7,876,21925,49.5,25,0.826435,2.134391622883933,19.76342466899327,125.09340429998701
dgn_complete__pair_N6_ego_attention__seed7,dgn_qmix,coord_grid,7,877,21950,46.5,25,0.8262370833333333,1.9087772518396378,20.122819264729817,125.20897759997752
dgn_complete__pair_N6_ego_attention__seed7,dgn_qmix,coord_grid,7,878,21975,55.0,25,0.8260391666666667,2.3946255147457123,15.22280510266622,125.30174429999897
dgn_complete__pair_N6_ego_attention__seed7,dgn_qmix,coord_grid,7,879,22000,52.5,25,0.8258412500000001,3.0025243361790976,10.71350916226705,125.46660559996963
dgn_complete__pair_N6_ego_attention__seed7,dgn_qmix,coord_grid,7,880,22025,48.5,25,0.8256433333333333,2.663350020136152,11.650954587118965,125.59922869998263
dgn_complete__pair_N6_ego_attention__seed7,dgn_qmix,coord_grid,7,881,22050,52.0,25,0.8254454166666667,2.8453973730405173,14.848794301350912,125.75365819997387
dgn_complete__pair_N6_ego_attention__seed7,dgn_qmix,coord_grid,7,882,22075,49.5,25,0.8252475,1.6359202812115352,15.744871298472086,125.8719027999905
dgn_complete__pair_N6_ego_attention__seed7,dgn_qmix,coord_grid,7,883,22100,49.5,25,0.8250495833333333,3.1431633979082108,13.72218688329061,125.97245379997185
dgn_complete__pair_N6_ego_attention__seed7,dgn_qmix,coord_grid,7,884,22125,52.0,25,0.8248516666666666,3.1917431695120677,15.681136403764997,126.12645729997894
dgn_complete__pair_N6_ego_attention__seed7,dgn_qmix,coord_grid,7,885,22150,58.5,25,0.82465375,1.4259867121775944,12.771772861480713,126.24320959998295
dgn_complete__pair_N6_ego_attention__seed7,dgn_qmix,coord_grid,7,886,22175,54.5,25,0.8244558333333334,1.3951013435920079,13.746916770935059,126.36883449996822
dgn_complete__pair_N6_ego_attention__seed7,dgn_qmix,coord_grid,7,887,22200,37.5,25,0.8242579166666667,2.9336236913998923,20.77682574590047,126.48188159998972
dgn_complete__pair_N6_ego_attention__seed7,dgn_qmix,coord_grid,7,888,22225,58.0,25,0.82406,0.831482572214944,17.86056341443743,126.6201832999941
dgn_complete__pair_N6_ego_attention__seed7,dgn_qmix,coord_grid,7,889,22250,52.0,25,0.8238620833333333,2.9132410287857056,17.96005853017171,126.77426689997083
dgn_complete__pair_N6_ego_attention__seed7,dgn_qmix,coord_grid,7,890,22275,58.5,25,0.8236641666666666,3.1363138953844705,28.081599553426106,126.91854009998497
dgn_complete__pair_N6_ego_attention__seed7,dgn_qmix,coord_grid,7,891,22300,49.0,25,0.8234662500000001,3.0671708385149636,36.47768211364746,127.05790730001172
dgn_complete__pair_N6_ego_attention__seed7,dgn_qmix,coord_grid,7,892,22325,47.5,25,0.8232683333333334,2.5663478204182217,22.85166563306536,127.19331219996093
dgn_complete__pair_N6_ego_attention__seed7,dgn_qmix,coord_grid,7,893,22350,54.0,25,0.8230704166666667,2.1461076537768045,10.886677662531534,127.30873280001106
dgn_complete__pair_N6_ego_attention__seed7,dgn_qmix,coord_grid,7,894,22375,46.5,25,0.8228725,3.13982621828715,24.602450291315716,127.44612839998445
dgn_complete__pair_N6_ego_attention__seed7,dgn_qmix,coord_grid,7,895,22400,44.0,25,0.8226745833333333,2.7029217978318534,30.32725254694621,127.57206529995892
dgn_complete__pair_N6_ego_attention__seed7,dgn_qmix,coord_grid,7,896,22425,42.0,25,0.8224766666666667,2.6817634659154073,13.894034317561559,127.68507549999049
dgn_complete__pair_N6_ego_attention__seed7,dgn_qmix,coord_grid,7,897,22450,56.5,25,0.82227875,2.220887452363968,14.322782357533773,127.89147729997057
dgn_complete__pair_N6_ego_attention__seed7,dgn_qmix,coord_grid,7,898,22475,35.0,25,0.8220808333333334,3.1138488252957663,13.943441152572632,128.00322519999463
dgn_complete__pair_N6_ego_attention__seed7,dgn_qmix,coord_grid,7,899,22500,45.0,25,0.8218829166666667,1.1447273393472035,10.880201498667398,128.10269669996342
dgn_complete__pair_N6_ego_attention__seed7,dgn_qmix,coord_grid,7,900,22525,51.5,25,0.821685,1.2782087198325567,19.43987226486206,128.25831249996554
dgn_complete__pair_N6_ego_attention__seed7,dgn_qmix,coord_grid,7,901,22550,51.0,25,0.8214870833333333,2.082425286372503,13.124480724334717,128.4443736000103
dgn_complete__pair_N6_ego_attention__seed7,dgn_qmix,coord_grid,7,902,22575,45.5,25,0.8212891666666666,2.8410588850577674,15.86821444829305,128.63058339996496
dgn_complete__pair_N6_ego_attention__seed7,dgn_qmix,coord_grid,7,903,22600,52.5,25,0.82109125,2.922212074200312,24.465636730194092,128.75525609997567
dgn_complete__pair_N6_ego_attention__seed7,dgn_qmix,coord_grid,7,904,22625,58.0,25,0.8208933333333334,2.524125690971102,58.638128416878835,128.93440389999887
dgn_complete__pair_N6_ego_attention__seed7,dgn_qmix,coord_grid,7,905,22650,49.5,25,0.8206954166666667,3.6598940591017404,64.69557698567708,129.1140524999937
dgn_complete__pair_N6_ego_attention__seed7,dgn_qmix,coord_grid,7,906,22675,52.0,25,0.8204975,2.171912521123886,45.68418995539347,129.249902200012
dgn_complete__pair_N6_ego_attention__seed7,dgn_qmix,coord_grid,7,907,22700,46.5,25,0.8202995833333333,2.493398447831472,28.249908765157063,129.3897372999927
dgn_complete__pair_N6_ego_attention__seed7,dgn_qmix,coord_grid,7,908,22725,45.0,25,0.8201016666666667,2.3458603897265027,21.04902138028826,129.5233239000081
dgn_complete__pair_N6_ego_attention__seed7,dgn_qmix,coord_grid,7,909,22750,57.5,25,0.81990375,2.96542497475942,27.93535876274109,129.66286489996128
dgn_complete__pair_N6_ego_attention__seed7,dgn_qmix,coord_grid,7,910,22775,59.5,25,0.8197058333333334,1.4431083798408508,20.54112736384074,129.8065725999768
dgn_complete__pair_N6_ego_attention__seed7,dgn_qmix,coord_grid,7,911,22800,56.0,25,0.8195079166666667,2.736488784352938,22.13130982716878,129.9394825999625
dgn_complete__pair_N6_ego_attention__seed7,dgn_qmix,coord_grid,7,912,22825,54.5,25,0.81931,2.54218522139958,21.912715571267263,130.07807019999018
dgn_complete__pair_N6_ego_attention__seed7,dgn_qmix,coord_grid,7,913,22850,51.5,25,0.8191120833333333,1.8713170886039734,13.425232728322348,130.20166029996471
dgn_complete__pair_N6_ego_attention__seed7,dgn_qmix,coord_grid,7,914,22875,43.5,25,0.8189141666666667,2.2046955724557242,13.761553764343262,130.3511629999848
dgn_complete__pair_N6_ego_attention__seed7,dgn_qmix,coord_grid,7,915,22900,52.5,25,0.81871625,2.396035134792328,24.41947015126546,130.4759206000017
dgn_complete__pair_N6_ego_attention__seed7,dgn_qmix,coord_grid,7,916,22925,57.0,25,0.8185183333333333,2.010411271027156,25.44049440111433,130.60567449999508
dgn_complete__pair_N6_ego_attention__seed7,dgn_qmix,coord_grid,7,917,22950,48.5,25,0.8183204166666667,3.4140193412701287,23.3066778977712,130.72209579998162
dgn_complete__pair_N6_ego_attention__seed7,dgn_qmix,coord_grid,7,918,22975,61.0,25,0.8181225,2.133331427971522,18.101595560709637,130.86590579996118
dgn_complete__pair_N6_ego_attention__seed7,dgn_qmix,coord_grid,7,919,23000,45.5,25,0.8179245833333333,1.6527811537186305,26.73361603418986,131.05294929997763
dgn_complete__pair_N6_ego_attention__seed7,dgn_qmix,coord_grid,7,920,23025,49.0,25,0.8177266666666667,2.5541767605713437,13.114954539707728,131.20433979999507
dgn_complete__pair_N6_ego_attention__seed7,dgn_qmix,coord_grid,7,921,23050,53.5,25,0.81752875,2.674610664447149,16.78879690170288,131.3354568000068
dgn_complete__pair_N6_ego_attention__seed7,dgn_qmix,coord_grid,7,922,23075,53.5,25,0.8173308333333333,2.4412130564451218,15.745487531026205,131.47565199999372
dgn_complete__pair_N6_ego_attention__seed7,dgn_qmix,coord_grid,7,923,23100,50.5,25,0.8171329166666667,2.215602437655131,29.239830652872723,131.6085092999856
dgn_complete__pair_N6_ego_attention__seed7,dgn_qmix,coord_grid,7,924,23125,44.5,25,0.816935,3.457870738846915,30.419496059417725,131.7383624999784
dgn_complete__pair_N6_ego_attention__seed7,dgn_qmix,coord_grid,7,925,23150,46.0,25,0.8167370833333334,1.9870430727799733,32.979818979899086,131.89937259996077
dgn_complete__pair_N6_ego_attention__seed7,dgn_qmix,coord_grid,7,926,23175,48.5,25,0.8165391666666667,2.4500136176745095,22.97594698270162,132.02926949999528
dgn_complete__pair_N6_ego_attention__seed7,dgn_qmix,coord_grid,7,927,23200,46.5,25,0.81634125,2.4527206222216287,14.646624883015951,132.21907429996645
dgn_complete__pair_N6_ego_attention__seed7,dgn_qmix,coord_grid,7,928,23225,52.5,25,0.8161433333333333,1.9094464949199133,16.848283086504257,132.4384836999816
dgn_complete__pair_N6_ego_attention__seed7,dgn_qmix,coord_grid,7,929,23250,59.0,25,0.8159454166666666,1.615903452038765,15.955002784729004,132.59936429996742
dgn_complete__pair_N6_ego_attention__seed7,dgn_qmix,coord_grid,7,930,23275,39.0,25,0.8157475,2.4423957566420236,15.577954292297363,132.72460439999122
dgn_complete__pair_N6_ego_attention__seed7,dgn_qmix,coord_grid,7,931,23300,55.5,25,0.8155495833333334,2.462011272708575,22.837003866831463,132.9180914000026
dgn_complete__pair_N6_ego_attention__seed7,dgn_qmix,coord_grid,7,932,23325,54.0,25,0.8153516666666667,2.608643046447209,22.74351910182408,133.13251319999108
dgn_complete__pair_N6_ego_attention__seed7,dgn_qmix,coord_grid,7,933,23350,44.5,25,0.81515375,2.9074301024278006,13.78757111231486,133.30915250000544
dgn_complete__pair_N6_ego_attention__seed7,dgn_qmix,coord_grid,7,934,23375,43.0,25,0.8149558333333333,3.3625928163528442,12.328411102294922,133.50560769997537
dgn_complete__pair_N6_ego_attention__seed7,dgn_qmix,coord_grid,7,935,23400,49.0,25,0.8147579166666666,1.8969200948874156,13.432917594909668,133.67984439997235
dgn_complete__pair_N6_ego_attention__seed7,dgn_qmix,coord_grid,7,936,23425,43.5,25,0.81456,4.183115635599409,46.78438581739153,133.80694239999866
dgn_complete__pair_N6_ego_attention__seed7,dgn_qmix,coord_grid,7,937,23450,46.5,25,0.8143620833333334,2.552227964003881,34.43568356831869,133.9621014999575
dgn_complete__pair_N6_ego_attention__seed7,dgn_qmix,coord_grid,7,938,23475,63.5,25,0.8141641666666667,2.4999937315781913,28.0171381632487,134.11534859996755
dgn_complete__pair_N6_ego_attention__seed7,dgn_qmix,coord_grid,7,939,23500,37.5,25,0.81396625,3.5769536892573037,34.318436781565346,134.2735437999945
dgn_complete__pair_N6_ego_attention__seed7,dgn_qmix,coord_grid,7,940,23525,59.5,25,0.8137683333333333,2.8280120364257266,13.16268880026681,134.44524739996996
dgn_complete__pair_N6_ego_attention__seed7,dgn_qmix,coord_grid,7,941,23550,45.0,25,0.8135704166666666,2.2355097830295563,13.352761268615723,134.66373749997
dgn_complete__pair_N6_ego_attention__seed7,dgn_qmix,coord_grid,7,942,23575,44.5,25,0.8133725,1.4445907672246296,18.964775880177815,134.8389148999704
dgn_complete__pair_N6_ego_attention__seed7,dgn_qmix,coord_grid,7,943,23600,57.0,25,0.8131745833333334,2.983340228597323,17.952668984731037,134.9808514000033
dgn_complete__pair_N6_ego_attention__seed7,dgn_qmix,coord_grid,7,944,23625,50.5,25,0.8129766666666667,2.478719208921705,27.8961147580828,135.10156969999662
dgn_complete__pair_N6_ego_attention__seed7,dgn_qmix,coord_grid,7,945,23650,55.0,25,0.81277875,3.240577300389608,18.687592188517254,135.29303790000267
dgn_complete__pair_N6_ego_attention__seed7,dgn_qmix,coord_grid,7,946,23675,50.5,25,0.8125808333333333,2.7722396006186805,28.25292770067851,135.4511521999957
dgn_complete__pair_N6_ego_attention__seed7,dgn_qmix,coord_grid,7,947,23700,45.0,25,0.8123829166666667,2.4535836378733316,18.234646638234455,135.59831229998963
dgn_complete__pair_N6_ego_attention__seed7,dgn_qmix,coord_grid,7,948,23725,49.0,25,0.812185,2.6422645449638367,15.44759498323713,135.72912939998787
dgn_complete__pair_N6_ego_attention__seed7,dgn_qmix,coord_grid,7,949,23750,51.5,25,0.8119870833333334,1.6360478103160858,14.85901935895284,135.92886230000295
dgn_complete__pair_N6_ego_attention__seed7,dgn_qmix,coord_grid,7,950,23775,52.5,25,0.8117891666666667,2.482379416624705,29.218692779541016,136.03650149999885
dgn_complete__pair_N6_ego_attention__seed7,dgn_qmix,coord_grid,7,951,23800,35.5,25,0.81159125,1.7368091493844986,28.096821626027424,136.17401419999078
dgn_complete__pair_N6_ego_attention__seed7,dgn_qmix,coord_grid,7,952,23825,63.5,25,0.8113933333333333,2.2796787875039235,32.43196037837437,136.36073389998637
dgn_complete__pair_N6_ego_attention__seed7,dgn_qmix,coord_grid,7,953,23850,48.5,25,0.8111954166666666,1.8983274946610134,35.78082434336344,136.54964320000727
dgn_complete__pair_N6_ego_attention__seed7,dgn_qmix,coord_grid,7,954,23875,57.0,25,0.8109975,2.2357644041379294,22.057195504506428,136.7170340999728
dgn_complete__pair_N6_ego_attention__seed7,dgn_qmix,coord_grid,7,955,23900,55.0,25,0.8107995833333334,1.764057343204816,23.00489632288615,136.8677835999988
dgn_complete__pair_N6_ego_attention__seed7,dgn_qmix,coord_grid,7,956,23925,49.5,25,0.8106016666666667,2.5158723507608687,28.661639622279576,137.043002899969
dgn_complete__pair_N6_ego_attention__seed7,dgn_qmix,coord_grid,7,957,23950,58.5,25,0.81040375,2.567404811580976,35.9313006401062,137.22316709998995
dgn_complete__pair_N6_ego_attention__seed7,dgn_qmix,coord_grid,7,958,23975,64.5,25,0.8102058333333333,2.738794888059298,20.863056659698486,137.38865539996186
dgn_complete__pair_N6_ego_attention__seed7,dgn_qmix,coord_grid,7,959,24000,54.5,25,0.8100079166666667,2.667677953839302,16.827985127766926,137.58570070000133
dgn_complete__pair_N6_ego_attention__seed7,dgn_qmix,coord_grid,7,960,24025,58.5,25,0.80981,1.76275691815785,16.531473568507604,137.80973249999806
dgn_complete__pair_N6_ego_attention__seed7,dgn_qmix,coord_grid,7,961,24050,51.5,25,0.8096120833333333,0.9851265748341879,25.80099042256673,138.02242319996003
dgn_complete__pair_N6_ego_attention__seed7,dgn_qmix,coord_grid,7,962,24075,54.0,25,0.8094141666666667,2.8641380866368613,34.57164478302002,138.16534999996657
dgn_complete__pair_N6_ego_attention__seed7,dgn_qmix,coord_grid,7,963,24100,44.0,25,0.80921625,3.843750516573588,36.8222074508667,138.3022704999894
dgn_complete__pair_N6_ego_attention__seed7,dgn_qmix,coord_grid,7,964,24125,49.5,25,0.8090183333333334,2.6416424001966203,28.735803059169225,138.49174189998303
dgn_complete__pair_N6_ego_attention__seed7,dgn_qmix,coord_grid,7,965,24150,56.5,25,0.8088204166666666,1.8183063864707947,40.2240374883016,138.60185759997694
dgn_complete__pair_N6_ego_attention__seed7,dgn_qmix,coord_grid,7,966,24175,48.5,25,0.8086225,2.5177755057811737,22.936942895253498,138.7466984000057
dgn_complete__pair_N6_ego_attention__seed7,dgn_qmix,coord_grid,7,967,24200,46.0,25,0.8084245833333333,2.949232265353203,14.03896713256836,138.9638235999737
dgn_complete__pair_N6_ego_attention__seed7,dgn_qmix,coord_grid,7,968,24225,49.5,25,0.8082266666666666,3.6363272070884705,59.98396600995745,139.1067967999843
dgn_complete__pair_N6_ego_attention__seed7,dgn_qmix,coord_grid,7,969,24250,57.5,25,0.8080287500000001,2.893787215153376,61.170660654703774,139.21413579996442
dgn_complete__pair_N6_ego_attention__seed7,dgn_qmix,coord_grid,7,970,24275,52.5,25,0.8078308333333333,2.3563982943693795,37.42109902699789,139.39954519999446
dgn_complete__pair_N6_ego_attention__seed7,dgn_qmix,coord_grid,7,971,24300,45.0,25,0.8076329166666667,3.3556482791900635,33.64727179209391,139.60605299996678
dgn_complete__pair_N6_ego_attention__seed7,dgn_qmix,coord_grid,7,972,24325,50.5,25,0.807435,3.0312106013298035,36.451846667698454,139.74065539997537
dgn_complete__pair_N6_ego_attention__seed7,dgn_qmix,coord_grid,7,973,24350,39.5,25,0.8072370833333333,2.1254916985829673,38.170557181040444,139.85809649998555
dgn_complete__pair_N6_ego_attention__seed7,dgn_qmix,coord_grid,7,974,24375,48.5,25,0.8070391666666666,2.6093547691901526,24.131841500600178,139.96472619997803
dgn_complete__pair_N6_ego_attention__seed7,dgn_qmix,coord_grid,7,975,24400,41.5,25,0.80684125,2.3418083488941193,36.1846087773641,140.1201211999869
dgn_complete__pair_N6_ego_attention__seed7,dgn_qmix,coord_grid,7,976,24425,38.0,25,0.8066433333333334,3.8567179441452026,13.351026262555804,140.25414099998306
dgn_complete__pair_N6_ego_attention__seed7,dgn_qmix,coord_grid,7,977,24450,51.0,25,0.8064454166666667,3.610271861155828,19.64481274286906,140.38115629996173
dgn_complete__pair_N6_ego_attention__seed7,dgn_qmix,coord_grid,7,978,24475,53.5,25,0.8062475,1.9950786779324214,17.735832850138348,140.5223454000079
dgn_complete__pair_N6_ego_attention__seed7,dgn_qmix,coord_grid,7,979,24500,55.5,25,0.8060495833333333,2.3576189080874124,36.680973847707115,140.67208399996161
dgn_complete__pair_N6_ego_attention__seed7,dgn_qmix,coord_grid,7,980,24525,55.5,25,0.8058516666666666,2.6808035501411984,20.119186810084752,140.83217830001377
dgn_complete__pair_N6_ego_attention__seed7,dgn_qmix,coord_grid,7,981,24550,42.5,25,0.8056537500000001,1.4974808593591054,29.709416389465332,140.97637849999592
dgn_complete__pair_N6_ego_attention__seed7,dgn_qmix,coord_grid,7,982,24575,55.0,25,0.8054558333333334,2.8169532318909964,25.052125612894695,141.11945639998885
dgn_complete__pair_N6_ego_attention__seed7,dgn_qmix,coord_grid,7,983,24600,53.0,25,0.8052579166666667,3.033154711127281,12.630528370539347,141.29589139996096
dgn_complete__pair_N6_ego_attention__seed7,dgn_qmix,coord_grid,7,984,24625,47.5,25,0.80506,2.1462178954056332,36.10338538033621,141.49396200000774
dgn_complete__pair_N6_ego_attention__seed7,dgn_qmix,coord_grid,7,985,24650,38.5,25,0.8048620833333333,2.5909151087204614,34.65200614929199,141.59902189997956
dgn_complete__pair_N6_ego_attention__seed7,dgn_qmix,coord_grid,7,986,24675,56.0,25,0.8046641666666667,3.1622826804717383,33.452893098195396,141.70910169999115
dgn_complete__pair_N6_ego_attention__seed7,dgn_qmix,coord_grid,7,987,24700,47.0,25,0.8044662499999999,2.907147924105326,31.0710023244222,141.85598499997286
dgn_complete__pair_N6_ego_attention__seed7,dgn_qmix,coord_grid,7,988,24725,31.0,25,0.8042683333333334,2.614189420427595,36.19079862322126,142.0167259000009
dgn_complete__pair_N6_ego_attention__seed7,dgn_qmix,coord_grid,7,989,24750,46.5,25,0.8040704166666667,4.298266291618347,26.560302178064983,142.12761590001173
dgn_complete__pair_N6_ego_attention__seed7,dgn_qmix,coord_grid,7,990,24775,51.0,25,0.8038725,1.9478288292884827,16.42971642812093,142.26472689997172
dgn_complete__pair_N6_ego_attention__seed7,dgn_qmix,coord_grid,7,991,24800,60.0,25,0.8036745833333333,3.006372677783171,14.978971004486084,142.3904412999982
dgn_complete__pair_N6_ego_attention__seed7,dgn_qmix,coord_grid,7,992,24825,55.0,25,0.8034766666666666,2.293770079101835,14.932470049176898,142.55449730000691
dgn_complete__pair_N6_ego_attention__seed7,dgn_qmix,coord_grid,7,993,24850,50.0,25,0.80327875,2.5222872445980706,14.980913162231445,142.7035162000102
dgn_complete__pair_N6_ego_attention__seed7,dgn_qmix,coord_grid,7,994,24875,38.5,25,0.8030808333333334,3.1083137691020966,18.809349695841473,142.85190989996772
dgn_complete__pair_N6_ego_attention__seed7,dgn_qmix,coord_grid,7,995,24900,46.0,25,0.8028829166666667,2.537939265370369,15.717010100682577,142.9644152999972
dgn_complete__pair_N6_ego_attention__seed7,dgn_qmix,coord_grid,7,996,24925,44.5,25,0.802685,1.758064044373376,15.411037513187953,143.09612830000697
dgn_complete__pair_N6_ego_attention__seed7,dgn_qmix,coord_grid,7,997,24950,48.0,25,0.8024870833333333,3.8432023326555886,23.991806348164875,143.22030679997988
dgn_complete__pair_N6_ego_attention__seed7,dgn_qmix,coord_grid,7,998,24975,48.5,25,0.8022891666666667,3.102981170018514,19.025044600168865,143.34705410001334
dgn_complete__pair_N6_ego_attention__seed7,dgn_qmix,coord_grid,7,999,25000,43.5,25,0.80209125,1.716271845002969,11.301512320836386,143.49513990001287
dgn_complete__pair_N6_ego_attention__seed7,dgn_qmix,coord_grid,7,1000,25025,53.0,25,0.8018933333333333,2.413384275776999,54.60623972756522,143.68954980000854
dgn_complete__pair_N6_ego_attention__seed7,dgn_qmix,coord_grid,7,1001,25050,48.0,25,0.8016954166666667,2.0351476470629373,52.26782210667928,143.8309455999988
dgn_complete__pair_N6_ego_attention__seed7,dgn_qmix,coord_grid,7,1002,25075,45.0,25,0.8014975,3.9816957314809165,23.49224869410197,143.95054539997363
dgn_complete__pair_N6_ego_attention__seed7,dgn_qmix,coord_grid,7,1003,25100,45.0,25,0.8012995833333334,2.5974504947662354,18.185431480407715,144.09042699995916
dgn_complete__pair_N6_ego_attention__seed7,dgn_qmix,coord_grid,7,1004,25125,41.5,25,0.8011016666666666,3.251034736633301,23.130830151694163,144.24319249996915
dgn_complete__pair_N6_ego_attention__seed7,dgn_qmix,coord_grid,7,1005,25150,44.0,25,0.80090375,2.0431733826796212,13.782253980636597,144.38417400000617
dgn_complete__pair_N6_ego_attention__seed7,dgn_qmix,coord_grid,7,1006,25175,52.0,25,0.8007058333333333,1.527338296175003,15.914663791656494,144.56770929996856
dgn_complete__pair_N6_ego_attention__seed7,dgn_qmix,coord_grid,7,1007,25200,57.5,25,0.8005079166666667,2.32793927192688,15.965127150217691,144.7022121999762
dgn_complete__pair_N6_ego_attention__seed7,dgn_qmix,coord_grid,7,1008,25225,51.5,25,0.8003100000000001,2.8013763640608107,27.372043473379954,144.89966379996622
dgn_complete__pair_N6_ego_attention__seed7,dgn_qmix,coord_grid,7,1009,25250,50.0,25,0.8001120833333333,2.02704194188118,27.013596773147583,145.02584349998506
dgn_complete__pair_N6_ego_attention__seed7,dgn_qmix,coord_grid,7,1010,25275,46.0,25,0.7999141666666667,2.90160109102726,17.32687242825826,145.15323519997764
dgn_complete__pair_N6_ego_attention__seed7,dgn_qmix,coord_grid,7,1011,25300,57.5,25,0.79971625,2.1511954168478646,25.056540330251057,145.3280703999917
dgn_complete__pair_N6_ego_attention__seed7,dgn_qmix,coord_grid,7,1012,25325,67.0,25,0.7995183333333333,1.849425686257226,13.402240480695452,145.46608909999486
dgn_complete__pair_N6_ego_attention__seed7,dgn_qmix,coord_grid,7,1013,25350,56.0,25,0.7993204166666666,2.628414918979009,19.105136235555012,145.62196059996495
dgn_complete__pair_N6_ego_attention__seed7,dgn_qmix,coord_grid,7,1014,25375,47.5,25,0.7991225,1.4955898473660152,34.61097685496012,145.77677669998957
dgn_complete__pair_N6_ego_attention__seed7,dgn_qmix,coord_grid,7,1015,25400,47.0,25,0.7989245833333334,3.1708508282899857,20.80273501078288,145.93638420000207
dgn_complete__pair_N6_ego_attention__seed7,dgn_qmix,coord_grid,7,1016,25425,44.5,25,0.7987266666666667,1.329982727766037,16.852514130728586,146.08390689996304
dgn_complete__pair_N6_ego_attention__seed7,dgn_qmix,coord_grid,7,1017,25450,48.0,25,0.79852875,2.9224509994188943,20.91714874903361,146.22300569998333
dgn_complete__pair_N6_ego_attention__seed7,dgn_qmix,coord_grid,7,1018,25475,40.5,25,0.7983308333333333,2.6202020595471063,14.101974566777548,146.37358959997073
dgn_complete__pair_N6_ego_attention__seed7,dgn_qmix,coord_grid,7,1019,25500,47.0,25,0.7981329166666666,0.9226671655972799,11.49122953414917,146.5576713999617
dgn_complete__pair_N6_ego_attention__seed7,dgn_qmix,coord_grid,7,1020,25525,42.0,25,0.7979350000000001,2.815328768321446,20.923054967607772,146.71247269999003
dgn_complete__pair_N6_ego_attention__seed7,dgn_qmix,coord_grid,7,1021,25550,52.0,25,0.7977370833333334,3.2242908477783203,23.907150586446125,146.93602640001336
dgn_complete__pair_N6_ego_attention__seed7,dgn_qmix,coord_grid,7,1022,25575,39.0,25,0.7975391666666667,3.7461792627970376,9.87375020980835,147.09323170001153
dgn_complete__pair_N6_ego_attention__seed7,dgn_qmix,coord_grid,7,1023,25600,56.0,25,0.79734125,3.6735947926839194,13.151710907618204,147.26050179998856
dgn_complete__pair_N6_ego_attention__seed7,dgn_qmix,coord_grid,7,1024,25625,52.5,25,0.7971433333333333,3.0125695381845747,16.001978669847762,147.42629420000594
dgn_complete__pair_N6_ego_attention__seed7,dgn_qmix,coord_grid,7,1025,25650,56.0,25,0.7969454166666667,2.849912782510122,19.160491307576496,147.57829259999562
dgn_complete__pair_N6_ego_attention__seed7,dgn_qmix,coord_grid,7,1026,25675,45.0,25,0.7967474999999999,1.8907932788133621,33.39912064870199,147.715348800004
dgn_complete__pair_N6_ego_attention__seed7,dgn_qmix,coord_grid,7,1027,25700,62.5,25,0.7965495833333334,2.397785315910975,33.817511796951294,147.8331645000144
dgn_complete__pair_N6_ego_attention__seed7,dgn_qmix,coord_grid,7,1028,25725,41.5,25,0.7963516666666667,2.9115422878946577,39.708230699811665,147.98955639998894
dgn_complete__pair_N6_ego_attention__seed7,dgn_qmix,coord_grid,7,1029,25750,52.5,25,0.79615375,2.840548356374105,43.452085177103676,148.13152649998665
dgn_complete__pair_N6_ego_attention__seed7,dgn_qmix,coord_grid,7,1030,25775,48.0,25,0.7959558333333334,2.166477084159851,27.742798169453938,148.28157619998092
dgn_complete__pair_N6_ego_attention__seed7,dgn_qmix,coord_grid,7,1031,25800,53.0,25,0.7957579166666666,2.8842564125855765,16.631550312042236,148.38719769997988
dgn_complete__pair_N6_ego_attention__seed7,dgn_qmix,coord_grid,7,1032,25825,64.0,25,0.79556,2.3581468079771315,57.97907638549805,148.55310349998763
dgn_complete__pair_N6_ego_attention__seed7,dgn_qmix,coord_grid,7,1033,25850,56.0,25,0.7953620833333334,1.7304568688074748,44.986403465270996,148.70734809996793
dgn_complete__pair_N6_ego_attention__seed7,dgn_qmix,coord_grid,7,1034,25875,43.0,25,0.7951641666666667,1.8257460445165634,24.283275445302326,148.89771739998832
dgn_complete__pair_N6_ego_attention__seed7,dgn_qmix,coord_grid,7,1035,25900,59.0,25,0.79496625,3.242942343155543,23.463070313135784,149.04958529997384
dgn_complete__pair_N6_ego_attention__seed7,dgn_qmix,coord_grid,7,1036,25925,53.5,25,0.7947683333333333,1.8298713437148504,26.14408050264631,149.1782561999862
dgn_complete__pair_N6_ego_attention__seed7,dgn_qmix,coord_grid,7,1037,25950,54.5,25,0.7945704166666667,3.237115576863289,29.648487091064453,149.29985099995974
dgn_complete__pair_N6_ego_attention__seed7,dgn_qmix,coord_grid,7,1038,25975,51.0,25,0.7943725,2.900490884979566,25.91552495956421,149.45955009997124
dgn_complete__pair_N6_ego_attention__seed7,dgn_qmix,coord_grid,7,1039,26000,46.0,25,0.7941745833333334,4.621042966842651,12.327927112579346,149.5862261999864
dgn_complete__pair_N6_ego_attention__seed7,dgn_qmix,coord_grid,7,1040,26025,56.0,25,0.7939766666666667,2.3525871634483337,12.219243935176305,149.78538799996022
dgn_complete__pair_N6_ego_attention__seed7,dgn_qmix,coord_grid,7,1041,26050,45.5,25,0.79377875,3.070594534277916,30.84273608525594,149.89670990000013
dgn_complete__pair_N6_ego_attention__seed7,dgn_qmix,coord_grid,7,1042,26075,49.0,25,0.7935808333333334,2.42235458890597,33.2104500134786,150.06442429998424
dgn_complete__pair_N6_ego_attention__seed7,dgn_qmix,coord_grid,7,1043,26100,54.0,25,0.7933829166666667,3.206431825955709,13.255499680836996,150.21341829997255
dgn_complete__pair_N6_ego_attention__seed7,dgn_qmix,coord_grid,7,1044,26125,47.0,25,0.793185,2.527768041406359,33.276715414864675,150.38287579995813
dgn_complete__pair_N6_ego_attention__seed7,dgn_qmix,coord_grid,7,1045,26150,44.5,25,0.7929870833333333,3.536933938662211,26.38121223449707,150.5262922999682
dgn_complete__pair_N6_ego_attention__seed7,dgn_qmix,coord_grid,7,1046,26175,54.0,25,0.7927891666666667,2.7114712397257485,20.572409868240356,150.67608359997394
dgn_complete__pair_N6_ego_attention__seed7,dgn_qmix,coord_grid,7,1047,26200,53.5,25,0.7925912500000001,4.123576084772746,18.69433347384135,150.77306420000969
dgn_complete__pair_N6_ego_attention__seed7,dgn_qmix,coord_grid,7,1048,26225,44.0,25,0.7923933333333333,3.3892763682774136,37.0664792742048,150.93944839999313
dgn_complete__pair_N6_ego_attention__seed7,dgn_qmix,coord_grid,7,1049,26250,55.5,25,0.7921954166666667,2.9926604131857553,9.646165053049723,151.06248819996836
dgn_complete__pair_N6_ego_attention__seed7,dgn_qmix,coord_grid,7,1050,26275,35.0,25,0.7919975,2.422874763607979,23.664427280426025,151.22541419998743
dgn_complete__pair_N6_ego_attention__seed7,dgn_qmix,coord_grid,7,1051,26300,56.5,25,0.7917995833333333,2.1444111416737237,18.817627906799316,151.3641872999724
dgn_complete__pair_N6_ego_attention__seed7,dgn_qmix,coord_grid,7,1052,26325,46.0,25,0.7916016666666666,2.9033503574984416,18.89096736907959,151.52950219996274
dgn_complete__pair_N6_ego_attention__seed7,dgn_qmix,coord_grid,7,1053,26350,59.0,25,0.79140375,2.146588613589605,35.89402675628662,151.63406819995726
dgn_complete__pair_N6_ego_attention__seed7,dgn_qmix,coord_grid,7,1054,26375,52.0,25,0.7912058333333334,3.0065433581670127,21.029848098754883,151.7952188999625
dgn_complete__pair_N6_ego_attention__seed7,dgn_qmix,coord_grid,7,1055,26400,50.0,25,0.7910079166666667,2.621718724568685,11.936191240946451,151.9649562999839
dgn_complete__pair_N6_ego_attention__seed7,dgn_qmix,coord_grid,7,1056,26425,63.5,25,0.79081,2.582924493721553,23.758747237069265,152.08686849998776
dgn_complete__pair_N6_ego_attention__seed7,dgn_qmix,coord_grid,7,1057,26450,41.5,25,0.7906120833333333,3.507939656575521,20.809786160786945,152.21361929998966
dgn_complete__pair_N6_ego_attention__seed7,dgn_qmix,coord_grid,7,1058,26475,54.0,25,0.7904141666666666,1.8874005724986394,23.91934569676717,152.37027259997558
dgn_complete__pair_N6_ego_attention__seed7,dgn_qmix,coord_grid,7,1059,26500,52.0,25,0.7902162500000001,2.9393958896398544,18.020072778065998,152.53501150000375
dgn_complete__pair_N6_ego_attention__seed7,dgn_qmix,coord_grid,7,1060,26525,54.0,25,0.7900183333333334,2.755331133093153,21.755610738481796,152.7131403000094
dgn_complete__pair_N6_ego_attention__seed7,dgn_qmix,coord_grid,7,1061,26550,47.5,25,0.7898204166666667,2.109997789065043,22.518162568410236,152.8677667999873
dgn_complete__pair_N6_ego_attention__seed7,dgn_qmix,coord_grid,7,1062,26575,44.0,25,0.7896225,1.4858232388893764,19.827803134918213,153.00189690000843
dgn_complete__pair_N6_ego_attention__seed7,dgn_qmix,coord_grid,7,1063,26600,44.0,25,0.7894245833333333,3.2768325408299765,20.09905258814494,153.14449049998075
dgn_complete__pair_N6_ego_attention__seed7,dgn_qmix,coord_grid,7,1064,26625,47.5,25,0.7892266666666667,3.0098293146916797,53.729091780526296,153.32380929996725
dgn_complete__pair_N6_ego_attention__seed7,dgn_qmix,coord_grid,7,1065,26650,39.0,25,0.7890287500000001,2.4834840297698975,57.26371383666992,153.4803975999821
dgn_complete__pair_N6_ego_attention__seed7,dgn_qmix,coord_grid,7,1066,26675,49.5,25,0.7888308333333334,3.0805625120798745,27.156583944956463,153.63363659998868
dgn_complete__pair_N6_ego_attention__seed7,dgn_qmix,coord_grid,7,1067,26700,46.5,25,0.7886329166666667,4.763870035608609,27.579829851786297,153.75740249996306
dgn_complete__pair_N6_ego_attention__seed7,dgn_qmix,coord_grid,7,1068,26725,53.5,25,0.788435,2.4836655046258653,35.07685947418213,153.88106699998025
dgn_complete__pair_N6_ego_attention__seed7,dgn_qmix,coord_grid,7,1069,26750,51.0,25,0.7882370833333333,1.1932938545942307,22.822160561879475,154.04297439998481
dgn_complete__pair_N6_ego_attention__seed7,dgn_qmix,coord_grid,7,1070,26775,41.5,25,0.7880391666666666,2.7090618908405304,16.502883593241375,154.21521779999603
dgn_complete__pair_N6_ego_attention__seed7,dgn_qmix,coord_grid,7,1071,26800,43.0,25,0.78784125,2.57201394935449,37.54018179575602,154.34416209999472
dgn_complete__pair_N6_ego_attention__seed7,dgn_qmix,coord_grid,7,1072,26825,57.5,25,0.7876433333333334,3.5133581161499023,41.30973815917969,154.53024240001105
dgn_complete__pair_N6_ego_attention__seed7,dgn_qmix,coord_grid,7,1073,26850,45.5,25,0.7874454166666667,1.5803845425446827,29.009981632232666,154.6640743999742
dgn_complete__pair_N6_ego_attention__seed7,dgn_qmix,coord_grid,7,1074,26875,62.5,25,0.7872475,2.4035403033097587,58.13735262552897,154.8099884999683
dgn_complete__pair_N6_ego_attention__seed7,dgn_qmix,coord_grid,7,1075,26900,53.5,25,0.7870495833333333,3.886413852373759,29.502477010091145,154.9584728999762
dgn_complete__pair_N6_ego_attention__seed7,dgn_qmix,coord_grid,7,1076,26925,45.5,25,0.7868516666666667,2.4803567060402463,29.671762193952286,155.07312469999306
dgn_complete__pair_N6_ego_attention__seed7,dgn_qmix,coord_grid,7,1077,26950,53.5,25,0.78665375,4.404029190540314,12.81848398844401,155.22546439996222
dgn_complete__pair_N6_ego_attention__seed7,dgn_qmix,coord_grid,7,1078,26975,42.5,25,0.7864558333333334,3.5682274848222733,9.882506450017294,155.39788489998318
dgn_complete__pair_N6_ego_attention__seed7,dgn_qmix,coord_grid,7,1079,27000,53.5,25,0.7862579166666667,2.9790016412734985,19.31050745646159,155.55266360001406
dgn_complete__pair_N6_ego_attention__seed7,dgn_qmix,coord_grid,7,1080,27025,55.0,25,0.78606,3.97137781551906,25.59300136566162,155.69077190000098
dgn_complete__pair_N6_ego_attention__seed7,dgn_qmix,coord_grid,7,1081,27050,46.5,25,0.7858620833333334,2.718067248662313,21.298248132069904,155.88527389999945
dgn_complete__pair_N6_ego_attention__seed7,dgn_qmix,coord_grid,7,1082,27075,49.0,25,0.7856641666666667,3.0364973147710166,28.413630803426106,156.02885509998305
dgn_complete__pair_N6_ego_attention__seed7,dgn_qmix,coord_grid,7,1083,27100,45.5,25,0.78546625,1.8448583036661148,26.623076279958088,156.14695640001446
dgn_complete__pair_N6_ego_attention__seed7,dgn_qmix,coord_grid,7,1084,27125,51.0,25,0.7852683333333333,2.9586136766842435,26.11129869733538,156.28858429996762
dgn_complete__pair_N6_ego_attention__seed7,dgn_qmix,coord_grid,7,1085,27150,59.5,25,0.7850704166666667,2.6784440825382867,15.822447776794434,156.423699499981
dgn_complete__pair_N6_ego_attention__seed7,dgn_qmix,coord_grid,7,1086,27175,51.0,25,0.7848725,3.000287711620331,16.94307788213094,156.60800060001202
dgn_complete__pair_N6_ego_attention__seed7,dgn_qmix,coord_grid,7,1087,27200,42.0,25,0.7846745833333333,2.1768229007720947,12.883136431376139,156.78066310001304
dgn_complete__pair_N6_ego_attention__seed7,dgn_qmix,coord_grid,7,1088,27225,45.0,25,0.7844766666666667,3.4031058038984026,22.59161118098668,156.9864544000011
dgn_complete__pair_N6_ego_attention__seed7,dgn_qmix,coord_grid,7,1089,27250,42.5,25,0.78427875,1.977358341217041,37.39473104476929,157.1581275999779
dgn_complete__pair_N6_ego_attention__seed7,dgn_qmix,coord_grid,7,1090,27275,56.0,25,0.7840808333333333,1.7826188653707504,12.051896095275879,157.30187679996016
dgn_complete__pair_N6_ego_attention__seed7,dgn_qmix,coord_grid,7,1091,27300,46.5,25,0.7838829166666667,2.077299639582634,12.546501239140829,157.45023029996082
dgn_complete__pair_N6_ego_attention__seed7,dgn_qmix,coord_grid,7,1092,27325,47.0,25,0.783685,3.1007796909127916,21.03387383052281,157.59979909996036
dgn_complete__pair_N6_ego_attention__seed7,dgn_qmix,coord_grid,7,1093,27350,43.5,25,0.7834870833333334,1.880228986342748,17.21155858039856,157.75493060000008
dgn_complete__pair_N6_ego_attention__seed7,dgn_qmix,coord_grid,7,1094,27375,44.5,25,0.7832891666666667,0.9409412691990534,12.438026348749796,157.8891133000143
dgn_complete__pair_N6_ego_attention__seed7,dgn_qmix,coord_grid,7,1095,27400,44.0,25,0.78309125,2.1607863853375116,14.939695676167807,158.02670629997738
dgn_complete__pair_N6_ego_attention__seed7,dgn_qmix,coord_grid,7,1096,27425,54.5,25,0.7828933333333333,3.540238776377269,65.07691083635602,158.16953630000353
dgn_complete__pair_N6_ego_attention__seed7,dgn_qmix,coord_grid,7,1097,27450,52.5,25,0.7826954166666666,4.524539510409038,69.63217782974243,158.29926349996822
dgn_complete__pair_N6_ego_attention__seed7,dgn_qmix,coord_grid,7,1098,27475,52.0,25,0.7824975000000001,2.11153873304526,46.6190972328186,158.4001781999832
dgn_complete__pair_N6_ego_attention__seed7,dgn_qmix,coord_grid,7,1099,27500,49.0,25,0.7822995833333334,3.8801035483678183,50.71351909637451,158.5407589999959
dgn_complete__pair_N6_ego_attention__seed7,dgn_qmix,coord_grid,7,1100,27525,47.5,25,0.7821016666666667,3.157752194574901,21.18678569793701,158.69432399998186
dgn_complete__pair_N6_ego_attention__seed7,dgn_qmix,coord_grid,7,1101,27550,39.5,25,0.78190375,2.4970913529396057,12.888087034225464,158.89892090001376
dgn_complete__pair_N6_ego_attention__seed7,dgn_qmix,coord_grid,7,1102,27575,49.0,25,0.7817058333333333,3.1506651639938354,24.889055887858074,159.02087389997905
dgn_complete__pair_N6_ego_attention__seed7,dgn_qmix,coord_grid,7,1103,27600,53.0,25,0.7815079166666666,3.975478251775106,14.684425036112467,159.16322719998425
dgn_complete__pair_N6_ego_attention__seed7,dgn_qmix,coord_grid,7,1104,27625,45.5,25,0.7813100000000001,3.2664866617747714,33.9526732308524,159.29565169999842
dgn_complete__pair_N6_ego_attention__seed7,dgn_qmix,coord_grid,7,1105,27650,40.5,25,0.7811120833333334,3.3397975464661918,21.043501536051433,159.4244482999784
dgn_complete__pair_N6_ego_attention__seed7,dgn_qmix,coord_grid,7,1106,27675,46.0,25,0.7809141666666667,2.938273554046949,47.75180244445801,159.6315925999661
dgn_complete__pair_N6_ego_attention__seed7,dgn_qmix,coord_grid,7,1107,27700,52.0,25,0.78071625,1.991993635892868,34.601170221964516,159.75997219997225
dgn_complete__pair_N6_ego_attention__seed7,dgn_qmix,coord_grid,7,1108,27725,54.0,25,0.7805183333333333,3.7775111283574785,48.3103084564209,159.90293059998658
dgn_complete__pair_N6_ego_attention__seed7,dgn_qmix,coord_grid,7,1109,27750,48.5,25,0.7803204166666666,1.953185906012853,33.33161131540934,160.0421485999832
dgn_complete__pair_N6_ego_attention__seed7,dgn_qmix,coord_grid,7,1110,27775,56.0,25,0.7801225,2.494307354092598,19.859556198120117,160.19449819996953
dgn_complete__pair_N6_ego_attention__seed7,dgn_qmix,coord_grid,7,1111,27800,43.5,25,0.7799245833333334,0.9894573638836542,24.634026050567627,160.30101090000244
dgn_complete__pair_N6_ego_attention__seed7,dgn_qmix,coord_grid,7,1112,27825,51.5,25,0.7797266666666667,2.3781527365956987,33.063623564583914,160.40572689997498
dgn_complete__pair_N6_ego_attention__seed7,dgn_qmix,coord_grid,7,1113,27850,39.0,25,0.77952875,4.5968846182028456,48.95300833384196,160.57458549999865
dgn_complete__pair_N6_ego_attention__seed7,dgn_qmix,coord_grid,7,1114,27875,68.5,25,0.7793308333333333,2.799208164215088,30.814048767089844,160.67824290000135
dgn_complete__pair_N6_ego_attention__seed7,dgn_qmix,coord_grid,7,1115,27900,53.5,25,0.7791329166666667,2.539423570036888,19.671515146891277,160.8128241999657
dgn_complete__pair_N6_ego_attention__seed7,dgn_qmix,coord_grid,7,1116,27925,58.0,25,0.778935,2.3929611912795474,17.355694157736643,160.93248229997698
dgn_complete__pair_N6_ego_attention__seed7,dgn_qmix,coord_grid,7,1117,27950,43.5,25,0.7787370833333334,2.485156200826168,15.688021500905355,161.0455117999809
dgn_complete__pair_N6_ego_attention__seed7,dgn_qmix,coord_grid,7,1118,27975,51.5,25,0.7785391666666667,2.7321480909983316,16.65615447362264,161.22568569995929
dgn_complete__pair_N6_ego_attention__seed7,dgn_qmix,coord_grid,7,1119,28000,40.0,25,0.77834125,2.513451342781385,21.65549119313558,161.37411330000032
dgn_complete__pair_N6_ego_attention__seed7,dgn_qmix,coord_grid,7,1120,28025,50.0,25,0.7781433333333333,2.063878357410431,34.119892256600515,161.47670749999816
dgn_complete__pair_N6_ego_attention__seed7,dgn_qmix,coord_grid,7,1121,28050,44.5,25,0.7779454166666667,2.6435930331548056,40.79105361302694,161.61331970000174
dgn_complete__pair_N6_ego_attention__seed7,dgn_qmix,coord_grid,7,1122,28075,46.5,25,0.7777475,4.798426866531372,41.91464614868164,161.7889074999839
dgn_complete__pair_N6_ego_attention__seed7,dgn_qmix,coord_grid,7,1123,28100,52.5,25,0.7775495833333333,2.516772508621216,18.68868597348531,161.91053409996675
dgn_complete__pair_N6_ego_attention__seed7,dgn_qmix,coord_grid,7,1124,28125,48.5,25,0.7773516666666667,2.4812555611133575,13.768153463091169,162.04715369996848
dgn_complete__pair_N6_ego_attention__seed7,dgn_qmix,coord_grid,7,1125,28150,44.5,25,0.77715375,2.888881434996923,41.35125048955282,162.17470490001142
dgn_complete__pair_N6_ego_attention__seed7,dgn_qmix,coord_grid,7,1126,28175,53.5,25,0.7769558333333333,3.4279128263394036,29.48500378926595,162.33852240000851
dgn_complete__pair_N6_ego_attention__seed7,dgn_qmix,coord_grid,7,1127,28200,49.0,25,0.7767579166666667,3.482444167137146,36.71558213233948,162.47919539996656
dgn_complete__pair_N6_ego_attention__seed7,dgn_qmix,coord_grid,7,1128,28225,55.0,25,0.77656,2.518480828830174,81.25767571585519,162.67283990001306
dgn_complete__pair_N6_ego_attention__seed7,dgn_qmix,coord_grid,7,1129,28250,47.0,25,0.7763620833333333,3.4450148940086365,65.87401390075684,162.81928940000944
dgn_complete__pair_N6_ego_attention__seed7,dgn_qmix,coord_grid,7,1130,28275,47.5,25,0.7761641666666667,2.5752798517545066,27.673183759053547,162.97375050000846
dgn_complete__pair_N6_ego_attention__seed7,dgn_qmix,coord_grid,7,1131,28300,51.0,25,0.77596625,3.160790612300237,29.442125002543133,163.12292880000314
dgn_complete__pair_N6_ego_attention__seed7,dgn_qmix,coord_grid,7,1132,28325,41.0,25,0.7757683333333334,3.2523291494165147,19.52062225341797,163.3122440999723
dgn_complete__pair_N6_ego_attention__seed7,dgn_qmix,coord_grid,7,1133,28350,52.5,25,0.7755704166666667,2.850335265199343,21.651724815368652,163.4536343999789
dgn_complete__pair_N6_ego_attention__seed7,dgn_qmix,coord_grid,7,1134,28375,49.0,25,0.7753725,2.8361672262350717,29.354613145192463,163.6096292999573
dgn_complete__pair_N6_ego_attention__seed7,dgn_qmix,coord_grid,7,1135,28400,56.0,25,0.7751745833333333,3.1035057306289673,19.76508339246114,163.73730259999866
dgn_complete__pair_N6_ego_attention__seed7,dgn_qmix,coord_grid,7,1136,28425,48.0,25,0.7749766666666666,1.75569429567882,29.00321762902396,163.87615869997535
dgn_complete__pair_N6_ego_attention__seed7,dgn_qmix,coord_grid,7,1137,28450,49.0,25,0.7747787500000001,3.4283870458602905,15.06428575515747,163.99511019996135
dgn_complete__pair_N6_ego_attention__seed7,dgn_qmix,coord_grid,7,1138,28475,46.5,25,0.7745808333333333,2.821525906523069,22.767874717712402,164.16019859997323
dgn_complete__pair_N6_ego_attention__seed7,dgn_qmix,coord_grid,7,1139,28500,63.0,25,0.7743829166666667,2.184925759832064,25.936281045277912,164.27011360001052
dgn_complete__pair_N6_ego_attention__seed7,dgn_qmix,coord_grid,7,1140,28525,55.5,25,0.774185,2.7118859461375644,24.277050222669327,164.40584620001027
dgn_complete__pair_N6_ego_attention__seed7,dgn_qmix,coord_grid,7,1141,28550,45.5,25,0.7739870833333333,2.24810420970122,22.260119835535686,164.56057149998378
dgn_complete__pair_N6_ego_attention__seed7,dgn_qmix,coord_grid,7,1142,28575,53.0,25,0.7737891666666666,2.239364340901375,18.434700806935627,164.67899320001015
dgn_complete__pair_N6_ego_attention__seed7,dgn_qmix,coord_grid,7,1143,28600,46.0,25,0.77359125,2.5704886664946875,31.579486846923828,164.83850939996773
dgn_complete__pair_N6_ego_attention__seed7,dgn_qmix,coord_grid,7,1144,28625,46.5,25,0.7733933333333334,2.2772272314344133,24.371401173727854,164.987595100014
dgn_complete__pair_N6_ego_attention__seed7,dgn_qmix,coord_grid,7,1145,28650,42.5,25,0.7731954166666667,2.2279875030120215,39.00873057047526,165.11646130000008
dgn_complete__pair_N6_ego_attention__seed7,dgn_qmix,coord_grid,7,1146,28675,54.0,25,0.7729975,2.622146119674047,46.6524912516276,165.24605069996323
dgn_complete__pair_N6_ego_attention__seed7,dgn_qmix,coord_grid,7,1147,28700,46.5,25,0.7727995833333333,2.945982744296392,37.84753576914469,165.41688929998782
dgn_complete__pair_N6_ego_attention__seed7,dgn_qmix,coord_grid,7,1148,28725,33.5,25,0.7726016666666666,1.9821280964783259,30.249838011605398,165.58158379996894
dgn_complete__pair_N6_ego_attention__seed7,dgn_qmix,coord_grid,7,1149,28750,47.5,25,0.7724037500000001,2.205051871637503,19.937362670898438,165.73687550000614
dgn_complete__pair_N6_ego_attention__seed7,dgn_qmix,coord_grid,7,1150,28775,47.5,25,0.7722058333333334,1.9687099357446034,33.13420820236206,165.9112764999736
dgn_complete__pair_N6_ego_attention__seed7,dgn_qmix,coord_grid,7,1151,28800,47.0,25,0.7720079166666667,1.6201435327529907,29.252934455871582,166.0419086999609
dgn_complete__pair_N6_ego_attention__seed7,dgn_qmix,coord_grid,7,1152,28825,66.0,25,0.77181,3.018229991197586,24.258964811052596,166.1927011999651
dgn_complete__pair_N6_ego_attention__seed7,dgn_qmix,coord_grid,7,1153,28850,55.5,25,0.7716120833333333,4.630260760585467,23.809312025705974,166.34407709998777
dgn_complete__pair_N6_ego_attention__seed7,dgn_qmix,coord_grid,7,1154,28875,55.5,25,0.7714141666666667,2.5548358807961145,30.451070467631023,166.48922220000532
dgn_complete__pair_N6_ego_attention__seed7,dgn_qmix,coord_grid,7,1155,28900,39.5,25,0.7712162499999999,2.563227415084839,29.48558457692464,166.5725429999875
dgn_complete__pair_N6_ego_attention__seed7,dgn_qmix,coord_grid,7,1156,28925,60.0,25,0.7710183333333334,3.2514405037675584,18.652774947030203,166.7230930000078
dgn_complete__pair_N6_ego_attention__seed7,dgn_qmix,coord_grid,7,1157,28950,34.5,25,0.7708204166666667,3.071535130341848,11.769556522369385,166.86674649995985
dgn_complete__pair_N6_ego_attention__seed7,dgn_qmix,coord_grid,7,1158,28975,47.0,25,0.7706225,2.4912404219309487,20.30714702606201,167.00869849999435
dgn_complete__pair_N6_ego_attention__seed7,dgn_qmix,coord_grid,7,1159,29000,53.0,25,0.7704245833333333,1.8865930338700612,19.91983977953593,167.2151991999708
dgn_complete__pair_N6_ego_attention__seed7,dgn_qmix,coord_grid,7,1160,29025,57.0,25,0.7702266666666666,2.751210638454982,68.83407456534249,167.40217109996593
dgn_complete__pair_N6_ego_attention__seed7,dgn_qmix,coord_grid,7,1161,29050,58.0,25,0.77002875,2.8030519485473633,51.908931732177734,167.5494109999854
dgn_complete__pair_N6_ego_attention__seed7,dgn_qmix,coord_grid,7,1162,29075,64.0,25,0.7698308333333334,4.124457081158956,21.27111530303955,167.69188910000958
dgn_complete__pair_N6_ego_attention__seed7,dgn_qmix,coord_grid,7,1163,29100,40.5,25,0.7696329166666667,2.196387581527233,27.665358543395996,167.8135811999673
dgn_complete__pair_N6_ego_attention__seed7,dgn_qmix,coord_grid,7,1164,29125,66.0,25,0.769435,2.740045198372432,12.062875134604317,167.95509199996013
dgn_complete__pair_N6_ego_attention__seed7,dgn_qmix,coord_grid,7,1165,29150,44.0,25,0.7692370833333333,3.873976389567057,34.34626158078512,168.10074550000718
dgn_complete__pair_N6_ego_attention__seed7,dgn_qmix,coord_grid,7,1166,29175,49.0,25,0.7690391666666667,3.99859149257342,51.47621536254883,168.2358315999736
dgn_complete__pair_N6_ego_attention__seed7,dgn_qmix,coord_grid,7,1167,29200,47.0,25,0.76884125,2.955099200208982,24.8652400970459,168.38036979996832
dgn_complete__pair_N6_ego_attention__seed7,dgn_qmix,coord_grid,7,1168,29225,36.0,25,0.7686433333333333,2.245546988078526,24.904102189200266,168.55088389996672
dgn_complete__pair_N6_ego_attention__seed7,dgn_qmix,coord_grid,7,1169,29250,53.5,25,0.7684454166666667,2.6136737316846848,23.20499579111735,168.68839590001153
dgn_complete__pair_N6_ego_attention__seed7,dgn_qmix,coord_grid,7,1170,29275,48.0,25,0.7682475,3.2328795989354453,24.26956256230672,168.85147150000557
dgn_complete__pair_N6_ego_attention__seed7,dgn_qmix,coord_grid,7,1171,29300,39.0,25,0.7680495833333334,1.983965481321017,26.333558559417725,169.0113743999973
dgn_complete__pair_N6_ego_attention__seed7,dgn_qmix,coord_grid,7,1172,29325,49.0,25,0.7678516666666666,3.6231230923107693,18.716803755078995,169.15268209995702
dgn_complete__pair_N6_ego_attention__seed7,dgn_qmix,coord_grid,7,1173,29350,45.5,25,0.76765375,5.000535634656747,17.481468359629314,169.27696659998037
dgn_complete__pair_N6_ego_attention__seed7,dgn_qmix,coord_grid,7,1174,29375,56.0,25,0.7674558333333333,2.890097215771675,17.527344544728596,169.419683599961
dgn_complete__pair_N6_ego_attention__seed7,dgn_qmix,coord_grid,7,1175,29400,45.0,25,0.7672579166666667,2.32754023373127,34.84630552927653,169.54865209996933
dgn_complete__pair_N6_ego_attention__seed7,dgn_qmix,coord_grid,7,1176,29425,47.5,25,0.7670600000000001,3.3555024691990445,29.845860072544642,169.67713909997838
dgn_complete__pair_N6_ego_attention__seed7,dgn_qmix,coord_grid,7,1177,29450,44.5,25,0.7668620833333333,2.047683894634247,39.62933317820231,169.7848212000099
dgn_complete__pair_N6_ego_attention__seed7,dgn_qmix,coord_grid,7,1178,29475,46.0,25,0.7666641666666667,2.063780595858892,36.934187253316246,169.97318089997862
dgn_complete__pair_N6_ego_attention__seed7,dgn_qmix,coord_grid,7,1179,29500,52.0,25,0.76646625,3.2361335307359695,41.90514373779297,170.14175159996375
dgn_complete__pair_N6_ego_attention__seed7,dgn_qmix,coord_grid,7,1180,29525,55.5,25,0.7662683333333333,1.9889652132987976,19.670244489397323,170.32286889996612
dgn_complete__pair_N6_ego_attention__seed7,dgn_qmix,coord_grid,7,1181,29550,46.0,25,0.7660704166666666,1.9825101842482884,21.04021732012431,170.49498529999983
dgn_complete__pair_N6_ego_attention__seed7,dgn_qmix,coord_grid,7,1182,29575,43.0,25,0.7658725,4.135144432385762,23.164748032887776,170.61583610001253
dgn_complete__pair_N6_ego_attention__seed7,dgn_qmix,coord_grid,7,1183,29600,49.0,25,0.7656745833333334,3.2082486152648926,28.324418862660725,170.75519739999436
dgn_complete__pair_N6_ego_attention__seed7,dgn_qmix,coord_grid,7,1184,29625,51.5,25,0.7654766666666667,4.703750806195395,40.794151306152344,170.8856095999945
dgn_complete__pair_N6_ego_attention__seed7,dgn_qmix,coord_grid,7,1185,29650,61.5,25,0.76527875,3.79973333577315,30.854974349339802,171.0622788000037
dgn_complete__pair_N6_ego_attention__seed7,dgn_qmix,coord_grid,7,1186,29675,56.0,25,0.7650808333333333,1.9647456804911296,21.197996457417805,171.19957789999899
dgn_complete__pair_N6_ego_attention__seed7,dgn_qmix,coord_grid,7,1187,29700,59.5,25,0.7648829166666666,3.494898239771525,23.83248249689738,171.35585699998774
dgn_complete__pair_N6_ego_attention__seed7,dgn_qmix,coord_grid,7,1188,29725,62.5,25,0.7646850000000001,3.5637963158743724,15.103586605616979,171.52162939996924
dgn_complete__pair_N6_ego_attention__seed7,dgn_qmix,coord_grid,7,1189,29750,54.5,25,0.7644870833333334,2.5164792835712433,13.287320137023926,171.68250379996607
dgn_complete__pair_N6_ego_attention__seed7,dgn_qmix,coord_grid,7,1190,29775,49.5,25,0.7642891666666667,3.497823938727379,27.153372764587402,171.83306609996362
dgn_complete__pair_N6_ego_attention__seed7,dgn_qmix,coord_grid,7,1191,29800,55.0,25,0.76409125,3.210175504287084,16.003563165664673,171.98760579997906
dgn_complete__pair_N6_ego_attention__seed7,dgn_qmix,coord_grid,7,1192,29825,36.0,25,0.7638933333333333,3.670182364327567,64.96577780587333,172.21009269997012
dgn_complete__pair_N6_ego_attention__seed7,dgn_qmix,coord_grid,7,1193,29850,55.0,25,0.7636954166666667,4.010762294133504,95.32790946960449,172.3550505999592
dgn_complete__pair_N6_ego_attention__seed7,dgn_qmix,coord_grid,7,1194,29875,40.0,25,0.7634974999999999,3.2324859301249185,51.76251109441122,172.47181269997964
dgn_complete__pair_N6_ego_attention__seed7,dgn_qmix,coord_grid,7,1195,29900,42.0,25,0.7632995833333334,2.724680016438166,45.53916962941488,172.6196476999903
dgn_complete__pair_N6_ego_attention__seed7,dgn_qmix,coord_grid,7,1196,29925,49.5,25,0.7631016666666667,4.800048129899161,29.332004274640763,172.75176680000732
dgn_complete__pair_N6_ego_attention__seed7,dgn_qmix,coord_grid,7,1197,29950,48.0,25,0.76290375,1.0546008944511414,27.413723468780518,172.9442309999722
dgn_complete__pair_N6_ego_attention__seed7,dgn_qmix,coord_grid,7,1198,29975,44.0,25,0.7627058333333334,2.9515928775072098,27.135231494903564,173.08482459996594
dgn_complete__pair_N6_ego_attention__seed7,dgn_qmix,coord_grid,7,1199,30000,46.5,25,0.7625079166666666,4.2913516362508135,34.59510628382365,173.2795322999591
dgn_complete__pair_N6_ego_attention__seed7,dgn_qmix,coord_grid,7,1200,30025,48.5,25,0.76231,3.4305835579122816,24.44562544141497,173.48163230001228
dgn_complete__pair_N6_ego_attention__seed7,dgn_qmix,coord_grid,7,1201,30050,56.5,25,0.7621120833333334,3.9505980014801025,33.62976264953613,173.68450510001276
dgn_complete__pair_N6_ego_attention__seed7,dgn_qmix,coord_grid,7,1202,30075,43.5,25,0.7619141666666667,2.3259256780147552,32.78395287195841,173.8311049999902
dgn_complete__pair_N6_ego_attention__seed7,dgn_qmix,coord_grid,7,1203,30100,42.5,25,0.76171625,3.8778139228622117,24.056822617848713,173.96902879996924
dgn_complete__pair_N6_ego_attention__seed7,dgn_qmix,coord_grid,7,1204,30125,37.0,25,0.7615183333333333,2.597445160150528,23.169437544686453,174.13046439999016
dgn_complete__pair_N6_ego_attention__seed7,dgn_qmix,coord_grid,7,1205,30150,48.0,25,0.7613204166666667,2.592455024520556,21.898549874623615,174.30136360001052
dgn_complete__pair_N6_ego_attention__seed7,dgn_qmix,coord_grid,7,1206,30175,52.5,25,0.7611225,3.653766468167305,35.12613185246786,174.4182183999801
dgn_complete__pair_N6_ego_attention__seed7,dgn_qmix,coord_grid,7,1207,30200,56.0,25,0.7609245833333333,1.3700514286756516,26.118529240290325,174.51498279999942
dgn_complete__pair_N6_ego_attention__seed7,dgn_qmix,coord_grid,7,1208,30225,49.0,25,0.7607266666666667,1.7230373855148042,21.894144466945104,174.65817299997434
dgn_complete__pair_N6_ego_attention__seed7,dgn_qmix,coord_grid,7,1209,30250,46.5,25,0.76052875,3.930470625559489,37.63099845250448,174.77704299998004
dgn_complete__pair_N6_ego_attention__seed7,dgn_qmix,coord_grid,7,1210,30275,55.0,25,0.7603308333333333,3.6237488090991974,44.5799986521403,174.95251199998893
dgn_complete__pair_N6_ego_attention__seed7,dgn_qmix,coord_grid,7,1211,30300,55.5,25,0.7601329166666667,2.3691869576772056,24.756884574890137,175.0728373999591
dgn_complete__pair_N6_ego_attention__seed7,dgn_qmix,coord_grid,7,1212,30325,45.5,25,0.759935,3.7234856145722524,24.1729610988072,175.23833059996832
dgn_complete__pair_N6_ego_attention__seed7,dgn_qmix,coord_grid,7,1213,30350,41.5,25,0.7597370833333333,4.239174644152324,19.094919602076214,175.35885009996127
dgn_complete__pair_N6_ego_attention__seed7,dgn_qmix,coord_grid,7,1214,30375,51.0,25,0.7595391666666667,2.710625241200129,38.34639835357666,175.4999952999642
dgn_complete__pair_N6_ego_attention__seed7,dgn_qmix,coord_grid,7,1215,30400,37.5,25,0.75934125,2.9777582238117852,19.780137697855633,175.6981074999785
dgn_complete__pair_N6_ego_attention__seed7,dgn_qmix,coord_grid,7,1216,30425,60.5,25,0.7591433333333333,1.3212238571473531,38.13198913846697,175.86383980000392
dgn_complete__pair_N6_ego_attention__seed7,dgn_qmix,coord_grid,7,1217,30450,43.5,25,0.7589454166666667,4.321776707967122,35.83033816019694,176.01999399997294
dgn_complete__pair_N6_ego_attention__seed7,dgn_qmix,coord_grid,7,1218,30475,53.0,25,0.7587475,3.6927992900212607,49.26491610209147,176.1856286000111
dgn_complete__pair_N6_ego_attention__seed7,dgn_qmix,coord_grid,7,1219,30500,56.0,25,0.7585495833333333,3.1598330239454904,46.876889069875084,176.33492499997374
dgn_complete__pair_N6_ego_attention__seed7,dgn_qmix,coord_grid,7,1220,30525,46.0,25,0.7583516666666666,3.3472066266196117,15.324566159929548,176.47292209998704
dgn_complete__pair_N6_ego_attention__seed7,dgn_qmix,coord_grid,7,1221,30550,54.0,25,0.75815375,1.669963742295901,23.729864835739136,176.56683869997505
dgn_complete__pair_N6_ego_attention__seed7,dgn_qmix,coord_grid,7,1222,30575,41.0,25,0.7579558333333334,1.7155682394901912,34.43525981903076,176.68418639997253
dgn_complete__pair_N6_ego_attention__seed7,dgn_qmix,coord_grid,7,1223,30600,41.0,25,0.7577579166666667,3.0096425960461297,38.19057321548462,176.87627979996614
dgn_complete__pair_N6_ego_attention__seed7,dgn_qmix,coord_grid,7,1224,30625,58.5,25,0.75756,4.472397071974618,75.1816325868879,177.05256089998875
dgn_complete__pair_N6_ego_attention__seed7,dgn_qmix,coord_grid,7,1225,30650,56.0,25,0.7573620833333333,3.506385028362274,75.49273872375488,177.21487159997923
dgn_complete__pair_N6_ego_attention__seed7,dgn_qmix,coord_grid,7,1226,30675,51.5,25,0.7571641666666666,4.515149558583896,45.367588678995766,177.41185769997537
dgn_complete__pair_N6_ego_attention__seed7,dgn_qmix,coord_grid,7,1227,30700,43.5,25,0.75696625,2.765056629975637,36.60154342651367,177.53777830000035
dgn_complete__pair_N6_ego_attention__seed7,dgn_qmix,coord_grid,7,1228,30725,42.5,25,0.7567683333333334,3.2793174939496175,40.749768938337056,177.67324619996361
dgn_complete__pair_N6_ego_attention__seed7,dgn_qmix,coord_grid,7,1229,30750,48.5,25,0.7565704166666667,3.5686766505241394,74.49696159362793,177.81490389996907
dgn_complete__pair_N6_ego_attention__seed7,dgn_qmix,coord_grid,7,1230,30775,44.0,25,0.7563725,3.341926634311676,25.159526745478313,177.948807400011
dgn_complete__pair_N6_ego_attention__seed7,dgn_qmix,coord_grid,7,1231,30800,48.5,25,0.7561745833333333,1.4428995847702026,30.978514671325684,178.05231960001402
dgn_complete__pair_N6_ego_attention__seed7,dgn_qmix,coord_grid,7,1232,30825,56.5,25,0.7559766666666666,3.231440165213176,24.862602302006312,178.25763199996436
dgn_complete__pair_N6_ego_attention__seed7,dgn_qmix,coord_grid,7,1233,30850,47.0,25,0.75577875,2.1163930048545203,30.77699915568034,178.40287920000264
dgn_complete__pair_N6_ego_attention__seed7,dgn_qmix,coord_grid,7,1234,30875,48.0,25,0.7555808333333334,4.652659619847934,18.22449779510498,178.5408010999672
dgn_complete__pair_N6_ego_attention__seed7,dgn_qmix,coord_grid,7,1235,30900,42.5,25,0.7553829166666667,3.650996446609497,34.67925055821737,178.66409370000474
dgn_complete__pair_N6_ego_attention__seed7,dgn_qmix,coord_grid,7,1236,30925,57.0,25,0.755185,1.8583441759858812,42.046896253313335,178.828251799976
dgn_complete__pair_N6_ego_attention__seed7,dgn_qmix,coord_grid,7,1237,30950,50.0,25,0.7549870833333333,2.6722272634506226,21.62045431137085,178.94998470001156
dgn_complete__pair_N6_ego_attention__seed7,dgn_qmix,coord_grid,7,1238,30975,56.0,25,0.7547891666666666,2.021043519179026,16.92496109008789,179.10667529999046
dgn_complete__pair_N6_ego_attention__seed7,dgn_qmix,coord_grid,7,1239,31000,64.0,25,0.75459125,4.966232150793076,23.31122096379598,179.24374080001144
dgn_complete__pair_N6_ego_attention__seed7,dgn_qmix,coord_grid,7,1240,31025,45.0,25,0.7543933333333334,3.220857743706022,23.09714262826102,179.389875199995
dgn_complete__pair_N6_ego_attention__seed7,dgn_qmix,coord_grid,7,1241,31050,52.0,25,0.7541954166666667,2.3130103200674057,20.57328001658122,179.5009859999991
dgn_complete__pair_N6_ego_attention__seed7,dgn_qmix,coord_grid,7,1242,31075,40.0,25,0.7539975,2.1217694183190665,39.03796593348185,179.67359570000554
dgn_complete__pair_N6_ego_attention__seed7,dgn_qmix,coord_grid,7,1243,31100,50.5,25,0.7537995833333333,2.767967959245046,41.938154538472496,179.8364503000048
dgn_complete__pair_N6_ego_attention__seed7,dgn_qmix,coord_grid,7,1244,31125,48.0,25,0.7536016666666667,3.373483513082777,48.54118987492153,179.99410479998915
dgn_complete__pair_N6_ego_attention__seed7,dgn_qmix,coord_grid,7,1245,31150,54.0,25,0.75340375,3.0475082993507385,35.190585136413574,180.1485534000094
dgn_complete__pair_N6_ego_attention__seed7,dgn_qmix,coord_grid,7,1246,31175,37.5,25,0.7532058333333334,4.114434406161308,51.7772429784139,180.27340289996937
dgn_complete__pair_N6_ego_attention__seed7,dgn_qmix,coord_grid,7,1247,31200,56.0,25,0.7530079166666667,4.816474512219429,54.95745897293091,180.38545709999744
dgn_complete__pair_N6_ego_attention__seed7,dgn_qmix,coord_grid,7,1248,31225,53.5,25,0.75281,3.274521917104721,42.81415489741734,180.52340349997394
dgn_complete__pair_N6_ego_attention__seed7,dgn_qmix,coord_grid,7,1249,31250,50.5,25,0.7526120833333333,2.117341031630834,51.32127459843954,180.68099909997545
dgn_complete__pair_N6_ego_attention__seed7,dgn_qmix,coord_grid,7,1250,31275,37.5,25,0.7524141666666667,3.322122484445572,37.77777926127116,180.7974164999905
dgn_complete__pair_N6_ego_attention__seed7,dgn_qmix,coord_grid,7,1251,31300,41.0,25,0.75221625,2.3271665970484414,32.30682484308878,180.94904039998073
dgn_complete__pair_N6_ego_attention__seed7,dgn_qmix,coord_grid,7,1252,31325,50.0,25,0.7520183333333333,2.1141304969787598,23.835877690996444,181.09127460001037
dgn_complete__pair_N6_ego_attention__seed7,dgn_qmix,coord_grid,7,1253,31350,43.0,25,0.7518204166666667,4.953118999799092,20.385241905848186,181.25812339998083
dgn_complete__pair_N6_ego_attention__seed7,dgn_qmix,coord_grid,7,1254,31375,51.5,25,0.7516225,4.034665743509929,21.170764446258545,181.40887049998855
dgn_complete__pair_N6_ego_attention__seed7,dgn_qmix,coord_grid,7,1255,31400,59.0,25,0.7514245833333333,2.079585015773773,33.11945470174154,181.55280790000688
dgn_complete__pair_N6_ego_attention__seed7,dgn_qmix,coord_grid,7,1256,31425,50.5,25,0.7512266666666667,4.096632642405374,61.53411293029785,181.66448089998448
dgn_complete__pair_N6_ego_attention__seed7,dgn_qmix,coord_grid,7,1257,31450,56.5,25,0.75102875,1.873823752005895,73.2931677500407,181.83359980001114
dgn_complete__pair_N6_ego_attention__seed7,dgn_qmix,coord_grid,7,1258,31475,49.0,25,0.7508308333333333,3.8995766838391623,42.193610191345215,181.96655539999483
dgn_complete__pair_N6_ego_attention__seed7,dgn_qmix,coord_grid,7,1259,31500,50.5,25,0.7506329166666666,2.372480347752571,29.256478627522785,182.13176089996705
dgn_complete__pair_N6_ego_attention__seed7,dgn_qmix,coord_grid,7,1260,31525,47.0,25,0.750435,2.663257999079568,20.98164176940918,182.30861459998414
dgn_complete__pair_N6_ego_attention__seed7,dgn_qmix,coord_grid,7,1261,31550,44.5,25,0.7502370833333334,3.6622048070033393,29.03196843465169,182.46473929996137
dgn_complete__pair_N6_ego_attention__seed7,dgn_qmix,coord_grid,7,1262,31575,58.0,25,0.7500391666666667,2.3638454377651215,33.41877142588297,182.60695649997797
dgn_complete__pair_N6_ego_attention__seed7,dgn_qmix,coord_grid,7,1263,31600,40.0,25,0.74984125,5.40782614549001,26.895215034484863,182.73354819999076
dgn_complete__pair_N6_ego_attention__seed7,dgn_qmix,coord_grid,7,1264,31625,69.5,25,0.7496433333333333,2.6001585509095873,20.024762426103866,182.85933559999103
dgn_complete__pair_N6_ego_attention__seed7,dgn_qmix,coord_grid,7,1265,31650,40.0,25,0.7494454166666666,2.7291993498802185,21.026646773020428,183.01329299999634
dgn_complete__pair_N6_ego_attention__seed7,dgn_qmix,coord_grid,7,1266,31675,60.0,25,0.7492475000000001,3.0966037213802338,35.23315397898356,183.19263939996017
dgn_complete__pair_N6_ego_attention__seed7,dgn_qmix,coord_grid,7,1267,31700,59.5,25,0.7490495833333333,3.1772686342398324,31.351155122121174,183.32240289996844
dgn_complete__pair_N6_ego_attention__seed7,dgn_qmix,coord_grid,7,1268,31725,46.0,25,0.7488516666666667,3.5854898180280412,22.57835510798863,183.44058110000333
dgn_complete__pair_N6_ego_attention__seed7,dgn_qmix,coord_grid,7,1269,31750,54.0,25,0.74865375,3.0935354083776474,21.41364296277364,183.57583919999888
dgn_complete__pair_N6_ego_attention__seed7,dgn_qmix,coord_grid,7,1270,31775,48.0,25,0.7484558333333333,3.718671207626661,17.25757630666097,183.77222029998666
dgn_complete__pair_N6_ego_attention__seed7,dgn_qmix,coord_grid,7,1271,31800,50.5,25,0.7482579166666667,3.36524931093057,33.21376339594523,183.90930309996475
dgn_complete__pair_N6_ego_attention__seed7,dgn_qmix,coord_grid,7,1272,31825,45.0,25,0.74806,3.2385829176221574,24.062053748539515,184.062189499964
dgn_complete__pair_N6_ego_attention__seed7,dgn_qmix,coord_grid,7,1273,31850,42.0,25,0.7478620833333334,3.324392552177111,44.06095043818156,184.1579052999732
dgn_complete__pair_N6_ego_attention__seed7,dgn_qmix,coord_grid,7,1274,31875,59.5,25,0.7476641666666667,2.772259975473086,26.92583719889323,184.29350450000493
dgn_complete__pair_N6_ego_attention__seed7,dgn_qmix,coord_grid,7,1275,31900,43.0,25,0.74746625,3.3679690758387246,20.940457503000896,184.4396812999621
dgn_complete__pair_N6_ego_attention__seed7,dgn_qmix,coord_grid,7,1276,31925,51.0,25,0.7472683333333333,2.3448854769979204,18.38373259135655,184.56519910000497
dgn_complete__pair_N6_ego_attention__seed7,dgn_qmix,coord_grid,7,1277,31950,48.5,25,0.7470704166666666,3.7674859364827475,18.500277042388916,184.73247449996416
dgn_complete__pair_N6_ego_attention__seed7,dgn_qmix,coord_grid,7,1278,31975,63.5,25,0.7468725,4.682836135228475,19.585708777109783,184.84338729997398
dgn_complete__pair_N6_ego_attention__seed7,dgn_qmix,coord_grid,7,1279,32000,52.0,25,0.7466745833333334,2.8599115014076233,40.88304456075033,184.9871997999726
dgn_complete__pair_N6_ego_attention__seed7,dgn_qmix,coord_grid,7,1280,32025,49.5,25,0.7464766666666667,3.40705754501479,38.09102998461042,185.1717515999917
dgn_complete__pair_N6_ego_attention__seed7,dgn_qmix,coord_grid,7,1281,32050,41.5,25,0.74627875,2.8129908442497253,35.379952589670815,185.3636291999719
dgn_complete__pair_N6_ego_attention__seed7,dgn_qmix,coord_grid,7,1282,32075,45.0,25,0.7460808333333333,2.08800615866979,30.860727945963543,185.52900979999686
dgn_complete__pair_N6_ego_attention__seed7,dgn_qmix,coord_grid,7,1283,32100,41.5,25,0.7458829166666667,1.109034871061643,21.940722544987995,185.64545109996106
dgn_complete__pair_N6_ego_attention__seed7,dgn_qmix,coord_grid,7,1284,32125,53.0,25,0.745685,3.9665800843920027,40.29668780735561,185.87413569999626
dgn_complete__pair_N6_ego_attention__seed7,dgn_qmix,coord_grid,7,1285,32150,51.5,25,0.7454870833333334,3.4482664366563163,40.92238156000773,186.06327129999408
dgn_complete__pair_N6_ego_attention__seed7,dgn_qmix,coord_grid,7,1286,32175,37.0,25,0.7452891666666667,2.35261661807696,13.98920996983846,186.19378969998797
dgn_complete__pair_N6_ego_attention__seed7,dgn_qmix,coord_grid,7,1287,32200,46.0,25,0.74509125,3.3383164753516517,16.858965237935383,186.34657719999086
dgn_complete__pair_N6_ego_attention__seed7,dgn_qmix,coord_grid,7,1288,32225,54.0,25,0.7448933333333334,3.877297976187297,70.3119637625558,186.5292172000045
dgn_complete__pair_N6_ego_attention__seed7,dgn_qmix,coord_grid,7,1289,32250,43.0,25,0.7446954166666666,3.25680418809255,95.29281997680664,186.7188940999913
dgn_complete__pair_N6_ego_attention__seed7,dgn_qmix,coord_grid,7,1290,32275,50.5,25,0.7444975,2.289261927207311,43.79818598429362,186.83971289999317
dgn_complete__pair_N6_ego_attention__seed7,dgn_qmix,coord_grid,7,1291,32300,50.0,25,0.7442995833333333,4.059329728285472,59.58997885386149,186.96941670001252
dgn_complete__pair_N6_ego_attention__seed7,dgn_qmix,coord_grid,7,1292,32325,47.5,25,0.7441016666666667,3.823711020605905,56.883889062064036,187.12448920001043
dgn_complete__pair_N6_ego_attention__seed7,dgn_qmix,coord_grid,7,1293,32350,56.5,25,0.7439037500000001,3.605864738424619,45.21420701344808,187.2914613999892
dgn_complete__pair_N6_ego_attention__seed7,dgn_qmix,coord_grid,7,1294,32375,47.5,25,0.7437058333333333,3.567066475749016,39.931456089019775,187.4126518999692
dgn_complete__pair_N6_ego_attention__seed7,dgn_qmix,coord_grid,7,1295,32400,43.0,25,0.7435079166666667,1.1397801786661148,42.21812884012858,187.54127609997522
dgn_complete__pair_N6_ego_attention__seed7,dgn_qmix,coord_grid,7,1296,32425,48.5,25,0.74331,4.592731237411499,32.58333083561489,187.6603582999669
dgn_complete__pair_N6_ego_attention__seed7,dgn_qmix,coord_grid,7,1297,32450,57.0,25,0.7431120833333333,2.533242031931877,31.02571980158488,187.7921943999827
dgn_complete__pair_N6_ego_attention__seed7,dgn_qmix,coord_grid,7,1298,32475,65.5,25,0.7429141666666667,3.332588185866674,54.0017515818278,187.92202489997726
dgn_complete__pair_N6_ego_attention__seed7,dgn_qmix,coord_grid,7,1299,32500,42.0,25,0.74271625,3.2129320402940116,43.35339864095052,188.0814601999591
dgn_complete__pair_N6_ego_attention__seed7,dgn_qmix,coord_grid,7,1300,32525,52.5,25,0.7425183333333334,3.845521011522838,10.98854398727417,188.27303979999851
dgn_complete__pair_N6_ego_attention__seed7,dgn_qmix,coord_grid,7,1301,32550,43.5,25,0.7423204166666667,2.7825186798969903,19.57242425282796,188.39471189997857
dgn_complete__pair_N6_ego_attention__seed7,dgn_qmix,coord_grid,7,1302,32575,41.5,25,0.7421225,3.1046477556228638,20.026556491851807,188.57624630001374
dgn_complete__pair_N6_ego_attention__seed7,dgn_qmix,coord_grid,7,1303,32600,49.5,25,0.7419245833333333,4.083880583445231,19.666081110636394,188.7016050000093
dgn_complete__pair_N6_ego_attention__seed7,dgn_qmix,coord_grid,7,1304,32625,55.0,25,0.7417266666666666,3.2514134645462036,14.934189115251813,188.88454349996755
dgn_complete__pair_N6_ego_attention__seed7,dgn_qmix,coord_grid,7,1305,32650,58.0,25,0.7415287500000001,3.7653305182854333,22.1379812558492,189.03544659999898
dgn_complete__pair_N6_ego_attention__seed7,dgn_qmix,coord_grid,7,1306,32675,42.0,25,0.7413308333333334,2.473658507068952,20.386383374532063,189.18142089998582
dgn_complete__pair_N6_ego_attention__seed7,dgn_qmix,coord_grid,7,1307,32700,55.5,25,0.7411329166666667,3.4385920614004135,15.010591824849447,189.33077110000886
dgn_complete__pair_N6_ego_attention__seed7,dgn_qmix,coord_grid,7,1308,32725,52.0,25,0.740935,3.0570828999791826,19.04254150390625,189.46352180000395
dgn_complete__pair_N6_ego_attention__seed7,dgn_qmix,coord_grid,7,1309,32750,49.5,25,0.7407370833333333,3.1229615112145743,24.274673144022625,189.59994609997375
dgn_complete__pair_N6_ego_attention__seed7,dgn_qmix,coord_grid,7,1310,32775,62.0,25,0.7405391666666667,2.4431038250525794,29.0134113629659,189.73937969998224
dgn_complete__pair_N6_ego_attention__seed7,dgn_qmix,coord_grid,7,1311,32800,58.0,25,0.74034125,2.4536346197128296,30.573367754618328,189.914812300005
dgn_complete__pair_N6_ego_attention__seed7,dgn_qmix,coord_grid,7,1312,32825,41.5,25,0.7401433333333334,4.2541675227028986,32.96713188716343,190.0418960999814
dgn_complete__pair_N6_ego_attention__seed7,dgn_qmix,coord_grid,7,1313,32850,40.5,25,0.7399454166666667,2.0584600071112313,71.66206804911296,190.18730559997493
dgn_complete__pair_N6_ego_attention__seed7,dgn_qmix,coord_grid,7,1314,32875,29.5,25,0.7397475,3.6854103406270347,54.748172442118324,190.3418428999721
dgn_complete__pair_N6_ego_attention__seed7,dgn_qmix,coord_grid,7,1315,32900,42.0,25,0.7395495833333333,2.4983196457227073,46.71805477142334,190.47430389997317
dgn_complete__pair_N6_ego_attention__seed7,dgn_qmix,coord_grid,7,1316,32925,52.5,25,0.7393516666666666,3.0943744352885654,26.134867872510636,190.5994729999802
dgn_complete__pair_N6_ego_attention__seed7,dgn_qmix,coord_grid,7,1317,32950,61.0,25,0.73915375,3.4488873978455863,27.057537078857422,190.78554139996413
dgn_complete__pair_N6_ego_attention__seed7,dgn_qmix,coord_grid,7,1318,32975,52.5,25,0.7389558333333334,3.93548916776975,43.36734867095947,190.9544651999604
dgn_complete__pair_N6_ego_attention__seed7,dgn_qmix,coord_grid,7,1319,33000,48.5,25,0.7387579166666667,1.4563177078962326,20.6384064356486,191.14646540000103
dgn_complete__pair_N6_ego_attention__seed7,dgn_qmix,coord_grid,7,1320,33025,42.0,25,0.73856,4.33257885490145,70.02258736746651,191.34057449997636
dgn_complete__pair_N6_ego_attention__seed7,dgn_qmix,coord_grid,7,1321,33050,42.0,25,0.7383620833333333,1.9917008578777313,83.82427724202473,191.4600388999679
dgn_complete__pair_N6_ego_attention__seed7,dgn_qmix,coord_grid,7,1322,33075,57.0,25,0.7381641666666667,3.744336426258087,59.464308420817055,191.57955249998486
dgn_complete__pair_N6_ego_attention__seed7,dgn_qmix,coord_grid,7,1323,33100,58.0,25,0.73796625,2.229879433910052,43.309950828552246,191.70691810001153
dgn_complete__pair_N6_ego_attention__seed7,dgn_qmix,coord_grid,7,1324,33125,50.0,25,0.7377683333333334,2.324432530573436,52.65495572771345,191.88350659998832
dgn_complete__pair_N6_ego_attention__seed7,dgn_qmix,coord_grid,7,1325,33150,45.0,25,0.7375704166666667,3.1936445236206055,37.37273979187012,192.0356216999935
dgn_complete__pair_N6_ego_attention__seed7,dgn_qmix,coord_grid,7,1326,33175,47.5,25,0.7373725,2.849168141682943,33.16470956802368,192.17871149996063
dgn_complete__pair_N6_ego_attention__seed7,dgn_qmix,coord_grid,7,1327,33200,55.5,25,0.7371745833333334,4.186353445053101,30.162746906280518,192.35754639998777
dgn_complete__pair_N6_ego_attention__seed7,dgn_qmix,coord_grid,7,1328,33225,49.0,25,0.7369766666666666,3.43418944307736,31.0211957522801,192.51783869997598
dgn_complete__pair_N6_ego_attention__seed7,dgn_qmix,coord_grid,7,1329,33250,49.5,25,0.73677875,2.787162279089292,26.667741616566975,192.71890659997007
dgn_complete__pair_N6_ego_attention__seed7,dgn_qmix,coord_grid,7,1330,33275,61.5,25,0.7365808333333334,4.952268838882446,42.67255147298177,192.85905480000656
dgn_complete__pair_N6_ego_attention__seed7,dgn_qmix,coord_grid,7,1331,33300,56.0,25,0.7363829166666667,2.8086498081684113,40.29378191630045,193.02633389999392
dgn_complete__pair_N6_ego_attention__seed7,dgn_qmix,coord_grid,7,1332,33325,53.0,25,0.7361850000000001,4.225610081638608,19.504652772630966,193.15788119996432
dgn_complete__pair_N6_ego_attention__seed7,dgn_qmix,coord_grid,7,1333,33350,52.5,25,0.7359870833333333,2.4352281590302787,20.467665195465088,193.31930249999277
dgn_complete__pair_N6_ego_attention__seed7,dgn_qmix,coord_grid,7,1334,33375,58.0,25,0.7357891666666667,3.474360783894857,26.288096110026043,193.47391999996034
dgn_complete__pair_N6_ego_attention__seed7,dgn_qmix,coord_grid,7,1335,33400,49.0,25,0.73559125,3.85252845287323,22.91803248723348,193.61159619997488
dgn_complete__pair_N6_ego_attention__seed7,dgn_qmix,coord_grid,7,1336,33425,43.5,25,0.7353933333333333,3.117044142314366,32.83559301921299,193.7785140000051
dgn_complete__pair_N6_ego_attention__seed7,dgn_qmix,coord_grid,7,1337,33450,51.5,25,0.7351954166666667,3.141648064057032,27.897992451985676,193.9322511999635
dgn_complete__pair_N6_ego_attention__seed7,dgn_qmix,coord_grid,7,1338,33475,41.0,25,0.7349975,3.498716543118159,28.649214108784992,194.11177819996374
dgn_complete__pair_N6_ego_attention__seed7,dgn_qmix,coord_grid,7,1339,33500,25.0,25,0.7347995833333334,2.8624647557735443,31.652076721191406,194.24880170001416
dgn_complete__pair_N6_ego_attention__seed7,dgn_qmix,coord_grid,7,1340,33525,54.0,25,0.7346016666666667,3.0690227491515025,22.343432562691824,194.41196880000643
dgn_complete__pair_N6_ego_attention__seed7,dgn_qmix,coord_grid,7,1341,33550,45.0,25,0.73440375,1.8920394827922185,40.295653661092125,194.5490060999873
dgn_complete__pair_N6_ego_attention__seed7,dgn_qmix,coord_grid,7,1342,33575,46.0,25,0.7342058333333333,1.8713387946287792,33.113606452941895,194.66203419998055
dgn_complete__pair_N6_ego_attention__seed7,dgn_qmix,coord_grid,7,1343,33600,49.0,25,0.7340079166666666,2.480510617295901,18.234310309092205,194.81081319996156
dgn_complete__pair_N6_ego_attention__seed7,dgn_qmix,coord_grid,7,1344,33625,38.0,25,0.7338100000000001,2.3937205842563083,20.200945445469447,194.9306132000056
dgn_complete__pair_N6_ego_attention__seed7,dgn_qmix,coord_grid,7,1345,33650,41.0,25,0.7336120833333334,3.0494303007920585,15.734243631362915,195.0580895000021
dgn_complete__pair_N6_ego_attention__seed7,dgn_qmix,coord_grid,7,1346,33675,55.5,25,0.7334141666666667,4.567602872848511,29.441492398579914,195.22059689997695
dgn_complete__pair_N6_ego_attention__seed7,dgn_qmix,coord_grid,7,1347,33700,48.5,25,0.73321625,2.856504261493683,30.8898286819458,195.36030999996
dgn_complete__pair_N6_ego_attention__seed7,dgn_qmix,coord_grid,7,1348,33725,53.0,25,0.7330183333333333,4.037584287779672,38.11279542105539,195.52034190000268
dgn_complete__pair_N6_ego_attention__seed7,dgn_qmix,coord_grid,7,1349,33750,50.0,25,0.7328204166666668,1.837357262770335,43.000104904174805,195.70507689996157
dgn_complete__pair_N6_ego_attention__seed7,dgn_qmix,coord_grid,7,1350,33775,41.0,25,0.7326225,2.2250224153200784,46.65957466761271,195.82729039998958
dgn_complete__pair_N6_ego_attention__seed7,dgn_qmix,coord_grid,7,1351,33800,44.0,25,0.7324245833333334,2.314655214548111,55.412913958231606,195.98594310000772
dgn_complete__pair_N6_ego_attention__seed7,dgn_qmix,coord_grid,7,1352,33825,41.0,25,0.7322266666666667,3.9652204854147777,78.02569907052177,196.13794539996888
dgn_complete__pair_N6_ego_attention__seed7,dgn_qmix,coord_grid,7,1353,33850,50.0,25,0.73202875,3.0339144269625344,76.01381905873616,196.30702989996644
dgn_complete__pair_N6_ego_attention__seed7,dgn_qmix,coord_grid,7,1354,33875,58.5,25,0.7318308333333334,2.2192688981691995,77.63364537556966,196.47086939995643
dgn_complete__pair_N6_ego_attention__seed7,dgn_qmix,coord_grid,7,1355,33900,38.5,25,0.7316329166666666,4.014364659786224,67.91824865341187,196.60649679997005
dgn_complete__pair_N6_ego_attention__seed7,dgn_qmix,coord_grid,7,1356,33925,50.5,25,0.7314350000000001,3.36593045932906,62.202005931309294,196.74019340000814
dgn_complete__pair_N6_ego_attention__seed7,dgn_qmix,coord_grid,7,1357,33950,62.5,25,0.7312370833333334,5.100087970495224,74.28719552357991,196.864352900011
dgn_complete__pair_N6_ego_attention__seed7,dgn_qmix,coord_grid,7,1358,33975,57.0,25,0.7310391666666667,2.329222023487091,46.127817471822105,196.99929539998993
dgn_complete__pair_N6_ego_attention__seed7,dgn_qmix,coord_grid,7,1359,34000,50.0,25,0.73084125,2.5029669304688773,38.99083741505941,197.20941919996403
dgn_complete__pair_N6_ego_attention__seed7,dgn_qmix,coord_grid,7,1360,34025,38.5,25,0.7306433333333333,2.4466169327497482,22.043542861938477,197.32873259996995
dgn_complete__pair_N6_ego_attention__seed7,dgn_qmix,coord_grid,7,1361,34050,55.0,25,0.7304454166666667,2.9518358359734216,42.2461150487264,197.47432340000523
dgn_complete__pair_N6_ego_attention__seed7,dgn_qmix,coord_grid,7,1362,34075,55.5,25,0.7302475,2.86260653535525,29.319743315378826,197.66680899995845
dgn_complete__pair_N6_ego_attention__seed7,dgn_qmix,coord_grid,7,1363,34100,49.5,25,0.7300495833333334,3.977062533299128,14.030526638031006,197.8092102999799
dgn_complete__pair_N6_ego_attention__seed7,dgn_qmix,coord_grid,7,1364,34125,63.0,25,0.7298516666666667,1.8404741755553655,24.237630571637833,197.95295770000666
dgn_complete__pair_N6_ego_attention__seed7,dgn_qmix,coord_grid,7,1365,34150,60.0,25,0.72965375,2.8169660617907843,24.324361324310303,198.1017665999825
dgn_complete__pair_N6_ego_attention__seed7,dgn_qmix,coord_grid,7,1366,34175,44.0,25,0.7294558333333334,2.8546098470687866,25.35410499572754,198.22271969995927
dgn_complete__pair_N6_ego_attention__seed7,dgn_qmix,coord_grid,7,1367,34200,43.5,25,0.7292579166666667,4.303123553593953,16.087419509887695,198.39866329997312
dgn_complete__pair_N6_ego_attention__seed7,dgn_qmix,coord_grid,7,1368,34225,49.0,25,0.72906,1.8650969564914703,14.248121397835869,198.51912630000152
dgn_complete__pair_N6_ego_attention__seed7,dgn_qmix,coord_grid,7,1369,34250,61.5,25,0.7288620833333334,3.920115754008293,16.38658531506856,198.71843499998795
dgn_complete__pair_N6_ego_attention__seed7,dgn_qmix,coord_grid,7,1370,34275,33.5,25,0.7286641666666667,1.8001193801561992,22.7008482615153,198.89653229998657
dgn_complete__pair_N6_ego_attention__seed7,dgn_qmix,coord_grid,7,1371,34300,55.0,25,0.7284662500000001,1.9998096873362858,51.57479699452718,199.0101055999985
dgn_complete__pair_N6_ego_attention__seed7,dgn_qmix,coord_grid,7,1372,34325,50.0,25,0.7282683333333333,4.0827822259494235,44.11007390703474,199.19311029999517
dgn_complete__pair_N6_ego_attention__seed7,dgn_qmix,coord_grid,7,1373,34350,67.0,25,0.7280704166666667,4.64333329598109,39.21500555674235,199.29805029998533
dgn_complete__pair_N6_ego_attention__seed7,dgn_qmix,coord_grid,7,1374,34375,51.5,25,0.7278725,2.937449703613917,44.434948126475014,199.45633670000825
dgn_complete__pair_N6_ego_attention__seed7,dgn_qmix,coord_grid,7,1375,34400,36.5,25,0.7276745833333333,4.313601315021515,34.71149889628092,199.62392069998896
dgn_complete__pair_N6_ego_attention__seed7,dgn_qmix,coord_grid,7,1376,34425,39.5,25,0.7274766666666667,4.144567762102399,49.955261502947124,199.77879800001392
dgn_complete__pair_N6_ego_attention__seed7,dgn_qmix,coord_grid,7,1377,34450,56.5,25,0.72727875,3.2765280107657113,29.62932475407918,199.9844516000012
dgn_complete__pair_N6_ego_attention__seed7,dgn_qmix,coord_grid,7,1378,34475,47.0,25,0.7270808333333334,3.9211562176545462,35.20128552118937,200.10352559998864
dgn_complete__pair_N6_ego_attention__seed7,dgn_qmix,coord_grid,7,1379,34500,49.0,25,0.7268829166666667,1.5300988058249156,39.05653190612793,200.2343731999863
dgn_complete__pair_N6_ego_attention__seed7,dgn_qmix,coord_grid,7,1380,34525,52.0,25,0.726685,1.9382437765598297,29.788370064326696,200.3828028999851
dgn_complete__pair_N6_ego_attention__seed7,dgn_qmix,coord_grid,7,1381,34550,47.5,25,0.7264870833333333,1.9049379924933116,39.210824171702065,200.52929360000417
dgn_complete__pair_N6_ego_attention__seed7,dgn_qmix,coord_grid,7,1382,34575,53.0,25,0.7262891666666667,4.201582486430804,16.81733576456706,200.68719480000436
dgn_complete__pair_N6_ego_attention__seed7,dgn_qmix,coord_grid,7,1383,34600,40.5,25,0.7260912500000001,2.4350535720586777,20.261888027191162,200.78488940000534
dgn_complete__pair_N6_ego_attention__seed7,dgn_qmix,coord_grid,7,1384,34625,42.0,25,0.7258933333333334,2.443099307162421,59.10324369158064,200.9945827999618
dgn_complete__pair_N6_ego_attention__seed7,dgn_qmix,coord_grid,7,1385,34650,43.5,25,0.7256954166666667,5.645317912101746,82.37161986033122,201.14343299996108
dgn_complete__pair_N6_ego_attention__seed7,dgn_qmix,coord_grid,7,1386,34675,49.5,25,0.7254975,3.343424081802368,46.91719182332357,201.29509689996485
dgn_complete__pair_N6_ego_attention__seed7,dgn_qmix,coord_grid,7,1387,34700,53.5,25,0.7252995833333333,3.275399704774221,35.32386461893717,201.44027809996624
dgn_complete__pair_N6_ego_attention__seed7,dgn_qmix,coord_grid,7,1388,34725,52.0,25,0.7251016666666668,2.8362351145063127,28.988243647984095,201.5875345999957
dgn_complete__pair_N6_ego_attention__seed7,dgn_qmix,coord_grid,7,1389,34750,58.0,25,0.72490375,4.675042510032654,20.532429218292236,201.78552279999712
dgn_complete__pair_N6_ego_attention__seed7,dgn_qmix,coord_grid,7,1390,34775,41.0,25,0.7247058333333334,2.47585599621137,18.85576335589091,201.9395186000038
dgn_complete__pair_N6_ego_attention__seed7,dgn_qmix,coord_grid,7,1391,34800,38.5,25,0.7245079166666667,4.953414340813954,19.794960339864094,202.088995099999
dgn_complete__pair_N6_ego_attention__seed7,dgn_qmix,coord_grid,7,1392,34825,60.5,25,0.72431,4.329162154878889,26.92608097621373,202.30536659999052
dgn_complete__pair_N6_ego_attention__seed7,dgn_qmix,coord_grid,7,1393,34850,53.0,25,0.7241120833333334,3.7488667567571006,53.21937274932861,202.50583069998538
dgn_complete__pair_N6_ego_attention__seed7,dgn_qmix,coord_grid,7,1394,34875,68.5,25,0.7239141666666666,3.6814483404159546,43.41382988293966,202.63274799997453
dgn_complete__pair_N6_ego_attention__seed7,dgn_qmix,coord_grid,7,1395,34900,44.0,25,0.7237162500000001,2.634350746870041,44.10591538747152,202.78700569999637
dgn_complete__pair_N6_ego_attention__seed7,dgn_qmix,coord_grid,7,1396,34925,60.0,25,0.7235183333333334,3.7625999450683594,27.13253048488072,202.9394996999763
dgn_complete__pair_N6_ego_attention__seed7,dgn_qmix,coord_grid,7,1397,34950,58.0,25,0.7233204166666667,3.4986138343811035,12.804237683614096,203.07942620001268
dgn_complete__pair_N6_ego_attention__seed7,dgn_qmix,coord_grid,7,1398,34975,51.5,25,0.7231225,3.4905386616786322,18.38198709487915,203.2310394999804
dgn_complete__pair_N6_ego_attention__seed7,dgn_qmix,coord_grid,7,1399,35000,47.0,25,0.7229245833333333,2.533671220143636,25.990791002909344,203.3493720999686
dgn_complete__pair_N6_ego_attention__seed7,dgn_qmix,coord_grid,7,1400,35025,60.0,25,0.7227266666666667,4.991280147007534,29.67585645403181,203.49557259998983
dgn_complete__pair_N6_ego_attention__seed7,dgn_qmix,coord_grid,7,1401,35050,48.0,25,0.72252875,2.967368652423223,43.79886198043823,203.6320429999614
dgn_complete__pair_N6_ego_attention__seed7,dgn_qmix,coord_grid,7,1402,35075,45.0,25,0.7223308333333334,3.6746503114700317,49.462158600489296,203.81246290000854
dgn_complete__pair_N6_ego_attention__seed7,dgn_qmix,coord_grid,7,1403,35100,48.5,25,0.7221329166666667,3.8723700443903604,57.04874897003174,203.9370357999578
dgn_complete__pair_N6_ego_attention__seed7,dgn_qmix,coord_grid,7,1404,35125,40.5,25,0.721935,2.3639670610427856,43.204292978559224,204.06530829996336
dgn_complete__pair_N6_ego_attention__seed7,dgn_qmix,coord_grid,7,1405,35150,47.5,25,0.7217370833333334,4.4222041467825575,47.06146494547526,204.1938035999774
dgn_complete__pair_N6_ego_attention__seed7,dgn_qmix,coord_grid,7,1406,35175,53.5,25,0.7215391666666666,3.220585177342097,32.62610371907552,204.32566779997433
dgn_complete__pair_N6_ego_attention__seed7,dgn_qmix,coord_grid,7,1407,35200,35.5,25,0.72134125,3.639149948954582,24.670496781667072,204.43603879999137
dgn_complete__pair_N6_ego_attention__seed7,dgn_qmix,coord_grid,7,1408,35225,53.0,25,0.7211433333333334,5.816179479871478,26.840026719229563,204.61109409999335
dgn_complete__pair_N6_ego_attention__seed7,dgn_qmix,coord_grid,7,1409,35250,47.5,25,0.7209454166666667,2.940057873725891,34.07762829462687,204.73667849996127
dgn_complete__pair_N6_ego_attention__seed7,dgn_qmix,coord_grid,7,1410,35275,43.5,25,0.7207475000000001,2.5343845933675766,17.622171719868977,204.92006839998066
dgn_complete__pair_N6_ego_attention__seed7,dgn_qmix,coord_grid,7,1411,35300,42.0,25,0.7205495833333333,3.876411110162735,16.731581926345825,205.06756359996507
dgn_complete__pair_N6_ego_attention__seed7,dgn_qmix,coord_grid,7,1412,35325,58.5,25,0.7203516666666667,2.8351533200059618,23.469347545078822,205.24789739999687
dgn_complete__pair_N6_ego_attention__seed7,dgn_qmix,coord_grid,7,1413,35350,47.5,25,0.72015375,3.295954336722692,40.81909942626953,205.36927739996463
dgn_complete__pair_N6_ego_attention__seed7,dgn_qmix,coord_grid,7,1414,35375,49.5,25,0.7199558333333334,2.5615017066399255,42.95340824127197,205.54119419999188
dgn_complete__pair_N6_ego_attention__seed7,dgn_qmix,coord_grid,7,1415,35400,60.0,25,0.7197579166666668,3.5417701303958893,21.49534050623576,205.70804449997377
dgn_complete__pair_N6_ego_attention__seed7,dgn_qmix,coord_grid,7,1416,35425,55.0,25,0.71956,4.007112732955387,66.96911130632672,205.87400229997002
dgn_complete__pair_N6_ego_attention__seed7,dgn_qmix,coord_grid,7,1417,35450,48.5,25,0.7193620833333334,2.4096491038799286,75.14482339223225,206.04069309995975
dgn_complete__pair_N6_ego_attention__seed7,dgn_qmix,coord_grid,7,1418,35475,52.0,25,0.7191641666666666,1.596940279006958,79.90565617879231,206.15682809997816
dgn_complete__pair_N6_ego_attention__seed7,dgn_qmix,coord_grid,7,1419,35500,57.0,25,0.71896625,4.428592552741368,44.873982747395836,206.32245149998926
dgn_complete__pair_N6_ego_attention__seed7,dgn_qmix,coord_grid,7,1420,35525,60.5,25,0.7187683333333333,3.4975735119410922,21.89865207672119,206.4551031999872
dgn_complete__pair_N6_ego_attention__seed7,dgn_qmix,coord_grid,7,1421,35550,50.0,25,0.7185704166666667,3.4335632224877677,56.086249351501465,206.6128033999703
dgn_complete__pair_N6_ego_attention__seed7,dgn_qmix,coord_grid,7,1422,35575,48.5,25,0.7183725000000001,3.577334612607956,59.78553072611491,206.77171579998685
dgn_complete__pair_N6_ego_attention__seed7,dgn_qmix,coord_grid,7,1423,35600,53.0,25,0.7181745833333333,3.2546363274256387,62.19681167602539,206.896673500014
dgn_complete__pair_N6_ego_attention__seed7,dgn_qmix,coord_grid,7,1424,35625,49.5,25,0.7179766666666667,3.402116537094116,56.45572144644601,207.0432698999648
dgn_complete__pair_N6_ego_attention__seed7,dgn_qmix,coord_grid,7,1425,35650,42.0,25,0.71777875,2.6500443319479623,50.08164882659912,207.16793080000207
dgn_complete__pair_N6_ego_attention__seed7,dgn_qmix,coord_grid,7,1426,35675,47.0,25,0.7175808333333333,2.550546795129776,34.537145137786865,207.29188229999272
dgn_complete__pair_N6_ego_attention__seed7,dgn_qmix,coord_grid,7,1427,35700,46.0,25,0.7173829166666668,1.536289890607198,50.05020999908447,207.50850190001074
dgn_complete__pair_N6_ego_attention__seed7,dgn_qmix,coord_grid,7,1428,35725,50.5,25,0.717185,2.8929272506918227,39.09763778959002,207.6562010999769
dgn_complete__pair_N6_ego_attention__seed7,dgn_qmix,coord_grid,7,1429,35750,49.0,25,0.7169870833333334,3.0271638383467994,47.53833421071371,207.83064920001198
dgn_complete__pair_N6_ego_attention__seed7,dgn_qmix,coord_grid,7,1430,35775,59.5,25,0.7167891666666667,2.147378092010816,25.23713270823161,207.9865107999649
dgn_complete__pair_N6_ego_attention__seed7,dgn_qmix,coord_grid,7,1431,35800,59.5,25,0.71659125,2.8982143302758536,28.58738962809245,208.12791420001304
dgn_complete__pair_N6_ego_attention__seed7,dgn_qmix,coord_grid,7,1432,35825,50.0,25,0.7163933333333334,1.6343846746853419,33.971127373831614,208.29096299997764
dgn_complete__pair_N6_ego_attention__seed7,dgn_qmix,coord_grid,7,1433,35850,50.0,25,0.7161954166666666,4.023132721583049,28.581801176071167,208.4130865999614
dgn_complete__pair_N6_ego_attention__seed7,dgn_qmix,coord_grid,7,1434,35875,44.5,25,0.7159975000000001,1.9606751104195912,42.85572226842245,208.5382069000043
dgn_complete__pair_N6_ego_attention__seed7,dgn_qmix,coord_grid,7,1435,35900,42.5,25,0.7157995833333333,2.700069079796473,57.8393751780192,208.67446449998533
dgn_complete__pair_N6_ego_attention__seed7,dgn_qmix,coord_grid,7,1436,35925,54.0,25,0.7156016666666667,4.4325122322355,45.02204281943185,208.8268579999567
dgn_complete__pair_N6_ego_attention__seed7,dgn_qmix,coord_grid,7,1437,35950,58.5,25,0.71540375,3.2023674746354422,16.6179297765096,208.99268019996816
dgn_complete__pair_N6_ego_attention__seed7,dgn_qmix,coord_grid,7,1438,35975,50.5,25,0.7152058333333333,2.9235913455486298,32.4303248723348,209.13379990000976
dgn_complete__pair_N6_ego_attention__seed7,dgn_qmix,coord_grid,7,1439,36000,51.0,25,0.7150079166666667,1.5237796604633331,38.93107461929321,209.27744709997205
dgn_complete__pair_N6_ego_attention__seed7,dgn_qmix,coord_grid,7,1440,36025,48.0,25,0.71481,1.9152814447879791,22.3388614654541,209.4369672999601
dgn_complete__pair_N6_ego_attention__seed7,dgn_qmix,coord_grid,7,1441,36050,42.0,25,0.7146120833333334,5.990541562438011,25.646913687388103,209.53108559997054
dgn_complete__pair_N6_ego_attention__seed7,dgn_qmix,coord_grid,7,1442,36075,48.0,25,0.7144141666666667,1.7997426390647888,23.94221766789754,209.7253694999963
dgn_complete__pair_N6_ego_attention__seed7,dgn_qmix,coord_grid,7,1443,36100,49.0,25,0.71421625,4.637119829654694,23.60759727160136,209.86231220001355
dgn_complete__pair_N6_ego_attention__seed7,dgn_qmix,coord_grid,7,1444,36125,48.0,25,0.7140183333333334,3.138618060520717,28.460462978907994,209.9674806999974
dgn_complete__pair_N6_ego_attention__seed7,dgn_qmix,coord_grid,7,1445,36150,44.5,25,0.7138204166666666,5.572695478796959,45.18189446131388,210.12154969997937
dgn_complete__pair_N6_ego_attention__seed7,dgn_qmix,coord_grid,7,1446,36175,54.5,25,0.7136225,4.754765863219897,43.742746671040855,210.27074369997717
dgn_complete__pair_N6_ego_attention__seed7,dgn_qmix,coord_grid,7,1447,36200,54.5,25,0.7134245833333334,4.305607875188191,37.42558368047079,210.40411830000812
dgn_complete__pair_N6_ego_attention__seed7,dgn_qmix,coord_grid,7,1448,36225,41.0,25,0.7132266666666667,5.388188072613308,61.859696660723,210.56646100000944
dgn_complete__pair_N6_ego_attention__seed7,dgn_qmix,coord_grid,7,1449,36250,54.0,25,0.7130287500000001,3.793840001026789,45.70576318105062,210.6727879999671
dgn_complete__pair_N6_ego_attention__seed7,dgn_qmix,coord_grid,7,1450,36275,42.5,25,0.7128308333333333,4.082646210988362,36.241426626841225,210.84974460001104
dgn_complete__pair_N6_ego_attention__seed7,dgn_qmix,coord_grid,7,1451,36300,63.5,25,0.7126329166666667,2.356269026796023,47.67197450002035,210.98096069996245
dgn_complete__pair_N6_ego_attention__seed7,dgn_qmix,coord_grid,7,1452,36325,45.0,25,0.7124349999999999,3.305178531578609,52.44437626429966,211.10991190001369
dgn_complete__pair_N6_ego_attention__seed7,dgn_qmix,coord_grid,7,1453,36350,54.5,25,0.7122370833333334,2.305091301600138,47.9131441116333,211.26271059998544
dgn_complete__pair_N6_ego_attention__seed7,dgn_qmix,coord_grid,7,1454,36375,57.0,25,0.7120391666666668,1.9719259391228359,47.94190454483032,211.38224219996482
dgn_complete__pair_N6_ego_attention__seed7,dgn_qmix,coord_grid,7,1455,36400,51.5,25,0.71184125,3.98934535185496,26.923991441726685,211.4917470999644
dgn_complete__pair_N6_ego_attention__seed7,dgn_qmix,coord_grid,7,1456,36425,45.5,25,0.7116433333333334,2.582718755517687,18.34140423366002,211.66652189998422
dgn_complete__pair_N6_ego_attention__seed7,dgn_qmix,coord_grid,7,1457,36450,46.0,25,0.7114454166666666,3.6866573244333267,34.22483682632446,211.8225541000138
dgn_complete__pair_N6_ego_attention__seed7,dgn_qmix,coord_grid,7,1458,36475,57.5,25,0.7112475,4.104988654454549,43.90686289469401,211.9835669999593
dgn_complete__pair_N6_ego_attention__seed7,dgn_qmix,coord_grid,7,1459,36500,48.0,25,0.7110495833333333,2.2040204058090844,27.40260140101115,212.1155623999657
dgn_complete__pair_N6_ego_attention__seed7,dgn_qmix,coord_grid,7,1460,36525,57.0,25,0.7108516666666667,2.2423351449625835,34.128046308244976,212.35997639998095
dgn_complete__pair_N6_ego_attention__seed7,dgn_qmix,coord_grid,7,1461,36550,53.5,25,0.7106537500000001,3.6136529992024102,21.129645109176636,212.58289580000564
dgn_complete__pair_N6_ego_attention__seed7,dgn_qmix,coord_grid,7,1462,36575,51.5,25,0.7104558333333333,4.726995825767517,19.64109245936076,212.73704949999228
dgn_complete__pair_N6_ego_attention__seed7,dgn_qmix,coord_grid,7,1463,36600,52.0,25,0.7102579166666667,2.172246346871058,22.102649370829266,212.87971800001105
dgn_complete__pair_N6_ego_attention__seed7,dgn_qmix,coord_grid,7,1464,36625,49.0,25,0.7100599999999999,3.909822302205222,42.3163092476981,213.04875009995885
dgn_complete__pair_N6_ego_attention__seed7,dgn_qmix,coord_grid,7,1465,36650,54.5,25,0.7098620833333333,2.282663474480311,40.953587214152016,213.19664360000752
dgn_complete__pair_N6_ego_attention__seed7,dgn_qmix,coord_grid,7,1466,36675,54.0,25,0.7096641666666668,3.6559975842634835,23.002164045969646,213.3054574999842
dgn_complete__pair_N6_ego_attention__seed7,dgn_qmix,coord_grid,7,1467,36700,53.0,25,0.70946625,2.9374006191889444,33.41153875986735,213.4239905999857
dgn_complete__pair_N6_ego_attention__seed7,dgn_qmix,coord_grid,7,1468,36725,47.5,25,0.7092683333333334,3.688892296382359,48.75751304626465,213.58465879998403
dgn_complete__pair_N6_ego_attention__seed7,dgn_qmix,coord_grid,7,1469,36750,53.0,25,0.7090704166666666,5.963074366251628,49.13542898495992,213.72967899998184
dgn_complete__pair_N6_ego_attention__seed7,dgn_qmix,coord_grid,7,1470,36775,53.5,25,0.7088725,4.53194327155749,40.074400901794434,213.87932549999095
dgn_complete__pair_N6_ego_attention__seed7,dgn_qmix,coord_grid,7,1471,36800,57.5,25,0.7086745833333334,2.2071169118086496,25.253142992655437,214.00578159996076
dgn_complete__pair_N6_ego_attention__seed7,dgn_qmix,coord_grid,7,1472,36825,51.0,25,0.7084766666666666,1.5836183726787567,27.3458343233381,214.16634539997904
dgn_complete__pair_N6_ego_attention__seed7,dgn_qmix,coord_grid,7,1473,36850,58.0,25,0.7082787500000001,3.701187173525492,36.11794980367025,214.26536409999244
dgn_complete__pair_N6_ego_attention__seed7,dgn_qmix,coord_grid,7,1474,36875,58.5,25,0.7080808333333333,3.3152800550063453,35.562180519104004,214.43359309999505
dgn_complete__pair_N6_ego_attention__seed7,dgn_qmix,coord_grid,7,1475,36900,54.5,25,0.7078829166666667,3.7010511557261148,34.428313891092934,214.54237979999743
dgn_complete__pair_N6_ego_attention__seed7,dgn_qmix,coord_grid,7,1476,36925,55.0,25,0.7076850000000001,2.5736339518002103,32.370008741106304,214.71450830000686
dgn_complete__pair_N6_ego_attention__seed7,dgn_qmix,coord_grid,7,1477,36950,51.0,25,0.7074870833333333,1.7678780456384022,23.964877764383953,214.91697839996777
dgn_complete__pair_N6_ego_attention__seed7,dgn_qmix,coord_grid,7,1478,36975,44.5,25,0.7072891666666667,2.644600654641787,42.69225311279297,215.0539340999676
dgn_complete__pair_N6_ego_attention__seed7,dgn_qmix,coord_grid,7,1479,37000,44.0,25,0.70709125,3.0026253163814545,38.19664208094279,215.1809568000026
dgn_complete__pair_N6_ego_attention__seed7,dgn_qmix,coord_grid,7,1480,37025,35.0,25,0.7068933333333334,3.8269931248256137,56.09553446088518,215.35578280000482
dgn_complete__pair_N6_ego_attention__seed7,dgn_qmix,coord_grid,7,1481,37050,38.5,25,0.7066954166666666,3.7832352022329965,27.678099155426025,215.48269009997603
dgn_complete__pair_N6_ego_attention__seed7,dgn_qmix,coord_grid,7,1482,37075,42.5,25,0.7064975,4.812535958985488,20.93568253517151,215.62147710000863
dgn_complete__pair_N6_ego_attention__seed7,dgn_qmix,coord_grid,7,1483,37100,53.0,25,0.7062995833333334,2.299042950073878,24.416624546051025,215.76345590001438
dgn_complete__pair_N6_ego_attention__seed7,dgn_qmix,coord_grid,7,1484,37125,57.5,25,0.7061016666666666,1.9986863008567266,21.939892973218644,215.96156339999288
dgn_complete__pair_N6_ego_attention__seed7,dgn_qmix,coord_grid,7,1485,37150,36.5,25,0.70590375,2.586289271712303,33.079725901285805,216.08385439997073
dgn_complete__pair_N6_ego_attention__seed7,dgn_qmix,coord_grid,7,1486,37175,46.0,25,0.7057058333333333,3.4525538980960846,38.02443281809489,216.22588169999653
dgn_complete__pair_N6_ego_attention__seed7,dgn_qmix,coord_grid,7,1487,37200,45.0,25,0.7055079166666667,3.8328919212023416,39.73536475499471,216.36356129997876
dgn_complete__pair_N6_ego_attention__seed7,dgn_qmix,coord_grid,7,1488,37225,50.0,25,0.7053100000000001,1.9887385070323944,24.341753142220632,216.58692279999377
dgn_complete__pair_N6_ego_attention__seed7,dgn_qmix,coord_grid,7,1489,37250,48.0,25,0.7051120833333333,2.985622530182203,19.5636043548584,216.75260810001055
dgn_complete__pair_N6_ego_attention__seed7,dgn_qmix,coord_grid,7,1490,37275,53.5,25,0.7049141666666667,3.784013271331787,19.137879769007366,216.9340058999951
dgn_complete__pair_N6_ego_attention__seed7,dgn_qmix,coord_grid,7,1491,37300,57.0,25,0.7047162499999999,1.5586183965206146,41.14646498362223,217.10608210001374
dgn_complete__pair_N6_ego_attention__seed7,dgn_qmix,coord_grid,7,1492,37325,46.0,25,0.7045183333333334,3.0808439680508206,43.7221805027553,217.26156710000942
dgn_complete__pair_N6_ego_attention__seed7,dgn_qmix,coord_grid,7,1493,37350,50.5,25,0.7043204166666667,4.009210973978043,57.09910043080648,217.4517236999818
dgn_complete__pair_N6_ego_attention__seed7,dgn_qmix,coord_grid,7,1494,37375,47.5,25,0.7041225,4.178095420201619,37.883123556772865,217.63021909998497
dgn_complete__pair_N6_ego_attention__seed7,dgn_qmix,coord_grid,7,1495,37400,47.0,25,0.7039245833333334,2.317249685525894,22.851986567179363,217.76919239998097
dgn_complete__pair_N6_ego_attention__seed7,dgn_qmix,coord_grid,7,1496,37425,49.0,25,0.7037266666666666,4.870489733559745,16.557109832763672,217.9103776999982
dgn_complete__pair_N6_ego_attention__seed7,dgn_qmix,coord_grid,7,1497,37450,47.5,25,0.70352875,4.134411255518596,24.513662974039715,218.07552589999977
dgn_complete__pair_N6_ego_attention__seed7,dgn_qmix,coord_grid,7,1498,37475,58.0,25,0.7033308333333333,4.434953992565473,21.078405539194744,218.18775529996492
dgn_complete__pair_N6_ego_attention__seed7,dgn_qmix,coord_grid,7,1499,37500,52.5,25,0.7031329166666667,4.902576327323914,17.320884227752686,218.30562519998057
dgn_complete__pair_N6_ego_attention__seed7,dgn_qmix,coord_grid,7,1500,37525,54.0,25,0.7029350000000001,2.644028229372842,26.323035648890905,218.47217409999575
dgn_complete__pair_N6_ego_attention__seed7,dgn_qmix,coord_grid,7,1501,37550,53.0,25,0.7027370833333333,3.782473916808764,27.525943120320637,218.59083790000295
dgn_complete__pair_N6_ego_attention__seed7,dgn_qmix,coord_grid,7,1502,37575,62.0,25,0.7025391666666667,1.5167736609776814,35.56346448262533,218.72678909997921
dgn_complete__pair_N6_ego_attention__seed7,dgn_qmix,coord_grid,7,1503,37600,55.0,25,0.7023412499999999,3.3504213790098825,25.447445233662922,218.85117149999132
dgn_complete__pair_N6_ego_attention__seed7,dgn_qmix,coord_grid,7,1504,37625,51.5,25,0.7021433333333333,2.622410535812378,17.043639659881592,218.99464039999293
dgn_complete__pair_N6_ego_attention__seed7,dgn_qmix,coord_grid,7,1505,37650,57.0,25,0.7019454166666668,3.788366660475731,26.943871180216473,219.1316331999842
dgn_complete__pair_N6_ego_attention__seed7,dgn_qmix,coord_grid,7,1506,37675,55.5,25,0.7017475,3.4276530345280967,22.082683086395264,219.28431560000172
dgn_complete__pair_N6_ego_attention__seed7,dgn_qmix,coord_grid,7,1507,37700,34.5,25,0.7015495833333334,3.083552668491999,32.458389600118004,219.49619059998076
dgn_complete__pair_N6_ego_attention__seed7,dgn_qmix,coord_grid,7,1508,37725,45.5,25,0.7013516666666666,3.227145646299635,17.637279101780482,219.67207899998175
dgn_complete__pair_N6_ego_attention__seed7,dgn_qmix,coord_grid,7,1509,37750,41.5,25,0.70115375,4.133314957221349,14.84993282953898,219.79546579997987
dgn_complete__pair_N6_ego_attention__seed7,dgn_qmix,coord_grid,7,1510,37775,55.0,25,0.7009558333333333,1.571796104311943,38.33647314707438,219.95080509997206
dgn_complete__pair_N6_ego_attention__seed7,dgn_qmix,coord_grid,7,1511,37800,52.5,25,0.7007579166666666,3.736994872490565,23.01876433690389,220.05874599999515
dgn_complete__pair_N6_ego_attention__seed7,dgn_qmix,coord_grid,7,1512,37825,36.0,25,0.7005600000000001,3.217960902622768,73.13780893598285,220.20040029997472
dgn_complete__pair_N6_ego_attention__seed7,dgn_qmix,coord_grid,7,1513,37850,47.0,25,0.7003620833333333,4.466299653053284,62.140181382497154,220.33677150000585
dgn_complete__pair_N6_ego_attention__seed7,dgn_qmix,coord_grid,7,1514,37875,56.5,25,0.7001641666666667,3.766220803062121,17.845138867696125,220.492137299967
dgn_complete__pair_N6_ego_attention__seed7,dgn_qmix,coord_grid,7,1515,37900,45.5,25,0.69996625,2.6069953391949334,16.350227514902752,220.63784949999535
dgn_complete__pair_N6_ego_attention__seed7,dgn_qmix,coord_grid,7,1516,37925,48.5,25,0.6997683333333333,3.5745442381926944,24.36760003226144,220.7824832999613
dgn_complete__pair_N6_ego_attention__seed7,dgn_qmix,coord_grid,7,1517,37950,41.0,25,0.6995704166666668,2.6877716133991876,31.832170168558758,220.9309844999807
dgn_complete__pair_N6_ego_attention__seed7,dgn_qmix,coord_grid,7,1518,37975,65.5,25,0.6993725,3.52530038356781,33.914757092793785,221.06112249998841
dgn_complete__pair_N6_ego_attention__seed7,dgn_qmix,coord_grid,7,1519,38000,50.5,25,0.6991745833333334,1.9765589584906895,41.00369008382162,221.18033890001243
dgn_complete__pair_N6_ego_attention__seed7,dgn_qmix,coord_grid,7,1520,38025,41.0,25,0.6989766666666667,3.0045700754438127,25.402987548283168,221.34770169999683
dgn_complete__pair_N6_ego_attention__seed7,dgn_qmix,coord_grid,7,1521,38050,46.0,25,0.69877875,2.269060661395391,15.178644498189291,221.53515119996155
dgn_complete__pair_N6_ego_attention__seed7,dgn_qmix,coord_grid,7,1522,38075,56.5,25,0.6985808333333334,2.9958239644765854,16.404109319051106,221.68911019997904
dgn_complete__pair_N6_ego_attention__seed7,dgn_qmix,coord_grid,7,1523,38100,50.5,25,0.6983829166666666,5.296026309331258,17.03661783536275,221.87800339999376
dgn_complete__pair_N6_ego_attention__seed7,dgn_qmix,coord_grid,7,1524,38125,51.5,25,0.6981850000000001,4.265860263790403,22.45333480834961,222.06171310000354
dgn_complete__pair_N6_ego_attention__seed7,dgn_qmix,coord_grid,7,1525,38150,43.0,25,0.6979870833333333,3.0086847096681595,25.4586177666982,222.22193269996205
dgn_complete__pair_N6_ego_attention__seed7,dgn_qmix,coord_grid,7,1526,38175,52.0,25,0.6977891666666667,1.1918186744054158,21.394935448964436,222.33674999995856
dgn_complete__pair_N6_ego_attention__seed7,dgn_qmix,coord_grid,7,1527,38200,42.5,25,0.69759125,2.34900755683581,26.9569354057312,222.5040808999911
dgn_complete__pair_N6_ego_attention__seed7,dgn_qmix,coord_grid,7,1528,38225,43.0,25,0.6973933333333333,1.729749172925949,34.820627893720356,222.646798199974
dgn_complete__pair_N6_ego_attention__seed7,dgn_qmix,coord_grid,7,1529,38250,56.0,25,0.6971954166666667,5.197587490081787,22.950358231862385,222.80734840000514
dgn_complete__pair_N6_ego_attention__seed7,dgn_qmix,coord_grid,7,1530,38275,52.5,25,0.6969974999999999,4.203191851576169,17.627024173736572,222.93463579996023
dgn_complete__pair_N6_ego_attention__seed7,dgn_qmix,coord_grid,7,1531,38300,53.0,25,0.6967995833333334,4.193292587995529,33.378233114878334,223.0527077000006
dgn_complete__pair_N6_ego_attention__seed7,dgn_qmix,coord_grid,7,1532,38325,59.5,25,0.6966016666666667,4.28743805204119,30.28413881574358,223.21739760000492
dgn_complete__pair_N6_ego_attention__seed7,dgn_qmix,coord_grid,7,1533,38350,52.5,25,0.69640375,4.722376863161723,56.27365001042684,223.3574161999859
dgn_complete__pair_N6_ego_attention__seed7,dgn_qmix,coord_grid,7,1534,38375,53.0,25,0.6962058333333334,3.226248194773992,60.45348930358887,223.57947519997833
dgn_complete__pair_N6_ego_attention__seed7,dgn_qmix,coord_grid,7,1535,38400,47.0,25,0.6960079166666666,1.949035570025444,23.590944449106853,223.76163789996644
dgn_complete__pair_N6_ego_attention__seed7,dgn_qmix,coord_grid,7,1536,38425,47.5,25,0.69581,4.241471026624952,25.242843082972936,223.91567059996305
dgn_complete__pair_N6_ego_attention__seed7,dgn_qmix,coord_grid,7,1537,38450,52.5,25,0.6956120833333334,3.4426621894041696,28.203951676686604,224.03555500000948
dgn_complete__pair_N6_ego_attention__seed7,dgn_qmix,coord_grid,7,1538,38475,58.5,25,0.6954141666666667,3.419450235863527,18.58408196767171,224.17292949999683
dgn_complete__pair_N6_ego_attention__seed7,dgn_qmix,coord_grid,7,1539,38500,53.5,25,0.69521625,2.2511367946863174,18.96267302831014,224.40849090000847
dgn_complete__pair_N6_ego_attention__seed7,dgn_qmix,coord_grid,7,1540,38525,52.0,25,0.6950183333333333,3.679921107632773,34.40031841823033,224.62843300000532
dgn_complete__pair_N6_ego_attention__seed7,dgn_qmix,coord_grid,7,1541,38550,60.5,25,0.6948204166666667,3.4604047735532126,21.06834355990092,224.76853509998182
dgn_complete__pair_N6_ego_attention__seed7,dgn_qmix,coord_grid,7,1542,38575,51.0,25,0.6946224999999999,3.0284559627374015,16.975560665130615,224.89612409996334
dgn_complete__pair_N6_ego_attention__seed7,dgn_qmix,coord_grid,7,1543,38600,43.0,25,0.6944245833333333,4.549566835165024,17.459071318308514,225.07447399996454
dgn_complete__pair_N6_ego_attention__seed7,dgn_qmix,coord_grid,7,1544,38625,62.0,25,0.6942266666666667,2.1750173568725586,70.81320176805768,225.2301266999566
dgn_complete__pair_N6_ego_attention__seed7,dgn_qmix,coord_grid,7,1545,38650,44.5,25,0.69402875,2.1199531902869544,54.591634114583336,225.34327720000874
dgn_complete__pair_N6_ego_attention__seed7,dgn_qmix,coord_grid,7,1546,38675,43.5,25,0.6938308333333334,2.6826981951793036,19.245286464691162,225.4690636000014
dgn_complete__pair_N6_ego_attention__seed7,dgn_qmix,coord_grid,7,1547,38700,44.5,25,0.6936329166666666,3.9401519695917764,35.80868371327718,225.61128549999557
dgn_complete__pair_N6_ego_attention__seed7,dgn_qmix,coord_grid,7,1548,38725,48.5,25,0.693435,2.0964034582887376,34.44180025373186,225.76271189999534
dgn_complete__pair_N6_ego_attention__seed7,dgn_qmix,coord_grid,7,1549,38750,49.0,25,0.6932370833333333,1.5507845083872478,25.487287839253742,225.87877939996542
dgn_complete__pair_N6_ego_attention__seed7,dgn_qmix,coord_grid,7,1550,38775,47.5,25,0.6930391666666667,1.8970220983028412,24.10641272862752,226.05272749997675
dgn_complete__pair_N6_ego_attention__seed7,dgn_qmix,coord_grid,7,1551,38800,44.0,25,0.6928412500000001,3.1165919601917267,20.251662015914917,226.1696141999564
dgn_complete__pair_N6_ego_attention__seed7,dgn_qmix,coord_grid,7,1552,38825,52.5,25,0.6926433333333333,2.7653788796492984,42.361253193446565,226.32885749998968
dgn_complete__pair_N6_ego_attention__seed7,dgn_qmix,coord_grid,7,1553,38850,54.0,25,0.6924454166666667,3.8474856664737067,26.71354802449544,226.47673140000552
dgn_complete__pair_N6_ego_attention__seed7,dgn_qmix,coord_grid,7,1554,38875,45.0,25,0.6922475,3.501286506652832,25.407825628916424,226.64837369997986
dgn_complete__pair_N6_ego_attention__seed7,dgn_qmix,coord_grid,7,1555,38900,45.0,25,0.6920495833333333,5.020573188861211,22.426905473073322,226.79761820001295
dgn_complete__pair_N6_ego_attention__seed7,dgn_qmix,coord_grid,7,1556,38925,55.0,25,0.6918516666666666,2.3523604784693037,28.894264357430593,226.99938569997903
dgn_complete__pair_N6_ego_attention__seed7,dgn_qmix,coord_grid,7,1557,38950,31.0,25,0.69165375,5.0725390911102295,33.76002279917399,227.11578940000618
dgn_complete__pair_N6_ego_attention__seed7,dgn_qmix,coord_grid,7,1558,38975,47.5,25,0.6914558333333334,3.48809743920962,32.89448388417562,227.25341810000828
dgn_complete__pair_N6_ego_attention__seed7,dgn_qmix,coord_grid,7,1559,39000,52.0,25,0.6912579166666667,2.345524782935778,34.66012970606486,227.40162349998718
dgn_complete__pair_N6_ego_attention__seed7,dgn_qmix,coord_grid,7,1560,39025,48.5,25,0.69106,2.0870084975446974,24.652706146240234,227.6170056000119
dgn_complete__pair_N6_ego_attention__seed7,dgn_qmix,coord_grid,7,1561,39050,37.0,25,0.6908620833333333,3.459473649660746,25.053834756215412,227.78083619999234
dgn_complete__pair_N6_ego_attention__seed7,dgn_qmix,coord_grid,7,1562,39075,56.0,25,0.6906641666666666,3.481701915462812,24.028772989908855,227.94049740000628
dgn_complete__pair_N6_ego_attention__seed7,dgn_qmix,coord_grid,7,1563,39100,51.5,25,0.6904662500000001,4.3266404420137405,44.12370379765829,228.09649279998848
dgn_complete__pair_N6_ego_attention__seed7,dgn_qmix,coord_grid,7,1564,39125,44.5,25,0.6902683333333333,5.34181227002825,38.33066654205322,228.31872639997164
dgn_complete__pair_N6_ego_attention__seed7,dgn_qmix,coord_grid,7,1565,39150,51.5,25,0.6900704166666667,2.738532384236654,21.38728380203247,228.48564109997824
dgn_complete__pair_N6_ego_attention__seed7,dgn_qmix,coord_grid,7,1566,39175,51.5,25,0.6898725,4.247087185581525,19.15649700164795,228.60902380000334
dgn_complete__pair_N6_ego_attention__seed7,dgn_qmix,coord_grid,7,1567,39200,52.5,25,0.6896745833333333,3.0818524211645126,24.917378584543865,228.78376459999708
dgn_complete__pair_N6_ego_attention__seed7,dgn_qmix,coord_grid,7,1568,39225,45.0,25,0.6894766666666667,2.7301048593861714,30.214388847351074,228.95789869996952
dgn_complete__pair_N6_ego_attention__seed7,dgn_qmix,coord_grid,7,1569,39250,50.5,25,0.6892787499999999,3.8500578701496124,20.562888145446777,229.12491519999458
dgn_complete__pair_N6_ego_attention__seed7,dgn_qmix,coord_grid,7,1570,39275,42.0,25,0.6890808333333334,1.9991663197676341,21.108255863189697,229.2687102999771
dgn_complete__pair_N6_ego_attention__seed7,dgn_qmix,coord_grid,7,1571,39300,44.0,25,0.6888829166666667,2.7474401791890464,24.953139940897625,229.47309980000136
dgn_complete__pair_N6_ego_attention__seed7,dgn_qmix,coord_grid,7,1572,39325,56.5,25,0.688685,5.727642672402518,30.88571003505162,229.6820778999827
dgn_complete__pair_N6_ego_attention__seed7,dgn_qmix,coord_grid,7,1573,39350,49.5,25,0.6884870833333333,3.8910886645317078,27.44351863861084,229.8215809999965
dgn_complete__pair_N6_ego_attention__seed7,dgn_qmix,coord_grid,7,1574,39375,48.0,25,0.6882891666666666,3.9254815578460693,37.178056716918945,229.93727170000784
dgn_complete__pair_N6_ego_attention__seed7,dgn_qmix,coord_grid,7,1575,39400,50.5,25,0.68809125,5.061010479927063,28.10768763224284,230.07956409995677
dgn_complete__pair_N6_ego_attention__seed7,dgn_qmix,coord_grid,7,1576,39425,45.0,25,0.6878933333333334,2.652332842350006,80.0448019845145,230.20845259999624
dgn_complete__pair_N6_ego_attention__seed7,dgn_qmix,coord_grid,7,1577,39450,47.5,25,0.6876954166666667,2.828942303856214,78.81358321507771,230.3653156000073
dgn_complete__pair_N6_ego_attention__seed7,dgn_qmix,coord_grid,7,1578,39475,49.0,25,0.6874975,2.5284128338098526,59.69128227233887,230.50255149998702
dgn_complete__pair_N6_ego_attention__seed7,dgn_qmix,coord_grid,7,1579,39500,42.5,25,0.6872995833333333,4.699498052398364,15.843245188395182,230.63631759997224
dgn_complete__pair_N6_ego_attention__seed7,dgn_qmix,coord_grid,7,1580,39525,36.5,25,0.6871016666666667,5.41873533810888,21.95007746560233,230.84028780000517
dgn_complete__pair_N6_ego_attention__seed7,dgn_qmix,coord_grid,7,1581,39550,53.0,25,0.68690375,4.374383509159088,30.423908233642578,230.97812220000196
dgn_complete__pair_N6_ego_attention__seed7,dgn_qmix,coord_grid,7,1582,39575,56.5,25,0.6867058333333333,2.7175320784250894,14.582460244496664,231.12812449998455
dgn_complete__pair_N6_ego_attention__seed7,dgn_qmix,coord_grid,7,1583,39600,54.5,25,0.6865079166666667,3.6076400876045227,49.11957708994547,231.25416219996987
dgn_complete__pair_N6_ego_attention__seed7,dgn_qmix,coord_grid,7,1584,39625,60.0,25,0.68631,2.6071858278342654,69.8304192679269,231.3824847000069
dgn_complete__pair_N6_ego_attention__seed7,dgn_qmix,coord_grid,7,1585,39650,57.5,25,0.6861120833333334,5.0217955112457275,63.97957865397135,231.5308997000102
dgn_complete__pair_N6_ego_attention__seed7,dgn_qmix,coord_grid,7,1586,39675,48.5,25,0.6859141666666666,3.363627096017202,58.08281135559082,231.6642775000073
dgn_complete__pair_N6_ego_attention__seed7,dgn_qmix,coord_grid,7,1587,39700,46.0,25,0.68571625,3.6292407711346946,52.356953144073486,231.8030331999762
dgn_complete__pair_N6_ego_attention__seed7,dgn_qmix,coord_grid,7,1588,39725,49.5,25,0.6855183333333333,2.9050904853003368,40.26392732347761,231.9361276999698
dgn_complete__pair_N6_ego_attention__seed7,dgn_qmix,coord_grid,7,1589,39750,50.5,25,0.6853204166666667,2.023200288414955,28.00330352783203,232.04158650001045
dgn_complete__pair_N6_ego_attention__seed7,dgn_qmix,coord_grid,7,1590,39775,43.5,25,0.6851225,3.5739033619562783,24.886854489644367,232.19427259999793
dgn_complete__pair_N6_ego_attention__seed7,dgn_qmix,coord_grid,7,1591,39800,59.0,25,0.6849245833333333,2.4265501648187637,27.67775011062622,232.35751050000545
dgn_complete__pair_N6_ego_attention__seed7,dgn_qmix,coord_grid,7,1592,39825,45.5,25,0.6847266666666667,3.0319488772324155,20.17064871106829,232.50765549996868
dgn_complete__pair_N6_ego_attention__seed7,dgn_qmix,coord_grid,7,1593,39850,50.0,25,0.68452875,4.372899502515793,36.243962128957115,232.65509869996458
dgn_complete__pair_N6_ego_attention__seed7,dgn_qmix,coord_grid,7,1594,39875,50.5,25,0.6843308333333333,3.645187944173813,31.316616853078205,232.86699670000235
dgn_complete__pair_N6_ego_attention__seed7,dgn_qmix,coord_grid,7,1595,39900,50.5,25,0.6841329166666666,2.7472227017084756,25.59904193878174,233.06040049996227
dgn_complete__pair_N6_ego_attention__seed7,dgn_qmix,coord_grid,7,1596,39925,53.0,25,0.683935,4.416570795433862,25.520494188581193,233.22802769998088
dgn_complete__pair_N6_ego_attention__seed7,dgn_qmix,coord_grid,7,1597,39950,52.0,25,0.6837370833333334,2.445716271797816,51.15099080403646,233.39054729999043
dgn_complete__pair_N6_ego_attention__seed7,dgn_qmix,coord_grid,7,1598,39975,45.0,25,0.6835391666666667,1.6615457783142726,43.103183110555015,233.58975569996983
dgn_complete__pair_N6_ego_attention__seed7,dgn_qmix,coord_grid,7,1599,40000,44.5,25,0.68334125,2.043479378024737,28.083978017171223,233.74847309995675
dgn_complete__pair_N6_ego_attention__seed7,dgn_qmix,coord_grid,7,1600,40025,57.0,25,0.6831433333333333,5.102865287235805,28.974925177437918,233.91806529997848
dgn_complete__pair_N6_ego_attention__seed7,dgn_qmix,coord_grid,7,1601,40050,49.0,25,0.6829454166666666,1.9445099880297978,22.246464411417644,234.05372309999075
dgn_complete__pair_N6_ego_attention__seed7,dgn_qmix,coord_grid,7,1602,40075,44.0,25,0.6827475000000001,3.541513745983442,33.556911627451576,234.19706879998557
dgn_complete__pair_N6_ego_attention__seed7,dgn_qmix,coord_grid,7,1603,40100,45.0,25,0.6825495833333333,2.398286650578181,31.64325714111328,234.3589639000129
dgn_complete__pair_N6_ego_attention__seed7,dgn_qmix,coord_grid,7,1604,40125,45.0,25,0.6823516666666667,3.5470163992473056,45.617903573172434,234.55464519996895
dgn_complete__pair_N6_ego_attention__seed7,dgn_qmix,coord_grid,7,1605,40150,36.5,25,0.68215375,6.722865660985311,25.961386680603027,234.6971517999773
dgn_complete__pair_N6_ego_attention__seed7,dgn_qmix,coord_grid,7,1606,40175,40.5,25,0.6819558333333333,4.318305134773254,22.007715702056885,234.8648969999631
dgn_complete__pair_N6_ego_attention__seed7,dgn_qmix,coord_grid,7,1607,40200,44.0,25,0.6817579166666667,2.7518704384565353,19.833221276601154,235.0355480000144
dgn_complete__pair_N6_ego_attention__seed7,dgn_qmix,coord_grid,7,1608,40225,59.5,25,0.6815599999999999,3.50296219757625,73.77823093959263,235.22596419998445
dgn_complete__pair_N6_ego_attention__seed7,dgn_qmix,coord_grid,7,1609,40250,54.0,25,0.6813620833333334,2.418896575768789,40.891432444254555,235.3919406000059
dgn_complete__pair_N6_ego_attention__seed7,dgn_qmix,coord_grid,7,1610,40275,52.0,25,0.6811641666666667,1.5907655209302902,25.958837191263836,235.5760474000126
dgn_complete__pair_N6_ego_attention__seed7,dgn_qmix,coord_grid,7,1611,40300,48.0,25,0.68096625,2.7381558517615,30.215909322102863,235.74522639997303
dgn_complete__pair_N6_ego_attention__seed7,dgn_qmix,coord_grid,7,1612,40325,54.5,25,0.6807683333333333,4.569633458341871,42.80724743434361,235.92176989995642
dgn_complete__pair_N6_ego_attention__seed7,dgn_qmix,coord_grid,7,1613,40350,58.0,25,0.6805704166666666,4.503517836332321,56.38112195332845,236.06951569998637
dgn_complete__pair_N6_ego_attention__seed7,dgn_qmix,coord_grid,7,1614,40375,48.5,25,0.6803725,5.65001658598582,40.01086537043253,236.22281700000167
dgn_complete__pair_N6_ego_attention__seed7,dgn_qmix,coord_grid,7,1615,40400,56.5,25,0.6801745833333334,3.3460211803515754,61.71884377797445,236.3716992000118
dgn_complete__pair_N6_ego_attention__seed7,dgn_qmix,coord_grid,7,1616,40425,51.0,25,0.6799766666666667,2.8353703192302158,40.0732786996024,236.52589499996975
dgn_complete__pair_N6_ego_attention__seed7,dgn_qmix,coord_grid,7,1617,40450,57.5,25,0.67977875,5.160460700591405,34.052898009618126,236.65057699999306
dgn_complete__pair_N6_ego_attention__seed7,dgn_qmix,coord_grid,7,1618,40475,60.0,25,0.6795808333333333,2.4077408959468207,32.090166648228966,236.78929099999368
dgn_complete__pair_N6_ego_attention__seed7,dgn_qmix,coord_grid,7,1619,40500,51.0,25,0.6793829166666667,2.3441189378499985,24.96798912684123,236.92475110001396
dgn_complete__pair_N6_ego_attention__seed7,dgn_qmix,coord_grid,7,1620,40525,48.0,25,0.679185,1.747630046946662,23.536455835614884,237.05004920001375
dgn_complete__pair_N6_ego_attention__seed7,dgn_qmix,coord_grid,7,1621,40550,44.0,25,0.6789870833333334,5.111808975537618,29.23831081390381,237.28885879996233
dgn_complete__pair_N6_ego_attention__seed7,dgn_qmix,coord_grid,7,1622,40575,43.5,25,0.6787891666666667,3.3296210865179696,53.1427272160848,237.49834579997696
dgn_complete__pair_N6_ego_attention__seed7,dgn_qmix,coord_grid,7,1623,40600,57.0,25,0.67859125,1.3657599687576294,50.01549879709879,237.6524332999834
dgn_complete__pair_N6_ego_attention__seed7,dgn_qmix,coord_grid,7,1624,40625,47.5,25,0.6783933333333334,4.137210403169904,29.287872450692312,237.80367409996688
dgn_complete__pair_N6_ego_attention__seed7,dgn_qmix,coord_grid,7,1625,40650,49.0,25,0.6781954166666666,3.2200852433840432,31.70795790354411,237.99370019999333
dgn_complete__pair_N6_ego_attention__seed7,dgn_qmix,coord_grid,7,1626,40675,42.0,25,0.6779975,1.2345571368932724,37.67889293034872,238.16758909996133
dgn_complete__pair_N6_ego_attention__seed7,dgn_qmix,coord_grid,7,1627,40700,39.0,25,0.6777995833333333,5.115140795707703,27.87681484222412,238.33816659997683
dgn_complete__pair_N6_ego_attention__seed7,dgn_qmix,coord_grid,7,1628,40725,38.5,25,0.6776016666666667,3.9115507687841142,49.03085926600865,238.50472299999092
dgn_complete__pair_N6_ego_attention__seed7,dgn_qmix,coord_grid,7,1629,40750,47.5,25,0.6774037500000001,5.788717607657115,71.73936557769775,238.64310290000867
dgn_complete__pair_N6_ego_attention__seed7,dgn_qmix,coord_grid,7,1630,40775,52.5,25,0.6772058333333333,4.720326821009318,24.751938501993816,238.76881209999556
dgn_complete__pair_N6_ego_attention__seed7,dgn_qmix,coord_grid,7,1631,40800,44.0,25,0.6770079166666667,2.729343374570211,24.25392707188924,238.93354339996586
dgn_complete__pair_N6_ego_attention__seed7,dgn_qmix,coord_grid,7,1632,40825,55.5,25,0.67681,5.859796843358448,33.70793553761074,239.13120519998483
dgn_complete__pair_N6_ego_attention__seed7,dgn_qmix,coord_grid,7,1633,40850,52.0,25,0.6766120833333333,4.425019880135854,29.38648509979248,239.29838549997658
dgn_complete__pair_N6_ego_attention__seed7,dgn_qmix,coord_grid,7,1634,40875,45.0,25,0.6764141666666666,2.467783580223719,37.44750658671061,239.4904244999634
dgn_complete__pair_N6_ego_attention__seed7,dgn_qmix,coord_grid,7,1635,40900,57.0,25,0.67621625,2.384783069292704,19.03334363301595,239.64926219999325
dgn_complete__pair_N6_ego_attention__seed7,dgn_qmix,coord_grid,7,1636,40925,50.5,25,0.6760183333333334,3.4083120865481242,14.24292060307094,239.78037429996766
dgn_complete__pair_N6_ego_attention__seed7,dgn_qmix,coord_grid,7,1637,40950,48.0,25,0.6758204166666667,4.8622487386067705,35.884032567342125,239.96937389997765
dgn_complete__pair_N6_ego_attention__seed7,dgn_qmix,coord_grid,7,1638,40975,47.5,25,0.6756225,3.6417933305104575,28.209943771362305,240.16032189998077
dgn_complete__pair_N6_ego_attention__seed7,dgn_qmix,coord_grid,7,1639,41000,42.0,25,0.6754245833333333,2.900219996770223,47.15250174204508,240.33909839997068
dgn_complete__pair_N6_ego_attention__seed7,dgn_qmix,coord_grid,7,1640,41025,41.5,25,0.6752266666666666,5.9089667456490655,69.59084647042411,240.51033879996976
dgn_complete__pair_N6_ego_attention__seed7,dgn_qmix,coord_grid,7,1641,41050,42.0,25,0.6750287500000001,4.261068016290665,64.04242324829102,240.64899849996436
dgn_complete__pair_N6_ego_attention__seed7,dgn_qmix,coord_grid,7,1642,41075,53.0,25,0.6748308333333334,4.616489042838414,59.82443618774414,240.84916949999752
dgn_complete__pair_N6_ego_attention__seed7,dgn_qmix,coord_grid,7,1643,41100,43.0,25,0.6746329166666667,4.469695766766866,35.11955642700195,241.03005479997955
dgn_complete__pair_N6_ego_attention__seed7,dgn_qmix,coord_grid,7,1644,41125,56.5,25,0.674435,6.688436772142138,26.173805781773158,241.25410610000836
dgn_complete__pair_N6_ego_attention__seed7,dgn_qmix,coord_grid,7,1645,41150,52.5,25,0.6742370833333333,4.037695229053497,23.265201250712078,241.4280613999581
dgn_complete__pair_N6_ego_attention__seed7,dgn_qmix,coord_grid,7,1646,41175,54.0,25,0.6740391666666667,4.15985481441021,55.346551259358726,241.5466160000069
dgn_complete__pair_N6_ego_attention__seed7,dgn_qmix,coord_grid,7,1647,41200,43.5,25,0.67384125,2.1094767848650613,33.99159383773804,241.71322549995966
dgn_complete__pair_N6_ego_attention__seed7,dgn_qmix,coord_grid,7,1648,41225,50.0,25,0.6736433333333334,3.848400047847203,32.18347127096994,241.8725082000019
dgn_complete__pair_N6_ego_attention__seed7,dgn_qmix,coord_grid,7,1649,41250,50.5,25,0.6734454166666667,5.6430262724558515,16.94821310043335,241.98584269999992
dgn_complete__pair_N6_ego_attention__seed7,dgn_qmix,coord_grid,7,1650,41275,48.5,25,0.6732475,2.004596327741941,18.230902353922527,242.12752420001198
dgn_complete__pair_N6_ego_attention__seed7,dgn_qmix,coord_grid,7,1651,41300,50.0,25,0.6730495833333333,3.6655819614728293,26.108352343241375,242.27098460000707
dgn_complete__pair_N6_ego_attention__seed7,dgn_qmix,coord_grid,7,1652,41325,46.5,25,0.6728516666666666,4.260421114308493,29.577297483171737,242.400782599987
dgn_complete__pair_N6_ego_attention__seed7,dgn_qmix,coord_grid,7,1653,41350,55.0,25,0.67265375,1.6779821862777073,20.708070755004883,242.51856060000136
dgn_complete__pair_N6_ego_attention__seed7,dgn_qmix,coord_grid,7,1654,41375,55.5,25,0.6724558333333334,1.195715308189392,35.38295316696167,242.66716999997152
dgn_complete__pair_N6_ego_attention__seed7,dgn_qmix,coord_grid,7,1655,41400,58.5,25,0.6722579166666667,3.811332027117411,40.23369741439819,242.88995009998325
dgn_complete__pair_N6_ego_attention__seed7,dgn_qmix,coord_grid,7,1656,41425,40.5,25,0.67206,3.6432133615016937,42.536882400512695,243.0331143999938
dgn_complete__pair_N6_ego_attention__seed7,dgn_qmix,coord_grid,7,1657,41450,53.0,25,0.6718620833333333,2.8500866095225015,24.097933451334637,243.17759460001253
dgn_complete__pair_N6_ego_attention__seed7,dgn_qmix,coord_grid,7,1658,41475,57.0,25,0.6716641666666667,3.2418316155672073,13.21353816986084,243.37479719996918
dgn_complete__pair_N6_ego_attention__seed7,dgn_qmix,coord_grid,7,1659,41500,44.0,25,0.67146625,4.057391206423442,16.69606288274129,243.52066400001058
dgn_complete__pair_N6_ego_attention__seed7,dgn_qmix,coord_grid,7,1660,41525,51.0,25,0.6712683333333334,2.803566183362688,26.011459623064315,243.670706600009
dgn_complete__pair_N6_ego_attention__seed7,dgn_qmix,coord_grid,7,1661,41550,63.5,25,0.6710704166666667,3.331220348676046,26.876784642537434,243.78019109996967
dgn_complete__pair_N6_ego_attention__seed7,dgn_qmix,coord_grid,7,1662,41575,48.5,25,0.6708725,3.209329590201378,20.579464117685955,243.93922329996713
dgn_complete__pair_N6_ego_attention__seed7,dgn_qmix,coord_grid,7,1663,41600,54.5,25,0.6706745833333334,1.2151387085517247,38.57159582773844,244.10300010000356
dgn_complete__pair_N6_ego_attention__seed7,dgn_qmix,coord_grid,7,1664,41625,49.0,25,0.6704766666666666,4.2874599397182465,45.74710355486189,244.29223039996577
dgn_complete__pair_N6_ego_attention__seed7,dgn_qmix,coord_grid,7,1665,41650,48.0,25,0.67027875,2.105393494168917,44.69858821233114,244.41588169999886
dgn_complete__pair_N6_ego_attention__seed7,dgn_qmix,coord_grid,7,1666,41675,42.5,25,0.6700808333333333,2.8926715751489005,38.76408735911051,244.6234447999741
dgn_complete__pair_N6_ego_attention__seed7,dgn_qmix,coord_grid,7,1667,41700,46.0,25,0.6698829166666667,3.615657240152359,21.631821791330974,244.7706385999918
dgn_complete__pair_N6_ego_attention__seed7,dgn_qmix,coord_grid,7,1668,41725,44.5,25,0.6696850000000001,3.571669348648616,26.68991756439209,244.90025639999658
dgn_complete__pair_N6_ego_attention__seed7,dgn_qmix,coord_grid,7,1669,41750,41.0,25,0.6694870833333333,4.094993268450101,38.61237700780233,245.04592740000226
dgn_complete__pair_N6_ego_attention__seed7,dgn_qmix,coord_grid,7,1670,41775,49.0,25,0.6692891666666667,3.158965756495794,18.210742950439453,245.16881100001046
dgn_complete__pair_N6_ego_attention__seed7,dgn_qmix,coord_grid,7,1671,41800,53.5,25,0.66909125,4.032364855209987,31.584854125976562,245.31524339999305
dgn_complete__pair_N6_ego_attention__seed7,dgn_qmix,coord_grid,7,1672,41825,69.5,25,0.6688933333333333,4.666752419301441,72.43091828482491,245.48055029998068
dgn_complete__pair_N6_ego_attention__seed7,dgn_qmix,coord_grid,7,1673,41850,49.0,25,0.6686954166666667,3.596119244893392,68.21305052439372,245.59114909998607
dgn_complete__pair_N6_ego_attention__seed7,dgn_qmix,coord_grid,7,1674,41875,43.0,25,0.6684975,3.1593416929244995,62.6216204961141,245.78551519999746
dgn_complete__pair_N6_ego_attention__seed7,dgn_qmix,coord_grid,7,1675,41900,45.5,25,0.6682995833333334,4.683993250131607,48.835098584493004,245.92143919999944
dgn_complete__pair_N6_ego_attention__seed7,dgn_qmix,coord_grid,7,1676,41925,54.0,25,0.6681016666666667,2.936020927769797,36.68276105608259,246.07401969999773
dgn_complete__pair_N6_ego_attention__seed7,dgn_qmix,coord_grid,7,1677,41950,50.0,25,0.66790375,4.113738154371579,31.119171619415283,246.22949649998918
dgn_complete__pair_N6_ego_attention__seed7,dgn_qmix,coord_grid,7,1678,41975,42.5,25,0.6677058333333333,3.2850462595621743,15.628378868103027,246.4117988999933
dgn_complete__pair_N6_ego_attention__seed7,dgn_qmix,coord_grid,7,1679,42000,51.5,25,0.6675079166666666,4.533447489142418,27.85212500890096,246.55802409996977
dgn_complete__pair_N6_ego_attention__seed7,dgn_qmix,coord_grid,7,1680,42025,54.5,25,0.6673100000000001,4.690500617027283,26.48469856807164,246.70787889999337
dgn_complete__pair_N6_ego_attention__seed7,dgn_qmix,coord_grid,7,1681,42050,53.0,25,0.6671120833333334,6.274731318155925,34.491244316101074,246.83374599996023
dgn_complete__pair_N6_ego_attention__seed7,dgn_qmix,coord_grid,7,1682,42075,49.0,25,0.6669141666666667,3.2824527472257614,28.2495018641154,246.962154000008
dgn_complete__pair_N6_ego_attention__seed7,dgn_qmix,coord_grid,7,1683,42100,45.5,25,0.66671625,4.12747748196125,20.796313047409058,247.08455339999637
dgn_complete__pair_N6_ego_attention__seed7,dgn_qmix,coord_grid,7,1684,42125,64.0,25,0.6665183333333333,2.6186647542885373,43.646903719220845,247.21472639997955
dgn_complete__pair_N6_ego_attention__seed7,dgn_qmix,coord_grid,7,1685,42150,51.0,25,0.6663204166666667,2.9494763016700745,31.2536776860555,247.36144469998544
dgn_complete__pair_N6_ego_attention__seed7,dgn_qmix,coord_grid,7,1686,42175,43.0,25,0.6661225,3.413210948308309,46.31165758768717,247.50539439998101
dgn_complete__pair_N6_ego_attention__seed7,dgn_qmix,coord_grid,7,1687,42200,68.5,25,0.6659245833333334,2.094983011484146,30.289267857869465,247.67612670001108
dgn_complete__pair_N6_ego_attention__seed7,dgn_qmix,coord_grid,7,1688,42225,44.5,25,0.6657266666666667,4.700539520808628,33.07936423165457,247.8164338999777
dgn_complete__pair_N6_ego_attention__seed7,dgn_qmix,coord_grid,7,1689,42250,31.5,25,0.66552875,3.442634721597036,54.267096201578774,247.93222319998313
dgn_complete__pair_N6_ego_attention__seed7,dgn_qmix,coord_grid,7,1690,42275,35.5,25,0.6653308333333334,4.205640296141307,27.409860769907635,248.07144480000716
dgn_complete__pair_N6_ego_attention__seed7,dgn_qmix,coord_grid,7,1691,42300,42.0,25,0.6651329166666666,4.18292236328125,47.456315676371254,248.2239899999695
dgn_complete__pair_N6_ego_attention__seed7,dgn_qmix,coord_grid,7,1692,42325,51.5,25,0.664935,5.552400929587228,53.0841257912772,248.38165140000638
dgn_complete__pair_N6_ego_attention__seed7,dgn_qmix,coord_grid,7,1693,42350,47.0,25,0.6647370833333334,3.3476396848758063,46.72260125478109,248.52701239997987
dgn_complete__pair_N6_ego_attention__seed7,dgn_qmix,coord_grid,7,1694,42375,47.0,25,0.6645391666666667,3.3782293796539307,40.05324904123942,248.67306249996182
dgn_complete__pair_N6_ego_attention__seed7,dgn_qmix,coord_grid,7,1695,42400,44.5,25,0.66434125,2.5525688230991364,47.12330182393392,248.7943621999584
dgn_complete__pair_N6_ego_attention__seed7,dgn_qmix,coord_grid,7,1696,42425,56.0,25,0.6641433333333333,6.095568682466235,28.95195129939488,248.94706659996882
dgn_complete__pair_N6_ego_attention__seed7,dgn_qmix,coord_grid,7,1697,42450,40.0,25,0.6639454166666667,3.2818728213508925,22.209760506947834,249.06845969997812
dgn_complete__pair_N6_ego_attention__seed7,dgn_qmix,coord_grid,7,1698,42475,53.5,25,0.6637475,2.858050843079885,19.517125447591145,249.27504169999156
dgn_complete__pair_N6_ego_attention__seed7,dgn_qmix,coord_grid,7,1699,42500,47.5,25,0.6635495833333334,3.7112589925527573,20.425031661987305,249.41221479995875
dgn_complete__pair_N6_ego_attention__seed7,dgn_qmix,coord_grid,7,1700,42525,52.0,25,0.6633516666666667,4.70024562733514,33.89465740748814,249.52631369995652
dgn_complete__pair_N6_ego_attention__seed7,dgn_qmix,coord_grid,7,1701,42550,44.5,25,0.66315375,2.0123983224232993,28.131730715433758,249.6477981999633
dgn_complete__pair_N6_ego_attention__seed7,dgn_qmix,coord_grid,7,1702,42575,45.5,25,0.6629558333333334,2.9258304635683694,20.96344232559204,249.80495259998133
dgn_complete__pair_N6_ego_attention__seed7,dgn_qmix,coord_grid,7,1703,42600,44.0,25,0.6627579166666667,2.4985102911790213,33.85016282399496,249.97862909996184
dgn_complete__pair_N6_ego_attention__seed7,dgn_qmix,coord_grid,7,1704,42625,43.0,25,0.66256,3.617068273680551,85.52425943102155,250.12132149998797
dgn_complete__pair_N6_ego_attention__seed7,dgn_qmix,coord_grid,7,1705,42650,53.5,25,0.6623620833333334,4.131194045146306,113.88998285929362,250.30392390000634
dgn_complete__pair_N6_ego_attention__seed7,dgn_qmix,coord_grid,7,1706,42675,48.5,25,0.6621641666666667,3.5877585808436074,58.37146886189779,250.46704489999684
dgn_complete__pair_N6_ego_attention__seed7,dgn_qmix,coord_grid,7,1707,42700,56.0,25,0.6619662500000001,6.351792216300964,46.59842491149902,250.658747199981
dgn_complete__pair_N6_ego_attention__seed7,dgn_qmix,coord_grid,7,1708,42725,49.0,25,0.6617683333333333,2.5051777192524503,33.79317883082798,250.83939179999288
dgn_complete__pair_N6_ego_attention__seed7,dgn_qmix,coord_grid,7,1709,42750,52.0,25,0.6615704166666667,2.03100573271513,22.250381231307983,250.97521050000796
dgn_complete__pair_N6_ego_attention__seed7,dgn_qmix,coord_grid,7,1710,42775,57.0,25,0.6613725,4.110223983724912,25.36943292617798,251.09143239998957
dgn_complete__pair_N6_ego_attention__seed7,dgn_qmix,coord_grid,7,1711,42800,38.5,25,0.6611745833333333,4.13872562845548,22.593681176503498,251.2942975999904
dgn_complete__pair_N6_ego_attention__seed7,dgn_qmix,coord_grid,7,1712,42825,41.0,25,0.6609766666666667,5.116946824959347,30.082646369934082,251.41150569997262
dgn_complete__pair_N6_ego_attention__seed7,dgn_qmix,coord_grid,7,1713,42850,59.5,25,0.66077875,3.314149777094523,17.439586957295734,251.60532739997143
dgn_complete__pair_N6_ego_attention__seed7,dgn_qmix,coord_grid,7,1714,42875,54.5,25,0.6605808333333334,3.7528706093629203,15.435825983683268,251.7841933000018
dgn_complete__pair_N6_ego_attention__seed7,dgn_qmix,coord_grid,7,1715,42900,52.0,25,0.6603829166666667,2.9450650016466775,32.37629357973734,251.9798737000092
dgn_complete__pair_N6_ego_attention__seed7,dgn_qmix,coord_grid,7,1716,42925,59.0,25,0.660185,2.9829061201640537,28.767441749572754,252.12340669997502
dgn_complete__pair_N6_ego_attention__seed7,dgn_qmix,coord_grid,7,1717,42950,61.0,25,0.6599870833333333,4.596988921364148,16.55436833699544,252.24914219998755
dgn_complete__pair_N6_ego_attention__seed7,dgn_qmix,coord_grid,7,1718,42975,69.5,25,0.6597891666666666,3.329641734560331,36.25091584523519,252.40808209998067
dgn_complete__pair_N6_ego_attention__seed7,dgn_qmix,coord_grid,7,1719,43000,43.0,25,0.6595912500000001,4.992721398671468,20.59678363800049,252.57574749999912
dgn_complete__pair_N6_ego_attention__seed7,dgn_qmix,coord_grid,7,1720,43025,46.0,25,0.6593933333333334,3.322337399635996,48.20325306483677,252.701004499977
dgn_complete__pair_N6_ego_attention__seed7,dgn_qmix,coord_grid,7,1721,43050,45.0,25,0.6591954166666667,2.966894884904226,43.0255511601766,252.84431189997122
dgn_complete__pair_N6_ego_attention__seed7,dgn_qmix,coord_grid,7,1722,43075,41.5,25,0.6589975,2.230395386616389,68.76068496704102,252.97318500000983
dgn_complete__pair_N6_ego_attention__seed7,dgn_qmix,coord_grid,7,1723,43100,45.0,25,0.6587995833333333,5.122647682825725,66.75589434305827,253.08007379999617
dgn_complete__pair_N6_ego_attention__seed7,dgn_qmix,coord_grid,7,1724,43125,45.5,25,0.6586016666666668,4.7394300528935025,47.02871567862375,253.20228909997968
dgn_complete__pair_N6_ego_attention__seed7,dgn_qmix,coord_grid,7,1725,43150,45.0,25,0.65840375,4.733344708879788,61.32679239908854,253.31808749999618
dgn_complete__pair_N6_ego_attention__seed7,dgn_qmix,coord_grid,7,1726,43175,46.5,25,0.6582058333333334,5.133605241775513,59.679652531941734,253.4227236000006
dgn_complete__pair_N6_ego_attention__seed7,dgn_qmix,coord_grid,7,1727,43200,55.0,25,0.6580079166666667,3.3567680741349855,48.54285144805908,253.57822429999942
dgn_complete__pair_N6_ego_attention__seed7,dgn_qmix,coord_grid,7,1728,43225,41.0,25,0.65781,3.518685451575688,67.74943705967495,253.74096560000908
dgn_complete__pair_N6_ego_attention__seed7,dgn_qmix,coord_grid,7,1729,43250,41.0,25,0.6576120833333334,5.582196752230327,102.1485964457194,253.8689126999816
dgn_complete__pair_N6_ego_attention__seed7,dgn_qmix,coord_grid,7,1730,43275,41.0,25,0.6574141666666666,5.479935208956401,51.0165630976359,254.05919309996534
dgn_complete__pair_N6_ego_attention__seed7,dgn_qmix,coord_grid,7,1731,43300,61.0,25,0.6572162500000001,4.235559031367302,35.317962964375816,254.18507050001062
dgn_complete__pair_N6_ego_attention__seed7,dgn_qmix,coord_grid,7,1732,43325,53.5,25,0.6570183333333334,4.297327416283744,27.815544400896346,254.3461507000029
dgn_complete__pair_N6_ego_attention__seed7,dgn_qmix,coord_grid,7,1733,43350,47.0,25,0.6568204166666667,2.0724326074123383,28.27023983001709,254.48479899996892
dgn_complete__pair_N6_ego_attention__seed7,dgn_qmix,coord_grid,7,1734,43375,59.5,25,0.6566225,5.521423538525899,39.930859406789146,254.637877799978
dgn_complete__pair_N6_ego_attention__seed7,dgn_qmix,coord_grid,7,1735,43400,49.5,25,0.6564245833333333,1.77680799861749,45.74148146311442,254.74255889997585
dgn_complete__pair_N6_ego_attention__seed7,dgn_qmix,coord_grid,7,1736,43425,50.5,25,0.6562266666666667,6.323556014469692,77.37592261178153,254.875855899998
dgn_complete__pair_N6_ego_attention__seed7,dgn_qmix,coord_grid,7,1737,43450,57.5,25,0.65602875,3.3207992613315582,87.70602989196777,255.00986439996632
dgn_complete__pair_N6_ego_attention__seed7,dgn_qmix,coord_grid,7,1738,43475,49.0,25,0.6558308333333334,3.114396686355273,56.2663516998291,255.14711219997844
dgn_complete__pair_N6_ego_attention__seed7,dgn_qmix,coord_grid,7,1739,43500,38.0,25,0.6556329166666667,1.3374400635560353,51.064002990722656,255.31690509995678
dgn_complete__pair_N6_ego_attention__seed7,dgn_qmix,coord_grid,7,1740,43525,49.0,25,0.655435,3.665785712855203,33.48964718409947,255.48988109995844
dgn_complete__pair_N6_ego_attention__seed7,dgn_qmix,coord_grid,7,1741,43550,56.0,25,0.6552370833333334,6.395062605539958,36.96452649434408,255.6158182999934
dgn_complete__pair_N6_ego_attention__seed7,dgn_qmix,coord_grid,7,1742,43575,41.0,25,0.6550391666666667,4.297470847765605,50.249610900878906,255.76771389995702
dgn_complete__pair_N6_ego_attention__seed7,dgn_qmix,coord_grid,7,1743,43600,45.5,25,0.65484125,4.49080353975296,67.18114725748698,255.9388256999664
dgn_complete__pair_N6_ego_attention__seed7,dgn_qmix,coord_grid,7,1744,43625,54.5,25,0.6546433333333334,3.5935174567358836,64.91882283346993,256.0731250999961
dgn_complete__pair_N6_ego_attention__seed7,dgn_qmix,coord_grid,7,1745,43650,49.5,25,0.6544454166666667,4.293024341265361,48.09493668874105,256.19515529996715
dgn_complete__pair_N6_ego_attention__seed7,dgn_qmix,coord_grid,7,1746,43675,51.0,25,0.6542475000000001,2.8562574138243995,16.050428072611492,256.3405627000029
dgn_complete__pair_N6_ego_attention__seed7,dgn_qmix,coord_grid,7,1747,43700,41.0,25,0.6540495833333333,3.322663404047489,18.621350288391113,256.475610399968
dgn_complete__pair_N6_ego_attention__seed7,dgn_qmix,coord_grid,7,1748,43725,37.5,25,0.6538516666666667,3.6735163160732816,27.854504585266113,256.6603841999895
dgn_complete__pair_N6_ego_attention__seed7,dgn_qmix,coord_grid,7,1749,43750,54.5,25,0.65365375,3.7328683137893677,19.95045264561971,256.7942699000123
dgn_complete__pair_N6_ego_attention__seed7,dgn_qmix,coord_grid,7,1750,43775,56.0,25,0.6534558333333333,3.3778155396382012,23.337300777435303,256.92132119997405
dgn_complete__pair_N6_ego_attention__seed7,dgn_qmix,coord_grid,7,1751,43800,46.5,25,0.6532579166666668,3.8386650482813516,25.289225896199543,257.0506963999942
dgn_complete__pair_N6_ego_attention__seed7,dgn_qmix,coord_grid,7,1752,43825,34.5,25,0.65306,2.2534073080335344,32.72999232155936,257.20389120001346
dgn_complete__pair_N6_ego_attention__seed7,dgn_qmix,coord_grid,7,1753,43850,53.5,25,0.6528620833333334,5.543130834897359,37.01908493041992,257.36207259999355
dgn_complete__pair_N6_ego_attention__seed7,dgn_qmix,coord_grid,7,1754,43875,47.0,25,0.6526641666666667,3.8359557737906775,29.054571787516277,257.62547769997036
dgn_complete__pair_N6_ego_attention__seed7,dgn_qmix,coord_grid,7,1755,43900,62.0,25,0.65246625,2.1447563767433167,35.38322718938192,257.81025079998653
dgn_complete__pair_N6_ego_attention__seed7,dgn_qmix,coord_grid,7,1756,43925,58.0,25,0.6522683333333333,4.370622830731528,25.274090903145925,257.9753213999793
dgn_complete__pair_N6_ego_attention__seed7,dgn_qmix,coord_grid,7,1757,43950,43.5,25,0.6520704166666667,2.895790164669355,23.56639019648234,258.0985562999849
dgn_complete__pair_N6_ego_attention__seed7,dgn_qmix,coord_grid,7,1758,43975,41.5,25,0.6518725000000001,2.5032810817162194,29.665026664733887,258.22587419999763
dgn_complete__pair_N6_ego_attention__seed7,dgn_qmix,coord_grid,7,1759,44000,63.5,25,0.6516745833333334,3.3907778014739356,25.315779368082683,258.39971179998247
dgn_complete__pair_N6_ego_attention__seed7,dgn_qmix,coord_grid,7,1760,44025,51.0,25,0.6514766666666667,4.005646279879978,27.04230730874198,258.5474673999706
dgn_complete__pair_N6_ego_attention__seed7,dgn_qmix,coord_grid,7,1761,44050,52.0,25,0.65127875,3.397560348113378,28.04050890604655,258.6804209999973
dgn_complete__pair_N6_ego_attention__seed7,dgn_qmix,coord_grid,7,1762,44075,49.5,25,0.6510808333333333,3.8030372858047485,31.974589665730793,258.83546490001027
dgn_complete__pair_N6_ego_attention__seed7,dgn_qmix,coord_grid,7,1763,44100,54.5,25,0.6508829166666668,3.911364515622457,38.3484083811442,258.93477519997396
dgn_complete__pair_N6_ego_attention__seed7,dgn_qmix,coord_grid,7,1764,44125,33.5,25,0.650685,3.677117334944861,26.874448776245117,259.10526659997413
dgn_complete__pair_N6_ego_attention__seed7,dgn_qmix,coord_grid,7,1765,44150,64.0,25,0.6504870833333334,3.798330749074618,30.547069390614826,259.2115780999884
dgn_complete__pair_N6_ego_attention__seed7,dgn_qmix,coord_grid,7,1766,44175,45.0,25,0.6502891666666667,4.222411592801412,21.06065559387207,259.3487046000082
dgn_complete__pair_N6_ego_attention__seed7,dgn_qmix,coord_grid,7,1767,44200,59.0,25,0.65009125,3.4488814870516458,38.10090001424154,259.4582661999739
dgn_complete__pair_N6_ego_attention__seed7,dgn_qmix,coord_grid,7,1768,44225,46.5,25,0.6498933333333334,2.6133354774543216,78.88488142830985,259.66428550001
dgn_complete__pair_N6_ego_attention__seed7,dgn_qmix,coord_grid,7,1769,44250,41.5,25,0.6496954166666666,3.210720638434092,66.3755989074707,259.82698700000765
dgn_complete__pair_N6_ego_attention__seed7,dgn_qmix,coord_grid,7,1770,44275,49.5,25,0.6494975000000001,2.9452934861183167,78.99826749165852,259.98533009999665
dgn_complete__pair_N6_ego_attention__seed7,dgn_qmix,coord_grid,7,1771,44300,46.0,25,0.6492995833333334,3.685397351781527,72.29181639353435,260.12145089998376
dgn_complete__pair_N6_ego_attention__seed7,dgn_qmix,coord_grid,7,1772,44325,49.0,25,0.6491016666666667,3.452312631266458,52.287324224199565,260.26701839995803
dgn_complete__pair_N6_ego_attention__seed7,dgn_qmix,coord_grid,7,1773,44350,35.0,25,0.64890375,2.5218364894390106,30.2972575823466,260.41663439996773
dgn_complete__pair_N6_ego_attention__seed7,dgn_qmix,coord_grid,7,1774,44375,49.0,25,0.6487058333333333,1.717470869421959,31.790592829386394,260.59271499997703
dgn_complete__pair_N6_ego_attention__seed7,dgn_qmix,coord_grid,7,1775,44400,45.0,25,0.6485079166666667,5.551738192637761,27.59957806269328,260.7244489999721
dgn_complete__pair_N6_ego_attention__seed7,dgn_qmix,coord_grid,7,1776,44425,43.5,25,0.64831,2.6212263831070493,34.619140897478374,260.8984161000117
dgn_complete__pair_N6_ego_attention__seed7,dgn_qmix,coord_grid,7,1777,44450,49.0,25,0.6481120833333334,3.3813850581645966,15.801363309224447,261.0377902999753
dgn_complete__pair_N6_ego_attention__seed7,dgn_qmix,coord_grid,7,1778,44475,51.0,25,0.6479141666666667,3.0044324497381845,28.49300257364909,261.1563496000017
dgn_complete__pair_N6_ego_attention__seed7,dgn_qmix,coord_grid,7,1779,44500,45.5,25,0.64771625,3.363518923521042,22.345125277837116,261.30956329999026
dgn_complete__pair_N6_ego_attention__seed7,dgn_qmix,coord_grid,7,1780,44525,54.0,25,0.6475183333333334,3.0188172374452864,20.129247665405273,261.49778490001336
dgn_complete__pair_N6_ego_attention__seed7,dgn_qmix,coord_grid,7,1781,44550,47.0,25,0.6473204166666666,2.591711009542147,35.48883533477783,261.66050489997724
dgn_complete__pair_N6_ego_attention__seed7,dgn_qmix,coord_grid,7,1782,44575,49.0,25,0.6471225,2.5557622412840524,22.068098783493042,261.8355714000063
dgn_complete__pair_N6_ego_attention__seed7,dgn_qmix,coord_grid,7,1783,44600,56.0,25,0.6469245833333334,4.695702686905861,29.095407644907635,261.9836000999785
dgn_complete__pair_N6_ego_attention__seed7,dgn_qmix,coord_grid,7,1784,44625,56.0,25,0.6467266666666667,3.737974056175777,26.226836885724747,262.111005499959
dgn_complete__pair_N6_ego_attention__seed7,dgn_qmix,coord_grid,7,1785,44650,47.5,25,0.6465287500000001,3.416303580005964,36.552294413248696,262.2218606999959
dgn_complete__pair_N6_ego_attention__seed7,dgn_qmix,coord_grid,7,1786,44675,37.0,25,0.6463308333333333,4.254790981610616,36.01718966166178,262.36681460001273
dgn_complete__pair_N6_ego_attention__seed7,dgn_qmix,coord_grid,7,1787,44700,48.0,25,0.6461329166666667,5.597249190012614,45.80871041615804,262.51729419996263
dgn_complete__pair_N6_ego_attention__seed7,dgn_qmix,coord_grid,7,1788,44725,48.0,25,0.645935,3.4689850892339433,51.929888180324006,262.73858720000135
dgn_complete__pair_N6_ego_attention__seed7,dgn_qmix,coord_grid,7,1789,44750,60.0,25,0.6457370833333334,2.969650482137998,37.07203229268392,262.8581281999941
dgn_complete__pair_N6_ego_attention__seed7,dgn_qmix,coord_grid,7,1790,44775,43.5,25,0.6455391666666668,3.463487207889557,39.70324897766113,263.0149688000092
dgn_complete__pair_N6_ego_attention__seed7,dgn_qmix,coord_grid,7,1791,44800,41.5,25,0.64534125,6.0183883508046465,32.591798623402916,263.18113310000626
dgn_complete__pair_N6_ego_attention__seed7,dgn_qmix,coord_grid,7,1792,44825,49.5,25,0.6451433333333334,2.6184991129807065,34.731692859104704,263.3818297999678
dgn_complete__pair_N6_ego_attention__seed7,dgn_qmix,coord_grid,7,1793,44850,49.5,25,0.6449454166666666,2.6022238979736962,41.14922936757406,263.52587740001036
dgn_complete__pair_N6_ego_attention__seed7,dgn_qmix,coord_grid,7,1794,44875,48.5,25,0.6447475,4.318160514036815,32.50995715459188,263.6392022999935
dgn_complete__pair_N6_ego_attention__seed7,dgn_qmix,coord_grid,7,1795,44900,43.0,25,0.6445495833333333,2.510417878627777,32.88255373636881,263.76541689998703
dgn_complete__pair_N6_ego_attention__seed7,dgn_qmix,coord_grid,7,1796,44925,35.0,25,0.6443516666666667,4.089927464723587,33.210823331560405,263.93481740000425
dgn_complete__pair_N6_ego_attention__seed7,dgn_qmix,coord_grid,7,1797,44950,41.0,25,0.6441537500000001,3.799824317296346,36.863149325052895,264.0521620999789
dgn_complete__pair_N6_ego_attention__seed7,dgn_qmix,coord_grid,7,1798,44975,54.5,25,0.6439558333333333,5.153473084171613,28.427531878153484,264.20739639998646
dgn_complete__pair_N6_ego_attention__seed7,dgn_qmix,coord_grid,7,1799,45000,47.0,25,0.6437579166666667,4.314226746559143,26.365615526835125,264.3874899999937
dgn_complete__pair_N6_ego_attention__seed7,dgn_qmix,coord_grid,7,1800,45025,52.0,25,0.64356,3.3493673460824147,83.50839069911412,264.58541110000806
dgn_complete__pair_N6_ego_attention__seed7,dgn_qmix,coord_grid,7,1801,45050,50.5,25,0.6433620833333333,4.074865038196246,58.76619052886963,264.70933639997384
dgn_complete__pair_N6_ego_attention__seed7,dgn_qmix,coord_grid,7,1802,45075,49.5,25,0.6431641666666668,6.592677354812622,23.099789142608643,264.90090589999454
dgn_complete__pair_N6_ego_attention__seed7,dgn_qmix,coord_grid,7,1803,45100,47.0,25,0.64296625,3.003050521016121,23.52957582473755,265.04726139997365
dgn_complete__pair_N6_ego_attention__seed7,dgn_qmix,coord_grid,7,1804,45125,40.0,25,0.6427683333333334,3.878986729042871,34.61190904889788,265.16586259996984
dgn_complete__pair_N6_ego_attention__seed7,dgn_qmix,coord_grid,7,1805,45150,48.0,25,0.6425704166666667,6.755225161711375,51.66731643676758,265.3585100999917
dgn_complete__pair_N6_ego_attention__seed7,dgn_qmix,coord_grid,7,1806,45175,49.5,25,0.6423725,3.5224624325831733,34.57888634999593,265.48351930000354
dgn_complete__pair_N6_ego_attention__seed7,dgn_qmix,coord_grid,7,1807,45200,36.0,25,0.6421745833333334,7.116381565729777,30.78519868850708,265.6123753999709
dgn_complete__pair_N6_ego_attention__seed7,dgn_qmix,coord_grid,7,1808,45225,45.5,25,0.6419766666666666,5.650743880442211,30.59291226523263,265.79282579995925
dgn_complete__pair_N6_ego_attention__seed7,dgn_qmix,coord_grid,7,1809,45250,46.0,25,0.6417787500000001,3.0639743904272714,34.49672158559164,265.897295999981
dgn_complete__pair_N6_ego_attention__seed7,dgn_qmix,coord_grid,7,1810,45275,62.0,25,0.6415808333333333,3.054045965274175,33.75757122039795,266.0351584999589
dgn_complete__pair_N6_ego_attention__seed7,dgn_qmix,coord_grid,7,1811,45300,48.5,25,0.6413829166666667,6.202811340490977,16.233404954274494,266.21403539995663
dgn_complete__pair_N6_ego_attention__seed7,dgn_qmix,coord_grid,7,1812,45325,57.0,25,0.6411850000000001,3.0480719336441586,22.904070445469447,266.3895517999772
dgn_complete__pair_N6_ego_attention__seed7,dgn_qmix,coord_grid,7,1813,45350,50.0,25,0.6409870833333333,4.373874033490817,17.352278391520183,266.53424229996745
dgn_complete__pair_N6_ego_attention__seed7,dgn_qmix,coord_grid,7,1814,45375,61.0,25,0.6407891666666667,6.154977361361186,23.11946447690328,266.69558070000494
dgn_complete__pair_N6_ego_attention__seed7,dgn_qmix,coord_grid,7,1815,45400,67.0,25,0.64059125,3.1109364181756973,24.15294313430786,266.8464590999647
dgn_complete__pair_N6_ego_attention__seed7,dgn_qmix,coord_grid,7,1816,45425,48.0,25,0.6403933333333334,3.8898481258324216,45.60763495309012,266.99849919998087
dgn_complete__pair_N6_ego_attention__seed7,dgn_qmix,coord_grid,7,1817,45450,52.0,25,0.6401954166666667,5.298298001289368,29.287853240966797,267.18418639997253
dgn_complete__pair_N6_ego_attention__seed7,dgn_qmix,coord_grid,7,1818,45475,42.0,25,0.6399975,3.0633250822623572,29.283350467681885,267.2880195999751
dgn_complete__pair_N6_ego_attention__seed7,dgn_qmix,coord_grid,7,1819,45500,41.5,25,0.6397995833333334,2.6339878737926483,26.5042823155721,267.435891799978
dgn_complete__pair_N6_ego_attention__seed7,dgn_qmix,coord_grid,7,1820,45525,48.5,25,0.6396016666666666,3.770059206656047,21.039664813450404,267.6335052999784
dgn_complete__pair_N6_ego_attention__seed7,dgn_qmix,coord_grid,7,1821,45550,46.0,25,0.63940375,3.9521233638127646,26.370914777119953,267.80182329996023
dgn_complete__pair_N6_ego_attention__seed7,dgn_qmix,coord_grid,7,1822,45575,47.0,25,0.6392058333333334,3.0933096607526145,38.53279336293539,267.94876349996775
dgn_complete__pair_N6_ego_attention__seed7,dgn_qmix,coord_grid,7,1823,45600,38.0,25,0.6390079166666667,3.4616772433122,19.404139677683514,268.0481378000113
dgn_complete__pair_N6_ego_attention__seed7,dgn_qmix,coord_grid,7,1824,45625,46.5,25,0.6388100000000001,3.510702541896275,42.74530928475516,268.1808591999579
dgn_complete__pair_N6_ego_attention__seed7,dgn_qmix,coord_grid,7,1825,45650,66.5,25,0.6386120833333333,5.739595899979274,23.58579158782959,268.303316799982
dgn_complete__pair_N6_ego_attention__seed7,dgn_qmix,coord_grid,7,1826,45675,44.0,25,0.6384141666666667,2.169079191982746,42.93570486704508,268.4521418999648
dgn_complete__pair_N6_ego_attention__seed7,dgn_qmix,coord_grid,7,1827,45700,44.0,25,0.6382162499999999,4.340898777047793,25.52253484725952,268.5640856999671
dgn_complete__pair_N6_ego_attention__seed7,dgn_qmix,coord_grid,7,1828,45725,57.5,25,0.6380183333333334,1.9343313787664687,25.69586726597377,268.69526189996395
dgn_complete__pair_N6_ego_attention__seed7,dgn_qmix,coord_grid,7,1829,45750,49.5,25,0.6378204166666668,4.433564345041911,46.123058795928955,268.83053769997787
dgn_complete__pair_N6_ego_attention__seed7,dgn_qmix,coord_grid,7,1830,45775,53.5,25,0.6376225,4.562488868832588,65.45953623453777,269.00692849996267
dgn_complete__pair_N6_ego_attention__seed7,dgn_qmix,coord_grid,7,1831,45800,59.5,25,0.6374245833333334,3.766074071327845,63.74707221984863,269.1392118000076
dgn_complete__pair_N6_ego_attention__seed7,dgn_qmix,coord_grid,7,1832,45825,44.0,25,0.6372266666666666,3.132277284349714,95.04774420601981,269.29528839996783
dgn_complete__pair_N6_ego_attention__seed7,dgn_qmix,coord_grid,7,1833,45850,46.5,25,0.63702875,4.675174653530121,75.41459719340007,269.4019851000048
dgn_complete__pair_N6_ego_attention__seed7,dgn_qmix,coord_grid,7,1834,45875,53.0,25,0.6368308333333335,4.144974867502849,58.518198013305664,269.54649819998303
dgn_complete__pair_N6_ego_attention__seed7,dgn_qmix,coord_grid,7,1835,45900,50.0,25,0.6366329166666667,3.598909576733907,50.04554843902588,269.6763648999622
dgn_complete__pair_N6_ego_attention__seed7,dgn_qmix,coord_grid,7,1836,45925,45.0,25,0.6364350000000001,3.406746017081397,38.33418001447405,269.8459496999858
dgn_complete__pair_N6_ego_attention__seed7,dgn_qmix,coord_grid,7,1837,45950,59.5,25,0.6362370833333333,4.531796822945277,54.76664670308431,270.05741409998154
dgn_complete__pair_N6_ego_attention__seed7,dgn_qmix,coord_grid,7,1838,45975,46.0,25,0.6360391666666667,2.8754265010356903,63.656572341918945,270.21081530000083
dgn_complete__pair_N6_ego_attention__seed7,dgn_qmix,coord_grid,7,1839,46000,44.0,25,0.6358412499999999,5.339624812205632,49.168154875437416,270.42834069998935
dgn_complete__pair_N6_ego_attention__seed7,dgn_qmix,coord_grid,7,1840,46025,51.5,25,0.6356433333333333,2.3554852455854416,40.53939873831613,270.6199147999869
dgn_complete__pair_N6_ego_attention__seed7,dgn_qmix,coord_grid,7,1841,46050,48.5,25,0.6354454166666668,3.562609910964966,39.57230917612711,270.79193159996066
dgn_complete__pair_N6_ego_attention__seed7,dgn_qmix,coord_grid,7,1842,46075,55.0,25,0.6352475,2.150790517528852,15.519707679748535,270.9170805999893
dgn_complete__pair_N6_ego_attention__seed7,dgn_qmix,coord_grid,7,1843,46100,47.5,25,0.6350495833333334,2.6783170650402703,50.555832068125405,271.07446049997816
dgn_complete__pair_N6_ego_attention__seed7,dgn_qmix,coord_grid,7,1844,46125,48.0,25,0.6348516666666666,2.7117575066430226,38.49074690682547,271.2141834999784
dgn_complete__pair_N6_ego_attention__seed7,dgn_qmix,coord_grid,7,1845,46150,52.5,25,0.63465375,3.5311947663625083,30.421141306559246,271.3509252999793
dgn_complete__pair_N6_ego_attention__seed7,dgn_qmix,coord_grid,7,1846,46175,52.5,25,0.6344558333333334,5.703912615776062,23.36605405807495,271.4932433000067
dgn_complete__pair_N6_ego_attention__seed7,dgn_qmix,coord_grid,7,1847,46200,47.5,25,0.6342579166666666,4.492347518603007,36.21627426147461,271.5991251000087
dgn_complete__pair_N6_ego_attention__seed7,dgn_qmix,coord_grid,7,1848,46225,42.5,25,0.6340600000000001,3.020447790622711,27.100104195731028,271.76050470001064
dgn_complete__pair_N6_ego_attention__seed7,dgn_qmix,coord_grid,7,1849,46250,55.5,25,0.6338620833333333,3.4814939002195993,29.74172083536784,271.9536755000008
dgn_complete__pair_N6_ego_attention__seed7,dgn_qmix,coord_grid,7,1850,46275,44.0,25,0.6336641666666667,4.442836165428162,39.777645428975426,272.0894246000098
dgn_complete__pair_N6_ego_attention__seed7,dgn_qmix,coord_grid,7,1851,46300,49.0,25,0.6334662500000001,3.113886833190918,36.24972375233968,272.24742659996264
dgn_complete__pair_N6_ego_attention__seed7,dgn_qmix,coord_grid,7,1852,46325,52.0,25,0.6332683333333333,4.235175728797913,32.08882345472063,272.381264799973
dgn_complete__pair_N6_ego_attention__seed7,dgn_qmix,coord_grid,7,1853,46350,53.0,25,0.6330704166666667,3.963269511858622,29.31452973683675,272.5263197000022
dgn_complete__pair_N6_ego_attention__seed7,dgn_qmix,coord_grid,7,1854,46375,48.5,25,0.6328725,2.5561288222670555,28.481960614522297,272.6784620999824
dgn_complete__pair_N6_ego_attention__seed7,dgn_qmix,coord_grid,7,1855,46400,40.5,25,0.6326745833333334,4.730511635541916,85.80883916219075,272.8275559999747
dgn_complete__pair_N6_ego_attention__seed7,dgn_qmix,coord_grid,7,1856,46425,54.0,25,0.6324766666666667,3.1446350259440288,58.90254265921457,272.97703939996427
dgn_complete__pair_N6_ego_attention__seed7,dgn_qmix,coord_grid,7,1857,46450,58.5,25,0.63227875,2.646333580215772,47.02053578694662,273.0818236999912
dgn_complete__pair_N6_ego_attention__seed7,dgn_qmix,coord_grid,7,1858,46475,62.0,25,0.6320808333333334,2.639303515354792,35.990907986958824,273.2097247999627
dgn_complete__pair_N6_ego_attention__seed7,dgn_qmix,coord_grid,7,1859,46500,48.0,25,0.6318829166666666,3.5346220433712006,26.07664696375529,273.3335315999575
dgn_complete__pair_N6_ego_attention__seed7,dgn_qmix,coord_grid,7,1860,46525,58.0,25,0.631685,1.8998605183192663,39.90166119166783,273.48051719996147
dgn_complete__pair_N6_ego_attention__seed7,dgn_qmix,coord_grid,7,1861,46550,56.5,25,0.6314870833333333,3.0910198241472244,27.33606545130412,273.6341079999693
dgn_complete__pair_N6_ego_attention__seed7,dgn_qmix,coord_grid,7,1862,46575,52.0,25,0.6312891666666667,2.211629569530487,33.84606456756592,273.8310589999892
dgn_complete__pair_N6_ego_attention__seed7,dgn_qmix,coord_grid,7,1863,46600,51.5,25,0.6310912500000001,2.6476057966550193,24.470703125,273.98041449999437
dgn_complete__pair_N6_ego_attention__seed7,dgn_qmix,coord_grid,7,1864,46625,52.5,25,0.6308933333333333,3.933486138071333,79.99702317374093,274.1311974999844
dgn_complete__pair_N6_ego_attention__seed7,dgn_qmix,coord_grid,7,1865,46650,51.5,25,0.6306954166666667,4.267303332686424,69.55322519938152,274.2443360000034
dgn_complete__pair_N6_ego_attention__seed7,dgn_qmix,coord_grid,7,1866,46675,52.5,25,0.6304974999999999,1.793879821896553,46.212286631266274,274.3843696999829
dgn_complete__pair_N6_ego_attention__seed7,dgn_qmix,coord_grid,7,1867,46700,51.5,25,0.6302995833333334,1.7018258670965831,31.11409902572632,274.51019840000663
dgn_complete__pair_N6_ego_attention__seed7,dgn_qmix,coord_grid,7,1868,46725,41.0,25,0.6301016666666667,5.466201824801309,41.53062343597412,274.6886734999716
dgn_complete__pair_N6_ego_attention__seed7,dgn_qmix,coord_grid,7,1869,46750,54.5,25,0.62990375,5.8344664971033735,31.857685565948486,274.8112090000068
dgn_complete__pair_N6_ego_attention__seed7,dgn_qmix,coord_grid,7,1870,46775,63.5,25,0.6297058333333334,4.5079687635103864,31.10032558441162,274.9301753999898
dgn_complete__pair_N6_ego_attention__seed7,dgn_qmix,coord_grid,7,1871,46800,60.0,25,0.6295079166666666,2.248790000875791,45.68258937199911,275.05054490000475
dgn_complete__pair_N6_ego_attention__seed7,dgn_qmix,coord_grid,7,1872,46825,43.0,25,0.62931,2.856997787952423,55.24101611546108,275.1953276999993
dgn_complete__pair_N6_ego_attention__seed7,dgn_qmix,coord_grid,7,1873,46850,53.0,25,0.6291120833333333,3.6750192691882453,51.919670740763344,275.3060628999956
dgn_complete__pair_N6_ego_attention__seed7,dgn_qmix,coord_grid,7,1874,46875,41.5,25,0.6289141666666667,3.6124438842137656,38.429676373799644,275.4976986999973
dgn_complete__pair_N6_ego_attention__seed7,dgn_qmix,coord_grid,7,1875,46900,51.5,25,0.6287162500000001,5.836874609192212,27.11664628982544,275.6554867000086
dgn_complete__pair_N6_ego_attention__seed7,dgn_qmix,coord_grid,7,1876,46925,48.0,25,0.6285183333333333,3.868216497557504,30.954563685825892,275.8119760999689
dgn_complete__pair_N6_ego_attention__seed7,dgn_qmix,coord_grid,7,1877,46950,57.5,25,0.6283204166666667,5.801142816742261,38.10642941792806,275.95323869999265
dgn_complete__pair_N6_ego_attention__seed7,dgn_qmix,coord_grid,7,1878,46975,48.5,25,0.6281224999999999,5.909940669933955,47.201257387797035,276.06073249998735
dgn_complete__pair_N6_ego_attention__seed7,dgn_qmix,coord_grid,7,1879,47000,53.5,25,0.6279245833333333,4.160177449385325,56.895800272623696,276.193179599999
dgn_complete__pair_N6_ego_attention__seed7,dgn_qmix,coord_grid,7,1880,47025,46.5,25,0.6277266666666668,5.882911801338196,42.706546374729704,276.3089167000144
dgn_complete__pair_N6_ego_attention__seed7,dgn_qmix,coord_grid,7,1881,47050,41.5,25,0.62752875,3.137665485342344,30.579127470652264,276.4672721999814
dgn_complete__pair_N6_ego_attention__seed7,dgn_qmix,coord_grid,7,1882,47075,62.0,25,0.6273308333333334,3.9336132034659386,19.67914358774821,276.5875713999849
dgn_complete__pair_N6_ego_attention__seed7,dgn_qmix,coord_grid,7,1883,47100,58.5,25,0.6271329166666666,2.6615489572286606,15.320037921269735,276.7811834999593
dgn_complete__pair_N6_ego_attention__seed7,dgn_qmix,coord_grid,7,1884,47125,50.5,25,0.626935,3.5505737492016385,33.248926230839324,276.9277165000094
dgn_complete__pair_N6_ego_attention__seed7,dgn_qmix,coord_grid,7,1885,47150,39.0,25,0.6267370833333333,2.7093020528554916,29.199740409851074,277.04454239999177
dgn_complete__pair_N6_ego_attention__seed7,dgn_qmix,coord_grid,7,1886,47175,42.5,25,0.6265391666666666,4.628344416618347,59.20326805114746,277.16868060000706
dgn_complete__pair_N6_ego_attention__seed7,dgn_qmix,coord_grid,7,1887,47200,56.5,25,0.6263412500000001,4.684682021538417,60.3908961613973,277.35281800001394
dgn_complete__pair_N6_ego_attention__seed7,dgn_qmix,coord_grid,7,1888,47225,55.5,25,0.6261433333333333,3.2969488075801303,59.91187340872629,277.5020416000043
dgn_complete__pair_N6_ego_attention__seed7,dgn_qmix,coord_grid,7,1889,47250,40.0,25,0.6259454166666667,2.7304883201917014,52.57118765513102,277.62320969998837
dgn_complete__pair_N6_ego_attention__seed7,dgn_qmix,coord_grid,7,1890,47275,45.0,25,0.6257475,5.094709863265355,57.84496784210205,277.75723099999595
dgn_complete__pair_N6_ego_attention__seed7,dgn_qmix,coord_grid,7,1891,47300,62.5,25,0.6255495833333333,4.033882995446523,50.21488746007284,277.9134182999842
dgn_complete__pair_N6_ego_attention__seed7,dgn_qmix,coord_grid,7,1892,47325,52.5,25,0.6253516666666668,4.34327905518668,46.40898718152727,278.08408569998574
dgn_complete__pair_N6_ego_attention__seed7,dgn_qmix,coord_grid,7,1893,47350,47.5,25,0.62515375,3.608004758755366,49.880653063456215,278.2339098000084
dgn_complete__pair_N6_ego_attention__seed7,dgn_qmix,coord_grid,7,1894,47375,62.0,25,0.6249558333333334,3.6851520041624704,55.566951751708984,278.375481199997
dgn_complete__pair_N6_ego_attention__seed7,dgn_qmix,coord_grid,7,1895,47400,53.5,25,0.6247579166666667,4.969173868497212,39.60993878046671,278.50017039995873
dgn_complete__pair_N6_ego_attention__seed7,dgn_qmix,coord_grid,7,1896,47425,46.5,25,0.62456,3.357444712093898,93.90205138070243,278.652719900012
dgn_complete__pair_N6_ego_attention__seed7,dgn_qmix,coord_grid,7,1897,47450,55.0,25,0.6243620833333334,3.3739675929148993,57.57510630289713,278.7942506999825
dgn_complete__pair_N6_ego_attention__seed7,dgn_qmix,coord_grid,7,1898,47475,52.5,25,0.6241641666666666,5.512352863947551,44.48121563593546,278.9100669999607
dgn_complete__pair_N6_ego_attention__seed7,dgn_qmix,coord_grid,7,1899,47500,50.5,25,0.6239662500000001,2.199329743782679,28.733683586120605,279.0365742999711
dgn_complete__pair_N6_ego_attention__seed7,dgn_qmix,coord_grid,7,1900,47525,41.5,25,0.6237683333333333,3.117211009774889,29.68217945098877,279.20437759999186
dgn_complete__pair_N6_ego_attention__seed7,dgn_qmix,coord_grid,7,1901,47550,50.0,25,0.6235704166666667,3.561980570356051,30.519553820292156,279.31824749999214
dgn_complete__pair_N6_ego_attention__seed7,dgn_qmix,coord_grid,7,1902,47575,45.0,25,0.6233725,3.545497020085653,23.983946005503338,279.4598219000036
dgn_complete__pair_N6_ego_attention__seed7,dgn_qmix,coord_grid,7,1903,47600,52.0,25,0.6231745833333333,2.2662094632784524,22.417595545450848,279.61192279995885
dgn_complete__pair_N6_ego_attention__seed7,dgn_qmix,coord_grid,7,1904,47625,59.0,25,0.6229766666666667,2.8063387743064334,38.53696141924177,279.7474086000002
dgn_complete__pair_N6_ego_attention__seed7,dgn_qmix,coord_grid,7,1905,47650,69.0,25,0.6227787499999999,2.367370049158732,61.735873222351074,279.9054668999743
dgn_complete__pair_N6_ego_attention__seed7,dgn_qmix,coord_grid,7,1906,47675,65.0,25,0.6225808333333334,9.188560207684835,36.029788176218666,280.08234159997664
dgn_complete__pair_N6_ego_attention__seed7,dgn_qmix,coord_grid,7,1907,47700,50.0,25,0.6223829166666667,4.610221728682518,42.31288846333822,280.2346830999595
dgn_complete__pair_N6_ego_attention__seed7,dgn_qmix,coord_grid,7,1908,47725,51.0,25,0.622185,3.5467975437641144,30.088534218924387,280.35480450000614
dgn_complete__pair_N6_ego_attention__seed7,dgn_qmix,coord_grid,7,1909,47750,47.0,25,0.6219870833333334,1.0062289436658223,69.61613210042317,280.52344509999966
dgn_complete__pair_N6_ego_attention__seed7,dgn_qmix,coord_grid,7,1910,47775,41.5,25,0.6217891666666666,4.625867068767548,37.45521068572998,280.6564220999717
dgn_complete__pair_N6_ego_attention__seed7,dgn_qmix,coord_grid,7,1911,47800,49.0,25,0.62159125,5.3605485906203585,29.139332453409832,280.81114860001253
dgn_complete__pair_N6_ego_attention__seed7,dgn_qmix,coord_grid,7,1912,47825,50.5,25,0.6213933333333334,5.592945711953299,40.42581953321184,280.96246949996566
dgn_complete__pair_N6_ego_attention__seed7,dgn_qmix,coord_grid,7,1913,47850,53.0,25,0.6211954166666667,3.724953139821688,47.95217831929525,281.10884030000307
dgn_complete__pair_N6_ego_attention__seed7,dgn_qmix,coord_grid,7,1914,47875,45.0,25,0.6209975,2.730973184108734,41.19538688659668,281.2204706000048
dgn_complete__pair_N6_ego_attention__seed7,dgn_qmix,coord_grid,7,1915,47900,70.5,25,0.6207995833333333,3.6695536673069,46.04464626312256,281.36790610000025
dgn_complete__pair_N6_ego_attention__seed7,dgn_qmix,coord_grid,7,1916,47925,46.5,25,0.6206016666666667,5.175348452159336,27.884086200169154,281.5112723999773
dgn_complete__pair_N6_ego_attention__seed7,dgn_qmix,coord_grid,7,1917,47950,55.5,25,0.62040375,2.2463389982779822,41.07693020502726,281.72514840000076
dgn_complete__pair_N6_ego_attention__seed7,dgn_qmix,coord_grid,7,1918,47975,54.0,25,0.6202058333333333,4.557075947523117,35.14450136820475,281.85037920001196
dgn_complete__pair_N6_ego_attention__seed7,dgn_qmix,coord_grid,7,1919,48000,56.0,25,0.6200079166666667,2.2262316147486367,49.05379994710287,281.9833918999648
dgn_complete__pair_N6_ego_attention__seed7,dgn_qmix,coord_grid,7,1920,48025,57.0,25,0.61981,3.5776335639613017,43.17774977002825,282.1642867999617
dgn_complete__pair_N6_ego_attention__seed7,dgn_qmix,coord_grid,7,1921,48050,43.0,25,0.6196120833333334,3.629680166641871,38.48947445551554,282.2848201000015
dgn_complete__pair_N6_ego_attention__seed7,dgn_qmix,coord_grid,7,1922,48075,46.5,25,0.6194141666666666,2.694046601653099,26.096978187561035,282.42484200000763
dgn_complete__pair_N6_ego_attention__seed7,dgn_qmix,coord_grid,7,1923,48100,55.5,25,0.61921625,4.445884341994922,14.558099110921225,282.55052290001186
dgn_complete__pair_N6_ego_attention__seed7,dgn_qmix,coord_grid,7,1924,48125,56.5,25,0.6190183333333333,3.9360911420413425,31.05186789376395,282.74181089998456
dgn_complete__pair_N6_ego_attention__seed7,dgn_qmix,coord_grid,7,1925,48150,47.0,25,0.6188204166666667,3.242186099290848,50.716941038767494,282.91257109999424
dgn_complete__pair_N6_ego_attention__seed7,dgn_qmix,coord_grid,7,1926,48175,54.5,25,0.6186225000000001,4.115962540109952,28.84950081507365,283.0578126999899
dgn_complete__pair_N6_ego_attention__seed7,dgn_qmix,coord_grid,7,1927,48200,46.5,25,0.6184245833333333,6.03261986374855,38.56957801183065,283.19641579996096
dgn_complete__pair_N6_ego_attention__seed7,dgn_qmix,coord_grid,7,1928,48225,46.0,25,0.6182266666666667,3.5200873017311096,83.11155537196568,283.37137359997723
dgn_complete__pair_N6_ego_attention__seed7,dgn_qmix,coord_grid,7,1929,48250,43.5,25,0.61802875,4.206013282140096,49.48271417617798,283.4966559999739
dgn_complete__pair_N6_ego_attention__seed7,dgn_qmix,coord_grid,7,1930,48275,38.0,25,0.6178308333333333,1.7380832731723785,24.476352373758953,283.6717408999684
dgn_complete__pair_N6_ego_attention__seed7,dgn_qmix,coord_grid,7,1931,48300,50.5,25,0.6176329166666666,1.8074708531300228,29.904991626739502,283.8036872000084
dgn_complete__pair_N6_ego_attention__seed7,dgn_qmix,coord_grid,7,1932,48325,54.0,25,0.617435,5.624260868344988,32.14870262145996,283.9114094999968
dgn_complete__pair_N6_ego_attention__seed7,dgn_qmix,coord_grid,7,1933,48350,49.5,25,0.6172370833333334,3.6136452158292136,22.02174202601115,284.0149384000106
dgn_complete__pair_N6_ego_attention__seed7,dgn_qmix,coord_grid,7,1934,48375,45.0,25,0.6170391666666667,4.076572785774867,23.31333287556966,284.17597459995886
dgn_complete__pair_N6_ego_attention__seed7,dgn_qmix,coord_grid,7,1935,48400,58.0,25,0.61684125,6.918702691793442,29.158368587493896,284.32802139996784
dgn_complete__pair_N6_ego_attention__seed7,dgn_qmix,coord_grid,7,1936,48425,61.5,25,0.6166433333333333,4.3736657585416525,30.74173218863351,284.5002046999871
dgn_complete__pair_N6_ego_attention__seed7,dgn_qmix,coord_grid,7,1937,48450,39.5,25,0.6164454166666666,5.053155432144801,27.68740971883138,284.6458937000134
dgn_complete__pair_N6_ego_attention__seed7,dgn_qmix,coord_grid,7,1938,48475,34.5,25,0.6162475000000001,3.6547200406591096,15.15400505065918,284.79102659999626
dgn_complete__pair_N6_ego_attention__seed7,dgn_qmix,coord_grid,7,1939,48500,52.0,25,0.6160495833333333,2.7061534076929092,22.612106959025066,284.95176470000297
dgn_complete__pair_N6_ego_attention__seed7,dgn_qmix,coord_grid,7,1940,48525,42.0,25,0.6158516666666667,3.1883370535714284,35.97858326775687,285.0894356999779
dgn_complete__pair_N6_ego_attention__seed7,dgn_qmix,coord_grid,7,1941,48550,52.0,25,0.61565375,4.583450883626938,26.81715981165568,285.22490319999633
dgn_complete__pair_N6_ego_attention__seed7,dgn_qmix,coord_grid,7,1942,48575,48.5,25,0.6154558333333333,5.078403780857722,35.62155294418335,285.3747180000064
dgn_complete__pair_N6_ego_attention__seed7,dgn_qmix,coord_grid,7,1943,48600,47.0,25,0.6152579166666667,5.214418888092041,61.69820753733317,285.54388369998196
dgn_complete__pair_N6_ego_attention__seed7,dgn_qmix,coord_grid,7,1944,48625,40.5,25,0.6150599999999999,2.5086242982319424,48.59655843462263,285.6914504999877
dgn_complete__pair_N6_ego_attention__seed7,dgn_qmix,coord_grid,7,1945,48650,35.0,25,0.6148620833333334,6.468515555063884,25.810725847880047,285.85779119998915
dgn_complete__pair_N6_ego_attention__seed7,dgn_qmix,coord_grid,7,1946,48675,39.5,25,0.6146641666666667,5.9270943601926165,29.66735251744588,286.0205879000132
dgn_complete__pair_N6_ego_attention__seed7,dgn_qmix,coord_grid,7,1947,48700,53.0,25,0.61446625,5.960506831606229,29.58213933308919,286.1868827000144
dgn_complete__pair_N6_ego_attention__seed7,dgn_qmix,coord_grid,7,1948,48725,42.0,25,0.6142683333333333,2.881297298840114,54.62700925554548,286.37570099998266
dgn_complete__pair_N6_ego_attention__seed7,dgn_qmix,coord_grid,7,1949,48750,56.5,25,0.6140704166666666,1.8258640120426815,46.63903840382894,286.5110498999711
dgn_complete__pair_N6_ego_attention__seed7,dgn_qmix,coord_grid,7,1950,48775,54.5,25,0.6138725,4.699489116668701,48.397539933522545,286.6744832000113
dgn_complete__pair_N6_ego_attention__seed7,dgn_qmix,coord_grid,7,1951,48800,61.0,25,0.6136745833333334,5.538962443669637,30.527707894643147,286.84683259995654
dgn_complete__pair_N6_ego_attention__seed7,dgn_qmix,coord_grid,7,1952,48825,50.0,25,0.6134766666666667,4.072113062654223,52.02851022992815,286.9958104999969
dgn_complete__pair_N6_ego_attention__seed7,dgn_qmix,coord_grid,7,1953,48850,55.0,25,0.61327875,2.3284214039643607,52.3855832417806,287.1555408000131
dgn_complete__pair_N6_ego_attention__seed7,dgn_qmix,coord_grid,7,1954,48875,54.5,25,0.6130808333333333,5.1484721104304,37.40765825907389,287.29804899997544
dgn_complete__pair_N6_ego_attention__seed7,dgn_qmix,coord_grid,7,1955,48900,50.5,25,0.6128829166666667,2.6725323299566903,26.552100499471027,287.4590389999794
dgn_complete__pair_N6_ego_attention__seed7,dgn_qmix,coord_grid,7,1956,48925,48.5,25,0.612685,1.955505064555577,20.311621120997838,287.6005373999942
dgn_complete__pair_N6_ego_attention__seed7,dgn_qmix,coord_grid,7,1957,48950,52.5,25,0.6124870833333333,2.6738306085268655,14.573145389556885,287.73950389999663
dgn_complete__pair_N6_ego_attention__seed7,dgn_qmix,coord_grid,7,1958,48975,62.0,25,0.6122891666666667,4.136628945668538,36.491146087646484,287.8885373999947
dgn_complete__pair_N6_ego_attention__seed7,dgn_qmix,coord_grid,7,1959,49000,44.0,25,0.61209125,5.120204488436381,50.38171195983887,288.02633510000305
dgn_complete__pair_N6_ego_attention__seed7,dgn_qmix,coord_grid,7,1960,49025,65.0,25,0.6118933333333334,4.72811712537493,71.5379774911063,288.1843563999864
dgn_complete__pair_N6_ego_attention__seed7,dgn_qmix,coord_grid,7,1961,49050,42.0,25,0.6116954166666666,3.050827999909719,84.73281033833821,288.33968729997287
dgn_complete__pair_N6_ego_attention__seed7,dgn_qmix,coord_grid,7,1962,49075,53.5,25,0.6114975,5.1499895850817365,46.17704248428345,288.4724168999819
dgn_complete__pair_N6_ego_attention__seed7,dgn_qmix,coord_grid,7,1963,49100,55.0,25,0.6112995833333333,3.729474276304245,44.772752126057945,288.5763763000141
dgn_complete__pair_N6_ego_attention__seed7,dgn_qmix,coord_grid,7,1964,49125,41.5,25,0.6111016666666667,2.386237693684442,22.835900919778005,288.72570929996436
dgn_complete__pair_N6_ego_attention__seed7,dgn_qmix,coord_grid,7,1965,49150,50.0,25,0.6109037500000001,3.705210273464521,33.58503977457682,288.87052539997967
dgn_complete__pair_N6_ego_attention__seed7,dgn_qmix,coord_grid,7,1966,49175,38.0,25,0.6107058333333333,3.3035612255334854,38.048683166503906,289.0214561999892
dgn_complete__pair_N6_ego_attention__seed7,dgn_qmix,coord_grid,7,1967,49200,38.5,25,0.6105079166666667,2.232743332783381,27.148833751678467,289.15027509996435
dgn_complete__pair_N6_ego_attention__seed7,dgn_qmix,coord_grid,7,1968,49225,44.0,25,0.61031,3.705412949834551,37.520709718976704,289.3177719999803
dgn_complete__pair_N6_ego_attention__seed7,dgn_qmix,coord_grid,7,1969,49250,45.5,25,0.6101120833333333,3.2214877853790918,25.248748143513996,289.45982170000207
dgn_complete__pair_N6_ego_attention__seed7,dgn_qmix,coord_grid,7,1970,49275,48.0,25,0.6099141666666666,3.885215977827708,54.39999612172445,289.6084861999843
dgn_complete__pair_N6_ego_attention__seed7,dgn_qmix,coord_grid,7,1971,49300,43.5,25,0.60971625,2.8070231775442758,43.5133253733317,289.7622829999891
dgn_complete__pair_N6_ego_attention__seed7,dgn_qmix,coord_grid,7,1972,49325,61.0,25,0.6095183333333334,5.727153824908393,33.50951712472098,289.90259249997325
dgn_complete__pair_N6_ego_attention__seed7,dgn_qmix,coord_grid,7,1973,49350,49.5,25,0.6093204166666667,6.19543840487798,64.8295971552531,290.0099031999707
dgn_complete__pair_N6_ego_attention__seed7,dgn_qmix,coord_grid,7,1974,49375,67.0,25,0.6091225,5.244367758433024,57.60792318979899,290.1978434000048
dgn_complete__pair_N6_ego_attention__seed7,dgn_qmix,coord_grid,7,1975,49400,64.0,25,0.6089245833333333,2.3750540614128113,48.96730820337931,290.35810109996237
dgn_complete__pair_N6_ego_attention__seed7,dgn_qmix,coord_grid,7,1976,49425,45.0,25,0.6087266666666666,5.210258688245501,15.408625738961357,290.4905907000066
dgn_complete__pair_N6_ego_attention__seed7,dgn_qmix,coord_grid,7,1977,49450,68.0,25,0.6085287500000001,3.7093401153882346,27.463890075683594,290.6045496999868
dgn_complete__pair_N6_ego_attention__seed7,dgn_qmix,coord_grid,7,1978,49475,46.5,25,0.6083308333333334,2.2675266365210214,23.82752513885498,290.761915399984
dgn_complete__pair_N6_ego_attention__seed7,dgn_qmix,coord_grid,7,1979,49500,36.5,25,0.6081329166666667,6.010070244471232,32.01577806472778,291.0098341999692
dgn_complete__pair_N6_ego_attention__seed7,dgn_qmix,coord_grid,7,1980,49525,48.5,25,0.607935,3.6514878485883986,27.38585921696254,291.16618679999374
dgn_complete__pair_N6_ego_attention__seed7,dgn_qmix,coord_grid,7,1981,49550,50.0,25,0.6077370833333333,3.6524212112029395,20.720922867457073,291.32723669998813
dgn_complete__pair_N6_ego_attention__seed7,dgn_qmix,coord_grid,7,1982,49575,50.0,25,0.6075391666666667,2.730985701084137,38.71104939778646,291.4319877999951
dgn_complete__pair_N6_ego_attention__seed7,dgn_qmix,coord_grid,7,1983,49600,60.5,25,0.6073412499999999,3.6516307244698205,35.127533276875816,291.5972963999957
dgn_complete__pair_N6_ego_attention__seed7,dgn_qmix,coord_grid,7,1984,49625,55.0,25,0.6071433333333334,2.4317887680871144,28.259875297546387,291.7737533999607
dgn_complete__pair_N6_ego_attention__seed7,dgn_qmix,coord_grid,7,1985,49650,63.5,25,0.6069454166666667,3.6482918361822763,18.003811359405518,291.9439143000054
dgn_complete__pair_N6_ego_attention__seed7,dgn_qmix,coord_grid,7,1986,49675,53.0,25,0.6067475,4.235845178365707,45.243685722351074,292.06514399999287
dgn_complete__pair_N6_ego_attention__seed7,dgn_qmix,coord_grid,7,1987,49700,58.0,25,0.6065495833333333,5.380047529935837,68.86077912648518,292.2236624999787
dgn_complete__pair_N6_ego_attention__seed7,dgn_qmix,coord_grid,7,1988,49725,49.5,25,0.6063516666666666,1.6828588332448686,43.709356852940154,292.37843889999203
dgn_complete__pair_N6_ego_attention__seed7,dgn_qmix,coord_grid,7,1989,49750,42.0,25,0.60615375,4.153388609488805,24.169457753499348,292.47979439998744
dgn_complete__pair_N6_ego_attention__seed7,dgn_qmix,coord_grid,7,1990,49775,68.5,25,0.6059558333333334,3.6979086150725684,27.147395133972168,292.65512909996323
dgn_complete__pair_N6_ego_attention__seed7,dgn_qmix,coord_grid,7,1991,49800,49.5,25,0.6057579166666667,3.234395811955134,28.935081481933594,292.81986889999826
dgn_complete__pair_N6_ego_attention__seed7,dgn_qmix,coord_grid,7,1992,49825,51.5,25,0.60556,4.3354247723306925,77.98068073817662,292.95959479996236
dgn_complete__pair_N6_ego_attention__seed7,dgn_qmix,coord_grid,7,1993,49850,48.5,25,0.6053620833333333,4.208023866017659,29.293196042378742,293.08667809999315
dgn_complete__pair_N6_ego_attention__seed7,dgn_qmix,coord_grid,7,1994,49875,51.0,25,0.6051641666666667,3.3286167780558267,24.494893391927082,293.2035360999871
dgn_complete__pair_N6_ego_attention__seed7,dgn_qmix,coord_grid,7,1995,49900,63.5,25,0.60496625,3.3515739142894745,45.80237992604574,293.33765579998726
dgn_complete__pair_N6_ego_attention__seed7,dgn_qmix,coord_grid,7,1996,49925,48.0,25,0.6047683333333334,5.00893217750958,39.056747572762625,293.50883609999437
dgn_complete__pair_N6_ego_attention__seed7,dgn_qmix,coord_grid,7,1997,49950,43.5,25,0.6045704166666667,2.816523308555285,43.97586886088053,293.6656272999826
dgn_complete__pair_N6_ego_attention__seed7,dgn_qmix,coord_grid,7,1998,49975,61.0,25,0.6043725,4.7381198306878405,34.91523504257202,293.8291231999756
dgn_complete__pair_N6_ego_attention__seed7,dgn_qmix,coord_grid,7,1999,50000,46.0,25,0.6041745833333334,3.7035905520121255,34.27056264877319,293.9484507999732
dgn_complete__pair_N6_ego_attention__seed7,dgn_qmix,coord_grid,7,2000,50025,63.5,25,0.6039766666666666,3.2623013300555095,34.88398715427944,294.085829299991
dgn_complete__pair_N6_ego_attention__seed7,dgn_qmix,coord_grid,7,2001,50050,65.0,25,0.60377875,2.385511035720507,63.44303607940674,294.2320742000011
dgn_complete__pair_N6_ego_attention__seed7,dgn_qmix,coord_grid,7,2002,50075,46.0,25,0.6035808333333333,1.830311397711436,51.65593020121256,294.36857029999373
dgn_complete__pair_N6_ego_attention__seed7,dgn_qmix,coord_grid,7,2003,50100,50.5,25,0.6033829166666667,4.21695764362812,31.751320203145344,294.4900784000056
dgn_complete__pair_N6_ego_attention__seed7,dgn_qmix,coord_grid,7,2004,50125,42.5,25,0.6031850000000001,2.8194944730826785,21.526313373020717,294.6755059999996
dgn_complete__pair_N6_ego_attention__seed7,dgn_qmix,coord_grid,7,2005,50150,43.0,25,0.6029870833333333,4.2984132419029875,46.35822296142578,294.7926996999886
dgn_complete__pair_N6_ego_attention__seed7,dgn_qmix,coord_grid,7,2006,50175,54.5,25,0.6027891666666667,1.9352171619733174,60.522355715433754,294.9792149999994
dgn_complete__pair_N6_ego_attention__seed7,dgn_qmix,coord_grid,7,2007,50200,40.5,25,0.60259125,5.0219506919384,78.46282386779785,295.10870709997835
dgn_complete__pair_N6_ego_attention__seed7,dgn_qmix,coord_grid,7,2008,50225,42.5,25,0.6023933333333333,4.1323466300964355,37.3398369380406,295.27365109999664
dgn_complete__pair_N6_ego_attention__seed7,dgn_qmix,coord_grid,7,2009,50250,49.5,25,0.6021954166666666,5.6706898510456085,27.526985963185627,295.4315476999618
dgn_complete__pair_N6_ego_attention__seed7,dgn_qmix,coord_grid,7,2010,50275,47.0,25,0.6019975,5.24507737159729,46.65080134073893,295.56127090001246
dgn_complete__pair_N6_ego_attention__seed7,dgn_qmix,coord_grid,7,2011,50300,50.5,25,0.6017995833333334,3.239876757065455,27.479308287302654,295.6813623000053
dgn_complete__pair_N6_ego_attention__seed7,dgn_qmix,coord_grid,7,2012,50325,47.5,25,0.6016016666666667,4.450466977698462,22.573919977460587,295.83923609997146
dgn_complete__pair_N6_ego_attention__seed7,dgn_qmix,coord_grid,7,2013,50350,51.5,25,0.60140375,3.7490187734365463,33.10224628448486,295.9943072999595
dgn_complete__pair_N6_ego_attention__seed7,dgn_qmix,coord_grid,7,2014,50375,63.0,25,0.6012058333333333,4.791478514671326,49.14762910207113,296.1322047999711
dgn_complete__pair_N6_ego_attention__seed7,dgn_qmix,coord_grid,7,2015,50400,42.5,25,0.6010079166666666,2.3428132086992264,39.56261698404948,296.30078339995816
dgn_complete__pair_N6_ego_attention__seed7,dgn_qmix,coord_grid,7,2016,50425,54.0,25,0.6008100000000001,2.926443317106792,51.77103642054966,296.46576389996335
dgn_complete__pair_N6_ego_attention__seed7,dgn_qmix,coord_grid,7,2017,50450,54.0,25,0.6006120833333334,7.6465156475702925,43.866209983825684,296.5830260000075
dgn_complete__pair_N6_ego_attention__seed7,dgn_qmix,coord_grid,7,2018,50475,54.5,25,0.6004141666666667,4.701256588101387,20.64580766359965,296.6929960999987
dgn_complete__pair_N6_ego_attention__seed7,dgn_qmix,coord_grid,7,2019,50500,62.5,25,0.60021625,3.2935596257448196,38.435399532318115,296.81504730001325
dgn_complete__pair_N6_ego_attention__seed7,dgn_qmix,coord_grid,7,2020,50525,43.0,25,0.6000183333333333,4.131881122078214,36.6290933064052,296.93364900001325
dgn_complete__pair_N6_ego_attention__seed7,dgn_qmix,coord_grid,7,2021,50550,59.0,25,0.5998204166666667,6.214420318603516,54.72577031453451,297.0529000000097
dgn_complete__pair_N6_ego_attention__seed7,dgn_qmix,coord_grid,7,2022,50575,52.0,25,0.5996225,3.4030566116174064,64.48668718338013,297.2190743999672
dgn_complete__pair_N6_ego_attention__seed7,dgn_qmix,coord_grid,7,2023,50600,50.5,25,0.5994245833333334,2.0507802764574685,71.8572432200114,297.35414710000623
dgn_complete__pair_N6_ego_attention__seed7,dgn_qmix,coord_grid,7,2024,50625,35.5,25,0.5992266666666667,5.374825579779489,73.93817547389439,297.53183379996335
dgn_complete__pair_N6_ego_attention__seed7,dgn_qmix,coord_grid,7,2025,50650,58.5,25,0.59902875,5.927150666713715,48.117380142211914,297.68862999998964
dgn_complete__pair_N6_ego_attention__seed7,dgn_qmix,coord_grid,7,2026,50675,53.5,25,0.5988308333333334,3.4608742694060006,55.948472340901695,297.7934543999727
dgn_complete__pair_N6_ego_attention__seed7,dgn_qmix,coord_grid,7,2027,50700,54.5,25,0.5986329166666666,4.361833602190018,46.35225168863932,297.9061847999692
dgn_complete__pair_N6_ego_attention__seed7,dgn_qmix,coord_grid,7,2028,50725,50.5,25,0.598435,0.761468883071627,29.043703624180385,298.0335463999654
dgn_complete__pair_N6_ego_attention__seed7,dgn_qmix,coord_grid,7,2029,50750,41.5,25,0.5982370833333334,2.8956284870704017,28.13159688313802,298.2279647999676
dgn_complete__pair_N6_ego_attention__seed7,dgn_qmix,coord_grid,7,2030,50775,49.5,25,0.5980391666666667,3.314358780781428,19.09816535313924,298.3713387000025
dgn_complete__pair_N6_ego_attention__seed7,dgn_qmix,coord_grid,7,2031,50800,61.5,25,0.59784125,3.4189028491576514,31.679166793823242,298.5528481999645
dgn_complete__pair_N6_ego_attention__seed7,dgn_qmix,coord_grid,7,2032,50825,52.5,25,0.5976433333333333,0.9360728647027697,49.87268475123814,298.69823699997505
dgn_complete__pair_N6_ego_attention__seed7,dgn_qmix,coord_grid,7,2033,50850,44.5,25,0.5974454166666667,5.7482530524333315,27.20059045155843,298.80826349998824
dgn_complete__pair_N6_ego_attention__seed7,dgn_qmix,coord_grid,7,2034,50875,40.0,25,0.5972475,5.773246765136719,30.445670922597248,298.946283199999
dgn_complete__pair_N6_ego_attention__seed7,dgn_qmix,coord_grid,7,2035,50900,36.0,25,0.5970495833333334,4.8273662477731705,35.68605422973633,299.0888500000001
dgn_complete__pair_N6_ego_attention__seed7,dgn_qmix,coord_grid,7,2036,50925,49.0,25,0.5968516666666667,3.8662936432021007,38.206630161830354,299.24394309998024
dgn_complete__pair_N6_ego_attention__seed7,dgn_qmix,coord_grid,7,2037,50950,59.5,25,0.59665375,6.462806065877278,54.54798698425293,299.38241809996543
dgn_complete__pair_N6_ego_attention__seed7,dgn_qmix,coord_grid,7,2038,50975,53.5,25,0.5964558333333334,4.469258546829224,64.39556709925334,299.60661119996803
dgn_complete__pair_N6_ego_attention__seed7,dgn_qmix,coord_grid,7,2039,51000,54.5,25,0.5962579166666667,3.5052512486775718,68.90612093607585,299.74089610000374
dgn_complete__pair_N6_ego_attention__seed7,dgn_qmix,coord_grid,7,2040,51025,35.0,25,0.59606,3.822626450232097,46.74135971069336,299.89964019996114
dgn_complete__pair_N6_ego_attention__seed7,dgn_qmix,coord_grid,7,2041,51050,44.5,25,0.5958620833333333,6.325768868128459,30.135363737742107,300.05590420000954
dgn_complete__pair_N6_ego_attention__seed7,dgn_qmix,coord_grid,7,2042,51075,47.5,25,0.5956641666666667,5.3480823040008545,47.8297913869222,300.2073994000093
dgn_complete__pair_N6_ego_attention__seed7,dgn_qmix,coord_grid,7,2043,51100,52.5,25,0.5954662500000001,3.509184017777443,65.54815244674683,300.335712399974
dgn_complete__pair_N6_ego_attention__seed7,dgn_qmix,coord_grid,7,2044,51125,59.5,25,0.5952683333333333,2.1261425529207503,45.54499026707241,300.4836098999949
dgn_complete__pair_N6_ego_attention__seed7,dgn_qmix,coord_grid,7,2045,51150,46.0,25,0.5950704166666667,4.88676854968071,58.52912584940592,300.5901709999889
dgn_complete__pair_N6_ego_attention__seed7,dgn_qmix,coord_grid,7,2046,51175,46.0,25,0.5948725,3.9848872323830924,59.98463694254557,300.7495697999839
dgn_complete__pair_N6_ego_attention__seed7,dgn_qmix,coord_grid,7,2047,51200,39.0,25,0.5946745833333333,4.393900026877721,45.25150203704834,300.85769699997036
dgn_complete__pair_N6_ego_attention__seed7,dgn_qmix,coord_grid,7,2048,51225,44.5,25,0.5944766666666667,3.894000598362514,70.20901870727539,301.0363725000061
dgn_complete__pair_N6_ego_attention__seed7,dgn_qmix,coord_grid,7,2049,51250,42.5,25,0.59427875,2.989828477303187,59.64856115976969,301.24712519999593
dgn_complete__pair_N6_ego_attention__seed7,dgn_qmix,coord_grid,7,2050,51275,50.0,25,0.5940808333333334,2.4424059788386026,60.24901421864828,301.4877609999967
dgn_complete__pair_N6_ego_attention__seed7,dgn_qmix,coord_grid,7,2051,51300,50.0,25,0.5938829166666667,4.341640452543895,32.02018356323242,301.64291870000307
dgn_complete__pair_N6_ego_attention__seed7,dgn_qmix,coord_grid,7,2052,51325,49.0,25,0.593685,3.010647680078234,40.080326897757395,301.7747957999818
dgn_complete__pair_N6_ego_attention__seed7,dgn_qmix,coord_grid,7,2053,51350,39.5,25,0.5934870833333333,3.9078664680322013,57.532668590545654,301.9429469999741
dgn_complete__pair_N6_ego_attention__seed7,dgn_qmix,coord_grid,7,2054,51375,46.0,25,0.5932891666666666,2.344979484875997,31.444361845652264,302.07013279997045
dgn_complete__pair_N6_ego_attention__seed7,dgn_qmix,coord_grid,7,2055,51400,37.5,25,0.5930912500000001,5.817564328511556,42.73548253377279,302.19836709997617
dgn_complete__pair_N6_ego_attention__seed7,dgn_qmix,coord_grid,7,2056,51425,62.5,25,0.5928933333333334,2.8512962886265347,80.22225407191685,302.32355779997306
dgn_complete__pair_N6_ego_attention__seed7,dgn_qmix,coord_grid,7,2057,51450,58.5,25,0.5926954166666667,4.3570663134257,31.632814168930054,302.4554330999963
dgn_complete__pair_N6_ego_attention__seed7,dgn_qmix,coord_grid,7,2058,51475,37.0,25,0.5924975,2.9484277268250785,31.98324982325236,302.61544819996925
dgn_complete__pair_N6_ego_attention__seed7,dgn_qmix,coord_grid,7,2059,51500,47.0,25,0.5922995833333333,3.9381587306658425,28.148784319559734,302.7475430999766
dgn_complete__pair_N6_ego_attention__seed7,dgn_qmix,coord_grid,7,2060,51525,50.5,25,0.5921016666666667,4.685007729700634,34.36613546098982,302.92472680000355
dgn_complete__pair_N6_ego_attention__seed7,dgn_qmix,coord_grid,7,2061,51550,62.5,25,0.59190375,5.906021103262901,50.030927975972496,303.1171965000103
dgn_complete__pair_N6_ego_attention__seed7,dgn_qmix,coord_grid,7,2062,51575,43.0,25,0.5917058333333334,3.097185790538788,70.9614216486613,303.28646029997617
dgn_complete__pair_N6_ego_attention__seed7,dgn_qmix,coord_grid,7,2063,51600,60.0,25,0.5915079166666667,3.423706755042076,41.90416653951009,303.4410934000043
dgn_complete__pair_N6_ego_attention__seed7,dgn_qmix,coord_grid,7,2064,51625,47.5,25,0.59131,4.237681035484586,44.31057929992676,303.59501940000337
dgn_complete__pair_N6_ego_attention__seed7,dgn_qmix,coord_grid,7,2065,51650,37.5,25,0.5911120833333334,4.90324021379153,54.7148863474528,303.7290981999831
dgn_complete__pair_N6_ego_attention__seed7,dgn_qmix,coord_grid,7,2066,51675,49.0,25,0.5909141666666666,2.8249902576208115,34.4017604192098,303.87321160000283
dgn_complete__pair_N6_ego_attention__seed7,dgn_qmix,coord_grid,7,2067,51700,51.0,25,0.59071625,3.380116418004036,33.697068214416504,303.992274899967
dgn_complete__pair_N6_ego_attention__seed7,dgn_qmix,coord_grid,7,2068,51725,48.5,25,0.5905183333333334,5.164650874478476,62.661273683820454,304.1689796000137
dgn_complete__pair_N6_ego_attention__seed7,dgn_qmix,coord_grid,7,2069,51750,53.0,25,0.5903204166666667,4.822486191987991,36.53451442718506,304.3065197999822
dgn_complete__pair_N6_ego_attention__seed7,dgn_qmix,coord_grid,7,2070,51775,45.5,25,0.5901225,3.3447423775990806,22.564671993255615,304.45129459997406
dgn_complete__pair_N6_ego_attention__seed7,dgn_qmix,coord_grid,7,2071,51800,58.0,25,0.5899245833333333,3.365195542573929,27.650654951731365,304.5760372999939
dgn_complete__pair_N6_ego_attention__seed7,dgn_qmix,coord_grid,7,2072,51825,48.0,25,0.5897266666666667,2.5619701147079468,27.245357785906112,304.76176439999836
dgn_complete__pair_N6_ego_attention__seed7,dgn_qmix,coord_grid,7,2073,51850,45.0,25,0.58952875,2.9552471141020455,56.81066163380941,304.96486299997196
dgn_complete__pair_N6_ego_attention__seed7,dgn_qmix,coord_grid,7,2074,51875,52.0,25,0.5893308333333334,1.6557082732518513,76.37383683522542,305.0989237999893
dgn_complete__pair_N6_ego_attention__seed7,dgn_qmix,coord_grid,7,2075,51900,43.5,25,0.5891329166666667,2.6391930083433786,77.96264394124348,305.2411632000003
dgn_complete__pair_N6_ego_attention__seed7,dgn_qmix,coord_grid,7,2076,51925,50.5,25,0.588935,3.5547390239579335,67.78609466552734,305.3471245999681
dgn_complete__pair_N6_ego_attention__seed7,dgn_qmix,coord_grid,7,2077,51950,44.0,25,0.5887370833333334,2.9021721382935843,43.701937993367515,305.4699890000047
dgn_complete__pair_N6_ego_attention__seed7,dgn_qmix,coord_grid,7,2078,51975,44.5,25,0.5885391666666667,5.062274833520253,77.27566941579182,305.6095487999846
dgn_complete__pair_N6_ego_attention__seed7,dgn_qmix,coord_grid,7,2079,52000,40.5,25,0.58834125,4.085509806871414,74.74758513768514,305.724942300003
dgn_complete__pair_N6_ego_attention__seed7,dgn_qmix,coord_grid,7,2080,52025,52.0,25,0.5881433333333334,6.105943611689976,69.9543901171003,305.86380920000374
dgn_complete__pair_N6_ego_attention__seed7,dgn_qmix,coord_grid,7,2081,52050,55.5,25,0.5879454166666667,4.482499867677689,49.85804748535156,306.0137478999677
dgn_complete__pair_N6_ego_attention__seed7,dgn_qmix,coord_grid,7,2082,52075,52.5,25,0.5877475000000001,4.821792448560397,35.87849505742391,306.15133490000153
dgn_complete__pair_N6_ego_attention__seed7,dgn_qmix,coord_grid,7,2083,52100,54.5,25,0.5875495833333333,5.870068669319153,25.6723370552063,306.27479619998485
dgn_complete__pair_N6_ego_attention__seed7,dgn_qmix,coord_grid,7,2084,52125,51.5,25,0.5873516666666667,2.5640286334923337,44.277957916259766,306.42848070000764
dgn_complete__pair_N6_ego_attention__seed7,dgn_qmix,coord_grid,7,2085,52150,40.0,25,0.58715375,1.4188292274872463,40.00874296824137,306.5587351999711
dgn_complete__pair_N6_ego_attention__seed7,dgn_qmix,coord_grid,7,2086,52175,58.0,25,0.5869558333333333,3.3647563556830087,25.904419898986816,306.68218979996163
dgn_complete__pair_N6_ego_attention__seed7,dgn_qmix,coord_grid,7,2087,52200,33.5,25,0.5867579166666668,4.824498578906059,23.71933635075887,306.8298217999982
dgn_complete__pair_N6_ego_attention__seed7,dgn_qmix,coord_grid,7,2088,52225,54.0,25,0.58656,3.6086614642824446,67.66217041015625,306.98535909998463
dgn_complete__pair_N6_ego_attention__seed7,dgn_qmix,coord_grid,7,2089,52250,48.5,25,0.5863620833333334,4.490992570916812,40.896539052327476,307.0970995000098
dgn_complete__pair_N6_ego_attention__seed7,dgn_qmix,coord_grid,7,2090,52275,53.5,25,0.5861641666666667,6.439511626958847,20.99582290649414,307.2581003999803
dgn_complete__pair_N6_ego_attention__seed7,dgn_qmix,coord_grid,7,2091,52300,47.5,25,0.58596625,3.946663022041321,21.349243481953938,307.3658003999735
dgn_complete__pair_N6_ego_attention__seed7,dgn_qmix,coord_grid,7,2092,52325,45.5,25,0.5857683333333333,3.3849859748567854,22.58362320491246,307.5132813999662
dgn_complete__pair_N6_ego_attention__seed7,dgn_qmix,coord_grid,7,2093,52350,46.0,25,0.5855704166666666,6.4124945551157,15.383658409118652,307.63643459999
dgn_complete__pair_N6_ego_attention__seed7,dgn_qmix,coord_grid,7,2094,52375,54.0,25,0.5853725000000001,5.997203866640727,39.686144510904946,307.75674230000004
dgn_complete__pair_N6_ego_attention__seed7,dgn_qmix,coord_grid,7,2095,52400,39.5,25,0.5851745833333334,4.055504143238068,54.726792653401695,307.8928945999942
dgn_complete__pair_N6_ego_attention__seed7,dgn_qmix,coord_grid,7,2096,52425,53.5,25,0.5849766666666667,7.383460930415562,52.36722905295236,308.07632649998413
dgn_complete__pair_N6_ego_attention__seed7,dgn_qmix,coord_grid,7,2097,52450,59.5,25,0.58477875,5.0149191816647845,62.573662757873535,308.2436199999647
dgn_complete__pair_N6_ego_attention__seed7,dgn_qmix,coord_grid,7,2098,52475,55.5,25,0.5845808333333333,5.576834996541341,60.90819581349691,308.39224710001145
dgn_complete__pair_N6_ego_attention__seed7,dgn_qmix,coord_grid,7,2099,52500,68.0,25,0.5843829166666668,4.445978884895642,37.99226681391398,308.5677119999891
dgn_complete__pair_N6_ego_attention__seed7,dgn_qmix,coord_grid,7,2100,52525,57.0,25,0.5841850000000001,3.010345301457814,40.315569332667756,308.69361299998127
dgn_complete__pair_N6_ego_attention__seed7,dgn_qmix,coord_grid,7,2101,52550,50.5,25,0.5839870833333334,5.391277184089025,23.917863368988037,308.80811079998966
dgn_complete__pair_N6_ego_attention__seed7,dgn_qmix,coord_grid,7,2102,52575,57.5,25,0.5837891666666667,3.501795490582784,47.24644645055135,308.95155229995726
dgn_complete__pair_N6_ego_attention__seed7,dgn_qmix,coord_grid,7,2103,52600,41.5,25,0.58359125,3.0414726436138153,73.65929412841797,309.1302457000129
dgn_complete__pair_N6_ego_attention__seed7,dgn_qmix,coord_grid,7,2104,52625,40.5,25,0.5833933333333334,3.028219393321446,60.78783416748047,309.2790029000025
dgn_complete__pair_N6_ego_attention__seed7,dgn_qmix,coord_grid,7,2105,52650,50.0,25,0.5831954166666666,3.37761398156484,23.199286142985027,309.4333929999848
dgn_complete__pair_N6_ego_attention__seed7,dgn_qmix,coord_grid,7,2106,52675,58.0,25,0.5829975000000001,4.36172587176164,20.971914609273274,309.5766352000064
dgn_complete__pair_N6_ego_attention__seed7,dgn_qmix,coord_grid,7,2107,52700,56.5,25,0.5827995833333334,4.898548444112142,31.087206681569416,309.76358869997784
dgn_complete__pair_N6_ego_attention__seed7,dgn_qmix,coord_grid,7,2108,52725,59.5,25,0.5826016666666667,4.764317946774619,44.5286351612636,309.93061260000104
dgn_complete__pair_N6_ego_attention__seed7,dgn_qmix,coord_grid,7,2109,52750,55.5,25,0.5824037500000001,3.0987789928913116,76.36271635691325,310.08063709997805
dgn_complete__pair_N6_ego_attention__seed7,dgn_qmix,coord_grid,7,2110,52775,43.0,25,0.5822058333333333,5.714380145072937,73.11254119873047,310.2245709999697
dgn_complete__pair_N6_ego_attention__seed7,dgn_qmix,coord_grid,7,2111,52800,55.0,25,0.5820079166666667,2.49666420618693,59.05139875411987,310.3321049999795
dgn_complete__pair_N6_ego_attention__seed7,dgn_qmix,coord_grid,7,2112,52825,53.0,25,0.58181,4.85483193397522,72.20512390136719,310.51594309997745
dgn_complete__pair_N6_ego_attention__seed7,dgn_qmix,coord_grid,7,2113,52850,34.5,25,0.5816120833333334,3.983946144580841,43.815165996551514,310.6606703000143
dgn_complete__pair_N6_ego_attention__seed7,dgn_qmix,coord_grid,7,2114,52875,49.5,25,0.5814141666666667,2.9670897821585336,50.214027404785156,310.78959559998475
dgn_complete__pair_N6_ego_attention__seed7,dgn_qmix,coord_grid,7,2115,52900,51.0,25,0.58121625,3.97211820880572,51.063864866892494,310.93867659999523
dgn_complete__pair_N6_ego_attention__seed7,dgn_qmix,coord_grid,7,2116,52925,48.0,25,0.5810183333333334,4.757052625928607,50.60060964311872,311.10649370000465
dgn_complete__pair_N6_ego_attention__seed7,dgn_qmix,coord_grid,7,2117,52950,66.5,25,0.5808204166666667,2.4915598432223,44.911760330200195,311.22933999996167
dgn_complete__pair_N6_ego_attention__seed7,dgn_qmix,coord_grid,7,2118,52975,51.0,25,0.5806225,2.462399438023567,41.45554733276367,311.37125919997925
dgn_complete__pair_N6_ego_attention__seed7,dgn_qmix,coord_grid,7,2119,53000,46.5,25,0.5804245833333334,3.4424207905928292,40.97541427612305,311.55103029997554
dgn_complete__pair_N6_ego_attention__seed7,dgn_qmix,coord_grid,7,2120,53025,43.5,25,0.5802266666666667,3.832198794398989,90.56089455740792,311.7126178999897
dgn_complete__pair_N6_ego_attention__seed7,dgn_qmix,coord_grid,7,2121,53050,48.5,25,0.5800287500000001,6.509806950887044,107.49162515004475,311.86796870001126
dgn_complete__pair_N6_ego_attention__seed7,dgn_qmix,coord_grid,7,2122,53075,44.0,25,0.5798308333333334,5.993325034777324,102.61479504903157,312.07217880000826
dgn_complete__pair_N6_ego_attention__seed7,dgn_qmix,coord_grid,7,2123,53100,46.5,25,0.5796329166666667,3.9699077010154724,50.415826161702476,312.20965739997337
dgn_complete__pair_N6_ego_attention__seed7,dgn_qmix,coord_grid,7,2124,53125,44.5,25,0.579435,5.286382228136063,46.444683756147114,312.33491509995656
dgn_complete__pair_N6_ego_attention__seed7,dgn_qmix,coord_grid,7,2125,53150,59.5,25,0.5792370833333333,2.923966566721598,40.55094544092814,312.4571261999663
dgn_complete__pair_N6_ego_attention__seed7,dgn_qmix,coord_grid,7,2126,53175,51.0,25,0.5790391666666668,4.026078204313914,36.26663144429525,312.59769719996257
dgn_complete__pair_N6_ego_attention__seed7,dgn_qmix,coord_grid,7,2127,53200,55.0,25,0.57884125,3.413183788458506,37.909390131632485,312.76376329996856
dgn_complete__pair_N6_ego_attention__seed7,dgn_qmix,coord_grid,7,2128,53225,49.0,25,0.5786433333333334,4.822656725134168,41.342048508780344,312.9522449999931
dgn_complete__pair_N6_ego_attention__seed7,dgn_qmix,coord_grid,7,2129,53250,39.0,25,0.5784454166666667,5.5196913580099745,33.92043368021647,313.0857023000135
dgn_complete__pair_N6_ego_attention__seed7,dgn_qmix,coord_grid,7,2130,53275,40.5,25,0.5782475,3.026520917812983,47.87967952092489,313.2364603999886
dgn_complete__pair_N6_ego_attention__seed7,dgn_qmix,coord_grid,7,2131,53300,47.0,25,0.5780495833333333,7.6246999104817705,66.09640471140544,313.38289149996126
dgn_complete__pair_N6_ego_attention__seed7,dgn_qmix,coord_grid,7,2132,53325,68.5,25,0.5778516666666667,3.5519343614578247,49.68507957458496,313.514416799997
dgn_complete__pair_N6_ego_attention__seed7,dgn_qmix,coord_grid,7,2133,53350,57.5,25,0.5776537500000001,4.982530275980632,34.32141526540121,313.6572859999724
dgn_complete__pair_N6_ego_attention__seed7,dgn_qmix,coord_grid,7,2134,53375,45.0,25,0.5774558333333334,4.998922248681386,39.95792690912882,313.85612939996645
dgn_complete__pair_N6_ego_attention__seed7,dgn_qmix,coord_grid,7,2135,53400,55.5,25,0.5772579166666667,4.458777278661728,46.303460121154785,313.9792814999819
dgn_complete__pair_N6_ego_attention__seed7,dgn_qmix,coord_grid,7,2136,53425,59.0,25,0.57706,5.165074310132435,38.9620885848999,314.12947220000206
dgn_complete__pair_N6_ego_attention__seed7,dgn_qmix,coord_grid,7,2137,53450,67.5,25,0.5768620833333333,4.137363185485204,74.01754506429036,314.265143800003
dgn_complete__pair_N6_ego_attention__seed7,dgn_qmix,coord_grid,7,2138,53475,45.5,25,0.5766641666666668,4.06695840259393,64.41493511199951,314.3979158999864
dgn_complete__pair_N6_ego_attention__seed7,dgn_qmix,coord_grid,7,2139,53500,53.0,25,0.57646625,5.089625189701716,52.74767796198527,314.51543619995937
dgn_complete__pair_N6_ego_attention__seed7,dgn_qmix,coord_grid,7,2140,53525,48.5,25,0.5762683333333334,4.561434111424854,79.10093198503766,314.69033469998976
dgn_complete__pair_N6_ego_attention__seed7,dgn_qmix,coord_grid,7,2141,53550,46.0,25,0.5760704166666667,3.9815655648708344,32.99303579330444,314.8307935000048
dgn_complete__pair_N6_ego_attention__seed7,dgn_qmix,coord_grid,7,2142,53575,51.5,25,0.5758725,5.049628396828969,51.93404642740885,314.9667888999684
dgn_complete__pair_N6_ego_attention__seed7,dgn_qmix,coord_grid,7,2143,53600,51.5,25,0.5756745833333334,5.705266202489535,75.04732036590576,315.1020129999961
dgn_complete__pair_N6_ego_attention__seed7,dgn_qmix,coord_grid,7,2144,53625,47.0,25,0.5754766666666666,3.507430945123945,48.52398068564279,315.2437442999799
dgn_complete__pair_N6_ego_attention__seed7,dgn_qmix,coord_grid,7,2145,53650,41.0,25,0.5752787500000001,4.882867713769277,26.210274696350098,315.3500653000083
dgn_complete__pair_N6_ego_attention__seed7,dgn_qmix,coord_grid,7,2146,53675,43.0,25,0.5750808333333334,5.484063585599263,36.16841570536295,315.53593899996486
dgn_complete__pair_N6_ego_attention__seed7,dgn_qmix,coord_grid,7,2147,53700,59.5,25,0.5748829166666667,4.486095368862152,20.60557969411214,315.6643648999743
dgn_complete__pair_N6_ego_attention__seed7,dgn_qmix,coord_grid,7,2148,53725,43.0,25,0.5746850000000001,5.984386954988752,24.714269501822336,315.80820659996243
dgn_complete__pair_N6_ego_attention__seed7,dgn_qmix,coord_grid,7,2149,53750,39.0,25,0.5744870833333333,3.9514104574918747,19.9476482073466,315.9485768000013
dgn_complete__pair_N6_ego_attention__seed7,dgn_qmix,coord_grid,7,2150,53775,52.5,25,0.5742891666666667,3.9864433159430823,38.53276697794596,316.07261430000653
dgn_complete__pair_N6_ego_attention__seed7,dgn_qmix,coord_grid,7,2151,53800,57.0,25,0.57409125,6.444666028022766,24.83901309967041,316.23458829999436
dgn_complete__pair_N6_ego_attention__seed7,dgn_qmix,coord_grid,7,2152,53825,46.0,25,0.5738933333333334,6.669564247131348,72.79921736036029,316.39116459997604
dgn_complete__pair_N6_ego_attention__seed7,dgn_qmix,coord_grid,7,2153,53850,59.0,25,0.5736954166666667,6.504972606897354,32.79484621683756,316.56716159998905
dgn_complete__pair_N6_ego_attention__seed7,dgn_qmix,coord_grid,7,2154,53875,47.5,25,0.5734975,3.4488692531983056,34.099483489990234,316.7222253999789
dgn_complete__pair_N6_ego_attention__seed7,dgn_qmix,coord_grid,7,2155,53900,48.0,25,0.5732995833333334,2.4189813236395517,26.690547307332356,316.85874749999493
dgn_complete__pair_N6_ego_attention__seed7,dgn_qmix,coord_grid,7,2156,53925,46.0,25,0.5731016666666666,5.555789300373623,22.94815172467913,317.02255409996724
dgn_complete__pair_N6_ego_attention__seed7,dgn_qmix,coord_grid,7,2157,53950,42.5,25,0.57290375,3.4348048816124597,33.57963625590006,317.1286585999769
dgn_complete__pair_N6_ego_attention__seed7,dgn_qmix,coord_grid,7,2158,53975,46.5,25,0.5727058333333334,2.858808254202207,20.473893483479817,317.235124800005
dgn_complete__pair_N6_ego_attention__seed7,dgn_qmix,coord_grid,7,2159,54000,55.5,25,0.5725079166666667,5.089052120844523,52.29100704193115,317.3544946999755
dgn_complete__pair_N6_ego_attention__seed7,dgn_qmix,coord_grid,7,2160,54025,51.0,25,0.5723100000000001,2.6574625160012926,52.96285547528948,317.49706129997503
dgn_complete__pair_N6_ego_attention__seed7,dgn_qmix,coord_grid,7,2161,54050,60.0,25,0.5721120833333333,3.496743102868398,45.18019040425619,317.6119958999916
dgn_complete__pair_N6_ego_attention__seed7,dgn_qmix,coord_grid,7,2162,54075,55.0,25,0.5719141666666667,3.9134748255213103,33.36736218134562,317.7447822999675
dgn_complete__pair_N6_ego_attention__seed7,dgn_qmix,coord_grid,7,2163,54100,49.5,25,0.57171625,6.519859999418259,57.555253982543945,317.87450749997515
dgn_complete__pair_N6_ego_attention__seed7,dgn_qmix,coord_grid,7,2164,54125,50.0,25,0.5715183333333334,3.436458021402359,38.17250033787319,318.0524225999834
dgn_complete__pair_N6_ego_attention__seed7,dgn_qmix,coord_grid,7,2165,54150,44.0,25,0.5713204166666668,5.54972576101621,50.03760687510172,318.1835809999611
dgn_complete__pair_N6_ego_attention__seed7,dgn_qmix,coord_grid,7,2166,54175,55.5,25,0.5711225,3.4432934323946633,22.414182662963867,318.4027250999934
dgn_complete__pair_N6_ego_attention__seed7,dgn_qmix,coord_grid,7,2167,54200,51.0,25,0.5709245833333334,3.452279602487882,37.96168867746989,318.5142829999677
dgn_complete__pair_N6_ego_attention__seed7,dgn_qmix,coord_grid,7,2168,54225,56.0,25,0.5707266666666666,3.4528378631387437,19.24990436008998,318.74600459996145
dgn_complete__pair_N6_ego_attention__seed7,dgn_qmix,coord_grid,7,2169,54250,40.0,25,0.57052875,3.4034191220998764,26.23471212387085,318.9268676000065
dgn_complete__pair_N6_ego_attention__seed7,dgn_qmix,coord_grid,7,2170,54275,45.0,25,0.5703308333333335,3.442286411921183,27.447416226069134,319.0694936999935
dgn_complete__pair_N6_ego_attention__seed7,dgn_qmix,coord_grid,7,2171,54300,45.0,25,0.5701329166666667,3.380626678466797,21.738014380137127,319.26178949995665
dgn_complete__pair_N6_ego_attention__seed7,dgn_qmix,coord_grid,7,2172,54325,48.5,25,0.5699350000000001,4.777306624821255,34.34042549133301,319.4242492999765
dgn_complete__pair_N6_ego_attention__seed7,dgn_qmix,coord_grid,7,2173,54350,39.0,25,0.5697370833333333,4.574793145060539,55.66965579986572,319.5446936999797
dgn_complete__pair_N6_ego_attention__seed7,dgn_qmix,coord_grid,7,2174,54375,49.5,25,0.5695391666666667,4.293162922064464,86.29338296254475,319.67268289998174
dgn_complete__pair_N6_ego_attention__seed7,dgn_qmix,coord_grid,7,2175,54400,48.0,25,0.56934125,3.690931424498558,72.88421249389648,319.7764547999832
dgn_complete__pair_N6_ego_attention__seed7,dgn_qmix,coord_grid,7,2176,54425,54.5,25,0.5691433333333333,7.892143828528268,44.120471136910574,319.89864149998175
dgn_complete__pair_N6_ego_attention__seed7,dgn_qmix,coord_grid,7,2177,54450,43.5,25,0.5689454166666668,4.543904314438502,34.65749533971151,320.0005419999943
dgn_complete__pair_N6_ego_attention__seed7,dgn_qmix,coord_grid,7,2178,54475,48.0,25,0.5687475,6.029476583003998,33.197791735331215,320.1378185999929
dgn_complete__pair_N6_ego_attention__seed7,dgn_qmix,coord_grid,7,2179,54500,58.5,25,0.5685495833333334,4.006096055110295,26.076970259348553,320.2831174999592
dgn_complete__pair_N6_ego_attention__seed7,dgn_qmix,coord_grid,7,2180,54525,53.5,25,0.5683516666666667,5.629922028098788,29.168668338230678,320.44427149998955
dgn_complete__pair_N6_ego_attention__seed7,dgn_qmix,coord_grid,7,2181,54550,38.5,25,0.56815375,5.025592342019081,38.969005266825356,320.5741754999617
dgn_complete__pair_N6_ego_attention__seed7,dgn_qmix,coord_grid,7,2182,54575,47.0,25,0.5679558333333334,6.487607638041179,21.748125394185383,320.66666079999413
dgn_complete__pair_N6_ego_attention__seed7,dgn_qmix,coord_grid,7,2183,54600,49.0,25,0.5677579166666666,6.961857159932454,25.380886872609455,320.7627688999637
dgn_complete__pair_N6_ego_attention__seed7,dgn_qmix,coord_grid,7,2184,54625,46.0,25,0.5675600000000001,3.030892934117998,98.25166375296456,320.8786273999722
dgn_complete__pair_N6_ego_attention__seed7,dgn_qmix,coord_grid,7,2185,54650,60.0,25,0.5673620833333333,3.408471867442131,87.37047513326009,321.01888379995944
dgn_complete__pair_N6_ego_attention__seed7,dgn_qmix,coord_grid,7,2186,54675,64.0,25,0.5671641666666667,4.548446250458558,55.747172832489014,321.1904100999818
dgn_complete__pair_N6_ego_attention__seed7,dgn_qmix,coord_grid,7,2187,54700,61.5,25,0.5669662500000001,5.025157531102498,38.433057149251304,321.29490129998885
dgn_complete__pair_N6_ego_attention__seed7,dgn_qmix,coord_grid,7,2188,54725,58.0,25,0.5667683333333333,2.5699576267174313,31.41677134377616,321.4585977999959
dgn_complete__pair_N6_ego_attention__seed7,dgn_qmix,coord_grid,7,2189,54750,54.0,25,0.5665704166666667,5.035628835360209,25.89868100484212,321.599873500003
dgn_complete__pair_N6_ego_attention__seed7,dgn_qmix,coord_grid,7,2190,54775,54.5,25,0.5663725,6.623908032973607,34.88031768798828,321.73793359997217
dgn_complete__pair_N6_ego_attention__seed7,dgn_qmix,coord_grid,7,2191,54800,57.5,25,0.5661745833333334,5.085309108098348,37.99543857574463,321.8968904999783
dgn_complete__pair_N6_ego_attention__seed7,dgn_qmix,coord_grid,7,2192,54825,49.0,25,0.5659766666666667,5.848202671323504,62.1251335144043,322.06182359997183
dgn_complete__pair_N6_ego_attention__seed7,dgn_qmix,coord_grid,7,2193,54850,45.0,25,0.56577875,4.708627750476201,64.80176480611165,322.2270863999729
dgn_complete__pair_N6_ego_attention__seed7,dgn_qmix,coord_grid,7,2194,54875,54.0,25,0.5655808333333334,7.179430777827899,58.937214851379395,322.34897230000934
dgn_complete__pair_N6_ego_attention__seed7,dgn_qmix,coord_grid,7,2195,54900,46.5,25,0.5653829166666666,2.4650565485159555,60.0474157333374,322.46853229997214
dgn_complete__pair_N6_ego_attention__seed7,dgn_qmix,coord_grid,7,2196,54925,62.5,25,0.565185,4.849588619811194,59.99841799054827,322.66665789997205
dgn_complete__pair_N6_ego_attention__seed7,dgn_qmix,coord_grid,7,2197,54950,47.0,25,0.5649870833333334,5.434153656164805,90.10234864552815,322.8596047000028
dgn_complete__pair_N6_ego_attention__seed7,dgn_qmix,coord_grid,7,2198,54975,48.5,25,0.5647891666666667,4.692760835091273,68.82852967580159,323.007006299973
dgn_complete__pair_N6_ego_attention__seed7,dgn_qmix,coord_grid,7,2199,55000,50.5,25,0.5645912500000001,5.575779636700948,35.582968870798744,323.17352969996864
dgn_complete__pair_N6_ego_attention__seed7,dgn_qmix,coord_grid,7,2200,55025,45.0,25,0.5643933333333333,3.5247514716216495,34.134227343967986,323.3433784999652
dgn_complete__pair_N6_ego_attention__seed7,dgn_qmix,coord_grid,7,2201,55050,37.5,25,0.5641954166666667,5.0146578550338745,21.85989586512248,323.485168299987
dgn_complete__pair_N6_ego_attention__seed7,dgn_qmix,coord_grid,7,2202,55075,53.0,25,0.5639974999999999,6.082691152890523,32.80643240610758,323.6247715000063
dgn_complete__pair_N6_ego_attention__seed7,dgn_qmix,coord_grid,7,2203,55100,49.0,25,0.5637995833333334,5.215736170609792,57.38244342803955,323.78209409996634
dgn_complete__pair_N6_ego_attention__seed7,dgn_qmix,coord_grid,7,2204,55125,49.5,25,0.5636016666666668,5.430973844868796,65.63414178575788,323.9212006999878
dgn_complete__pair_N6_ego_attention__seed7,dgn_qmix,coord_grid,7,2205,55150,50.0,25,0.56340375,4.418370544910431,95.08665593465169,324.0551725999685
dgn_complete__pair_N6_ego_attention__seed7,dgn_qmix,coord_grid,7,2206,55175,47.5,25,0.5632058333333334,6.030913750330607,99.21144262949626,324.1779107999755
dgn_complete__pair_N6_ego_attention__seed7,dgn_qmix,coord_grid,7,2207,55200,50.0,25,0.5630079166666666,3.2902433276176453,94.58820915222168,324.3134880999569
dgn_complete__pair_N6_ego_attention__seed7,dgn_qmix,coord_grid,7,2208,55225,48.5,25,0.56281,4.2887861132621765,81.62417452675956,324.4863384999917
dgn_complete__pair_N6_ego_attention__seed7,dgn_qmix,coord_grid,7,2209,55250,52.5,25,0.5626120833333335,5.636972626050313,68.04416847229004,324.6261734999716
dgn_complete__pair_N6_ego_attention__seed7,dgn_qmix,coord_grid,7,2210,55275,48.5,25,0.5624141666666667,3.621727873881658,56.77933979034424,324.74236169998767
dgn_complete__pair_N6_ego_attention__seed7,dgn_qmix,coord_grid,7,2211,55300,48.5,25,0.5622162500000001,6.251145601272583,72.75939337412517,324.9027680999716
dgn_complete__pair_N6_ego_attention__seed7,dgn_qmix,coord_grid,7,2212,55325,44.5,25,0.5620183333333333,4.379865740026746,38.10815184456961,325.0424070999725
dgn_complete__pair_N6_ego_attention__seed7,dgn_qmix,coord_grid,7,2213,55350,39.5,25,0.5618204166666667,4.479840934276581,39.33486080169678,325.2109558999655
dgn_complete__pair_N6_ego_attention__seed7,dgn_qmix,coord_grid,7,2214,55375,43.5,25,0.5616224999999999,3.5062077790498734,24.514206329981487,325.37704329995904
dgn_complete__pair_N6_ego_attention__seed7,dgn_qmix,coord_grid,7,2215,55400,41.0,25,0.5614245833333333,2.96756678322951,41.90876770019531,325.52980049996404
dgn_complete__pair_N6_ego_attention__seed7,dgn_qmix,coord_grid,7,2216,55425,40.5,25,0.5612266666666668,6.137033973421369,88.0990344456264,325.7225609999732
dgn_complete__pair_N6_ego_attention__seed7,dgn_qmix,coord_grid,7,2217,55450,50.0,25,0.56102875,7.643397092819214,42.56602160135905,325.8447925999644
dgn_complete__pair_N6_ego_attention__seed7,dgn_qmix,coord_grid,7,2218,55475,59.0,25,0.5608308333333334,2.9280968060096106,20.42359145482381,325.9852207999793
dgn_complete__pair_N6_ego_attention__seed7,dgn_qmix,coord_grid,7,2219,55500,55.5,25,0.5606329166666666,5.055855631828308,47.81222724914551,326.14597069995943
dgn_complete__pair_N6_ego_attention__seed7,dgn_qmix,coord_grid,7,2220,55525,55.5,25,0.560435,4.853087455034256,43.020112718854634,326.35816010000417
dgn_complete__pair_N6_ego_attention__seed7,dgn_qmix,coord_grid,7,2221,55550,56.0,25,0.5602370833333334,3.133050928513209,57.84823799133301,326.4806388000143
dgn_complete__pair_N6_ego_attention__seed7,dgn_qmix,coord_grid,7,2222,55575,58.0,25,0.5600391666666666,3.5964322835206985,66.16231028238933,326.6389339999878
dgn_complete__pair_N6_ego_attention__seed7,dgn_qmix,coord_grid,7,2223,55600,61.0,25,0.5598412500000001,5.6832787444194155,63.38764317830404,326.7885367000126
dgn_complete__pair_N6_ego_attention__seed7,dgn_qmix,coord_grid,7,2224,55625,53.5,25,0.5596433333333333,3.4423841493470326,28.85202693939209,326.9409394999966
dgn_complete__pair_N6_ego_attention__seed7,dgn_qmix,coord_grid,7,2225,55650,50.0,25,0.5594454166666667,4.031540130575498,33.4836098353068,327.07138659997145
dgn_complete__pair_N6_ego_attention__seed7,dgn_qmix,coord_grid,7,2226,55675,61.0,25,0.5592475000000001,2.4756134897470474,36.915042559305824,327.1920121999574
dgn_complete__pair_N6_ego_attention__seed7,dgn_qmix,coord_grid,7,2227,55700,41.5,25,0.5590495833333333,7.6758255660533905,56.41686757405599,327.36050269997213
dgn_complete__pair_N6_ego_attention__seed7,dgn_qmix,coord_grid,7,2228,55725,52.0,25,0.5588516666666667,4.454757762806756,44.394287381853374,327.51466059999075
dgn_complete__pair_N6_ego_attention__seed7,dgn_qmix,coord_grid,7,2229,55750,48.5,25,0.55865375,5.646609783172607,37.08232498168945,327.6542989999871
dgn_complete__pair_N6_ego_attention__seed7,dgn_qmix,coord_grid,7,2230,55775,55.5,25,0.5584558333333334,6.0731494426727295,38.33202314376831,327.80667540000286
dgn_complete__pair_N6_ego_attention__seed7,dgn_qmix,coord_grid,7,2231,55800,49.5,25,0.5582579166666667,3.5119395007689795,32.20588366190592,327.9624693999649
dgn_complete__pair_N6_ego_attention__seed7,dgn_qmix,coord_grid,7,2232,55825,52.5,25,0.55806,8.045807429722377,40.003228187561035,328.12567280000076
dgn_complete__pair_N6_ego_attention__seed7,dgn_qmix,coord_grid,7,2233,55850,60.5,25,0.5578620833333334,8.684376786152521,46.0288470586141,328.21386429999257
dgn_complete__pair_N6_ego_attention__seed7,dgn_qmix,coord_grid,7,2234,55875,52.0,25,0.5576641666666666,5.523887490232785,27.904998461405437,328.33972250000807
dgn_complete__pair_N6_ego_attention__seed7,dgn_qmix,coord_grid,7,2235,55900,52.5,25,0.55746625,2.94945394496123,33.562803745269775,328.44621219998226
dgn_complete__pair_N6_ego_attention__seed7,dgn_qmix,coord_grid,7,2236,55925,46.0,25,0.5572683333333333,3.4639274903706143,28.025103160313197,328.62414369999897
dgn_complete__pair_N6_ego_attention__seed7,dgn_qmix,coord_grid,7,2237,55950,46.5,25,0.5570704166666667,2.9450458784898124,28.394963264465332,328.7720662999782
dgn_complete__pair_N6_ego_attention__seed7,dgn_qmix,coord_grid,7,2238,55975,70.5,25,0.5568725000000001,4.037688756982486,39.68077691396078,328.95194449997507
dgn_complete__pair_N6_ego_attention__seed7,dgn_qmix,coord_grid,7,2239,56000,40.5,25,0.5566745833333333,3.62639353175958,56.91657956441244,329.0961633999832
dgn_complete__pair_N6_ego_attention__seed7,dgn_qmix,coord_grid,7,2240,56025,52.5,25,0.5564766666666667,4.84737753868103,41.864560672215056,329.26851979998173
dgn_complete__pair_N6_ego_attention__seed7,dgn_qmix,coord_grid,7,2241,56050,53.0,25,0.5562787499999999,5.068806489308675,31.683387120564777,329.4046644999762
dgn_complete__pair_N6_ego_attention__seed7,dgn_qmix,coord_grid,7,2242,56075,42.0,25,0.5560808333333334,5.003544822335243,32.4472910563151,329.547233099991
dgn_complete__pair_N6_ego_attention__seed7,dgn_qmix,coord_grid,7,2243,56100,58.0,25,0.5558829166666667,3.5475172897179923,24.806556701660156,329.6996780000045
dgn_complete__pair_N6_ego_attention__seed7,dgn_qmix,coord_grid,7,2244,56125,52.0,25,0.555685,3.9242885197911943,19.88674817766462,329.8832501999568
dgn_complete__pair_N6_ego_attention__seed7,dgn_qmix,coord_grid,7,2245,56150,47.0,25,0.5554870833333334,3.9523785213629403,18.365594069163006,330.03078569995705
dgn_complete__pair_N6_ego_attention__seed7,dgn_qmix,coord_grid,7,2246,56175,42.0,25,0.5552891666666666,2.8901865830024085,23.005616664886475,330.1453454999719
dgn_complete__pair_N6_ego_attention__seed7,dgn_qmix,coord_grid,7,2247,56200,57.0,25,0.55509125,4.995645840962728,22.522274494171143,330.28229619999183
dgn_complete__pair_N6_ego_attention__seed7,dgn_qmix,coord_grid,7,2248,56225,51.0,25,0.5548933333333333,5.677316844463348,78.86124992370605,330.41009510000004
dgn_complete__pair_N6_ego_attention__seed7,dgn_qmix,coord_grid,7,2249,56250,45.5,25,0.5546954166666667,1.639678344130516,70.69305181503296,330.5680793999927
dgn_complete__pair_N6_ego_attention__seed7,dgn_qmix,coord_grid,7,2250,56275,44.0,25,0.5544975000000001,5.229071935017903,33.01690657933553,330.68143319996307
dgn_complete__pair_N6_ego_attention__seed7,dgn_qmix,coord_grid,7,2251,56300,49.5,25,0.5542995833333333,5.0742717534303665,23.219905376434326,330.82705610000994
dgn_complete__pair_N6_ego_attention__seed7,dgn_qmix,coord_grid,7,2252,56325,46.0,25,0.5541016666666667,1.7215528445584434,30.446542058672225,330.9671757000033
dgn_complete__pair_N6_ego_attention__seed7,dgn_qmix,coord_grid,7,2253,56350,52.0,25,0.55390375,5.172253464659055,40.2830605506897,331.1113125999691
dgn_complete__pair_N6_ego_attention__seed7,dgn_qmix,coord_grid,7,2254,56375,50.0,25,0.5537058333333333,1.5176186263561249,54.49560356140137,331.22228409996023
dgn_complete__pair_N6_ego_attention__seed7,dgn_qmix,coord_grid,7,2255,56400,35.0,25,0.5535079166666668,3.6266525040070214,45.91301409403483,331.4069378999993
dgn_complete__pair_N6_ego_attention__seed7,dgn_qmix,coord_grid,7,2256,56425,34.0,25,0.55331,4.006693648440497,33.829330580575125,331.5557857999811
dgn_complete__pair_N6_ego_attention__seed7,dgn_qmix,coord_grid,7,2257,56450,56.5,25,0.5531120833333334,2.5085889200369516,56.83291562398275,331.6773949000053
dgn_complete__pair_N6_ego_attention__seed7,dgn_qmix,coord_grid,7,2258,56475,45.0,25,0.5529141666666666,3.065206711490949,50.79913139343262,331.83841859997483
dgn_complete__pair_N6_ego_attention__seed7,dgn_qmix,coord_grid,7,2259,56500,44.5,25,0.55271625,6.228067080179851,51.572696685791016,331.95115229999647
dgn_complete__pair_N6_ego_attention__seed7,dgn_qmix,coord_grid,7,2260,56525,65.5,25,0.5525183333333333,4.642723083496094,76.37352452959333,332.13118909997866
dgn_complete__pair_N6_ego_attention__seed7,dgn_qmix,coord_grid,7,2261,56550,47.0,25,0.5523204166666666,5.428935766220093,90.35202217102051,332.2465100999689
dgn_complete__pair_N6_ego_attention__seed7,dgn_qmix,coord_grid,7,2262,56575,48.0,25,0.5521225000000001,4.6764781177043915,64.6676648457845,332.39864440000383
dgn_complete__pair_N6_ego_attention__seed7,dgn_qmix,coord_grid,7,2263,56600,44.5,25,0.5519245833333333,5.107927178343137,26.32395029067993,332.50468770001316
dgn_complete__pair_N6_ego_attention__seed7,dgn_qmix,coord_grid,7,2264,56625,45.5,25,0.5517266666666667,4.881663739681244,37.01340866088867,332.7088120999979
dgn_complete__pair_N6_ego_attention__seed7,dgn_qmix,coord_grid,7,2265,56650,47.5,25,0.55152875,2.4602531964580217,24.393482208251953,332.8501769999857
dgn_complete__pair_N6_ego_attention__seed7,dgn_qmix,coord_grid,7,2266,56675,44.0,25,0.5513308333333333,4.064095765352249,33.7053337097168,332.94886599999154
dgn_complete__pair_N6_ego_attention__seed7,dgn_qmix,coord_grid,7,2267,56700,46.5,25,0.5511329166666668,5.065115213394165,35.49095376332601,333.1433992999955
dgn_complete__pair_N6_ego_attention__seed7,dgn_qmix,coord_grid,7,2268,56725,51.0,25,0.550935,2.161438516208104,34.42702565874372,333.25150069996016
dgn_complete__pair_N6_ego_attention__seed7,dgn_qmix,coord_grid,7,2269,56750,67.0,25,0.5507370833333334,5.149354894955953,39.94680658976237,333.39072159997886
dgn_complete__pair_N6_ego_attention__seed7,dgn_qmix,coord_grid,7,2270,56775,54.5,25,0.5505391666666667,4.643676266074181,46.44383192062378,333.56994680000935
dgn_complete__pair_N6_ego_attention__seed7,dgn_qmix,coord_grid,7,2271,56800,56.5,25,0.55034125,3.1301718006531396,53.780306816101074,333.71589589997893
dgn_complete__pair_N6_ego_attention__seed7,dgn_qmix,coord_grid,7,2272,56825,58.5,25,0.5501433333333334,3.56569374033383,34.59845052446638,333.8386876999866
dgn_complete__pair_N6_ego_attention__seed7,dgn_qmix,coord_grid,7,2273,56850,48.0,25,0.5499454166666666,3.511550210416317,37.217981497446694,333.9665773999877
dgn_complete__pair_N6_ego_attention__seed7,dgn_qmix,coord_grid,7,2274,56875,44.0,25,0.5497475000000001,3.543705771366755,20.393601894378662,334.10719459998654
dgn_complete__pair_N6_ego_attention__seed7,dgn_qmix,coord_grid,7,2275,56900,57.5,25,0.5495495833333333,5.1284403800964355,30.063632011413574,334.19589969998924
dgn_complete__pair_N6_ego_attention__seed7,dgn_qmix,coord_grid,7,2276,56925,57.0,25,0.5493516666666667,3.5347911630358015,34.13671520778111,334.32283129997086
dgn_complete__pair_N6_ego_attention__seed7,dgn_qmix,coord_grid,7,2277,56950,54.0,25,0.54915375,5.822740356127421,68.45841153462727,334.44989310001256
dgn_complete__pair_N6_ego_attention__seed7,dgn_qmix,coord_grid,7,2278,56975,48.5,25,0.5489558333333333,3.7145758072535195,69.51560274759929,334.5816536999773
dgn_complete__pair_N6_ego_attention__seed7,dgn_qmix,coord_grid,7,2279,57000,40.5,25,0.5487579166666667,7.365995327631633,64.55569203694661,334.70142170001054
dgn_complete__pair_N6_ego_attention__seed7,dgn_qmix,coord_grid,7,2280,57025,46.0,25,0.5485599999999999,6.303312880652292,99.2725396837507,334.8767342999927
dgn_complete__pair_N6_ego_attention__seed7,dgn_qmix,coord_grid,7,2281,57050,42.0,25,0.5483620833333334,4.404119650522868,88.43051147460938,335.02204849995906
dgn_complete__pair_N6_ego_attention__seed7,dgn_qmix,coord_grid,7,2282,57075,53.5,25,0.5481641666666667,4.695641666650772,50.40219942728678,335.19028169999365
dgn_complete__pair_N6_ego_attention__seed7,dgn_qmix,coord_grid,7,2283,57100,45.0,25,0.54796625,7.810306986172994,32.68225876490275,335.33950080000795
dgn_complete__pair_N6_ego_attention__seed7,dgn_qmix,coord_grid,7,2284,57125,44.0,25,0.5477683333333334,4.5422729934964865,50.39573587690081,335.52441869996255
dgn_complete__pair_N6_ego_attention__seed7,dgn_qmix,coord_grid,7,2285,57150,46.5,25,0.5475704166666666,6.210231656829516,28.290570735931396,335.7124608999584
dgn_complete__pair_N6_ego_attention__seed7,dgn_qmix,coord_grid,7,2286,57175,59.0,25,0.5473725,2.435099591811498,24.992449124654133,335.83021300000837
dgn_complete__pair_N6_ego_attention__seed7,dgn_qmix,coord_grid,7,2287,57200,48.5,25,0.5471745833333334,1.974284678697586,25.569810072580974,336.0050099999644
dgn_complete__pair_N6_ego_attention__seed7,dgn_qmix,coord_grid,7,2288,57225,77.0,25,0.5469766666666667,4.497833320072719,39.56598881312779,336.1544470000081
dgn_complete__pair_N6_ego_attention__seed7,dgn_qmix,coord_grid,7,2289,57250,66.5,25,0.54677875,3.010297179222107,20.446108023325603,336.2899015999865
dgn_complete__pair_N6_ego_attention__seed7,dgn_qmix,coord_grid,7,2290,57275,56.0,25,0.5465808333333333,4.114554221431415,50.271194775899254,336.4514368000091
dgn_complete__pair_N6_ego_attention__seed7,dgn_qmix,coord_grid,7,2291,57300,52.0,25,0.5463829166666667,6.880166654785474,46.63612651824951,336.5608164999867
dgn_complete__pair_N6_ego_attention__seed7,dgn_qmix,coord_grid,7,2292,57325,55.5,25,0.546185,4.005585283041,24.833683150155203,336.72126729995944
dgn_complete__pair_N6_ego_attention__seed7,dgn_qmix,coord_grid,7,2293,57350,42.0,25,0.5459870833333333,6.194438750545184,32.5432759920756,336.86965740000596
dgn_complete__pair_N6_ego_attention__seed7,dgn_qmix,coord_grid,7,2294,57375,42.5,25,0.5457891666666667,4.185771142443021,55.897122859954834,337.01487640000414
dgn_complete__pair_N6_ego_attention__seed7,dgn_qmix,coord_grid,7,2295,57400,53.5,25,0.54559125,6.158007621765137,26.092870712280273,337.123627199966
dgn_complete__pair_N6_ego_attention__seed7,dgn_qmix,coord_grid,7,2296,57425,44.0,25,0.5453933333333334,3.117605230637959,35.9559565952846,337.24699009995675
dgn_complete__pair_N6_ego_attention__seed7,dgn_qmix,coord_grid,7,2297,57450,49.5,25,0.5451954166666666,4.589003190398216,26.786541779836018,337.3707897000131
dgn_complete__pair_N6_ego_attention__seed7,dgn_qmix,coord_grid,7,2298,57475,53.5,25,0.5449975,5.165058334668477,45.758871714274086,337.55929840001045
dgn_complete__pair_N6_ego_attention__seed7,dgn_qmix,coord_grid,7,2299,57500,51.0,25,0.5447995833333333,4.602252607544263,31.90016523996989,337.72865780000575
dgn_complete__pair_N6_ego_attention__seed7,dgn_qmix,coord_grid,7,2300,57525,55.5,25,0.5446016666666667,6.698935368231365,32.10935279301235,337.87831569998525
dgn_complete__pair_N6_ego_attention__seed7,dgn_qmix,coord_grid,7,2301,57550,55.0,25,0.5444037500000001,3.6273864756027856,34.240718364715576,338.0550784000079
dgn_complete__pair_N6_ego_attention__seed7,dgn_qmix,coord_grid,7,2302,57575,49.0,25,0.5442058333333333,4.117378666996956,46.400127251942955,338.1756834000116
dgn_complete__pair_N6_ego_attention__seed7,dgn_qmix,coord_grid,7,2303,57600,42.5,25,0.5440079166666667,3.210305472215017,85.50566959381104,338.2975298999809
dgn_complete__pair_N6_ego_attention__seed7,dgn_qmix,coord_grid,7,2304,57625,34.0,25,0.54381,3.180459295000349,51.122031348092214,338.43803409999236
dgn_complete__pair_N6_ego_attention__seed7,dgn_qmix,coord_grid,7,2305,57650,42.5,25,0.5436120833333333,3.5810463229815164,52.38119379679362,338.56470709998393
dgn_complete__pair_N6_ego_attention__seed7,dgn_qmix,coord_grid,7,2306,57675,48.5,25,0.5434141666666666,5.160085042317708,42.621169567108154,338.70689969998784
dgn_complete__pair_N6_ego_attention__seed7,dgn_qmix,coord_grid,7,2307,57700,48.5,25,0.54321625,4.101872165997823,49.17009035746256,338.84678399999393
dgn_complete__pair_N6_ego_attention__seed7,dgn_qmix,coord_grid,7,2308,57725,41.0,25,0.5430183333333334,6.958598928792136,78.7951158796038,339.0306515999837
dgn_complete__pair_N6_ego_attention__seed7,dgn_qmix,coord_grid,7,2309,57750,51.0,25,0.5428204166666667,2.2243975500265756,83.38218180338542,339.1801415999653
dgn_complete__pair_N6_ego_attention__seed7,dgn_qmix,coord_grid,7,2310,57775,48.5,25,0.5426225,5.437444557746251,94.75294176737468,339.31763830001
dgn_complete__pair_N6_ego_attention__seed7,dgn_qmix,coord_grid,7,2311,57800,41.5,25,0.5424245833333333,4.987729132175446,87.5687707265218,339.47392029996263
dgn_complete__pair_N6_ego_attention__seed7,dgn_qmix,coord_grid,7,2312,57825,47.5,25,0.5422266666666666,5.714707093579428,75.53057670593262,339.6209219999728
dgn_complete__pair_N6_ego_attention__seed7,dgn_qmix,coord_grid,7,2313,57850,48.5,25,0.5420287500000001,4.713087360064189,38.474027474721275,339.78927919996204
dgn_complete__pair_N6_ego_attention__seed7,dgn_qmix,coord_grid,7,2314,57875,59.5,25,0.5418308333333334,4.712542409698169,28.015911102294922,339.95520809997106
dgn_complete__pair_N6_ego_attention__seed7,dgn_qmix,coord_grid,7,2315,57900,49.5,25,0.5416329166666667,4.310226018230121,70.12225691477458,340.1044237999595
dgn_complete__pair_N6_ego_attention__seed7,dgn_qmix,coord_grid,7,2316,57925,42.5,25,0.541435,3.732453303677695,52.95435387747629,340.2651638999814
dgn_complete__pair_N6_ego_attention__seed7,dgn_qmix,coord_grid,7,2317,57950,48.0,25,0.5412370833333333,2.1177305231491723,60.28111171722412,340.39739940001164
dgn_complete__pair_N6_ego_attention__seed7,dgn_qmix,coord_grid,7,2318,57975,61.5,25,0.5410391666666667,2.5813052654266357,39.792450269063316,340.5130827999674
dgn_complete__pair_N6_ego_attention__seed7,dgn_qmix,coord_grid,7,2319,58000,50.5,25,0.5408412499999999,5.21775621175766,30.661038478215534,340.6307950000046
dgn_complete__pair_N6_ego_attention__seed7,dgn_qmix,coord_grid,7,2320,58025,51.0,25,0.5406433333333334,4.025723508426121,24.163670676095144,340.831546899979
dgn_complete__pair_N6_ego_attention__seed7,dgn_qmix,coord_grid,7,2321,58050,46.0,25,0.5404454166666667,6.278526082634926,44.19277000427246,340.9794474999653
dgn_complete__pair_N6_ego_attention__seed7,dgn_qmix,coord_grid,7,2322,58075,54.0,25,0.5402475,4.857161621252696,63.424726804097496,341.08250949997455
dgn_complete__pair_N6_ego_attention__seed7,dgn_qmix,coord_grid,7,2323,58100,60.0,25,0.5400495833333333,3.0416855613390603,26.65335734685262,341.22263929998735
dgn_complete__pair_N6_ego_attention__seed7,dgn_qmix,coord_grid,7,2324,58125,55.0,25,0.5398516666666666,4.498645007610321,38.04484340122768,341.33535519998986
dgn_complete__pair_N6_ego_attention__seed7,dgn_qmix,coord_grid,7,2325,58150,39.5,25,0.53965375,3.096931298573812,31.15094296137492,341.47533009998733
dgn_complete__pair_N6_ego_attention__seed7,dgn_qmix,coord_grid,7,2326,58175,60.5,25,0.5394558333333334,3.583551878730456,23.166248480478924,341.64074050000636
dgn_complete__pair_N6_ego_attention__seed7,dgn_qmix,coord_grid,7,2327,58200,43.0,25,0.5392579166666667,5.239869028329849,33.19241873423258,341.7808759000036
dgn_complete__pair_N6_ego_attention__seed7,dgn_qmix,coord_grid,7,2328,58225,51.0,25,0.53906,5.06252903171948,30.085340772356307,341.90798949997406
dgn_complete__pair_N6_ego_attention__seed7,dgn_qmix,coord_grid,7,2329,58250,55.5,25,0.5388620833333333,4.766492848594983,42.139883041381836,342.0457822000026
dgn_complete__pair_N6_ego_attention__seed7,dgn_qmix,coord_grid,7,2330,58275,61.0,25,0.5386641666666667,5.822811722755432,38.8094596862793,342.1502507000114
dgn_complete__pair_N6_ego_attention__seed7,dgn_qmix,coord_grid,7,2331,58300,57.0,25,0.53846625,3.6035460184017816,45.631395975748696,342.3089747999911
dgn_complete__pair_N6_ego_attention__seed7,dgn_qmix,coord_grid,7,2332,58325,48.0,25,0.5382683333333333,5.1537118170942575,60.049245834350586,342.4535358999856
dgn_complete__pair_N6_ego_attention__seed7,dgn_qmix,coord_grid,7,2333,58350,48.5,25,0.5380704166666667,3.748012885451317,59.531398137410484,342.5901288999594
dgn_complete__pair_N6_ego_attention__seed7,dgn_qmix,coord_grid,7,2334,58375,44.0,25,0.5378725,2.6208891769250235,51.09736442565918,342.71830690000206
dgn_complete__pair_N6_ego_attention__seed7,dgn_qmix,coord_grid,7,2335,58400,43.5,25,0.5376745833333334,5.334446867307027,54.50298802057902,342.8757510999567
dgn_complete__pair_N6_ego_attention__seed7,dgn_qmix,coord_grid,7,2336,58425,51.0,25,0.5374766666666666,6.835644108908517,28.894343784877233,343.0298735999968
dgn_complete__pair_N6_ego_attention__seed7,dgn_qmix,coord_grid,7,2337,58450,42.0,25,0.53727875,4.682993829250336,34.44097582499186,343.2000391999609
dgn_complete__pair_N6_ego_attention__seed7,dgn_qmix,coord_grid,7,2338,58475,57.5,25,0.5370808333333333,4.1838899453481035,36.05496915181478,343.3286233000108
dgn_complete__pair_N6_ego_attention__seed7,dgn_qmix,coord_grid,7,2339,58500,58.0,25,0.5368829166666667,7.4272423187891645,36.37410990397135,343.46637189999456
dgn_complete__pair_N6_ego_attention__seed7,dgn_qmix,coord_grid,7,2340,58525,57.5,25,0.5366850000000001,2.6873787939548492,21.75028473990304,343.6275777000119
dgn_complete__pair_N6_ego_attention__seed7,dgn_qmix,coord_grid,7,2341,58550,51.5,25,0.5364870833333333,5.799974525968234,33.2203426361084,343.78029279998736
dgn_complete__pair_N6_ego_attention__seed7,dgn_qmix,coord_grid,7,2342,58575,49.0,25,0.5362891666666667,5.770039280255635,29.768436749776203,343.89087939995807
dgn_complete__pair_N6_ego_attention__seed7,dgn_qmix,coord_grid,7,2343,58600,54.0,25,0.53609125,4.7477612892786665,32.87493626276652,343.97284369997215
dgn_complete__pair_N6_ego_attention__seed7,dgn_qmix,coord_grid,7,2344,58625,43.0,25,0.5358933333333333,4.657487341335842,103.67399215698242,344.08295559999533
dgn_complete__pair_N6_ego_attention__seed7,dgn_qmix,coord_grid,7,2345,58650,60.0,25,0.5356954166666666,2.885371580719948,81.46189467112224,344.24397469998803
dgn_complete__pair_N6_ego_attention__seed7,dgn_qmix,coord_grid,7,2346,58675,52.5,25,0.5354975,6.471476659178734,53.85316530863444,344.4018308999948
dgn_complete__pair_N6_ego_attention__seed7,dgn_qmix,coord_grid,7,2347,58700,43.0,25,0.5352995833333334,7.498445451259613,39.72600030899048,344.53844629996456
dgn_complete__pair_N6_ego_attention__seed7,dgn_qmix,coord_grid,7,2348,58725,37.0,25,0.5351016666666667,4.162433794566563,45.10753277369908,344.6708328999812
dgn_complete__pair_N6_ego_attention__seed7,dgn_qmix,coord_grid,7,2349,58750,57.5,25,0.53490375,5.832713166872661,51.028854846954346,344.8578709999565
dgn_complete__pair_N6_ego_attention__seed7,dgn_qmix,coord_grid,7,2350,58775,51.0,25,0.5347058333333333,3.6205785870552063,28.312128861745197,344.96400969999377
dgn_complete__pair_N6_ego_attention__seed7,dgn_qmix,coord_grid,7,2351,58800,44.5,25,0.5345079166666666,3.151662384470304,36.45146973927816,345.10803830000805
dgn_complete__pair_N6_ego_attention__seed7,dgn_qmix,coord_grid,7,2352,58825,49.5,25,0.5343100000000001,7.793816387653351,43.24192864554269,345.2481579000014
dgn_complete__pair_N6_ego_attention__seed7,dgn_qmix,coord_grid,7,2353,58850,57.5,25,0.5341120833333334,2.9862266381581626,101.46385796864827,345.3463623999851
dgn_complete__pair_N6_ego_attention__seed7,dgn_qmix,coord_grid,7,2354,58875,43.0,25,0.5339141666666667,8.218210617701212,108.69109344482422,345.51202679995913
dgn_complete__pair_N6_ego_attention__seed7,dgn_qmix,coord_grid,7,2355,58900,70.5,25,0.53371625,4.646065513292949,106.60955206553142,345.7074873999809
dgn_complete__pair_N6_ego_attention__seed7,dgn_qmix,coord_grid,7,2356,58925,43.0,25,0.5335183333333333,4.2625515673841745,68.98617362976074,345.8483910000068
dgn_complete__pair_N6_ego_attention__seed7,dgn_qmix,coord_grid,7,2357,58950,57.0,25,0.5333204166666667,4.168043394883473,24.236284732818604,345.96513309999136
dgn_complete__pair_N6_ego_attention__seed7,dgn_qmix,coord_grid,7,2358,58975,40.0,25,0.5331224999999999,4.793545017639796,59.703722635904946,346.0996687999577
dgn_complete__pair_N6_ego_attention__seed7,dgn_qmix,coord_grid,7,2359,59000,39.5,25,0.5329245833333334,7.590165346860886,64.1195255915324,346.2389112999663
dgn_complete__pair_N6_ego_attention__seed7,dgn_qmix,coord_grid,7,2360,59025,64.5,25,0.5327266666666667,4.581855624914169,61.49766881125314,346.36287489999086
dgn_complete__pair_N6_ego_attention__seed7,dgn_qmix,coord_grid,7,2361,59050,42.5,25,0.53252875,4.186685825387637,43.741928577423096,346.49739189998945
dgn_complete__pair_N6_ego_attention__seed7,dgn_qmix,coord_grid,7,2362,59075,48.5,25,0.5323308333333334,5.279999136924744,37.23724174499512,346.6144333999837
dgn_complete__pair_N6_ego_attention__seed7,dgn_qmix,coord_grid,7,2363,59100,54.5,25,0.5321329166666666,3.088037128249804,31.707499980926514,346.7707303999923
dgn_complete__pair_N6_ego_attention__seed7,dgn_qmix,coord_grid,7,2364,59125,39.0,25,0.531935,4.5566214833940775,25.766680036272323,346.9446363999741
dgn_complete__pair_N6_ego_attention__seed7,dgn_qmix,coord_grid,7,2365,59150,41.0,25,0.5317370833333334,3.1155293732881546,35.00045665105184,347.0574897999759
dgn_complete__pair_N6_ego_attention__seed7,dgn_qmix,coord_grid,7,2366,59175,50.0,25,0.5315391666666667,4.18336354692777,40.60996341705322,347.2178935999982
dgn_complete__pair_N6_ego_attention__seed7,dgn_qmix,coord_grid,7,2367,59200,38.0,25,0.53134125,3.0804614995916686,25.849962552388508,347.3453007999924
dgn_complete__pair_N6_ego_attention__seed7,dgn_qmix,coord_grid,7,2368,59225,56.0,25,0.5311433333333333,5.203233012131283,59.14701952253069,347.4744851999567
dgn_complete__pair_N6_ego_attention__seed7,dgn_qmix,coord_grid,7,2369,59250,43.5,25,0.5309454166666667,2.075239529212316,42.04726839065552,347.6152883999748
dgn_complete__pair_N6_ego_attention__seed7,dgn_qmix,coord_grid,7,2370,59275,43.5,25,0.5307475,3.6183880865573883,22.195087909698486,347.7255914999987
dgn_complete__pair_N6_ego_attention__seed7,dgn_qmix,coord_grid,7,2371,59300,53.0,25,0.5305495833333334,4.204369430740674,23.675823370615642,347.8496683000121
dgn_complete__pair_N6_ego_attention__seed7,dgn_qmix,coord_grid,7,2372,59325,62.0,25,0.5303516666666667,3.227423744542258,36.886995451790945,348.00534209999023
dgn_complete__pair_N6_ego_attention__seed7,dgn_qmix,coord_grid,7,2373,59350,57.0,25,0.53015375,5.3177569309870405,44.42717266082764,348.13408499996876
dgn_complete__pair_N6_ego_attention__seed7,dgn_qmix,coord_grid,7,2374,59375,48.5,25,0.5299558333333334,2.6999904910723367,68.20393753051758,348.27873789996374
dgn_complete__pair_N6_ego_attention__seed7,dgn_qmix,coord_grid,7,2375,59400,50.5,25,0.5297579166666667,2.086875637372335,43.021684646606445,348.4075921999756
dgn_complete__pair_N6_ego_attention__seed7,dgn_qmix,coord_grid,7,2376,59425,48.5,25,0.52956,5.283660192574773,84.59272289276123,348.5844127999735
dgn_complete__pair_N6_ego_attention__seed7,dgn_qmix,coord_grid,7,2377,59450,59.0,25,0.5293620833333333,3.7943785885969796,62.82240676879883,348.7305243999581
dgn_complete__pair_N6_ego_attention__seed7,dgn_qmix,coord_grid,7,2378,59475,49.5,25,0.5291641666666667,5.785065531730652,31.233872890472412,348.85687059996417
dgn_complete__pair_N6_ego_attention__seed7,dgn_qmix,coord_grid,7,2379,59500,65.5,25,0.5289662500000001,4.813542877634366,45.03966522216797,348.98307269997895
dgn_complete__pair_N6_ego_attention__seed7,dgn_qmix,coord_grid,7,2380,59525,48.5,25,0.5287683333333333,5.039361251252038,26.259437016078405,349.1386430999846
dgn_complete__pair_N6_ego_attention__seed7,dgn_qmix,coord_grid,7,2381,59550,53.0,25,0.5285704166666667,4.226700276136398,54.82974433898926,349.26995230000466
dgn_complete__pair_N6_ego_attention__seed7,dgn_qmix,coord_grid,7,2382,59575,42.5,25,0.5283725,3.8804662624994912,66.83626556396484,349.4055607999908
dgn_complete__pair_N6_ego_attention__seed7,dgn_qmix,coord_grid,7,2383,59600,44.5,25,0.5281745833333333,3.207185367743174,49.133900006612144,349.5453668999835
dgn_complete__pair_N6_ego_attention__seed7,dgn_qmix,coord_grid,7,2384,59625,47.0,25,0.5279766666666666,4.680078212703977,46.81898389543806,349.6935407000128
dgn_complete__pair_N6_ego_attention__seed7,dgn_qmix,coord_grid,7,2385,59650,31.5,25,0.52777875,5.357543180386226,57.77387046813965,349.8632623999729
dgn_complete__pair_N6_ego_attention__seed7,dgn_qmix,coord_grid,7,2386,59675,49.0,25,0.5275808333333334,4.253492419918378,51.84198411305746,350.0108861000044
dgn_complete__pair_N6_ego_attention__seed7,dgn_qmix,coord_grid,7,2387,59700,56.0,25,0.5273829166666667,3.098993733525276,32.82610193888346,350.14625109999906
dgn_complete__pair_N6_ego_attention__seed7,dgn_qmix,coord_grid,7,2388,59725,53.0,25,0.527185,3.1325536923749104,33.241280691964285,350.3621714999899
dgn_complete__pair_N6_ego_attention__seed7,dgn_qmix,coord_grid,7,2389,59750,36.5,25,0.5269870833333333,3.624563455581665,32.974920908610024,350.52842429996235
dgn_complete__pair_N6_ego_attention__seed7,dgn_qmix,coord_grid,7,2390,59775,44.5,25,0.5267891666666666,5.834120104710261,32.36615498860677,350.6720828000107
dgn_complete__pair_N6_ego_attention__seed7,dgn_qmix,coord_grid,7,2391,59800,51.0,25,0.5265912500000001,3.2482543090979257,62.417930603027344,350.8299769999576
dgn_complete__pair_N6_ego_attention__seed7,dgn_qmix,coord_grid,7,2392,59825,50.0,25,0.5263933333333334,3.6805686014039174,26.346194403512136,350.9855233000126
dgn_complete__pair_N6_ego_attention__seed7,dgn_qmix,coord_grid,7,2393,59850,63.0,25,0.5261954166666667,3.7997552305459976,55.412176767985024,351.1235053999699
dgn_complete__pair_N6_ego_attention__seed7,dgn_qmix,coord_grid,7,2394,59875,58.5,25,0.5259975,4.9391740163167315,76.8267593383789,351.2430999999633
dgn_complete__pair_N6_ego_attention__seed7,dgn_qmix,coord_grid,7,2395,59900,64.5,25,0.5257995833333333,2.0380751291910806,28.58864672978719,351.39460979995783
dgn_complete__pair_N6_ego_attention__seed7,dgn_qmix,coord_grid,7,2396,59925,39.0,25,0.5256016666666667,5.072362895522799,32.26717458452497,351.5792735000141
dgn_complete__pair_N6_ego_attention__seed7,dgn_qmix,coord_grid,7,2397,59950,44.0,25,0.52540375,5.751908813913663,18.173158486684162,351.72022670001024
dgn_complete__pair_N6_ego_attention__seed7,dgn_qmix,coord_grid,7,2398,59975,40.0,25,0.5252058333333334,9.048035065333048,26.297436078389484,351.8475654000067
dgn_complete__pair_N6_ego_attention__seed7,dgn_qmix,coord_grid,7,2399,60000,53.0,25,0.5250079166666667,2.5819301704565683,32.684909184773765,351.9832116999896
dgn_complete__pair_N6_ego_attention__seed7,dgn_qmix,coord_grid,7,2400,60025,51.5,25,0.52481,7.4269814150674005,36.94005135127476,352.17012719996274
dgn_complete__pair_N6_ego_attention__seed7,dgn_qmix,coord_grid,7,2401,60050,44.5,25,0.5246120833333334,3.1707045386234918,48.735134760538735,352.3450872999965
dgn_complete__pair_N6_ego_attention__seed7,dgn_qmix,coord_grid,7,2402,60075,43.5,25,0.5244141666666666,4.798499186833699,50.641627629597984,352.4731493999716
dgn_complete__pair_N6_ego_attention__seed7,dgn_qmix,coord_grid,7,2403,60100,45.0,25,0.52421625,4.173807104428609,20.113481044769287,352.60065889998805
dgn_complete__pair_N6_ego_attention__seed7,dgn_qmix,coord_grid,7,2404,60125,46.5,25,0.5240183333333334,3.615056369985853,32.298526355198454,352.79056579997996
dgn_complete__pair_N6_ego_attention__seed7,dgn_qmix,coord_grid,7,2405,60150,45.0,25,0.5238204166666667,6.362614884972572,34.29592672983805,352.89073709998047
dgn_complete__pair_N6_ego_attention__seed7,dgn_qmix,coord_grid,7,2406,60175,63.5,25,0.5236225000000001,4.355220794677734,52.96856657663981,353.04918939998606
dgn_complete__pair_N6_ego_attention__seed7,dgn_qmix,coord_grid,7,2407,60200,52.0,25,0.5234245833333333,4.3282283047835035,73.3818359375,353.2061284999945
dgn_complete__pair_N6_ego_attention__seed7,dgn_qmix,coord_grid,7,2408,60225,50.5,25,0.5232266666666667,6.987898051738739,101.03374317714146,353.34158969996497
dgn_complete__pair_N6_ego_attention__seed7,dgn_qmix,coord_grid,7,2409,60250,48.0,25,0.5230287499999999,2.2541117866834006,85.67742029825847,353.5100336999749
dgn_complete__pair_N6_ego_attention__seed7,dgn_qmix,coord_grid,7,2410,60275,47.5,25,0.5228308333333334,5.009055872758229,77.86942036946614,353.67004259995883
dgn_complete__pair_N6_ego_attention__seed7,dgn_qmix,coord_grid,7,2411,60300,55.5,25,0.5226329166666667,3.7318598926067352,49.51024659474691,353.82884989999
dgn_complete__pair_N6_ego_attention__seed7,dgn_qmix,coord_grid,7,2412,60325,49.0,25,0.522435,6.054629398243768,38.669358662196565,353.97759259998566
dgn_complete__pair_N6_ego_attention__seed7,dgn_qmix,coord_grid,7,2413,60350,56.0,25,0.5222370833333334,4.791951969265938,25.123315811157227,354.17115949996514
dgn_complete__pair_N6_ego_attention__seed7,dgn_qmix,coord_grid,7,2414,60375,48.5,25,0.5220391666666667,5.948920448621114,36.1425674756368,354.2995679999585
dgn_complete__pair_N6_ego_attention__seed7,dgn_qmix,coord_grid,7,2415,60400,44.0,25,0.52184125,3.7358858038981757,38.51279894510905,354.4234363999567
dgn_complete__pair_N6_ego_attention__seed7,dgn_qmix,coord_grid,7,2416,60425,63.0,25,0.5216433333333332,5.584901060376849,27.265188217163086,354.5746386999963
dgn_complete__pair_N6_ego_attention__seed7,dgn_qmix,coord_grid,7,2417,60450,60.0,25,0.5214454166666667,6.43474018573761,28.67423423131307,354.69788439996773
dgn_complete__pair_N6_ego_attention__seed7,dgn_qmix,coord_grid,7,2418,60475,54.0,25,0.5212475000000001,2.1045148422320685,50.83002281188965,354.79390469996724
dgn_complete__pair_N6_ego_attention__seed7,dgn_qmix,coord_grid,7,2419,60500,50.0,25,0.5210495833333333,2.6717304239670434,55.732614517211914,354.9414367999998
dgn_complete__pair_N6_ego_attention__seed7,dgn_qmix,coord_grid,7,2420,60525,44.5,25,0.5208516666666667,4.852127007075718,79.59357084546771,355.0929657999659
dgn_complete__pair_N6_ego_attention__seed7,dgn_qmix,coord_grid,7,2421,60550,49.5,25,0.52065375,5.008950610955556,65.22036409378052,355.20684920001077
dgn_complete__pair_N6_ego_attention__seed7,dgn_qmix,coord_grid,7,2422,60575,39.0,25,0.5204558333333333,5.995606740315755,66.19243748982747,355.35318529995857
dgn_complete__pair_N6_ego_attention__seed7,dgn_qmix,coord_grid,7,2423,60600,64.0,25,0.5202579166666668,3.357531428337097,70.18192609151204,355.49872279999545
dgn_complete__pair_N6_ego_attention__seed7,dgn_qmix,coord_grid,7,2424,60625,60.0,25,0.52006,3.751324313027518,47.59112903050014,355.62668059999123
dgn_complete__pair_N6_ego_attention__seed7,dgn_qmix,coord_grid,7,2425,60650,36.5,25,0.5198620833333334,4.258359357714653,36.465480963389076,355.7770971999853
dgn_complete__pair_N6_ego_attention__seed7,dgn_qmix,coord_grid,7,2426,60675,50.5,25,0.5196641666666666,4.775496323903401,19.306221961975098,355.8745412999997
dgn_complete__pair_N6_ego_attention__seed7,dgn_qmix,coord_grid,7,2427,60700,43.5,25,0.51946625,5.3760512719551725,36.995040575663246,356.0031175999902
dgn_complete__pair_N6_ego_attention__seed7,dgn_qmix,coord_grid,7,2428,60725,27.5,25,0.5192683333333333,3.314162049974714,53.263828141348704,356.15285299997777
dgn_complete__pair_N6_ego_attention__seed7,dgn_qmix,coord_grid,7,2429,60750,43.5,25,0.5190704166666666,4.801980396111806,39.12033557891846,356.2827533999807
dgn_complete__pair_N6_ego_attention__seed7,dgn_qmix,coord_grid,7,2430,60775,69.0,25,0.5188725000000001,8.124356210231781,35.549935499827065,356.42247359995963
dgn_complete__pair_N6_ego_attention__seed7,dgn_qmix,coord_grid,7,2431,60800,49.0,25,0.5186745833333334,3.115682373444239,31.614184379577637,356.5884807999828
dgn_complete__pair_N6_ego_attention__seed7,dgn_qmix,coord_grid,7,2432,60825,58.5,25,0.5184766666666667,5.06371517266546,31.207192829677037,356.75026449997677
dgn_complete__pair_N6_ego_attention__seed7,dgn_qmix,coord_grid,7,2433,60850,48.0,25,0.5182787499999999,3.1153431783119836,42.08964888254801,356.87534729996696
dgn_complete__pair_N6_ego_attention__seed7,dgn_qmix,coord_grid,7,2434,60875,52.0,25,0.5180808333333333,4.281965310374896,33.78382444381714,357.0128897000104
dgn_complete__pair_N6_ego_attention__seed7,dgn_qmix,coord_grid,7,2435,60900,48.0,25,0.5178829166666667,2.6945595492919288,61.30046558380127,357.1133994999691
dgn_complete__pair_N6_ego_attention__seed7,dgn_qmix,coord_grid,7,2436,60925,39.5,25,0.517685,2.8154652757304057,37.55802944728306,357.26512220001314
dgn_complete__pair_N6_ego_attention__seed7,dgn_qmix,coord_grid,7,2437,60950,61.0,25,0.5174870833333334,5.398507167895635,35.25664027531942,357.40260359999957
dgn_complete__pair_N6_ego_attention__seed7,dgn_qmix,coord_grid,7,2438,60975,49.0,25,0.5172891666666667,3.1763041069110236,41.16367451349894,357.52469940000447
dgn_complete__pair_N6_ego_attention__seed7,dgn_qmix,coord_grid,7,2439,61000,45.0,25,0.51709125,4.2469730625549955,32.940896352132164,357.6650650000083
dgn_complete__pair_N6_ego_attention__seed7,dgn_qmix,coord_grid,7,2440,61025,41.5,25,0.5168933333333334,5.067657470703125,111.46976143973214,357.8106811000034
dgn_complete__pair_N6_ego_attention__seed7,dgn_qmix,coord_grid,7,2441,61050,52.0,25,0.5166954166666666,6.6487710525592165,69.85409990946452,357.9242221000022
dgn_complete__pair_N6_ego_attention__seed7,dgn_qmix,coord_grid,7,2442,61075,53.5,25,0.5164975,2.6986308246850967,38.1036688486735,358.0347200999968
dgn_complete__pair_N6_ego_attention__seed7,dgn_qmix,coord_grid,7,2443,61100,42.0,25,0.5162995833333333,4.269058682024479,30.081265926361084,358.133503799967
dgn_complete__pair_N6_ego_attention__seed7,dgn_qmix,coord_grid,7,2444,61125,49.5,25,0.5161016666666667,4.62202644773892,26.869198117937362,358.27322549995733
dgn_complete__pair_N6_ego_attention__seed7,dgn_qmix,coord_grid,7,2445,61150,59.0,25,0.5159037500000001,3.2549556692441306,33.88789971669515,358.42772360000527
dgn_complete__pair_N6_ego_attention__seed7,dgn_qmix,coord_grid,7,2446,61175,55.5,25,0.5157058333333333,4.0243339737256365,87.37154897054036,358.56202069995925
dgn_complete__pair_N6_ego_attention__seed7,dgn_qmix,coord_grid,7,2447,61200,31.5,25,0.5155079166666667,3.383261581261953,63.74863465627035,358.690632199985
dgn_complete__pair_N6_ego_attention__seed7,dgn_qmix,coord_grid,7,2448,61225,49.0,25,0.51531,2.2984025180339813,29.21145330156599,358.84561919997213
dgn_complete__pair_N6_ego_attention__seed7,dgn_qmix,coord_grid,7,2449,61250,46.5,25,0.5151120833333334,4.273991751174132,22.509601593017578,358.98260359995766
dgn_complete__pair_N6_ego_attention__seed7,dgn_qmix,coord_grid,7,2450,61275,57.0,25,0.5149141666666666,3.7574209769566855,45.78939978281657,359.12393910001265
dgn_complete__pair_N6_ego_attention__seed7,dgn_qmix,coord_grid,7,2451,61300,46.5,25,0.51471625,3.343043545881907,67.99440860748291,359.26711199997226
dgn_complete__pair_N6_ego_attention__seed7,dgn_qmix,coord_grid,7,2452,61325,46.0,25,0.5145183333333334,2.4411742091178894,57.22011852264404,359.4102897999692
dgn_complete__pair_N6_ego_attention__seed7,dgn_qmix,coord_grid,7,2453,61350,43.5,25,0.5143204166666666,5.41323459148407,40.09047428766886,359.5134968999773
dgn_complete__pair_N6_ego_attention__seed7,dgn_qmix,coord_grid,7,2454,61375,50.5,25,0.5141225,5.421582008401553,35.20581102371216,359.6466642000014
dgn_complete__pair_N6_ego_attention__seed7,dgn_qmix,coord_grid,7,2455,61400,46.5,25,0.5139245833333334,3.77377383907636,29.309156894683838,359.7879469000036
dgn_complete__pair_N6_ego_attention__seed7,dgn_qmix,coord_grid,7,2456,61425,43.5,25,0.5137266666666667,5.695355423859188,30.53131607600621,359.96940060000634
dgn_complete__pair_N6_ego_attention__seed7,dgn_qmix,coord_grid,7,2457,61450,85.5,25,0.5135287500000001,3.1524053861697516,36.348947525024414,360.09974169998895
dgn_complete__pair_N6_ego_attention__seed7,dgn_qmix,coord_grid,7,2458,61475,48.0,25,0.5133308333333334,7.154063721497853,36.659507274627686,360.21921770001063
dgn_complete__pair_N6_ego_attention__seed7,dgn_qmix,coord_grid,7,2459,61500,59.0,25,0.5131329166666667,6.008372664451599,47.05896250406901,360.3500167999882
dgn_complete__pair_N6_ego_attention__seed7,dgn_qmix,coord_grid,7,2460,61525,52.5,25,0.5129349999999999,2.7938567953450337,33.056291988917756,360.5391454999917
dgn_complete__pair_N6_ego_attention__seed7,dgn_qmix,coord_grid,7,2461,61550,45.0,25,0.5127370833333333,1.0629489322503407,67.17381223042806,360.6811665999703
dgn_complete__pair_N6_ego_attention__seed7,dgn_qmix,coord_grid,7,2462,61575,42.5,25,0.5125391666666668,2.709851026535034,62.22747548421224,360.78229179995833
dgn_complete__pair_N6_ego_attention__seed7,dgn_qmix,coord_grid,7,2463,61600,60.0,25,0.51234125,5.387293646732966,30.115071932474773,360.9113551999908
dgn_complete__pair_N6_ego_attention__seed7,dgn_qmix,coord_grid,7,2464,61625,52.0,25,0.5121433333333334,6.151682947363172,32.31092289515904,361.08926039998187
dgn_complete__pair_N6_ego_attention__seed7,dgn_qmix,coord_grid,7,2465,61650,60.5,25,0.5119454166666667,7.104851136604945,52.2804209391276,361.23114079999505
dgn_complete__pair_N6_ego_attention__seed7,dgn_qmix,coord_grid,7,2466,61675,49.5,25,0.5117475,7.152425646781921,43.06875451405843,361.37291939998977
dgn_complete__pair_N6_ego_attention__seed7,dgn_qmix,coord_grid,7,2467,61700,52.5,25,0.5115495833333333,3.735045477747917,32.75502236684164,361.4842046999838
dgn_complete__pair_N6_ego_attention__seed7,dgn_qmix,coord_grid,7,2468,61725,51.5,25,0.5113516666666666,7.082290479115078,38.272152355739046,361.62783889996354
dgn_complete__pair_N6_ego_attention__seed7,dgn_qmix,coord_grid,7,2469,61750,41.0,25,0.5111537500000001,4.8932769894599915,34.600167751312256,361.7311555999913
dgn_complete__pair_N6_ego_attention__seed7,dgn_qmix,coord_grid,7,2470,61775,56.5,25,0.5109558333333333,3.7921865483125052,51.21702845891317,361.86798759998055
dgn_complete__pair_N6_ego_attention__seed7,dgn_qmix,coord_grid,7,2471,61800,44.0,25,0.5107579166666667,2.6903813680013022,33.26489273707072,362.05018009996274
dgn_complete__pair_N6_ego_attention__seed7,dgn_qmix,coord_grid,7,2472,61825,35.5,25,0.51056,5.437850194317954,75.26295825413295,362.17005939997034
dgn_complete__pair_N6_ego_attention__seed7,dgn_qmix,coord_grid,7,2473,61850,51.0,25,0.5103620833333333,3.728137493133545,40.283682346343994,362.3142453999608
dgn_complete__pair_N6_ego_attention__seed7,dgn_qmix,coord_grid,7,2474,61875,56.0,25,0.5101641666666668,4.478954364856084,67.34322039286296,362.4478966000024
dgn_complete__pair_N6_ego_attention__seed7,dgn_qmix,coord_grid,7,2475,61900,39.5,25,0.5099662500000001,2.689233352740606,62.46393998463949,362.562504099973
dgn_complete__pair_N6_ego_attention__seed7,dgn_qmix,coord_grid,7,2476,61925,44.0,25,0.5097683333333334,5.779642113617489,63.52180535452707,362.70895289996406
dgn_complete__pair_N6_ego_attention__seed7,dgn_qmix,coord_grid,7,2477,61950,45.5,25,0.5095704166666666,3.3164959400892258,63.684313933054604,362.8150377999991
dgn_complete__pair_N6_ego_attention__seed7,dgn_qmix,coord_grid,7,2478,61975,56.0,25,0.5093725,4.296369294325511,40.72556368509928,362.9617353999638
dgn_complete__pair_N6_ego_attention__seed7,dgn_qmix,coord_grid,7,2479,62000,51.5,25,0.5091745833333334,6.058355530103047,38.002779960632324,363.06515459995717
dgn_complete__pair_N6_ego_attention__seed7,dgn_qmix,coord_grid,7,2480,62025,51.5,25,0.5089766666666666,4.207718632050923,28.120889254978724,363.20400889997836
dgn_complete__pair_N6_ego_attention__seed7,dgn_qmix,coord_grid,7,2481,62050,40.5,25,0.5087787500000001,6.619095544020335,35.40828514099121,363.34288989997003
dgn_complete__pair_N6_ego_attention__seed7,dgn_qmix,coord_grid,7,2482,62075,53.5,25,0.5085808333333334,5.4469548761844635,31.236709594726562,363.480834099988
dgn_complete__pair_N6_ego_attention__seed7,dgn_qmix,coord_grid,7,2483,62100,53.0,25,0.5083829166666667,4.942851970593135,60.89820639292399,363.6003350999672
dgn_complete__pair_N6_ego_attention__seed7,dgn_qmix,coord_grid,7,2484,62125,52.0,25,0.508185,5.680510801928384,50.95970835004534,363.73720639996463
dgn_complete__pair_N6_ego_attention__seed7,dgn_qmix,coord_grid,7,2485,62150,49.0,25,0.5079870833333333,3.235053231318792,52.96478780110677,363.8540821999777
dgn_complete__pair_N6_ego_attention__seed7,dgn_qmix,coord_grid,7,2486,62175,60.5,25,0.5077891666666667,3.6959593693415322,26.626577695210774,363.9621782999602
dgn_complete__pair_N6_ego_attention__seed7,dgn_qmix,coord_grid,7,2487,62200,51.5,25,0.5075912499999999,5.989764635761579,54.766620794932045,364.1092822999926
dgn_complete__pair_N6_ego_attention__seed7,dgn_qmix,coord_grid,7,2488,62225,60.5,25,0.5073933333333334,6.234247667448861,53.70316341945103,364.2862303999718
dgn_complete__pair_N6_ego_attention__seed7,dgn_qmix,coord_grid,7,2489,62250,43.0,25,0.5071954166666667,5.189722766478856,92.58831405639648,364.38575489999494
dgn_complete__pair_N6_ego_attention__seed7,dgn_qmix,coord_grid,7,2490,62275,51.0,25,0.5069975,3.8752970844507217,61.35658582051595,364.52264509996166
dgn_complete__pair_N6_ego_attention__seed7,dgn_qmix,coord_grid,7,2491,62300,46.5,25,0.5067995833333333,7.165705015261968,45.03213850657145,364.65590339998016
dgn_complete__pair_N6_ego_attention__seed7,dgn_qmix,coord_grid,7,2492,62325,48.5,25,0.5066016666666667,5.246460131236485,48.46536731719971,364.8182530999766
dgn_complete__pair_N6_ego_attention__seed7,dgn_qmix,coord_grid,7,2493,62350,53.5,25,0.50640375,2.6833317627509436,53.85795021057129,364.92137110000476
dgn_complete__pair_N6_ego_attention__seed7,dgn_qmix,coord_grid,7,2494,62375,66.5,25,0.5062058333333332,2.6379890143871307,56.127805391947426,365.0676892999909
dgn_complete__pair_N6_ego_attention__seed7,dgn_qmix,coord_grid,7,2495,62400,47.0,25,0.5060079166666667,3.180259292324384,35.59246985117594,365.1782158999704
dgn_complete__pair_N6_ego_attention__seed7,dgn_qmix,coord_grid,7,2496,62425,54.0,25,0.5058100000000001,1.3404266216925211,21.98001003265381,365.35238379996736
dgn_complete__pair_N6_ego_attention__seed7,dgn_qmix,coord_grid,7,2497,62450,53.0,25,0.5056120833333333,0.9280475974082947,26.855923493703205,365.48291019996395
dgn_complete__pair_N6_ego_attention__seed7,dgn_qmix,coord_grid,7,2498,62475,49.5,25,0.5054141666666667,4.281028990944226,31.943477312723797,365.61168889998225
dgn_complete__pair_N6_ego_attention__seed7,dgn_qmix,coord_grid,7,2499,62500,48.0,25,0.50521625,6.014859899878502,44.451980113983154,365.70774519996485
dgn_complete__pair_N6_ego_attention__seed7,dgn_qmix,coord_grid,7,2500,62525,56.0,25,0.5050183333333333,5.260441401175091,43.54134450639997,365.85377859999426
dgn_complete__pair_N6_ego_attention__seed7,dgn_qmix,coord_grid,7,2501,62550,42.0,25,0.5048204166666667,4.926944722731908,36.42529169718424,365.9856039999868
dgn_complete__pair_N6_ego_attention__seed7,dgn_qmix,coord_grid,7,2502,62575,37.0,25,0.5046225,2.5924840023120246,51.16082255045573,366.1476713999873
dgn_complete__pair_N6_ego_attention__seed7,dgn_qmix,coord_grid,7,2503,62600,38.5,25,0.5044245833333334,5.579050833980243,61.18968836466471,366.30001289997017
dgn_complete__pair_N6_ego_attention__seed7,dgn_qmix,coord_grid,7,2504,62625,52.0,25,0.5042266666666666,4.685069135257176,96.42004830496651,366.43441479996545
dgn_complete__pair_N6_ego_attention__seed7,dgn_qmix,coord_grid,7,2505,62650,60.0,25,0.50402875,4.550074145197868,60.31577364603678,366.5373905999586
dgn_complete__pair_N6_ego_attention__seed7,dgn_qmix,coord_grid,7,2506,62675,55.5,25,0.5038308333333334,2.7510214745998383,70.56431134541829,366.72694969997974
dgn_complete__pair_N6_ego_attention__seed7,dgn_qmix,coord_grid,7,2507,62700,41.0,25,0.5036329166666667,3.784858221809069,32.63135083516439,366.8353044000105
dgn_complete__pair_N6_ego_attention__seed7,dgn_qmix,coord_grid,7,2508,62725,47.5,25,0.503435,3.840938614947455,39.0684814453125,367.0023814999731
dgn_complete__pair_N6_ego_attention__seed7,dgn_qmix,coord_grid,7,2509,62750,48.0,25,0.5032370833333334,6.083786576986313,48.702117284139,367.14571349998005
dgn_complete__pair_N6_ego_attention__seed7,dgn_qmix,coord_grid,7,2510,62775,51.5,25,0.5030391666666667,3.8466997891664505,43.523837089538574,367.27599769999506
dgn_complete__pair_N6_ego_attention__seed7,dgn_qmix,coord_grid,7,2511,62800,43.5,25,0.5028412499999999,6.69280473391215,54.38679154713949,367.3946334999637
dgn_complete__pair_N6_ego_attention__seed7,dgn_qmix,coord_grid,7,2512,62825,55.5,25,0.5026433333333333,5.786019282681601,51.4472541809082,367.59536069998285
dgn_complete__pair_N6_ego_attention__seed7,dgn_qmix,coord_grid,7,2513,62850,49.0,25,0.5024454166666668,5.042967384060224,60.36494255065918,367.75015559996245
dgn_complete__pair_N6_ego_attention__seed7,dgn_qmix,coord_grid,7,2514,62875,49.0,25,0.5022475,3.292372390627861,41.41295528411865,367.87047939997865
dgn_complete__pair_N6_ego_attention__seed7,dgn_qmix,coord_grid,7,2515,62900,50.5,25,0.5020495833333334,4.379919370015462,29.656184832255047,368.01651099999435
dgn_complete__pair_N6_ego_attention__seed7,dgn_qmix,coord_grid,7,2516,62925,55.0,25,0.5018516666666667,4.350647500583103,56.35758072989328,368.1781759999576
dgn_complete__pair_N6_ego_attention__seed7,dgn_qmix,coord_grid,7,2517,62950,37.0,25,0.50165375,3.847747008005778,39.753533681233726,368.30991549999453
dgn_complete__pair_N6_ego_attention__seed7,dgn_qmix,coord_grid,7,2518,62975,41.5,25,0.5014558333333333,4.960795934001605,37.060393969217934,368.4739722000086
dgn_complete__pair_N6_ego_attention__seed7,dgn_qmix,coord_grid,7,2519,63000,45.5,25,0.5012579166666667,4.481042852004369,69.49502118428548,368.62209769996116
dgn_complete__pair_N6_ego_attention__seed7,dgn_qmix,coord_grid,7,2520,63025,58.5,25,0.5010600000000001,3.8614436175142015,57.6851441519601,368.75334130000556
dgn_complete__pair_N6_ego_attention__seed7,dgn_qmix,coord_grid,7,2521,63050,62.5,25,0.5008620833333333,6.118081887563069,64.54951492945354,368.8944496999611
dgn_complete__pair_N6_ego_attention__seed7,dgn_qmix,coord_grid,7,2522,63075,45.5,25,0.5006641666666667,4.304187106589477,31.59270127614339,369.0237328999792
dgn_complete__pair_N6_ego_attention__seed7,dgn_qmix,coord_grid,7,2523,63100,43.5,25,0.5004662500000001,6.157251954078674,62.60827445983887,369.16668610001216
dgn_complete__pair_N6_ego_attention__seed7,dgn_qmix,coord_grid,7,2524,63125,50.0,25,0.5002683333333333,3.9297784055982317,52.97418648856027,369.34440780000295
dgn_complete__pair_N6_ego_attention__seed7,dgn_qmix,coord_grid,7,2525,63150,46.0,25,0.5000704166666666,2.637949859102567,43.27986399332682,369.4658771000104
dgn_complete__pair_N6_ego_attention__seed7,dgn_qmix,coord_grid,7,2526,63175,43.0,25,0.49987250000000005,5.510822703440984,52.91488265991211,369.5763557999744
dgn_complete__pair_N6_ego_attention__seed7,dgn_qmix,coord_grid,7,2527,63200,60.0,25,0.49967458333333337,1.0577300091584523,64.20923487345378,369.72141970001394
dgn_complete__pair_N6_ego_attention__seed7,dgn_qmix,coord_grid,7,2528,63225,41.5,25,0.4994766666666667,6.707368305751255,56.45195634024484,369.8411352999974
dgn_complete__pair_N6_ego_attention__seed7,dgn_qmix,coord_grid,7,2529,63250,67.5,25,0.4992787500000001,4.90827514231205,22.373502731323242,369.94777779997094
dgn_complete__pair_N6_ego_attention__seed7,dgn_qmix,coord_grid,7,2530,63275,58.0,25,0.4990808333333334,7.796127130587895,42.30186971028646,370.1015652999631
dgn_complete__pair_N6_ego_attention__seed7,dgn_qmix,coord_grid,7,2531,63300,51.5,25,0.4988829166666666,5.051151583592097,64.23452377319336,370.2430835000123
dgn_complete__pair_N6_ego_attention__seed7,dgn_qmix,coord_grid,7,2532,63325,58.5,25,0.49868500000000004,3.4283804254872456,67.84868213108608,370.39463120000437
dgn_complete__pair_N6_ego_attention__seed7,dgn_qmix,coord_grid,7,2533,63350,54.5,25,0.49848708333333336,4.728012522061666,103.08174641927083,370.55768239998724
dgn_complete__pair_N6_ego_attention__seed7,dgn_qmix,coord_grid,7,2534,63375,53.0,25,0.49828916666666667,3.2926506996154785,60.66912015279134,370.7032179000089
dgn_complete__pair_N6_ego_attention__seed7,dgn_qmix,coord_grid,7,2535,63400,47.5,25,0.49809125,5.641625324885051,80.39236640930176,370.8446966999909
dgn_complete__pair_N6_ego_attention__seed7,dgn_qmix,coord_grid,7,2536,63425,41.5,25,0.4978933333333334,6.279146807534354,107.29822867257255,370.9732825999963
dgn_complete__pair_N6_ego_attention__seed7,dgn_qmix,coord_grid,7,2537,63450,49.0,25,0.4976954166666667,4.967275922497113,66.26936848958333,371.0660915999906
dgn_complete__pair_N6_ego_attention__seed7,dgn_qmix,coord_grid,7,2538,63475,44.0,25,0.49749750000000004,6.534031709035237,45.14281145731608,371.2090526999673
dgn_complete__pair_N6_ego_attention__seed7,dgn_qmix,coord_grid,7,2539,63500,52.5,25,0.49729958333333335,3.342142646511396,72.28292465209961,371.360122699989
dgn_complete__pair_N6_ego_attention__seed7,dgn_qmix,coord_grid,7,2540,63525,53.0,25,0.49710166666666666,6.296750992536545,65.14014952523368,371.4992651999928
dgn_complete__pair_N6_ego_attention__seed7,dgn_qmix,coord_grid,7,2541,63550,59.5,25,0.49690375,6.140567968289058,71.01341501871745,371.6355914999731
dgn_complete__pair_N6_ego_attention__seed7,dgn_qmix,coord_grid,7,2542,63575,52.0,25,0.4967058333333333,6.075382987658183,55.562887827555336,371.7590960999951
dgn_complete__pair_N6_ego_attention__seed7,dgn_qmix,coord_grid,7,2543,63600,64.0,25,0.4965079166666667,6.037356014053027,40.01479705174764,371.88324649998685
dgn_complete__pair_N6_ego_attention__seed7,dgn_qmix,coord_grid,7,2544,63625,46.0,25,0.49631000000000003,3.7622753296579634,19.021118436540878,372.0246896999888
dgn_complete__pair_N6_ego_attention__seed7,dgn_qmix,coord_grid,7,2545,63650,53.0,25,0.49611208333333334,3.218366007010142,40.26407782236735,372.1681205999921
dgn_complete__pair_N6_ego_attention__seed7,dgn_qmix,coord_grid,7,2546,63675,64.0,25,0.49591416666666677,3.1602641890446344,17.37818717956543,372.29280659998767
dgn_complete__pair_N6_ego_attention__seed7,dgn_qmix,coord_grid,7,2547,63700,49.5,25,0.4957162500000001,4.825929641723633,23.822484811147053,372.4642570000142
dgn_complete__pair_N6_ego_attention__seed7,dgn_qmix,coord_grid,7,2548,63725,56.5,25,0.4955183333333333,3.283861611570631,28.264879362923757,372.64029319997644
dgn_complete__pair_N6_ego_attention__seed7,dgn_qmix,coord_grid,7,2549,63750,48.5,25,0.4953204166666667,3.705037921667099,44.13913599650065,372.7789202000131
dgn_complete__pair_N6_ego_attention__seed7,dgn_qmix,coord_grid,7,2550,63775,60.0,25,0.4951225,5.536335974931717,51.08707809448242,372.9109141000081
dgn_complete__pair_N6_ego_attention__seed7,dgn_qmix,coord_grid,7,2551,63800,55.5,25,0.49492458333333333,3.7590892935792604,30.91804615656535,373.06589929998154
dgn_complete__pair_N6_ego_attention__seed7,dgn_qmix,coord_grid,7,2552,63825,47.0,25,0.49472666666666665,7.09479410307748,41.697971616472515,373.19598710001446
dgn_complete__pair_N6_ego_attention__seed7,dgn_qmix,coord_grid,7,2553,63850,39.5,25,0.4945287500000001,2.1232500125964484,60.25521341959635,373.3224012000137
dgn_complete__pair_N6_ego_attention__seed7,dgn_qmix,coord_grid,7,2554,63875,54.0,25,0.4943308333333334,2.0919089565674462,27.46989933649699,373.45911489997525
dgn_complete__pair_N6_ego_attention__seed7,dgn_qmix,coord_grid,7,2555,63900,33.5,25,0.4941329166666667,3.2532236029704413,56.13522084554037,373.5915905999718
dgn_complete__pair_N6_ego_attention__seed7,dgn_qmix,coord_grid,7,2556,63925,47.5,25,0.4939350000000001,5.320520068917956,64.61030333382743,373.7284585000016
dgn_complete__pair_N6_ego_attention__seed7,dgn_qmix,coord_grid,7,2557,63950,53.5,25,0.4937370833333333,9.377665758132935,26.224734624226887,373.9111163999769
dgn_complete__pair_N6_ego_attention__seed7,dgn_qmix,coord_grid,7,2558,63975,41.0,25,0.49353916666666664,4.8906629383563995,41.72355810801188,374.1492281999672
dgn_complete__pair_N6_ego_attention__seed7,dgn_qmix,coord_grid,7,2559,64000,56.0,25,0.49334124999999995,7.78048475086689,53.66848595937093,374.27938699995866
dgn_complete__pair_N6_ego_attention__seed7,dgn_qmix,coord_grid,7,2560,64025,59.0,25,0.4931433333333334,5.855164016996111,80.99608884538922,374.4483249000041
dgn_complete__pair_N6_ego_attention__seed7,dgn_qmix,coord_grid,7,2561,64050,62.5,25,0.4929454166666667,5.144171317418416,90.63226127624512,374.59730739996303
dgn_complete__pair_N6_ego_attention__seed7,dgn_qmix,coord_grid,7,2562,64075,41.5,25,0.4927475,5.00263833006223,67.21348508199056,374.77004239999224
dgn_complete__pair_N6_ego_attention__seed7,dgn_qmix,coord_grid,7,2563,64100,46.5,25,0.49254958333333343,3.276845003167788,59.53498331705729,374.94532269996125
dgn_complete__pair_N6_ego_attention__seed7,dgn_qmix,coord_grid,7,2564,64125,52.5,25,0.49235166666666674,6.158389840807233,44.891351972307476,375.1030308000045
dgn_complete__pair_N6_ego_attention__seed7,dgn_qmix,coord_grid,7,2565,64150,43.0,25,0.49215375000000006,7.900872786839803,86.94122314453125,375.29690869996557
dgn_complete__pair_N6_ego_attention__seed7,dgn_qmix,coord_grid,7,2566,64175,53.0,25,0.49195583333333326,4.568096439043681,83.79212601979573,375.43873759999406
dgn_complete__pair_N6_ego_attention__seed7,dgn_qmix,coord_grid,7,2567,64200,52.0,25,0.4917579166666667,3.1951653535167375,39.25355529785156,375.5843509999686
dgn_complete__pair_N6_ego_attention__seed7,dgn_qmix,coord_grid,7,2568,64225,58.0,25,0.49156,6.4404729434422086,85.57103674752372,375.758564299962
dgn_complete__pair_N6_ego_attention__seed7,dgn_qmix,coord_grid,7,2569,64250,44.0,25,0.4913620833333333,3.8241350799798965,56.829878171284996,375.9147609999636
dgn_complete__pair_N6_ego_attention__seed7,dgn_qmix,coord_grid,7,2570,64275,41.5,25,0.49116416666666673,4.94058521091938,31.405215581258137,376.050536499999
dgn_complete__pair_N6_ego_attention__seed7,dgn_qmix,coord_grid,7,2571,64300,55.5,25,0.49096625000000005,7.74501637617747,30.338422139485676,376.2901170999976
dgn_complete__pair_N6_ego_attention__seed7,dgn_qmix,coord_grid,7,2572,64325,46.5,25,0.49076833333333336,3.3019259508166994,38.829619543892996,376.47295470000245
dgn_complete__pair_N6_ego_attention__seed7,dgn_qmix,coord_grid,7,2573,64350,56.5,25,0.4905704166666668,4.963879227638245,36.195310274759926,376.61250859999564
dgn_complete__pair_N6_ego_attention__seed7,dgn_qmix,coord_grid,7,2574,64375,50.5,25,0.4903725,2.1402975420157113,38.67356904347738,376.7497383999871
dgn_complete__pair_N6_ego_attention__seed7,dgn_qmix,coord_grid,7,2575,64400,66.5,25,0.4901745833333333,1.695729489127795,71.68153635660808,376.87248249998083
dgn_complete__pair_N6_ego_attention__seed7,dgn_qmix,coord_grid,7,2576,64425,49.0,25,0.4899766666666666,4.310451337269375,52.33985151563372,376.9961516999756
dgn_complete__pair_N6_ego_attention__seed7,dgn_qmix,coord_grid,7,2577,64450,50.5,25,0.48977875000000004,5.4801704088846845,30.7557635307312,377.1347997999983
dgn_complete__pair_N6_ego_attention__seed7,dgn_qmix,coord_grid,7,2578,64475,52.0,25,0.48958083333333335,2.024286113679409,34.304627100626625,377.30242789996555
dgn_complete__pair_N6_ego_attention__seed7,dgn_qmix,coord_grid,7,2579,64500,45.5,25,0.48938291666666667,5.710154573122661,79.2729098002116,377.40927770000417
dgn_complete__pair_N6_ego_attention__seed7,dgn_qmix,coord_grid,7,2580,64525,50.0,25,0.4891850000000001,3.4535333939961026,68.29792622157505,377.54271790001076
dgn_complete__pair_N6_ego_attention__seed7,dgn_qmix,coord_grid,7,2581,64550,46.0,25,0.4889870833333334,3.2732784698406854,55.30273246765137,377.67736739997054
dgn_complete__pair_N6_ego_attention__seed7,dgn_qmix,coord_grid,7,2582,64575,52.0,25,0.4887891666666667,6.856579780578613,78.42684427897136,377.8694827000145
dgn_complete__pair_N6_ego_attention__seed7,dgn_qmix,coord_grid,7,2583,64600,52.5,25,0.4885912499999999,3.28583591679732,64.44874254862468,378.064893200004
dgn_complete__pair_N6_ego_attention__seed7,dgn_qmix,coord_grid,7,2584,64625,49.5,25,0.48839333333333335,6.760256929056985,62.380845751081196,378.2757647999679
dgn_complete__pair_N6_ego_attention__seed7,dgn_qmix,coord_grid,7,2585,64650,59.5,25,0.48819541666666666,3.8376189917325974,40.477675120035805,378.40351609996287
dgn_complete__pair_N6_ego_attention__seed7,dgn_qmix,coord_grid,7,2586,64675,64.0,25,0.4879975,6.611219724019368,32.22565015157064,378.60453899996355
dgn_complete__pair_N6_ego_attention__seed7,dgn_qmix,coord_grid,7,2587,64700,51.0,25,0.4877995833333334,4.961426645517349,55.18173631032308,378.73977889999514
dgn_complete__pair_N6_ego_attention__seed7,dgn_qmix,coord_grid,7,2588,64725,45.0,25,0.4876016666666667,7.7236356394631525,56.80125617980957,378.9314441999886
dgn_complete__pair_N6_ego_attention__seed7,dgn_qmix,coord_grid,7,2589,64750,56.5,25,0.48740375,5.4888789554437,26.661025365193684,379.0935628999723
dgn_complete__pair_N6_ego_attention__seed7,dgn_qmix,coord_grid,7,2590,64775,36.0,25,0.48720583333333345,2.7908263951539993,61.80569839477539,379.27953549998347
dgn_complete__pair_N6_ego_attention__seed7,dgn_qmix,coord_grid,7,2591,64800,42.5,25,0.48700791666666676,4.571525384982427,70.6120433807373,379.41600309999194
dgn_complete__pair_N6_ego_attention__seed7,dgn_qmix,coord_grid,7,2592,64825,41.5,25,0.48680999999999996,4.891064754554203,69.73123468671527,379.5687553999596
dgn_complete__pair_N6_ego_attention__seed7,dgn_qmix,coord_grid,7,2593,64850,48.0,25,0.4866120833333333,4.48809015750885,65.36695432662964,379.6765302999993
dgn_complete__pair_N6_ego_attention__seed7,dgn_qmix,coord_grid,7,2594,64875,52.0,25,0.4864141666666667,7.763927141825358,65.08032830556233,379.84656460001133
dgn_complete__pair_N6_ego_attention__seed7,dgn_qmix,coord_grid,7,2595,64900,51.0,25,0.48621625,6.624319463968277,46.63609027862549,379.98198809998576
dgn_complete__pair_N6_ego_attention__seed7,dgn_qmix,coord_grid,7,2596,64925,55.5,25,0.48601833333333333,4.227348106248038,35.81416893005371,380.1400881999871
dgn_complete__pair_N6_ego_attention__seed7,dgn_qmix,coord_grid,7,2597,64950,52.5,25,0.48582041666666675,4.300963252782822,36.71102635065714,380.29582419997314
dgn_complete__pair_N6_ego_attention__seed7,dgn_qmix,coord_grid,7,2598,64975,67.5,25,0.48562250000000007,4.896062398950259,41.445685386657715,380.4328994000098
dgn_complete__pair_N6_ego_attention__seed7,dgn_qmix,coord_grid,7,2599,65000,46.0,25,0.4854245833333334,4.325727090239525,56.04448858896891,380.5741561999894
dgn_complete__pair_N6_ego_attention__seed7,dgn_qmix,coord_grid,7,2600,65025,53.0,25,0.4852266666666667,5.91331873195512,69.83517265319824,380.67815240001073
dgn_complete__pair_N6_ego_attention__seed7,dgn_qmix,coord_grid,7,2601,65050,49.0,25,0.48502875,4.9144692321618395,27.7369548479716,380.82868629996665
dgn_complete__pair_N6_ego_attention__seed7,dgn_qmix,coord_grid,7,2602,65075,48.5,25,0.4848308333333333,6.0387408037980395,45.376357078552246,380.9661883999943
dgn_complete__pair_N6_ego_attention__seed7,dgn_qmix,coord_grid,7,2603,65100,48.5,25,0.48463291666666664,3.2652472058931985,31.084676424662273,381.1298451999901
dgn_complete__pair_N6_ego_attention__seed7,dgn_qmix,coord_grid,7,2604,65125,48.0,25,0.48443500000000006,5.7996329835483005,40.50539084843227,381.3014665999799
dgn_complete__pair_N6_ego_attention__seed7,dgn_qmix,coord_grid,7,2605,65150,49.5,25,0.4842370833333334,7.2230231265227,34.3729141553243,381.488342800003
dgn_complete__pair_N6_ego_attention__seed7,dgn_qmix,coord_grid,7,2606,65175,67.5,25,0.4840391666666667,2.713429773847262,39.4735738436381,381.64030329999514
dgn_complete__pair_N6_ego_attention__seed7,dgn_qmix,coord_grid,7,2607,65200,51.0,25,0.4838412500000001,4.969289263089498,32.948160807291664,381.83592109999154
dgn_complete__pair_N6_ego_attention__seed7,dgn_qmix,coord_grid,7,2608,65225,57.5,25,0.4836433333333334,3.748192991529192,32.487498828342986,381.97016299999086
dgn_complete__pair_N6_ego_attention__seed7,dgn_qmix,coord_grid,7,2609,65250,55.0,25,0.4834454166666666,4.924111907680829,47.803452809651695,382.08207539998693
dgn_complete__pair_N6_ego_attention__seed7,dgn_qmix,coord_grid,7,2610,65275,60.5,25,0.48324749999999994,8.923305630683899,51.724419911702476,382.2379762000055
dgn_complete__pair_N6_ego_attention__seed7,dgn_qmix,coord_grid,7,2611,65300,46.0,25,0.48304958333333337,4.999705056349437,51.11836544672648,382.4330287000048
dgn_complete__pair_N6_ego_attention__seed7,dgn_qmix,coord_grid,7,2612,65325,62.0,25,0.4828516666666667,3.8703096168381825,66.37198420933315,382.5692504000035
dgn_complete__pair_N6_ego_attention__seed7,dgn_qmix,coord_grid,7,2613,65350,77.5,25,0.48265375,5.55734517176946,44.64213498433431,382.75827389996266
dgn_complete__pair_N6_ego_attention__seed7,dgn_qmix,coord_grid,7,2614,65375,52.0,25,0.4824558333333334,4.4067757825056715,61.33696301778158,382.87872809998225
dgn_complete__pair_N6_ego_attention__seed7,dgn_qmix,coord_grid,7,2615,65400,51.5,25,0.48225791666666673,4.935263896981875,39.51601235071818,382.99855590000516
dgn_complete__pair_N6_ego_attention__seed7,dgn_qmix,coord_grid,7,2616,65425,57.5,25,0.48206000000000004,5.283064659152712,47.766771589006694,383.19203769997694
dgn_complete__pair_N6_ego_attention__seed7,dgn_qmix,coord_grid,7,2617,65450,45.0,25,0.48186208333333336,4.935043146212895,39.35020383199056,383.3595081999665
dgn_complete__pair_N6_ego_attention__seed7,dgn_qmix,coord_grid,7,2618,65475,46.0,25,0.48166416666666667,2.639630804459254,38.031097730000816,383.47374919999857
dgn_complete__pair_N6_ego_attention__seed7,dgn_qmix,coord_grid,7,2619,65500,58.0,25,0.48146625,7.233910729487737,46.03449169794718,383.6988461999572
dgn_complete__pair_N6_ego_attention__seed7,dgn_qmix,coord_grid,7,2620,65525,54.0,25,0.4812683333333333,7.322588682174683,41.90814372471401,383.8972594999941
dgn_complete__pair_N6_ego_attention__seed7,dgn_qmix,coord_grid,7,2621,65550,62.5,25,0.4810704166666667,3.194888152182102,25.668978850046795,384.07028439996066
dgn_complete__pair_N6_ego_attention__seed7,dgn_qmix,coord_grid,7,2622,65575,30.5,25,0.48087250000000004,6.154642462730408,55.21878449122111,384.218393499963
dgn_complete__pair_N6_ego_attention__seed7,dgn_qmix,coord_grid,7,2623,65600,39.0,25,0.48067458333333335,5.7171516219774885,82.58467880884807,384.3644718999858
dgn_complete__pair_N6_ego_attention__seed7,dgn_qmix,coord_grid,7,2624,65625,59.5,25,0.4804766666666668,3.86537657891001,63.91639736720494,384.5163758000126
dgn_complete__pair_N6_ego_attention__seed7,dgn_qmix,coord_grid,7,2625,65650,44.5,25,0.4802787500000001,3.2377357135216394,54.562655448913574,384.69714149995707
dgn_complete__pair_N6_ego_attention__seed7,dgn_qmix,coord_grid,7,2626,65675,56.0,25,0.4800808333333334,3.2789973666270575,40.129690170288086,384.8493860999588
dgn_complete__pair_N6_ego_attention__seed7,dgn_qmix,coord_grid,7,2627,65700,42.0,25,0.4798829166666666,5.425011873245239,27.951997598012287,384.9742119999719
dgn_complete__pair_N6_ego_attention__seed7,dgn_qmix,coord_grid,7,2628,65725,43.5,25,0.47968500000000003,5.290117161614554,55.438450404575896,385.0742605999694
dgn_complete__pair_N6_ego_attention__seed7,dgn_qmix,coord_grid,7,2629,65750,46.5,25,0.47948708333333334,3.8074797093868256,52.06373278299967,385.2407908999594
dgn_complete__pair_N6_ego_attention__seed7,dgn_qmix,coord_grid,7,2630,65775,56.5,25,0.47928916666666666,2.6941711207230887,52.90595976511637,385.43122239998775
dgn_complete__pair_N6_ego_attention__seed7,dgn_qmix,coord_grid,7,2631,65800,46.0,25,0.4790912500000001,3.8260288139184317,44.34558089574178,385.5663665999891
dgn_complete__pair_N6_ego_attention__seed7,dgn_qmix,coord_grid,7,2632,65825,42.5,25,0.4788933333333334,5.744742248739515,97.26949991498675,385.7060632999637
dgn_complete__pair_N6_ego_attention__seed7,dgn_qmix,coord_grid,7,2633,65850,35.5,25,0.4786954166666667,4.143747488657634,100.23783175150554,385.8185256999568
dgn_complete__pair_N6_ego_attention__seed7,dgn_qmix,coord_grid,7,2634,65875,47.5,25,0.4784975,5.21516748269399,84.95021120707194,386.0070742999669
dgn_complete__pair_N6_ego_attention__seed7,dgn_qmix,coord_grid,7,2635,65900,50.5,25,0.47829958333333333,5.114485750595729,48.118245124816895,386.2145732999779
dgn_complete__pair_N6_ego_attention__seed7,dgn_qmix,coord_grid,7,2636,65925,41.5,25,0.47810166666666665,6.0318949563162665,75.0207132611956,386.3901199999964
dgn_complete__pair_N6_ego_attention__seed7,dgn_qmix,coord_grid,7,2637,65950,59.0,25,0.47790374999999996,4.083315342664719,90.0545555750529,386.5139591000043
dgn_complete__pair_N6_ego_attention__seed7,dgn_qmix,coord_grid,7,2638,65975,48.0,25,0.4777058333333334,2.8448655953009925,87.27854092915852,386.6675413000048
dgn_complete__pair_N6_ego_attention__seed7,dgn_qmix,coord_grid,7,2639,66000,43.0,25,0.4775079166666667,5.71440068880717,73.50257269541423,386.8142091999762
dgn_complete__pair_N6_ego_attention__seed7,dgn_qmix,coord_grid,7,2640,66025,44.5,25,0.47731,5.87549164039748,54.66271073477609,386.95947840000736
dgn_complete__pair_N6_ego_attention__seed7,dgn_qmix,coord_grid,7,2641,66050,63.0,25,0.4771120833333333,6.395389795303345,76.35596720377605,387.0904933999991
dgn_complete__pair_N6_ego_attention__seed7,dgn_qmix,coord_grid,7,2642,66075,34.0,25,0.47691416666666675,3.472120851278305,89.82898012797038,387.2253766999929
dgn_complete__pair_N6_ego_attention__seed7,dgn_qmix,coord_grid,7,2643,66100,48.0,25,0.47671625000000006,4.1495552361011505,87.48002084096272,387.3665757999988
dgn_complete__pair_N6_ego_attention__seed7,dgn_qmix,coord_grid,7,2644,66125,40.5,25,0.47651833333333327,2.443939153637205,67.2709208897182,387.5285167999682
dgn_complete__pair_N6_ego_attention__seed7,dgn_qmix,coord_grid,7,2645,66150,62.0,25,0.4763204166666667,6.210175593694051,58.85739517211914,387.6551351000089
dgn_complete__pair_N6_ego_attention__seed7,dgn_qmix,coord_grid,7,2646,66175,71.5,25,0.4761225,5.613534877697627,48.38349771499634,387.79653029999463
dgn_complete__pair_N6_ego_attention__seed7,dgn_qmix,coord_grid,7,2647,66200,55.5,25,0.4759245833333333,3.8914519399404526,69.45051447550456,387.91348980000475
dgn_complete__pair_N6_ego_attention__seed7,dgn_qmix,coord_grid,7,2648,66225,57.5,25,0.47572666666666674,3.0194051946912492,69.51726831708636,388.0667859999812
dgn_complete__pair_N6_ego_attention__seed7,dgn_qmix,coord_grid,7,2649,66250,55.0,25,0.47552875000000006,2.2467121134201684,63.46738084157308,388.22031359997345
dgn_complete__pair_N6_ego_attention__seed7,dgn_qmix,coord_grid,7,2650,66275,40.5,25,0.47533083333333337,4.995139787594478,51.487793604532875,388.36983099998906
dgn_complete__pair_N6_ego_attention__seed7,dgn_qmix,coord_grid,7,2651,66300,45.5,25,0.4751329166666667,3.3034430046876273,54.26535288492838,388.4979200999951
dgn_complete__pair_N6_ego_attention__seed7,dgn_qmix,coord_grid,7,2652,66325,46.0,25,0.4749350000000001,3.385220923594066,61.64653859819685,388.6597049999982
dgn_complete__pair_N6_ego_attention__seed7,dgn_qmix,coord_grid,7,2653,66350,68.5,25,0.4747370833333333,4.997318545977275,35.003475507100426,388.77629680000246
dgn_complete__pair_N6_ego_attention__seed7,dgn_qmix,coord_grid,7,2654,66375,42.0,25,0.4745391666666666,5.556066920359929,50.3497314453125,388.91897120000795
dgn_complete__pair_N6_ego_attention__seed7,dgn_qmix,coord_grid,7,2655,66400,47.0,25,0.47434125000000005,6.163112243016561,43.99907112121582,389.06742289999966
dgn_complete__pair_N6_ego_attention__seed7,dgn_qmix,coord_grid,7,2656,66425,42.0,25,0.47414333333333336,5.291157969406673,35.65514537266323,389.1793508999981
dgn_complete__pair_N6_ego_attention__seed7,dgn_qmix,coord_grid,7,2657,66450,43.0,25,0.4739454166666667,3.8522146542867026,41.75292682647705,389.3039580999757
dgn_complete__pair_N6_ego_attention__seed7,dgn_qmix,coord_grid,7,2658,66475,59.0,25,0.4737475,7.862790589531262,40.45058949788412,389.4100677999668
dgn_complete__pair_N6_ego_attention__seed7,dgn_qmix,coord_grid,7,2659,66500,46.0,25,0.4735495833333334,3.283482477068901,25.181886514027912,389.58051140001044
dgn_complete__pair_N6_ego_attention__seed7,dgn_qmix,coord_grid,7,2660,66525,39.0,25,0.4733516666666667,4.860293264899935,37.667178290230886,389.7450528999907
dgn_complete__pair_N6_ego_attention__seed7,dgn_qmix,coord_grid,7,2661,66550,54.5,25,0.47315375000000004,5.025264153877894,55.08566443125407,389.87811960000545
dgn_complete__pair_N6_ego_attention__seed7,dgn_qmix,coord_grid,7,2662,66575,52.5,25,0.47295583333333335,5.1894882917404175,74.64856847127278,390.0377953000134
dgn_complete__pair_N6_ego_attention__seed7,dgn_qmix,coord_grid,7,2663,66600,41.0,25,0.47275791666666667,5.53326412041982,42.70679759979248,390.1831091999775
dgn_complete__pair_N6_ego_attention__seed7,dgn_qmix,coord_grid,7,2664,66625,48.5,25,0.47256,3.45209943822452,60.79939733232771,390.38338519999525
dgn_complete__pair_N6_ego_attention__seed7,dgn_qmix,coord_grid,7,2665,66650,43.5,25,0.4723620833333334,5.513048628966014,40.841781298319496,390.53793539997423
dgn_complete__pair_N6_ego_attention__seed7,dgn_qmix,coord_grid,7,2666,66675,47.5,25,0.4721641666666667,4.01881838341554,69.12176100413005,390.7044179000077
dgn_complete__pair_N6_ego_attention__seed7,dgn_qmix,coord_grid,7,2667,66700,58.5,25,0.47196625000000003,6.098178009192149,39.74182653427124,390.9035059000016
dgn_complete__pair_N6_ego_attention__seed7,dgn_qmix,coord_grid,7,2668,66725,43.5,25,0.47176833333333335,5.2961476147174835,43.01343495505197,391.0548029000056
dgn_complete__pair_N6_ego_attention__seed7,dgn_qmix,coord_grid,7,2669,66750,44.5,25,0.47157041666666677,2.712104484438896,48.606837590535484,391.19184099999256
dgn_complete__pair_N6_ego_attention__seed7,dgn_qmix,coord_grid,7,2670,66775,54.5,25,0.47137249999999997,2.7269804875055947,45.0291690826416,391.37039629998617
dgn_complete__pair_N6_ego_attention__seed7,dgn_qmix,coord_grid,7,2671,66800,43.5,25,0.4711745833333333,4.440940126776695,43.44490464528402,391.5070230999845
dgn_complete__pair_N6_ego_attention__seed7,dgn_qmix,coord_grid,7,2672,66825,45.5,25,0.4709766666666667,3.3808224201202393,36.460201263427734,391.652304999996
dgn_complete__pair_N6_ego_attention__seed7,dgn_qmix,coord_grid,7,2673,66850,58.5,25,0.47077875,6.137356956799825,33.94932095209757,391.8105043999967
dgn_complete__pair_N6_ego_attention__seed7,dgn_qmix,coord_grid,7,2674,66875,52.0,25,0.47058083333333334,7.880967934926351,46.70099067687988,391.98997269995743
dgn_complete__pair_N6_ego_attention__seed7,dgn_qmix,coord_grid,7,2675,66900,30.0,25,0.47038291666666665,2.1612791816393533,52.59521849950155,392.1198102000053
dgn_complete__pair_N6_ego_attention__seed7,dgn_qmix,coord_grid,7,2676,66925,49.0,25,0.4701850000000001,3.4435951709747314,77.71136202131,392.26099440001417
dgn_complete__pair_N6_ego_attention__seed7,dgn_qmix,coord_grid,7,2677,66950,41.5,25,0.4699870833333334,5.062491223216057,54.61670430501302,392.40293139999267
dgn_complete__pair_N6_ego_attention__seed7,dgn_qmix,coord_grid,7,2678,66975,59.0,25,0.4697891666666667,4.977306127548218,39.1135261853536,392.5701534000109
dgn_complete__pair_N6_ego_attention__seed7,dgn_qmix,coord_grid,7,2679,67000,44.0,25,0.46959125,3.9231668214003244,42.26574468612671,392.7246320999693
dgn_complete__pair_N6_ego_attention__seed7,dgn_qmix,coord_grid,7,2680,67025,38.0,25,0.46939333333333333,5.768152779766491,26.067178998674667,392.95196549996035
dgn_complete__pair_N6_ego_attention__seed7,dgn_qmix,coord_grid,7,2681,67050,53.0,25,0.46919541666666664,4.921401396393776,26.942405859629314,393.10181769996416
dgn_complete__pair_N6_ego_attention__seed7,dgn_qmix,coord_grid,7,2682,67075,53.5,25,0.46899750000000007,2.7980108112096786,58.64785861968994,393.23818869999377
dgn_complete__pair_N6_ego_attention__seed7,dgn_qmix,coord_grid,7,2683,67100,66.0,25,0.4687995833333334,6.128999734918277,31.193243344624836,393.36126799997874
dgn_complete__pair_N6_ego_attention__seed7,dgn_qmix,coord_grid,7,2684,67125,61.5,25,0.4686016666666667,5.424955061503819,50.53384045192173,393.5221277999808
dgn_complete__pair_N6_ego_attention__seed7,dgn_qmix,coord_grid,7,2685,67150,60.0,25,0.46840375,4.432575200994809,49.50366163253784,393.65198709996184
dgn_complete__pair_N6_ego_attention__seed7,dgn_qmix,coord_grid,7,2686,67175,47.0,25,0.46820583333333343,6.092466135819753,32.26895189285278,393.76331929996377
dgn_complete__pair_N6_ego_attention__seed7,dgn_qmix,coord_grid,7,2687,67200,57.5,25,0.46800791666666675,5.508926446239154,39.09702110290527,393.877278800006
dgn_complete__pair_N6_ego_attention__seed7,dgn_qmix,coord_grid,7,2688,67225,42.0,25,0.46780999999999995,6.289465767996652,33.4074581691197,394.03302649996476
dgn_complete__pair_N6_ego_attention__seed7,dgn_qmix,coord_grid,7,2689,67250,41.0,25,0.4676120833333334,5.562722121675809,36.898243268330894,394.2270913000102
dgn_complete__pair_N6_ego_attention__seed7,dgn_qmix,coord_grid,7,2690,67275,43.0,25,0.4674141666666667,4.494650145371755,63.38649717966715,394.3773549000034
dgn_complete__pair_N6_ego_attention__seed7,dgn_qmix,coord_grid,7,2691,67300,47.5,25,0.46721625,4.398690799872081,38.26864846547445,394.55664520000573
dgn_complete__pair_N6_ego_attention__seed7,dgn_qmix,coord_grid,7,2692,67325,44.5,25,0.4670183333333333,3.7911913565226962,19.956502641950333,394.7405928999651
dgn_complete__pair_N6_ego_attention__seed7,dgn_qmix,coord_grid,7,2693,67350,44.0,25,0.46682041666666674,3.844662368297577,39.40685304005941,394.89267169998493
dgn_complete__pair_N6_ego_attention__seed7,dgn_qmix,coord_grid,7,2694,67375,41.5,25,0.46662250000000005,4.346962769826253,30.880702018737793,395.08391280000797
dgn_complete__pair_N6_ego_attention__seed7,dgn_qmix,coord_grid,7,2695,67400,35.5,25,0.46642458333333336,6.096389810244243,25.673986117045086,395.2526683000033
dgn_complete__pair_N6_ego_attention__seed7,dgn_qmix,coord_grid,7,2696,67425,51.5,25,0.4662266666666667,2.685482851096562,102.4670023236956,395.392316100013
dgn_complete__pair_N6_ego_attention__seed7,dgn_qmix,coord_grid,7,2697,67450,56.0,25,0.46602875,5.865647713343303,77.54532686869304,395.5261641999823
dgn_complete__pair_N6_ego_attention__seed7,dgn_qmix,coord_grid,7,2698,67475,52.5,25,0.4658308333333333,4.551571170488994,65.99131218592326,395.6617595999851
dgn_complete__pair_N6_ego_attention__seed7,dgn_qmix,coord_grid,7,2699,67500,40.0,25,0.46563291666666673,4.60987954835097,69.19201612472534,395.7813254999928
dgn_complete__pair_N6_ego_attention__seed7,dgn_qmix,coord_grid,7,2700,67525,52.0,25,0.46543500000000004,3.699640159096037,91.84102194649833,395.9668594999821
dgn_complete__pair_N6_ego_attention__seed7,dgn_qmix,coord_grid,7,2701,67550,58.5,25,0.46523708333333336,4.002962092558543,66.28760782877605,396.1153140999959
dgn_complete__pair_N6_ego_attention__seed7,dgn_qmix,coord_grid,7,2702,67575,54.0,25,0.46503916666666667,4.159041364987691,95.37539513905843,396.2654635999934
dgn_complete__pair_N6_ego_attention__seed7,dgn_qmix,coord_grid,7,2703,67600,37.5,25,0.4648412500000001,6.876110792160034,64.14384015401204,396.4007972999825
dgn_complete__pair_N6_ego_attention__seed7,dgn_qmix,coord_grid,7,2704,67625,51.5,25,0.4646433333333334,3.326662297759737,27.417884145464217,396.6033856999711
dgn_complete__pair_N6_ego_attention__seed7,dgn_qmix,coord_grid,7,2705,67650,48.5,25,0.4644454166666666,8.028888503710428,65.13651084899902,396.8209224999882
dgn_complete__pair_N6_ego_attention__seed7,dgn_qmix,coord_grid,7,2706,67675,46.5,25,0.46424750000000004,5.653351773818334,51.54533036549886,396.97280230000615
dgn_complete__pair_N6_ego_attention__seed7,dgn_qmix,coord_grid,7,2707,67700,57.0,25,0.46404958333333335,5.031657546758652,62.923553148905434,397.0999804000021
dgn_complete__pair_N6_ego_attention__seed7,dgn_qmix,coord_grid,7,2708,67725,58.5,25,0.46385166666666666,4.95456599337714,62.49096897670201,397.2670926999999
dgn_complete__pair_N6_ego_attention__seed7,dgn_qmix,coord_grid,7,2709,67750,28.0,25,0.46365375,3.2592918972174325,37.385802586873375,397.4659399999655
dgn_complete__pair_N6_ego_attention__seed7,dgn_qmix,coord_grid,7,2710,67775,65.0,25,0.4634558333333334,5.027985592683156,41.727402687072754,397.62306979997084
dgn_complete__pair_N6_ego_attention__seed7,dgn_qmix,coord_grid,7,2711,67800,54.0,25,0.4632579166666667,5.540082027514775,32.573726654052734,397.8285521999933
dgn_complete__pair_N6_ego_attention__seed7,dgn_qmix,coord_grid,7,2712,67825,53.0,25,0.46306,3.9362203649112155,47.79698262895857,398.05289589997847
dgn_complete__pair_N6_ego_attention__seed7,dgn_qmix,coord_grid,7,2713,67850,47.0,25,0.46286208333333345,2.7396515756845474,39.469279766082764,398.2082248000079
dgn_complete__pair_N6_ego_attention__seed7,dgn_qmix,coord_grid,7,2714,67875,47.0,25,0.46266416666666665,4.390916054447492,23.212581952412922,398.37665339995874
dgn_complete__pair_N6_ego_attention__seed7,dgn_qmix,coord_grid,7,2715,67900,41.5,25,0.46246624999999997,3.511709213256836,79.90521876017253,398.5126778999693
dgn_complete__pair_N6_ego_attention__seed7,dgn_qmix,coord_grid,7,2716,67925,54.0,25,0.4622683333333333,3.9699878224304745,66.73135076250348,398.64530679996824
dgn_complete__pair_N6_ego_attention__seed7,dgn_qmix,coord_grid,7,2717,67950,55.0,25,0.4620704166666667,1.5588327497243881,45.63010629018148,398.78788099996746
dgn_complete__pair_N6_ego_attention__seed7,dgn_qmix,coord_grid,7,2718,67975,53.5,25,0.4618725,5.609588444232941,58.269011815389,398.97102429997176
dgn_complete__pair_N6_ego_attention__seed7,dgn_qmix,coord_grid,7,2719,68000,58.0,25,0.46167458333333333,5.55219167470932,18.553429285685223,399.13077849999536
dgn_complete__pair_N6_ego_attention__seed7,dgn_qmix,coord_grid,7,2720,68025,47.5,25,0.46147666666666676,3.9288623375552043,27.74434048788888,399.3233682999853
dgn_complete__pair_N6_ego_attention__seed7,dgn_qmix,coord_grid,7,2721,68050,50.5,25,0.46127875000000007,3.990655948718389,72.91147073109944,399.5283953999751
dgn_complete__pair_N6_ego_attention__seed7,dgn_qmix,coord_grid,7,2722,68075,46.0,25,0.4610808333333334,5.5734652653336525,29.032233874003094,399.669052799989
dgn_complete__pair_N6_ego_attention__seed7,dgn_qmix,coord_grid,7,2723,68100,42.5,25,0.4608829166666667,5.199093302090962,78.28089904785156,399.8328290999634
dgn_complete__pair_N6_ego_attention__seed7,dgn_qmix,coord_grid,7,2724,68125,47.5,25,0.460685,6.637272315365927,92.66123689923968,399.98289240000304
dgn_complete__pair_N6_ego_attention__seed7,dgn_qmix,coord_grid,7,2725,68150,53.0,25,0.4604870833333333,5.337836444377899,97.89482688903809,400.1195127000101
dgn_complete__pair_N6_ego_attention__seed7,dgn_qmix,coord_grid,7,2726,68175,51.5,25,0.46028916666666664,1.742384706934293,77.92553806304932,400.245382699999
dgn_complete__pair_N6_ego_attention__seed7,dgn_qmix,coord_grid,7,2727,68200,50.5,25,0.46009125000000006,5.623621463775635,28.888815720876057,400.3907029000111
dgn_complete__pair_N6_ego_attention__seed7,dgn_qmix,coord_grid,7,2728,68225,58.0,25,0.4598933333333334,2.054974913597107,86.00283649989537,400.58451439999044
dgn_complete__pair_N6_ego_attention__seed7,dgn_qmix,coord_grid,7,2729,68250,63.5,25,0.4596954166666667,6.314422418673833,54.3313954671224,400.6974632999627
dgn_complete__pair_N6_ego_attention__seed7,dgn_qmix,coord_grid,7,2730,68275,52.5,25,0.4594975000000001,5.69263472656409,44.80512650807699,400.82883379998384
dgn_complete__pair_N6_ego_attention__seed7,dgn_qmix,coord_grid,7,2731,68300,51.0,25,0.4592995833333333,6.891878684361775,51.30682881673177,401.06500120001147
dgn_complete__pair_N6_ego_attention__seed7,dgn_qmix,coord_grid,7,2732,68325,42.5,25,0.45910166666666663,2.953736411673682,60.29782485961914,401.26190619997215
dgn_complete__pair_N6_ego_attention__seed7,dgn_qmix,coord_grid,7,2733,68350,64.5,25,0.45890374999999994,2.865818165242672,61.78113619486491,401.41287659999216
dgn_complete__pair_N6_ego_attention__seed7,dgn_qmix,coord_grid,7,2734,68375,42.0,25,0.45870583333333337,5.599230051040649,33.79022407531738,401.64127480000025
dgn_complete__pair_N6_ego_attention__seed7,dgn_qmix,coord_grid,7,2735,68400,58.5,25,0.4585079166666667,3.87825907766819,54.03895807266235,401.7650179999764
dgn_complete__pair_N6_ego_attention__seed7,dgn_qmix,coord_grid,7,2736,68425,42.5,25,0.45831,4.925241036074502,45.942206791469026,401.926075699972
dgn_complete__pair_N6_ego_attention__seed7,dgn_qmix,coord_grid,7,2737,68450,43.0,25,0.4581120833333334,2.70048359533151,27.157104174296062,402.12911340000574
dgn_complete__pair_N6_ego_attention__seed7,dgn_qmix,coord_grid,7,2738,68475,62.0,25,0.45791416666666673,5.072697550058365,36.213934898376465,402.3191588000045
dgn_complete__pair_N6_ego_attention__seed7,dgn_qmix,coord_grid,7,2739,68500,44.0,25,0.45771625000000005,3.9731292029221854,54.42622184753418,402.42477539996617
dgn_complete__pair_N6_ego_attention__seed7,dgn_qmix,coord_grid,7,2740,68525,49.5,25,0.45751833333333336,3.5322246892111644,76.64606312343052,402.54924449999817
dgn_complete__pair_N6_ego_attention__seed7,dgn_qmix,coord_grid,7,2741,68550,49.0,25,0.4573204166666667,5.689033945401509,46.130276362101235,402.6889458000078
dgn_complete__pair_N6_ego_attention__seed7,dgn_qmix,coord_grid,7,2742,68575,51.0,25,0.4571225,3.9789898892243705,66.23096640904744,402.8498797999928
dgn_complete__pair_N6_ego_attention__seed7,dgn_qmix,coord_grid,7,2743,68600,56.0,25,0.4569245833333333,4.597585986057918,73.70919704437256,402.9678566000075
dgn_complete__pair_N6_ego_attention__seed7,dgn_qmix,coord_grid,7,2744,68625,43.5,25,0.4567266666666667,4.6403436831065585,88.32820510864258,403.122203100007
dgn_complete__pair_N6_ego_attention__seed7,dgn_qmix,coord_grid,7,2745,68650,51.5,25,0.45652875000000004,6.059482147296269,102.76971689860027,403.262669299962
dgn_complete__pair_N6_ego_attention__seed7,dgn_qmix,coord_grid,7,2746,68675,51.0,25,0.45633083333333335,4.322390556335449,113.70582644144694,403.4257460999652
dgn_complete__pair_N6_ego_attention__seed7,dgn_qmix,coord_grid,7,2747,68700,54.0,25,0.4561329166666668,7.487457354863484,69.99083868662517,403.5765143999597
dgn_complete__pair_N6_ego_attention__seed7,dgn_qmix,coord_grid,7,2748,68725,50.5,25,0.4559350000000001,4.3851562695843835,54.14800180707659,403.71488270000555
dgn_complete__pair_N6_ego_attention__seed7,dgn_qmix,coord_grid,7,2749,68750,45.0,25,0.4557370833333333,5.229071393609047,70.45957120259602,403.90281739999773
dgn_complete__pair_N6_ego_attention__seed7,dgn_qmix,coord_grid,7,2750,68775,50.0,25,0.4555391666666666,7.083209703365962,94.0845193862915,404.03464229998644
dgn_complete__pair_N6_ego_attention__seed7,dgn_qmix,coord_grid,7,2751,68800,49.0,25,0.45534125000000003,7.444513042767842,48.01705519358317,404.161454999994
dgn_complete__pair_N6_ego_attention__seed7,dgn_qmix,coord_grid,7,2752,68825,45.0,25,0.45514333333333334,5.857767620256969,24.773289135524205,404.27535710000666
dgn_complete__pair_N6_ego_attention__seed7,dgn_qmix,coord_grid,7,2753,68850,46.5,25,0.45494541666666666,3.379507079720497,43.56869093577067,404.46919119998347
dgn_complete__pair_N6_ego_attention__seed7,dgn_qmix,coord_grid,7,2754,68875,56.5,25,0.4547475000000001,3.8828827838102975,45.5661408106486,404.60448469995754
dgn_complete__pair_N6_ego_attention__seed7,dgn_qmix,coord_grid,7,2755,68900,36.5,25,0.4545495833333334,2.7490239987770715,33.349318186442055,404.75204429996666
dgn_complete__pair_N6_ego_attention__seed7,dgn_qmix,coord_grid,7,2756,68925,34.0,25,0.4543516666666667,3.3841420071465627,45.3272384916033,404.960743899981
dgn_complete__pair_N6_ego_attention__seed7,dgn_qmix,coord_grid,7,2757,68950,43.5,25,0.45415375,6.222039520740509,24.086034933725994,405.10654030001024
dgn_complete__pair_N6_ego_attention__seed7,dgn_qmix,coord_grid,7,2758,68975,49.5,25,0.45395583333333334,5.037301152944565,31.30657386779785,405.27841339999577
dgn_complete__pair_N6_ego_attention__seed7,dgn_qmix,coord_grid,7,2759,69000,45.5,25,0.45375791666666665,4.968939982354641,22.79546817143758,405.4007959999726
dgn_complete__pair_N6_ego_attention__seed7,dgn_qmix,coord_grid,7,2760,69025,48.0,25,0.45355999999999996,4.721157529524395,92.04491451808384,405.55432329996256
dgn_complete__pair_N6_ego_attention__seed7,dgn_qmix,coord_grid,7,2761,69050,47.5,25,0.4533620833333334,8.264882644017538,81.59360122680664,405.73146549996454
dgn_complete__pair_N6_ego_attention__seed7,dgn_qmix,coord_grid,7,2762,69075,44.0,25,0.4531641666666667,2.902917504310608,77.90865580240886,405.8702807999798
dgn_complete__pair_N6_ego_attention__seed7,dgn_qmix,coord_grid,7,2763,69100,50.5,25,0.45296625,2.8340725551048913,61.04266103108724,405.982833499962
dgn_complete__pair_N6_ego_attention__seed7,dgn_qmix,coord_grid,7,2764,69125,53.0,25,0.45276833333333344,6.3909382820129395,28.178377151489258,406.16830109996954
dgn_complete__pair_N6_ego_attention__seed7,dgn_qmix,coord_grid,7,2765,69150,51.5,25,0.45257041666666675,5.693897068500519,27.01702292760213,406.29510519996984
dgn_complete__pair_N6_ego_attention__seed7,dgn_qmix,coord_grid,7,2766,69175,47.0,25,0.45237249999999996,3.346316933631897,29.090089797973633,406.4269275999977
dgn_complete__pair_N6_ego_attention__seed7,dgn_qmix,coord_grid,7,2767,69200,52.5,25,0.45217458333333327,5.089908768733342,40.58194875717163,406.588153299992
dgn_complete__pair_N6_ego_attention__seed7,dgn_qmix,coord_grid,7,2768,69225,41.0,25,0.4519766666666667,1.893351850765092,34.748915672302246,406.7610151999979
dgn_complete__pair_N6_ego_attention__seed7,dgn_qmix,coord_grid,7,2769,69250,50.0,25,0.45177875,6.97888508439064,56.819427808125816,406.90356119995704
dgn_complete__pair_N6_ego_attention__seed7,dgn_qmix,coord_grid,7,2770,69275,60.0,25,0.4515808333333333,6.51243915160497,80.65558576583862,407.06373789999634
dgn_complete__pair_N6_ego_attention__seed7,dgn_qmix,coord_grid,7,2771,69300,59.5,25,0.45138291666666674,7.045222004254659,62.17837047576904,407.1717890999862
dgn_complete__pair_N6_ego_attention__seed7,dgn_qmix,coord_grid,7,2772,69325,55.5,25,0.45118500000000006,5.445969428334918,42.64863668169294,407.35566110000946
dgn_complete__pair_N6_ego_attention__seed7,dgn_qmix,coord_grid,7,2773,69350,55.5,25,0.45098708333333337,1.5250834226608276,31.695600032806396,407.5259536000085
dgn_complete__pair_N6_ego_attention__seed7,dgn_qmix,coord_grid,7,2774,69375,31.0,25,0.4507891666666668,4.02117391427358,36.09203084309896,407.6732086999691
dgn_complete__pair_N6_ego_attention__seed7,dgn_qmix,coord_grid,7,2775,69400,48.5,25,0.45059125,3.391212855776151,25.531269391377766,407.84828589996323
dgn_complete__pair_N6_ego_attention__seed7,dgn_qmix,coord_grid,7,2776,69425,43.5,25,0.4503933333333333,4.6490936279296875,73.43484878540039,408.0057866999996
dgn_complete__pair_N6_ego_attention__seed7,dgn_qmix,coord_grid,7,2777,69450,39.0,25,0.4501954166666666,7.549312526981036,52.352333068847656,408.172651699977
dgn_complete__pair_N6_ego_attention__seed7,dgn_qmix,coord_grid,7,2778,69475,50.0,25,0.44999750000000005,5.687250206867854,37.278682708740234,408.2938066999777
dgn_complete__pair_N6_ego_attention__seed7,dgn_qmix,coord_grid,7,2779,69500,42.5,25,0.44979958333333336,5.634464253981908,33.874796867370605,408.3862731999834
dgn_complete__pair_N6_ego_attention__seed7,dgn_qmix,coord_grid,7,2780,69525,47.5,25,0.4496016666666667,5.4387785238879065,33.67706898280552,408.5932616000064
dgn_complete__pair_N6_ego_attention__seed7,dgn_qmix,coord_grid,7,2781,69550,45.5,25,0.4494037500000001,3.921939422686895,46.895325342814125,408.80544879997615
dgn_complete__pair_N6_ego_attention__seed7,dgn_qmix,coord_grid,7,2782,69575,61.5,25,0.4492058333333334,5.149213294188182,42.789272944132485,408.92330739996396
dgn_complete__pair_N6_ego_attention__seed7,dgn_qmix,coord_grid,7,2783,69600,49.5,25,0.44900791666666673,4.506521140535672,39.862716356913246,409.06149579997873
dgn_complete__pair_N6_ego_attention__seed7,dgn_qmix,coord_grid,7,2784,69625,49.0,25,0.44880999999999993,4.517067628247397,54.661787850516184,409.1795501000015
dgn_complete__pair_N6_ego_attention__seed7,dgn_qmix,coord_grid,7,2785,69650,50.0,25,0.44861208333333336,4.525739014148712,39.300904273986816,409.3055854999693
dgn_complete__pair_N6_ego_attention__seed7,dgn_qmix,coord_grid,7,2786,69675,65.5,25,0.44841416666666667,4.014282857378324,69.87948671976726,409.445629099966
dgn_complete__pair_N6_ego_attention__seed7,dgn_qmix,coord_grid,7,2787,69700,40.0,25,0.44821625,2.794130896528562,27.764121532440186,409.60608930001035
dgn_complete__pair_N6_ego_attention__seed7,dgn_qmix,coord_grid,7,2788,69725,51.0,25,0.4480183333333334,4.957411029509136,32.36515862601144,409.8377925999812
dgn_complete__pair_N6_ego_attention__seed7,dgn_qmix,coord_grid,7,2789,69750,70.0,25,0.4478204166666667,3.9437375714381537,38.066054344177246,409.9907999999705
dgn_complete__pair_N6_ego_attention__seed7,dgn_qmix,coord_grid,7,2790,69775,52.5,25,0.44762250000000003,3.399656762679418,60.26748021443685,410.1568696000031
dgn_complete__pair_N6_ego_attention__seed7,dgn_qmix,coord_grid,7,2791,69800,59.5,25,0.44742458333333335,4.54919707775116,43.37729676564535,410.2753810999566
dgn_complete__pair_N6_ego_attention__seed7,dgn_qmix,coord_grid,7,2792,69825,45.5,25,0.44722666666666666,6.075059788567679,65.44617693764823,410.43494830001146
dgn_complete__pair_N6_ego_attention__seed7,dgn_qmix,coord_grid,7,2793,69850,50.0,25,0.44702875,2.7890617648760476,41.287402947743736,410.5502515999833
dgn_complete__pair_N6_ego_attention__seed7,dgn_qmix,coord_grid,7,2794,69875,42.0,25,0.4468308333333333,5.823113600413005,81.81278483072917,410.69524979998823
dgn_complete__pair_N6_ego_attention__seed7,dgn_qmix,coord_grid,7,2795,69900,49.5,25,0.4466329166666667,3.4944875687360764,71.23176860809326,410.83375160000287
dgn_complete__pair_N6_ego_attention__seed7,dgn_qmix,coord_grid,7,2796,69925,45.5,25,0.446435,6.638829980577741,83.6766973223005,411.0296137999976
dgn_complete__pair_N6_ego_attention__seed7,dgn_qmix,coord_grid,7,2797,69950,54.5,25,0.44623708333333334,7.58943784236908,61.71543534596761,411.1471218999941
dgn_complete__pair_N6_ego_attention__seed7,dgn_qmix,coord_grid,7,2798,69975,39.0,25,0.44603916666666676,6.986587256193161,62.030964851379395,411.324165500002
dgn_complete__pair_N6_ego_attention__seed7,dgn_qmix,coord_grid,7,2799,70000,48.5,25,0.4458412500000001,2.974651589989662,64.04706414540608,411.49148159998003
dgn_complete__pair_N6_ego_attention__seed7,dgn_qmix,coord_grid,7,2800,70025,55.5,25,0.4456433333333334,3.999326160975865,34.604557854788645,411.6411856999621
dgn_complete__pair_N6_ego_attention__seed7,dgn_qmix,coord_grid,7,2801,70050,53.5,25,0.4454454166666666,5.284991413354874,58.06730429331461,411.78635299997404
dgn_complete__pair_N6_ego_attention__seed7,dgn_qmix,coord_grid,7,2802,70075,48.5,25,0.4452475,5.309661477804184,71.20695559183757,411.9286815999658
dgn_complete__pair_N6_ego_attention__seed7,dgn_qmix,coord_grid,7,2803,70100,47.0,25,0.44504958333333333,6.486762702465057,69.25482908884685,412.058242900006
dgn_complete__pair_N6_ego_attention__seed7,dgn_qmix,coord_grid,7,2804,70125,57.5,25,0.44485166666666665,6.003875885690961,65.11260495867047,412.2487365999841
dgn_complete__pair_N6_ego_attention__seed7,dgn_qmix,coord_grid,7,2805,70150,48.5,25,0.44465375000000007,5.644168436527252,32.08530966440836,412.3930738999625
dgn_complete__pair_N6_ego_attention__seed7,dgn_qmix,coord_grid,7,2806,70175,45.0,25,0.4444558333333334,10.448833465576172,43.30983956654867,412.5264459999744
dgn_complete__pair_N6_ego_attention__seed7,dgn_qmix,coord_grid,7,2807,70200,54.0,25,0.4442579166666667,8.242161870002747,74.3804744084676,412.6775190999615
dgn_complete__pair_N6_ego_attention__seed7,dgn_qmix,coord_grid,7,2808,70225,52.5,25,0.44406,6.424902545554297,53.13485418047224,412.8271440999815
dgn_complete__pair_N6_ego_attention__seed7,dgn_qmix,coord_grid,7,2809,70250,59.5,25,0.44386208333333343,7.573583602905273,51.407520612080894,413.0056777999853
dgn_complete__pair_N6_ego_attention__seed7,dgn_qmix,coord_grid,7,2810,70275,38.0,25,0.44366416666666664,8.064419587453207,34.08257500330607,413.14858689997345
dgn_complete__pair_N6_ego_attention__seed7,dgn_qmix,coord_grid,7,2811,70300,51.0,25,0.44346624999999995,5.806841651598613,71.42831389109294,413.2730850999942
dgn_complete__pair_N6_ego_attention__seed7,dgn_qmix,coord_grid,7,2812,70325,55.0,25,0.4432683333333334,5.62451491185597,78.88341113499233,413.4521353999735
dgn_complete__pair_N6_ego_attention__seed7,dgn_qmix,coord_grid,7,2813,70350,41.0,25,0.4430704166666667,7.062168190876643,83.92729187011719,413.6412827000022
dgn_complete__pair_N6_ego_attention__seed7,dgn_qmix,coord_grid,7,2814,70375,55.5,25,0.4428725,2.8860382239023843,67.17971992492676,413.8099659999716
dgn_complete__pair_N6_ego_attention__seed7,dgn_qmix,coord_grid,7,2815,70400,55.5,25,0.4426745833333334,8.069191177686056,43.01900307337443,413.9965040999814
dgn_complete__pair_N6_ego_attention__seed7,dgn_qmix,coord_grid,7,2816,70425,41.0,25,0.44247666666666674,4.994836517742702,43.62964275905064,414.1675804000115
dgn_complete__pair_N6_ego_attention__seed7,dgn_qmix,coord_grid,7,2817,70450,47.5,25,0.44227875000000005,6.444488247235616,54.18108081817627,414.3698325000005
dgn_complete__pair_N6_ego_attention__seed7,dgn_qmix,coord_grid,7,2818,70475,39.0,25,0.44208083333333337,2.8344397991895676,49.81598822275797,414.5447471999796
dgn_complete__pair_N6_ego_attention__seed7,dgn_qmix,coord_grid,7,2819,70500,49.5,25,0.4418829166666667,4.489574735363324,38.97267500559489,414.752284999995
dgn_complete__pair_N6_ego_attention__seed7,dgn_qmix,coord_grid,7,2820,70525,57.5,25,0.441685,4.457691831248147,42.08670316423689,414.8944862000062
dgn_complete__pair_N6_ego_attention__seed7,dgn_qmix,coord_grid,7,2821,70550,49.5,25,0.4414870833333333,3.39181358118852,32.80810356140137,415.0326618999825
dgn_complete__pair_N6_ego_attention__seed7,dgn_qmix,coord_grid,7,2822,70575,56.5,25,0.44128916666666673,2.770290141304334,32.33189264933268,415.20383089996176
dgn_complete__pair_N6_ego_attention__seed7,dgn_qmix,coord_grid,7,2823,70600,51.0,25,0.44109125000000005,7.488729765017827,24.541524092356365,415.4149532999727
dgn_complete__pair_N6_ego_attention__seed7,dgn_qmix,coord_grid,7,2824,70625,46.0,25,0.44089333333333336,4.268543132713863,97.78332846505302,415.5981535000028
dgn_complete__pair_N6_ego_attention__seed7,dgn_qmix,coord_grid,7,2825,70650,52.5,25,0.4406954166666667,2.21668974061807,38.94419050216675,415.75774719996843
dgn_complete__pair_N6_ego_attention__seed7,dgn_qmix,coord_grid,7,2826,70675,43.0,25,0.4404975000000001,2.862798258662224,53.9116096496582,415.90477279998595
dgn_complete__pair_N6_ego_attention__seed7,dgn_qmix,coord_grid,7,2827,70700,65.0,25,0.4402995833333333,4.6535856276750565,71.2050388654073,416.04645209998125
dgn_complete__pair_N6_ego_attention__seed7,dgn_qmix,coord_grid,7,2828,70725,45.0,25,0.4401016666666666,5.201833861214774,87.27706909179688,416.21200979995774
dgn_complete__pair_N6_ego_attention__seed7,dgn_qmix,coord_grid,7,2829,70750,49.0,25,0.43990375000000004,5.872404451171557,52.51045640309652,416.359726900002
dgn_complete__pair_N6_ego_attention__seed7,dgn_qmix,coord_grid,7,2830,70775,49.0,25,0.43970583333333335,5.862425933281581,63.04130458831787,416.47987539996393
dgn_complete__pair_N6_ego_attention__seed7,dgn_qmix,coord_grid,7,2831,70800,49.5,25,0.43950791666666666,2.773669426639875,24.162007490793865,416.6008405999746
dgn_complete__pair_N6_ego_attention__seed7,dgn_qmix,coord_grid,7,2832,70825,50.5,25,0.4393100000000001,8.033132825578962,36.0870235988072,416.77533929998754
dgn_complete__pair_N6_ego_attention__seed7,dgn_qmix,coord_grid,7,2833,70850,38.0,25,0.4391120833333334,6.419091105461121,41.4771728515625,416.8892440999625
dgn_complete__pair_N6_ego_attention__seed7,dgn_qmix,coord_grid,7,2834,70875,33.0,25,0.4389141666666667,5.161703323324521,38.007295767466225,417.0301647000015
dgn_complete__pair_N6_ego_attention__seed7,dgn_qmix,coord_grid,7,2835,70900,66.0,25,0.43871625000000003,6.40603044629097,29.429402033487957,417.1851394000114
dgn_complete__pair_N6_ego_attention__seed7,dgn_qmix,coord_grid,7,2836,70925,59.5,25,0.43851833333333334,4.465831948178155,35.53237397330148,417.34543029998895
dgn_complete__pair_N6_ego_attention__seed7,dgn_qmix,coord_grid,7,2837,70950,55.0,25,0.43832041666666666,5.730887020627658,28.657227516174316,417.54792189999716
dgn_complete__pair_N6_ego_attention__seed7,dgn_qmix,coord_grid,7,2838,70975,52.5,25,0.43812249999999997,7.01589838663737,32.05493895212809,417.6882786999922
dgn_complete__pair_N6_ego_attention__seed7,dgn_qmix,coord_grid,7,2839,71000,41.5,25,0.4379245833333334,5.701537211736043,33.345678170522056,417.8057798999944
dgn_complete__pair_N6_ego_attention__seed7,dgn_qmix,coord_grid,7,2840,71025,35.5,25,0.4377266666666667,3.0241033690316335,35.619962556021555,417.9560025999672
dgn_complete__pair_N6_ego_attention__seed7,dgn_qmix,coord_grid,7,2841,71050,46.0,25,0.43752875,4.530774871508281,22.979846318562824,418.12689680000767
dgn_complete__pair_N6_ego_attention__seed7,dgn_qmix,coord_grid,7,2842,71075,54.5,25,0.43733083333333334,2.8012591352065406,26.578779220581055,418.2569497000077
dgn_complete__pair_N6_ego_attention__seed7,dgn_qmix,coord_grid,7,2843,71100,58.5,25,0.43713291666666676,4.547570983568828,20.690314928690594,418.382416700013
dgn_complete__pair_N6_ego_attention__seed7,dgn_qmix,coord_grid,7,2844,71125,54.0,25,0.4369350000000001,1.9547223065580641,46.995217732020784,418.5497868999955
dgn_complete__pair_N6_ego_attention__seed7,dgn_qmix,coord_grid,7,2845,71150,49.0,25,0.4367370833333333,6.9501519203186035,42.617140452067055,418.6843463999685
dgn_complete__pair_N6_ego_attention__seed7,dgn_qmix,coord_grid,7,2846,71175,48.0,25,0.4365391666666667,2.19109212855498,40.38536675771078,418.81783839996206
dgn_complete__pair_N6_ego_attention__seed7,dgn_qmix,coord_grid,7,2847,71200,43.0,25,0.43634125,3.644758572181066,85.25946712493896,418.94032829999924
dgn_complete__pair_N6_ego_attention__seed7,dgn_qmix,coord_grid,7,2848,71225,51.5,25,0.4361433333333333,5.585849446909768,53.67829050336565,419.0917933000019
dgn_complete__pair_N6_ego_attention__seed7,dgn_qmix,coord_grid,7,2849,71250,51.5,25,0.43594541666666675,4.595881273349126,45.25864791870117,419.22356329998
dgn_complete__pair_N6_ego_attention__seed7,dgn_qmix,coord_grid,7,2850,71275,64.5,25,0.43574750000000007,4.618640790383021,47.40179570515951,419.3662425999646
dgn_complete__pair_N6_ego_attention__seed7,dgn_qmix,coord_grid,7,2851,71300,53.5,25,0.4355495833333334,7.007387960950534,38.708725929260254,419.49840300000506
dgn_complete__pair_N6_ego_attention__seed7,dgn_qmix,coord_grid,7,2852,71325,34.5,25,0.4353516666666667,7.0356689776693075,43.50730977739607,419.67844059999334
dgn_complete__pair_N6_ego_attention__seed7,dgn_qmix,coord_grid,7,2853,71350,47.5,25,0.43515375,2.7711187352736792,43.270898501078285,419.82176409999374
dgn_complete__pair_N6_ego_attention__seed7,dgn_qmix,coord_grid,7,2854,71375,54.0,25,0.4349558333333333,5.757434700926145,38.99696699778239,419.98397949995706
dgn_complete__pair_N6_ego_attention__seed7,dgn_qmix,coord_grid,7,2855,71400,55.0,25,0.43475791666666663,5.233743607997894,50.19628016153971,420.1249600999872
dgn_complete__pair_N6_ego_attention__seed7,dgn_qmix,coord_grid,7,2856,71425,39.0,25,0.43456000000000006,6.50032993725368,103.12257603236607,420.29259809997166
dgn_complete__pair_N6_ego_attention__seed7,dgn_qmix,coord_grid,7,2857,71450,55.5,25,0.43436208333333337,6.052701999743779,87.44819641113281,420.43615809996845
dgn_complete__pair_N6_ego_attention__seed7,dgn_qmix,coord_grid,7,2858,71475,44.5,25,0.4341641666666667,4.90092387298743,90.24430179595947,420.58368539996445
dgn_complete__pair_N6_ego_attention__seed7,dgn_qmix,coord_grid,7,2859,71500,57.0,25,0.43396625,7.310251111785571,97.78082466125488,420.80958349996945
dgn_complete__pair_N6_ego_attention__seed7,dgn_qmix,coord_grid,7,2860,71525,60.5,25,0.4337683333333334,4.3596733297620505,107.32836995806012,420.94417919998523
dgn_complete__pair_N6_ego_attention__seed7,dgn_qmix,coord_grid,7,2861,71550,58.5,25,0.43357041666666674,5.328170066078504,52.07466061909994,421.1153422999778
dgn_complete__pair_N6_ego_attention__seed7,dgn_qmix,coord_grid,7,2862,71575,65.5,25,0.43337249999999994,4.69924517472585,45.362172762552895,421.2737972000032
dgn_complete__pair_N6_ego_attention__seed7,dgn_qmix,coord_grid,7,2863,71600,46.0,25,0.43317458333333336,10.065324385960897,38.47075970967611,421.4193099999684
dgn_complete__pair_N6_ego_attention__seed7,dgn_qmix,coord_grid,7,2864,71625,56.0,25,0.4329766666666667,5.108528456517628,61.84968566894531,421.6030974999885
dgn_complete__pair_N6_ego_attention__seed7,dgn_qmix,coord_grid,7,2865,71650,51.0,25,0.43277875,6.604275226593018,76.55791759490967,421.7484556999989
dgn_complete__pair_N6_ego_attention__seed7,dgn_qmix,coord_grid,7,2866,71675,57.0,25,0.4325808333333333,6.597503433624904,65.32564226786296,421.8891828999622
dgn_complete__pair_N6_ego_attention__seed7,dgn_qmix,coord_grid,7,2867,71700,69.5,25,0.43238291666666673,5.914890850583713,71.60813283920288,422.0166356000118
dgn_complete__pair_N6_ego_attention__seed7,dgn_qmix,coord_grid,7,2868,71725,53.5,25,0.43218500000000004,7.776287351335798,74.98932593209403,422.18008809996536
dgn_complete__pair_N6_ego_attention__seed7,dgn_qmix,coord_grid,7,2869,71750,58.0,25,0.43198708333333335,3.525830273826917,59.35809453328451,422.3234055999783
dgn_complete__pair_N6_ego_attention__seed7,dgn_qmix,coord_grid,7,2870,71775,36.0,25,0.4317891666666668,8.19121503829956,41.71633036931356,422.4472773000016
dgn_complete__pair_N6_ego_attention__seed7,dgn_qmix,coord_grid,7,2871,71800,58.5,25,0.43159125,4.184458335240682,79.65134366353352,422.5861332999775
dgn_complete__pair_N6_ego_attention__seed7,dgn_qmix,coord_grid,7,2872,71825,47.5,25,0.4313933333333333,5.134788436549051,57.9264703478132,422.77989909995813
dgn_complete__pair_N6_ego_attention__seed7,dgn_qmix,coord_grid,7,2873,71850,40.5,25,0.4311954166666667,7.564289212226868,37.5055144627889,422.9484536999953
dgn_complete__pair_N6_ego_attention__seed7,dgn_qmix,coord_grid,7,2874,71875,49.5,25,0.43099750000000003,7.117020487785339,50.345164934794106,423.1078419999685
dgn_complete__pair_N6_ego_attention__seed7,dgn_qmix,coord_grid,7,2875,71900,55.5,25,0.43079958333333335,5.385787278413773,66.9541441599528,423.26951720000943
dgn_complete__pair_N6_ego_attention__seed7,dgn_qmix,coord_grid,7,2876,71925,44.0,25,0.43060166666666666,5.085924033607755,32.04854529244559,423.4717093000072
dgn_complete__pair_N6_ego_attention__seed7,dgn_qmix,coord_grid,7,2877,71950,47.0,25,0.4304037500000001,5.2632217307885485,47.15925375620524,423.6105655999854
dgn_complete__pair_N6_ego_attention__seed7,dgn_qmix,coord_grid,7,2878,71975,40.0,25,0.4302058333333334,5.770695447921753,35.34757995605469,423.76171469996916
dgn_complete__pair_N6_ego_attention__seed7,dgn_qmix,coord_grid,7,2879,72000,45.0,25,0.4300079166666667,2.91109769543012,49.981997648874916,423.92399739997927
dgn_complete__pair_N6_ego_attention__seed7,dgn_qmix,coord_grid,7,2880,72025,52.5,25,0.42981,3.6693602544920787,81.29228360312325,424.1048188999994
dgn_complete__pair_N6_ego_attention__seed7,dgn_qmix,coord_grid,7,2881,72050,49.0,25,0.42961208333333334,5.264533748229344,67.94015487035115,424.2509698999929
dgn_complete__pair_N6_ego_attention__seed7,dgn_qmix,coord_grid,7,2882,72075,52.0,25,0.42941416666666665,5.7878449360529585,42.386346181233726,424.4075003999751
dgn_complete__pair_N6_ego_attention__seed7,dgn_qmix,coord_grid,7,2883,72100,45.0,25,0.42921624999999997,4.1242992877960205,62.763233502705894,424.5683080999879
dgn_complete__pair_N6_ego_attention__seed7,dgn_qmix,coord_grid,7,2884,72125,42.5,25,0.4290183333333334,4.352768336023603,96.35075759887695,424.74835800001165
dgn_complete__pair_N6_ego_attention__seed7,dgn_qmix,coord_grid,7,2885,72150,58.5,25,0.4288204166666667,6.1286479234695435,111.62250963846843,424.8851138000027
dgn_complete__pair_N6_ego_attention__seed7,dgn_qmix,coord_grid,7,2886,72175,49.5,25,0.4286225,4.85471798479557,89.34986305236816,425.0445050999988
dgn_complete__pair_N6_ego_attention__seed7,dgn_qmix,coord_grid,7,2887,72200,43.5,25,0.42842458333333344,6.569881548484166,72.01360289255778,425.2477709999657
dgn_complete__pair_N6_ego_attention__seed7,dgn_qmix,coord_grid,7,2888,72225,78.5,25,0.42822666666666664,6.2236204360212595,83.5748985835484,425.4131040999782
dgn_complete__pair_N6_ego_attention__seed7,dgn_qmix,coord_grid,7,2889,72250,59.0,25,0.42802874999999996,5.877167810996373,71.40684604644775,425.5516561999684
dgn_complete__pair_N6_ego_attention__seed7,dgn_qmix,coord_grid,7,2890,72275,44.5,25,0.4278308333333334,5.367016067107518,68.93424479166667,425.69522389996564
dgn_complete__pair_N6_ego_attention__seed7,dgn_qmix,coord_grid,7,2891,72300,57.5,25,0.4276329166666667,4.543911973635356,19.8968923886617,425.86505490000127
dgn_complete__pair_N6_ego_attention__seed7,dgn_qmix,coord_grid,7,2892,72325,51.5,25,0.427435,5.528558765138898,25.175633702959335,426.0011399000068
dgn_complete__pair_N6_ego_attention__seed7,dgn_qmix,coord_grid,7,2893,72350,58.0,25,0.4272370833333333,2.793715457121531,36.52124961217245,426.1734091999824
dgn_complete__pair_N6_ego_attention__seed7,dgn_qmix,coord_grid,7,2894,72375,48.0,25,0.42703916666666675,5.786875655253728,38.75361474355062,426.32908860000316
dgn_complete__pair_N6_ego_attention__seed7,dgn_qmix,coord_grid,7,2895,72400,57.0,25,0.42684125000000006,5.783163587252299,30.44401280085246,426.48575880000135
dgn_complete__pair_N6_ego_attention__seed7,dgn_qmix,coord_grid,7,2896,72425,57.5,25,0.4266433333333334,4.114407956600189,68.68090656825474,426.6578900999739
dgn_complete__pair_N6_ego_attention__seed7,dgn_qmix,coord_grid,7,2897,72450,40.5,25,0.4264454166666667,4.029036795099576,44.23091570536295,426.7835624999716
dgn_complete__pair_N6_ego_attention__seed7,dgn_qmix,coord_grid,7,2898,72475,58.0,25,0.4262475,7.675920844078064,44.349026362101235,426.9125880000065
dgn_complete__pair_N6_ego_attention__seed7,dgn_qmix,coord_grid,7,2899,72500,45.5,25,0.4260495833333333,6.4039438019196195,44.662810643514,427.04156739998143
dgn_complete__pair_N6_ego_attention__seed7,dgn_qmix,coord_grid,7,2900,72525,31.5,25,0.42585166666666663,2.5986337534018924,62.473137446812224,427.2134023999679
dgn_complete__pair_N6_ego_attention__seed7,dgn_qmix,coord_grid,7,2901,72550,57.0,25,0.42565375000000005,4.748874122897784,76.18177731831868,427.3414267000044
dgn_complete__pair_N6_ego_attention__seed7,dgn_qmix,coord_grid,7,2902,72575,58.5,25,0.42545583333333337,6.505331993103027,56.7144726117452,427.4894478999777
dgn_complete__pair_N6_ego_attention__seed7,dgn_qmix,coord_grid,7,2903,72600,63.5,25,0.4252579166666667,6.40351277589798,40.1985133488973,427.5978606999852
dgn_complete__pair_N6_ego_attention__seed7,dgn_qmix,coord_grid,7,2904,72625,39.5,25,0.4250600000000001,3.981602443116052,35.059357506888254,427.72588839998934
dgn_complete__pair_N6_ego_attention__seed7,dgn_qmix,coord_grid,7,2905,72650,55.0,25,0.4248620833333334,5.803237910072009,43.995053927103676,427.8658118000021
dgn_complete__pair_N6_ego_attention__seed7,dgn_qmix,coord_grid,7,2906,72675,47.0,25,0.4246641666666666,3.9665149450302124,49.72635237375895,428.0098384000012
dgn_complete__pair_N6_ego_attention__seed7,dgn_qmix,coord_grid,7,2907,72700,54.0,25,0.42446625000000004,4.13816366593043,61.96204010645548,428.1292956999969
dgn_complete__pair_N6_ego_attention__seed7,dgn_qmix,coord_grid,7,2908,72725,44.0,25,0.42426833333333336,5.024907461234501,26.974932261875697,428.2914364999742
dgn_complete__pair_N6_ego_attention__seed7,dgn_qmix,coord_grid,7,2909,72750,56.0,25,0.42407041666666667,5.2431780596574145,43.57446034749349,428.45292559999507
dgn_complete__pair_N6_ego_attention__seed7,dgn_qmix,coord_grid,7,2910,72775,38.0,25,0.4238725,5.976006289323171,71.05475393931071,428.5878747999668
dgn_complete__pair_N6_ego_attention__seed7,dgn_qmix,coord_grid,7,2911,72800,49.0,25,0.4236745833333334,2.8820634384950004,74.43832651774089,428.7390224999981
dgn_complete__pair_N6_ego_attention__seed7,dgn_qmix,coord_grid,7,2912,72825,55.5,25,0.4234766666666667,7.202325156756809,62.632943289620535,428.8968404000043
dgn_complete__pair_N6_ego_attention__seed7,dgn_qmix,coord_grid,7,2913,72850,36.5,25,0.42327875000000004,3.994023005167643,19.229522705078125,429.0706787999952
dgn_complete__pair_N6_ego_attention__seed7,dgn_qmix,coord_grid,7,2914,72875,52.0,25,0.42308083333333335,3.94532818098863,33.65957053502401,429.2008412000141
dgn_complete__pair_N6_ego_attention__seed7,dgn_qmix,coord_grid,7,2915,72900,49.5,25,0.42288291666666666,3.9520515153805413,37.43655141194662,429.32728169998154
dgn_complete__pair_N6_ego_attention__seed7,dgn_qmix,coord_grid,7,2916,72925,34.5,25,0.422685,5.069579005241394,38.68826566423689,429.48619969998254
dgn_complete__pair_N6_ego_attention__seed7,dgn_qmix,coord_grid,7,2917,72950,61.5,25,0.4224870833333333,3.448369746406873,37.48467365900675,429.6303558999789
dgn_complete__pair_N6_ego_attention__seed7,dgn_qmix,coord_grid,7,2918,72975,41.0,25,0.4222891666666667,2.8307934552431107,48.38225777943929,429.8604569999734
dgn_complete__pair_N6_ego_attention__seed7,dgn_qmix,coord_grid,7,2919,73000,42.0,25,0.42209125000000003,5.17376775542895,25.523614088694256,429.99284889997216
dgn_complete__pair_N6_ego_attention__seed7,dgn_qmix,coord_grid,7,2920,73025,62.5,25,0.42189333333333334,3.9331205870423998,101.00008119855609,430.14535080001224
dgn_complete__pair_N6_ego_attention__seed7,dgn_qmix,coord_grid,7,2921,73050,48.0,25,0.42169541666666677,3.034867907563845,101.6985600789388,430.26569009997183
dgn_complete__pair_N6_ego_attention__seed7,dgn_qmix,coord_grid,7,2922,73075,46.5,25,0.4214975000000001,4.180375322699547,76.82944933573405,430.39650079997955
dgn_complete__pair_N6_ego_attention__seed7,dgn_qmix,coord_grid,7,2923,73100,51.0,25,0.4212995833333333,3.400287518898646,43.85866928100586,430.5386833999655
dgn_complete__pair_N6_ego_attention__seed7,dgn_qmix,coord_grid,7,2924,73125,52.0,25,0.4211016666666667,2.433529100247792,43.24905409131731,430.701270999969
dgn_complete__pair_N6_ego_attention__seed7,dgn_qmix,coord_grid,7,2925,73150,48.5,25,0.42090375,5.750523805618286,34.871222813924156,430.8233005999937
dgn_complete__pair_N6_ego_attention__seed7,dgn_qmix,coord_grid,7,2926,73175,45.0,25,0.42070583333333333,3.46321032444636,47.92260297139486,430.9704109999584
dgn_complete__pair_N6_ego_attention__seed7,dgn_qmix,coord_grid,7,2927,73200,66.5,25,0.42050791666666665,5.343295534451802,58.039029121398926,431.124322699965
dgn_complete__pair_N6_ego_attention__seed7,dgn_qmix,coord_grid,7,2928,73225,55.5,25,0.4203100000000001,6.657523512840271,70.49088559831891,431.26185549999354
dgn_complete__pair_N6_ego_attention__seed7,dgn_qmix,coord_grid,7,2929,73250,50.0,25,0.4201120833333334,4.086567461490631,62.389779567718506,431.40697559999535
dgn_complete__pair_N6_ego_attention__seed7,dgn_qmix,coord_grid,7,2930,73275,60.5,25,0.4199141666666667,3.4268507262070975,28.23342498143514,431.5855797000113
dgn_complete__pair_N6_ego_attention__seed7,dgn_qmix,coord_grid,7,2931,73300,31.0,25,0.4197162500000001,5.298976967732112,60.593299865722656,431.7121288999915
dgn_complete__pair_N6_ego_attention__seed7,dgn_qmix,coord_grid,7,2932,73325,39.5,25,0.4195183333333333,8.79040139062064,60.52359526497977,431.8432620000094
dgn_complete__pair_N6_ego_attention__seed7,dgn_qmix,coord_grid,7,2933,73350,46.5,25,0.41932041666666664,5.850356777509053,49.15144030253092,431.9717607999919
dgn_complete__pair_N6_ego_attention__seed7,dgn_qmix,coord_grid,7,2934,73375,45.5,25,0.41912249999999995,5.190437197685242,18.088399569193523,432.09835310000926
dgn_complete__pair_N6_ego_attention__seed7,dgn_qmix,coord_grid,7,2935,73400,54.0,25,0.4189245833333334,2.9071094691753387,69.49029223124187,432.21440449997317
dgn_complete__pair_N6_ego_attention__seed7,dgn_qmix,coord_grid,7,2936,73425,57.5,25,0.4187266666666667,3.6363033865179335,75.12713759286063,432.365831699979
dgn_complete__pair_N6_ego_attention__seed7,dgn_qmix,coord_grid,7,2937,73450,35.5,25,0.41852875,8.312472025553385,73.18840408325195,432.4937573999632
dgn_complete__pair_N6_ego_attention__seed7,dgn_qmix,coord_grid,7,2938,73475,42.5,25,0.41833083333333343,6.516446828842163,62.48209285736084,432.6415108999936
dgn_complete__pair_N6_ego_attention__seed7,dgn_qmix,coord_grid,7,2939,73500,40.5,25,0.41813291666666674,5.177906567851703,41.48596207300822,432.7870184999774
dgn_complete__pair_N6_ego_attention__seed7,dgn_qmix,coord_grid,7,2940,73525,57.5,25,0.41793500000000006,4.602125746863229,63.43817956107004,432.9277937999577
dgn_complete__pair_N6_ego_attention__seed7,dgn_qmix,coord_grid,7,2941,73550,40.5,25,0.41773708333333326,4.165666689475377,90.72355461120605,433.1088571000146
dgn_complete__pair_N6_ego_attention__seed7,dgn_qmix,coord_grid,7,2942,73575,55.5,25,0.4175391666666667,5.862469121813774,45.95842933654785,433.2546533999848
dgn_complete__pair_N6_ego_attention__seed7,dgn_qmix,coord_grid,7,2943,73600,36.0,25,0.41734125,2.7791007657845817,32.854318141937256,433.3996853000135
dgn_complete__pair_N6_ego_attention__seed7,dgn_qmix,coord_grid,7,2944,73625,61.0,25,0.4171433333333333,2.5223261501107896,44.30589076450893,433.5583043000079
dgn_complete__pair_N6_ego_attention__seed7,dgn_qmix,coord_grid,7,2945,73650,44.0,25,0.41694541666666673,3.4024719148874283,38.48722426096598,433.7167303999886
dgn_complete__pair_N6_ego_attention__seed7,dgn_qmix,coord_grid,7,2946,73675,40.0,25,0.41674750000000005,3.4334574739138284,30.26574166615804,433.81654400000116
dgn_complete__pair_N6_ego_attention__seed7,dgn_qmix,coord_grid,7,2947,73700,62.0,25,0.41654958333333336,4.612700924277306,41.67280499140421,434.0176711999811
dgn_complete__pair_N6_ego_attention__seed7,dgn_qmix,coord_grid,7,2948,73725,51.0,25,0.4163516666666668,5.007388851472309,21.850075040544784,434.15775640000356
dgn_complete__pair_N6_ego_attention__seed7,dgn_qmix,coord_grid,7,2949,73750,50.5,25,0.41615375,6.4875667989254,31.774831295013428,434.30576929997187
dgn_complete__pair_N6_ego_attention__seed7,dgn_qmix,coord_grid,7,2950,73775,33.0,25,0.4159558333333333,4.0754096905390425,43.226034800211586,434.449669499998
dgn_complete__pair_N6_ego_attention__seed7,dgn_qmix,coord_grid,7,2951,73800,49.0,25,0.4157579166666666,5.804773310820262,27.401169935862224,434.61447259999113
dgn_complete__pair_N6_ego_attention__seed7,dgn_qmix,coord_grid,7,2952,73825,55.5,25,0.41556000000000004,4.856393286160061,80.12793677193778,434.76762120000785
dgn_complete__pair_N6_ego_attention__seed7,dgn_qmix,coord_grid,7,2953,73850,45.0,25,0.41536208333333335,7.9223794142405195,72.78113142649333,434.91004230000544
dgn_complete__pair_N6_ego_attention__seed7,dgn_qmix,coord_grid,7,2954,73875,53.5,25,0.41516416666666667,6.584299564361572,48.07217502593994,435.06822449999163
dgn_complete__pair_N6_ego_attention__seed7,dgn_qmix,coord_grid,7,2955,73900,47.5,25,0.4149662500000001,3.465284193555514,43.813096364339195,435.24206289998256
dgn_complete__pair_N6_ego_attention__seed7,dgn_qmix,coord_grid,7,2956,73925,53.0,25,0.4147683333333334,2.939584876809801,31.341284343174525,435.4026833999669
dgn_complete__pair_N6_ego_attention__seed7,dgn_qmix,coord_grid,7,2957,73950,53.5,25,0.4145704166666667,7.1163467566172285,32.6564397017161,435.52467590000015
dgn_complete__pair_N6_ego_attention__seed7,dgn_qmix,coord_grid,7,2958,73975,36.0,25,0.4143724999999999,4.781294981638591,52.680064837137856,435.6599060999579
dgn_complete__pair_N6_ego_attention__seed7,dgn_qmix,coord_grid,7,2959,74000,51.0,25,0.41417458333333335,3.657037357489268,85.18477471669515,435.81843300000764
dgn_complete__pair_N6_ego_attention__seed7,dgn_qmix,coord_grid,7,2960,74025,44.5,25,0.41397666666666666,6.297393977642059,47.421249525887625,435.9603724000044
dgn_complete__pair_N6_ego_attention__seed7,dgn_qmix,coord_grid,7,2961,74050,44.0,25,0.41377875,2.9699679712454476,80.11122131347656,436.08845789998304
dgn_complete__pair_N6_ego_attention__seed7,dgn_qmix,coord_grid,7,2962,74075,49.5,25,0.4135808333333334,7.421079819401105,86.64002482096355,436.21843010000885
dgn_complete__pair_N6_ego_attention__seed7,dgn_qmix,coord_grid,7,2963,74100,46.5,25,0.4133829166666667,6.586187362670898,57.55907122294108,436.3635265000048
dgn_complete__pair_N6_ego_attention__seed7,dgn_qmix,coord_grid,7,2964,74125,43.5,25,0.413185,5.092996482338224,33.843593324933735,436.5017461999669
dgn_complete__pair_N6_ego_attention__seed7,dgn_qmix,coord_grid,7,2965,74150,54.0,25,0.41298708333333345,4.067755286892255,20.42382876078288,436.62910089996876
dgn_complete__pair_N6_ego_attention__seed7,dgn_qmix,coord_grid,7,2966,74175,52.0,25,0.41278916666666676,3.4982557694117227,47.55563465754191,436.7678240999812
dgn_complete__pair_N6_ego_attention__seed7,dgn_qmix,coord_grid,7,2967,74200,65.0,25,0.41259124999999996,5.370951265096664,33.25272035598755,436.90939370001433
dgn_complete__pair_N6_ego_attention__seed7,dgn_qmix,coord_grid,7,2968,74225,69.5,25,0.4123933333333333,6.214732417038509,45.758129256112234,437.0763889999944
dgn_complete__pair_N6_ego_attention__seed7,dgn_qmix,coord_grid,7,2969,74250,44.0,25,0.4121954166666667,5.444625293215116,73.53077570597331,437.1986859999597
dgn_complete__pair_N6_ego_attention__seed7,dgn_qmix,coord_grid,7,2970,74275,49.5,25,0.4119975,4.709299008051555,48.36763588587443,437.35985249996884
dgn_complete__pair_N6_ego_attention__seed7,dgn_qmix,coord_grid,7,2971,74300,38.5,25,0.41179958333333333,6.7655478566884995,95.99542172749837,437.4903534000041
dgn_complete__pair_N6_ego_attention__seed7,dgn_qmix,coord_grid,7,2972,74325,52.5,25,0.41160166666666675,6.8167586752346585,57.108072825840544,437.6312406999641
dgn_complete__pair_N6_ego_attention__seed7,dgn_qmix,coord_grid,7,2973,74350,46.0,25,0.41140375000000007,4.206491241852443,64.26714102427165,437.75561160000507
dgn_complete__pair_N6_ego_attention__seed7,dgn_qmix,coord_grid,7,2974,74375,48.5,25,0.4112058333333334,4.097091242671013,53.341656843821205,437.8973310999572
dgn_complete__pair_N6_ego_attention__seed7,dgn_qmix,coord_grid,7,2975,74400,33.5,25,0.4110079166666667,3.5952046513557434,66.9278170267741,438.0273646999849
dgn_complete__pair_N6_ego_attention__seed7,dgn_qmix,coord_grid,7,2976,74425,37.5,25,0.41081,6.872904692377363,86.50298391069684,438.15828659996623
dgn_complete__pair_N6_ego_attention__seed7,dgn_qmix,coord_grid,7,2977,74450,38.5,25,0.4106120833333333,4.081811100244522,43.50806872049967,438.2886140999617
dgn_complete__pair_N6_ego_attention__seed7,dgn_qmix,coord_grid,7,2978,74475,53.5,25,0.41041416666666664,2.8803568333387375,30.915066401163738,438.4432760999771
dgn_complete__pair_N6_ego_attention__seed7,dgn_qmix,coord_grid,7,2979,74500,58.5,25,0.41021625000000006,5.260466116170089,36.843045234680176,438.59714119997807
dgn_complete__pair_N6_ego_attention__seed7,dgn_qmix,coord_grid,7,2980,74525,37.5,25,0.4100183333333334,5.711591678006308,53.114773341587615,438.76670059998287
dgn_complete__pair_N6_ego_attention__seed7,dgn_qmix,coord_grid,7,2981,74550,35.5,25,0.4098204166666667,4.831491465369861,76.50423399607341,438.8821559000062
dgn_complete__pair_N6_ego_attention__seed7,dgn_qmix,coord_grid,7,2982,74575,66.5,25,0.4096225000000001,5.41699954867363,68.89364083607991,439.05365419999
dgn_complete__pair_N6_ego_attention__seed7,dgn_qmix,coord_grid,7,2983,74600,44.0,25,0.4094245833333334,5.997608482837677,57.541985193888344,439.18260529998224
dgn_complete__pair_N6_ego_attention__seed7,dgn_qmix,coord_grid,7,2984,74625,41.5,25,0.4092266666666666,5.550789049693516,114.05564553397042,439.34081069997046
dgn_complete__pair_N6_ego_attention__seed7,dgn_qmix,coord_grid,7,2985,74650,55.5,25,0.40902874999999994,6.953578551610311,106.57760238647461,439.4741831999854
dgn_complete__pair_N6_ego_attention__seed7,dgn_qmix,coord_grid,7,2986,74675,66.5,25,0.40883083333333337,3.6908362110455832,86.19700113932292,439.61216259998037
dgn_complete__pair_N6_ego_attention__seed7,dgn_qmix,coord_grid,7,2987,74700,55.0,25,0.4086329166666667,4.1541754106680555,56.06275431315104,439.7851487000007
dgn_complete__pair_N6_ego_attention__seed7,dgn_qmix,coord_grid,7,2988,74725,41.0,25,0.408435,8.046430332320076,88.84718104771206,439.9394615999772
dgn_complete__pair_N6_ego_attention__seed7,dgn_qmix,coord_grid,7,2989,74750,58.0,25,0.4082370833333334,6.647650808095932,49.26506725947062,440.05909759999486
dgn_complete__pair_N6_ego_attention__seed7,dgn_qmix,coord_grid,7,2990,74775,60.0,25,0.40803916666666673,4.791930794715881,55.87548510233561,440.2735623999615
dgn_complete__pair_N6_ego_attention__seed7,dgn_qmix,coord_grid,7,2991,74800,51.5,25,0.40784125000000004,3.622742901245753,91.71676826477051,440.48328069999116
dgn_complete__pair_N6_ego_attention__seed7,dgn_qmix,coord_grid,7,2992,74825,40.0,25,0.40764333333333336,3.735028633049556,86.7753176007952,440.6360749999876
dgn_complete__pair_N6_ego_attention__seed7,dgn_qmix,coord_grid,7,2993,74850,49.0,25,0.40744541666666667,4.188371911644936,82.57454617818196,440.7755934000015
dgn_complete__pair_N6_ego_attention__seed7,dgn_qmix,coord_grid,7,2994,74875,60.5,25,0.4072475,3.4412756115198135,43.31885528564453,440.9297723000054
dgn_complete__pair_N6_ego_attention__seed7,dgn_qmix,coord_grid,7,2995,74900,47.0,25,0.4070495833333333,7.175801674524943,32.30131403605143,441.0648624000023
dgn_complete__pair_N6_ego_attention__seed7,dgn_qmix,coord_grid,7,2996,74925,48.0,25,0.4068516666666667,5.156910811151777,48.77269526890346,441.1929083999712
dgn_complete__pair_N6_ego_attention__seed7,dgn_qmix,coord_grid,7,2997,74950,52.0,25,0.40665375000000004,4.062226225932439,43.10251045227051,441.33321010001237
dgn_complete__pair_N6_ego_attention__seed7,dgn_qmix,coord_grid,7,2998,74975,64.0,25,0.40645583333333335,6.488896772265434,28.749291102091473,441.4636293000076
dgn_complete__pair_N6_ego_attention__seed7,dgn_qmix,coord_grid,7,2999,75000,45.0,25,0.4062579166666668,5.411001195510228,38.030841986338295,441.57401909999317
dgn_complete__pair_N6_ego_attention__seed7,dgn_qmix,coord_grid,7,3000,75025,56.5,25,0.4060600000000001,6.797315908329828,45.12993458339146,441.74705139995785
dgn_complete__pair_N6_ego_attention__seed7,dgn_qmix,coord_grid,7,3001,75050,49.0,25,0.4058620833333334,4.288711071014404,64.2225006421407,441.8905589999631
dgn_complete__pair_N6_ego_attention__seed7,dgn_qmix,coord_grid,7,3002,75075,47.0,25,0.4056641666666666,2.917234847942988,59.32362333933512,442.02018729998963
dgn_complete__pair_N6_ego_attention__seed7,dgn_qmix,coord_grid,7,3003,75100,49.0,25,0.40546625000000003,6.660956223805745,35.29604880015055,442.1390852999757
dgn_complete__pair_N6_ego_attention__seed7,dgn_qmix,coord_grid,7,3004,75125,53.0,25,0.40526833333333334,7.278659812041691,32.71759469168527,442.3181831999682
dgn_complete__pair_N6_ego_attention__seed7,dgn_qmix,coord_grid,7,3005,75150,35.0,25,0.40507041666666666,3.4194400707880654,38.63899644215902,442.463592599961
dgn_complete__pair_N6_ego_attention__seed7,dgn_qmix,coord_grid,7,3006,75175,42.5,25,0.4048725000000001,5.437027444442113,63.74959373474121,442.6475696999696
dgn_complete__pair_N6_ego_attention__seed7,dgn_qmix,coord_grid,7,3007,75200,59.5,25,0.4046745833333334,5.924543579419454,37.091463565826416,442.7891843999969
dgn_complete__pair_N6_ego_attention__seed7,dgn_qmix,coord_grid,7,3008,75225,47.5,25,0.4044766666666667,5.63173045856612,23.986240114484513,442.97246489999816
dgn_complete__pair_N6_ego_attention__seed7,dgn_qmix,coord_grid,7,3009,75250,48.0,25,0.40427875,5.440761983394623,57.6522585550944,443.104507400014
dgn_complete__pair_N6_ego_attention__seed7,dgn_qmix,coord_grid,7,3010,75275,43.5,25,0.40408083333333344,4.753671740492185,43.58027124404907,443.26873989996966
dgn_complete__pair_N6_ego_attention__seed7,dgn_qmix,coord_grid,7,3011,75300,39.0,25,0.40388291666666665,5.271581053733826,22.70110623041789,443.42447919998085
dgn_complete__pair_N6_ego_attention__seed7,dgn_qmix,coord_grid,7,3012,75325,64.0,25,0.40368499999999996,4.161228248051235,51.838330132620676,443.5477930000052
dgn_complete__pair_N6_ego_attention__seed7,dgn_qmix,coord_grid,7,3013,75350,44.0,25,0.4034870833333334,5.95028688510259,46.29564889272054,443.687801699969
dgn_complete__pair_N6_ego_attention__seed7,dgn_qmix,coord_grid,7,3014,75375,60.0,25,0.4032891666666667,6.267984867095947,98.33687527974446,443.81758510001237
dgn_complete__pair_N6_ego_attention__seed7,dgn_qmix,coord_grid,7,3015,75400,64.5,25,0.40309125,4.730686446030934,39.08312098185221,443.94944990001386
dgn_complete__pair_N6_ego_attention__seed7,dgn_qmix,coord_grid,7,3016,75425,53.0,25,0.4028933333333333,4.914243702377592,82.88863100324359,444.11277249996783
dgn_complete__pair_N6_ego_attention__seed7,dgn_qmix,coord_grid,7,3017,75450,54.5,25,0.40269541666666675,3.5467663953701654,34.52211856842041,444.2338660999667
dgn_complete__pair_N6_ego_attention__seed7,dgn_qmix,coord_grid,7,3018,75475,57.5,25,0.40249750000000006,4.152109424273173,38.94011147816976,444.42248780000955
dgn_complete__pair_N6_ego_attention__seed7,dgn_qmix,coord_grid,7,3019,75500,53.5,25,0.4022995833333334,3.517450233300527,49.4279530843099,444.63682809995953
dgn_complete__pair_N6_ego_attention__seed7,dgn_qmix,coord_grid,7,3020,75525,62.0,25,0.4021016666666667,5.711658614022391,36.47444888523647,444.83089609997114
dgn_complete__pair_N6_ego_attention__seed7,dgn_qmix,coord_grid,7,3021,75550,61.5,25,0.40190375,5.361160685618718,32.12762419382731,444.94653199997265
dgn_complete__pair_N6_ego_attention__seed7,dgn_qmix,coord_grid,7,3022,75575,58.5,25,0.4017058333333333,4.175868878761928,43.88975270589193,445.0855842999881
dgn_complete__pair_N6_ego_attention__seed7,dgn_qmix,coord_grid,7,3023,75600,40.5,25,0.40150791666666674,5.451743150750796,46.50015004475912,445.1814113999717
dgn_complete__pair_N6_ego_attention__seed7,dgn_qmix,coord_grid,7,3024,75625,35.0,25,0.40131000000000006,3.586039670876094,35.24816117967878,445.3045725999982
dgn_complete__pair_N6_ego_attention__seed7,dgn_qmix,coord_grid,7,3025,75650,47.5,25,0.40111208333333337,5.321348597606023,41.68626149495443,445.43114289996447
dgn_complete__pair_N6_ego_attention__seed7,dgn_qmix,coord_grid,7,3026,75675,64.5,25,0.4009141666666667,3.471436694264412,35.54779465993246,445.5567818999989
dgn_complete__pair_N6_ego_attention__seed7,dgn_qmix,coord_grid,7,3027,75700,46.5,25,0.4007162500000001,6.277584890524547,86.20655218760173,445.70440889999736
dgn_complete__pair_N6_ego_attention__seed7,dgn_qmix,coord_grid,7,3028,75725,42.0,25,0.4005183333333333,5.002519645861217,94.85514286586216,445.8724867000128
dgn_complete__pair_N6_ego_attention__seed7,dgn_qmix,coord_grid,7,3029,75750,51.5,25,0.4003204166666666,7.456707239151001,94.92414474487305,446.0071875999565
dgn_complete__pair_N6_ego_attention__seed7,dgn_qmix,coord_grid,7,3030,75775,47.0,25,0.40012250000000005,2.953090250492096,55.416304429372154,446.12343609996606
dgn_complete__pair_N6_ego_attention__seed7,dgn_qmix,coord_grid,7,3031,75800,57.0,25,0.39992458333333336,4.7163082758585615,43.123657862345375,446.23608249996323
dgn_complete__pair_N6_ego_attention__seed7,dgn_qmix,coord_grid,7,3032,75825,48.5,25,0.3997266666666667,5.772775837353298,55.106926509312224,446.3841107999906
dgn_complete__pair_N6_ego_attention__seed7,dgn_qmix,coord_grid,7,3033,75850,42.5,25,0.39952875,7.181685840090116,23.066361904144287,446.49369289999595
dgn_complete__pair_N6_ego_attention__seed7,dgn_qmix,coord_grid,7,3034,75875,44.0,25,0.3993308333333334,4.735255852341652,26.895604292551678,446.630960599985
dgn_complete__pair_N6_ego_attention__seed7,dgn_qmix,coord_grid,7,3035,75900,31.5,25,0.3991329166666667,6.680711060762405,38.30266857147217,446.75701549998485
dgn_complete__pair_N6_ego_attention__seed7,dgn_qmix,coord_grid,7,3036,75925,43.5,25,0.39893500000000004,4.125702517373221,55.59807940891811,446.9201507999678
dgn_complete__pair_N6_ego_attention__seed7,dgn_qmix,coord_grid,7,3037,75950,60.0,25,0.39873708333333335,5.431728690862656,62.92147922515869,447.0627563999733
dgn_complete__pair_N6_ego_attention__seed7,dgn_qmix,coord_grid,7,3038,75975,52.5,25,0.39853916666666667,4.146783659855525,41.06406672795614,447.19117090001237
dgn_complete__pair_N6_ego_attention__seed7,dgn_qmix,coord_grid,7,3039,76000,52.0,25,0.39834125,3.5482698877652488,50.64979203542074,447.3062867000117
dgn_complete__pair_N6_ego_attention__seed7,dgn_qmix,coord_grid,7,3040,76025,50.5,25,0.3981433333333334,5.792488285473415,66.35459954398019,447.425699000014
dgn_complete__pair_N6_ego_attention__seed7,dgn_qmix,coord_grid,7,3041,76050,57.0,25,0.3979454166666667,3.566851645708084,57.64551830291748,447.59193749999395
dgn_complete__pair_N6_ego_attention__seed7,dgn_qmix,coord_grid,7,3042,76075,27.0,25,0.39774750000000003,4.867353270451228,59.76101859410604,447.74444889998995
dgn_complete__pair_N6_ego_attention__seed7,dgn_qmix,coord_grid,7,3043,76100,30.0,25,0.39754958333333335,7.98591485619545,66.47541109720866,447.89314070000546
dgn_complete__pair_N6_ego_attention__seed7,dgn_qmix,coord_grid,7,3044,76125,51.5,25,0.39735166666666677,5.74211385846138,48.516174861363005,448.0596166999894
dgn_complete__pair_N6_ego_attention__seed7,dgn_qmix,coord_grid,7,3045,76150,38.5,25,0.3971537500000001,7.244653224945068,34.163322607676186,448.1942249999847
dgn_complete__pair_N6_ego_attention__seed7,dgn_qmix,coord_grid,7,3046,76175,49.0,25,0.3969558333333333,4.234394282102585,56.4270289738973,448.34774279996054
dgn_complete__pair_N6_ego_attention__seed7,dgn_qmix,coord_grid,7,3047,76200,61.0,25,0.3967579166666667,5.386136372884114,49.19778251647949,448.46473489998607
dgn_complete__pair_N6_ego_attention__seed7,dgn_qmix,coord_grid,7,3048,76225,55.5,25,0.39656,7.7856510026114325,99.68506731305804,448.64052419998916
dgn_complete__pair_N6_ego_attention__seed7,dgn_qmix,coord_grid,7,3049,76250,61.5,25,0.39636208333333334,2.6888144463300705,104.50971221923828,448.8477111000102
dgn_complete__pair_N6_ego_attention__seed7,dgn_qmix,coord_grid,7,3050,76275,36.5,25,0.39616416666666665,6.2456400742133455,77.47275034586589,449.01149790000636
dgn_complete__pair_N6_ego_attention__seed7,dgn_qmix,coord_grid,7,3051,76300,37.5,25,0.3959662500000001,4.801633050044377,37.016828536987305,449.1352665000013
dgn_complete__pair_N6_ego_attention__seed7,dgn_qmix,coord_grid,7,3052,76325,41.5,25,0.3957683333333334,6.363862242017474,45.439505440848215,449.274743499991
dgn_complete__pair_N6_ego_attention__seed7,dgn_qmix,coord_grid,7,3053,76350,44.5,25,0.3955704166666667,5.386455337206523,41.923211256663,449.44718680001097
dgn_complete__pair_N6_ego_attention__seed7,dgn_qmix,coord_grid,7,3054,76375,58.5,25,0.3953725,4.187491903702418,49.039374669392906,449.59699659998296
dgn_complete__pair_N6_ego_attention__seed7,dgn_qmix,coord_grid,7,3055,76400,50.5,25,0.39517458333333333,6.037825345993042,48.120693842569985,449.72105049999664
dgn_complete__pair_N6_ego_attention__seed7,dgn_qmix,coord_grid,7,3056,76425,61.0,25,0.39497666666666664,6.364158200366156,36.16010120936802,449.86619199998677
dgn_complete__pair_N6_ego_attention__seed7,dgn_qmix,coord_grid,7,3057,76450,44.5,25,0.39477875000000007,4.252592543760936,56.338623046875,449.9889252000139
dgn_complete__pair_N6_ego_attention__seed7,dgn_qmix,coord_grid,7,3058,76475,40.0,25,0.3945808333333334,7.31115660071373,42.642703692118324,450.1056683000061
dgn_complete__pair_N6_ego_attention__seed7,dgn_qmix,coord_grid,7,3059,76500,44.0,25,0.3943829166666667,4.231991529464722,54.62762451171875,450.2290620999993
dgn_complete__pair_N6_ego_attention__seed7,dgn_qmix,coord_grid,7,3060,76525,33.5,25,0.394185,5.197130135127476,25.037803104945592,450.4224045999581
dgn_complete__pair_N6_ego_attention__seed7,dgn_qmix,coord_grid,7,3061,76550,62.0,25,0.39398708333333343,9.242670694986979,48.68684991200765,450.56560979998903
dgn_complete__pair_N6_ego_attention__seed7,dgn_qmix,coord_grid,7,3062,76575,55.5,25,0.39378916666666675,6.016821672519048,28.716065565745037,450.6960586999776
dgn_complete__pair_N6_ego_attention__seed7,dgn_qmix,coord_grid,7,3063,76600,63.5,25,0.39359124999999995,7.810678283373515,23.859896977742512,450.8349403999746
dgn_complete__pair_N6_ego_attention__seed7,dgn_qmix,coord_grid,7,3064,76625,70.0,25,0.3933933333333334,4.135259368589947,28.94470146724156,451.0078197999974
dgn_complete__pair_N6_ego_attention__seed7,dgn_qmix,coord_grid,7,3065,76650,34.0,25,0.3931954166666667,4.191612621148427,42.45968755086263,451.14325769996503
dgn_complete__pair_N6_ego_attention__seed7,dgn_qmix,coord_grid,7,3066,76675,54.5,25,0.3929975,3.5911945899327598,56.552083333333336,451.2852431999636
dgn_complete__pair_N6_ego_attention__seed7,dgn_qmix,coord_grid,7,3067,76700,50.0,25,0.3927995833333333,2.9267106304566064,58.085162003835045,451.4846280000056
dgn_complete__pair_N6_ego_attention__seed7,dgn_qmix,coord_grid,7,3068,76725,52.0,25,0.39260166666666674,5.745133302041462,34.09997967311314,451.63872449996416
dgn_complete__pair_N6_ego_attention__seed7,dgn_qmix,coord_grid,7,3069,76750,44.0,25,0.39240375000000005,4.192980820933978,57.899688720703125,451.7394662000006
dgn_complete__pair_N6_ego_attention__seed7,dgn_qmix,coord_grid,7,3070,76775,39.0,25,0.39220583333333336,8.599806860089302,57.86285400390625,451.94956139998976
dgn_complete__pair_N6_ego_attention__seed7,dgn_qmix,coord_grid,7,3071,76800,51.5,25,0.3920079166666668,5.002476438879967,97.05601755777995,452.08655830001226
dgn_complete__pair_N6_ego_attention__seed7,dgn_qmix,coord_grid,7,3072,76825,47.0,25,0.39181,7.962925825800214,47.318289620535715,452.2481366000138
dgn_complete__pair_N6_ego_attention__seed7,dgn_qmix,coord_grid,7,3073,76850,67.0,25,0.3916120833333333,9.742522875467936,27.918555577596027,452.38101889996324
dgn_complete__pair_N6_ego_attention__seed7,dgn_qmix,coord_grid,7,3074,76875,39.0,25,0.39141416666666673,2.8579871778686843,28.46030267079671,452.5058804000146
dgn_complete__pair_N6_ego_attention__seed7,dgn_qmix,coord_grid,7,3075,76900,64.0,25,0.39121625000000004,4.205606311559677,54.492798487345375,452.61313979997067
dgn_complete__pair_N6_ego_attention__seed7,dgn_qmix,coord_grid,7,3076,76925,35.5,25,0.39101833333333336,5.663705604416983,95.40047291346959,452.764500099991
dgn_complete__pair_N6_ego_attention__seed7,dgn_qmix,coord_grid,7,3077,76950,40.0,25,0.39082041666666667,2.4283763766288757,86.20341237386067,452.9098371999571
dgn_complete__pair_N6_ego_attention__seed7,dgn_qmix,coord_grid,7,3078,76975,55.0,25,0.3906225000000001,4.7554312745730085,31.926439603169758,453.0310885999934
dgn_complete__pair_N6_ego_attention__seed7,dgn_qmix,coord_grid,7,3079,77000,59.0,25,0.3904245833333334,6.444240192572276,107.76867167154948,453.1895534999785
dgn_complete__pair_N6_ego_attention__seed7,dgn_qmix,coord_grid,7,3080,77025,67.0,25,0.3902266666666667,5.404968934399741,127.90394047328404,453.3672266000067
dgn_complete__pair_N6_ego_attention__seed7,dgn_qmix,coord_grid,7,3081,77050,44.5,25,0.39002875000000004,4.613182832797368,118.9972152709961,453.5027384000132
dgn_complete__pair_N6_ego_attention__seed7,dgn_qmix,coord_grid,7,3082,77075,49.5,25,0.38983083333333335,5.802161246538162,108.30598227183025,453.62976430001436
dgn_complete__pair_N6_ego_attention__seed7,dgn_qmix,coord_grid,7,3083,77100,61.5,25,0.38963291666666666,8.131238063176474,81.53966585795085,453.8365109000006
dgn_complete__pair_N6_ego_attention__seed7,dgn_qmix,coord_grid,7,3084,77125,49.5,25,0.389435,4.868953521762576,90.81508527483258,453.96932159998687
dgn_complete__pair_N6_ego_attention__seed7,dgn_qmix,coord_grid,7,3085,77150,51.0,25,0.3892370833333334,6.78433062384526,74.81771469116211,454.08137520001037
dgn_complete__pair_N6_ego_attention__seed7,dgn_qmix,coord_grid,7,3086,77175,41.5,25,0.3890391666666667,6.0670650998751325,32.32585461934408,454.22527049999917
dgn_complete__pair_N6_ego_attention__seed7,dgn_qmix,coord_grid,7,3087,77200,48.5,25,0.38884125,5.463534981012344,44.75428263346354,454.3972008000128
dgn_complete__pair_N6_ego_attention__seed7,dgn_qmix,coord_grid,7,3088,77225,64.0,25,0.38864333333333345,4.263585005487714,72.99146815708706,454.5759185999632
dgn_complete__pair_N6_ego_attention__seed7,dgn_qmix,coord_grid,7,3089,77250,44.5,25,0.38844541666666665,6.748850444952647,47.71591377258301,454.69508490001317
dgn_complete__pair_N6_ego_attention__seed7,dgn_qmix,coord_grid,7,3090,77275,49.5,25,0.38824749999999997,3.0936343371868134,81.90033022562663,454.84238230000483
dgn_complete__pair_N6_ego_attention__seed7,dgn_qmix,coord_grid,7,3091,77300,44.0,25,0.3880495833333333,5.467859297990799,41.03049580256144,454.99956550000934
dgn_complete__pair_N6_ego_attention__seed7,dgn_qmix,coord_grid,7,3092,77325,41.0,25,0.3878516666666667,5.252331193004336,36.751125063214985,455.14009709999664
dgn_complete__pair_N6_ego_attention__seed7,dgn_qmix,coord_grid,7,3093,77350,63.5,25,0.38765375,2.2396876364946365,30.965670585632324,455.286817199958
dgn_complete__pair_N6_ego_attention__seed7,dgn_qmix,coord_grid,7,3094,77375,52.0,25,0.38745583333333333,4.178624220192432,40.71302127838135,455.4392996999668
dgn_complete__pair_N6_ego_attention__seed7,dgn_qmix,coord_grid,7,3095,77400,57.5,25,0.38725791666666676,3.4941526055336,28.321232159932453,455.5545091999811
dgn_complete__pair_N6_ego_attention__seed7,dgn_qmix,coord_grid,7,3096,77425,46.5,25,0.38706000000000007,7.33258710375854,30.852548326764786,455.66416429996025
dgn_complete__pair_N6_ego_attention__seed7,dgn_qmix,coord_grid,7,3097,77450,62.0,25,0.3868620833333334,5.476628479858239,29.672112305959065,455.80838870001025
dgn_complete__pair_N6_ego_attention__seed7,dgn_qmix,coord_grid,7,3098,77475,47.5,25,0.3866641666666667,8.647716760635376,54.45460065205892,455.9490289000096
dgn_complete__pair_N6_ego_attention__seed7,dgn_qmix,coord_grid,7,3099,77500,39.5,25,0.38646625,4.242259790500005,43.287408192952476,456.056299399992
dgn_complete__pair_N6_ego_attention__seed7,dgn_qmix,coord_grid,7,3100,77525,73.5,25,0.3862683333333333,4.189932529415403,43.26779229300363,456.2239581999602
dgn_complete__pair_N6_ego_attention__seed7,dgn_qmix,coord_grid,7,3101,77550,43.0,25,0.38607041666666664,7.423306256532669,72.80644512176514,456.41055510001024
dgn_complete__pair_N6_ego_attention__seed7,dgn_qmix,coord_grid,7,3102,77575,59.0,25,0.38587250000000006,3.6441745162010193,50.94193776448568,456.5678501999937
dgn_complete__pair_N6_ego_attention__seed7,dgn_qmix,coord_grid,7,3103,77600,53.5,25,0.3856745833333334,8.553358356157938,40.04759883880615,456.678333799995
dgn_complete__pair_N6_ego_attention__seed7,dgn_qmix,coord_grid,7,3104,77625,52.5,25,0.3854766666666667,3.129933033670698,58.49796485900879,456.87071920000017
dgn_complete__pair_N6_ego_attention__seed7,dgn_qmix,coord_grid,7,3105,77650,48.5,25,0.3852787500000001,4.152753109733264,54.932967821756996,457.0569391999743
dgn_complete__pair_N6_ego_attention__seed7,dgn_qmix,coord_grid,7,3106,77675,44.0,25,0.3850808333333334,4.109345316886902,37.31006892522176,457.18491359998006
dgn_complete__pair_N6_ego_attention__seed7,dgn_qmix,coord_grid,7,3107,77700,42.5,25,0.38488291666666663,7.347905158996582,48.32757377624512,457.27678239997476
dgn_complete__pair_N6_ego_attention__seed7,dgn_qmix,coord_grid,7,3108,77725,49.0,25,0.38468499999999994,5.745215454271862,22.66935988834926,457.46498900000006
dgn_complete__pair_N6_ego_attention__seed7,dgn_qmix,coord_grid,7,3109,77750,51.0,25,0.38448708333333337,1.666871855656306,29.83495871225993,457.6163519999827
dgn_complete__pair_N6_ego_attention__seed7,dgn_qmix,coord_grid,7,3110,77775,40.0,25,0.3842891666666667,6.063373590509097,47.79131031036377,457.760234699992
dgn_complete__pair_N6_ego_attention__seed7,dgn_qmix,coord_grid,7,3111,77800,51.0,25,0.38409125,4.223649516701698,47.44952837626139,457.88016790000256
dgn_complete__pair_N6_ego_attention__seed7,dgn_qmix,coord_grid,7,3112,77825,42.5,25,0.3838933333333334,7.023860914366586,80.57697241646903,458.03391709999414
dgn_complete__pair_N6_ego_attention__seed7,dgn_qmix,coord_grid,7,3113,77850,52.0,25,0.38369541666666673,7.919463803370793,31.836349487304688,458.1433126999764
dgn_complete__pair_N6_ego_attention__seed7,dgn_qmix,coord_grid,7,3114,77875,57.5,25,0.38349750000000005,6.647199054559072,29.75395901997884,458.2488975999877
dgn_complete__pair_N6_ego_attention__seed7,dgn_qmix,coord_grid,7,3115,77900,48.5,25,0.38329958333333336,4.177066321174304,38.36087338129679,458.3707435000106
dgn_complete__pair_N6_ego_attention__seed7,dgn_qmix,coord_grid,7,3116,77925,47.0,25,0.3831016666666667,4.697071948221752,46.740695817129954,458.5001304000034
dgn_complete__pair_N6_ego_attention__seed7,dgn_qmix,coord_grid,7,3117,77950,51.0,25,0.38290375,2.3298972994089127,58.849961598714195,458.6330730000045
dgn_complete__pair_N6_ego_attention__seed7,dgn_qmix,coord_grid,7,3118,77975,66.5,25,0.3827058333333333,7.333275859554608,49.4775021870931,458.7443368000095
dgn_complete__pair_N6_ego_attention__seed7,dgn_qmix,coord_grid,7,3119,78000,56.5,25,0.3825079166666667,2.93350450694561,38.09610144297282,458.87709399999585
dgn_complete__pair_N6_ego_attention__seed7,dgn_qmix,coord_grid,7,3120,78025,48.0,25,0.38231000000000004,4.740737974643707,52.406060627528596,459.02406809997046
dgn_complete__pair_N6_ego_attention__seed7,dgn_qmix,coord_grid,7,3121,78050,52.5,25,0.38211208333333335,7.272636562585831,43.41001669565836,459.17355690000113
dgn_complete__pair_N6_ego_attention__seed7,dgn_qmix,coord_grid,7,3122,78075,58.5,25,0.3819141666666668,2.3603525956471763,51.10580921173096,459.3465245999978
dgn_complete__pair_N6_ego_attention__seed7,dgn_qmix,coord_grid,7,3123,78100,53.0,25,0.3817162500000001,4.226411789655685,57.20407358805338,459.5660675999825
dgn_complete__pair_N6_ego_attention__seed7,dgn_qmix,coord_grid,7,3124,78125,51.5,25,0.3815183333333333,4.248098339353289,48.70727975027902,459.7182736999821
dgn_complete__pair_N6_ego_attention__seed7,dgn_qmix,coord_grid,7,3125,78150,57.5,25,0.3813204166666666,4.129198610782623,37.47664292653402,459.83356790000107
dgn_complete__pair_N6_ego_attention__seed7,dgn_qmix,coord_grid,7,3126,78175,44.0,25,0.38112250000000003,4.114342803756396,29.440908590952557,459.97138399997493
dgn_complete__pair_N6_ego_attention__seed7,dgn_qmix,coord_grid,7,3127,78200,50.5,25,0.38092458333333334,5.417240897814433,39.64183775583903,460.10679039999377
dgn_complete__pair_N6_ego_attention__seed7,dgn_qmix,coord_grid,7,3128,78225,49.5,25,0.38072666666666666,5.771006831101009,35.88983672005789,460.24476199998753
dgn_complete__pair_N6_ego_attention__seed7,dgn_qmix,coord_grid,7,3129,78250,43.0,25,0.3805287500000001,3.5815391143163047,58.84178352355957,460.36316209996585
dgn_complete__pair_N6_ego_attention__seed7,dgn_qmix,coord_grid,7,3130,78275,49.5,25,0.3803308333333334,5.479885146021843,57.439242362976074,460.480776100012
dgn_complete__pair_N6_ego_attention__seed7,dgn_qmix,coord_grid,7,3131,78300,36.5,25,0.3801329166666667,5.49399463335673,71.54209518432617,460.5980694000027
dgn_complete__pair_N6_ego_attention__seed7,dgn_qmix,coord_grid,7,3132,78325,44.5,25,0.37993500000000013,4.697308540344238,29.527785437447683,460.72210499999346
dgn_complete__pair_N6_ego_attention__seed7,dgn_qmix,coord_grid,7,3133,78350,50.0,25,0.37973708333333334,7.3105521996816,39.04433091481527,460.8956980999792
dgn_complete__pair_N6_ego_attention__seed7,dgn_qmix,coord_grid,7,3134,78375,79.5,25,0.37953916666666665,5.450595070918401,49.967567125956215,461.0252969999565
dgn_complete__pair_N6_ego_attention__seed7,dgn_qmix,coord_grid,7,3135,78400,69.0,25,0.37934124999999996,3.7006452679634094,88.96473503112793,461.1717104999698
dgn_complete__pair_N6_ego_attention__seed7,dgn_qmix,coord_grid,7,3136,78425,50.0,25,0.3791433333333334,4.887410504477365,75.94175692967006,461.27387410000665
dgn_complete__pair_N6_ego_attention__seed7,dgn_qmix,coord_grid,7,3137,78450,45.0,25,0.3789454166666667,5.525509734948476,60.79207833607992,461.43568210001104
dgn_complete__pair_N6_ego_attention__seed7,dgn_qmix,coord_grid,7,3138,78475,51.0,25,0.3787475,3.583011125524839,53.62312253316244,461.5606870999909
dgn_complete__pair_N6_ego_attention__seed7,dgn_qmix,coord_grid,7,3139,78500,36.5,25,0.37854958333333344,6.649080231785774,52.97528966267904,461.6713528999826
dgn_complete__pair_N6_ego_attention__seed7,dgn_qmix,coord_grid,7,3140,78525,46.5,25,0.37835166666666675,6.805500366858074,33.9327061516898,461.81434330000775
dgn_complete__pair_N6_ego_attention__seed7,dgn_qmix,coord_grid,7,3141,78550,60.5,25,0.37815375000000007,5.5207027445236845,61.844038327534996,461.94295900000725
dgn_complete__pair_N6_ego_attention__seed7,dgn_qmix,coord_grid,7,3142,78575,66.5,25,0.37795583333333327,6.056666289766629,33.438082695007324,462.06124660000205
dgn_complete__pair_N6_ego_attention__seed7,dgn_qmix,coord_grid,7,3143,78600,54.5,25,0.3777579166666667,6.071501314640045,38.44015630086263,462.25239799998235
dgn_complete__pair_N6_ego_attention__seed7,dgn_qmix,coord_grid,7,3144,78625,50.5,25,0.37756,2.319555848836899,105.41202735900879,462.37255649996223
dgn_complete__pair_N6_ego_attention__seed7,dgn_qmix,coord_grid,7,3145,78650,57.5,25,0.3773620833333333,4.211680521567662,59.68843523661295,462.50113509997027
dgn_complete__pair_N6_ego_attention__seed7,dgn_qmix,coord_grid,7,3146,78675,51.5,25,0.37716416666666674,3.5214654753605523,31.853705088297527,462.6727791999583
dgn_complete__pair_N6_ego_attention__seed7,dgn_qmix,coord_grid,7,3147,78700,43.5,25,0.37696625000000006,5.475652039051056,25.82944393157959,462.7988417999586
dgn_complete__pair_N6_ego_attention__seed7,dgn_qmix,coord_grid,7,3148,78725,57.0,25,0.37676833333333337,4.171439898865564,39.71727166857038,463.0200903000077
dgn_complete__pair_N6_ego_attention__seed7,dgn_qmix,coord_grid,7,3149,78750,41.5,25,0.3765704166666668,3.55005644261837,32.87476905186971,463.1608206999954
dgn_complete__pair_N6_ego_attention__seed7,dgn_qmix,coord_grid,7,3150,78775,53.0,25,0.3763725,1.719678983092308,40.7649761835734,463.270517500001
dgn_complete__pair_N6_ego_attention__seed7,dgn_qmix,coord_grid,7,3151,78800,46.5,25,0.3761745833333333,4.8363141020139055,27.094810009002686,463.3732442999608
dgn_complete__pair_N6_ego_attention__seed7,dgn_qmix,coord_grid,7,3152,78825,63.5,25,0.3759766666666666,2.5763662585190366,44.03512682233538,463.5500841999892
dgn_complete__pair_N6_ego_attention__seed7,dgn_qmix,coord_grid,7,3153,78850,34.5,25,0.37577875000000005,5.430162618557612,39.58860238393148,463.6607183999731
dgn_complete__pair_N6_ego_attention__seed7,dgn_qmix,coord_grid,7,3154,78875,55.5,25,0.37558083333333336,7.910457134246826,20.761985619862873,463.8593281999929
dgn_complete__pair_N6_ego_attention__seed7,dgn_qmix,coord_grid,7,3155,78900,56.0,25,0.3753829166666667,4.7810792823632555,40.682915687561035,463.99580199999036
dgn_complete__pair_N6_ego_attention__seed7,dgn_qmix,coord_grid,7,3156,78925,61.0,25,0.3751850000000001,3.7207097836903165,56.32539531162807,464.09581969998544
dgn_complete__pair_N6_ego_attention__seed7,dgn_qmix,coord_grid,7,3157,78950,57.5,25,0.3749870833333334,4.885192851225535,59.53527466456095,464.2292827999918
dgn_complete__pair_N6_ego_attention__seed7,dgn_qmix,coord_grid,7,3158,78975,51.0,25,0.37478916666666673,6.062739233175914,35.581601778666176,464.33242880000034
dgn_complete__pair_N6_ego_attention__seed7,dgn_qmix,coord_grid,7,3159,79000,61.0,25,0.37459124999999993,7.918725878000259,29.5247065226237,464.4412691000034
dgn_complete__pair_N6_ego_attention__seed7,dgn_qmix,coord_grid,7,3160,79025,56.5,25,0.37439333333333336,4.731625212090356,43.15763391767229,464.64209509996
dgn_complete__pair_N6_ego_attention__seed7,dgn_qmix,coord_grid,7,3161,79050,58.5,25,0.37419541666666667,9.92251205444336,68.60583051045735,464.79687540000305
dgn_complete__pair_N6_ego_attention__seed7,dgn_qmix,coord_grid,7,3162,79075,48.5,25,0.3739975,7.239349196354548,39.96315097808838,464.96437890001107
dgn_complete__pair_N6_ego_attention__seed7,dgn_qmix,coord_grid,7,3163,79100,43.5,25,0.3737995833333334,6.021476666132609,33.93476883570353,465.0733926999965
dgn_complete__pair_N6_ego_attention__seed7,dgn_qmix,coord_grid,7,3164,79125,55.5,25,0.3736016666666667,7.920627972909382,29.764333043779647,465.22916509996867
dgn_complete__pair_N6_ego_attention__seed7,dgn_qmix,coord_grid,7,3165,79150,47.5,25,0.37340375000000003,6.073705544074376,39.96432685852051,465.3553964999737
dgn_complete__pair_N6_ego_attention__seed7,dgn_qmix,coord_grid,7,3166,79175,58.0,25,0.37320583333333335,2.3971376915772757,64.74231386184692,465.4958972999593
dgn_complete__pair_N6_ego_attention__seed7,dgn_qmix,coord_grid,7,3167,79200,54.0,25,0.3730079166666668,6.046557019154231,42.790724436442055,465.64279249997344
dgn_complete__pair_N6_ego_attention__seed7,dgn_qmix,coord_grid,7,3168,79225,35.5,25,0.37281,5.838337966373989,58.458762305123464,465.83706079999683
dgn_complete__pair_N6_ego_attention__seed7,dgn_qmix,coord_grid,7,3169,79250,39.5,25,0.3726120833333333,4.248536984125773,72.91209284464519,465.94023589999415
dgn_complete__pair_N6_ego_attention__seed7,dgn_qmix,coord_grid,7,3170,79275,45.0,25,0.3724141666666667,7.582787275314331,85.11069107055664,466.0900982999592
dgn_complete__pair_N6_ego_attention__seed7,dgn_qmix,coord_grid,7,3171,79300,58.5,25,0.37221625,4.3344974021116895,90.48254585266113,466.2311760999728
dgn_complete__pair_N6_ego_attention__seed7,dgn_qmix,coord_grid,7,3172,79325,41.0,25,0.37201833333333334,5.446432752268655,76.13612420218331,466.3871065999847
dgn_complete__pair_N6_ego_attention__seed7,dgn_qmix,coord_grid,7,3173,79350,55.0,25,0.37182041666666676,6.6613579740126925,23.16490825017293,466.5741773999762
dgn_complete__pair_N6_ego_attention__seed7,dgn_qmix,coord_grid,7,3174,79375,50.5,25,0.3716225000000001,3.687984844048818,66.33617623647054,466.7058294999879
dgn_complete__pair_N6_ego_attention__seed7,dgn_qmix,coord_grid,7,3175,79400,44.0,25,0.3714245833333334,8.910026490688324,104.98498344421387,466.82581289997324
dgn_complete__pair_N6_ego_attention__seed7,dgn_qmix,coord_grid,7,3176,79425,60.0,25,0.3712266666666667,6.422959165913718,126.70834296090263,466.9541466999799
dgn_complete__pair_N6_ego_attention__seed7,dgn_qmix,coord_grid,7,3177,79450,63.0,25,0.37102875,6.358207434415817,76.83945767084758,467.08647189999465
dgn_complete__pair_N6_ego_attention__seed7,dgn_qmix,coord_grid,7,3178,79475,44.0,25,0.37083083333333333,4.290746470292409,49.45720227559408,467.2193639999605
dgn_complete__pair_N6_ego_attention__seed7,dgn_qmix,coord_grid,7,3179,79500,38.0,25,0.37063291666666665,7.5406192143758135,63.271339098612465,467.3623070999747
dgn_complete__pair_N6_ego_attention__seed7,dgn_qmix,coord_grid,7,3180,79525,74.5,25,0.37043500000000007,5.478558344500406,77.20904295785087,467.5333945999737
dgn_complete__pair_N6_ego_attention__seed7,dgn_qmix,coord_grid,7,3181,79550,56.5,25,0.3702370833333334,3.6452766358852386,50.68131065368652,467.6564870000002
dgn_complete__pair_N6_ego_attention__seed7,dgn_qmix,coord_grid,7,3182,79575,50.0,25,0.3700391666666667,6.831258455912272,65.3590456644694,467.7717498000129
dgn_complete__pair_N6_ego_attention__seed7,dgn_qmix,coord_grid,7,3183,79600,63.5,25,0.36984125,5.603948975602786,32.65878041585287,467.9304970999947
dgn_complete__pair_N6_ego_attention__seed7,dgn_qmix,coord_grid,7,3184,79625,55.5,25,0.36964333333333343,6.169910762991224,92.29380117143903,468.1140984999947
dgn_complete__pair_N6_ego_attention__seed7,dgn_qmix,coord_grid,7,3185,79650,49.0,25,0.36944541666666664,4.571187724669774,108.41736507415771,468.2594792000018
dgn_complete__pair_N6_ego_attention__seed7,dgn_qmix,coord_grid,7,3186,79675,40.0,25,0.36924749999999995,5.068165898323059,92.17738278706868,468.39454199996544
dgn_complete__pair_N6_ego_attention__seed7,dgn_qmix,coord_grid,7,3187,79700,39.5,25,0.3690495833333334,7.506628195444743,64.44728660583496,468.52418919996126
dgn_complete__pair_N6_ego_attention__seed7,dgn_qmix,coord_grid,7,3188,79725,47.5,25,0.3688516666666667,9.336992604391915,63.193792888096404,468.66953750001267
dgn_complete__pair_N6_ego_attention__seed7,dgn_qmix,coord_grid,7,3189,79750,59.5,25,0.36865375,5.029849638541539,74.43690331776936,468.8209667999763
dgn_complete__pair_N6_ego_attention__seed7,dgn_qmix,coord_grid,7,3190,79775,41.0,25,0.3684558333333334,9.46527361869812,51.84443378448486,468.98807520000264
dgn_complete__pair_N6_ego_attention__seed7,dgn_qmix,coord_grid,7,3191,79800,51.5,25,0.36825791666666674,7.4928323576847715,41.93892351786295,469.1626510999631
dgn_complete__pair_N6_ego_attention__seed7,dgn_qmix,coord_grid,7,3192,79825,44.0,25,0.36806000000000005,7.048856905528477,53.55803789411272,469.3592181999702
dgn_complete__pair_N6_ego_attention__seed7,dgn_qmix,coord_grid,7,3193,79850,48.5,25,0.36786208333333337,5.1201469252506895,80.22195243835449,469.5156979999738
dgn_complete__pair_N6_ego_attention__seed7,dgn_qmix,coord_grid,7,3194,79875,52.0,25,0.3676641666666667,4.036198278268178,106.02700297037761,469.6716035999707
dgn_complete__pair_N6_ego_attention__seed7,dgn_qmix,coord_grid,7,3195,79900,43.5,25,0.36746625,5.149408782521884,85.09035650889079,469.7970853999723
dgn_complete__pair_N6_ego_attention__seed7,dgn_qmix,coord_grid,7,3196,79925,48.0,25,0.3672683333333333,3.6801381281444003,41.72220311846052,469.98181299999123
dgn_complete__pair_N6_ego_attention__seed7,dgn_qmix,coord_grid,7,3197,79950,51.5,25,0.36707041666666673,5.546721304456393,27.16154193878174,470.09566940000514
dgn_complete__pair_N6_ego_attention__seed7,dgn_qmix,coord_grid,7,3198,79975,45.5,25,0.36687250000000005,5.5134762823581696,49.58185497919718,470.19036710000364
dgn_complete__pair_N6_ego_attention__seed7,dgn_qmix,coord_grid,7,3199,80000,48.0,25,0.36667458333333336,1.7487462162971497,59.08384895324707,470.32934449997265
dgn_complete__pair_N6_ego_attention__seed7,dgn_qmix,coord_grid,7,3200,80025,43.0,25,0.3664766666666667,6.607393281800406,71.62343692779541,470.46165740001015
dgn_complete__pair_N6_ego_attention__seed7,dgn_qmix,coord_grid,7,3201,80050,47.5,25,0.3662787500000001,4.694933543602626,117.81983216603597,470.59793970000464
dgn_complete__pair_N6_ego_attention__seed7,dgn_qmix,coord_grid,7,3202,80075,50.0,25,0.3660808333333334,6.393602987130483,80.8654432296753,470.74330009997357
dgn_complete__pair_N6_ego_attention__seed7,dgn_qmix,coord_grid,7,3203,80100,56.5,25,0.3658829166666666,5.736578539013863,63.59584585825602,470.8745351000107
dgn_complete__pair_N6_ego_attention__seed7,dgn_qmix,coord_grid,7,3204,80125,54.5,25,0.36568500000000004,5.36826936687742,42.67610059465681,471.00696899998
dgn_complete__pair_N6_ego_attention__seed7,dgn_qmix,coord_grid,7,3205,80150,55.0,25,0.36548708333333335,4.963455160458882,73.91801452636719,471.1120274999994
dgn_complete__pair_N6_ego_attention__seed7,dgn_qmix,coord_grid,7,3206,80175,56.5,25,0.36528916666666666,5.02260747551918,62.336292584737144,471.2149319999735
dgn_complete__pair_N6_ego_attention__seed7,dgn_qmix,coord_grid,7,3207,80200,33.5,25,0.3650912500000001,5.516157229741414,50.112640062967934,471.35927600000286
dgn_complete__pair_N6_ego_attention__seed7,dgn_qmix,coord_grid,7,3208,80225,38.0,25,0.3648933333333334,6.343601984637124,119.7413090297154,471.57342279999284
dgn_complete__pair_N6_ego_attention__seed7,dgn_qmix,coord_grid,7,3209,80250,55.5,25,0.3646954166666667,8.457796096801758,95.26848475138347,471.7264219999779
dgn_complete__pair_N6_ego_attention__seed7,dgn_qmix,coord_grid,7,3210,80275,45.5,25,0.36449750000000003,5.2334069311618805,93.33743731180827,471.84784959995886
dgn_complete__pair_N6_ego_attention__seed7,dgn_qmix,coord_grid,7,3211,80300,44.0,25,0.36429958333333334,4.479895323514938,92.82474199930827,472.0062769000069
dgn_complete__pair_N6_ego_attention__seed7,dgn_qmix,coord_grid,7,3212,80325,54.5,25,0.36410166666666666,3.742400812251227,53.03960037231445,472.16126989998156
dgn_complete__pair_N6_ego_attention__seed7,dgn_qmix,coord_grid,7,3213,80350,46.5,25,0.36390374999999997,6.391491204500198,80.18963877360027,472.29537219996564
dgn_complete__pair_N6_ego_attention__seed7,dgn_qmix,coord_grid,7,3214,80375,64.5,25,0.3637058333333334,6.333413730065028,82.32649993896484,472.4503790999879
dgn_complete__pair_N6_ego_attention__seed7,dgn_qmix,coord_grid,7,3215,80400,47.5,25,0.3635079166666667,3.8253547698259354,82.00619252522786,472.59450720000314
dgn_complete__pair_N6_ego_attention__seed7,dgn_qmix,coord_grid,7,3216,80425,65.0,25,0.36331,5.601914984839303,102.07301657540458,472.73461029998725
dgn_complete__pair_N6_ego_attention__seed7,dgn_qmix,coord_grid,7,3217,80450,57.0,25,0.36311208333333334,5.660451610883077,53.03323268890381,472.93031739996513
dgn_complete__pair_N6_ego_attention__seed7,dgn_qmix,coord_grid,7,3218,80475,54.5,25,0.36291416666666676,3.065826709071795,58.48363399505615,473.0630150999641
dgn_complete__pair_N6_ego_attention__seed7,dgn_qmix,coord_grid,7,3219,80500,57.5,25,0.3627162500000001,3.547649304072062,46.09983730316162,473.19613230001414
dgn_complete__pair_N6_ego_attention__seed7,dgn_qmix,coord_grid,7,3220,80525,52.5,25,0.3625183333333333,4.8701629383223395,51.22343758174351,473.3513215999701
dgn_complete__pair_N6_ego_attention__seed7,dgn_qmix,coord_grid,7,3221,80550,50.5,25,0.3623204166666667,5.743244489034017,72.57088152567546,473.4940013999585
dgn_complete__pair_N6_ego_attention__seed7,dgn_qmix,coord_grid,7,3222,80575,50.0,25,0.3621225,4.961946904659271,48.43433125813802,473.6379916999722
dgn_complete__pair_N6_ego_attention__seed7,dgn_qmix,coord_grid,7,3223,80600,48.0,25,0.3619245833333333,5.6716509362061815,59.55595588684082,473.7446006999817
dgn_complete__pair_N6_ego_attention__seed7,dgn_qmix,coord_grid,7,3224,80625,63.0,25,0.36172666666666675,5.466680484158652,63.45312622615269,473.8900525000063
dgn_complete__pair_N6_ego_attention__seed7,dgn_qmix,coord_grid,7,3225,80650,53.5,25,0.36152875000000007,6.334586436549823,71.2030423482259,474.0322853999678
dgn_complete__pair_N6_ego_attention__seed7,dgn_qmix,coord_grid,7,3226,80675,42.5,25,0.3613308333333334,6.262473965684573,69.82470258076985,474.2053672999609
dgn_complete__pair_N6_ego_attention__seed7,dgn_qmix,coord_grid,7,3227,80700,48.0,25,0.3611329166666667,2.4377979735533395,70.44568061828613,474.3811961999745
dgn_complete__pair_N6_ego_attention__seed7,dgn_qmix,coord_grid,7,3228,80725,57.0,25,0.3609350000000001,3.679093135254724,36.329144614083425,474.53351759997895
dgn_complete__pair_N6_ego_attention__seed7,dgn_qmix,coord_grid,7,3229,80750,41.5,25,0.3607370833333333,6.860858579476674,40.141692797342934,474.6583792999736
dgn_complete__pair_N6_ego_attention__seed7,dgn_qmix,coord_grid,7,3230,80775,45.0,25,0.36053916666666663,6.797742605209351,26.101519266764324,474.8578564999625
dgn_complete__pair_N6_ego_attention__seed7,dgn_qmix,coord_grid,7,3231,80800,40.5,25,0.36034125000000006,4.245170672734578,33.29121192296346,474.9817812999827
dgn_complete__pair_N6_ego_attention__seed7,dgn_qmix,coord_grid,7,3232,80825,64.0,25,0.36014333333333337,7.198515376874378,67.74789483206612,475.1737238999922
dgn_complete__pair_N6_ego_attention__seed7,dgn_qmix,coord_grid,7,3233,80850,47.5,25,0.3599454166666667,5.168137922883034,93.94377454121907,475.29987320001237
dgn_complete__pair_N6_ego_attention__seed7,dgn_qmix,coord_grid,7,3234,80875,47.5,25,0.3597475,5.822700276970863,89.45364157358806,475.4198320999858
dgn_complete__pair_N6_ego_attention__seed7,dgn_qmix,coord_grid,7,3235,80900,69.0,25,0.3595495833333334,6.463330214222272,87.99601078033447,475.5370522000012
dgn_complete__pair_N6_ego_attention__seed7,dgn_qmix,coord_grid,7,3236,80925,53.0,25,0.35935166666666674,4.469592481851578,78.74719973972866,475.6829604000086
dgn_complete__pair_N6_ego_attention__seed7,dgn_qmix,coord_grid,7,3237,80950,53.0,25,0.35915375000000005,6.796728531519572,28.189510345458984,475.79010479996214
dgn_complete__pair_N6_ego_attention__seed7,dgn_qmix,coord_grid,7,3238,80975,55.0,25,0.35895583333333336,5.590235809485118,36.19683011372884,475.92352989997016
dgn_complete__pair_N6_ego_attention__seed7,dgn_qmix,coord_grid,7,3239,81000,43.5,25,0.3587579166666667,5.507426545023918,38.71475028991699,476.0608506000135
dgn_complete__pair_N6_ego_attention__seed7,dgn_qmix,coord_grid,7,3240,81025,43.5,25,0.35856,7.938674483980451,93.7526375906808,476.18094709998695
dgn_complete__pair_N6_ego_attention__seed7,dgn_qmix,coord_grid,7,3241,81050,45.0,25,0.3583620833333333,5.831029494603475,91.90563329060872,476.3066156000132
dgn_complete__pair_N6_ego_attention__seed7,dgn_qmix,coord_grid,7,3242,81075,48.5,25,0.35816416666666673,3.921344963212808,100.30493259429932,476.4593318999978
dgn_complete__pair_N6_ego_attention__seed7,dgn_qmix,coord_grid,7,3243,81100,49.5,25,0.35796625000000004,8.396244898438454,102.2573471069336,476.5984016999719
dgn_complete__pair_N6_ego_attention__seed7,dgn_qmix,coord_grid,7,3244,81125,32.5,25,0.35776833333333335,2.722272161926542,62.852281842912944,476.77027779998025
dgn_complete__pair_N6_ego_attention__seed7,dgn_qmix,coord_grid,7,3245,81150,54.5,25,0.3575704166666668,2.325898369153341,33.94900639851888,476.9120297000045
dgn_complete__pair_N6_ego_attention__seed7,dgn_qmix,coord_grid,7,3246,81175,49.0,25,0.3573725,8.149235089619955,46.105196952819824,477.03271479997784
dgn_complete__pair_N6_ego_attention__seed7,dgn_qmix,coord_grid,7,3247,81200,60.5,25,0.3571745833333333,5.539937843879064,43.76985136667887,477.19281749997754
dgn_complete__pair_N6_ego_attention__seed7,dgn_qmix,coord_grid,7,3248,81225,56.0,25,0.3569766666666667,9.373452254704066,34.171251841953826,477.36613249999937
dgn_complete__pair_N6_ego_attention__seed7,dgn_qmix,coord_grid,7,3249,81250,54.5,25,0.35677875000000003,4.9704643090566,42.853538831075035,477.51987749995897
dgn_complete__pair_N6_ego_attention__seed7,dgn_qmix,coord_grid,7,3250,81275,34.0,25,0.35658083333333335,5.6438791155815125,59.66399828592936,477.6539917999762
dgn_complete__pair_N6_ego_attention__seed7,dgn_qmix,coord_grid,7,3251,81300,55.5,25,0.35638291666666666,5.618460153539975,57.108392079671226,477.7987656999612
dgn_complete__pair_N6_ego_attention__seed7,dgn_qmix,coord_grid,7,3252,81325,60.5,25,0.3561850000000001,4.392484068870544,70.98119953700474,477.9628633999964
dgn_complete__pair_N6_ego_attention__seed7,dgn_qmix,coord_grid,7,3253,81350,59.5,25,0.3559870833333334,6.406012117862701,68.1945276260376,478.0692540999735
dgn_complete__pair_N6_ego_attention__seed7,dgn_qmix,coord_grid,7,3254,81375,45.5,25,0.3557891666666667,3.2694741735855737,107.90475336710612,478.23833650001325
dgn_complete__pair_N6_ego_attention__seed7,dgn_qmix,coord_grid,7,3255,81400,48.0,25,0.35559125,6.662073542674382,107.04884878794353,478.3711061999784
dgn_complete__pair_N6_ego_attention__seed7,dgn_qmix,coord_grid,7,3256,81425,43.5,25,0.35539333333333334,4.400033861398697,72.67104257856097,478.5118048999575
dgn_complete__pair_N6_ego_attention__seed7,dgn_qmix,coord_grid,7,3257,81450,42.0,25,0.35519541666666665,5.66980043053627,64.88159052530925,478.65490659995703
dgn_complete__pair_N6_ego_attention__seed7,dgn_qmix,coord_grid,7,3258,81475,63.0,25,0.35499749999999997,3.6393375595410666,33.68340349197388,478.7745312000043
dgn_complete__pair_N6_ego_attention__seed7,dgn_qmix,coord_grid,7,3259,81500,58.0,25,0.3547995833333334,4.283484612902005,29.98443857828776,478.9304136999999
dgn_complete__pair_N6_ego_attention__seed7,dgn_qmix,coord_grid,7,3260,81525,55.5,25,0.3546016666666667,3.7925585550921306,55.869093213762554,479.06158320000395
dgn_complete__pair_N6_ego_attention__seed7,dgn_qmix,coord_grid,7,3261,81550,59.0,25,0.35440375,6.921875923871994,43.88269933064779,479.28318590001436
dgn_complete__pair_N6_ego_attention__seed7,dgn_qmix,coord_grid,7,3262,81575,54.5,25,0.35420583333333344,9.147683997948965,110.38323465983073,479.3959759999998
dgn_complete__pair_N6_ego_attention__seed7,dgn_qmix,coord_grid,7,3263,81600,46.5,25,0.35400791666666676,6.296265184879303,64.5466537475586,479.50222620001296
dgn_complete__pair_N6_ego_attention__seed7,dgn_qmix,coord_grid,7,3264,81625,52.5,25,0.35380999999999996,11.08484091929027,71.79192570277623,479.67566700000316
dgn_complete__pair_N6_ego_attention__seed7,dgn_qmix,coord_grid,7,3265,81650,50.5,25,0.3536120833333334,5.644724369049072,41.05859851837158,479.7957822000026
dgn_complete__pair_N6_ego_attention__seed7,dgn_qmix,coord_grid,7,3266,81675,47.0,25,0.3534141666666667,6.859550113479297,36.024943351745605,479.9134805999929
dgn_complete__pair_N6_ego_attention__seed7,dgn_qmix,coord_grid,7,3267,81700,38.5,25,0.35321625,2.9433976064125695,36.99684365590414,480.0619117000024
dgn_complete__pair_N6_ego_attention__seed7,dgn_qmix,coord_grid,7,3268,81725,44.5,25,0.3530183333333333,5.977251461574009,52.29280635288784,480.24398889997974
dgn_complete__pair_N6_ego_attention__seed7,dgn_qmix,coord_grid,7,3269,81750,46.0,25,0.35282041666666675,4.977225989103317,39.61527029673258,480.44906650000485
dgn_complete__pair_N6_ego_attention__seed7,dgn_qmix,coord_grid,7,3270,81775,66.0,25,0.35262250000000006,4.236830751101176,30.59886423746745,480.6015983999823
dgn_complete__pair_N6_ego_attention__seed7,dgn_qmix,coord_grid,7,3271,81800,61.0,25,0.3524245833333334,4.936103324095408,37.24452145894369,480.7252390999929
dgn_complete__pair_N6_ego_attention__seed7,dgn_qmix,coord_grid,7,3272,81825,48.0,25,0.3522266666666667,6.236155654702868,91.56242779323033,480.86830969998846
dgn_complete__pair_N6_ego_attention__seed7,dgn_qmix,coord_grid,7,3273,81850,32.0,25,0.35202875,5.080425004164378,69.79081153869629,481.07745529996464
dgn_complete__pair_N6_ego_attention__seed7,dgn_qmix,coord_grid,7,3274,81875,36.0,25,0.3518308333333333,3.1275219221909842,60.70062669118246,481.2189224999747
dgn_complete__pair_N6_ego_attention__seed7,dgn_qmix,coord_grid,7,3275,81900,55.5,25,0.35163291666666663,5.6937162677447,74.159921169281,481.37686269998085
dgn_complete__pair_N6_ego_attention__seed7,dgn_qmix,coord_grid,7,3276,81925,46.5,25,0.35143500000000005,3.280039608478546,69.86952877044678,481.56232440000167
dgn_complete__pair_N6_ego_attention__seed7,dgn_qmix,coord_grid,7,3277,81950,45.5,25,0.35123708333333337,7.069904645284017,80.56291007995605,481.7111670000013
dgn_complete__pair_N6_ego_attention__seed7,dgn_qmix,coord_grid,7,3278,81975,51.5,25,0.3510391666666667,8.327055156230927,68.90779527028401,481.86078649997944
dgn_complete__pair_N6_ego_attention__seed7,dgn_qmix,coord_grid,7,3279,82000,70.5,25,0.3508412500000001,6.248345613479614,26.622731526692707,482.0217904999736
dgn_complete__pair_N6_ego_attention__seed7,dgn_qmix,coord_grid,7,3280,82025,75.5,25,0.3506433333333334,7.116454511880875,59.15073994227818,482.15842759999214
dgn_complete__pair_N6_ego_attention__seed7,dgn_qmix,coord_grid,7,3281,82050,49.5,25,0.3504454166666666,5.672328179081281,62.33272234598795,482.28228759998456
dgn_complete__pair_N6_ego_attention__seed7,dgn_qmix,coord_grid,7,3282,82075,54.5,25,0.35024750000000004,5.048144633571307,67.23666524887085,482.4392749000108
dgn_complete__pair_N6_ego_attention__seed7,dgn_qmix,coord_grid,7,3283,82100,41.0,25,0.35004958333333336,3.952710588773092,95.26182142893474,482.5513782000053
dgn_complete__pair_N6_ego_attention__seed7,dgn_qmix,coord_grid,7,3284,82125,73.5,25,0.34985166666666667,5.891606169087546,108.13589804513114,482.7376693999977
dgn_complete__pair_N6_ego_attention__seed7,dgn_qmix,coord_grid,7,3285,82150,50.0,25,0.34965375,7.204763208826383,103.5767879486084,482.8761230999953
dgn_complete__pair_N6_ego_attention__seed7,dgn_qmix,coord_grid,7,3286,82175,54.5,25,0.3494558333333334,5.945886765917142,114.40023422241211,483.0255132999737
dgn_complete__pair_N6_ego_attention__seed7,dgn_qmix,coord_grid,7,3287,82200,51.0,25,0.3492579166666667,4.550971488157908,95.85480626424153,483.1736528999754
dgn_complete__pair_N6_ego_attention__seed7,dgn_qmix,coord_grid,7,3288,82225,78.5,25,0.34906000000000004,5.753295813288007,106.89479310171944,483.3401681999676
dgn_complete__pair_N6_ego_attention__seed7,dgn_qmix,coord_grid,7,3289,82250,51.0,25,0.34886208333333346,3.7992815375328064,74.73350461324056,483.5075162999565
dgn_complete__pair_N6_ego_attention__seed7,dgn_qmix,coord_grid,7,3290,82275,55.5,25,0.34866416666666666,4.990093693137169,60.63391971588135,483.66263909998816
dgn_complete__pair_N6_ego_attention__seed7,dgn_qmix,coord_grid,7,3291,82300,51.5,25,0.34846625,3.823661148548126,80.90335528055827,483.83094889996573
dgn_complete__pair_N6_ego_attention__seed7,dgn_qmix,coord_grid,7,3292,82325,49.5,25,0.3482683333333333,6.721749654838017,95.4003666469029,483.9527889000019
dgn_complete__pair_N6_ego_attention__seed7,dgn_qmix,coord_grid,7,3293,82350,38.5,25,0.3480704166666667,5.869304786125819,76.68117841084798,484.1761620999896
dgn_complete__pair_N6_ego_attention__seed7,dgn_qmix,coord_grid,7,3294,82375,60.5,25,0.34787250000000003,5.72943939268589,62.498387813568115,484.3871882999665
dgn_complete__pair_N6_ego_attention__seed7,dgn_qmix,coord_grid,7,3295,82400,44.5,25,0.34767458333333334,6.335526416699092,59.092692057291664,484.5325018999865
dgn_complete__pair_N6_ego_attention__seed7,dgn_qmix,coord_grid,7,3296,82425,51.0,25,0.34747666666666677,4.852328308991024,30.59499318259103,484.719285500003
dgn_complete__pair_N6_ego_attention__seed7,dgn_qmix,coord_grid,7,3297,82450,59.0,25,0.3472787500000001,3.7028651336828866,36.508914629618324,484.8775064999936
dgn_complete__pair_N6_ego_attention__seed7,dgn_qmix,coord_grid,7,3298,82475,41.0,25,0.3470808333333334,4.320774793624878,33.074761708577476,485.00858649995644
dgn_complete__pair_N6_ego_attention__seed7,dgn_qmix,coord_grid,7,3299,82500,55.5,25,0.3468829166666667,8.256582140922546,25.599077224731445,485.1404614999774
dgn_complete__pair_N6_ego_attention__seed7,dgn_qmix,coord_grid,7,3300,82525,49.0,25,0.346685,3.220781390156065,40.3752874646868,485.2918370999978
dgn_complete__pair_N6_ego_attention__seed7,dgn_qmix,coord_grid,7,3301,82550,48.0,25,0.34648708333333333,5.685493697722753,50.87244908014933,485.4452128999983
dgn_complete__pair_N6_ego_attention__seed7,dgn_qmix,coord_grid,7,3302,82575,60.5,25,0.34628916666666665,7.594771862030029,43.02862993876139,485.5451301999856
dgn_complete__pair_N6_ego_attention__seed7,dgn_qmix,coord_grid,7,3303,82600,49.5,25,0.3460912500000001,3.1389743387699127,74.30509503682454,485.6747111000004
dgn_complete__pair_N6_ego_attention__seed7,dgn_qmix,coord_grid,7,3304,82625,49.0,25,0.3458933333333334,7.758556391511645,124.98402568272182,485.82234439998865
dgn_complete__pair_N6_ego_attention__seed7,dgn_qmix,coord_grid,7,3305,82650,40.0,25,0.3456954166666667,5.939136261741321,64.33904361724854,485.9694058999885
dgn_complete__pair_N6_ego_attention__seed7,dgn_qmix,coord_grid,7,3306,82675,62.0,25,0.3454975000000001,8.728463530540466,121.90713882446289,486.1064290999784
dgn_complete__pair_N6_ego_attention__seed7,dgn_qmix,coord_grid,7,3307,82700,40.0,25,0.3452995833333333,3.4140736560026803,99.60621039072673,486.28891589998966
dgn_complete__pair_N6_ego_attention__seed7,dgn_qmix,coord_grid,7,3308,82725,50.5,25,0.34510166666666664,8.248406465564456,35.472026688711985,486.46135339996545
dgn_complete__pair_N6_ego_attention__seed7,dgn_qmix,coord_grid,7,3309,82750,35.5,25,0.34490374999999995,7.1300961176554365,67.42457453409831,486.60416260000784
dgn_complete__pair_N6_ego_attention__seed7,dgn_qmix,coord_grid,7,3310,82775,51.0,25,0.3447058333333334,4.701329847176869,86.76186688741048,486.7239319999935
dgn_complete__pair_N6_ego_attention__seed7,dgn_qmix,coord_grid,7,3311,82800,52.0,25,0.3445079166666667,6.778647422790527,123.37928009033203,486.84421449998626
dgn_complete__pair_N6_ego_attention__seed7,dgn_qmix,coord_grid,7,3312,82825,70.0,25,0.34431,6.2966843247413635,95.83823830740792,487.0341941000079
dgn_complete__pair_N6_ego_attention__seed7,dgn_qmix,coord_grid,7,3313,82850,52.0,25,0.34411208333333343,3.735855648914973,71.34909629821777,487.1620694999583
dgn_complete__pair_N6_ego_attention__seed7,dgn_qmix,coord_grid,7,3314,82875,53.0,25,0.34391416666666674,6.928301652272542,40.60993194580078,487.29260669997893
dgn_complete__pair_N6_ego_attention__seed7,dgn_qmix,coord_grid,7,3315,82900,54.5,25,0.34371625000000006,4.556768814722697,75.60330216089885,487.55713079997804
dgn_complete__pair_N6_ego_attention__seed7,dgn_qmix,coord_grid,7,3316,82925,37.0,25,0.34351833333333326,4.800593044076647,114.40798677716937,487.73120259999996
dgn_complete__pair_N6_ego_attention__seed7,dgn_qmix,coord_grid,7,3317,82950,56.0,25,0.3433204166666667,9.711638689041138,60.042494773864746,487.85802949999925
dgn_complete__pair_N6_ego_attention__seed7,dgn_qmix,coord_grid,7,3318,82975,49.0,25,0.3431225,5.121650805075963,75.28420066833496,488.0184009000077
dgn_complete__pair_N6_ego_attention__seed7,dgn_qmix,coord_grid,7,3319,83000,63.5,25,0.3429245833333333,7.665578524271647,72.44242986043294,488.16237129998626
dgn_complete__pair_N6_ego_attention__seed7,dgn_qmix,coord_grid,7,3320,83025,60.0,25,0.34272666666666673,2.800404063292912,75.22662435259137,488.27128240000457
dgn_complete__pair_N6_ego_attention__seed7,dgn_qmix,coord_grid,7,3321,83050,52.5,25,0.34252875000000005,4.4438386261463165,102.93173297246297,488.42055789998267
dgn_complete__pair_N6_ego_attention__seed7,dgn_qmix,coord_grid,7,3322,83075,50.0,25,0.34233083333333336,3.321991274754206,106.60020192464192,488.5699622000102
dgn_complete__pair_N6_ego_attention__seed7,dgn_qmix,coord_grid,7,3323,83100,48.0,25,0.3421329166666668,4.771662453810374,114.58490626017253,488.7728700999869
dgn_complete__pair_N6_ego_attention__seed7,dgn_qmix,coord_grid,7,3324,83125,40.5,25,0.3419350000000001,2.7374844678810666,64.05529621669224,488.9099903999595
dgn_complete__pair_N6_ego_attention__seed7,dgn_qmix,coord_grid,7,3325,83150,43.0,25,0.3417370833333333,6.99944273630778,69.36972713470459,489.04848779999884
dgn_complete__pair_N6_ego_attention__seed7,dgn_qmix,coord_grid,7,3326,83175,39.0,25,0.3415391666666666,4.394076307614644,69.87346013387044,489.19689319998724
dgn_complete__pair_N6_ego_attention__seed7,dgn_qmix,coord_grid,7,3327,83200,57.5,25,0.34134125000000004,4.918504913647969,118.4500093460083,489.3519904999994
dgn_complete__pair_N6_ego_attention__seed7,dgn_qmix,coord_grid,7,3328,83225,57.0,25,0.34114333333333335,10.114588873726982,123.52307455880302,489.54868030000944
dgn_complete__pair_N6_ego_attention__seed7,dgn_qmix,coord_grid,7,3329,83250,56.0,25,0.34094541666666667,6.730999529361725,109.38096809387207,489.67436619999353
dgn_complete__pair_N6_ego_attention__seed7,dgn_qmix,coord_grid,7,3330,83275,52.5,25,0.3407475000000001,4.5386200447877245,95.47113672892253,489.8423069000128
dgn_complete__pair_N6_ego_attention__seed7,dgn_qmix,coord_grid,7,3331,83300,61.0,25,0.3405495833333334,5.807743042707443,93.12265396118164,489.9994364999584
dgn_complete__pair_N6_ego_attention__seed7,dgn_qmix,coord_grid,7,3332,83325,48.5,25,0.3403516666666667,9.544086456298828,86.84104946681431,490.14088329998776
dgn_complete__pair_N6_ego_attention__seed7,dgn_qmix,coord_grid,7,3333,83350,41.0,25,0.34015375000000003,4.15663106739521,124.78440793355306,490.3080817000009
dgn_complete__pair_N6_ego_attention__seed7,dgn_qmix,coord_grid,7,3334,83375,48.5,25,0.33995583333333335,4.623084445794423,105.2829023996989,490.4842484999681
dgn_complete__pair_N6_ego_attention__seed7,dgn_qmix,coord_grid,7,3335,83400,65.0,25,0.33975791666666666,5.118530039985974,76.41385841369629,490.63766989996657
dgn_complete__pair_N6_ego_attention__seed7,dgn_qmix,coord_grid,7,3336,83425,52.5,25,0.33956,6.708832272461483,84.8667575291225,490.7969138000044
dgn_complete__pair_N6_ego_attention__seed7,dgn_qmix,coord_grid,7,3337,83450,41.0,25,0.3393620833333334,2.351308857401212,58.5271250406901,490.9927622000105
dgn_complete__pair_N6_ego_attention__seed7,dgn_qmix,coord_grid,7,3338,83475,56.5,25,0.3391641666666667,5.690769245227178,80.06666056315105,491.0967064999859
dgn_complete__pair_N6_ego_attention__seed7,dgn_qmix,coord_grid,7,3339,83500,54.0,25,0.33896625,5.778215597073237,89.98095655441284,491.2401637999574
dgn_complete__pair_N6_ego_attention__seed7,dgn_qmix,coord_grid,7,3340,83525,54.5,25,0.33876833333333345,5.152029037475586,103.71193041120257,491.35634880000725
dgn_complete__pair_N6_ego_attention__seed7,dgn_qmix,coord_grid,7,3341,83550,53.5,25,0.33857041666666676,5.060815915465355,74.70200157165527,491.5164288000087
dgn_complete__pair_N6_ego_attention__seed7,dgn_qmix,coord_grid,7,3342,83575,45.0,25,0.33837249999999996,6.870728944738706,30.332413991292317,491.67706149996957
dgn_complete__pair_N6_ego_attention__seed7,dgn_qmix,coord_grid,7,3343,83600,56.5,25,0.3381745833333333,6.227774024009705,44.908687591552734,491.87817569996696
dgn_complete__pair_N6_ego_attention__seed7,dgn_qmix,coord_grid,7,3344,83625,38.0,25,0.3379766666666667,2.6784023387091502,30.220848900931223,492.0226216999581
dgn_complete__pair_N6_ego_attention__seed7,dgn_qmix,coord_grid,7,3345,83650,50.0,25,0.33777875,4.906591514746348,38.41898695627848,492.15490089997184
dgn_complete__pair_N6_ego_attention__seed7,dgn_qmix,coord_grid,7,3346,83675,50.0,25,0.33758083333333333,5.048395360509555,67.19890848795573,492.3045226999675
dgn_complete__pair_N6_ego_attention__seed7,dgn_qmix,coord_grid,7,3347,83700,35.5,25,0.33738291666666675,2.466790576775869,48.60527038574219,492.457636600011
dgn_complete__pair_N6_ego_attention__seed7,dgn_qmix,coord_grid,7,3348,83725,45.0,25,0.33718500000000007,7.2072334204401285,75.19529042925153,492.64844279998215
dgn_complete__pair_N6_ego_attention__seed7,dgn_qmix,coord_grid,7,3349,83750,67.5,25,0.3369870833333334,4.318163086970647,52.5926710764567,492.76021440001205
dgn_complete__pair_N6_ego_attention__seed7,dgn_qmix,coord_grid,7,3350,83775,43.5,25,0.3367891666666667,8.14197364449501,21.602410952250164,492.8876814999967
dgn_complete__pair_N6_ego_attention__seed7,dgn_qmix,coord_grid,7,3351,83800,39.5,25,0.33659125,4.497446045279503,85.21789646148682,493.03622179996455
dgn_complete__pair_N6_ego_attention__seed7,dgn_qmix,coord_grid,7,3352,83825,46.0,25,0.3363933333333333,5.521682858467102,70.06231866564069,493.1454229999799
dgn_complete__pair_N6_ego_attention__seed7,dgn_qmix,coord_grid,7,3353,83850,47.0,25,0.33619541666666664,6.349012394746144,92.43830426534016,493.2446508000139
dgn_complete__pair_N6_ego_attention__seed7,dgn_qmix,coord_grid,7,3354,83875,58.5,25,0.33599750000000006,6.376342058181763,84.81106917063396,493.3860255999607
dgn_complete__pair_N6_ego_attention__seed7,dgn_qmix,coord_grid,7,3355,83900,35.0,25,0.3357995833333334,5.728265434503555,72.01909446716309,493.5867114000139
dgn_complete__pair_N6_ego_attention__seed7,dgn_qmix,coord_grid,7,3356,83925,58.5,25,0.3356016666666667,4.848390783582415,36.4102509362357,493.75709309999365
dgn_complete__pair_N6_ego_attention__seed7,dgn_qmix,coord_grid,7,3357,83950,41.0,25,0.3354037500000001,5.639351596434911,57.00680732727051,493.88239819998853
dgn_complete__pair_N6_ego_attention__seed7,dgn_qmix,coord_grid,7,3358,83975,36.5,25,0.3352058333333334,6.2107973744471865,38.74672762552897,494.07204629998887
dgn_complete__pair_N6_ego_attention__seed7,dgn_qmix,coord_grid,7,3359,84000,34.0,25,0.33500791666666674,4.257423549890518,38.79291216532389,494.23471609997796
dgn_complete__pair_N6_ego_attention__seed7,dgn_qmix,coord_grid,7,3360,84025,56.5,25,0.33480999999999994,4.173276997038296,31.92838191986084,494.3984982999973
dgn_complete__pair_N6_ego_attention__seed7,dgn_qmix,coord_grid,7,3361,84050,62.0,25,0.33461208333333337,8.224729120731354,57.249890645345054,494.53313080000225
dgn_complete__pair_N6_ego_attention__seed7,dgn_qmix,coord_grid,7,3362,84075,38.5,25,0.3344141666666667,7.249666055043538,117.40968577067058,494.6810487000039
dgn_complete__pair_N6_ego_attention__seed7,dgn_qmix,coord_grid,7,3363,84100,41.5,25,0.33421625,7.679980203509331,72.39221827189128,494.8102872999734
dgn_complete__pair_N6_ego_attention__seed7,dgn_qmix,coord_grid,7,3364,84125,49.0,25,0.3340183333333334,8.137821810586113,26.418732506888254,495.00304869998945
dgn_complete__pair_N6_ego_attention__seed7,dgn_qmix,coord_grid,7,3365,84150,39.0,25,0.33382041666666673,4.860469996929169,35.46646277109782,495.18004830001155
dgn_complete__pair_N6_ego_attention__seed7,dgn_qmix,coord_grid,7,3366,84175,51.5,25,0.33362250000000004,2.961433822909991,53.6329600016276,495.297801800014
dgn_complete__pair_N6_ego_attention__seed7,dgn_qmix,coord_grid,7,3367,84200,53.0,25,0.33342458333333336,4.341474279761314,55.85421101252238,495.45760889997473
dgn_complete__pair_N6_ego_attention__seed7,dgn_qmix,coord_grid,7,3368,84225,60.0,25,0.33322666666666667,3.620273917913437,113.53398132324219,495.6060016999836
dgn_complete__pair_N6_ego_attention__seed7,dgn_qmix,coord_grid,7,3369,84250,55.0,25,0.33302875,3.471005251010259,124.1481138865153,495.8109036000096
dgn_complete__pair_N6_ego_attention__seed7,dgn_qmix,coord_grid,7,3370,84275,53.5,25,0.3328308333333333,8.025952180226644,112.3893648783366,495.9811621999834
dgn_complete__pair_N6_ego_attention__seed7,dgn_qmix,coord_grid,7,3371,84300,44.0,25,0.3326329166666667,5.171565900246303,74.70722929636638,496.1848730999627
dgn_complete__pair_N6_ego_attention__seed7,dgn_qmix,coord_grid,7,3372,84325,49.5,25,0.33243500000000004,2.755012665476118,42.403767994471956,496.3570321999723
dgn_complete__pair_N6_ego_attention__seed7,dgn_qmix,coord_grid,7,3373,84350,44.0,25,0.33223708333333335,6.46117281417052,72.19969367980957,496.478684599977
dgn_complete__pair_N6_ego_attention__seed7,dgn_qmix,coord_grid,7,3374,84375,54.5,25,0.3320391666666668,7.903384178876877,85.6764121055603,496.662881599972
dgn_complete__pair_N6_ego_attention__seed7,dgn_qmix,coord_grid,7,3375,84400,49.0,25,0.3318412500000001,8.697154879570007,106.79183133443196,496.807825899974
dgn_complete__pair_N6_ego_attention__seed7,dgn_qmix,coord_grid,7,3376,84425,62.5,25,0.3316433333333334,7.009245157241821,118.92243957519531,496.96232210000744
dgn_complete__pair_N6_ego_attention__seed7,dgn_qmix,coord_grid,7,3377,84450,64.0,25,0.3314454166666666,4.466854294141133,58.75911490122477,497.13644229999045
dgn_complete__pair_N6_ego_attention__seed7,dgn_qmix,coord_grid,7,3378,84475,45.0,25,0.33124750000000003,3.7052047501007714,27.59515635172526,497.2886384999729
dgn_complete__pair_N6_ego_attention__seed7,dgn_qmix,coord_grid,7,3379,84500,51.0,25,0.33104958333333334,5.640533452232678,35.986687978108726,497.4652126999572
dgn_complete__pair_N6_ego_attention__seed7,dgn_qmix,coord_grid,7,3380,84525,52.0,25,0.33085166666666666,3.381078805242266,66.83399391174316,497.6217207000009
dgn_complete__pair_N6_ego_attention__seed7,dgn_qmix,coord_grid,7,3381,84550,60.5,25,0.3306537500000001,5.941799561182658,96.27175442377727,497.7272170999786
dgn_complete__pair_N6_ego_attention__seed7,dgn_qmix,coord_grid,7,3382,84575,46.0,25,0.3304558333333334,4.640225529670715,96.64254760742188,497.8537145999726
dgn_complete__pair_N6_ego_attention__seed7,dgn_qmix,coord_grid,7,3383,84600,48.0,25,0.3302579166666667,5.1335194905598955,85.89397144317627,497.9880493999808
dgn_complete__pair_N6_ego_attention__seed7,dgn_qmix,coord_grid,7,3384,84625,59.5,25,0.33006,4.936513790062496,40.30024174281529,498.19323400000576
dgn_complete__pair_N6_ego_attention__seed7,dgn_qmix,coord_grid,7,3385,84650,51.5,25,0.32986208333333344,6.97640993197759,47.90953063964844,498.33366830000887
dgn_complete__pair_N6_ego_attention__seed7,dgn_qmix,coord_grid,7,3386,84675,55.5,25,0.32966416666666665,4.409446746110916,83.8328406016032,498.48797089996515
dgn_complete__pair_N6_ego_attention__seed7,dgn_qmix,coord_grid,7,3387,84700,37.5,25,0.32946624999999996,4.474507759014766,72.98991775512695,498.58639249997213
dgn_complete__pair_N6_ego_attention__seed7,dgn_qmix,coord_grid,7,3388,84725,58.0,25,0.3292683333333334,6.552457881825311,45.41629600524902,498.69488550000824
dgn_complete__pair_N6_ego_attention__seed7,dgn_qmix,coord_grid,7,3389,84750,44.0,25,0.3290704166666667,4.960084925095241,45.179576555887856,498.8341708999942
dgn_complete__pair_N6_ego_attention__seed7,dgn_qmix,coord_grid,7,3390,84775,41.0,25,0.3288725,7.059244493643443,71.76327292124431,498.9828700000071
dgn_complete__pair_N6_ego_attention__seed7,dgn_qmix,coord_grid,7,3391,84800,48.0,25,0.3286745833333333,3.6182104647159576,48.848597049713135,499.10637409996707
dgn_complete__pair_N6_ego_attention__seed7,dgn_qmix,coord_grid,7,3392,84825,37.5,25,0.32847666666666675,4.906387077910559,52.4978267124721,499.26961029996164
dgn_complete__pair_N6_ego_attention__seed7,dgn_qmix,coord_grid,7,3393,84850,55.0,25,0.32827875000000006,5.089702208836873,66.01477114359538,499.47315309999976
dgn_complete__pair_N6_ego_attention__seed7,dgn_qmix,coord_grid,7,3394,84875,60.5,25,0.3280808333333334,5.665578921635945,53.817420959472656,499.6206438000081
dgn_complete__pair_N6_ego_attention__seed7,dgn_qmix,coord_grid,7,3395,84900,36.5,25,0.3278829166666667,6.91780565182368,44.08287652333578,499.82099589996506
dgn_complete__pair_N6_ego_attention__seed7,dgn_qmix,coord_grid,7,3396,84925,45.0,25,0.327685,4.895302363804409,46.77321992601667,499.99405119998846
dgn_complete__pair_N6_ego_attention__seed7,dgn_qmix,coord_grid,7,3397,84950,60.0,25,0.3274870833333333,5.033013065656026,51.1326265335083,500.1666236000019
dgn_complete__pair_N6_ego_attention__seed7,dgn_qmix,coord_grid,7,3398,84975,58.5,25,0.32728916666666674,7.5794358253479,21.141120592753094,500.3477009999915
dgn_complete__pair_N6_ego_attention__seed7,dgn_qmix,coord_grid,7,3399,85000,56.0,25,0.32709125000000006,9.626485874255499,52.84179719289144,500.451014899998
dgn_complete__pair_N6_ego_attention__seed7,dgn_qmix,coord_grid,7,3400,85025,48.0,25,0.32689333333333337,6.489212342670986,114.84537696838379,500.5655892000068
dgn_complete__pair_N6_ego_attention__seed7,dgn_qmix,coord_grid,7,3401,85050,36.5,25,0.3266954166666667,2.4310965687036514,50.244290828704834,500.69946520001395
dgn_complete__pair_N6_ego_attention__seed7,dgn_qmix,coord_grid,7,3402,85075,47.5,25,0.3264975000000001,5.626154904564221,47.91619555155436,500.8690474999603
dgn_complete__pair_N6_ego_attention__seed7,dgn_qmix,coord_grid,7,3403,85100,46.0,25,0.3262995833333333,6.317742715279262,57.52800194422404,501.0116698999773
dgn_complete__pair_N6_ego_attention__seed7,dgn_qmix,coord_grid,7,3404,85125,39.0,25,0.3261016666666666,6.741142324038914,53.862361090523855,501.1563625999843
dgn_complete__pair_N6_ego_attention__seed7,dgn_qmix,coord_grid,7,3405,85150,41.0,25,0.32590375000000005,6.485874394575755,57.45793994267782,501.24642559996573
dgn_complete__pair_N6_ego_attention__seed7,dgn_qmix,coord_grid,7,3406,85175,55.5,25,0.32570583333333336,5.842685878276825,97.7523587544759,501.35824729996966
dgn_complete__pair_N6_ego_attention__seed7,dgn_qmix,coord_grid,7,3407,85200,47.5,25,0.3255079166666667,5.853779171903928,90.8739668528239,501.48007869999856
dgn_complete__pair_N6_ego_attention__seed7,dgn_qmix,coord_grid,7,3408,85225,41.0,25,0.32531,7.494697775159564,105.63239288330078,501.6022486999864
dgn_complete__pair_N6_ego_attention__seed7,dgn_qmix,coord_grid,7,3409,85250,50.0,25,0.3251120833333334,5.297934204339981,103.4930051167806,501.7335167999845
dgn_complete__pair_N6_ego_attention__seed7,dgn_qmix,coord_grid,7,3410,85275,43.5,25,0.3249141666666667,6.435500497619311,80.57383028666179,501.83048959996086
dgn_complete__pair_N6_ego_attention__seed7,dgn_qmix,coord_grid,7,3411,85300,51.5,25,0.32471625000000004,7.780630171298981,93.66440200805664,501.9638282000087
dgn_complete__pair_N6_ego_attention__seed7,dgn_qmix,coord_grid,7,3412,85325,38.0,25,0.32451833333333335,8.496877534048897,74.74929509844098,502.1319334
dgn_complete__pair_N6_ego_attention__seed7,dgn_qmix,coord_grid,7,3413,85350,50.0,25,0.32432041666666667,4.559453696012497,74.44004821777344,502.267139100004
dgn_complete__pair_N6_ego_attention__seed7,dgn_qmix,coord_grid,7,3414,85375,47.0,25,0.3241225,6.549638450145721,86.2670504252116,502.39639909996185
dgn_complete__pair_N6_ego_attention__seed7,dgn_qmix,coord_grid,7,3415,85400,66.0,25,0.3239245833333334,9.749194140235582,78.15929889678955,502.5289657000103
dgn_complete__pair_N6_ego_attention__seed7,dgn_qmix,coord_grid,7,3416,85425,41.5,25,0.3237266666666667,8.005637577601842,94.0328505379813,502.6677444999805
dgn_complete__pair_N6_ego_attention__seed7,dgn_qmix,coord_grid,7,3417,85450,59.0,25,0.32352875000000003,10.410976330439249,80.75275802612305,502.80230449995724
dgn_complete__pair_N6_ego_attention__seed7,dgn_qmix,coord_grid,7,3418,85475,55.5,25,0.32333083333333335,5.785921921332677,55.39121055603027,502.97913509997306
dgn_complete__pair_N6_ego_attention__seed7,dgn_qmix,coord_grid,7,3419,85500,48.0,25,0.32313291666666677,6.363069082299869,52.62844435373942,503.16848289995687
dgn_complete__pair_N6_ego_attention__seed7,dgn_qmix,coord_grid,7,3420,85525,55.0,25,0.3229350000000001,7.428776741027832,98.0014226096017,503.2833047999884
dgn_complete__pair_N6_ego_attention__seed7,dgn_qmix,coord_grid,7,3421,85550,47.0,25,0.3227370833333333,5.468723957737287,112.50854587554932,503.4216179999639
dgn_complete__pair_N6_ego_attention__seed7,dgn_qmix,coord_grid,7,3422,85575,47.5,25,0.3225391666666667,4.3843725721041364,59.728133837381996,503.5259140999988
dgn_complete__pair_N6_ego_attention__seed7,dgn_qmix,coord_grid,7,3423,85600,55.0,25,0.32234125,2.451695660750071,51.92479260762533,503.6459348999779
dgn_complete__pair_N6_ego_attention__seed7,dgn_qmix,coord_grid,7,3424,85625,49.5,25,0.32214333333333334,6.949699555124555,97.80658667428153,503.7872568999883
dgn_complete__pair_N6_ego_attention__seed7,dgn_qmix,coord_grid,7,3425,85650,58.0,25,0.32194541666666665,4.0604679981867475,99.1678835550944,503.91349080001237
dgn_complete__pair_N6_ego_attention__seed7,dgn_qmix,coord_grid,7,3426,85675,44.0,25,0.3217475000000001,2.6773860454559326,110.90731557210286,504.0565342999762
dgn_complete__pair_N6_ego_attention__seed7,dgn_qmix,coord_grid,7,3427,85700,38.5,25,0.3215495833333334,7.087379455566406,94.20567385355632,504.2115149999736
dgn_complete__pair_N6_ego_attention__seed7,dgn_qmix,coord_grid,7,3428,85725,47.0,25,0.3213516666666667,5.02756713117872,65.24957275390625,504.35234889999265
dgn_complete__pair_N6_ego_attention__seed7,dgn_qmix,coord_grid,7,3429,85750,50.0,25,0.32115375,3.031520833571752,47.35812123616537,504.52847630000906
dgn_complete__pair_N6_ego_attention__seed7,dgn_qmix,coord_grid,7,3430,85775,45.5,25,0.32095583333333333,6.380013460914294,57.43828455607096,504.65557329996955
dgn_complete__pair_N6_ego_attention__seed7,dgn_qmix,coord_grid,7,3431,85800,58.5,25,0.32075791666666664,6.367498725652695,58.21684614817301,504.75569570000516
dgn_complete__pair_N6_ego_attention__seed7,dgn_qmix,coord_grid,7,3432,85825,49.5,25,0.32056000000000007,4.517334307943072,69.20690318516323,504.93132430000696
dgn_complete__pair_N6_ego_attention__seed7,dgn_qmix,coord_grid,7,3433,85850,43.5,25,0.3203620833333334,8.364630381266275,59.50929832458496,505.02593050000723
dgn_complete__pair_N6_ego_attention__seed7,dgn_qmix,coord_grid,7,3434,85875,61.0,25,0.3201641666666667,3.6974522918462753,46.003023624420166,505.1996422999655
dgn_complete__pair_N6_ego_attention__seed7,dgn_qmix,coord_grid,7,3435,85900,59.5,25,0.31996625,6.261488512158394,31.882166067759197,505.3350399999763
dgn_complete__pair_N6_ego_attention__seed7,dgn_qmix,coord_grid,7,3436,85925,62.5,25,0.31976833333333343,4.448527949196952,52.56020654950823,505.49428669997724
dgn_complete__pair_N6_ego_attention__seed7,dgn_qmix,coord_grid,7,3437,85950,37.5,25,0.31957041666666675,3.0102497935295105,38.136036237080894,505.6026283999672
dgn_complete__pair_N6_ego_attention__seed7,dgn_qmix,coord_grid,7,3438,85975,51.5,25,0.31937249999999995,4.684866547584534,92.78597927093506,505.761794799997
dgn_complete__pair_N6_ego_attention__seed7,dgn_qmix,coord_grid,7,3439,86000,65.0,25,0.3191745833333334,6.447968006134033,61.683138847351074,505.90143779997015
dgn_complete__pair_N6_ego_attention__seed7,dgn_qmix,coord_grid,7,3440,86025,36.5,25,0.3189766666666667,7.887881823948452,60.71877179827009,506.1271010999917
dgn_complete__pair_N6_ego_attention__seed7,dgn_qmix,coord_grid,7,3441,86050,70.5,25,0.31877875,3.6500449428955712,31.488684336344402,506.25503359996947
dgn_complete__pair_N6_ego_attention__seed7,dgn_qmix,coord_grid,7,3442,86075,50.0,25,0.3185808333333333,6.9927254517873125,33.45826943715414,506.3839130999986
dgn_complete__pair_N6_ego_attention__seed7,dgn_qmix,coord_grid,7,3443,86100,62.5,25,0.31838291666666674,6.353168934583664,28.307398637135822,506.5154070999706
dgn_complete__pair_N6_ego_attention__seed7,dgn_qmix,coord_grid,7,3444,86125,57.5,25,0.31818500000000005,3.405709777559553,72.59301076616559,506.68027259997325
dgn_complete__pair_N6_ego_attention__seed7,dgn_qmix,coord_grid,7,3445,86150,49.5,25,0.31798708333333336,5.370955278476079,105.43028926849365,506.87193059996935
dgn_complete__pair_N6_ego_attention__seed7,dgn_qmix,coord_grid,7,3446,86175,42.5,25,0.3177891666666668,3.7459185123443604,61.67227554321289,507.00485819997266
dgn_complete__pair_N6_ego_attention__seed7,dgn_qmix,coord_grid,7,3447,86200,56.0,25,0.31759125,5.66141901910305,52.7223539352417,507.2210594000062
dgn_complete__pair_N6_ego_attention__seed7,dgn_qmix,coord_grid,7,3448,86225,44.0,25,0.3173933333333333,4.9726600008351465,69.05386924743652,507.37464459997136
dgn_complete__pair_N6_ego_attention__seed7,dgn_qmix,coord_grid,7,3449,86250,56.0,25,0.31719541666666673,6.944554408391316,47.95853328704834,507.50227999995695
dgn_complete__pair_N6_ego_attention__seed7,dgn_qmix,coord_grid,7,3450,86275,40.0,25,0.31699750000000004,8.455179701248804,78.44660409291585,507.6451308999676
dgn_complete__pair_N6_ego_attention__seed7,dgn_qmix,coord_grid,7,3451,86300,59.0,25,0.31679958333333336,7.852373450994492,80.92563486099243,507.76646309997886
dgn_complete__pair_N6_ego_attention__seed7,dgn_qmix,coord_grid,7,3452,86325,53.5,25,0.31660166666666667,4.988618561199734,70.46032687595913,507.87431629997445
dgn_complete__pair_N6_ego_attention__seed7,dgn_qmix,coord_grid,7,3453,86350,46.5,25,0.3164037500000001,5.052127043406169,54.86791944503784,508.0103622999741
dgn_complete__pair_N6_ego_attention__seed7,dgn_qmix,coord_grid,7,3454,86375,33.5,25,0.3162058333333334,2.349816381931305,47.40999794006348,508.142945199972
dgn_complete__pair_N6_ego_attention__seed7,dgn_qmix,coord_grid,7,3455,86400,49.5,25,0.3160079166666667,5.743359312415123,46.61206817626953,508.25106039998354
dgn_complete__pair_N6_ego_attention__seed7,dgn_qmix,coord_grid,7,3456,86425,59.5,25,0.31581000000000004,5.496348657778332,40.5081672668457,508.3926880999934
dgn_complete__pair_N6_ego_attention__seed7,dgn_qmix,coord_grid,7,3457,86450,41.0,25,0.31561208333333335,6.311419328053792,44.17386166254679,508.54401459998917
dgn_complete__pair_N6_ego_attention__seed7,dgn_qmix,coord_grid,7,3458,86475,49.5,25,0.31541416666666666,8.3928431669871,70.56662940979004,508.68349739996484
dgn_complete__pair_N6_ego_attention__seed7,dgn_qmix,coord_grid,7,3459,86500,41.5,25,0.31521625,5.733694384495418,64.29894351959229,508.86816249997355
dgn_complete__pair_N6_ego_attention__seed7,dgn_qmix,coord_grid,7,3460,86525,54.0,25,0.3150183333333334,5.428174197673798,36.68395478384836,508.99923009995837
dgn_complete__pair_N6_ego_attention__seed7,dgn_qmix,coord_grid,7,3461,86550,83.5,25,0.3148204166666667,3.8562605530023575,82.85488335291545,509.1447218999965
dgn_complete__pair_N6_ego_attention__seed7,dgn_qmix,coord_grid,7,3462,86575,43.0,25,0.3146225,6.525663276513417,80.87735303243001,509.2646711000125
dgn_complete__pair_N6_ego_attention__seed7,dgn_qmix,coord_grid,7,3463,86600,57.0,25,0.31442458333333345,3.686685413122177,64.38161436716716,509.4819766000146
dgn_complete__pair_N6_ego_attention__seed7,dgn_qmix,coord_grid,7,3464,86625,64.5,25,0.31422666666666665,8.880999088287354,134.01410784040178,509.6091881999746
dgn_complete__pair_N6_ego_attention__seed7,dgn_qmix,coord_grid,7,3465,86650,56.0,25,0.31402874999999997,3.646260641515255,38.79831202824911,509.766385099967
dgn_complete__pair_N6_ego_attention__seed7,dgn_qmix,coord_grid,7,3466,86675,46.5,25,0.3138308333333333,7.219746669133504,89.12604967753093,509.93446369998856
dgn_complete__pair_N6_ego_attention__seed7,dgn_qmix,coord_grid,7,3467,86700,41.0,25,0.3136329166666667,6.52258728692929,100.61193307240804,510.08134129998507
dgn_complete__pair_N6_ego_attention__seed7,dgn_qmix,coord_grid,7,3468,86725,42.0,25,0.313435,4.4620466232299805,76.20998818533761,510.20891829999164
dgn_complete__pair_N6_ego_attention__seed7,dgn_qmix,coord_grid,7,3469,86750,56.0,25,0.31323708333333333,10.372850785652796,69.36363824208577,510.3178659999976
dgn_complete__pair_N6_ego_attention__seed7,dgn_qmix,coord_grid,7,3470,86775,57.0,25,0.31303916666666676,6.95397146542867,32.84064261118571,510.4154772000038
dgn_complete__pair_N6_ego_attention__seed7,dgn_qmix,coord_grid,7,3471,86800,66.5,25,0.31284125000000007,6.437788804372151,62.31791241963705,510.5577142999973
dgn_complete__pair_N6_ego_attention__seed7,dgn_qmix,coord_grid,7,3472,86825,51.5,25,0.3126433333333334,5.187417668955667,95.13501875741142,510.6426429999992
dgn_complete__pair_N6_ego_attention__seed7,dgn_qmix,coord_grid,7,3473,86850,55.5,25,0.3124454166666667,7.7451937446991606,82.05995655059814,510.73767389997374
dgn_complete__pair_N6_ego_attention__seed7,dgn_qmix,coord_grid,7,3474,86875,55.0,25,0.3122475,5.73213408390681,55.69574546813965,510.848500699969
dgn_complete__pair_N6_ego_attention__seed7,dgn_qmix,coord_grid,7,3475,86900,61.5,25,0.3120495833333333,5.654418354233106,36.51164754231771,511.0112265999778
dgn_complete__pair_N6_ego_attention__seed7,dgn_qmix,coord_grid,7,3476,86925,50.0,25,0.31185166666666664,4.408296878848757,50.233638763427734,511.1444038999616
dgn_complete__pair_N6_ego_attention__seed7,dgn_qmix,coord_grid,7,3477,86950,49.5,25,0.31165375000000006,5.77406304081281,75.09403864542644,511.30358750000596
dgn_complete__pair_N6_ego_attention__seed7,dgn_qmix,coord_grid,7,3478,86975,54.0,25,0.3114558333333334,7.073361297448476,76.1334966023763,511.422683199984
dgn_complete__pair_N6_ego_attention__seed7,dgn_qmix,coord_grid,7,3479,87000,47.0,25,0.3112579166666667,5.376704136530559,102.98793824513753,511.6028942000121
dgn_complete__pair_N6_ego_attention__seed7,dgn_qmix,coord_grid,7,3480,87025,51.5,25,0.3110600000000001,3.493742883205414,104.77563095092773,511.722274300002
dgn_complete__pair_N6_ego_attention__seed7,dgn_qmix,coord_grid,7,3481,87050,55.5,25,0.3108620833333334,6.02474045753479,117.04098765055339,511.9020537000033
dgn_complete__pair_N6_ego_attention__seed7,dgn_qmix,coord_grid,7,3482,87075,50.5,25,0.31066416666666663,5.698455999294917,75.69773292541504,512.1039235999924
dgn_complete__pair_N6_ego_attention__seed7,dgn_qmix,coord_grid,7,3483,87100,41.5,25,0.31046624999999994,4.5321312348047895,88.15602684020996,512.229786299984
dgn_complete__pair_N6_ego_attention__seed7,dgn_qmix,coord_grid,7,3484,87125,66.0,25,0.31026833333333337,4.401219993829727,51.11563846043178,512.4198901999625
dgn_complete__pair_N6_ego_attention__seed7,dgn_qmix,coord_grid,7,3485,87150,31.0,25,0.3100704166666667,7.235795239607493,102.58008734385173,512.551946099964
dgn_complete__pair_N6_ego_attention__seed7,dgn_qmix,coord_grid,7,3486,87175,38.5,25,0.3098725,5.773318524161975,62.83995056152344,512.7283704999718
dgn_complete__pair_N6_ego_attention__seed7,dgn_qmix,coord_grid,7,3487,87200,55.0,25,0.3096745833333334,3.074050987760226,47.159027894337974,512.866868699959
dgn_complete__pair_N6_ego_attention__seed7,dgn_qmix,coord_grid,7,3488,87225,35.0,25,0.30947666666666673,7.361291612897601,98.98205838884626,513.0263974000118
dgn_complete__pair_N6_ego_attention__seed7,dgn_qmix,coord_grid,7,3489,87250,51.5,25,0.30927875000000005,6.48660080631574,82.6145846048991,513.1725824999739
dgn_complete__pair_N6_ego_attention__seed7,dgn_qmix,coord_grid,7,3490,87275,53.0,25,0.30908083333333336,5.810982674360275,82.14782460530598,513.2744656999712
dgn_complete__pair_N6_ego_attention__seed7,dgn_qmix,coord_grid,7,3491,87300,65.0,25,0.3088829166666667,3.7858440776666007,69.50192832946777,513.438282899966
dgn_complete__pair_N6_ego_attention__seed7,dgn_qmix,coord_grid,7,3492,87325,46.5,25,0.308685,5.592205286026001,60.271829332624165,513.6061383999768
dgn_complete__pair_N6_ego_attention__seed7,dgn_qmix,coord_grid,7,3493,87350,40.0,25,0.3084870833333333,7.794032494227092,63.953006426493324,513.7224582000053
dgn_complete__pair_N6_ego_attention__seed7,dgn_qmix,coord_grid,7,3494,87375,56.0,25,0.3082891666666667,5.090602139631907,94.88518905639648,513.8823143999907
dgn_complete__pair_N6_ego_attention__seed7,dgn_qmix,coord_grid,7,3495,87400,48.0,25,0.30809125000000004,4.496293385823567,87.68786652882893,514.0181885999627
dgn_complete__pair_N6_ego_attention__seed7,dgn_qmix,coord_grid,7,3496,87425,64.5,25,0.30789333333333335,6.370748247419085,107.66066196986607,514.1540004999842
dgn_complete__pair_N6_ego_attention__seed7,dgn_qmix,coord_grid,7,3497,87450,49.0,25,0.3076954166666668,5.1485249400138855,61.53576787312826,514.3028797999723
dgn_complete__pair_N6_ego_attention__seed7,dgn_qmix,coord_grid,7,3498,87475,57.5,25,0.3074975000000001,5.074368392427762,43.16064437230428,514.4020138999913
dgn_complete__pair_N6_ego_attention__seed7,dgn_qmix,coord_grid,7,3499,87500,57.5,25,0.3072995833333333,5.693286418914795,34.193612575531006,514.5419941999717
dgn_complete__pair_N6_ego_attention__seed7,dgn_qmix,coord_grid,7,3500,87525,54.0,25,0.3071016666666666,6.081397090639387,33.7091155733381,514.6730328999693
dgn_complete__pair_N6_ego_attention__seed7,dgn_qmix,coord_grid,7,3501,87550,54.5,25,0.30690375000000003,6.396578595042229,27.373798370361328,514.8103529000073
dgn_complete__pair_N6_ego_attention__seed7,dgn_qmix,coord_grid,7,3502,87575,56.5,25,0.30670583333333334,4.356504271427791,46.524203618367515,514.9487835000036
dgn_complete__pair_N6_ego_attention__seed7,dgn_qmix,coord_grid,7,3503,87600,53.0,25,0.30650791666666666,5.6618650903304415,34.088890393575035,515.0728095999802
dgn_complete__pair_N6_ego_attention__seed7,dgn_qmix,coord_grid,7,3504,87625,40.0,25,0.3063100000000001,5.497066987412317,28.81454644884382,515.2257233000128
dgn_complete__pair_N6_ego_attention__seed7,dgn_qmix,coord_grid,7,3505,87650,62.0,25,0.3061120833333334,7.058606266975403,65.20275688171387,515.3989695999771
dgn_complete__pair_N6_ego_attention__seed7,dgn_qmix,coord_grid,7,3506,87675,43.0,25,0.3059141666666667,6.223172605037689,128.44598166147867,515.5523107000045
dgn_complete__pair_N6_ego_attention__seed7,dgn_qmix,coord_grid,7,3507,87700,46.5,25,0.30571625000000013,5.923357705275218,72.91173140207927,515.732962799957
dgn_complete__pair_N6_ego_attention__seed7,dgn_qmix,coord_grid,7,3508,87725,45.0,25,0.30551833333333334,5.5033722307000845,31.27160726274763,515.9225978999748
dgn_complete__pair_N6_ego_attention__seed7,dgn_qmix,coord_grid,7,3509,87750,58.0,25,0.30532041666666665,5.672399923205376,42.54456774393717,516.0519664000021
dgn_complete__pair_N6_ego_attention__seed7,dgn_qmix,coord_grid,7,3510,87775,49.0,25,0.30512249999999996,7.090395758549373,50.461989879608154,516.1592176000122
dgn_complete__pair_N6_ego_attention__seed7,dgn_qmix,coord_grid,7,3511,87800,46.5,25,0.3049245833333334,5.193772951761882,85.51875352859497,516.291382699972
dgn_complete__pair_N6_ego_attention__seed7,dgn_qmix,coord_grid,7,3512,87825,47.5,25,0.3047266666666667,3.929051629134587,67.00297055925641,516.4694674999919
dgn_complete__pair_N6_ego_attention__seed7,dgn_qmix,coord_grid,7,3513,87850,58.0,25,0.30452875,3.6790910561879477,48.415198961893715,516.5889967000112
dgn_complete__pair_N6_ego_attention__seed7,dgn_qmix,coord_grid,7,3514,87875,45.0,25,0.30433083333333344,5.119725192586581,41.8024533589681,516.7149458999629
dgn_complete__pair_N6_ego_attention__seed7,dgn_qmix,coord_grid,7,3515,87900,52.0,25,0.30413291666666675,3.8309793223937354,73.75332164764404,516.8972063999972
dgn_complete__pair_N6_ego_attention__seed7,dgn_qmix,coord_grid,7,3516,87925,57.5,25,0.30393500000000007,6.111169184957232,73.80095945085797,517.0095437999698
dgn_complete__pair_N6_ego_attention__seed7,dgn_qmix,coord_grid,7,3517,87950,55.5,25,0.30373708333333327,3.7649413347244263,67.79642518361409,517.1374428999843
dgn_complete__pair_N6_ego_attention__seed7,dgn_qmix,coord_grid,7,3518,87975,47.0,25,0.3035391666666667,7.713642040888469,48.363922437032066,517.2529186999891
dgn_complete__pair_N6_ego_attention__seed7,dgn_qmix,coord_grid,7,3519,88000,46.5,25,0.30334125,4.369333783785502,36.08186801274618,517.4226692999946
dgn_complete__pair_N6_ego_attention__seed7,dgn_qmix,coord_grid,7,3520,88025,45.5,25,0.3031433333333333,4.423675298690796,49.94805172511509,517.6005344999721
dgn_complete__pair_N6_ego_attention__seed7,dgn_qmix,coord_grid,7,3521,88050,46.0,25,0.30294541666666674,7.754008452097575,77.86682001749675,517.72958439996
dgn_complete__pair_N6_ego_attention__seed7,dgn_qmix,coord_grid,7,3522,88075,55.0,25,0.30274750000000006,4.408154189586639,72.1071008046468,517.8922356999828
dgn_complete__pair_N6_ego_attention__seed7,dgn_qmix,coord_grid,7,3523,88100,52.5,25,0.30254958333333337,1.061591664950053,58.06253878275553,518.0093654000084
dgn_complete__pair_N6_ego_attention__seed7,dgn_qmix,coord_grid,7,3524,88125,64.0,25,0.3023516666666668,5.194107183388302,81.96974400111607,518.1566170000006
dgn_complete__pair_N6_ego_attention__seed7,dgn_qmix,coord_grid,7,3525,88150,39.5,25,0.30215375,5.119221369425456,77.2644591331482,518.2912370999693
dgn_complete__pair_N6_ego_attention__seed7,dgn_qmix,coord_grid,7,3526,88175,50.0,25,0.3019558333333333,5.321885347366333,92.01562690734863,518.46049149998
dgn_complete__pair_N6_ego_attention__seed7,dgn_qmix,coord_grid,7,3527,88200,40.5,25,0.3017579166666666,4.465625723203023,67.94841575622559,518.5833512999816
dgn_complete__pair_N6_ego_attention__seed7,dgn_qmix,coord_grid,7,3528,88225,60.5,25,0.30156000000000005,5.138128595692771,83.95676858084542,518.6984300999902
dgn_complete__pair_N6_ego_attention__seed7,dgn_qmix,coord_grid,7,3529,88250,58.5,25,0.30136208333333336,2.492983892560005,53.9747568766276,518.823565299972
dgn_complete__pair_N6_ego_attention__seed7,dgn_qmix,coord_grid,7,3530,88275,47.0,25,0.3011641666666667,11.906490484873453,84.9216423034668,519.0081059999648
dgn_complete__pair_N6_ego_attention__seed7,dgn_qmix,coord_grid,7,3531,88300,45.0,25,0.3009662500000001,4.496212283770244,70.71681722005208,519.1515383999795
dgn_complete__pair_N6_ego_attention__seed7,dgn_qmix,coord_grid,7,3532,88325,38.5,25,0.3007683333333334,5.719869724341801,82.47696086338588,519.2696063999902
dgn_complete__pair_N6_ego_attention__seed7,dgn_qmix,coord_grid,7,3533,88350,43.0,25,0.30057041666666673,5.941889236370723,78.89504814147949,519.426935800002
dgn_complete__pair_N6_ego_attention__seed7,dgn_qmix,coord_grid,7,3534,88375,63.5,25,0.30037249999999993,5.820787300666173,55.90493504206339,519.5936397999758
dgn_complete__pair_N6_ego_attention__seed7,dgn_qmix,coord_grid,7,3535,88400,34.5,25,0.30017458333333336,3.1083402186632156,68.55195045471191,519.7285055000102
dgn_complete__pair_N6_ego_attention__seed7,dgn_qmix,coord_grid,7,3536,88425,45.0,25,0.29997666666666667,6.890185300792966,74.51970509120396,519.9150653000106
dgn_complete__pair_N6_ego_attention__seed7,dgn_qmix,coord_grid,7,3537,88450,37.5,25,0.29977875,5.107444226741791,50.527889251708984,520.0511652000132
dgn_complete__pair_N6_ego_attention__seed7,dgn_qmix,coord_grid,7,3538,88475,56.0,25,0.2995808333333334,4.45883221924305,48.76324907938639,520.1777680999949
dgn_complete__pair_N6_ego_attention__seed7,dgn_qmix,coord_grid,7,3539,88500,55.5,25,0.2993829166666667,7.721969445546468,24.115506649017334,520.3237587999902
dgn_complete__pair_N6_ego_attention__seed7,dgn_qmix,coord_grid,7,3540,88525,50.5,25,0.29918500000000003,6.156646004744938,25.252062116350448,520.4895162999746
dgn_complete__pair_N6_ego_attention__seed7,dgn_qmix,coord_grid,7,3541,88550,59.0,25,0.29898708333333335,3.738982930779457,42.510494232177734,520.6664258000092
dgn_complete__pair_N6_ego_attention__seed7,dgn_qmix,coord_grid,7,3542,88575,63.5,25,0.2987891666666668,4.474347958962123,39.20973936716715,520.7894317999599
dgn_complete__pair_N6_ego_attention__seed7,dgn_qmix,coord_grid,7,3543,88600,57.5,25,0.29859125,3.2801666210095086,99.36147944132487,520.9611384999589
dgn_complete__pair_N6_ego_attention__seed7,dgn_qmix,coord_grid,7,3544,88625,61.5,25,0.2983933333333333,6.253350917782102,65.95335333687919,521.0953726999578
dgn_complete__pair_N6_ego_attention__seed7,dgn_qmix,coord_grid,7,3545,88650,48.0,25,0.2981954166666667,7.787261486053467,49.97343667348226,521.2090125000104
dgn_complete__pair_N6_ego_attention__seed7,dgn_qmix,coord_grid,7,3546,88675,67.5,25,0.2979975,3.7398133178551993,42.75607935587565,521.3731574999983
dgn_complete__pair_N6_ego_attention__seed7,dgn_qmix,coord_grid,7,3547,88700,49.5,25,0.29779958333333334,5.105378409226735,59.46738306681315,521.5638265999733
dgn_complete__pair_N6_ego_attention__seed7,dgn_qmix,coord_grid,7,3548,88725,59.5,25,0.29760166666666676,7.931482587541852,70.02298545837402,521.7249431000091
dgn_complete__pair_N6_ego_attention__seed7,dgn_qmix,coord_grid,7,3549,88750,56.0,25,0.2974037500000001,6.423083653052648,31.30343468983968,521.8653895999887
dgn_complete__pair_N6_ego_attention__seed7,dgn_qmix,coord_grid,7,3550,88775,73.5,25,0.2972058333333334,1.6819094320138295,37.57091458638509,521.9909538999782
dgn_complete__pair_N6_ego_attention__seed7,dgn_qmix,coord_grid,7,3551,88800,73.5,25,0.2970079166666667,3.722991093993187,48.929549853006996,522.1775942000095
dgn_complete__pair_N6_ego_attention__seed7,dgn_qmix,coord_grid,7,3552,88825,65.0,25,0.29681,4.432838188750403,33.99878065926688,522.3190646999865
dgn_complete__pair_N6_ego_attention__seed7,dgn_qmix,coord_grid,7,3553,88850,37.5,25,0.29661208333333333,4.298174167672793,23.416339715321858,522.4492638999945
dgn_complete__pair_N6_ego_attention__seed7,dgn_qmix,coord_grid,7,3554,88875,54.5,25,0.29641416666666665,5.060048311948776,28.985052426656086,522.5688239999581
dgn_complete__pair_N6_ego_attention__seed7,dgn_qmix,coord_grid,7,3555,88900,52.5,25,0.29621625000000007,6.478892624378204,39.66479237874349,522.6868336999905
dgn_complete__pair_N6_ego_attention__seed7,dgn_qmix,coord_grid,7,3556,88925,41.0,25,0.2960183333333334,5.079197155577796,52.41681807381766,522.8665287999902
dgn_complete__pair_N6_ego_attention__seed7,dgn_qmix,coord_grid,7,3557,88950,68.0,25,0.2958204166666667,6.616049786408742,71.93164857228597,522.9687773999758
dgn_complete__pair_N6_ego_attention__seed7,dgn_qmix,coord_grid,7,3558,88975,66.5,25,0.2956225,3.227807725469271,91.7637825012207,523.1357788000023
dgn_complete__pair_N6_ego_attention__seed7,dgn_qmix,coord_grid,7,3559,89000,40.0,25,0.29542458333333343,4.496072813868523,52.64887650807699,523.2733926000074
dgn_complete__pair_N6_ego_attention__seed7,dgn_qmix,coord_grid,7,3560,89025,62.0,25,0.29522666666666664,3.579405209847859,103.92440414428711,523.4303034999757
dgn_complete__pair_N6_ego_attention__seed7,dgn_qmix,coord_grid,7,3561,89050,47.5,25,0.29502874999999995,3.8780101239681244,60.38252862294515,523.5327950000064
dgn_complete__pair_N6_ego_attention__seed7,dgn_qmix,coord_grid,7,3562,89075,51.0,25,0.2948308333333334,3.7970913698275885,68.71298217773438,523.677383399976
dgn_complete__pair_N6_ego_attention__seed7,dgn_qmix,coord_grid,7,3563,89100,45.0,25,0.2946329166666667,7.252383440732956,75.8091770807902,523.8130634999834
dgn_complete__pair_N6_ego_attention__seed7,dgn_qmix,coord_grid,7,3564,89125,59.0,25,0.294435,3.8135199419089725,45.57200677054269,523.9535006000078
dgn_complete__pair_N6_ego_attention__seed7,dgn_qmix,coord_grid,7,3565,89150,62.0,25,0.2942370833333334,4.480892265836398,52.57033093770345,524.0541522999993
dgn_complete__pair_N6_ego_attention__seed7,dgn_qmix,coord_grid,7,3566,89175,46.0,25,0.29403916666666674,1.7876329720020294,49.45329395929972,524.2249341999996
dgn_complete__pair_N6_ego_attention__seed7,dgn_qmix,coord_grid,7,3567,89200,46.5,25,0.29384125000000005,5.250373433033626,79.25499375661214,524.3691421999829
dgn_complete__pair_N6_ego_attention__seed7,dgn_qmix,coord_grid,7,3568,89225,51.5,25,0.29364333333333337,6.278376332351139,67.23623602730888,524.5122511999798
dgn_complete__pair_N6_ego_attention__seed7,dgn_qmix,coord_grid,7,3569,89250,39.0,25,0.2934454166666667,4.624427631497383,92.68568483988444,524.7176497000037
dgn_complete__pair_N6_ego_attention__seed7,dgn_qmix,coord_grid,7,3570,89275,44.0,25,0.2932475,7.2228638380765915,61.23936049143473,524.9117698000045
dgn_complete__pair_N6_ego_attention__seed7,dgn_qmix,coord_grid,7,3571,89300,51.0,25,0.2930495833333333,4.472028424342473,44.188064893086754,525.0877443999634
dgn_complete__pair_N6_ego_attention__seed7,dgn_qmix,coord_grid,7,3572,89325,48.0,25,0.29285166666666673,5.622491495949881,35.536942618233816,525.2205912999925
dgn_complete__pair_N6_ego_attention__seed7,dgn_qmix,coord_grid,7,3573,89350,47.0,25,0.29265375000000005,6.606864134470622,62.50935935974121,525.3462719999952
dgn_complete__pair_N6_ego_attention__seed7,dgn_qmix,coord_grid,7,3574,89375,46.0,25,0.29245583333333336,6.089685519536336,106.88297589619954,525.5285142000066
dgn_complete__pair_N6_ego_attention__seed7,dgn_qmix,coord_grid,7,3575,89400,51.5,25,0.2922579166666667,7.948242048422496,71.9563086827596,525.6520545000094
dgn_complete__pair_N6_ego_attention__seed7,dgn_qmix,coord_grid,7,3576,89425,45.0,25,0.2920600000000001,1.5348166993686132,47.73045948573521,525.7774577999953
dgn_complete__pair_N6_ego_attention__seed7,dgn_qmix,coord_grid,7,3577,89450,66.5,25,0.2918620833333334,5.824194932977359,33.47657426198324,525.9142743999837
dgn_complete__pair_N6_ego_attention__seed7,dgn_qmix,coord_grid,7,3578,89475,37.5,25,0.2916641666666666,3.0533801217873893,30.527888615926106,526.0700489999726
dgn_complete__pair_N6_ego_attention__seed7,dgn_qmix,coord_grid,7,3579,89500,45.5,25,0.29146625000000004,8.719884614149729,66.3822848002116,526.2036156000104
dgn_complete__pair_N6_ego_attention__seed7,dgn_qmix,coord_grid,7,3580,89525,38.5,25,0.29126833333333335,2.203259174312864,49.59634181431362,526.3399319999735
dgn_complete__pair_N6_ego_attention__seed7,dgn_qmix,coord_grid,7,3581,89550,52.0,25,0.29107041666666666,7.228024482727051,56.44355694452921,526.4652269000071
dgn_complete__pair_N6_ego_attention__seed7,dgn_qmix,coord_grid,7,3582,89575,50.5,25,0.2908725000000001,3.202940136194229,71.81231117248535,526.5991216999828
dgn_complete__pair_N6_ego_attention__seed7,dgn_qmix,coord_grid,7,3583,89600,56.5,25,0.2906745833333334,10.695773681004843,27.657819430033367,526.7787393999752
dgn_complete__pair_N6_ego_attention__seed7,dgn_qmix,coord_grid,7,3584,89625,45.5,25,0.2904766666666667,6.821789837309292,43.01687049865723,526.9122025999823
dgn_complete__pair_N6_ego_attention__seed7,dgn_qmix,coord_grid,7,3585,89650,51.0,25,0.29027875000000003,3.2203081299861274,61.09266757965088,527.0558401999879
dgn_complete__pair_N6_ego_attention__seed7,dgn_qmix,coord_grid,7,3586,89675,40.0,25,0.29008083333333334,6.466877336303393,38.432321866353355,527.2244177999673
dgn_complete__pair_N6_ego_attention__seed7,dgn_qmix,coord_grid,7,3587,89700,63.5,25,0.28988291666666666,3.1400673588116965,37.135783195495605,527.3672691999818
dgn_complete__pair_N6_ego_attention__seed7,dgn_qmix,coord_grid,7,3588,89725,47.5,25,0.28968499999999997,11.452797710895538,24.422672407967703,527.5663125999854
dgn_complete__pair_N6_ego_attention__seed7,dgn_qmix,coord_grid,7,3589,89750,43.0,25,0.2894870833333334,6.549110919237137,49.1412247021993,527.708026200009
dgn_complete__pair_N6_ego_attention__seed7,dgn_qmix,coord_grid,7,3590,89775,66.0,25,0.2892891666666667,5.844432989756267,54.31570688883463,527.8318794000079
dgn_complete__pair_N6_ego_attention__seed7,dgn_qmix,coord_grid,7,3591,89800,54.5,25,0.28909125,5.141362935304642,44.987146059672035,527.9665583999595
dgn_complete__pair_N6_ego_attention__seed7,dgn_qmix,coord_grid,7,3592,89825,56.0,25,0.28889333333333334,4.11248499580792,99.48960876464844,528.1075394999934
dgn_complete__pair_N6_ego_attention__seed7,dgn_qmix,coord_grid,7,3593,89850,43.0,25,0.28869541666666676,2.595282499988874,51.287132263183594,528.2523427999695
dgn_complete__pair_N6_ego_attention__seed7,dgn_qmix,coord_grid,7,3594,89875,67.5,25,0.2884975000000001,4.730449318885803,101.49185498555501,528.4082543000113
dgn_complete__pair_N6_ego_attention__seed7,dgn_qmix,coord_grid,7,3595,89900,63.0,25,0.2882995833333333,10.725777784983316,62.775431315104164,528.5469347999897
dgn_complete__pair_N6_ego_attention__seed7,dgn_qmix,coord_grid,7,3596,89925,47.5,25,0.2881016666666667,3.294857484953744,32.779309136526926,528.6781607999583
dgn_complete__pair_N6_ego_attention__seed7,dgn_qmix,coord_grid,7,3597,89950,50.0,25,0.28790375,8.582928761839867,42.14797925949097,528.7901323999977
dgn_complete__pair_N6_ego_attention__seed7,dgn_qmix,coord_grid,7,3598,89975,52.5,25,0.2877058333333333,3.9064771234989166,54.64676094055176,528.9537676000036
dgn_complete__pair_N6_ego_attention__seed7,dgn_qmix,coord_grid,7,3599,90000,39.5,25,0.28750791666666675,6.754652192195256,88.78499031066895,529.0694509999594
dgn_complete__pair_N6_ego_attention__seed7,dgn_qmix,coord_grid,7,3600,90025,50.5,25,0.28731000000000007,4.655689703566687,59.64902033124651,529.1868431000039
dgn_complete__pair_N6_ego_attention__seed7,dgn_qmix,coord_grid,7,3601,90050,45.5,25,0.2871120833333334,5.218648672103882,46.427269299825035,529.2873014999786
dgn_complete__pair_N6_ego_attention__seed7,dgn_qmix,coord_grid,7,3602,90075,51.0,25,0.2869141666666667,6.597643693288167,59.941322008768715,529.400557499961
dgn_complete__pair_N6_ego_attention__seed7,dgn_qmix,coord_grid,7,3603,90100,52.5,25,0.2867162500000001,7.929088115692139,46.390588919321694,529.4905482999748
dgn_complete__pair_N6_ego_attention__seed7,dgn_qmix,coord_grid,7,3604,90125,42.5,25,0.2865183333333333,6.778820991516113,42.56039319719587,529.6568516999832
dgn_complete__pair_N6_ego_attention__seed7,dgn_qmix,coord_grid,7,3605,90150,61.0,25,0.28632041666666663,5.138138974706332,37.160861810048424,529.7926222999813
dgn_complete__pair_N6_ego_attention__seed7,dgn_qmix,coord_grid,7,3606,90175,44.0,25,0.28612250000000006,8.633181889851889,50.46380774180094,529.9249160999898
dgn_complete__pair_N6_ego_attention__seed7,dgn_qmix,coord_grid,7,3607,90200,45.5,25,0.28592458333333337,5.273867964744568,62.12384287516276,530.0758264999604
dgn_complete__pair_N6_ego_attention__seed7,dgn_qmix,coord_grid,7,3608,90225,33.5,25,0.2857266666666667,2.354138744728906,76.80263192313058,530.2512011000072
dgn_complete__pair_N6_ego_attention__seed7,dgn_qmix,coord_grid,7,3609,90250,53.5,25,0.28552875,4.668342878421147,84.98233795166016,530.4299876999576
dgn_complete__pair_N6_ego_attention__seed7,dgn_qmix,coord_grid,7,3610,90275,34.0,25,0.2853308333333334,6.177704393863678,104.24607769648235,530.5673374999897
dgn_complete__pair_N6_ego_attention__seed7,dgn_qmix,coord_grid,7,3611,90300,45.5,25,0.28513291666666674,6.804411421219508,108.79945119222005,530.7038702999707
dgn_complete__pair_N6_ego_attention__seed7,dgn_qmix,coord_grid,7,3612,90325,59.5,25,0.28493500000000005,5.892231294087002,108.2222513471331,530.8668263999862
dgn_complete__pair_N6_ego_attention__seed7,dgn_qmix,coord_grid,7,3613,90350,52.0,25,0.28473708333333336,5.231810033321381,71.16575876871745,530.9895570999943
dgn_complete__pair_N6_ego_attention__seed7,dgn_qmix,coord_grid,7,3614,90375,50.5,25,0.2845391666666667,5.259820734461148,64.85250822703044,531.123375599971
dgn_complete__pair_N6_ego_attention__seed7,dgn_qmix,coord_grid,7,3615,90400,44.5,25,0.28434125,3.8026201029618583,51.20798428853353,531.2649592999951
dgn_complete__pair_N6_ego_attention__seed7,dgn_qmix,coord_grid,7,3616,90425,50.0,25,0.2841433333333333,5.103541893618448,57.64162853785923,531.4105025999597
dgn_complete__pair_N6_ego_attention__seed7,dgn_qmix,coord_grid,7,3617,90450,47.0,25,0.28394541666666673,5.807130257288615,42.115162213643394,531.555377200013
dgn_complete__pair_N6_ego_attention__seed7,dgn_qmix,coord_grid,7,3618,90475,43.5,25,0.28374750000000004,6.47469147046407,37.91020393371582,531.6814846000052
dgn_complete__pair_N6_ego_attention__seed7,dgn_qmix,coord_grid,7,3619,90500,46.0,25,0.28354958333333335,4.5487110416094465,35.41268761952718,531.8054310999578
dgn_complete__pair_N6_ego_attention__seed7,dgn_qmix,coord_grid,7,3620,90525,32.0,25,0.2833516666666668,6.914083459547588,46.8960793358939,531.9639525999664
dgn_complete__pair_N6_ego_attention__seed7,dgn_qmix,coord_grid,7,3621,90550,57.0,25,0.2831537500000001,4.5075171540180845,39.5389142036438,532.1079928000108
dgn_complete__pair_N6_ego_attention__seed7,dgn_qmix,coord_grid,7,3622,90575,51.0,25,0.2829558333333333,3.8303883373737335,30.177781740824383,532.2561421999708
dgn_complete__pair_N6_ego_attention__seed7,dgn_qmix,coord_grid,7,3623,90600,58.0,25,0.2827579166666667,10.06989531715711,77.7070706685384,532.3755832999595
dgn_complete__pair_N6_ego_attention__seed7,dgn_qmix,coord_grid,7,3624,90625,74.5,25,0.28256000000000003,5.018890619277954,120.98427391052246,532.4989853999577
dgn_complete__pair_N6_ego_attention__seed7,dgn_qmix,coord_grid,7,3625,90650,56.5,25,0.28236208333333335,4.782776355743408,93.83193143208821,532.6367399999872
dgn_complete__pair_N6_ego_attention__seed7,dgn_qmix,coord_grid,7,3626,90675,47.0,25,0.28216416666666666,6.734911759694417,81.86722119649251,532.7735326999682
dgn_complete__pair_N6_ego_attention__seed7,dgn_qmix,coord_grid,7,3627,90700,65.5,25,0.2819662500000001,7.320505857467651,89.30556933085124,532.8899357999908
dgn_complete__pair_N6_ego_attention__seed7,dgn_qmix,coord_grid,7,3628,90725,49.5,25,0.2817683333333334,6.890753562961306,45.76815332685198,533.0256639000145
dgn_complete__pair_N6_ego_attention__seed7,dgn_qmix,coord_grid,7,3629,90750,42.0,25,0.2815704166666667,7.3663458824157715,75.90648206075032,533.132362400007
dgn_complete__pair_N6_ego_attention__seed7,dgn_qmix,coord_grid,7,3630,90775,57.0,25,0.2813725,5.959012587865193,73.25511455535889,533.2787306999671
dgn_complete__pair_N6_ego_attention__seed7,dgn_qmix,coord_grid,7,3631,90800,39.5,25,0.28117458333333334,4.005361929535866,82.64293511708577,533.385867999983
dgn_complete__pair_N6_ego_attention__seed7,dgn_qmix,coord_grid,7,3632,90825,61.0,25,0.28097666666666665,6.0045613178185056,100.48082079206195,533.5966427999665
dgn_complete__pair_N6_ego_attention__seed7,dgn_qmix,coord_grid,7,3633,90850,47.0,25,0.28077874999999997,8.103295048077902,59.365418434143066,533.7619834999787
dgn_complete__pair_N6_ego_attention__seed7,dgn_qmix,coord_grid,7,3634,90875,73.5,25,0.2805808333333334,3.855701446533203,39.70620663960775,533.8889131000033
dgn_complete__pair_N6_ego_attention__seed7,dgn_qmix,coord_grid,7,3635,90900,46.5,25,0.2803829166666667,4.589871088663737,71.02936108907063,534.0223824999994
dgn_complete__pair_N6_ego_attention__seed7,dgn_qmix,coord_grid,7,3636,90925,46.5,25,0.280185,5.666888215712139,41.80843244280134,534.1614920999855
dgn_complete__pair_N6_ego_attention__seed7,dgn_qmix,coord_grid,7,3637,90950,47.5,25,0.27998708333333344,4.5444150765736895,64.64022763570149,534.3058819000144
dgn_complete__pair_N6_ego_attention__seed7,dgn_qmix,coord_grid,7,3638,90975,42.5,25,0.27978916666666676,5.514774044354756,100.59195391337077,534.4153747999808
dgn_complete__pair_N6_ego_attention__seed7,dgn_qmix,coord_grid,7,3639,91000,45.5,25,0.27959124999999996,7.506143609682719,95.62847296396892,534.5389733999618
dgn_complete__pair_N6_ego_attention__seed7,dgn_qmix,coord_grid,7,3640,91025,50.0,25,0.2793933333333334,6.368761824710028,96.55947766985211,534.6502578000072
dgn_complete__pair_N6_ego_attention__seed7,dgn_qmix,coord_grid,7,3641,91050,38.0,25,0.2791954166666667,7.287875821193059,68.2470490137736,534.7786685999599
dgn_complete__pair_N6_ego_attention__seed7,dgn_qmix,coord_grid,7,3642,91075,66.5,25,0.2789975,5.838216642538707,52.54159800211588,534.9139063999755
dgn_complete__pair_N6_ego_attention__seed7,dgn_qmix,coord_grid,7,3643,91100,36.5,25,0.2787995833333333,3.9183414578437805,47.9241673151652,535.0740009999718
dgn_complete__pair_N6_ego_attention__seed7,dgn_qmix,coord_grid,7,3644,91125,57.0,25,0.27860166666666675,8.607712268829346,36.82029751368931,535.1831801999942
dgn_complete__pair_N6_ego_attention__seed7,dgn_qmix,coord_grid,7,3645,91150,31.5,25,0.27840375000000006,7.934186776479085,47.39779853820801,535.3211588999839
dgn_complete__pair_N6_ego_attention__seed7,dgn_qmix,coord_grid,7,3646,91175,43.0,25,0.2782058333333334,5.867289448777835,38.33041286468506,535.4486270999769
dgn_complete__pair_N6_ego_attention__seed7,dgn_qmix,coord_grid,7,3647,91200,56.0,25,0.2780079166666668,5.912158956130345,53.37969843546549,535.5740847999696
dgn_complete__pair_N6_ego_attention__seed7,dgn_qmix,coord_grid,7,3648,91225,68.5,25,0.27781,5.090474541698184,39.891803877694265,535.705615599989
dgn_complete__pair_N6_ego_attention__seed7,dgn_qmix,coord_grid,7,3649,91250,29.0,25,0.2776120833333333,9.338768084843954,80.55140018463135,535.8280280999606
dgn_complete__pair_N6_ego_attention__seed7,dgn_qmix,coord_grid,7,3650,91275,82.5,25,0.27741416666666663,7.355565627415975,81.6649128595988,535.9793558999663
dgn_complete__pair_N6_ego_attention__seed7,dgn_qmix,coord_grid,7,3651,91300,49.5,25,0.27721625000000005,9.273627201716105,59.777829806009926,536.1036989999702
dgn_complete__pair_N6_ego_attention__seed7,dgn_qmix,coord_grid,7,3652,91325,54.5,25,0.27701833333333337,3.3764292086873735,58.10531888689314,536.2746524999966
dgn_complete__pair_N6_ego_attention__seed7,dgn_qmix,coord_grid,7,3653,91350,56.5,25,0.2768204166666667,7.94079785545667,44.82207600275675,536.4027406999958
dgn_complete__pair_N6_ego_attention__seed7,dgn_qmix,coord_grid,7,3654,91375,42.5,25,0.2766225000000001,3.136577541629473,48.699923515319824,536.5810539000086
dgn_complete__pair_N6_ego_attention__seed7,dgn_qmix,coord_grid,7,3655,91400,38.0,25,0.2764245833333334,8.679138968388239,79.30304686228435,536.6941563999862
dgn_complete__pair_N6_ego_attention__seed7,dgn_qmix,coord_grid,7,3656,91425,46.5,25,0.27622666666666673,4.789774571146284,98.32664162772042,536.8733161999844
dgn_complete__pair_N6_ego_attention__seed7,dgn_qmix,coord_grid,7,3657,91450,51.5,25,0.27602875000000004,7.496164639790853,82.22199694315593,537.0221539000049
dgn_complete__pair_N6_ego_attention__seed7,dgn_qmix,coord_grid,7,3658,91475,56.5,25,0.27583083333333336,4.577365343769391,57.64498392740885,537.159725799982
dgn_complete__pair_N6_ego_attention__seed7,dgn_qmix,coord_grid,7,3659,91500,50.5,25,0.27563291666666667,5.368085066477458,74.85088857014973,537.2739677999634
dgn_complete__pair_N6_ego_attention__seed7,dgn_qmix,coord_grid,7,3660,91525,48.5,25,0.275435,4.58993598818779,56.09206363133022,537.4271945999935
dgn_complete__pair_N6_ego_attention__seed7,dgn_qmix,coord_grid,7,3661,91550,45.0,25,0.2752370833333334,5.558850854635239,128.32973353068033,537.5548928999924
dgn_complete__pair_N6_ego_attention__seed7,dgn_qmix,coord_grid,7,3662,91575,43.0,25,0.2750391666666667,3.2996568183104196,64.74743302663167,537.6781838999595
dgn_complete__pair_N6_ego_attention__seed7,dgn_qmix,coord_grid,7,3663,91600,52.5,25,0.27484125000000004,3.8015969693660736,52.993024826049805,537.807032199984
dgn_complete__pair_N6_ego_attention__seed7,dgn_qmix,coord_grid,7,3664,91625,75.0,25,0.27464333333333346,6.297908042158399,62.995774677821565,537.9424175999593
dgn_complete__pair_N6_ego_attention__seed7,dgn_qmix,coord_grid,7,3665,91650,44.5,25,0.27444541666666666,3.9062936951716742,62.419934590657554,538.0670676999725
dgn_complete__pair_N6_ego_attention__seed7,dgn_qmix,coord_grid,7,3666,91675,58.0,25,0.2742475,6.2268935938676195,100.55594444274902,538.2264324999996
dgn_complete__pair_N6_ego_attention__seed7,dgn_qmix,coord_grid,7,3667,91700,44.5,25,0.2740495833333333,6.546513398488362,132.27861245473227,538.3765231000143
dgn_complete__pair_N6_ego_attention__seed7,dgn_qmix,coord_grid,7,3668,91725,41.0,25,0.2738516666666667,5.898350302662168,72.27354458400181,538.4808836999582
dgn_complete__pair_N6_ego_attention__seed7,dgn_qmix,coord_grid,7,3669,91750,61.5,25,0.27365375000000003,5.520148674647014,120.12347221374512,538.6080015999614
dgn_complete__pair_N6_ego_attention__seed7,dgn_qmix,coord_grid,7,3670,91775,53.5,25,0.27345583333333334,5.360093812147777,78.1881758371989,538.7380559999729
dgn_complete__pair_N6_ego_attention__seed7,dgn_qmix,coord_grid,7,3671,91800,60.5,25,0.27325791666666677,10.700634320576986,61.97229766845703,538.8947748999926
dgn_complete__pair_N6_ego_attention__seed7,dgn_qmix,coord_grid,7,3672,91825,62.0,25,0.2730600000000001,5.208957978657314,61.353326661246165,539.0748088000109
dgn_complete__pair_N6_ego_attention__seed7,dgn_qmix,coord_grid,7,3673,91850,53.0,25,0.2728620833333334,4.081752598285675,96.89175796508789,539.1990270999959
dgn_complete__pair_N6_ego_attention__seed7,dgn_qmix,coord_grid,7,3674,91875,58.0,25,0.2726641666666667,3.9633836249510446,63.619957288106285,539.3241299999645
dgn_complete__pair_N6_ego_attention__seed7,dgn_qmix,coord_grid,7,3675,91900,51.0,25,0.27246625,10.642372806866964,122.0738525390625,539.4290166000137
dgn_complete__pair_N6_ego_attention__seed7,dgn_qmix,coord_grid,7,3676,91925,53.5,25,0.27226833333333333,7.996572494506836,130.69231632777624,539.5704659000039
dgn_complete__pair_N6_ego_attention__seed7,dgn_qmix,coord_grid,7,3677,91950,62.0,25,0.27207041666666665,8.25482432047526,102.01244354248047,539.7157197999768
dgn_complete__pair_N6_ego_attention__seed7,dgn_qmix,coord_grid,7,3678,91975,57.0,25,0.2718725000000001,4.067534734805425,98.064697265625,539.8779882999952
dgn_complete__pair_N6_ego_attention__seed7,dgn_qmix,coord_grid,7,3679,92000,48.5,25,0.2716745833333334,5.19989970823129,51.64386812845866,540.0393791999668
dgn_complete__pair_N6_ego_attention__seed7,dgn_qmix,coord_grid,7,3680,92025,44.5,25,0.2714766666666667,5.327585586479732,72.65364129202706,540.1598367000115
dgn_complete__pair_N6_ego_attention__seed7,dgn_qmix,coord_grid,7,3681,92050,40.5,25,0.2712787500000001,3.869285523891449,45.375809033711754,540.2793257999583
dgn_complete__pair_N6_ego_attention__seed7,dgn_qmix,coord_grid,7,3682,92075,54.0,25,0.27108083333333344,3.856447398662567,50.79460938771566,540.4324796999572
dgn_complete__pair_N6_ego_attention__seed7,dgn_qmix,coord_grid,7,3683,92100,32.0,25,0.27088291666666664,6.573397944370906,52.298720359802246,540.552077899978
dgn_complete__pair_N6_ego_attention__seed7,dgn_qmix,coord_grid,7,3684,92125,59.0,25,0.27068499999999995,5.675601022584098,49.71510805402483,540.7141058999696
dgn_complete__pair_N6_ego_attention__seed7,dgn_qmix,coord_grid,7,3685,92150,56.5,25,0.2704870833333334,5.969817350308101,51.55285517374674,540.8600204999675
dgn_complete__pair_N6_ego_attention__seed7,dgn_qmix,coord_grid,7,3686,92175,62.0,25,0.2702891666666667,4.779971718788147,99.54802131652832,540.9848136999644
dgn_complete__pair_N6_ego_attention__seed7,dgn_qmix,coord_grid,7,3687,92200,61.0,25,0.27009125,5.412858545780182,96.3678986231486,541.1301237999578
dgn_complete__pair_N6_ego_attention__seed7,dgn_qmix,coord_grid,7,3688,92225,43.0,25,0.26989333333333343,4.659359627536365,60.10602079119001,541.2626171999727
dgn_complete__pair_N6_ego_attention__seed7,dgn_qmix,coord_grid,7,3689,92250,44.5,25,0.26969541666666674,5.347880229353905,33.78717454274496,541.405322799983
dgn_complete__pair_N6_ego_attention__seed7,dgn_qmix,coord_grid,7,3690,92275,66.0,25,0.26949750000000006,3.3030932545661926,67.43050479888916,541.5119147999794
dgn_complete__pair_N6_ego_attention__seed7,dgn_qmix,coord_grid,7,3691,92300,50.0,25,0.26929958333333337,5.988382409016292,75.76961326599121,541.6732371000107
dgn_complete__pair_N6_ego_attention__seed7,dgn_qmix,coord_grid,7,3692,92325,47.5,25,0.2691016666666667,7.063761468444552,71.45408821105957,541.8113043999765
dgn_complete__pair_N6_ego_attention__seed7,dgn_qmix,coord_grid,7,3693,92350,44.0,25,0.26890375,4.573058143258095,44.94345776240031,541.9597577999812
dgn_complete__pair_N6_ego_attention__seed7,dgn_qmix,coord_grid,7,3694,92375,45.0,25,0.2687058333333333,6.735458254814148,54.309406757354736,542.0800636999775
dgn_complete__pair_N6_ego_attention__seed7,dgn_qmix,coord_grid,7,3695,92400,41.0,25,0.26850791666666673,8.759154796600342,39.12352021535238,542.2217989999917
dgn_complete__pair_N6_ego_attention__seed7,dgn_qmix,coord_grid,7,3696,92425,55.0,25,0.26831000000000005,7.635877200535366,79.16290991646903,542.3431449999916
dgn_complete__pair_N6_ego_attention__seed7,dgn_qmix,coord_grid,7,3697,92450,43.5,25,0.26811208333333336,3.8745738516251245,58.92782656351725,542.4595011000056
dgn_complete__pair_N6_ego_attention__seed7,dgn_qmix,coord_grid,7,3698,92475,54.5,25,0.2679141666666668,7.448349396387736,65.10026836395264,542.5939728000085
dgn_complete__pair_N6_ego_attention__seed7,dgn_qmix,coord_grid,7,3699,92500,49.5,25,0.2677162500000001,5.3774736275275545,59.02309147516886,542.7271880999906
dgn_complete__pair_N6_ego_attention__seed7,dgn_qmix,coord_grid,7,3700,92525,43.5,25,0.2675183333333333,5.751979964120047,45.080457959856304,542.8307457999908
dgn_complete__pair_N6_ego_attention__seed7,dgn_qmix,coord_grid,7,3701,92550,64.5,25,0.2673204166666666,5.275278444091479,54.90625158945719,542.949186199985
dgn_complete__pair_N6_ego_attention__seed7,dgn_qmix,coord_grid,7,3702,92575,65.0,25,0.26712250000000004,3.3860719352960587,80.60764376322429,543.090302800003
dgn_complete__pair_N6_ego_attention__seed7,dgn_qmix,coord_grid,7,3703,92600,55.5,25,0.26692458333333335,2.494267985224724,60.146687507629395,543.2302770999959
dgn_complete__pair_N6_ego_attention__seed7,dgn_qmix,coord_grid,7,3704,92625,54.5,25,0.26672666666666667,8.766830606119973,64.42480850219727,543.3769914999721
dgn_complete__pair_N6_ego_attention__seed7,dgn_qmix,coord_grid,7,3705,92650,54.0,25,0.2665287500000001,3.902257571617762,45.08286476135254,543.5001242000144
dgn_complete__pair_N6_ego_attention__seed7,dgn_qmix,coord_grid,7,3706,92675,40.0,25,0.2663308333333334,6.809152801831563,78.24666627248128,543.6179059999995
dgn_complete__pair_N6_ego_attention__seed7,dgn_qmix,coord_grid,7,3707,92700,70.5,25,0.2661329166666667,5.278432448705037,45.588999112447105,543.7342647999758
dgn_complete__pair_N6_ego_attention__seed7,dgn_qmix,coord_grid,7,3708,92725,86.5,25,0.26593500000000003,6.374074889080865,49.657830647059846,543.886565199995
dgn_complete__pair_N6_ego_attention__seed7,dgn_qmix,coord_grid,7,3709,92750,38.5,25,0.26573708333333335,6.089284986257553,76.29651133219402,544.013189899968
dgn_complete__pair_N6_ego_attention__seed7,dgn_qmix,coord_grid,7,3710,92775,61.5,25,0.26553916666666666,3.2915979673465094,88.59059079488118,544.1220082999789
dgn_complete__pair_N6_ego_attention__seed7,dgn_qmix,coord_grid,7,3711,92800,41.0,25,0.26534125,5.684744353095691,116.15203539530437,544.2871515000006
dgn_complete__pair_N6_ego_attention__seed7,dgn_qmix,coord_grid,7,3712,92825,41.0,25,0.2651433333333334,7.1548618503979275,89.39794049944196,544.4075961000053
dgn_complete__pair_N6_ego_attention__seed7,dgn_qmix,coord_grid,7,3713,92850,52.0,25,0.2649454166666667,5.63437173763911,99.47504266103108,544.5821821999853
dgn_complete__pair_N6_ego_attention__seed7,dgn_qmix,coord_grid,7,3714,92875,57.5,25,0.2647475,3.4609262545903525,96.14954630533855,544.7359383999719
dgn_complete__pair_N6_ego_attention__seed7,dgn_qmix,coord_grid,7,3715,92900,37.5,25,0.26454958333333345,5.397900104522705,61.30222384134928,544.8909980999888
dgn_complete__pair_N6_ego_attention__seed7,dgn_qmix,coord_grid,7,3716,92925,50.5,25,0.26435166666666676,3.4119407619748796,51.06662668500628,545.0139687999617
dgn_complete__pair_N6_ego_attention__seed7,dgn_qmix,coord_grid,7,3717,92950,44.0,25,0.2641537500000001,5.9458466321229935,61.488980293273926,545.1211161999963
dgn_complete__pair_N6_ego_attention__seed7,dgn_qmix,coord_grid,7,3718,92975,58.0,25,0.2639558333333333,6.757525071501732,87.67186387379964,545.2656474999967
dgn_complete__pair_N6_ego_attention__seed7,dgn_qmix,coord_grid,7,3719,93000,53.5,25,0.2637579166666667,8.070680404702822,51.893510500590004,545.3951230999664
dgn_complete__pair_N6_ego_attention__seed7,dgn_qmix,coord_grid,7,3720,93025,43.0,25,0.26356,2.4816263956683025,111.80348096575055,545.5287890000036
dgn_complete__pair_N6_ego_attention__seed7,dgn_qmix,coord_grid,7,3721,93050,57.0,25,0.26336208333333333,6.8555381298065186,91.18023745218913,545.6503915999783
dgn_complete__pair_N6_ego_attention__seed7,dgn_qmix,coord_grid,7,3722,93075,56.5,25,0.26316416666666675,6.718017637729645,55.07254219055176,545.7813140999642
dgn_complete__pair_N6_ego_attention__seed7,dgn_qmix,coord_grid,7,3723,93100,50.5,25,0.26296625000000007,1.101082315047582,53.9082400004069,545.9070295999991
dgn_complete__pair_N6_ego_attention__seed7,dgn_qmix,coord_grid,7,3724,93125,42.0,25,0.2627683333333334,4.628404702459063,66.4791180746896,546.0386786999879
dgn_complete__pair_N6_ego_attention__seed7,dgn_qmix,coord_grid,7,3725,93150,59.0,25,0.2625704166666667,4.048661698897679,70.30364894866943,546.1694005999598
dgn_complete__pair_N6_ego_attention__seed7,dgn_qmix,coord_grid,7,3726,93175,43.0,25,0.2623725,4.579042722781499,57.4775005976359,546.291318500007
dgn_complete__pair_N6_ego_attention__seed7,dgn_qmix,coord_grid,7,3727,93200,52.5,25,0.2621745833333333,3.3763703604539237,76.49651209513347,546.4357983999653
dgn_complete__pair_N6_ego_attention__seed7,dgn_qmix,coord_grid,7,3728,93225,51.0,25,0.26197666666666664,5.923272924763816,62.50727244785854,546.571247099957
dgn_complete__pair_N6_ego_attention__seed7,dgn_qmix,coord_grid,7,3729,93250,60.0,25,0.26177875000000006,3.147505968809128,44.79252815246582,546.6972404000117
dgn_complete__pair_N6_ego_attention__seed7,dgn_qmix,coord_grid,7,3730,93275,55.0,25,0.2615808333333334,4.732838531335195,79.8391939798991,546.809386399982
dgn_complete__pair_N6_ego_attention__seed7,dgn_qmix,coord_grid,7,3731,93300,55.0,25,0.2613829166666667,8.186987241109213,55.726996739705406,546.9166708000121
dgn_complete__pair_N6_ego_attention__seed7,dgn_qmix,coord_grid,7,3732,93325,54.0,25,0.2611850000000001,8.858704149723053,54.56892204284668,547.0938313999795
dgn_complete__pair_N6_ego_attention__seed7,dgn_qmix,coord_grid,7,3733,93350,48.0,25,0.2609870833333334,6.184385597705841,81.93685913085938,547.1981225999771
dgn_complete__pair_N6_ego_attention__seed7,dgn_qmix,coord_grid,7,3734,93375,54.0,25,0.26078916666666674,8.291545311609903,87.99444802602132,547.3685409000027
dgn_complete__pair_N6_ego_attention__seed7,dgn_qmix,coord_grid,7,3735,93400,51.0,25,0.26059124999999994,7.704447920123736,102.06154378255208,547.5393792999675
dgn_complete__pair_N6_ego_attention__seed7,dgn_qmix,coord_grid,7,3736,93425,43.5,25,0.26039333333333337,4.746113734585898,93.18603379385812,547.7173466999666
dgn_complete__pair_N6_ego_attention__seed7,dgn_qmix,coord_grid,7,3737,93450,24.0,25,0.2601954166666667,6.009883354107539,36.589088122049965,547.8524343000026
dgn_complete__pair_N6_ego_attention__seed7,dgn_qmix,coord_grid,7,3738,93475,42.5,25,0.2599975,6.7277863671382265,51.113357861836754,547.9825121999602
dgn_complete__pair_N6_ego_attention__seed7,dgn_qmix,coord_grid,7,3739,93500,34.0,25,0.2597995833333334,6.793725619713466,85.92844200134277,548.1261601999868
dgn_complete__pair_N6_ego_attention__seed7,dgn_qmix,coord_grid,7,3740,93525,47.5,25,0.25960166666666673,2.95615359715053,81.93425287519183,548.2737778999726
dgn_complete__pair_N6_ego_attention__seed7,dgn_qmix,coord_grid,7,3741,93550,51.0,25,0.25940375000000004,8.16871103644371,65.69418239593506,548.519438599993
dgn_complete__pair_N6_ego_attention__seed7,dgn_qmix,coord_grid,7,3742,93575,66.0,25,0.25920583333333336,2.6855626304944358,100.96932983398438,548.6686307999771
dgn_complete__pair_N6_ego_attention__seed7,dgn_qmix,coord_grid,7,3743,93600,60.5,25,0.2590079166666668,4.6572074343760805,77.81952095031738,548.7606647000066
dgn_complete__pair_N6_ego_attention__seed7,dgn_qmix,coord_grid,7,3744,93625,62.5,25,0.25881,4.0552388940538675,77.18519483293805,548.8706522000139
dgn_complete__pair_N6_ego_attention__seed7,dgn_qmix,coord_grid,7,3745,93650,48.5,25,0.2586120833333333,6.823460042476654,89.49569829305013,548.9987723999657
dgn_complete__pair_N6_ego_attention__seed7,dgn_qmix,coord_grid,7,3746,93675,36.0,25,0.2584141666666667,4.596024975180626,64.58708222707112,549.136980100011
dgn_complete__pair_N6_ego_attention__seed7,dgn_qmix,coord_grid,7,3747,93700,50.5,25,0.25821625000000004,6.751931031545003,49.21524095535278,549.2590376999578
dgn_complete__pair_N6_ego_attention__seed7,dgn_qmix,coord_grid,7,3748,93725,43.5,25,0.25801833333333335,4.580580945525851,45.809433119637625,549.4090533999843
dgn_complete__pair_N6_ego_attention__seed7,dgn_qmix,coord_grid,7,3749,93750,76.0,25,0.2578204166666668,8.755694309870401,37.34354050954183,549.5186763000092
dgn_complete__pair_N6_ego_attention__seed7,dgn_qmix,coord_grid,7,3750,93775,56.5,25,0.2576225000000001,5.303585186600685,42.07149855295817,549.6809002999798
dgn_complete__pair_N6_ego_attention__seed7,dgn_qmix,coord_grid,7,3751,93800,57.0,25,0.2574245833333334,4.71124933163325,102.939634958903,549.9006647999631
dgn_complete__pair_N6_ego_attention__seed7,dgn_qmix,coord_grid,7,3752,93825,57.0,25,0.2572266666666667,6.869255176612309,112.631101335798,550.0328747999738
dgn_complete__pair_N6_ego_attention__seed7,dgn_qmix,coord_grid,7,3753,93850,37.5,25,0.25702875000000003,7.006876756747563,106.60924339294434,550.2035107999691
dgn_complete__pair_N6_ego_attention__seed7,dgn_qmix,coord_grid,7,3754,93875,46.0,25,0.25683083333333334,5.423063298066457,87.48438580830891,550.324805399985
dgn_complete__pair_N6_ego_attention__seed7,dgn_qmix,coord_grid,7,3755,93900,48.5,25,0.25663291666666666,4.960604210694631,94.69714546203613,550.4425754999975
dgn_complete__pair_N6_ego_attention__seed7,dgn_qmix,coord_grid,7,3756,93925,54.5,25,0.2564350000000001,4.772314505917685,77.51741967882428,550.5563458999968
dgn_complete__pair_N6_ego_attention__seed7,dgn_qmix,coord_grid,7,3757,93950,43.0,25,0.2562370833333334,5.3606999317804975,65.787766456604,550.6962590999901
dgn_complete__pair_N6_ego_attention__seed7,dgn_qmix,coord_grid,7,3758,93975,47.5,25,0.2560391666666667,6.742784281571706,72.11692428588867,550.8548965000082
dgn_complete__pair_N6_ego_attention__seed7,dgn_qmix,coord_grid,7,3759,94000,44.5,25,0.25584125,6.760956649978955,38.702060540517174,550.9972086999915
dgn_complete__pair_N6_ego_attention__seed7,dgn_qmix,coord_grid,7,3760,94025,58.5,25,0.25564333333333344,1.1042718972478593,38.76104204995291,551.1527640999993
dgn_complete__pair_N6_ego_attention__seed7,dgn_qmix,coord_grid,7,3761,94050,39.5,25,0.25544541666666665,4.708388720949491,36.534959157307945,551.271166999999
dgn_complete__pair_N6_ego_attention__seed7,dgn_qmix,coord_grid,7,3762,94075,48.0,25,0.25524749999999996,9.607035557428995,43.46194712320963,551.3873140999931
dgn_complete__pair_N6_ego_attention__seed7,dgn_qmix,coord_grid,7,3763,94100,61.5,25,0.2550495833333334,6.205118924379349,78.06449063618977,551.4793389000115
dgn_complete__pair_N6_ego_attention__seed7,dgn_qmix,coord_grid,7,3764,94125,50.0,25,0.2548516666666667,6.488373684031623,47.427600043160574,551.6276731999824
dgn_complete__pair_N6_ego_attention__seed7,dgn_qmix,coord_grid,7,3765,94150,49.0,25,0.25465375,6.802175293366115,58.12798563639323,551.783849600004
dgn_complete__pair_N6_ego_attention__seed7,dgn_qmix,coord_grid,7,3766,94175,69.5,25,0.2544558333333333,3.4205777049064636,92.30109310150146,551.9748044000007
dgn_complete__pair_N6_ego_attention__seed7,dgn_qmix,coord_grid,7,3767,94200,52.0,25,0.25425791666666675,4.001044978698094,43.72614256540934,552.1425143000088
dgn_complete__pair_N6_ego_attention__seed7,dgn_qmix,coord_grid,7,3768,94225,52.0,25,0.25406000000000006,5.2231541361127585,40.422684941973,552.3470041999826
dgn_complete__pair_N6_ego_attention__seed7,dgn_qmix,coord_grid,7,3769,94250,48.5,25,0.2538620833333334,6.720349311828613,49.542938550313316,552.5043976999586
dgn_complete__pair_N6_ego_attention__seed7,dgn_qmix,coord_grid,7,3770,94275,72.5,25,0.2536641666666667,4.0052273372809095,78.36051432291667,552.6385648999712
dgn_complete__pair_N6_ego_attention__seed7,dgn_qmix,coord_grid,7,3771,94300,41.5,25,0.25346625,6.812337716420491,53.08662033081055,552.7675053999992
dgn_complete__pair_N6_ego_attention__seed7,dgn_qmix,coord_grid,7,3772,94325,45.5,25,0.2532683333333333,6.605747972215925,79.11390059334892,552.9434992999886
dgn_complete__pair_N6_ego_attention__seed7,dgn_qmix,coord_grid,7,3773,94350,41.5,25,0.25307041666666674,8.134187936782837,60.95233758290609,553.0571928999852
dgn_complete__pair_N6_ego_attention__seed7,dgn_qmix,coord_grid,7,3774,94375,34.0,25,0.25287250000000006,3.4825957218805947,101.35020351409912,553.2217989999917
dgn_complete__pair_N6_ego_attention__seed7,dgn_qmix,coord_grid,7,3775,94400,39.5,25,0.25267458333333337,4.794771760702133,95.2525053024292,553.3460928999702
dgn_complete__pair_N6_ego_attention__seed7,dgn_qmix,coord_grid,7,3776,94425,44.0,25,0.2524766666666667,5.315664981092725,54.146043232509065,553.5044353000121
dgn_complete__pair_N6_ego_attention__seed7,dgn_qmix,coord_grid,7,3777,94450,61.5,25,0.2522787500000001,3.9561296900113425,54.58480962117513,553.6193195999949
dgn_complete__pair_N6_ego_attention__seed7,dgn_qmix,coord_grid,7,3778,94475,50.0,25,0.2520808333333334,3.259867196281751,66.53551546732585,553.7670245000045
dgn_complete__pair_N6_ego_attention__seed7,dgn_qmix,coord_grid,7,3779,94500,53.5,25,0.2518829166666666,5.364853620529175,37.143857638041176,553.8812016999582
dgn_complete__pair_N6_ego_attention__seed7,dgn_qmix,coord_grid,7,3780,94525,43.0,25,0.25168500000000005,4.873888671398163,106.42282104492188,554.0409312999691
dgn_complete__pair_N6_ego_attention__seed7,dgn_qmix,coord_grid,7,3781,94550,55.5,25,0.25148708333333336,6.040102546413739,44.36747852961222,554.2091396999895
dgn_complete__pair_N6_ego_attention__seed7,dgn_qmix,coord_grid,7,3782,94575,56.5,25,0.2512891666666667,7.494693954785665,50.67466386159261,554.345965799992
dgn_complete__pair_N6_ego_attention__seed7,dgn_qmix,coord_grid,7,3783,94600,55.5,25,0.25109125,6.003434658050537,28.501354853312176,554.455695200013
dgn_complete__pair_N6_ego_attention__seed7,dgn_qmix,coord_grid,7,3784,94625,37.5,25,0.2508933333333334,8.974649156842913,75.82509068080357,554.616606399999
dgn_complete__pair_N6_ego_attention__seed7,dgn_qmix,coord_grid,7,3785,94650,50.5,25,0.2506954166666667,4.854820758104324,103.0501314798991,554.7182433999842
dgn_complete__pair_N6_ego_attention__seed7,dgn_qmix,coord_grid,7,3786,94675,48.5,25,0.25049750000000004,2.5008720606565475,55.03444957733154,554.876678599976
dgn_complete__pair_N6_ego_attention__seed7,dgn_qmix,coord_grid,7,3787,94700,55.5,25,0.25029958333333335,7.458965574701627,34.1788330078125,555.0001372999977
dgn_complete__pair_N6_ego_attention__seed7,dgn_qmix,coord_grid,7,3788,94725,56.0,25,0.25010166666666667,5.3102781772613525,73.58486202784947,555.1278302000137
dgn_complete__pair_N6_ego_attention__seed7,dgn_qmix,coord_grid,7,3789,94750,40.0,25,0.24990374999999998,6.819438387950261,63.13089815775553,555.2672858999576
dgn_complete__pair_N6_ego_attention__seed7,dgn_qmix,coord_grid,7,3790,94775,50.0,25,0.2497058333333334,5.9659454474846525,38.5449743270874,555.4153713000123
dgn_complete__pair_N6_ego_attention__seed7,dgn_qmix,coord_grid,7,3791,94800,66.0,25,0.24950791666666672,1.146429826815923,52.33345651626587,555.5676838000072
dgn_complete__pair_N6_ego_attention__seed7,dgn_qmix,coord_grid,7,3792,94825,44.0,25,0.24931000000000003,3.3453695135457173,23.753834588187082,555.7164300999721
dgn_complete__pair_N6_ego_attention__seed7,dgn_qmix,coord_grid,7,3793,94850,39.0,25,0.24911208333333335,7.40024209022522,42.05783780415853,555.8571198999998
dgn_complete__pair_N6_ego_attention__seed7,dgn_qmix,coord_grid,7,3794,94875,42.0,25,0.24891416666666677,7.47989954551061,49.9318151473999,555.9999495999655
dgn_complete__pair_N6_ego_attention__seed7,dgn_qmix,coord_grid,7,3795,94900,58.5,25,0.24871625000000008,4.6853112528721494,56.37252902984619,556.0967990999925
dgn_complete__pair_N6_ego_attention__seed7,dgn_qmix,coord_grid,7,3796,94925,49.0,25,0.24851833333333329,4.661851308175495,48.63582297733852,556.2696536000003
dgn_complete__pair_N6_ego_attention__seed7,dgn_qmix,coord_grid,7,3797,94950,58.0,25,0.2483204166666667,7.4412482380867,35.493903477986656,556.4194010999636
dgn_complete__pair_N6_ego_attention__seed7,dgn_qmix,coord_grid,7,3798,94975,52.0,25,0.24812250000000002,5.340482850869496,42.5409828821818,556.555930499977
dgn_complete__pair_N6_ego_attention__seed7,dgn_qmix,coord_grid,7,3799,95000,53.0,25,0.24792458333333334,5.518363406260808,86.03295230865479,556.7127623999841
dgn_complete__pair_N6_ego_attention__seed7,dgn_qmix,coord_grid,7,3800,95025,45.5,25,0.24772666666666665,5.918206146785191,60.84216117858887,556.8510199000011
dgn_complete__pair_N6_ego_attention__seed7,dgn_qmix,coord_grid,7,3801,95050,66.5,25,0.24752875000000008,7.461757863561313,69.45384883880615,556.9761809000047
dgn_complete__pair_N6_ego_attention__seed7,dgn_qmix,coord_grid,7,3802,95075,61.5,25,0.2473308333333334,4.798228184382121,78.6177625656128,557.147573299997
dgn_complete__pair_N6_ego_attention__seed7,dgn_qmix,coord_grid,7,3803,95100,72.5,25,0.2471329166666667,8.849101856350899,36.07728703816732,557.3132485999959
dgn_complete__pair_N6_ego_attention__seed7,dgn_qmix,coord_grid,7,3804,95125,50.0,25,0.24693500000000013,5.227744289806911,39.843881607055664,557.4715649000136
dgn_complete__pair_N6_ego_attention__seed7,dgn_qmix,coord_grid,7,3805,95150,47.0,25,0.24673708333333333,5.33959976832072,46.09094111124674,557.6313151000068
dgn_complete__pair_N6_ego_attention__seed7,dgn_qmix,coord_grid,7,3806,95175,61.5,25,0.24653916666666664,4.054278463125229,63.82661978403727,557.7797131999978
dgn_complete__pair_N6_ego_attention__seed7,dgn_qmix,coord_grid,7,3807,95200,63.0,25,0.24634125000000007,6.093116104602814,64.04314994812012,557.9117467000033
dgn_complete__pair_N6_ego_attention__seed7,dgn_qmix,coord_grid,7,3808,95225,50.0,25,0.24614333333333338,4.040746661169188,61.379805428641184,558.0759806999704
dgn_complete__pair_N6_ego_attention__seed7,dgn_qmix,coord_grid,7,3809,95250,47.0,25,0.2459454166666667,3.938396066427231,50.44483153025309,558.1802130999858
dgn_complete__pair_N6_ego_attention__seed7,dgn_qmix,coord_grid,7,3810,95275,52.5,25,0.2457475,6.782654345035553,54.87556521097819,558.3513946000021
dgn_complete__pair_N6_ego_attention__seed7,dgn_qmix,coord_grid,7,3811,95300,45.5,25,0.24554958333333343,4.666010230779648,76.94105911254883,558.4978054999956
dgn_complete__pair_N6_ego_attention__seed7,dgn_qmix,coord_grid,7,3812,95325,49.0,25,0.24535166666666675,10.098162548882621,37.29176902770996,558.6657664999948
dgn_complete__pair_N6_ego_attention__seed7,dgn_qmix,coord_grid,7,3813,95350,47.5,25,0.24515375000000006,6.108678023020427,63.02958965301514,558.7820165999583
dgn_complete__pair_N6_ego_attention__seed7,dgn_qmix,coord_grid,7,3814,95375,55.5,25,0.24495583333333337,4.681493118405342,47.205410639444985,558.8873656999785
dgn_complete__pair_N6_ego_attention__seed7,dgn_qmix,coord_grid,7,3815,95400,43.0,25,0.24475791666666669,4.67189159989357,56.24488321940104,559.0474555999972
dgn_complete__pair_N6_ego_attention__seed7,dgn_qmix,coord_grid,7,3816,95425,65.0,25,0.24456,5.443484876837049,92.33391516549247,559.1769222999574
dgn_complete__pair_N6_ego_attention__seed7,dgn_qmix,coord_grid,7,3817,95450,40.0,25,0.2443620833333333,5.391847794254621,64.95908864339192,559.3163976999931
dgn_complete__pair_N6_ego_attention__seed7,dgn_qmix,coord_grid,7,3818,95475,38.5,25,0.24416416666666674,4.641470392545064,42.840840657552086,559.4644246000098
dgn_complete__pair_N6_ego_attention__seed7,dgn_qmix,coord_grid,7,3819,95500,43.5,25,0.24396625000000005,5.440675064921379,50.702619870503746,559.6236015000031
dgn_complete__pair_N6_ego_attention__seed7,dgn_qmix,coord_grid,7,3820,95525,51.0,25,0.24376833333333336,3.54440889613969,76.33982494899205,559.777861599985
dgn_complete__pair_N6_ego_attention__seed7,dgn_qmix,coord_grid,7,3821,95550,71.5,25,0.2435704166666668,7.542024374008179,45.44707838694254,559.8883524999837
dgn_complete__pair_N6_ego_attention__seed7,dgn_qmix,coord_grid,7,3822,95575,59.5,25,0.2433725,7.484643508990605,52.59719705581665,559.9934226999758
dgn_complete__pair_N6_ego_attention__seed7,dgn_qmix,coord_grid,7,3823,95600,43.5,25,0.2431745833333333,9.642725229263306,41.80746650695801,560.1588607999729
dgn_complete__pair_N6_ego_attention__seed7,dgn_qmix,coord_grid,7,3824,95625,51.0,25,0.24297666666666673,4.570097914763859,45.44757488795689,560.3134789000032
dgn_complete__pair_N6_ego_attention__seed7,dgn_qmix,coord_grid,7,3825,95650,46.5,25,0.24277875000000004,8.179975986480713,49.98506736755371,560.4575987000135
dgn_complete__pair_N6_ego_attention__seed7,dgn_qmix,coord_grid,7,3826,95675,52.0,25,0.24258083333333336,3.9618784338235855,45.6692689259847,560.5853124000132
dgn_complete__pair_N6_ego_attention__seed7,dgn_qmix,coord_grid,7,3827,95700,67.5,25,0.24238291666666667,8.167023628950119,39.90344365437826,560.6967570999986
dgn_complete__pair_N6_ego_attention__seed7,dgn_qmix,coord_grid,7,3828,95725,68.5,25,0.2421850000000001,8.335704918418612,46.79216085161482,560.8408338999725
dgn_complete__pair_N6_ego_attention__seed7,dgn_qmix,coord_grid,7,3829,95750,48.5,25,0.2419870833333334,4.654401620229085,50.590987841288246,560.9561653999845
dgn_complete__pair_N6_ego_attention__seed7,dgn_qmix,coord_grid,7,3830,95775,61.5,25,0.24178916666666672,7.511936371525128,45.42228031158447,561.1126288999803
dgn_complete__pair_N6_ego_attention__seed7,dgn_qmix,coord_grid,7,3831,95800,45.0,25,0.24159125000000004,6.0689697265625,36.36565081278483,561.2322017999832
dgn_complete__pair_N6_ego_attention__seed7,dgn_qmix,coord_grid,7,3832,95825,57.0,25,0.24139333333333335,5.334413460322788,67.62659617832729,561.3788092999603
dgn_complete__pair_N6_ego_attention__seed7,dgn_qmix,coord_grid,7,3833,95850,40.0,25,0.24119541666666666,4.686232378085454,52.12146759033203,561.5136819999898
dgn_complete__pair_N6_ego_attention__seed7,dgn_qmix,coord_grid,7,3834,95875,48.5,25,0.24099749999999998,6.014138787984848,46.63351504007975,561.6554793000105
dgn_complete__pair_N6_ego_attention__seed7,dgn_qmix,coord_grid,7,3835,95900,43.0,25,0.2407995833333334,8.150672187407812,27.728105227152508,561.7817455999902
dgn_complete__pair_N6_ego_attention__seed7,dgn_qmix,coord_grid,7,3836,95925,33.0,25,0.2406016666666667,10.198152882712227,74.63732174464634,561.9113884000108
dgn_complete__pair_N6_ego_attention__seed7,dgn_qmix,coord_grid,7,3837,95950,53.5,25,0.24040375000000003,6.773683870832126,38.063609759012856,562.0305716999574
dgn_complete__pair_N6_ego_attention__seed7,dgn_qmix,coord_grid,7,3838,95975,52.5,25,0.24020583333333345,3.229148656129837,64.39368947347005,562.1491313999868
dgn_complete__pair_N6_ego_attention__seed7,dgn_qmix,coord_grid,7,3839,96000,67.0,25,0.24000791666666677,8.372328519821167,88.05422083536784,562.2573772000032
dgn_complete__pair_N6_ego_attention__seed7,dgn_qmix,coord_grid,7,3840,96025,55.5,25,0.23980999999999997,4.766215409551348,62.66001837594168,562.414218699967
dgn_complete__pair_N6_ego_attention__seed7,dgn_qmix,coord_grid,7,3841,96050,30.5,25,0.23961208333333328,4.691551422079404,75.41042486826579,562.5764564999845
dgn_complete__pair_N6_ego_attention__seed7,dgn_qmix,coord_grid,7,3842,96075,42.0,25,0.2394141666666667,5.972194641828537,38.303356965382896,562.8018992999569
dgn_complete__pair_N6_ego_attention__seed7,dgn_qmix,coord_grid,7,3843,96100,61.0,25,0.23921625000000002,6.100256537397702,41.02199331919352,562.9476259999792
dgn_complete__pair_N6_ego_attention__seed7,dgn_qmix,coord_grid,7,3844,96125,63.0,25,0.23901833333333333,5.829039999416897,39.20348603384836,563.1137524999795
dgn_complete__pair_N6_ego_attention__seed7,dgn_qmix,coord_grid,7,3845,96150,47.0,25,0.23882041666666676,6.079828277230263,58.437643686930336,563.2458303999738
dgn_complete__pair_N6_ego_attention__seed7,dgn_qmix,coord_grid,7,3846,96175,59.0,25,0.23862250000000007,3.9097602516412735,41.36985460917155,563.3819915999775
dgn_complete__pair_N6_ego_attention__seed7,dgn_qmix,coord_grid,7,3847,96200,36.5,25,0.23842458333333338,3.2383482605218887,56.56956704457601,563.5023055999773
dgn_complete__pair_N6_ego_attention__seed7,dgn_qmix,coord_grid,7,3848,96225,38.5,25,0.2382266666666667,7.894104412623814,81.9798777444022,563.6634657999966
dgn_complete__pair_N6_ego_attention__seed7,dgn_qmix,coord_grid,7,3849,96250,54.5,25,0.23802875,5.49497389793396,75.31513373057048,563.7879030999611
dgn_complete__pair_N6_ego_attention__seed7,dgn_qmix,coord_grid,7,3850,96275,51.5,25,0.23783083333333332,4.1845556646585464,101.00343704223633,563.9542357999599
dgn_complete__pair_N6_ego_attention__seed7,dgn_qmix,coord_grid,7,3851,96300,57.5,25,0.23763291666666664,4.1747516592343645,80.11424907048543,564.0711800999707
dgn_complete__pair_N6_ego_attention__seed7,dgn_qmix,coord_grid,7,3852,96325,54.0,25,0.23743500000000006,6.058843731880188,91.79711641584124,564.2287579000113
dgn_complete__pair_N6_ego_attention__seed7,dgn_qmix,coord_grid,7,3853,96350,56.5,25,0.23723708333333338,4.0287976115942,45.74820359547933,564.3575850999914
dgn_complete__pair_N6_ego_attention__seed7,dgn_qmix,coord_grid,7,3854,96375,42.5,25,0.2370391666666667,5.302969768643379,34.94596767425537,564.4650781999808
dgn_complete__pair_N6_ego_attention__seed7,dgn_qmix,coord_grid,7,3855,96400,56.0,25,0.23684125000000011,2.61897045870622,51.185906569163,564.5750623999629
dgn_complete__pair_N6_ego_attention__seed7,dgn_qmix,coord_grid,7,3856,96425,47.5,25,0.23664333333333343,5.3126505102430075,81.69955771309989,564.7176125000115
dgn_complete__pair_N6_ego_attention__seed7,dgn_qmix,coord_grid,7,3857,96450,56.0,25,0.23644541666666663,6.290613253911336,90.67888259887695,564.9026962000062
dgn_complete__pair_N6_ego_attention__seed7,dgn_qmix,coord_grid,7,3858,96475,49.5,25,0.23624749999999994,5.740689237912496,114.43345260620117,565.0396985000116
dgn_complete__pair_N6_ego_attention__seed7,dgn_qmix,coord_grid,7,3859,96500,83.5,25,0.23604958333333337,9.236245930194855,111.37162971496582,565.1782310999697
dgn_complete__pair_N6_ego_attention__seed7,dgn_qmix,coord_grid,7,3860,96525,83.0,25,0.23585166666666668,8.138487407139369,125.31027276175362,565.3229322999832
dgn_complete__pair_N6_ego_attention__seed7,dgn_qmix,coord_grid,7,3861,96550,47.0,25,0.23565375,6.307274619738261,105.47534243265788,565.4274351999629
dgn_complete__pair_N6_ego_attention__seed7,dgn_qmix,coord_grid,7,3862,96575,33.5,25,0.23545583333333342,7.544784307479858,53.0379327138265,565.550899099966
dgn_complete__pair_N6_ego_attention__seed7,dgn_qmix,coord_grid,7,3863,96600,40.5,25,0.23525791666666673,6.780594319105148,50.18525664011637,565.69576219999
dgn_complete__pair_N6_ego_attention__seed7,dgn_qmix,coord_grid,7,3864,96625,56.0,25,0.23506000000000005,7.651982952441488,51.910584449768066,565.8473162999726
dgn_complete__pair_N6_ego_attention__seed7,dgn_qmix,coord_grid,7,3865,96650,54.0,25,0.23486208333333347,8.26472250620524,29.844128290812176,565.9844396999688
dgn_complete__pair_N6_ego_attention__seed7,dgn_qmix,coord_grid,7,3866,96675,59.5,25,0.23466416666666667,5.414144063989322,43.41966946919759,566.1338176999707
dgn_complete__pair_N6_ego_attention__seed7,dgn_qmix,coord_grid,7,3867,96700,48.5,25,0.23446625,6.091417948404948,43.14041074117025,566.2575482999673
dgn_complete__pair_N6_ego_attention__seed7,dgn_qmix,coord_grid,7,3868,96725,54.0,25,0.2342683333333333,7.9019524071897775,71.02362986973354,566.4043684999924
dgn_complete__pair_N6_ego_attention__seed7,dgn_qmix,coord_grid,7,3869,96750,61.5,25,0.23407041666666673,9.0120659917593,65.69386672973633,566.557575999992
dgn_complete__pair_N6_ego_attention__seed7,dgn_qmix,coord_grid,7,3870,96775,47.0,25,0.23387250000000004,3.2782901475826898,85.60448964436848,566.7544897999614
dgn_complete__pair_N6_ego_attention__seed7,dgn_qmix,coord_grid,7,3871,96800,44.5,25,0.23367458333333335,6.086211919784546,54.40704345703125,566.886495099985
dgn_complete__pair_N6_ego_attention__seed7,dgn_qmix,coord_grid,7,3872,96825,66.0,25,0.23347666666666678,5.522706278732845,85.84250014168876,567.0197602999979
dgn_complete__pair_N6_ego_attention__seed7,dgn_qmix,coord_grid,7,3873,96850,32.0,25,0.2332787500000001,6.29830617705981,98.56205177307129,567.1438740000012
dgn_complete__pair_N6_ego_attention__seed7,dgn_qmix,coord_grid,7,3874,96875,26.5,25,0.2330808333333334,7.901020765304565,106.90145746866862,567.2672556999605
dgn_complete__pair_N6_ego_attention__seed7,dgn_qmix,coord_grid,7,3875,96900,51.5,25,0.2328829166666666,5.7056456208229065,117.7207768758138,567.3959872999694
dgn_complete__pair_N6_ego_attention__seed7,dgn_qmix,coord_grid,7,3876,96925,72.0,25,0.23268500000000003,4.9776075056621005,100.9108498437064,567.5585119999596
dgn_complete__pair_N6_ego_attention__seed7,dgn_qmix,coord_grid,7,3877,96950,32.0,25,0.23248708333333334,4.126263305544853,80.19551817576091,567.7114297999651
dgn_complete__pair_N6_ego_attention__seed7,dgn_qmix,coord_grid,7,3878,96975,65.0,25,0.23228916666666666,5.405866225560506,74.95026938120525,567.8366361999651
dgn_complete__pair_N6_ego_attention__seed7,dgn_qmix,coord_grid,7,3879,97000,45.5,25,0.23209125000000008,8.369434068600336,82.22815291086833,567.9685198999941
dgn_complete__pair_N6_ego_attention__seed7,dgn_qmix,coord_grid,7,3880,97025,53.5,25,0.2318933333333334,6.2701950924737115,113.16572516305106,568.1229484999785
dgn_complete__pair_N6_ego_attention__seed7,dgn_qmix,coord_grid,7,3881,97050,65.5,25,0.2316954166666667,4.072472314039866,83.35935338338216,568.252333100012
dgn_complete__pair_N6_ego_attention__seed7,dgn_qmix,coord_grid,7,3882,97075,51.0,25,0.23149750000000013,8.276161273320517,45.43466377258301,568.3839763999567
dgn_complete__pair_N6_ego_attention__seed7,dgn_qmix,coord_grid,7,3883,97100,38.5,25,0.23129958333333334,6.203142563501994,73.99580319722493,568.5543816999998
dgn_complete__pair_N6_ego_attention__seed7,dgn_qmix,coord_grid,7,3884,97125,52.0,25,0.23110166666666665,6.710086481911795,91.97165734427315,568.7062479999731
dgn_complete__pair_N6_ego_attention__seed7,dgn_qmix,coord_grid,7,3885,97150,58.0,25,0.23090374999999996,6.818881680568059,53.29077180226644,568.8431198999751
dgn_complete__pair_N6_ego_attention__seed7,dgn_qmix,coord_grid,7,3886,97175,67.0,25,0.2307058333333334,4.749045391877492,33.10855642954508,568.9442508000066
dgn_complete__pair_N6_ego_attention__seed7,dgn_qmix,coord_grid,7,3887,97200,49.5,25,0.2305079166666667,6.135211080312729,41.761123975118004,569.1063105000067
dgn_complete__pair_N6_ego_attention__seed7,dgn_qmix,coord_grid,7,3888,97225,45.0,25,0.23031000000000001,7.180801280907223,44.91829136439732,569.2267355999793
dgn_complete__pair_N6_ego_attention__seed7,dgn_qmix,coord_grid,7,3889,97250,61.0,25,0.23011208333333344,5.424844453732173,39.23475170135498,569.3335348999826
dgn_complete__pair_N6_ego_attention__seed7,dgn_qmix,coord_grid,7,3890,97275,42.0,25,0.22991416666666675,9.771746277809143,60.883331934611,569.4803349999711
dgn_complete__pair_N6_ego_attention__seed7,dgn_qmix,coord_grid,7,3891,97300,44.0,25,0.22971625000000007,6.709435184796651,40.81666215260824,569.5816527999705
dgn_complete__pair_N6_ego_attention__seed7,dgn_qmix,coord_grid,7,3892,97325,50.0,25,0.22951833333333327,7.711733903203692,34.18279947553362,569.7119815999758
dgn_complete__pair_N6_ego_attention__seed7,dgn_qmix,coord_grid,7,3893,97350,41.0,25,0.2293204166666667,5.367903679609299,48.53252140680949,569.8247905999888
dgn_complete__pair_N6_ego_attention__seed7,dgn_qmix,coord_grid,7,3894,97375,58.0,25,0.2291225,6.079761574665706,42.67813205718994,569.9609524999978
dgn_complete__pair_N6_ego_attention__seed7,dgn_qmix,coord_grid,7,3895,97400,38.5,25,0.22892458333333332,6.164942875504494,52.463351567586265,570.0815448999638
dgn_complete__pair_N6_ego_attention__seed7,dgn_qmix,coord_grid,7,3896,97425,48.5,25,0.22872666666666674,7.64567722593035,57.92313820975168,570.2323065999663
dgn_complete__pair_N6_ego_attention__seed7,dgn_qmix,coord_grid,7,3897,97450,43.5,25,0.22852875000000006,6.850236654281616,38.19141515096029,570.3720436999574
dgn_complete__pair_N6_ego_attention__seed7,dgn_qmix,coord_grid,7,3898,97475,59.0,25,0.22833083333333337,6.13634766638279,57.76505661010742,570.5148072000011
dgn_complete__pair_N6_ego_attention__seed7,dgn_qmix,coord_grid,7,3899,97500,47.0,25,0.2281329166666668,6.146644299228986,49.85322109858195,570.6540188000072
dgn_complete__pair_N6_ego_attention__seed7,dgn_qmix,coord_grid,7,3900,97525,36.5,25,0.2279350000000001,4.049928831202643,36.28095163617815,570.7728735000128
dgn_complete__pair_N6_ego_attention__seed7,dgn_qmix,coord_grid,7,3901,97550,54.0,25,0.2277370833333333,6.174498081207275,72.01611518859863,570.9131674999953
dgn_complete__pair_N6_ego_attention__seed7,dgn_qmix,coord_grid,7,3902,97575,53.0,25,0.22753916666666663,5.445328493913014,67.92485332489014,571.0438535999856
dgn_complete__pair_N6_ego_attention__seed7,dgn_qmix,coord_grid,7,3903,97600,55.5,25,0.22734125000000005,6.770534197489421,51.293922424316406,571.1690043999697
dgn_complete__pair_N6_ego_attention__seed7,dgn_qmix,coord_grid,7,3904,97625,52.5,25,0.22714333333333336,4.023829102516174,50.42359937940325,571.405214999977
dgn_complete__pair_N6_ego_attention__seed7,dgn_qmix,coord_grid,7,3905,97650,50.5,25,0.22694541666666668,3.9159596463044486,40.39956474304199,571.5678779999726
dgn_complete__pair_N6_ego_attention__seed7,dgn_qmix,coord_grid,7,3906,97675,61.5,25,0.2267475000000001,6.226363410552342,43.18994681040446,571.6970294999774
dgn_complete__pair_N6_ego_attention__seed7,dgn_qmix,coord_grid,7,3907,97700,41.5,25,0.22654958333333342,4.606887191534042,27.33237663904826,571.8187472000136
dgn_complete__pair_N6_ego_attention__seed7,dgn_qmix,coord_grid,7,3908,97725,56.0,25,0.22635166666666673,5.929974819932665,44.51389612470354,571.9457208999665
dgn_complete__pair_N6_ego_attention__seed7,dgn_qmix,coord_grid,7,3909,97750,45.5,25,0.22615375000000004,5.3326215495665865,33.3625103632609,572.0998938999837
dgn_complete__pair_N6_ego_attention__seed7,dgn_qmix,coord_grid,7,3910,97775,67.0,25,0.22595583333333336,8.960785071055094,65.18799781799316,572.2436303999857
dgn_complete__pair_N6_ego_attention__seed7,dgn_qmix,coord_grid,7,3911,97800,52.0,25,0.22575791666666667,4.868387212355931,96.1942310333252,572.4107079000096
dgn_complete__pair_N6_ego_attention__seed7,dgn_qmix,coord_grid,7,3912,97825,49.0,25,0.22555999999999998,6.800325036048889,74.14046478271484,572.5544379999628
dgn_complete__pair_N6_ego_attention__seed7,dgn_qmix,coord_grid,7,3913,97850,47.5,25,0.2253620833333334,6.14636604487896,58.04860623677572,572.7155651999637
dgn_complete__pair_N6_ego_attention__seed7,dgn_qmix,coord_grid,7,3914,97875,64.0,25,0.22516416666666672,6.892944852511088,25.478263060251873,572.8806399999885
dgn_complete__pair_N6_ego_attention__seed7,dgn_qmix,coord_grid,7,3915,97900,44.5,25,0.22496625000000003,7.793569505214691,80.96158281962077,573.007812900003
dgn_complete__pair_N6_ego_attention__seed7,dgn_qmix,coord_grid,7,3916,97925,59.0,25,0.22476833333333335,6.157351085117885,58.82480485098703,573.1313115999801
dgn_complete__pair_N6_ego_attention__seed7,dgn_qmix,coord_grid,7,3917,97950,61.5,25,0.22457041666666677,6.9715246458848315,65.98211002349854,573.265547899995
dgn_complete__pair_N6_ego_attention__seed7,dgn_qmix,coord_grid,7,3918,97975,51.0,25,0.22437249999999997,5.561031296849251,58.122262954711914,573.361390999984
dgn_complete__pair_N6_ego_attention__seed7,dgn_qmix,coord_grid,7,3919,98000,68.0,25,0.2241745833333333,4.817766497532527,39.042672316233315,573.4938795999624
dgn_complete__pair_N6_ego_attention__seed7,dgn_qmix,coord_grid,7,3920,98025,39.5,25,0.2239766666666667,6.752702355384827,65.96553489140102,573.6209638
dgn_complete__pair_N6_ego_attention__seed7,dgn_qmix,coord_grid,7,3921,98050,56.0,25,0.22377875000000003,7.028015658259392,62.52032979329427,573.8367765999865
dgn_complete__pair_N6_ego_attention__seed7,dgn_qmix,coord_grid,7,3922,98075,33.0,25,0.22358083333333334,7.5792966683705645,68.45557339986165,573.9973537999904
dgn_complete__pair_N6_ego_attention__seed7,dgn_qmix,coord_grid,7,3923,98100,50.0,25,0.22338291666666676,4.951566716035207,63.82132816314697,574.1210679999785
dgn_complete__pair_N6_ego_attention__seed7,dgn_qmix,coord_grid,7,3924,98125,61.0,25,0.22318500000000008,6.138354999678476,64.74727521623883,574.246659700002
dgn_complete__pair_N6_ego_attention__seed7,dgn_qmix,coord_grid,7,3925,98150,38.5,25,0.2229870833333334,5.452476695179939,47.6925360361735,574.3896034999634
dgn_complete__pair_N6_ego_attention__seed7,dgn_qmix,coord_grid,7,3926,98175,36.0,25,0.2227891666666667,4.206770574053128,54.90413856506348,574.5047138999798
dgn_complete__pair_N6_ego_attention__seed7,dgn_qmix,coord_grid,7,3927,98200,46.0,25,0.22259125000000002,4.724631836016973,32.28055063883463,574.664739699976
dgn_complete__pair_N6_ego_attention__seed7,dgn_qmix,coord_grid,7,3928,98225,77.0,25,0.22239333333333333,5.41222796695573,49.0023068019322,574.7857987000025
dgn_complete__pair_N6_ego_attention__seed7,dgn_qmix,coord_grid,7,3929,98250,49.0,25,0.22219541666666665,9.219183921813965,90.27203114827473,574.8926834999584
dgn_complete__pair_N6_ego_attention__seed7,dgn_qmix,coord_grid,7,3930,98275,56.5,25,0.22199750000000007,6.376340101162593,90.46816507975261,575.0324455999653
dgn_complete__pair_N6_ego_attention__seed7,dgn_qmix,coord_grid,7,3931,98300,35.0,25,0.22179958333333338,2.636094237367312,72.13494046529134,575.2005389999831
dgn_complete__pair_N6_ego_attention__seed7,dgn_qmix,coord_grid,7,3932,98325,48.0,25,0.2216016666666667,3.7737747515950884,101.72378104073661,575.3760306999902
dgn_complete__pair_N6_ego_attention__seed7,dgn_qmix,coord_grid,7,3933,98350,56.0,25,0.22140375,6.549929330746333,106.73685010274251,575.5147822999861
dgn_complete__pair_N6_ego_attention__seed7,dgn_qmix,coord_grid,7,3934,98375,58.5,25,0.22120583333333343,1.4793198977907498,113.97719891866048,575.6357300999807
dgn_complete__pair_N6_ego_attention__seed7,dgn_qmix,coord_grid,7,3935,98400,48.5,25,0.22100791666666675,6.470648715893428,116.31087748209636,575.7321978000109
dgn_complete__pair_N6_ego_attention__seed7,dgn_qmix,coord_grid,7,3936,98425,57.5,25,0.22080999999999995,10.458115305219378,105.59886768886021,575.8749451999902
dgn_complete__pair_N6_ego_attention__seed7,dgn_qmix,coord_grid,7,3937,98450,55.5,25,0.22061208333333338,1.9483173737923305,53.79284858703613,576.0443315999582
dgn_complete__pair_N6_ego_attention__seed7,dgn_qmix,coord_grid,7,3938,98475,49.5,25,0.2204141666666667,6.967085878054301,41.08341153462728,576.1947432999732
dgn_complete__pair_N6_ego_attention__seed7,dgn_qmix,coord_grid,7,3939,98500,44.5,25,0.22021625,6.150238116582234,39.40056896209717,576.3086159999948
dgn_complete__pair_N6_ego_attention__seed7,dgn_qmix,coord_grid,7,3940,98525,46.0,25,0.22001833333333343,8.460052481719426,50.347917556762695,576.4226339999586
dgn_complete__pair_N6_ego_attention__seed7,dgn_qmix,coord_grid,7,3941,98550,44.0,25,0.21982041666666674,6.995366334915161,41.419797579447426,576.5503033999703
dgn_complete__pair_N6_ego_attention__seed7,dgn_qmix,coord_grid,7,3942,98575,46.5,25,0.21962250000000005,2.5736996779839196,43.970486323038735,576.6844067999627
dgn_complete__pair_N6_ego_attention__seed7,dgn_qmix,coord_grid,7,3943,98600,54.5,25,0.21942458333333337,4.828733906149864,70.79854424794515,576.8138916000025
dgn_complete__pair_N6_ego_attention__seed7,dgn_qmix,coord_grid,7,3944,98625,59.5,25,0.21922666666666668,2.7941621797425404,124.54476547241211,576.9778342999634
dgn_complete__pair_N6_ego_attention__seed7,dgn_qmix,coord_grid,7,3945,98650,58.5,25,0.21902875,8.307861328125,120.0140749613444,577.0918347999686
dgn_complete__pair_N6_ego_attention__seed7,dgn_qmix,coord_grid,7,3946,98675,55.5,25,0.2188308333333333,6.6116946538289385,102.47498035430908,577.2641474999837
dgn_complete__pair_N6_ego_attention__seed7,dgn_qmix,coord_grid,7,3947,98700,45.5,25,0.21863291666666673,4.283019185066223,96.43207740783691,577.3962157999631
dgn_complete__pair_N6_ego_attention__seed7,dgn_qmix,coord_grid,7,3948,98725,65.5,25,0.21843500000000005,6.772904830319541,88.80042621067592,577.5797006000066
dgn_complete__pair_N6_ego_attention__seed7,dgn_qmix,coord_grid,7,3949,98750,42.0,25,0.21823708333333336,4.325962652762731,108.75207901000977,577.6996654999675
dgn_complete__pair_N6_ego_attention__seed7,dgn_qmix,coord_grid,7,3950,98775,76.0,25,0.21803916666666667,3.368529111146927,35.865173975626625,577.8340961000067
dgn_complete__pair_N6_ego_attention__seed7,dgn_qmix,coord_grid,7,3951,98800,50.0,25,0.2178412500000001,7.035587390263875,36.6574379603068,577.988313400012
dgn_complete__pair_N6_ego_attention__seed7,dgn_qmix,coord_grid,7,3952,98825,53.5,25,0.2176433333333334,7.980239668062755,58.15336799621582,578.1537644999917
dgn_complete__pair_N6_ego_attention__seed7,dgn_qmix,coord_grid,7,3953,98850,52.5,25,0.2174454166666666,7.751337260007858,47.70920340220133,578.3290514000109
dgn_complete__pair_N6_ego_attention__seed7,dgn_qmix,coord_grid,7,3954,98875,52.0,25,0.21724750000000004,4.132166837652524,46.885378996531166,578.4895662000054
dgn_complete__pair_N6_ego_attention__seed7,dgn_qmix,coord_grid,7,3955,98900,61.0,25,0.21704958333333335,4.302264948685964,68.89897346496582,578.6583190999809
dgn_complete__pair_N6_ego_attention__seed7,dgn_qmix,coord_grid,7,3956,98925,65.5,25,0.21685166666666666,4.290806118931089,57.693066460745676,578.7922881999984
dgn_complete__pair_N6_ego_attention__seed7,dgn_qmix,coord_grid,7,3957,98950,59.0,25,0.2166537500000001,7.900591611862183,76.6777073542277,578.9595995999989
dgn_complete__pair_N6_ego_attention__seed7,dgn_qmix,coord_grid,7,3958,98975,55.5,25,0.2164558333333334,8.000052710374197,110.47401809692383,579.1113570999587
dgn_complete__pair_N6_ego_attention__seed7,dgn_qmix,coord_grid,7,3959,99000,35.5,25,0.21625791666666672,5.624672830104828,64.25764083862305,579.2614740999998
dgn_complete__pair_N6_ego_attention__seed7,dgn_qmix,coord_grid,7,3960,99025,49.5,25,0.21606000000000003,5.503338107040951,63.76995331900461,579.3941364999628
dgn_complete__pair_N6_ego_attention__seed7,dgn_qmix,coord_grid,7,3961,99050,39.5,25,0.21586208333333345,5.571313003698985,75.54885991414388,579.5324137000134
dgn_complete__pair_N6_ego_attention__seed7,dgn_qmix,coord_grid,7,3962,99075,72.5,25,0.21566416666666666,5.633579497536023,74.88432788848877,579.6671289000078
dgn_complete__pair_N6_ego_attention__seed7,dgn_qmix,coord_grid,7,3963,99100,58.0,25,0.21546624999999997,7.7640470167001085,67.60085582733154,579.8030145000084
dgn_complete__pair_N6_ego_attention__seed7,dgn_qmix,coord_grid,7,3964,99125,46.0,25,0.2152683333333334,9.509672301156181,124.49816131591797,579.9916533000069
dgn_complete__pair_N6_ego_attention__seed7,dgn_qmix,coord_grid,7,3965,99150,58.5,25,0.2150704166666667,7.180412024259567,82.642684618632,580.1798000999843
dgn_complete__pair_N6_ego_attention__seed7,dgn_qmix,coord_grid,7,3966,99175,37.5,25,0.21487250000000002,7.0540101279815035,58.66378879547119,580.2994586999994
dgn_complete__pair_N6_ego_attention__seed7,dgn_qmix,coord_grid,7,3967,99200,40.0,25,0.21467458333333334,12.09404452641805,35.17004871368408,580.4082801999757
dgn_complete__pair_N6_ego_attention__seed7,dgn_qmix,coord_grid,7,3968,99225,87.5,25,0.21447666666666676,6.049286041940961,50.53734915597098,580.5298376000137
dgn_complete__pair_N6_ego_attention__seed7,dgn_qmix,coord_grid,7,3969,99250,33.5,25,0.21427875000000007,6.991453364491463,26.15457518895467,580.667569399986
dgn_complete__pair_N6_ego_attention__seed7,dgn_qmix,coord_grid,7,3970,99275,64.0,25,0.2140808333333334,5.520467907190323,38.81288242340088,580.8677452999982
dgn_complete__pair_N6_ego_attention__seed7,dgn_qmix,coord_grid,7,3971,99300,54.5,25,0.2138829166666667,4.055946866671245,48.66540050506592,581.0008138999692
dgn_complete__pair_N6_ego_attention__seed7,dgn_qmix,coord_grid,7,3972,99325,50.5,25,0.213685,3.604849542890276,35.23877157483782,581.2066620999831
dgn_complete__pair_N6_ego_attention__seed7,dgn_qmix,coord_grid,7,3973,99350,35.0,25,0.21348708333333333,6.336701820294063,72.82117207845052,581.3873581999796
dgn_complete__pair_N6_ego_attention__seed7,dgn_qmix,coord_grid,7,3974,99375,52.0,25,0.21328916666666675,3.4170528054237366,72.32911427815755,581.5619330999907
dgn_complete__pair_N6_ego_attention__seed7,dgn_qmix,coord_grid,7,3975,99400,48.0,25,0.21309125000000007,7.037378549575806,56.07659467061361,581.6868839999661
dgn_complete__pair_N6_ego_attention__seed7,dgn_qmix,coord_grid,7,3976,99425,54.5,25,0.21289333333333338,5.07118131007467,96.24083437238421,581.8651938000112
dgn_complete__pair_N6_ego_attention__seed7,dgn_qmix,coord_grid,7,3977,99450,44.5,25,0.2126954166666667,4.486811215678851,110.0614086786906,581.9956235999707
dgn_complete__pair_N6_ego_attention__seed7,dgn_qmix,coord_grid,7,3978,99475,52.0,25,0.21249750000000012,5.91000368197759,120.3286943435669,582.1313833000022
dgn_complete__pair_N6_ego_attention__seed7,dgn_qmix,coord_grid,7,3979,99500,70.0,25,0.21229958333333332,8.043325026830038,103.69752724965413,582.2480275999987
dgn_complete__pair_N6_ego_attention__seed7,dgn_qmix,coord_grid,7,3980,99525,43.0,25,0.21210166666666663,5.549617554460253,42.828565325055806,582.4160471999785
dgn_complete__pair_N6_ego_attention__seed7,dgn_qmix,coord_grid,7,3981,99550,50.5,25,0.21190375000000006,4.888043721516927,50.06879266103109,582.5258586999844
dgn_complete__pair_N6_ego_attention__seed7,dgn_qmix,coord_grid,7,3982,99575,44.0,25,0.21170583333333337,9.330834150314331,67.96831305821736,582.6825517999823
dgn_complete__pair_N6_ego_attention__seed7,dgn_qmix,coord_grid,7,3983,99600,53.0,25,0.21150791666666668,3.367805833617846,41.69649203618368,582.833325399959
dgn_complete__pair_N6_ego_attention__seed7,dgn_qmix,coord_grid,7,3984,99625,53.0,25,0.21131,8.640188353402275,37.19831166948591,582.9760781999794
dgn_complete__pair_N6_ego_attention__seed7,dgn_qmix,coord_grid,7,3985,99650,50.0,25,0.21111208333333342,4.94132840136687,44.46467558542887,583.10034179996
dgn_complete__pair_N6_ego_attention__seed7,dgn_qmix,coord_grid,7,3986,99675,46.5,25,0.21091416666666674,4.1447737862666445,43.9902982711792,583.19969639997
dgn_complete__pair_N6_ego_attention__seed7,dgn_qmix,coord_grid,7,3987,99700,53.0,25,0.21071625000000005,8.592491537332535,46.749497731526695,583.333925199986
dgn_complete__pair_N6_ego_attention__seed7,dgn_qmix,coord_grid,7,3988,99725,62.5,25,0.21051833333333336,8.085138865879603,33.82240268162319,583.5278200999601
dgn_complete__pair_N6_ego_attention__seed7,dgn_qmix,coord_grid,7,3989,99750,40.5,25,0.21032041666666668,8.573157414793968,33.85057544708252,583.6349032999715
dgn_complete__pair_N6_ego_attention__seed7,dgn_qmix,coord_grid,7,3990,99775,69.0,25,0.2101225,10.943737030029297,67.71778424580891,583.7341469000094
dgn_complete__pair_N6_ego_attention__seed7,dgn_qmix,coord_grid,7,3991,99800,62.5,25,0.2099245833333333,4.9300898512204485,62.86884276072184,583.8540853000013
dgn_complete__pair_N6_ego_attention__seed7,dgn_qmix,coord_grid,7,3992,99825,58.0,25,0.20972666666666673,4.377587395054953,100.84175872802734,583.9763856999925
dgn_complete__pair_N6_ego_attention__seed7,dgn_qmix,coord_grid,7,3993,99850,34.5,25,0.20952875000000004,7.143567716081937,50.77979532877604,584.1085547999828
dgn_complete__pair_N6_ego_attention__seed7,dgn_qmix,coord_grid,7,3994,99875,51.0,25,0.20933083333333335,6.3240954130887985,35.01384925842285,584.2760244999663
dgn_complete__pair_N6_ego_attention__seed7,dgn_qmix,coord_grid,7,3995,99900,43.5,25,0.20913291666666678,4.813209757208824,38.55691623687744,584.428268699965
dgn_complete__pair_N6_ego_attention__seed7,dgn_qmix,coord_grid,7,3996,99925,63.5,25,0.2089350000000001,4.250784184251513,48.789157322474885,584.6382389999926
dgn_complete__pair_N6_ego_attention__seed7,dgn_qmix,coord_grid,7,3997,99950,44.0,25,0.2087370833333333,7.79700509707133,28.287785530090332,584.7833229000098
dgn_complete__pair_N6_ego_attention__seed7,dgn_qmix,coord_grid,7,3998,99975,53.0,25,0.20853916666666672,5.742949485778809,65.26142915089925,584.9611923999619
dgn_complete__pair_N6_ego_attention__seed7,dgn_qmix,coord_grid,7,3999,100000,36.5,25,0.20834125000000003,8.68984787662824,62.79714266459147,585.1165202999837
dgn_complete__pair_N6_ego_attention__seed7,dgn_qmix,coord_grid,7,4000,100025,62.5,25,0.20814333333333335,8.217233351298741,79.74152510506767,585.281554199988
dgn_complete__pair_N6_ego_attention__seed7,dgn_qmix,coord_grid,7,4001,100050,51.0,25,0.20794541666666666,7.381830424070358,89.65837160746257,585.4270149999647
dgn_complete__pair_N6_ego_attention__seed7,dgn_qmix,coord_grid,7,4002,100075,44.0,25,0.20774750000000008,4.941427583495776,87.27049859364827,585.5801139000105
dgn_complete__pair_N6_ego_attention__seed7,dgn_qmix,coord_grid,7,4003,100100,46.0,25,0.2075495833333334,3.445968975623449,64.20625464121501,585.7105206999695
dgn_complete__pair_N6_ego_attention__seed7,dgn_qmix,coord_grid,7,4004,100125,54.5,25,0.2073516666666667,6.688873154776437,38.10909053257534,585.8353369999677
dgn_complete__pair_N6_ego_attention__seed7,dgn_qmix,coord_grid,7,4005,100150,53.5,25,0.20715375000000003,1.8856808294852574,38.523658752441406,585.9902794999653
dgn_complete__pair_N6_ego_attention__seed7,dgn_qmix,coord_grid,7,4006,100175,57.0,25,0.20695583333333334,2.7571616073449454,52.36283779144287,586.1168387999642
dgn_complete__pair_N6_ego_attention__seed7,dgn_qmix,coord_grid,7,4007,100200,46.5,25,0.20675791666666665,1.959544723232587,38.64970842997233,586.2646142999874
dgn_complete__pair_N6_ego_attention__seed7,dgn_qmix,coord_grid,7,4008,100225,37.0,25,0.20655999999999997,7.7320504912308285,122.92167636326381,586.4456138999667
dgn_complete__pair_N6_ego_attention__seed7,dgn_qmix,coord_grid,7,4009,100250,45.5,25,0.2063620833333334,6.5861943165461225,96.2501589457194,586.5689878999838
dgn_complete__pair_N6_ego_attention__seed7,dgn_qmix,coord_grid,7,4010,100275,51.0,25,0.2061641666666667,6.514422630270322,100.77500518163045,586.7188110999996
dgn_complete__pair_N6_ego_attention__seed7,dgn_qmix,coord_grid,7,4011,100300,69.5,25,0.20596625000000002,9.241483608881632,130.73474184672037,586.8793478999869
dgn_complete__pair_N6_ego_attention__seed7,dgn_qmix,coord_grid,7,4012,100325,37.5,25,0.20576833333333344,9.009006155388695,99.10835075378418,587.0478296999936
dgn_complete__pair_N6_ego_attention__seed7,dgn_qmix,coord_grid,7,4013,100350,50.0,25,0.20557041666666676,4.328777978817622,83.86407534281413,587.1902974999975
dgn_complete__pair_N6_ego_attention__seed7,dgn_qmix,coord_grid,7,4014,100375,56.5,25,0.20537249999999996,4.956497892737389,67.40479739507039,587.3352742000134
dgn_complete__pair_N6_ego_attention__seed7,dgn_qmix,coord_grid,7,4015,100400,53.5,25,0.20517458333333338,5.673036550482114,40.76134363810221,587.5224077999592
dgn_complete__pair_N6_ego_attention__seed7,dgn_qmix,coord_grid,7,4016,100425,46.0,25,0.2049766666666667,3.5892780976636067,37.132275445120676,587.6812975999783
dgn_complete__pair_N6_ego_attention__seed7,dgn_qmix,coord_grid,7,4017,100450,38.0,25,0.20477875,5.683129241069158,76.38232167561848,587.8642268999829
dgn_complete__pair_N6_ego_attention__seed7,dgn_qmix,coord_grid,7,4018,100475,52.0,25,0.20458083333333332,6.296056807041168,35.45102024078369,588.003452999983
dgn_complete__pair_N6_ego_attention__seed7,dgn_qmix,coord_grid,7,4019,100500,36.5,25,0.20438291666666675,9.275419488549232,36.47268660863241,588.1487829000107
dgn_complete__pair_N6_ego_attention__seed7,dgn_qmix,coord_grid,7,4020,100525,54.0,25,0.20418500000000006,6.215094604662487,55.63222067696707,588.282570499985
dgn_complete__pair_N6_ego_attention__seed7,dgn_qmix,coord_grid,7,4021,100550,40.5,25,0.20398708333333337,5.622717042764028,59.615434646606445,588.4311250000028
dgn_complete__pair_N6_ego_attention__seed7,dgn_qmix,coord_grid,7,4022,100575,54.0,25,0.2037891666666668,7.100534230470657,28.97613986333211,588.5664351999876
dgn_complete__pair_N6_ego_attention__seed7,dgn_qmix,coord_grid,7,4023,100600,39.5,25,0.20359125,4.945107122262319,50.1659631729126,588.707287999976
dgn_complete__pair_N6_ego_attention__seed7,dgn_qmix,coord_grid,7,4024,100625,54.0,25,0.20339333333333331,4.280694680554526,53.02171870640346,588.8631729999906
dgn_complete__pair_N6_ego_attention__seed7,dgn_qmix,coord_grid,7,4025,100650,62.5,25,0.20319541666666663,9.524300009012222,100.74711513519287,589.0329611999914
dgn_complete__pair_N6_ego_attention__seed7,dgn_qmix,coord_grid,7,4026,100675,44.0,25,0.20299750000000005,5.877895871798198,105.47477849324544,589.1617717999616
dgn_complete__pair_N6_ego_attention__seed7,dgn_qmix,coord_grid,7,4027,100700,51.0,25,0.20279958333333337,8.872726996739706,112.55478922526042,589.2652510000044
dgn_complete__pair_N6_ego_attention__seed7,dgn_qmix,coord_grid,7,4028,100725,56.5,25,0.20260166666666668,11.087095737457275,123.83435494559151,589.4323290999746
dgn_complete__pair_N6_ego_attention__seed7,dgn_qmix,coord_grid,7,4029,100750,50.0,25,0.2024037500000001,7.359617695212364,109.19295946756999,589.5305356999743
dgn_complete__pair_N6_ego_attention__seed7,dgn_qmix,coord_grid,7,4030,100775,57.5,25,0.20220583333333342,7.11823895573616,50.56992689768473,589.6365969000035
dgn_complete__pair_N6_ego_attention__seed7,dgn_qmix,coord_grid,7,4031,100800,30.5,25,0.20200791666666673,7.849356144666672,40.48843224843343,589.8148973999778
dgn_complete__pair_N6_ego_attention__seed7,dgn_qmix,coord_grid,7,4032,100825,65.0,25,0.20181000000000004,6.825495306934629,37.93495096479143,589.9846637999872
dgn_complete__pair_N6_ego_attention__seed7,dgn_qmix,coord_grid,7,4033,100850,44.0,25,0.20161208333333336,6.3831590215365095,48.83021767934164,590.1495762999984
dgn_complete__pair_N6_ego_attention__seed7,dgn_qmix,coord_grid,7,4034,100875,36.5,25,0.20141416666666667,6.444117854038875,41.42324733734131,590.3140450000064
dgn_complete__pair_N6_ego_attention__seed7,dgn_qmix,coord_grid,7,4035,100900,52.0,25,0.20121624999999999,7.7448966751496,36.9090191523234,590.4379122999962
dgn_complete__pair_N6_ego_attention__seed7,dgn_qmix,coord_grid,7,4036,100925,63.0,25,0.2010183333333334,6.185644047600882,53.11191981179373,590.5822520999936
dgn_complete__pair_N6_ego_attention__seed7,dgn_qmix,coord_grid,7,4037,100950,59.5,25,0.20082041666666672,1.9218910535176594,37.92229302724203,590.7468524999567
dgn_complete__pair_N6_ego_attention__seed7,dgn_qmix,coord_grid,7,4038,100975,17.0,25,0.20062250000000004,7.963482290506363,92.2992000579834,590.8897481999593
dgn_complete__pair_N6_ego_attention__seed7,dgn_qmix,coord_grid,7,4039,101000,48.5,25,0.20042458333333346,8.68086020151774,60.83286507924398,591.0092517999583
dgn_complete__pair_N6_ego_attention__seed7,dgn_qmix,coord_grid,7,4040,101025,64.5,25,0.20022666666666666,6.363794905798776,67.62725339617047,591.1624550999841
dgn_complete__pair_N6_ego_attention__seed7,dgn_qmix,coord_grid,7,4041,101050,62.0,25,0.20002874999999998,2.040231332182884,73.1101261774699,591.2875714999973
dgn_complete__pair_N6_ego_attention__seed7,dgn_qmix,coord_grid,7,4042,101075,34.0,25,0.1998308333333333,10.420646925767263,108.61711470286052,591.4488077000133
dgn_complete__pair_N6_ego_attention__seed7,dgn_qmix,coord_grid,7,4043,101100,49.0,25,0.19963291666666672,5.097485721111298,99.54924011230469,591.5937008999754
dgn_complete__pair_N6_ego_attention__seed7,dgn_qmix,coord_grid,7,4044,101125,35.0,25,0.19943500000000003,5.637953400611877,85.7494512285505,591.7183186999755
dgn_complete__pair_N6_ego_attention__seed7,dgn_qmix,coord_grid,7,4045,101150,42.0,25,0.19923708333333334,4.921555042266846,44.11440086364746,591.8657191999955
dgn_complete__pair_N6_ego_attention__seed7,dgn_qmix,coord_grid,7,4046,101175,53.5,25,0.19903916666666677,7.248655577500661,43.10583384831747,592.0427790000103
dgn_complete__pair_N6_ego_attention__seed7,dgn_qmix,coord_grid,7,4047,101200,51.5,25,0.19884125000000008,4.287587811549504,56.477125803629555,592.190782599966
dgn_complete__pair_N6_ego_attention__seed7,dgn_qmix,coord_grid,7,4048,101225,36.5,25,0.1986433333333334,7.661927010331835,99.19151169913155,592.3370216999901
dgn_complete__pair_N6_ego_attention__seed7,dgn_qmix,coord_grid,7,4049,101250,51.0,25,0.1984454166666667,5.736947124203046,41.91144688924154,592.4979864999768
dgn_complete__pair_N6_ego_attention__seed7,dgn_qmix,coord_grid,7,4050,101275,53.0,25,0.19824750000000002,7.361681958039601,79.8155689239502,592.6516017999966
dgn_complete__pair_N6_ego_attention__seed7,dgn_qmix,coord_grid,7,4051,101300,59.5,25,0.19804958333333333,4.3368750512599945,58.45836194356283,592.8240465999697
dgn_complete__pair_N6_ego_attention__seed7,dgn_qmix,coord_grid,7,4052,101325,49.5,25,0.19785166666666665,8.386204464094979,92.44814682006836,593.0106933999923
dgn_complete__pair_N6_ego_attention__seed7,dgn_qmix,coord_grid,7,4053,101350,56.0,25,0.19765375000000007,8.79809374610583,67.26704963048299,593.1433021000121
dgn_complete__pair_N6_ego_attention__seed7,dgn_qmix,coord_grid,7,4054,101375,56.5,25,0.19745583333333339,8.83999252319336,97.01740678151448,593.2884627999738
dgn_complete__pair_N6_ego_attention__seed7,dgn_qmix,coord_grid,7,4055,101400,54.5,25,0.1972579166666667,3.4481393744548163,74.38418324788411,593.3958516999846
dgn_complete__pair_N6_ego_attention__seed7,dgn_qmix,coord_grid,7,4056,101425,58.5,25,0.19706000000000012,6.208074365343366,45.18347767421177,593.5552050999831
dgn_complete__pair_N6_ego_attention__seed7,dgn_qmix,coord_grid,7,4057,101450,67.5,25,0.19686208333333344,2.7036539564530053,28.43545913696289,593.6882889000117
dgn_complete__pair_N6_ego_attention__seed7,dgn_qmix,coord_grid,7,4058,101475,60.0,25,0.19666416666666664,8.025362332661947,69.06506379445393,593.8144264000002
dgn_complete__pair_N6_ego_attention__seed7,dgn_qmix,coord_grid,7,4059,101500,50.5,25,0.19646624999999995,8.352568964163462,117.37200291951497,593.9298375999788
dgn_complete__pair_N6_ego_attention__seed7,dgn_qmix,coord_grid,7,4060,101525,57.5,25,0.19626833333333338,5.815563482897622,92.12435477120536,594.1162396
dgn_complete__pair_N6_ego_attention__seed7,dgn_qmix,coord_grid,7,4061,101550,51.0,25,0.1960704166666667,11.967577934265137,107.49396483103435,594.2458244999871
dgn_complete__pair_N6_ego_attention__seed7,dgn_qmix,coord_grid,7,4062,101575,46.0,25,0.1958725,6.49617379407088,62.31924057006836,594.3812933999579
dgn_complete__pair_N6_ego_attention__seed7,dgn_qmix,coord_grid,7,4063,101600,42.5,25,0.19567458333333343,6.4032318542401,39.101529121398926,594.5507825000095
dgn_complete__pair_N6_ego_attention__seed7,dgn_qmix,coord_grid,7,4064,101625,49.0,25,0.19547666666666674,4.271480692284448,58.99207305908203,594.7000458000111
dgn_complete__pair_N6_ego_attention__seed7,dgn_qmix,coord_grid,7,4065,101650,55.5,25,0.19527875000000006,4.248202582200368,69.53016026814778,594.8518648999743
dgn_complete__pair_N6_ego_attention__seed7,dgn_qmix,coord_grid,7,4066,101675,49.0,25,0.19508083333333337,9.529027422269186,58.30839538574219,595.0167821999639
dgn_complete__pair_N6_ego_attention__seed7,dgn_qmix,coord_grid,7,4067,101700,42.0,25,0.19488291666666668,8.028992181022963,62.02263800303141,595.1487000999623
dgn_complete__pair_N6_ego_attention__seed7,dgn_qmix,coord_grid,7,4068,101725,38.5,25,0.194685,4.923486769199371,29.32479122706822,595.2872289000079
dgn_complete__pair_N6_ego_attention__seed7,dgn_qmix,coord_grid,7,4069,101750,79.0,25,0.1944870833333333,10.206950505574545,52.27849419911703,595.4416797999875
dgn_complete__pair_N6_ego_attention__seed7,dgn_qmix,coord_grid,7,4070,101775,44.0,25,0.19428916666666673,4.150157570838928,30.120882034301758,595.5610686999862
dgn_complete__pair_N6_ego_attention__seed7,dgn_qmix,coord_grid,7,4071,101800,46.5,25,0.19409125000000005,5.067472964525223,78.11922899881999,595.7203817999689
dgn_complete__pair_N6_ego_attention__seed7,dgn_qmix,coord_grid,7,4072,101825,54.5,25,0.19389333333333336,7.709606409072876,99.12683595929828,595.9255002000136
dgn_complete__pair_N6_ego_attention__seed7,dgn_qmix,coord_grid,7,4073,101850,56.0,25,0.1936954166666668,8.89629340171814,87.42512543996175,596.1074540999834
dgn_complete__pair_N6_ego_attention__seed7,dgn_qmix,coord_grid,7,4074,101875,61.5,25,0.1934975000000001,4.3125979751348495,62.27624956766764,596.2394031999866
dgn_complete__pair_N6_ego_attention__seed7,dgn_qmix,coord_grid,7,4075,101900,45.5,25,0.1932995833333333,6.477817008892695,53.9251708984375,596.3637291999767
dgn_complete__pair_N6_ego_attention__seed7,dgn_qmix,coord_grid,7,4076,101925,63.5,25,0.19310166666666662,7.0350097460406165,86.00645174298968,596.5470080999658
dgn_complete__pair_N6_ego_attention__seed7,dgn_qmix,coord_grid,7,4077,101950,41.0,25,0.19290375000000004,8.744458039601644,69.20976289113362,596.6783682999667
dgn_complete__pair_N6_ego_attention__seed7,dgn_qmix,coord_grid,7,4078,101975,48.5,25,0.19270583333333335,5.84578263759613,83.8527380625407,596.8021430000081
dgn_complete__pair_N6_ego_attention__seed7,dgn_qmix,coord_grid,7,4079,102000,47.5,25,0.19250791666666667,8.074682474136353,87.29839293162028,596.9586469999631
dgn_complete__pair_N6_ego_attention__seed7,dgn_qmix,coord_grid,7,4080,102025,61.5,25,0.1923100000000001,7.570654307092939,61.72583607264927,597.1058083999669
dgn_complete__pair_N6_ego_attention__seed7,dgn_qmix,coord_grid,7,4081,102050,52.0,25,0.1921120833333334,4.290895253419876,49.555150190989174,597.2017106999992
dgn_complete__pair_N6_ego_attention__seed7,dgn_qmix,coord_grid,7,4082,102075,56.5,25,0.19191416666666672,7.251121203104655,80.79868952433269,597.330555099994
dgn_complete__pair_N6_ego_attention__seed7,dgn_qmix,coord_grid,7,4083,102100,52.5,25,0.19171625000000003,6.498193949460983,59.389933586120605,597.4976049999823
dgn_complete__pair_N6_ego_attention__seed7,dgn_qmix,coord_grid,7,4084,102125,63.0,25,0.19151833333333335,4.320971744401114,32.41277830941336,597.6676890999661
dgn_complete__pair_N6_ego_attention__seed7,dgn_qmix,coord_grid,7,4085,102150,45.0,25,0.19132041666666666,6.378759885827701,49.232482274373375,597.7863439999637
dgn_complete__pair_N6_ego_attention__seed7,dgn_qmix,coord_grid,7,4086,102175,47.5,25,0.19112249999999997,8.701069951057434,47.28356329600016,597.9604259000043
dgn_complete__pair_N6_ego_attention__seed7,dgn_qmix,coord_grid,7,4087,102200,45.5,25,0.1909245833333334,5.682117347915967,34.85478766759237,598.0883631999604
dgn_complete__pair_N6_ego_attention__seed7,dgn_qmix,coord_grid,7,4088,102225,43.0,25,0.1907266666666667,4.944463376488004,57.734575271606445,598.2263227999792
dgn_complete__pair_N6_ego_attention__seed7,dgn_qmix,coord_grid,7,4089,102250,37.0,25,0.19052875000000002,5.069824020067851,82.60594940185547,598.3787155000027
dgn_complete__pair_N6_ego_attention__seed7,dgn_qmix,coord_grid,7,4090,102275,45.0,25,0.19033083333333345,3.4711637447277703,34.27957820892334,598.5120952999569
dgn_complete__pair_N6_ego_attention__seed7,dgn_qmix,coord_grid,7,4091,102300,40.5,25,0.19013291666666676,7.212540964285533,33.47402890523275,598.6629204999772
dgn_complete__pair_N6_ego_attention__seed7,dgn_qmix,coord_grid,7,4092,102325,38.0,25,0.18993500000000008,10.19564003603799,65.72056688581195,598.8493781000143
dgn_complete__pair_N6_ego_attention__seed7,dgn_qmix,coord_grid,7,4093,102350,56.5,25,0.18973708333333328,2.9052883932987847,112.24913533528645,599.0070277999621
dgn_complete__pair_N6_ego_attention__seed7,dgn_qmix,coord_grid,7,4094,102375,55.0,25,0.1895391666666667,2.7571149120728173,65.68918800354004,599.1351833000081
dgn_complete__pair_N6_ego_attention__seed7,dgn_qmix,coord_grid,7,4095,102400,45.5,25,0.18934125000000002,4.983515779177348,51.908016204833984,599.2537790999631
dgn_complete__pair_N6_ego_attention__seed7,dgn_qmix,coord_grid,7,4096,102425,46.5,25,0.18914333333333333,6.916691141469138,39.05667304992676,599.392657599994
dgn_complete__pair_N6_ego_attention__seed7,dgn_qmix,coord_grid,7,4097,102450,53.5,25,0.18894541666666675,5.049327919880549,44.993120988210045,599.5434563999879
dgn_complete__pair_N6_ego_attention__seed7,dgn_qmix,coord_grid,7,4098,102475,70.0,25,0.18874750000000007,4.190263167023659,59.50365797678629,599.7038118999917
dgn_complete__pair_N6_ego_attention__seed7,dgn_qmix,coord_grid,7,4099,102500,51.0,25,0.18854958333333338,4.972400044401486,54.173285166422524,599.8563605999807
dgn_complete__pair_N6_ego_attention__seed7,dgn_qmix,coord_grid,7,4100,102525,63.5,25,0.1883516666666667,8.205168894359044,64.81890760149274,600.0345602000016
dgn_complete__pair_N6_ego_attention__seed7,dgn_qmix,coord_grid,7,4101,102550,49.5,25,0.18815375,4.218942518035571,70.99233818054199,600.1820972000132
dgn_complete__pair_N6_ego_attention__seed7,dgn_qmix,coord_grid,7,4102,102575,56.5,25,0.18795583333333332,4.950162286559741,46.023905436197914,600.3253112999955
dgn_complete__pair_N6_ego_attention__seed7,dgn_qmix,coord_grid,7,4103,102600,55.0,25,0.18775791666666664,5.717149580518405,47.83009751637777,600.4924262000131
dgn_complete__pair_N6_ego_attention__seed7,dgn_qmix,coord_grid,7,4104,102625,50.5,25,0.18756000000000006,5.9429830227579385,91.64491353716168,600.6273438999779
dgn_complete__pair_N6_ego_attention__seed7,dgn_qmix,coord_grid,7,4105,102650,36.5,25,0.18736208333333337,6.5570277372996015,49.0119202931722,600.7660809999797
dgn_complete__pair_N6_ego_attention__seed7,dgn_qmix,coord_grid,7,4106,102675,63.5,25,0.1871641666666667,7.526194055875142,102.02558263142903,600.9454172999831
dgn_complete__pair_N6_ego_attention__seed7,dgn_qmix,coord_grid,7,4107,102700,45.5,25,0.1869662500000001,8.973479747772217,98.0507459640503,601.1103372999933
dgn_complete__pair_N6_ego_attention__seed7,dgn_qmix,coord_grid,7,4108,102725,43.5,25,0.18676833333333343,7.815448318208967,100.74395642961774,601.247661100002
dgn_complete__pair_N6_ego_attention__seed7,dgn_qmix,coord_grid,7,4109,102750,40.5,25,0.18657041666666674,4.2814755737781525,82.01596387227376,601.3870199999656
dgn_complete__pair_N6_ego_attention__seed7,dgn_qmix,coord_grid,7,4110,102775,39.0,25,0.18637249999999994,5.796180248260498,53.68290106455485,601.5077118999907
dgn_complete__pair_N6_ego_attention__seed7,dgn_qmix,coord_grid,7,4111,102800,59.5,25,0.18617458333333337,5.82477930188179,51.43987147013346,601.6361338999704
dgn_complete__pair_N6_ego_attention__seed7,dgn_qmix,coord_grid,7,4112,102825,31.5,25,0.18597666666666668,8.904060785259519,40.32368687220982,601.8104673000053
dgn_complete__pair_N6_ego_attention__seed7,dgn_qmix,coord_grid,7,4113,102850,43.5,25,0.18577875,8.152606884638468,73.50738525390625,601.9375660999794
dgn_complete__pair_N6_ego_attention__seed7,dgn_qmix,coord_grid,7,4114,102875,55.0,25,0.18558083333333342,8.876100560029348,76.50999323527019,602.080701800005
dgn_complete__pair_N6_ego_attention__seed7,dgn_qmix,coord_grid,7,4115,102900,65.5,25,0.18538291666666673,4.219719151655833,66.47276560465495,602.2202636000002
dgn_complete__pair_N6_ego_attention__seed7,dgn_qmix,coord_grid,7,4116,102925,56.5,25,0.18518500000000004,10.309413841792516,77.35166876656669,602.3620037999935
dgn_complete__pair_N6_ego_attention__seed7,dgn_qmix,coord_grid,7,4117,102950,81.5,25,0.18498708333333336,4.228329584002495,72.6208143234253,602.4800633999985
dgn_complete__pair_N6_ego_attention__seed7,dgn_qmix,coord_grid,7,4118,102975,24.5,25,0.18478916666666678,6.793524324893951,98.60290781656902,602.6274787999573
dgn_complete__pair_N6_ego_attention__seed7,dgn_qmix,coord_grid,7,4119,103000,55.0,25,0.18459124999999998,6.1288164258003235,110.11080614725749,602.767332599964
dgn_complete__pair_N6_ego_attention__seed7,dgn_qmix,coord_grid,7,4120,103025,52.0,25,0.1843933333333333,6.166430447782789,133.06036104474748,602.9532927999971
dgn_complete__pair_N6_ego_attention__seed7,dgn_qmix,coord_grid,7,4121,103050,42.0,25,0.18419541666666672,5.99022110303243,82.0695432027181,603.127085199987
dgn_complete__pair_N6_ego_attention__seed7,dgn_qmix,coord_grid,7,4122,103075,38.0,25,0.18399750000000004,5.821698764959971,77.35230763753255,603.2830074999947
dgn_complete__pair_N6_ego_attention__seed7,dgn_qmix,coord_grid,7,4123,103100,51.5,25,0.18379958333333335,5.749627282222112,50.00396855672201,603.4122806999949
dgn_complete__pair_N6_ego_attention__seed7,dgn_qmix,coord_grid,7,4124,103125,44.5,25,0.18360166666666677,10.719248226710729,116.41623633248466,603.5707396999933
dgn_complete__pair_N6_ego_attention__seed7,dgn_qmix,coord_grid,7,4125,103150,59.5,25,0.1834037500000001,4.4024804631869,93.10196622212727,603.7178172999993
dgn_complete__pair_N6_ego_attention__seed7,dgn_qmix,coord_grid,7,4126,103175,30.5,25,0.1832058333333334,5.007375558217366,36.19782638549805,603.8740894999937
dgn_complete__pair_N6_ego_attention__seed7,dgn_qmix,coord_grid,7,4127,103200,40.5,25,0.18300791666666671,5.794548114140828,33.91235319773356,604.0115413999883
dgn_complete__pair_N6_ego_attention__seed7,dgn_qmix,coord_grid,7,4128,103225,63.0,25,0.18281000000000003,8.38374547447477,72.58823994227818,604.1667719999678
dgn_complete__pair_N6_ego_attention__seed7,dgn_qmix,coord_grid,7,4129,103250,68.0,25,0.18261208333333334,6.703576574722926,81.86144574483235,604.2922746000113
dgn_complete__pair_N6_ego_attention__seed7,dgn_qmix,coord_grid,7,4130,103275,60.0,25,0.18241416666666666,5.801020830869675,46.25388892491659,604.4356549999793
dgn_complete__pair_N6_ego_attention__seed7,dgn_qmix,coord_grid,7,4131,103300,45.5,25,0.18221625000000008,6.601243793964386,43.21963659922282,604.5525250000064
dgn_complete__pair_N6_ego_attention__seed7,dgn_qmix,coord_grid,7,4132,103325,54.5,25,0.1820183333333334,5.064553235258375,45.78948075430734,604.6784238999826
dgn_complete__pair_N6_ego_attention__seed7,dgn_qmix,coord_grid,7,4133,103350,57.0,25,0.1818204166666667,9.674602349599203,81.69111442565918,604.8135564000113
dgn_complete__pair_N6_ego_attention__seed7,dgn_qmix,coord_grid,7,4134,103375,40.5,25,0.18162250000000002,6.8617188930511475,113.51614952087402,604.9505698999856
dgn_complete__pair_N6_ego_attention__seed7,dgn_qmix,coord_grid,7,4135,103400,54.0,25,0.18142458333333344,4.716560731331508,125.98520723978679,605.1100486000068
dgn_complete__pair_N6_ego_attention__seed7,dgn_qmix,coord_grid,7,4136,103425,39.0,25,0.18122666666666665,7.918088121073587,93.2322267804827,605.246702799981
dgn_complete__pair_N6_ego_attention__seed7,dgn_qmix,coord_grid,7,4137,103450,63.5,25,0.18102874999999996,6.73542324701945,50.26532745361328,605.3730500999955
dgn_complete__pair_N6_ego_attention__seed7,dgn_qmix,coord_grid,7,4138,103475,54.0,25,0.18083083333333339,5.983631461858749,104.55721473693848,605.5181403000024
dgn_complete__pair_N6_ego_attention__seed7,dgn_qmix,coord_grid,7,4139,103500,64.0,25,0.1806329166666667,8.310688724120459,83.12343311309814,605.6456385999918
dgn_complete__pair_N6_ego_attention__seed7,dgn_qmix,coord_grid,7,4140,103525,47.5,25,0.180435,5.151268907955715,63.51398740495954,605.7844839000027
dgn_complete__pair_N6_ego_attention__seed7,dgn_qmix,coord_grid,7,4141,103550,47.5,25,0.18023708333333333,6.622756267587344,50.67016410827637,605.9238976999768
dgn_complete__pair_N6_ego_attention__seed7,dgn_qmix,coord_grid,7,4142,103575,54.5,25,0.18003916666666675,5.8176974306503935,65.6570593516032,606.0481140000047
dgn_complete__pair_N6_ego_attention__seed7,dgn_qmix,coord_grid,7,4143,103600,50.5,25,0.17984125000000006,7.4191023260355,29.30285390218099,606.2091324999928
dgn_complete__pair_N6_ego_attention__seed7,dgn_qmix,coord_grid,7,4144,103625,49.5,25,0.17964333333333338,7.058895536831447,44.6143480028425,606.3439354999573
dgn_complete__pair_N6_ego_attention__seed7,dgn_qmix,coord_grid,7,4145,103650,40.0,25,0.1794454166666667,9.725574294726053,47.83243465423584,606.5106505999574
dgn_complete__pair_N6_ego_attention__seed7,dgn_qmix,coord_grid,7,4146,103675,59.5,25,0.1792475,4.4608442684014635,79.63804244995117,606.6600001999759
dgn_complete__pair_N6_ego_attention__seed7,dgn_qmix,coord_grid,7,4147,103700,42.5,25,0.17904958333333332,3.767698327700297,86.22562567392985,606.7576622999622
dgn_complete__pair_N6_ego_attention__seed7,dgn_qmix,coord_grid,7,4148,103725,61.5,25,0.17885166666666674,7.402550288609096,115.05735124860492,606.9352585999877
dgn_complete__pair_N6_ego_attention__seed7,dgn_qmix,coord_grid,7,4149,103750,38.0,25,0.17865375000000006,7.097720970710118,129.76156743367514,607.0278324999963
dgn_complete__pair_N6_ego_attention__seed7,dgn_qmix,coord_grid,7,4150,103775,43.0,25,0.17845583333333337,8.350089311599731,96.24143600463867,607.1416804000037
dgn_complete__pair_N6_ego_attention__seed7,dgn_qmix,coord_grid,7,4151,103800,35.0,25,0.17825791666666668,5.9818108429511385,84.65337785085042,607.2740267000045
dgn_complete__pair_N6_ego_attention__seed7,dgn_qmix,coord_grid,7,4152,103825,69.5,25,0.1780600000000001,5.165203337158475,74.26929637363979,607.3930395999923
dgn_complete__pair_N6_ego_attention__seed7,dgn_qmix,coord_grid,7,4153,103850,46.0,25,0.17786208333333342,4.307068695624669,49.64496866861979,607.5287957999972
dgn_complete__pair_N6_ego_attention__seed7,dgn_qmix,coord_grid,7,4154,103875,48.5,25,0.17766416666666662,12.136173342665037,70.04521814982097,607.6688672999735
dgn_complete__pair_N6_ego_attention__seed7,dgn_qmix,coord_grid,7,4155,103900,35.0,25,0.17746625000000005,3.4842148423194885,38.86275990804037,607.8105070999591
dgn_complete__pair_N6_ego_attention__seed7,dgn_qmix,coord_grid,7,4156,103925,51.0,25,0.17726833333333336,7.743751551423754,43.08695929391043,607.9512367999996
dgn_complete__pair_N6_ego_attention__seed7,dgn_qmix,coord_grid,7,4157,103950,62.5,25,0.17707041666666667,9.065714041392008,54.980892499287926,608.0612904999871
dgn_complete__pair_N6_ego_attention__seed7,dgn_qmix,coord_grid,7,4158,103975,41.0,25,0.1768725,6.001861810684204,74.62381521860759,608.2217307999963
dgn_complete__pair_N6_ego_attention__seed7,dgn_qmix,coord_grid,7,4159,104000,36.0,25,0.1766745833333334,6.594438870747884,57.89139048258463,608.3617830000003
dgn_complete__pair_N6_ego_attention__seed7,dgn_qmix,coord_grid,7,4160,104025,32.0,25,0.17647666666666673,3.2454750750746046,72.14572933741978,608.530823100009
dgn_complete__pair_N6_ego_attention__seed7,dgn_qmix,coord_grid,7,4161,104050,35.0,25,0.17627875000000004,3.8014526466528573,97.00217978159587,608.6759500000044
dgn_complete__pair_N6_ego_attention__seed7,dgn_qmix,coord_grid,7,4162,104075,33.0,25,0.17608083333333335,4.504505107800166,86.41409746805827,608.7872783999774
dgn_complete__pair_N6_ego_attention__seed7,dgn_qmix,coord_grid,7,4163,104100,60.5,25,0.17588291666666667,3.6246743698914847,52.533449490865074,608.9079027000116
dgn_complete__pair_N6_ego_attention__seed7,dgn_qmix,coord_grid,7,4164,104125,51.0,25,0.17568499999999998,7.098749854734966,48.661447525024414,609.0177838999662
dgn_complete__pair_N6_ego_attention__seed7,dgn_qmix,coord_grid,7,4165,104150,48.0,25,0.1754870833333334,8.99803434809049,57.12126350402832,609.1238425999763
dgn_complete__pair_N6_ego_attention__seed7,dgn_qmix,coord_grid,7,4166,104175,59.5,25,0.17528916666666672,8.232163349787394,46.42579174041748,609.2583926999941
dgn_complete__pair_N6_ego_attention__seed7,dgn_qmix,coord_grid,7,4167,104200,53.5,25,0.17509125000000003,6.526703784863154,50.24952761332194,609.3757900999626
dgn_complete__pair_N6_ego_attention__seed7,dgn_qmix,coord_grid,7,4168,104225,66.5,25,0.17489333333333335,6.602242154734475,87.43750190734863,609.5364844999858
dgn_complete__pair_N6_ego_attention__seed7,dgn_qmix,coord_grid,7,4169,104250,59.0,25,0.17469541666666677,8.220451712608337,45.52585522333781,609.7044407000067
dgn_complete__pair_N6_ego_attention__seed7,dgn_qmix,coord_grid,7,4170,104275,64.0,25,0.17449750000000008,8.192095597585043,37.57066949208578,609.8798528999905
dgn_complete__pair_N6_ego_attention__seed7,dgn_qmix,coord_grid,7,4171,104300,53.5,25,0.17429958333333329,1.3179522156715393,43.18025557200114,610.0766388999764
dgn_complete__pair_N6_ego_attention__seed7,dgn_qmix,coord_grid,7,4172,104325,35.0,25,0.1741016666666667,7.098147460392544,57.25277437482561,610.2383228999679
dgn_complete__pair_N6_ego_attention__seed7,dgn_qmix,coord_grid,7,4173,104350,48.5,25,0.17390375000000002,4.315446277459462,43.78869374593099,610.3673257000046
dgn_complete__pair_N6_ego_attention__seed7,dgn_qmix,coord_grid,7,4174,104375,29.0,25,0.17370583333333334,5.28886146346728,63.1674550374349,610.5974619999761
dgn_complete__pair_N6_ego_attention__seed7,dgn_qmix,coord_grid,7,4175,104400,38.0,25,0.17350791666666665,8.221045156319937,53.42148049672445,610.7397870999994
dgn_complete__pair_N6_ego_attention__seed7,dgn_qmix,coord_grid,7,4176,104425,35.5,25,0.17331000000000008,4.42211532167026,40.091793877737864,610.8616820999887
dgn_complete__pair_N6_ego_attention__seed7,dgn_qmix,coord_grid,7,4177,104450,65.0,25,0.1731120833333334,5.150877743959427,56.44045480092367,610.9808150999597
dgn_complete__pair_N6_ego_attention__seed7,dgn_qmix,coord_grid,7,4178,104475,72.5,25,0.1729141666666667,5.1143898864587145,62.25341669718424,611.1085091999848
dgn_complete__pair_N6_ego_attention__seed7,dgn_qmix,coord_grid,7,4179,104500,55.0,25,0.17271625000000013,5.212173422177632,58.78782717386881,611.2056059999741
dgn_complete__pair_N6_ego_attention__seed7,dgn_qmix,coord_grid,7,4180,104525,27.0,25,0.17251833333333333,7.228113676820483,70.35077503749302,611.41189019999
dgn_complete__pair_N6_ego_attention__seed7,dgn_qmix,coord_grid,7,4181,104550,54.5,25,0.17232041666666664,5.051886513829231,36.08095105489095,611.5612391000031
dgn_complete__pair_N6_ego_attention__seed7,dgn_qmix,coord_grid,7,4182,104575,48.0,25,0.17212250000000007,3.541098117828369,38.49325720469157,611.7322329999879
dgn_complete__pair_N6_ego_attention__seed7,dgn_qmix,coord_grid,7,4183,104600,33.5,25,0.17192458333333338,8.278814643621445,54.024356842041016,611.9029774999944
dgn_complete__pair_N6_ego_attention__seed7,dgn_qmix,coord_grid,7,4184,104625,50.5,25,0.1717266666666667,9.151608126504081,50.927990777151926,612.0405449999962
dgn_complete__pair_N6_ego_attention__seed7,dgn_qmix,coord_grid,7,4185,104650,50.5,25,0.17152875,4.483117977778117,70.23914210001628,612.2030722000054
dgn_complete__pair_N6_ego_attention__seed7,dgn_qmix,coord_grid,7,4186,104675,39.0,25,0.17133083333333343,3.6245455543200173,40.56591192881266,612.3650638000108
dgn_complete__pair_N6_ego_attention__seed7,dgn_qmix,coord_grid,7,4187,104700,27.0,25,0.17113291666666675,4.481296439965566,63.27846654256185,612.4925948999589
dgn_complete__pair_N6_ego_attention__seed7,dgn_qmix,coord_grid,7,4188,104725,50.0,25,0.17093500000000006,7.338044788156237,74.35080119541713,612.645186299982
dgn_complete__pair_N6_ego_attention__seed7,dgn_qmix,coord_grid,7,4189,104750,65.5,25,0.17073708333333337,6.676881596446037,58.36476198832194,612.7617685999721
dgn_complete__pair_N6_ego_attention__seed7,dgn_qmix,coord_grid,7,4190,104775,37.5,25,0.17053916666666669,7.426639288663864,44.86148452758789,612.8662390999962
dgn_complete__pair_N6_ego_attention__seed7,dgn_qmix,coord_grid,7,4191,104800,76.5,25,0.17034125,7.447140922149022,29.003296852111816,612.9871916999691
dgn_complete__pair_N6_ego_attention__seed7,dgn_qmix,coord_grid,7,4192,104825,64.5,25,0.1701433333333333,6.479751242058618,38.98850931440081,613.1341784999822
dgn_complete__pair_N6_ego_attention__seed7,dgn_qmix,coord_grid,7,4193,104850,39.0,25,0.16994541666666674,3.5531827906767526,45.285478274027504,613.2623371999944
dgn_complete__pair_N6_ego_attention__seed7,dgn_qmix,coord_grid,7,4194,104875,45.0,25,0.16974750000000005,5.912244488795598,46.76255861918131,613.4252126999781
dgn_complete__pair_N6_ego_attention__seed7,dgn_qmix,coord_grid,7,4195,104900,41.5,25,0.16954958333333336,5.881471077601115,65.94619496663411,613.5431490999763
dgn_complete__pair_N6_ego_attention__seed7,dgn_qmix,coord_grid,7,4196,104925,42.0,25,0.1693516666666668,5.816792224134717,50.42886979239328,613.6493488000124
dgn_complete__pair_N6_ego_attention__seed7,dgn_qmix,coord_grid,7,4197,104950,46.5,25,0.16915375,9.848200480143229,64.521790822347,613.7757884999737
dgn_complete__pair_N6_ego_attention__seed7,dgn_qmix,coord_grid,7,4198,104975,52.5,25,0.1689558333333333,9.028279796242714,46.083933194478355,613.8853913999628
dgn_complete__pair_N6_ego_attention__seed7,dgn_qmix,coord_grid,7,4199,105000,52.0,25,0.16875791666666673,7.460955714186032,56.7970806757609,614.0336416999926
dgn_complete__pair_N6_ego_attention__seed7,dgn_qmix,coord_grid,7,4200,105025,46.5,25,0.16856000000000004,4.726779290607998,103.00866208757672,614.1949736999813
dgn_complete__pair_N6_ego_attention__seed7,dgn_qmix,coord_grid,7,4201,105050,42.0,25,0.16836208333333336,2.9828962981700897,99.06464258829753,614.3058003999759
dgn_complete__pair_N6_ego_attention__seed7,dgn_qmix,coord_grid,7,4202,105075,48.0,25,0.16816416666666667,7.406970411539078,69.06002076466878,614.4619344999664
dgn_complete__pair_N6_ego_attention__seed7,dgn_qmix,coord_grid,7,4203,105100,45.5,25,0.1679662500000001,3.6438098003466926,77.72383530934651,614.5849202999962
dgn_complete__pair_N6_ego_attention__seed7,dgn_qmix,coord_grid,7,4204,105125,36.5,25,0.1677683333333334,5.134934949023383,72.50923592703683,614.7054997999803
dgn_complete__pair_N6_ego_attention__seed7,dgn_qmix,coord_grid,7,4205,105150,53.5,25,0.16757041666666672,6.73719385266304,49.37554899851481,614.802098199958
dgn_complete__pair_N6_ego_attention__seed7,dgn_qmix,coord_grid,7,4206,105175,47.0,25,0.16737250000000004,6.661024580399196,44.11896642049154,614.959622800001
dgn_complete__pair_N6_ego_attention__seed7,dgn_qmix,coord_grid,7,4207,105200,44.5,25,0.16717458333333335,5.861128116647403,63.093674977620445,615.077633799985
dgn_complete__pair_N6_ego_attention__seed7,dgn_qmix,coord_grid,7,4208,105225,41.5,25,0.16697666666666666,4.542577973433903,74.78025436401367,615.2579393999767
dgn_complete__pair_N6_ego_attention__seed7,dgn_qmix,coord_grid,7,4209,105250,37.5,25,0.16677874999999998,5.980103492736816,37.79275417327881,615.3999220000114
dgn_complete__pair_N6_ego_attention__seed7,dgn_qmix,coord_grid,7,4210,105275,57.0,25,0.1665808333333334,2.080348198612531,50.00696881612142,615.5867645000108
dgn_complete__pair_N6_ego_attention__seed7,dgn_qmix,coord_grid,7,4211,105300,62.0,25,0.1663829166666667,5.1526220838228864,63.31571674346924,615.7553988000145
dgn_complete__pair_N6_ego_attention__seed7,dgn_qmix,coord_grid,7,4212,105325,62.5,25,0.16618500000000003,6.457170201199395,45.54851123264858,615.9185856999829
dgn_complete__pair_N6_ego_attention__seed7,dgn_qmix,coord_grid,7,4213,105350,48.0,25,0.16598708333333345,8.264207114775976,65.55910936991374,616.0390117999632
dgn_complete__pair_N6_ego_attention__seed7,dgn_qmix,coord_grid,7,4214,105375,37.5,25,0.16578916666666677,8.38575037320455,87.63196309407552,616.1771280000103
dgn_complete__pair_N6_ego_attention__seed7,dgn_qmix,coord_grid,7,4215,105400,47.5,25,0.16559124999999997,2.9440837800502777,98.44243176778157,616.3224470000132
dgn_complete__pair_N6_ego_attention__seed7,dgn_qmix,coord_grid,7,4216,105425,52.5,25,0.16539333333333328,6.889216508184161,124.3210950578962,616.494865799963
dgn_complete__pair_N6_ego_attention__seed7,dgn_qmix,coord_grid,7,4217,105450,58.5,25,0.1651954166666667,6.220435380935669,110.74695905049641,616.6195788999903
dgn_complete__pair_N6_ego_attention__seed7,dgn_qmix,coord_grid,7,4218,105475,60.5,25,0.16499750000000002,5.383716652790706,94.73770459493001,616.7777086999849
dgn_complete__pair_N6_ego_attention__seed7,dgn_qmix,coord_grid,7,4219,105500,58.0,25,0.16479958333333333,5.969939291477203,77.9609587987264,616.9066517999745
dgn_complete__pair_N6_ego_attention__seed7,dgn_qmix,coord_grid,7,4220,105525,28.5,25,0.16460166666666676,5.729493822370257,52.927361897059846,617.0304946000106
dgn_complete__pair_N6_ego_attention__seed7,dgn_qmix,coord_grid,7,4221,105550,60.5,25,0.16440375000000007,6.672078296542168,45.22859032948812,617.1563112000003
dgn_complete__pair_N6_ego_attention__seed7,dgn_qmix,coord_grid,7,4222,105575,46.0,25,0.16420583333333338,6.638807788491249,34.5664587020874,617.32026269997
dgn_complete__pair_N6_ego_attention__seed7,dgn_qmix,coord_grid,7,4223,105600,46.5,25,0.1640079166666668,9.869746843973795,61.82452646891276,617.4659337999765
dgn_complete__pair_N6_ego_attention__seed7,dgn_qmix,coord_grid,7,4224,105625,49.5,25,0.16381,3.1697975311960493,62.635832922799246,617.6049082999816
dgn_complete__pair_N6_ego_attention__seed7,dgn_qmix,coord_grid,7,4225,105650,58.0,25,0.16361208333333332,4.4290266036987305,40.525400161743164,617.7480287000071
dgn_complete__pair_N6_ego_attention__seed7,dgn_qmix,coord_grid,7,4226,105675,66.0,25,0.16341416666666664,5.158813963333766,48.400279680887856,617.8715084999567
dgn_complete__pair_N6_ego_attention__seed7,dgn_qmix,coord_grid,7,4227,105700,50.0,25,0.16321625000000006,6.741896649201711,56.09046586354574,617.9993722999934
dgn_complete__pair_N6_ego_attention__seed7,dgn_qmix,coord_grid,7,4228,105725,32.5,25,0.16301833333333338,11.824032647269112,38.753048760550364,618.1500626999768
dgn_complete__pair_N6_ego_attention__seed7,dgn_qmix,coord_grid,7,4229,105750,58.5,25,0.1628204166666667,5.038371354341507,42.11136372884115,618.2563641999732
dgn_complete__pair_N6_ego_attention__seed7,dgn_qmix,coord_grid,7,4230,105775,52.5,25,0.16262250000000011,5.0688986132542295,25.334416548411053,618.4042331000092
dgn_complete__pair_N6_ego_attention__seed7,dgn_qmix,coord_grid,7,4231,105800,60.5,25,0.16242458333333343,5.859573071201642,44.71350987752279,618.5203999999794
dgn_complete__pair_N6_ego_attention__seed7,dgn_qmix,coord_grid,7,4232,105825,60.5,25,0.16222666666666674,6.07412895986012,120.99506078447614,618.6558121999842
dgn_complete__pair_N6_ego_attention__seed7,dgn_qmix,coord_grid,7,4233,105850,48.5,25,0.16202874999999994,7.741164028644562,119.7279733022054,618.7869888999849
dgn_complete__pair_N6_ego_attention__seed7,dgn_qmix,coord_grid,7,4234,105875,48.0,25,0.16183083333333337,5.202086428801219,71.64614709218343,618.9112391999806
dgn_complete__pair_N6_ego_attention__seed7,dgn_qmix,coord_grid,7,4235,105900,61.5,25,0.16163291666666668,4.34551369647185,42.349249839782715,619.0400753999711
dgn_complete__pair_N6_ego_attention__seed7,dgn_qmix,coord_grid,7,4236,105925,49.5,25,0.161435,4.600475375141416,82.46650287083217,619.1632071000058
dgn_complete__pair_N6_ego_attention__seed7,dgn_qmix,coord_grid,7,4237,105950,51.0,25,0.16123708333333342,6.058548132578532,58.930453618367515,619.2917198999785
dgn_complete__pair_N6_ego_attention__seed7,dgn_qmix,coord_grid,7,4238,105975,89.5,25,0.16103916666666673,5.90109051267306,45.61197439829508,619.4367778999731
dgn_complete__pair_N6_ego_attention__seed7,dgn_qmix,coord_grid,7,4239,106000,55.0,25,0.16084125000000005,6.760123511155446,106.5305970509847,619.5680341999978
dgn_complete__pair_N6_ego_attention__seed7,dgn_qmix,coord_grid,7,4240,106025,37.5,25,0.16064333333333347,7.1737116149493625,67.07996668134417,619.7435662999633
dgn_complete__pair_N6_ego_attention__seed7,dgn_qmix,coord_grid,7,4241,106050,48.5,25,0.16044541666666667,6.956186667084694,105.01089000701904,619.8681284000049
dgn_complete__pair_N6_ego_attention__seed7,dgn_qmix,coord_grid,7,4242,106075,55.5,25,0.1602475,5.687000234921773,151.93125279744467,619.991949999996
dgn_complete__pair_N6_ego_attention__seed7,dgn_qmix,coord_grid,7,4243,106100,52.5,25,0.1600495833333333,5.3309266070524854,103.52048969268799,620.1471477999585
dgn_complete__pair_N6_ego_attention__seed7,dgn_qmix,coord_grid,7,4244,106125,52.5,25,0.15985166666666673,5.94243803194591,74.42856434413365,620.326433899987
dgn_complete__pair_N6_ego_attention__seed7,dgn_qmix,coord_grid,7,4245,106150,54.0,25,0.15965375000000004,9.425374567508698,105.24929618835449,620.4520107000135
dgn_complete__pair_N6_ego_attention__seed7,dgn_qmix,coord_grid,7,4246,106175,51.0,25,0.15945583333333335,7.705318947633107,107.78914896647136,620.5997698999709
dgn_complete__pair_N6_ego_attention__seed7,dgn_qmix,coord_grid,7,4247,106200,60.5,25,0.15925791666666678,6.81614672144254,89.58966000874837,620.7369081999641
dgn_complete__pair_N6_ego_attention__seed7,dgn_qmix,coord_grid,7,4248,106225,42.5,25,0.1590600000000001,7.138989584786551,62.35931668962751,620.8936405999702
dgn_complete__pair_N6_ego_attention__seed7,dgn_qmix,coord_grid,7,4249,106250,39.5,25,0.1588620833333334,6.764171376824379,101.6937484741211,621.0168416000088
dgn_complete__pair_N6_ego_attention__seed7,dgn_qmix,coord_grid,7,4250,106275,74.0,25,0.1586641666666666,6.0184543033440905,98.57257652282715,621.1635468999739
dgn_complete__pair_N6_ego_attention__seed7,dgn_qmix,coord_grid,7,4251,106300,57.0,25,0.15846625000000003,6.2183801134427386,105.76992193857829,621.317161199986
dgn_complete__pair_N6_ego_attention__seed7,dgn_qmix,coord_grid,7,4252,106325,45.5,25,0.15826833333333334,5.925136566162109,75.84885678972516,621.4526909000124
dgn_complete__pair_N6_ego_attention__seed7,dgn_qmix,coord_grid,7,4253,106350,49.5,25,0.15807041666666666,7.840482314427693,102.4589656194051,621.554445799964
dgn_complete__pair_N6_ego_attention__seed7,dgn_qmix,coord_grid,7,4254,106375,51.0,25,0.15787250000000008,9.905063976844152,47.89821990331014,621.7027396999765
dgn_complete__pair_N6_ego_attention__seed7,dgn_qmix,coord_grid,7,4255,106400,52.5,25,0.1576745833333334,7.4458374083042145,47.84738222757975,621.840746700007
dgn_complete__pair_N6_ego_attention__seed7,dgn_qmix,coord_grid,7,4256,106425,71.0,25,0.1574766666666667,7.181788929871151,40.49856839861189,622.0079680999625
dgn_complete__pair_N6_ego_attention__seed7,dgn_qmix,coord_grid,7,4257,106450,54.5,25,0.15727875000000013,3.628606011470159,54.54407978057861,622.1349198999815
dgn_complete__pair_N6_ego_attention__seed7,dgn_qmix,coord_grid,7,4258,106475,73.0,25,0.15708083333333345,5.918865824739139,43.7300001780192,622.2642179999966
dgn_complete__pair_N6_ego_attention__seed7,dgn_qmix,coord_grid,7,4259,106500,73.5,25,0.15688291666666665,7.515036195516586,66.53390630086263,622.4058272999828
dgn_complete__pair_N6_ego_attention__seed7,dgn_qmix,coord_grid,7,4260,106525,35.5,25,0.15668499999999996,9.302167304924556,80.78880637032645,622.5495224999613
dgn_complete__pair_N6_ego_attention__seed7,dgn_qmix,coord_grid,7,4261,106550,53.0,25,0.1564870833333334,10.08118224143982,110.66870562235515,622.673511800007
dgn_complete__pair_N6_ego_attention__seed7,dgn_qmix,coord_grid,7,4262,106575,41.0,25,0.1562891666666667,7.6680805285771685,93.9392827351888,622.8121823999682
dgn_complete__pair_N6_ego_attention__seed7,dgn_qmix,coord_grid,7,4263,106600,41.5,25,0.15609125000000001,3.721506491303444,81.94810994466145,622.9131944999681
dgn_complete__pair_N6_ego_attention__seed7,dgn_qmix,coord_grid,7,4264,106625,73.0,25,0.15589333333333344,6.64325738804681,92.18786702837262,623.051656799973
dgn_complete__pair_N6_ego_attention__seed7,dgn_qmix,coord_grid,7,4265,106650,54.0,25,0.15569541666666675,6.820375869671504,77.41987737019856,623.1925564999692
dgn_complete__pair_N6_ego_attention__seed7,dgn_qmix,coord_grid,7,4266,106675,63.0,25,0.15549750000000007,5.896847357352574,74.75407107671101,623.3588370999787
dgn_complete__pair_N6_ego_attention__seed7,dgn_qmix,coord_grid,7,4267,106700,73.5,25,0.15529958333333338,4.507491062084834,78.48240025838216,623.5395463999594
dgn_complete__pair_N6_ego_attention__seed7,dgn_qmix,coord_grid,7,4268,106725,72.0,25,0.1551016666666667,7.84269535115787,80.55391148158482,623.6753233000054
dgn_complete__pair_N6_ego_attention__seed7,dgn_qmix,coord_grid,7,4269,106750,51.0,25,0.15490375,5.878692219654719,42.492034912109375,623.7830750999856
dgn_complete__pair_N6_ego_attention__seed7,dgn_qmix,coord_grid,7,4270,106775,50.0,25,0.15470583333333332,4.422539422909419,75.76438172658284,623.9180363999913
dgn_complete__pair_N6_ego_attention__seed7,dgn_qmix,coord_grid,7,4271,106800,41.0,25,0.15450791666666674,7.619383255640666,79.17679437001546,624.0639882999822
dgn_complete__pair_N6_ego_attention__seed7,dgn_qmix,coord_grid,7,4272,106825,42.5,25,0.15431000000000006,7.8357332944869995,57.429276602608816,624.2009080999997
dgn_complete__pair_N6_ego_attention__seed7,dgn_qmix,coord_grid,7,4273,106850,41.5,25,0.15411208333333337,3.6842943827311196,75.33660125732422,624.3260224999976
dgn_complete__pair_N6_ego_attention__seed7,dgn_qmix,coord_grid,7,4274,106875,49.0,25,0.1539141666666668,5.949359282851219,46.90540870030721,624.4674035999924
dgn_complete__pair_N6_ego_attention__seed7,dgn_qmix,coord_grid,7,4275,106900,53.5,25,0.1537162500000001,9.024428576231003,38.483069896698,624.5858945999644
dgn_complete__pair_N6_ego_attention__seed7,dgn_qmix,coord_grid,7,4276,106925,40.5,25,0.1535183333333333,6.634170855794634,65.01027297973633,624.7488256999641
dgn_complete__pair_N6_ego_attention__seed7,dgn_qmix,coord_grid,7,4277,106950,37.5,25,0.15332041666666663,7.723312720656395,106.28254381815593,624.9141078999965
dgn_complete__pair_N6_ego_attention__seed7,dgn_qmix,coord_grid,7,4278,106975,42.5,25,0.15312250000000005,7.568844358126323,94.0674597422282,625.0773047999828
dgn_complete__pair_N6_ego_attention__seed7,dgn_qmix,coord_grid,7,4279,107000,33.0,25,0.15292458333333336,6.785002087553342,52.17523193359375,625.2364863000112
dgn_complete__pair_N6_ego_attention__seed7,dgn_qmix,coord_grid,7,4280,107025,50.0,25,0.15272666666666668,7.951670748846872,75.94314520699638,625.3609589000116
dgn_complete__pair_N6_ego_attention__seed7,dgn_qmix,coord_grid,7,4281,107050,43.5,25,0.1525287500000001,4.4167047788699465,51.20545323689779,625.4703860000009
dgn_complete__pair_N6_ego_attention__seed7,dgn_qmix,coord_grid,7,4282,107075,71.0,25,0.15233083333333342,5.872168481349945,69.03982226053874,625.6261396000045
dgn_complete__pair_N6_ego_attention__seed7,dgn_qmix,coord_grid,7,4283,107100,50.5,25,0.15213291666666673,3.669831097126007,84.62895011901855,625.8069723999943
dgn_complete__pair_N6_ego_attention__seed7,dgn_qmix,coord_grid,7,4284,107125,50.5,25,0.15193500000000004,7.708584585360119,58.93197332109724,625.9475049999892
dgn_complete__pair_N6_ego_attention__seed7,dgn_qmix,coord_grid,7,4285,107150,32.0,25,0.15173708333333336,2.8622274647156396,74.73665459950765,626.0810116999783
dgn_complete__pair_N6_ego_attention__seed7,dgn_qmix,coord_grid,7,4286,107175,44.0,25,0.15153916666666667,7.512539928158124,77.52150281270345,626.2344141000067
dgn_complete__pair_N6_ego_attention__seed7,dgn_qmix,coord_grid,7,4287,107200,60.0,25,0.15134124999999998,8.399756575624147,89.86661434173584,626.3618553999695
dgn_complete__pair_N6_ego_attention__seed7,dgn_qmix,coord_grid,7,4288,107225,57.0,25,0.1511433333333334,8.43623222197805,61.13155310494559,626.5145620999974
dgn_complete__pair_N6_ego_attention__seed7,dgn_qmix,coord_grid,7,4289,107250,28.0,25,0.15094541666666672,4.383562594652176,53.38490136464437,626.7013494999846
dgn_complete__pair_N6_ego_attention__seed7,dgn_qmix,coord_grid,7,4290,107275,60.5,25,0.15074750000000003,7.585512767235438,42.9162327448527,626.8518483999651
dgn_complete__pair_N6_ego_attention__seed7,dgn_qmix,coord_grid,7,4291,107300,38.0,25,0.15054958333333335,4.280277361472447,53.31549898783366,626.9800002999837
dgn_complete__pair_N6_ego_attention__seed7,dgn_qmix,coord_grid,7,4292,107325,44.0,25,0.15035166666666677,5.135036792073931,40.20915303911482,627.1091787999612
dgn_complete__pair_N6_ego_attention__seed7,dgn_qmix,coord_grid,7,4293,107350,53.5,25,0.15015375000000009,6.580555622776349,53.27307287851969,627.3134532999829
dgn_complete__pair_N6_ego_attention__seed7,dgn_qmix,coord_grid,7,4294,107375,76.0,25,0.1499558333333333,4.335451394319534,54.598436991373696,627.4806357999914
dgn_complete__pair_N6_ego_attention__seed7,dgn_qmix,coord_grid,7,4295,107400,45.0,25,0.1497579166666667,5.908512969811757,72.7457914352417,627.5839593000128
dgn_complete__pair_N6_ego_attention__seed7,dgn_qmix,coord_grid,7,4296,107425,47.5,25,0.14956000000000003,5.36687297480447,108.96974182128906,627.7118553000037
dgn_complete__pair_N6_ego_attention__seed7,dgn_qmix,coord_grid,7,4297,107450,44.5,25,0.14936208333333334,4.525305807590485,86.84598859151204,627.8922360999859
dgn_complete__pair_N6_ego_attention__seed7,dgn_qmix,coord_grid,7,4298,107475,55.5,25,0.14916416666666676,5.221419657270114,47.08494154612223,627.9990002000122
dgn_complete__pair_N6_ego_attention__seed7,dgn_qmix,coord_grid,7,4299,107500,67.0,25,0.14896625000000008,4.351135005553563,51.97343953450521,628.1548082999652
dgn_complete__pair_N6_ego_attention__seed7,dgn_qmix,coord_grid,7,4300,107525,44.5,25,0.1487683333333334,5.189070782491139,83.95168277195522,628.3439253999968
dgn_complete__pair_N6_ego_attention__seed7,dgn_qmix,coord_grid,7,4301,107550,40.5,25,0.1485704166666667,3.591456726193428,35.933000246683754,628.4994317999808
dgn_complete__pair_N6_ego_attention__seed7,dgn_qmix,coord_grid,7,4302,107575,53.0,25,0.14837250000000002,8.246715227762857,28.35144869486491,628.6363297000062
dgn_complete__pair_N6_ego_attention__seed7,dgn_qmix,coord_grid,7,4303,107600,62.5,25,0.14817458333333333,3.7055089622735977,72.56885528564453,628.7716794000007
dgn_complete__pair_N6_ego_attention__seed7,dgn_qmix,coord_grid,7,4304,107625,47.0,25,0.14797666666666665,9.259304523468018,78.6877076285226,628.9493579000118
dgn_complete__pair_N6_ego_attention__seed7,dgn_qmix,coord_grid,7,4305,107650,69.0,25,0.14777875000000007,8.323667004704475,40.906758308410645,629.0637496999698
dgn_complete__pair_N6_ego_attention__seed7,dgn_qmix,coord_grid,7,4306,107675,46.5,25,0.14758083333333338,5.110410173734029,62.94980017344157,629.177854300011
dgn_complete__pair_N6_ego_attention__seed7,dgn_qmix,coord_grid,7,4307,107700,48.5,25,0.1473829166666667,6.516455411911011,166.86248016357422,629.3051833999925
dgn_complete__pair_N6_ego_attention__seed7,dgn_qmix,coord_grid,7,4308,107725,45.5,25,0.147185,6.884020030498505,129.12028312683105,629.4559119999758
dgn_complete__pair_N6_ego_attention__seed7,dgn_qmix,coord_grid,7,4309,107750,37.5,25,0.14698708333333343,4.7063100934028625,134.03931427001953,629.5507185999886
dgn_complete__pair_N6_ego_attention__seed7,dgn_qmix,coord_grid,7,4310,107775,57.0,25,0.14678916666666675,9.249519487222036,118.68470319112141,629.6812361999764
dgn_complete__pair_N6_ego_attention__seed7,dgn_qmix,coord_grid,7,4311,107800,37.0,25,0.14659124999999995,7.134333888689677,135.9586181640625,629.8109018999967
dgn_complete__pair_N6_ego_attention__seed7,dgn_qmix,coord_grid,7,4312,107825,55.5,25,0.14639333333333338,7.8411343438284735,86.35381044660296,629.9661796999862
dgn_complete__pair_N6_ego_attention__seed7,dgn_qmix,coord_grid,7,4313,107850,41.5,25,0.1461954166666667,5.961136301358541,73.92137463887532,630.1022600000142
dgn_complete__pair_N6_ego_attention__seed7,dgn_qmix,coord_grid,7,4314,107875,43.5,25,0.1459975,6.678448895613353,55.72591781616211,630.2418383999611
dgn_complete__pair_N6_ego_attention__seed7,dgn_qmix,coord_grid,7,4315,107900,48.0,25,0.14579958333333343,4.506558462977409,84.93464215596516,630.3997251999681
dgn_complete__pair_N6_ego_attention__seed7,dgn_qmix,coord_grid,7,4316,107925,48.5,25,0.14560166666666674,7.202757750238691,77.37623105730329,630.5497342000017
dgn_complete__pair_N6_ego_attention__seed7,dgn_qmix,coord_grid,7,4317,107950,56.5,25,0.14540375000000005,6.01066439350446,67.56973266601562,630.7646354999742
dgn_complete__pair_N6_ego_attention__seed7,dgn_qmix,coord_grid,7,4318,107975,61.0,25,0.14520583333333337,6.8788640548785525,91.72667757670085,630.8868496000068
dgn_complete__pair_N6_ego_attention__seed7,dgn_qmix,coord_grid,7,4319,108000,46.0,25,0.1450079166666668,9.038689215977987,74.81331825256348,631.029200799996
dgn_complete__pair_N6_ego_attention__seed7,dgn_qmix,coord_grid,7,4320,108025,58.0,25,0.14481,7.125119945832661,35.43975966317313,631.1949516999885
dgn_complete__pair_N6_ego_attention__seed7,dgn_qmix,coord_grid,7,4321,108050,68.0,25,0.1446120833333333,5.195947617292404,96.82005627950032,631.3972547999583
dgn_complete__pair_N6_ego_attention__seed7,dgn_qmix,coord_grid,7,4322,108075,53.0,25,0.14441416666666673,5.873590891559918,42.58905919392904,631.5774078000104
dgn_complete__pair_N6_ego_attention__seed7,dgn_qmix,coord_grid,7,4323,108100,60.5,25,0.14421625000000005,4.501590684056282,87.25074640909831,631.7054263000027
dgn_complete__pair_N6_ego_attention__seed7,dgn_qmix,coord_grid,7,4324,108125,52.0,25,0.14401833333333336,5.076608474765505,49.636355536324636,631.8572520999587
dgn_complete__pair_N6_ego_attention__seed7,dgn_qmix,coord_grid,7,4325,108150,59.5,25,0.14382041666666667,3.5436574518680573,58.375331242879234,632.025824100012
dgn_complete__pair_N6_ego_attention__seed7,dgn_qmix,coord_grid,7,4326,108175,55.0,25,0.1436225000000001,5.958745633562406,61.07724587122599,632.2053387999767
dgn_complete__pair_N6_ego_attention__seed7,dgn_qmix,coord_grid,7,4327,108200,59.5,25,0.1434245833333334,3.8167113661766052,109.85652256011963,632.3133892999613
dgn_complete__pair_N6_ego_attention__seed7,dgn_qmix,coord_grid,7,4328,108225,48.5,25,0.14322666666666672,8.858146939958845,117.9560317993164,632.5051208999939
dgn_complete__pair_N6_ego_attention__seed7,dgn_qmix,coord_grid,7,4329,108250,43.0,25,0.14302875000000004,4.355994393428166,59.98313617706299,632.6751181000145
dgn_complete__pair_N6_ego_attention__seed7,dgn_qmix,coord_grid,7,4330,108275,55.0,25,0.14283083333333335,6.832454979419708,93.42738660176595,632.7796430999879
dgn_complete__pair_N6_ego_attention__seed7,dgn_qmix,coord_grid,7,4331,108300,33.0,25,0.14263291666666666,5.227436572313309,75.91886456807454,632.9641775999917
dgn_complete__pair_N6_ego_attention__seed7,dgn_qmix,coord_grid,7,4332,108325,47.0,25,0.1424350000000001,5.225295820406505,84.58796119689941,633.1452095999848
dgn_complete__pair_N6_ego_attention__seed7,dgn_qmix,coord_grid,7,4333,108350,63.0,25,0.1422370833333334,7.476361970106761,83.50532150268555,633.2812135000131
dgn_complete__pair_N6_ego_attention__seed7,dgn_qmix,coord_grid,7,4334,108375,27.5,25,0.14203916666666672,5.1193675597508745,66.17538992563884,633.3934109999682
dgn_complete__pair_N6_ego_attention__seed7,dgn_qmix,coord_grid,7,4335,108400,44.5,25,0.14184125000000003,6.7603459258874254,73.14993158976237,633.5663458000054
dgn_complete__pair_N6_ego_attention__seed7,dgn_qmix,coord_grid,7,4336,108425,43.0,25,0.14164333333333345,5.833194319690977,54.46281378609793,633.7097496999777
dgn_complete__pair_N6_ego_attention__seed7,dgn_qmix,coord_grid,7,4337,108450,57.5,25,0.14144541666666666,6.674350619316101,54.542006492614746,633.8477802000125
dgn_complete__pair_N6_ego_attention__seed7,dgn_qmix,coord_grid,7,4338,108475,56.5,25,0.14124749999999997,7.503650203347206,32.77313550313314,634.0283666999894
dgn_complete__pair_N6_ego_attention__seed7,dgn_qmix,coord_grid,7,4339,108500,57.0,25,0.1410495833333334,5.860259761412938,41.72480583190918,634.2678463999764
dgn_complete__pair_N6_ego_attention__seed7,dgn_qmix,coord_grid,7,4340,108525,53.0,25,0.1408516666666667,5.8274365067481995,68.16676657540458,634.4572852000128
dgn_complete__pair_N6_ego_attention__seed7,dgn_qmix,coord_grid,7,4341,108550,23.5,25,0.14065375000000002,6.82745236158371,92.21697743733723,634.5842382999836
dgn_complete__pair_N6_ego_attention__seed7,dgn_qmix,coord_grid,7,4342,108575,46.0,25,0.14045583333333334,6.059159517288208,87.32240104675293,634.7269620999577
dgn_complete__pair_N6_ego_attention__seed7,dgn_qmix,coord_grid,7,4343,108600,46.0,25,0.14025791666666676,7.535746256510417,77.28097820281982,634.934863100003
dgn_complete__pair_N6_ego_attention__seed7,dgn_qmix,coord_grid,7,4344,108625,53.0,25,0.14006000000000007,9.974868518965584,87.22389275687081,635.1144210000057
dgn_complete__pair_N6_ego_attention__seed7,dgn_qmix,coord_grid,7,4345,108650,47.5,25,0.1398620833333334,7.457119007905324,39.40149784088135,635.2401041999692
dgn_complete__pair_N6_ego_attention__seed7,dgn_qmix,coord_grid,7,4346,108675,64.0,25,0.1396641666666667,6.708902130524318,41.10024197896322,635.3513624999905
dgn_complete__pair_N6_ego_attention__seed7,dgn_qmix,coord_grid,7,4347,108700,69.0,25,0.13946625,8.903545061747232,53.493410428365074,635.5692606999655
dgn_complete__pair_N6_ego_attention__seed7,dgn_qmix,coord_grid,7,4348,108725,37.0,25,0.13926833333333333,6.430512147290366,51.38149152483259,635.6794687999645
dgn_complete__pair_N6_ego_attention__seed7,dgn_qmix,coord_grid,7,4349,108750,30.0,25,0.13907041666666675,9.054353788495064,78.12234052022298,635.8609199000057
dgn_complete__pair_N6_ego_attention__seed7,dgn_qmix,coord_grid,7,4350,108775,49.0,25,0.13887250000000007,5.97577229142189,68.03621896107991,636.0456669999985
dgn_complete__pair_N6_ego_attention__seed7,dgn_qmix,coord_grid,7,4351,108800,40.5,25,0.13867458333333338,5.978841130932172,60.76605955759684,636.2271335999831
dgn_complete__pair_N6_ego_attention__seed7,dgn_qmix,coord_grid,7,4352,108825,30.0,25,0.1384766666666667,5.83434995157378,40.61996105739048,636.4557951999595
dgn_complete__pair_N6_ego_attention__seed7,dgn_qmix,coord_grid,7,4353,108850,55.0,25,0.13827875000000012,7.356711442271869,46.080223401387535,636.6466910999734
dgn_complete__pair_N6_ego_attention__seed7,dgn_qmix,coord_grid,7,4354,108875,56.0,25,0.13808083333333343,5.123430122931798,42.538162549336754,636.7663553999737
dgn_complete__pair_N6_ego_attention__seed7,dgn_qmix,coord_grid,7,4355,108900,46.5,25,0.13788291666666663,7.429412921269734,38.53512303034464,636.9005589999724
dgn_complete__pair_N6_ego_attention__seed7,dgn_qmix,coord_grid,7,4356,108925,53.5,25,0.13768500000000006,7.177620036261422,58.96731921604702,637.0361122000031
dgn_complete__pair_N6_ego_attention__seed7,dgn_qmix,coord_grid,7,4357,108950,29.0,25,0.13748708333333337,4.545458604892095,74.31137371063232,637.1888589999871
dgn_complete__pair_N6_ego_attention__seed7,dgn_qmix,coord_grid,7,4358,108975,58.0,25,0.13728916666666668,8.944526841243109,45.64509646097819,637.3570065000094
dgn_complete__pair_N6_ego_attention__seed7,dgn_qmix,coord_grid,7,4359,109000,35.0,25,0.13709125,5.904194191098213,40.60699494679769,637.4658344999771
dgn_complete__pair_N6_ego_attention__seed7,dgn_qmix,coord_grid,7,4360,109025,63.5,25,0.13689333333333342,7.970219514199665,61.13297544206892,637.5963769999798
dgn_complete__pair_N6_ego_attention__seed7,dgn_qmix,coord_grid,7,4361,109050,54.5,25,0.13669541666666674,9.059923728307089,34.562058448791504,637.7603118999978
dgn_complete__pair_N6_ego_attention__seed7,dgn_qmix,coord_grid,7,4362,109075,59.5,25,0.13649750000000005,5.1328189224004745,61.03309694925944,637.8806825999636
dgn_complete__pair_N6_ego_attention__seed7,dgn_qmix,coord_grid,7,4363,109100,41.5,25,0.13629958333333336,4.433812151352565,70.75452041625977,638.0205058999709
dgn_complete__pair_N6_ego_attention__seed7,dgn_qmix,coord_grid,7,4364,109125,52.0,25,0.13610166666666668,5.948808682816369,77.93007005964007,638.2199188999948
dgn_complete__pair_N6_ego_attention__seed7,dgn_qmix,coord_grid,7,4365,109150,60.5,25,0.13590375,6.7099088827768965,61.36334546407064,638.3618854999659
dgn_complete__pair_N6_ego_attention__seed7,dgn_qmix,coord_grid,7,4366,109175,30.5,25,0.1357058333333333,6.73434301217397,47.75555547078451,638.5161849000142
dgn_complete__pair_N6_ego_attention__seed7,dgn_qmix,coord_grid,7,4367,109200,34.0,25,0.13550791666666673,2.927087446053823,83.71794986724854,638.6334473000024
dgn_complete__pair_N6_ego_attention__seed7,dgn_qmix,coord_grid,7,4368,109225,64.0,25,0.13531000000000004,4.674912903990064,104.25118855067662,638.7387800000142
dgn_complete__pair_N6_ego_attention__seed7,dgn_qmix,coord_grid,7,4369,109250,49.5,25,0.13511208333333335,7.503313044706981,47.57463677724203,638.8502148999833
dgn_complete__pair_N6_ego_attention__seed7,dgn_qmix,coord_grid,7,4370,109275,30.0,25,0.13491416666666678,3.7403920789559684,70.00736490885417,638.9603533999762
dgn_complete__pair_N6_ego_attention__seed7,dgn_qmix,coord_grid,7,4371,109300,62.0,25,0.1347162500000001,6.8079007764657335,67.0273265838623,639.1025525999721
dgn_complete__pair_N6_ego_attention__seed7,dgn_qmix,coord_grid,7,4372,109325,56.0,25,0.1345183333333333,6.595518163272312,85.88627978733608,639.2779990999843
dgn_complete__pair_N6_ego_attention__seed7,dgn_qmix,coord_grid,7,4373,109350,56.0,25,0.13432041666666672,7.625714510679245,85.80429967244466,639.4470671999734
dgn_complete__pair_N6_ego_attention__seed7,dgn_qmix,coord_grid,7,4374,109375,62.5,25,0.13412250000000003,7.428578644990921,54.776522636413574,639.5940181000042
dgn_complete__pair_N6_ego_attention__seed7,dgn_qmix,coord_grid,7,4375,109400,45.5,25,0.13392458333333335,4.401953339576721,79.97284698486328,639.7295872999821
dgn_complete__pair_N6_ego_attention__seed7,dgn_qmix,coord_grid,7,4376,109425,62.5,25,0.13372666666666666,4.8060657892908365,118.32288019997733,639.8938842999632
dgn_complete__pair_N6_ego_attention__seed7,dgn_qmix,coord_grid,7,4377,109450,45.5,25,0.13352875000000008,3.291524757941564,145.3947238922119,640.052242500009
dgn_complete__pair_N6_ego_attention__seed7,dgn_qmix,coord_grid,7,4378,109475,57.5,25,0.1333308333333334,8.36099394162496,89.9109977086385,640.1989756000112
dgn_complete__pair_N6_ego_attention__seed7,dgn_qmix,coord_grid,7,4379,109500,30.0,25,0.1331329166666667,6.669100597500801,65.47464307149251,640.3077073000022
dgn_complete__pair_N6_ego_attention__seed7,dgn_qmix,coord_grid,7,4380,109525,45.5,25,0.13293500000000014,7.884202599525452,85.1592788696289,640.449263699993
dgn_complete__pair_N6_ego_attention__seed7,dgn_qmix,coord_grid,7,4381,109550,48.0,25,0.13273708333333334,5.828999161720276,55.424675623575844,640.5623181000119
dgn_complete__pair_N6_ego_attention__seed7,dgn_qmix,coord_grid,7,4382,109575,59.0,25,0.13253916666666665,9.085675954818726,78.93331940968831,640.6904373999569
dgn_complete__pair_N6_ego_attention__seed7,dgn_qmix,coord_grid,7,4383,109600,58.0,25,0.13234124999999997,5.029660239815712,55.941420555114746,640.8109764999826
dgn_complete__pair_N6_ego_attention__seed7,dgn_qmix,coord_grid,7,4384,109625,60.5,25,0.1321433333333334,9.042662871735436,52.18706294468471,640.9611364000011
dgn_complete__pair_N6_ego_attention__seed7,dgn_qmix,coord_grid,7,4385,109650,56.0,25,0.1319454166666667,6.051590472459793,76.8289794921875,641.0743673999677
dgn_complete__pair_N6_ego_attention__seed7,dgn_qmix,coord_grid,7,4386,109675,48.0,25,0.13174750000000002,7.144366979598999,143.79824574788412,641.2303578999708
dgn_complete__pair_N6_ego_attention__seed7,dgn_qmix,coord_grid,7,4387,109700,46.0,25,0.13154958333333344,9.784068822860718,43.99045658111572,641.4036940999795
dgn_complete__pair_N6_ego_attention__seed7,dgn_qmix,coord_grid,7,4388,109725,30.5,25,0.13135166666666676,8.448763413088662,55.18268830435617,641.5755725000054
dgn_complete__pair_N6_ego_attention__seed7,dgn_qmix,coord_grid,7,4389,109750,34.0,25,0.13115375000000007,6.696735084056854,55.29245408376058,641.6988763000118
dgn_complete__pair_N6_ego_attention__seed7,dgn_qmix,coord_grid,7,4390,109775,38.5,25,0.13095583333333338,7.579721674323082,74.53776423136394,641.8596674999571
dgn_complete__pair_N6_ego_attention__seed7,dgn_qmix,coord_grid,7,4391,109800,45.0,25,0.1307579166666667,10.452935536702475,46.01810169219971,641.9669325000141
dgn_complete__pair_N6_ego_attention__seed7,dgn_qmix,coord_grid,7,4392,109825,52.0,25,0.13056,6.024951943329403,113.15689195905414,642.1272221999825
dgn_complete__pair_N6_ego_attention__seed7,dgn_qmix,coord_grid,7,4393,109850,76.5,25,0.13036208333333332,6.960897763570149,119.65729904174805,642.2424355999683
dgn_complete__pair_N6_ego_attention__seed7,dgn_qmix,coord_grid,7,4394,109875,48.0,25,0.13016416666666675,8.23990715543429,63.260104179382324,642.392735100002
dgn_complete__pair_N6_ego_attention__seed7,dgn_qmix,coord_grid,7,4395,109900,67.5,25,0.12996625000000006,6.651508977015813,67.50661436716716,642.5326294999686
dgn_complete__pair_N6_ego_attention__seed7,dgn_qmix,coord_grid,7,4396,109925,82.5,25,0.12976833333333337,9.796680586678642,43.11366939544678,642.6865939999698
dgn_complete__pair_N6_ego_attention__seed7,dgn_qmix,coord_grid,7,4397,109950,40.5,25,0.1295704166666668,6.812626600265503,85.23368867238362,642.8261594999931
dgn_complete__pair_N6_ego_attention__seed7,dgn_qmix,coord_grid,7,4398,109975,67.5,25,0.1293725,5.988316377003987,91.55784130096436,643.0162876999821
dgn_complete__pair_N6_ego_attention__seed7,dgn_qmix,coord_grid,7,4399,110000,47.5,25,0.12917458333333331,3.7077570855617523,94.98946189880371,643.1859869000036
dgn_complete__pair_N6_ego_attention__seed7,dgn_qmix,coord_grid,7,4400,110025,56.5,25,0.12897666666666663,5.136256230728967,69.9228572845459,643.3467502999702
dgn_complete__pair_N6_ego_attention__seed7,dgn_qmix,coord_grid,7,4401,110050,49.0,25,0.12877875000000005,5.854410032431285,49.463541666666664,643.4746253999765
dgn_complete__pair_N6_ego_attention__seed7,dgn_qmix,coord_grid,7,4402,110075,42.0,25,0.12858083333333337,5.8957180082798,65.38004048665364,643.5993010000093
dgn_complete__pair_N6_ego_attention__seed7,dgn_qmix,coord_grid,7,4403,110100,52.5,25,0.12838291666666668,8.97343397140503,76.67336908976237,643.759740999958
dgn_complete__pair_N6_ego_attention__seed7,dgn_qmix,coord_grid,7,4404,110125,67.0,25,0.1281850000000001,5.177465519734791,73.97711399623326,643.9508935000049
dgn_complete__pair_N6_ego_attention__seed7,dgn_qmix,coord_grid,7,4405,110150,47.5,25,0.12798708333333342,6.744653473297755,69.67303784688313,644.1324286999879
dgn_complete__pair_N6_ego_attention__seed7,dgn_qmix,coord_grid,7,4406,110175,53.0,25,0.12778916666666673,5.894146611293157,56.698281606038414,644.2668276999611
dgn_complete__pair_N6_ego_attention__seed7,dgn_qmix,coord_grid,7,4407,110200,62.5,25,0.12759125000000004,9.20812197526296,99.20992088317871,644.3950913999579
dgn_complete__pair_N6_ego_attention__seed7,dgn_qmix,coord_grid,7,4408,110225,46.0,25,0.12739333333333336,2.4802944234439304,81.12994166782924,644.5643533999682
dgn_complete__pair_N6_ego_attention__seed7,dgn_qmix,coord_grid,7,4409,110250,27.0,25,0.12719541666666667,7.5261062781016035,60.59176095326742,644.7393505999935
dgn_complete__pair_N6_ego_attention__seed7,dgn_qmix,coord_grid,7,4410,110275,52.5,25,0.12699749999999999,3.5869301706552505,59.747005462646484,644.9089445999707
dgn_complete__pair_N6_ego_attention__seed7,dgn_qmix,coord_grid,7,4411,110300,46.5,25,0.1267995833333334,6.355030387639999,117.12006187438965,645.0734147999901
dgn_complete__pair_N6_ego_attention__seed7,dgn_qmix,coord_grid,7,4412,110325,53.0,25,0.12660166666666672,8.27625606741224,123.43581063406808,645.2533835999784
dgn_complete__pair_N6_ego_attention__seed7,dgn_qmix,coord_grid,7,4413,110350,31.0,25,0.12640375000000004,10.122792373100916,112.26238695780437,645.3643676000065
dgn_complete__pair_N6_ego_attention__seed7,dgn_qmix,coord_grid,7,4414,110375,46.5,25,0.12620583333333346,6.797430296738942,76.6326109568278,645.5878949000034
dgn_complete__pair_N6_ego_attention__seed7,dgn_qmix,coord_grid,7,4415,110400,52.5,25,0.12600791666666677,7.425348937511444,57.916812896728516,645.7308977000066
dgn_complete__pair_N6_ego_attention__seed7,dgn_qmix,coord_grid,7,4416,110425,42.5,25,0.12580999999999998,7.144696380410876,77.32522283281598,645.912208499969
dgn_complete__pair_N6_ego_attention__seed7,dgn_qmix,coord_grid,7,4417,110450,62.0,25,0.1256120833333333,12.115437428156534,73.68018404642741,646.0427402000059
dgn_complete__pair_N6_ego_attention__seed7,dgn_qmix,coord_grid,7,4418,110475,60.5,25,0.12541416666666672,4.487589756647746,84.50838057200114,646.1544653999736
dgn_complete__pair_N6_ego_attention__seed7,dgn_qmix,coord_grid,7,4419,110500,50.5,25,0.12521625000000003,3.5570852210124335,93.06198755900066,646.2950487000053
dgn_complete__pair_N6_ego_attention__seed7,dgn_qmix,coord_grid,7,4420,110525,51.5,25,0.12501833333333334,5.808815568685532,69.3953377859933,646.4702020999976
dgn_complete__pair_N6_ego_attention__seed7,dgn_qmix,coord_grid,7,4421,110550,51.5,25,0.12482041666666677,8.589341948429743,121.24470138549805,646.613469599979
dgn_complete__pair_N6_ego_attention__seed7,dgn_qmix,coord_grid,7,4422,110575,49.5,25,0.12462250000000008,4.050413906574249,124.34461466471355,646.743867799989
dgn_complete__pair_N6_ego_attention__seed7,dgn_qmix,coord_grid,7,4423,110600,44.5,25,0.1244245833333334,3.1475453972816467,124.87445863087972,646.8843756999704
dgn_complete__pair_N6_ego_attention__seed7,dgn_qmix,coord_grid,7,4424,110625,45.0,25,0.12422666666666671,3.937301222767149,110.17692511422294,647.0183687999961
dgn_complete__pair_N6_ego_attention__seed7,dgn_qmix,coord_grid,7,4425,110650,41.0,25,0.12402875000000002,6.718247190117836,81.54451370239258,647.1262886999757
dgn_complete__pair_N6_ego_attention__seed7,dgn_qmix,coord_grid,7,4426,110675,49.5,25,0.12383083333333333,8.93674299120903,60.38581403096517,647.2448552999995
dgn_complete__pair_N6_ego_attention__seed7,dgn_qmix,coord_grid,7,4427,110700,54.0,25,0.12363291666666665,7.432300418615341,55.43279425303141,647.3675034999615
dgn_complete__pair_N6_ego_attention__seed7,dgn_qmix,coord_grid,7,4428,110725,77.0,25,0.12343500000000007,5.714146584272385,39.57739421299526,647.5687039999757
dgn_complete__pair_N6_ego_attention__seed7,dgn_qmix,coord_grid,7,4429,110750,48.5,25,0.12323708333333339,8.254595657189688,40.27751954396566,647.7082349999691
dgn_complete__pair_N6_ego_attention__seed7,dgn_qmix,coord_grid,7,4430,110775,47.0,25,0.1230391666666667,9.737591395775476,47.72855885823568,647.8599665999645
dgn_complete__pair_N6_ego_attention__seed7,dgn_qmix,coord_grid,7,4431,110800,41.0,25,0.12284125000000012,3.568452705939611,43.06150595347086,648.037671099999
dgn_complete__pair_N6_ego_attention__seed7,dgn_qmix,coord_grid,7,4432,110825,44.0,25,0.12264333333333344,5.841400559459414,85.40850094386509,648.1702847999986
dgn_complete__pair_N6_ego_attention__seed7,dgn_qmix,coord_grid,7,4433,110850,49.0,25,0.12244541666666664,7.6840895016988116,88.99958610534668,648.3504027999588
dgn_complete__pair_N6_ego_attention__seed7,dgn_qmix,coord_grid,7,4434,110875,53.0,25,0.12224749999999995,8.197563747564951,66.27673149108887,648.4720389999566
dgn_complete__pair_N6_ego_attention__seed7,dgn_qmix,coord_grid,7,4435,110900,41.0,25,0.12204958333333338,4.410522525509198,68.1050287882487,648.6077971999766
dgn_complete__pair_N6_ego_attention__seed7,dgn_qmix,coord_grid,7,4436,110925,47.5,25,0.12185166666666669,7.157948902675083,37.6733888898577,648.7579263999942
dgn_complete__pair_N6_ego_attention__seed7,dgn_qmix,coord_grid,7,4437,110950,48.0,25,0.12165375,7.38135538995266,37.94112126032511,648.9342061000061
dgn_complete__pair_N6_ego_attention__seed7,dgn_qmix,coord_grid,7,4438,110975,40.5,25,0.12145583333333343,9.813303778568903,47.86652660369873,649.0703741000034
dgn_complete__pair_N6_ego_attention__seed7,dgn_qmix,coord_grid,7,4439,111000,96.5,25,0.12125791666666674,8.977844129006067,48.38690439860026,649.2039105999866
dgn_complete__pair_N6_ego_attention__seed7,dgn_qmix,coord_grid,7,4440,111025,63.0,25,0.12106000000000006,4.4917895538466315,64.23762675694057,649.381831799983
dgn_complete__pair_N6_ego_attention__seed7,dgn_qmix,coord_grid,7,4441,111050,64.0,25,0.12086208333333337,10.758358125885328,88.00648244222005,649.4762006999808
dgn_complete__pair_N6_ego_attention__seed7,dgn_qmix,coord_grid,7,4442,111075,60.5,25,0.12066416666666668,8.300024976332983,66.40011882781982,649.6002822999726
dgn_complete__pair_N6_ego_attention__seed7,dgn_qmix,coord_grid,7,4443,111100,52.5,25,0.12046625,6.006433695554733,45.183475494384766,649.7765562999994
dgn_complete__pair_N6_ego_attention__seed7,dgn_qmix,coord_grid,7,4444,111125,61.5,25,0.12026833333333331,7.055672628538949,35.798968178885325,649.9350131999818
dgn_complete__pair_N6_ego_attention__seed7,dgn_qmix,coord_grid,7,4445,111150,61.0,25,0.12007041666666673,5.92286479473114,76.9924503962199,650.0889246999868
dgn_complete__pair_N6_ego_attention__seed7,dgn_qmix,coord_grid,7,4446,111175,49.5,25,0.11987250000000005,5.935903946558635,60.119768142700195,650.2221053999965
dgn_complete__pair_N6_ego_attention__seed7,dgn_qmix,coord_grid,7,4447,111200,48.5,25,0.11967458333333336,4.349697917699814,56.19203758239746,650.3882435999694
dgn_complete__pair_N6_ego_attention__seed7,dgn_qmix,coord_grid,7,4448,111225,52.0,25,0.11947666666666679,8.037069933755058,99.75974491664341,650.5653936999734
dgn_complete__pair_N6_ego_attention__seed7,dgn_qmix,coord_grid,7,4449,111250,53.0,25,0.1192787500000001,6.021330952644348,86.9895528157552,650.697618199978
dgn_complete__pair_N6_ego_attention__seed7,dgn_qmix,coord_grid,7,4450,111275,43.0,25,0.11908083333333341,6.758350228269895,79.66372998555501,650.8347983999993
dgn_complete__pair_N6_ego_attention__seed7,dgn_qmix,coord_grid,7,4451,111300,29.0,25,0.11888291666666662,5.148328532775243,61.93480936686198,650.9477381999604
dgn_complete__pair_N6_ego_attention__seed7,dgn_qmix,coord_grid,7,4452,111325,57.0,25,0.11868500000000004,7.113461494445801,50.91109112330845,651.1279578999965
dgn_complete__pair_N6_ego_attention__seed7,dgn_qmix,coord_grid,7,4453,111350,45.0,25,0.11848708333333335,11.335157712300619,50.52604325612386,651.2458093999885
dgn_complete__pair_N6_ego_attention__seed7,dgn_qmix,coord_grid,7,4454,111375,37.5,25,0.11828916666666667,5.007797524333,68.86351172129314,651.3696187000023
dgn_complete__pair_N6_ego_attention__seed7,dgn_qmix,coord_grid,7,4455,111400,38.5,25,0.11809125000000009,9.107087055842081,59.59048271179199,651.5128952999949
dgn_complete__pair_N6_ego_attention__seed7,dgn_qmix,coord_grid,7,4456,111425,66.0,25,0.1178933333333334,7.543756195477077,128.86585944039481,651.6320061999722
dgn_complete__pair_N6_ego_attention__seed7,dgn_qmix,coord_grid,7,4457,111450,55.5,25,0.11769541666666672,8.736330350240072,130.35723431905112,651.7768118999666
dgn_complete__pair_N6_ego_attention__seed7,dgn_qmix,coord_grid,7,4458,111475,59.5,25,0.11749750000000003,8.341948588689169,83.63825670878093,652.0345896999934
dgn_complete__pair_N6_ego_attention__seed7,dgn_qmix,coord_grid,7,4459,111500,72.5,25,0.11729958333333335,6.948797245820363,129.22653420766196,652.1953918999643
dgn_complete__pair_N6_ego_attention__seed7,dgn_qmix,coord_grid,7,4460,111525,55.5,25,0.11710166666666666,8.046420114380973,92.46310697283063,652.3478312999941
dgn_complete__pair_N6_ego_attention__seed7,dgn_qmix,coord_grid,7,4461,111550,50.0,25,0.11690374999999997,6.019062037269275,94.67827606201172,652.4889209999819
dgn_complete__pair_N6_ego_attention__seed7,dgn_qmix,coord_grid,7,4462,111575,36.5,25,0.1167058333333334,13.225688298543295,105.34242248535156,652.7210487999837
dgn_complete__pair_N6_ego_attention__seed7,dgn_qmix,coord_grid,7,4463,111600,54.5,25,0.11650791666666671,6.985754917065303,84.11693318684895,652.9038676999626
dgn_complete__pair_N6_ego_attention__seed7,dgn_qmix,coord_grid,7,4464,111625,66.0,25,0.11631000000000002,9.552100445543017,101.78609684535435,653.0267904999782
dgn_complete__pair_N6_ego_attention__seed7,dgn_qmix,coord_grid,7,4465,111650,65.5,25,0.11611208333333345,7.013472427924474,116.20382118225098,653.1890266999835
dgn_complete__pair_N6_ego_attention__seed7,dgn_qmix,coord_grid,7,4466,111675,75.0,25,0.11591416666666676,6.7645101348559065,87.84501202901204,653.3136782000074
dgn_complete__pair_N6_ego_attention__seed7,dgn_qmix,coord_grid,7,4467,111700,14.0,25,0.11571625000000008,8.38157225648562,80.74898306528728,653.4605025000055
dgn_complete__pair_N6_ego_attention__seed7,dgn_qmix,coord_grid,7,4468,111725,67.5,25,0.11551833333333328,4.530184694698879,85.80972126552037,653.5989394999924
dgn_complete__pair_N6_ego_attention__seed7,dgn_qmix,coord_grid,7,4469,111750,59.0,25,0.1153204166666667,4.305197387933731,54.05379311243693,653.7529403999797
dgn_complete__pair_N6_ego_attention__seed7,dgn_qmix,coord_grid,7,4470,111775,53.0,25,0.11512250000000002,5.885259459416072,91.66355005900066,653.9014708999894
dgn_complete__pair_N6_ego_attention__seed7,dgn_qmix,coord_grid,7,4471,111800,70.0,25,0.11492458333333333,3.6045460601647696,84.42254257202148,654.0672497999622
dgn_complete__pair_N6_ego_attention__seed7,dgn_qmix,coord_grid,7,4472,111825,49.0,25,0.11472666666666675,8.59830177468913,58.366239820207866,654.2068544999929
dgn_complete__pair_N6_ego_attention__seed7,dgn_qmix,coord_grid,7,4473,111850,39.5,25,0.11452875000000007,5.297700886925061,71.42170302073161,654.3323698999593
dgn_complete__pair_N6_ego_attention__seed7,dgn_qmix,coord_grid,7,4474,111875,48.5,25,0.11433083333333338,6.655536542336146,59.40022404988607,654.4729915999924
dgn_complete__pair_N6_ego_attention__seed7,dgn_qmix,coord_grid,7,4475,111900,51.0,25,0.1141329166666667,5.777342776457469,47.232407569885254,654.6257484999951
dgn_complete__pair_N6_ego_attention__seed7,dgn_qmix,coord_grid,7,4476,111925,65.0,25,0.11393500000000012,6.415367075375149,40.10219819205148,654.7495766999782
dgn_complete__pair_N6_ego_attention__seed7,dgn_qmix,coord_grid,7,4477,111950,57.5,25,0.11373708333333332,4.220951308806737,42.06899452209473,654.8874469999573
dgn_complete__pair_N6_ego_attention__seed7,dgn_qmix,coord_grid,7,4478,111975,75.5,25,0.11353916666666664,5.841532200574875,30.8128023147583,655.001457699982
dgn_complete__pair_N6_ego_attention__seed7,dgn_qmix,coord_grid,7,4479,112000,42.5,25,0.11334125000000006,5.961988121271133,34.6131067276001,655.1394615999889
dgn_complete__pair_N6_ego_attention__seed7,dgn_qmix,coord_grid,7,4480,112025,62.0,25,0.11314333333333337,7.903390066964286,68.89163344247001,655.3102095999639
dgn_complete__pair_N6_ego_attention__seed7,dgn_qmix,coord_grid,7,4481,112050,50.0,25,0.11294541666666669,5.372097472349803,83.90199534098308,655.4789649999584
dgn_complete__pair_N6_ego_attention__seed7,dgn_qmix,coord_grid,7,4482,112075,45.0,25,0.11274750000000011,7.430691798528035,52.311967531840004,655.6281628999859
dgn_complete__pair_N6_ego_attention__seed7,dgn_qmix,coord_grid,7,4483,112100,57.5,25,0.11254958333333343,5.185664261380832,70.10733127593994,655.7459748999681
dgn_complete__pair_N6_ego_attention__seed7,dgn_qmix,coord_grid,7,4484,112125,55.5,25,0.11235166666666674,4.619147368839809,77.88295800345284,655.9105222999933
dgn_complete__pair_N6_ego_attention__seed7,dgn_qmix,coord_grid,7,4485,112150,38.5,25,0.11215375000000005,11.426852305730185,66.29148133595784,656.0527910999954
dgn_complete__pair_N6_ego_attention__seed7,dgn_qmix,coord_grid,7,4486,112175,31.5,25,0.11195583333333337,5.014251301685969,53.803135553995766,656.1953883999959
dgn_complete__pair_N6_ego_attention__seed7,dgn_qmix,coord_grid,7,4487,112200,57.5,25,0.11175791666666668,6.769929647445679,70.35524686177571,656.3216402999824
dgn_complete__pair_N6_ego_attention__seed7,dgn_qmix,coord_grid,7,4488,112225,73.0,25,0.11155999999999999,7.430376482861383,98.80056599208287,656.4493279999588
dgn_complete__pair_N6_ego_attention__seed7,dgn_qmix,coord_grid,7,4489,112250,23.5,25,0.11136208333333342,9.244446992874146,91.23639551798503,656.6003578999662
dgn_complete__pair_N6_ego_attention__seed7,dgn_qmix,coord_grid,7,4490,112275,47.0,25,0.11116416666666673,4.602316836516063,115.87210337320964,656.7497162999935
dgn_complete__pair_N6_ego_attention__seed7,dgn_qmix,coord_grid,7,4491,112300,49.5,25,0.11096625000000004,5.067281136910121,31.95431391398112,656.9334160999861
dgn_complete__pair_N6_ego_attention__seed7,dgn_qmix,coord_grid,7,4492,112325,49.0,25,0.11076833333333336,7.825780621596745,60.69444329398019,657.0858573999722
dgn_complete__pair_N6_ego_attention__seed7,dgn_qmix,coord_grid,7,4493,112350,59.0,25,0.11057041666666678,9.861419330040613,41.691610972086586,657.1920930999913
dgn_complete__pair_N6_ego_attention__seed7,dgn_qmix,coord_grid,7,4494,112375,43.0,25,0.11037249999999998,8.966234683990479,39.61656888326009,657.3217193000019
dgn_complete__pair_N6_ego_attention__seed7,dgn_qmix,coord_grid,7,4495,112400,39.5,25,0.1101745833333333,5.204018106063207,58.607255617777504,657.4492210999597
dgn_complete__pair_N6_ego_attention__seed7,dgn_qmix,coord_grid,7,4496,112425,46.5,25,0.10997666666666672,10.471885408673968,54.29803139822824,657.5720835999819
dgn_complete__pair_N6_ego_attention__seed7,dgn_qmix,coord_grid,7,4497,112450,50.5,25,0.10977875000000004,5.128746226429939,37.78236103057861,657.7595297999796
dgn_complete__pair_N6_ego_attention__seed7,dgn_qmix,coord_grid,7,4498,112475,37.5,25,0.10958083333333335,8.432973424593607,45.54603226979574,657.906858399976
dgn_complete__pair_N6_ego_attention__seed7,dgn_qmix,coord_grid,7,4499,112500,44.5,25,0.10938291666666677,6.051742076873779,88.76142438252766,658.0715217000106
dgn_complete__pair_N6_ego_attention__seed7,dgn_qmix,coord_grid,7,4500,112525,27.5,25,0.10918500000000009,3.813808334725244,68.1546688079834,658.2424989999854
dgn_complete__pair_N6_ego_attention__seed7,dgn_qmix,coord_grid,7,4501,112550,55.0,25,0.1089870833333334,7.425952672958374,49.2571595509847,658.3702038999763
dgn_complete__pair_N6_ego_attention__seed7,dgn_qmix,coord_grid,7,4502,112575,52.5,25,0.10878916666666671,5.126671840747197,33.48656177520752,658.5008570000064
dgn_complete__pair_N6_ego_attention__seed7,dgn_qmix,coord_grid,7,4503,112600,52.0,25,0.10859125000000003,8.219864134987196,46.776091893514,658.6269716999959
dgn_complete__pair_N6_ego_attention__seed7,dgn_qmix,coord_grid,7,4504,112625,39.5,25,0.10839333333333334,8.67383405140468,80.53496878487724,658.7600355999894
dgn_complete__pair_N6_ego_attention__seed7,dgn_qmix,coord_grid,7,4505,112650,37.0,25,0.10819541666666666,8.291072855393091,53.54264227549235,658.8832716000034
dgn_complete__pair_N6_ego_attention__seed7,dgn_qmix,coord_grid,7,4506,112675,55.5,25,0.10799750000000008,6.079194754362106,83.83399454752605,659.0109345999663
dgn_complete__pair_N6_ego_attention__seed7,dgn_qmix,coord_grid,7,4507,112700,58.5,25,0.10779958333333339,3.768851399421692,115.41440773010254,659.1240850999602
dgn_complete__pair_N6_ego_attention__seed7,dgn_qmix,coord_grid,7,4508,112725,35.0,25,0.1076016666666667,3.440525242260524,119.89996092660087,659.277648599993
dgn_complete__pair_N6_ego_attention__seed7,dgn_qmix,coord_grid,7,4509,112750,42.0,25,0.10740375000000002,3.683197389046351,76.25436464945476,659.3807264000061
dgn_complete__pair_N6_ego_attention__seed7,dgn_qmix,coord_grid,7,4510,112775,51.0,25,0.10720583333333344,4.2885362307230634,62.297496477762856,659.514747899957
dgn_complete__pair_N6_ego_attention__seed7,dgn_qmix,coord_grid,7,4511,112800,39.5,25,0.10700791666666676,7.367330566048622,42.52516142527262,659.6422924000071
dgn_complete__pair_N6_ego_attention__seed7,dgn_qmix,coord_grid,7,4512,112825,41.0,25,0.10680999999999996,7.77797287276813,32.32788821629116,659.7788137999596
dgn_complete__pair_N6_ego_attention__seed7,dgn_qmix,coord_grid,7,4513,112850,44.5,25,0.10661208333333339,3.6530395249525704,68.30264409383138,659.8690246999613
dgn_complete__pair_N6_ego_attention__seed7,dgn_qmix,coord_grid,7,4514,112875,69.5,25,0.1064141666666667,6.79586402575175,75.75298182169597,659.9939213999896
dgn_complete__pair_N6_ego_attention__seed7,dgn_qmix,coord_grid,7,4515,112900,57.0,25,0.10621625000000001,3.6906240582466125,79.93695942560832,660.1425600000075
dgn_complete__pair_N6_ego_attention__seed7,dgn_qmix,coord_grid,7,4516,112925,45.0,25,0.10601833333333333,9.407361473355975,109.34832654680524,660.3249888999853
dgn_complete__pair_N6_ego_attention__seed7,dgn_qmix,coord_grid,7,4517,112950,58.5,25,0.10582041666666675,6.075828313827515,113.56204096476237,660.4488350999891
dgn_complete__pair_N6_ego_attention__seed7,dgn_qmix,coord_grid,7,4518,112975,55.5,25,0.10562250000000006,9.15559067328771,60.12135537465414,660.5983308999566
dgn_complete__pair_N6_ego_attention__seed7,dgn_qmix,coord_grid,7,4519,113000,29.5,25,0.10542458333333338,5.45290261010329,101.81721210479736,660.7286039000028
dgn_complete__pair_N6_ego_attention__seed7,dgn_qmix,coord_grid,7,4520,113025,69.0,25,0.10522666666666669,4.575241156986782,90.49107006617955,660.8722247999976
dgn_complete__pair_N6_ego_attention__seed7,dgn_qmix,coord_grid,7,4521,113050,75.5,25,0.10502875,2.8527319530646005,60.14359219868978,660.9893588999985
dgn_complete__pair_N6_ego_attention__seed7,dgn_qmix,coord_grid,7,4522,113075,58.5,25,0.10483083333333332,4.631839628020923,97.23144276936848,661.1234177000006
dgn_complete__pair_N6_ego_attention__seed7,dgn_qmix,coord_grid,7,4523,113100,32.5,25,0.10463291666666674,4.464661816755931,82.33952395121257,661.2147075000103
dgn_complete__pair_N6_ego_attention__seed7,dgn_qmix,coord_grid,7,4524,113125,47.5,25,0.10443500000000006,6.6304066223757605,58.01731082371303,661.3317961000139
dgn_complete__pair_N6_ego_attention__seed7,dgn_qmix,coord_grid,7,4525,113150,63.0,25,0.10423708333333337,6.913656910260518,91.83011690775554,661.4607923000003
dgn_complete__pair_N6_ego_attention__seed7,dgn_qmix,coord_grid,7,4526,113175,29.5,25,0.10403916666666668,4.530947094162305,87.86772696177165,661.6085545999813
dgn_complete__pair_N6_ego_attention__seed7,dgn_qmix,coord_grid,7,4527,113200,44.5,25,0.10384125000000011,6.747847179571788,56.7021287282308,661.718768599967
dgn_complete__pair_N6_ego_attention__seed7,dgn_qmix,coord_grid,7,4528,113225,43.5,25,0.10364333333333342,8.927547122750964,105.30899156842914,661.8618954999838
dgn_complete__pair_N6_ego_attention__seed7,dgn_qmix,coord_grid,7,4529,113250,40.5,25,0.10344541666666662,7.885634571313858,122.01586214701335,661.9670744999894
dgn_complete__pair_N6_ego_attention__seed7,dgn_qmix,coord_grid,7,4530,113275,55.5,25,0.10324750000000005,4.640103335181872,96.05705070495605,662.1080100999679
dgn_complete__pair_N6_ego_attention__seed7,dgn_qmix,coord_grid,7,4531,113300,51.0,25,0.10304958333333336,4.355144441127777,50.81684875488281,662.2158299000002
dgn_complete__pair_N6_ego_attention__seed7,dgn_qmix,coord_grid,7,4532,113325,47.0,25,0.10285166666666667,8.717730454036168,78.07996804373605,662.3570852999692
dgn_complete__pair_N6_ego_attention__seed7,dgn_qmix,coord_grid,7,4533,113350,42.0,25,0.10265374999999999,5.290727709730466,83.3072493871053,662.4577931999811
dgn_complete__pair_N6_ego_attention__seed7,dgn_qmix,coord_grid,7,4534,113375,50.0,25,0.10245583333333341,5.189942305286725,41.55358552932739,662.6087987999781
dgn_complete__pair_N6_ego_attention__seed7,dgn_qmix,coord_grid,7,4535,113400,47.0,25,0.10225791666666673,3.58662482102712,49.355490843454994,662.743028500001
dgn_complete__pair_N6_ego_attention__seed7,dgn_qmix,coord_grid,7,4536,113425,53.0,25,0.10206000000000004,6.654406104769025,92.32619040352958,662.8797388999956
dgn_complete__pair_N6_ego_attention__seed7,dgn_qmix,coord_grid,7,4537,113450,56.0,25,0.10186208333333346,7.736817459265391,87.17569224039714,663.0211131999968
dgn_complete__pair_N6_ego_attention__seed7,dgn_qmix,coord_grid,7,4538,113475,70.0,25,0.10166416666666667,7.628782778978348,65.03463252385457,663.1857657000073
dgn_complete__pair_N6_ego_attention__seed7,dgn_qmix,coord_grid,7,4539,113500,76.0,25,0.10146624999999998,9.377315998077393,91.20909818013509,663.3300926999655
dgn_complete__pair_N6_ego_attention__seed7,dgn_qmix,coord_grid,7,4540,113525,69.0,25,0.1012683333333334,8.864926947014672,123.02838134765625,663.4736540999729
dgn_complete__pair_N6_ego_attention__seed7,dgn_qmix,coord_grid,7,4541,113550,39.0,25,0.10107041666666672,8.016600420077642,116.27522150675456,663.6072532999679
dgn_complete__pair_N6_ego_attention__seed7,dgn_qmix,coord_grid,7,4542,113575,38.5,25,0.10087250000000003,2.933657775322596,91.06213061014812,663.7244237000123
dgn_complete__pair_N6_ego_attention__seed7,dgn_qmix,coord_grid,7,4543,113600,61.0,25,0.10067458333333335,6.837553431590398,65.88842391967773,663.845474199974
dgn_complete__pair_N6_ego_attention__seed7,dgn_qmix,coord_grid,7,4544,113625,49.5,25,0.10047666666666677,4.509781309536526,59.291021074567524,664.0041047999985
dgn_complete__pair_N6_ego_attention__seed7,dgn_qmix,coord_grid,7,4545,113650,50.0,25,0.10027875000000008,7.643962472677231,75.85972213745117,664.1134805000038
dgn_complete__pair_N6_ego_attention__seed7,dgn_qmix,coord_grid,7,4546,113675,62.0,25,0.1000808333333334,5.216363559166591,87.58343442281087,664.2399795000092
dgn_complete__pair_N6_ego_attention__seed7,dgn_qmix,coord_grid,7,4547,113700,63.5,25,0.09988291666666671,5.227464656035106,72.95791149139404,664.374452399963
dgn_complete__pair_N6_ego_attention__seed7,dgn_qmix,coord_grid,7,4548,113725,44.5,25,0.09968500000000002,4.629707298108509,78.0403390611921,664.5220596999861
dgn_complete__pair_N6_ego_attention__seed7,dgn_qmix,coord_grid,7,4549,113750,49.5,25,0.09948708333333334,5.887788285811742,42.74710957209269,664.6469944000128
dgn_complete__pair_N6_ego_attention__seed7,dgn_qmix,coord_grid,7,4550,113775,51.5,25,0.09928916666666665,4.371849636236827,30.32950560251872,664.771800699993
dgn_complete__pair_N6_ego_attention__seed7,dgn_qmix,coord_grid,7,4551,113800,49.5,25,0.09909125000000008,9.147305965423584,57.61829630533854,664.9030291999807
dgn_complete__pair_N6_ego_attention__seed7,dgn_qmix,coord_grid,7,4552,113825,51.5,25,0.09889333333333339,7.365403481892177,87.9838502066476,665.0207172000082
dgn_complete__pair_N6_ego_attention__seed7,dgn_qmix,coord_grid,7,4553,113850,52.0,25,0.0986954166666667,9.176942179600397,86.06876055399577,665.1627866000053
dgn_complete__pair_N6_ego_attention__seed7,dgn_qmix,coord_grid,7,4554,113875,63.5,25,0.09849750000000013,6.804174001018207,58.729552268981934,665.3016164999572
dgn_complete__pair_N6_ego_attention__seed7,dgn_qmix,coord_grid,7,4555,113900,47.5,25,0.09829958333333333,6.12645689646403,93.31251462300618,665.4329627999687
dgn_complete__pair_N6_ego_attention__seed7,dgn_qmix,coord_grid,7,4556,113925,45.0,25,0.09810166666666664,10.030987398965019,68.70822960989815,665.5584555999958
dgn_complete__pair_N6_ego_attention__seed7,dgn_qmix,coord_grid,7,4557,113950,69.5,25,0.09790375000000007,6.210593620936076,111.67604955037434,665.7835497999913
dgn_complete__pair_N6_ego_attention__seed7,dgn_qmix,coord_grid,7,4558,113975,52.0,25,0.09770583333333338,7.018506904443105,104.010986328125,665.9190055999788
dgn_complete__pair_N6_ego_attention__seed7,dgn_qmix,coord_grid,7,4559,114000,38.5,25,0.0975079166666667,7.708207925160726,93.20403639475505,666.0651883999817
dgn_complete__pair_N6_ego_attention__seed7,dgn_qmix,coord_grid,7,4560,114025,65.0,25,0.09731000000000001,7.90328762786729,61.99408040727888,666.2280685000005
dgn_complete__pair_N6_ego_attention__seed7,dgn_qmix,coord_grid,7,4561,114050,35.5,25,0.09711208333333343,1.9690936704476674,43.09277534484863,666.36835840001
dgn_complete__pair_N6_ego_attention__seed7,dgn_qmix,coord_grid,7,4562,114075,61.5,25,0.09691416666666675,5.180769264698029,55.60463778177897,666.5041956999921
dgn_complete__pair_N6_ego_attention__seed7,dgn_qmix,coord_grid,7,4563,114100,72.0,25,0.09671625000000006,6.234009921550751,62.646846771240234,666.6517680999823
dgn_complete__pair_N6_ego_attention__seed7,dgn_qmix,coord_grid,7,4564,114125,57.5,25,0.09651833333333337,9.090290818895612,55.20978382655552,666.7887625999865
dgn_complete__pair_N6_ego_attention__seed7,dgn_qmix,coord_grid,7,4565,114150,59.5,25,0.09632041666666669,2.847692226370176,68.88377698262532,666.8953326999908
dgn_complete__pair_N6_ego_attention__seed7,dgn_qmix,coord_grid,7,4566,114175,61.0,25,0.0961225,7.2473708887894945,127.56522115071614,667.0271663999883
dgn_complete__pair_N6_ego_attention__seed7,dgn_qmix,coord_grid,7,4567,114200,53.5,25,0.09592458333333331,10.320350408554077,120.83234786987305,667.1737871000078
dgn_complete__pair_N6_ego_attention__seed7,dgn_qmix,coord_grid,7,4568,114225,60.0,25,0.09572666666666674,7.6935179361275265,143.54965209960938,667.2921216000104
dgn_complete__pair_N6_ego_attention__seed7,dgn_qmix,coord_grid,7,4569,114250,48.5,25,0.09552875000000005,6.589060773452123,161.37042109171549,667.4282626999775
dgn_complete__pair_N6_ego_attention__seed7,dgn_qmix,coord_grid,7,4570,114275,83.5,25,0.09533083333333336,3.781045118967692,100.87400754292806,667.5467367999954
dgn_complete__pair_N6_ego_attention__seed7,dgn_qmix,coord_grid,7,4571,114300,37.0,25,0.09513291666666679,5.317836324373881,87.32229932149251,667.6868473999784
dgn_complete__pair_N6_ego_attention__seed7,dgn_qmix,coord_grid,7,4572,114325,51.0,25,0.0949350000000001,3.1822735028607503,54.558599199567524,667.8113738999818
dgn_complete__pair_N6_ego_attention__seed7,dgn_qmix,coord_grid,7,4573,114350,52.5,25,0.0947370833333333,4.482051730155945,71.63946692148845,667.9232898000046
dgn_complete__pair_N6_ego_attention__seed7,dgn_qmix,coord_grid,7,4574,114375,50.5,25,0.09453916666666673,5.49066686630249,111.58450063069661,668.0409174999804
dgn_complete__pair_N6_ego_attention__seed7,dgn_qmix,coord_grid,7,4575,114400,66.0,25,0.09434125000000004,6.8716197808583575,101.71621894836426,668.142340899969
dgn_complete__pair_N6_ego_attention__seed7,dgn_qmix,coord_grid,7,4576,114425,29.5,25,0.09414333333333336,9.228579150778907,49.90427235194615,668.3029603000032
dgn_complete__pair_N6_ego_attention__seed7,dgn_qmix,coord_grid,7,4577,114450,28.5,25,0.09394541666666667,5.337222129106522,61.99611473083496,668.429579299991
dgn_complete__pair_N6_ego_attention__seed7,dgn_qmix,coord_grid,7,4578,114475,59.5,25,0.0937475000000001,10.024829943974813,88.46399148305257,668.5706276000128
dgn_complete__pair_N6_ego_attention__seed7,dgn_qmix,coord_grid,7,4579,114500,32.5,25,0.09354958333333341,4.683542907238007,86.16404406229655,668.7020875999588
dgn_complete__pair_N6_ego_attention__seed7,dgn_qmix,coord_grid,7,4580,114525,60.5,25,0.09335166666666672,7.828367607934134,36.934277398245676,668.8625849999953
dgn_complete__pair_N6_ego_attention__seed7,dgn_qmix,coord_grid,7,4581,114550,49.0,25,0.09315375000000004,9.16216770807902,65.27828613917033,669.0009297999786
dgn_complete__pair_N6_ego_attention__seed7,dgn_qmix,coord_grid,7,4582,114575,43.0,25,0.09295583333333335,9.053300539652506,59.12817192077637,669.077731599973
dgn_complete__pair_N6_ego_attention__seed7,dgn_qmix,coord_grid,7,4583,114600,53.0,25,0.09275791666666666,7.631470600763957,68.56388823191325,669.1967400999856
dgn_complete__pair_N6_ego_attention__seed7,dgn_qmix,coord_grid,7,4584,114625,64.0,25,0.09255999999999998,7.462146639823914,104.83458300999233,669.3728105999762
dgn_complete__pair_N6_ego_attention__seed7,dgn_qmix,coord_grid,7,4585,114650,48.0,25,0.0923620833333334,6.226425439119339,119.95490328470866,669.5270407999633
dgn_complete__pair_N6_ego_attention__seed7,dgn_qmix,coord_grid,7,4586,114675,43.5,25,0.09216416666666671,5.994666089614232,58.19287713368734,669.6491486000014
dgn_complete__pair_N6_ego_attention__seed7,dgn_qmix,coord_grid,7,4587,114700,71.5,25,0.09196625000000003,6.828821023305257,78.86060365041097,669.7751735000056
dgn_complete__pair_N6_ego_attention__seed7,dgn_qmix,coord_grid,7,4588,114725,62.0,25,0.09176833333333345,6.029068793569293,73.98620550973075,669.9124184999964
dgn_complete__pair_N6_ego_attention__seed7,dgn_qmix,coord_grid,7,4589,114750,46.0,25,0.09157041666666677,4.508645643790563,63.33985137939453,670.0374099999899
dgn_complete__pair_N6_ego_attention__seed7,dgn_qmix,coord_grid,7,4590,114775,72.5,25,0.09137249999999997,6.236666778723399,107.48218727111816,670.1489452999667
dgn_complete__pair_N6_ego_attention__seed7,dgn_qmix,coord_grid,7,4591,114800,54.0,25,0.09117458333333328,7.094269802172978,107.952943166097,670.3115111999796
dgn_complete__pair_N6_ego_attention__seed7,dgn_qmix,coord_grid,7,4592,114825,78.0,25,0.0909766666666667,9.499211370944977,106.74655260358539,670.4754854000057
dgn_complete__pair_N6_ego_attention__seed7,dgn_qmix,coord_grid,7,4593,114850,56.5,25,0.09077875000000002,2.9961577355861664,104.56022389729817,670.6189047999796
dgn_complete__pair_N6_ego_attention__seed7,dgn_qmix,coord_grid,7,4594,114875,68.5,25,0.09058083333333333,7.239106764396031,117.00799306233723,670.7045590999769
dgn_complete__pair_N6_ego_attention__seed7,dgn_qmix,coord_grid,7,4595,114900,34.0,25,0.09038291666666676,3.745698074499766,103.31266339619954,670.8609165999806
dgn_complete__pair_N6_ego_attention__seed7,dgn_qmix,coord_grid,7,4596,114925,64.5,25,0.09018500000000007,9.281680111374174,71.82532555716378,670.9960728999577
dgn_complete__pair_N6_ego_attention__seed7,dgn_qmix,coord_grid,7,4597,114950,48.5,25,0.08998708333333338,5.99920088549455,38.57329845428467,671.1274661999778
dgn_complete__pair_N6_ego_attention__seed7,dgn_qmix,coord_grid,7,4598,114975,56.0,25,0.08978916666666681,8.27846976617972,50.82450517018636,671.287743999972
dgn_complete__pair_N6_ego_attention__seed7,dgn_qmix,coord_grid,7,4599,115000,42.0,25,0.08959125000000001,5.998817712068558,39.52878793080648,671.4079970999737
dgn_complete__pair_N6_ego_attention__seed7,dgn_qmix,coord_grid,7,4600,115025,68.0,25,0.08939333333333332,7.929638385772705,57.72906385149275,671.5822823999915
dgn_complete__pair_N6_ego_attention__seed7,dgn_qmix,coord_grid,7,4601,115050,34.5,25,0.08919541666666664,7.5667636295159655,61.15041700998942,671.7264612999861
dgn_complete__pair_N6_ego_attention__seed7,dgn_qmix,coord_grid,7,4602,115075,63.5,25,0.08899750000000006,4.416302849849065,44.230528036753334,671.8848402999574
dgn_complete__pair_N6_ego_attention__seed7,dgn_qmix,coord_grid,7,4603,115100,49.5,25,0.08879958333333338,8.304979085922241,37.62697060902914,672.0093437999603
dgn_complete__pair_N6_ego_attention__seed7,dgn_qmix,coord_grid,7,4604,115125,56.0,25,0.08860166666666669,3.831414363213948,44.87164878845215,672.1201776000089
dgn_complete__pair_N6_ego_attention__seed7,dgn_qmix,coord_grid,7,4605,115150,54.5,25,0.08840375000000011,4.376483172178268,50.94739850362142,672.2312669999665
dgn_complete__pair_N6_ego_attention__seed7,dgn_qmix,coord_grid,7,4606,115175,42.5,25,0.08820583333333343,9.970947136481604,62.93046506245931,672.352778600005
dgn_complete__pair_N6_ego_attention__seed7,dgn_qmix,coord_grid,7,4607,115200,25.0,25,0.08800791666666674,6.1582861344019575,91.15575853983562,672.5016420999891
dgn_complete__pair_N6_ego_attention__seed7,dgn_qmix,coord_grid,7,4608,115225,39.0,25,0.08780999999999994,7.8787330857345035,50.64895616258894,672.6513704999816
dgn_complete__pair_N6_ego_attention__seed7,dgn_qmix,coord_grid,7,4609,115250,35.5,25,0.08761208333333337,5.204900816082954,32.567301432291664,672.7843842000002
dgn_complete__pair_N6_ego_attention__seed7,dgn_qmix,coord_grid,7,4610,115275,51.5,25,0.08741416666666668,7.50342374543349,46.594105084737144,672.9426473999629
dgn_complete__pair_N6_ego_attention__seed7,dgn_qmix,coord_grid,7,4611,115300,73.0,25,0.08721625,5.239390383164088,33.76722494761149,673.0455520999967
dgn_complete__pair_N6_ego_attention__seed7,dgn_qmix,coord_grid,7,4612,115325,58.0,25,0.08701833333333342,4.664794164044516,56.56301498413086,673.2011004000087
dgn_complete__pair_N6_ego_attention__seed7,dgn_qmix,coord_grid,7,4613,115350,30.0,25,0.08682041666666673,4.634952440857887,83.37705421447754,673.3509919999633
dgn_complete__pair_N6_ego_attention__seed7,dgn_qmix,coord_grid,7,4614,115375,49.5,25,0.08662250000000005,8.446122159560522,61.13900502522787,673.4830721999751
dgn_complete__pair_N6_ego_attention__seed7,dgn_qmix,coord_grid,7,4615,115400,61.0,25,0.08642458333333347,9.017392128705978,45.82504749298096,673.5902653000085
dgn_complete__pair_N6_ego_attention__seed7,dgn_qmix,coord_grid,7,4616,115425,35.5,25,0.08622666666666667,6.28076519710677,113.89891924176898,673.749689499964
dgn_complete__pair_N6_ego_attention__seed7,dgn_qmix,coord_grid,7,4617,115450,52.0,25,0.08602874999999999,5.334439526001613,81.02240594228108,673.8895995999919
dgn_complete__pair_N6_ego_attention__seed7,dgn_qmix,coord_grid,7,4618,115475,39.0,25,0.0858308333333333,2.125444526473681,75.85657374064128,674.0657076999778
dgn_complete__pair_N6_ego_attention__seed7,dgn_qmix,coord_grid,7,4619,115500,44.0,25,0.08563291666666673,5.4001354078451795,53.22287368774414,674.1927180999774
dgn_complete__pair_N6_ego_attention__seed7,dgn_qmix,coord_grid,7,4620,115525,28.5,25,0.08543500000000004,6.659813761711121,85.78418077741351,674.3665856999578
dgn_complete__pair_N6_ego_attention__seed7,dgn_qmix,coord_grid,7,4621,115550,54.0,25,0.08523708333333335,4.542686869700749,80.5918960571289,674.4730210999842
dgn_complete__pair_N6_ego_attention__seed7,dgn_qmix,coord_grid,7,4622,115575,38.0,25,0.08503916666666678,8.534816781679789,55.04237492879232,674.590292799985
dgn_complete__pair_N6_ego_attention__seed7,dgn_qmix,coord_grid,7,4623,115600,41.0,25,0.08484125000000009,7.674851045012474,44.67671744028727,674.6901413999731
dgn_complete__pair_N6_ego_attention__seed7,dgn_qmix,coord_grid,7,4624,115625,38.0,25,0.0846433333333334,5.2616910721574515,57.76123482840402,674.8135754999821
dgn_complete__pair_N6_ego_attention__seed7,dgn_qmix,coord_grid,7,4625,115650,69.5,25,0.0844454166666666,7.693948586781819,46.79983870188395,674.9564859999809
dgn_complete__pair_N6_ego_attention__seed7,dgn_qmix,coord_grid,7,4626,115675,66.0,25,0.08424750000000003,5.258425156275432,40.07814073562622,675.0746584999724
dgn_complete__pair_N6_ego_attention__seed7,dgn_qmix,coord_grid,7,4627,115700,59.5,25,0.08404958333333334,6.005411729216576,53.31792036692301,675.1892940999824
dgn_complete__pair_N6_ego_attention__seed7,dgn_qmix,coord_grid,7,4628,115725,72.0,25,0.08385166666666666,7.295223832130432,65.45421436854771,675.3260639999644
dgn_complete__pair_N6_ego_attention__seed7,dgn_qmix,coord_grid,7,4629,115750,46.0,25,0.08365375000000008,8.548971513907114,82.45470794041951,675.4853390000062
dgn_complete__pair_N6_ego_attention__seed7,dgn_qmix,coord_grid,7,4630,115775,38.0,25,0.0834558333333334,10.331587970256805,118.28141593933105,675.6517628000001
dgn_complete__pair_N6_ego_attention__seed7,dgn_qmix,coord_grid,7,4631,115800,70.5,25,0.08325791666666671,6.385925114154816,117.02625592549641,675.7516250999761
dgn_complete__pair_N6_ego_attention__seed7,dgn_qmix,coord_grid,7,4632,115825,54.0,25,0.08306000000000013,5.275390701634543,59.54173060825893,675.8762541000033
dgn_complete__pair_N6_ego_attention__seed7,dgn_qmix,coord_grid,7,4633,115850,55.5,25,0.08286208333333345,8.658375273148218,100.57669448852539,675.9945659000077
dgn_complete__pair_N6_ego_attention__seed7,dgn_qmix,coord_grid,7,4634,115875,58.5,25,0.08266416666666665,8.094552288452784,132.78941853841147,676.1771643999964
dgn_complete__pair_N6_ego_attention__seed7,dgn_qmix,coord_grid,7,4635,115900,59.0,25,0.08246624999999996,6.199071218570073,95.01421483357747,676.3023928999901
dgn_complete__pair_N6_ego_attention__seed7,dgn_qmix,coord_grid,7,4636,115925,58.5,25,0.08226833333333339,2.7103608591215953,107.63965715680804,676.5036438999814
dgn_complete__pair_N6_ego_attention__seed7,dgn_qmix,coord_grid,7,4637,115950,61.5,25,0.0820704166666667,8.552479073405266,83.51073201497395,676.6606489999685
dgn_complete__pair_N6_ego_attention__seed7,dgn_qmix,coord_grid,7,4638,115975,33.0,25,0.08187250000000001,9.29891067246596,54.00096416473389,676.8069275000016
dgn_complete__pair_N6_ego_attention__seed7,dgn_qmix,coord_grid,7,4639,116000,53.0,25,0.08167458333333344,7.082119236389796,90.05789566040039,676.9511638999684
dgn_complete__pair_N6_ego_attention__seed7,dgn_qmix,coord_grid,7,4640,116025,49.5,25,0.08147666666666675,5.902302073580878,48.90420995439802,677.0846814999823
dgn_complete__pair_N6_ego_attention__seed7,dgn_qmix,coord_grid,7,4641,116050,66.0,25,0.08127875000000007,3.716071754693985,65.9867712656657,677.2132095000125
dgn_complete__pair_N6_ego_attention__seed7,dgn_qmix,coord_grid,7,4642,116075,63.0,25,0.08108083333333338,6.337102293968201,96.13497797648112,677.3402103999979
dgn_complete__pair_N6_ego_attention__seed7,dgn_qmix,coord_grid,7,4643,116100,42.5,25,0.0808829166666667,3.905318319797516,117.37313938140869,677.4791631000116
dgn_complete__pair_N6_ego_attention__seed7,dgn_qmix,coord_grid,7,4644,116125,59.5,25,0.080685,6.646367618015835,73.81930378505162,677.6177832999965
dgn_complete__pair_N6_ego_attention__seed7,dgn_qmix,coord_grid,7,4645,116150,38.5,25,0.08048708333333332,5.288955519596736,92.62417157491048,677.7586947999662
dgn_complete__pair_N6_ego_attention__seed7,dgn_qmix,coord_grid,7,4646,116175,56.0,25,0.08028916666666674,5.611432681481044,111.68668365478516,677.8956196999643
dgn_complete__pair_N6_ego_attention__seed7,dgn_qmix,coord_grid,7,4647,116200,69.0,25,0.08009125000000006,4.224716464678447,148.6093660990397,678.0580683999578
dgn_complete__pair_N6_ego_attention__seed7,dgn_qmix,coord_grid,7,4648,116225,37.0,25,0.07989333333333337,11.971955095018659,143.69619042532784,678.1678164000041
dgn_complete__pair_N6_ego_attention__seed7,dgn_qmix,coord_grid,7,4649,116250,56.5,25,0.0796954166666668,5.5609621703624725,123.79816055297852,678.2647426999756
dgn_complete__pair_N6_ego_attention__seed7,dgn_qmix,coord_grid,7,4650,116275,39.0,25,0.07949750000000011,5.624756207068761,123.94688860575359,678.4020419999724
dgn_complete__pair_N6_ego_attention__seed7,dgn_qmix,coord_grid,7,4651,116300,52.5,25,0.07929958333333331,6.216682612895966,80.1091251373291,678.5330784000107
dgn_complete__pair_N6_ego_attention__seed7,dgn_qmix,coord_grid,7,4652,116325,36.0,25,0.07910166666666663,11.086452211652484,119.95445796421596,678.7057000999921
dgn_complete__pair_N6_ego_attention__seed7,dgn_qmix,coord_grid,7,4653,116350,37.0,25,0.07890375000000005,8.108130753040314,121.69438044230144,678.8225636999705
dgn_complete__pair_N6_ego_attention__seed7,dgn_qmix,coord_grid,7,4654,116375,72.0,25,0.07870583333333336,5.797464768091838,129.2567227681478,678.9689714999986
dgn_complete__pair_N6_ego_attention__seed7,dgn_qmix,coord_grid,7,4655,116400,40.0,25,0.07850791666666668,5.618123014767964,119.43652216593425,679.0694019999937
dgn_complete__pair_N6_ego_attention__seed7,dgn_qmix,coord_grid,7,4656,116425,43.0,25,0.0783100000000001,8.224949798413686,84.63369560241699,679.2199108999921
dgn_complete__pair_N6_ego_attention__seed7,dgn_qmix,coord_grid,7,4657,116450,51.0,25,0.07811208333333342,4.53544087211291,35.85635534922282,679.3690114999772
dgn_complete__pair_N6_ego_attention__seed7,dgn_qmix,coord_grid,7,4658,116475,41.0,25,0.07791416666666673,6.995158602794011,41.86160945892334,679.4930417999858
dgn_complete__pair_N6_ego_attention__seed7,dgn_qmix,coord_grid,7,4659,116500,45.0,25,0.07771625000000004,2.7884337107340493,34.82824548085531,679.5986434000079
dgn_complete__pair_N6_ego_attention__seed7,dgn_qmix,coord_grid,7,4660,116525,62.0,25,0.07751833333333336,6.055945745536259,61.648432050432476,679.7782392000081
dgn_complete__pair_N6_ego_attention__seed7,dgn_qmix,coord_grid,7,4661,116550,53.0,25,0.07732041666666667,3.628069286545118,40.701888720194496,679.9033764000051
dgn_complete__pair_N6_ego_attention__seed7,dgn_qmix,coord_grid,7,4662,116575,54.0,25,0.07712249999999998,6.101835772395134,49.38269964853922,680.0203373999684
dgn_complete__pair_N6_ego_attention__seed7,dgn_qmix,coord_grid,7,4663,116600,62.5,25,0.07692458333333341,6.161550626158714,25.90494457880656,680.147014999995
dgn_complete__pair_N6_ego_attention__seed7,dgn_qmix,coord_grid,7,4664,116625,60.5,25,0.07672666666666672,4.493578365870884,35.586208888462615,680.2946523000137
dgn_complete__pair_N6_ego_attention__seed7,dgn_qmix,coord_grid,7,4665,116650,31.5,25,0.07652875000000003,6.297507663567861,119.45251210530598,680.4351490999688
dgn_complete__pair_N6_ego_attention__seed7,dgn_qmix,coord_grid,7,4666,116675,51.0,25,0.07633083333333335,7.881933371225993,109.38452370961507,680.5563187999651
dgn_complete__pair_N6_ego_attention__seed7,dgn_qmix,coord_grid,7,4667,116700,59.0,25,0.07613291666666677,10.74629839261373,151.65899022420248,680.6936908999924
dgn_complete__pair_N6_ego_attention__seed7,dgn_qmix,coord_grid,7,4668,116725,39.0,25,0.07593500000000009,7.592169489179339,105.80771051134381,680.8156793999951
dgn_complete__pair_N6_ego_attention__seed7,dgn_qmix,coord_grid,7,4669,116750,55.0,25,0.07573708333333329,3.7673213283220925,77.33835156758626,680.950242299994
dgn_complete__pair_N6_ego_attention__seed7,dgn_qmix,coord_grid,7,4670,116775,53.0,25,0.07553916666666671,8.540613730748495,51.2483107248942,681.098348999978
dgn_complete__pair_N6_ego_attention__seed7,dgn_qmix,coord_grid,7,4671,116800,51.0,25,0.07534125000000003,8.63657084107399,42.28631401062012,681.2140213999664
dgn_complete__pair_N6_ego_attention__seed7,dgn_qmix,coord_grid,7,4672,116825,35.0,25,0.07514333333333334,4.560623701129641,36.83607482910156,681.3587622999912
dgn_complete__pair_N6_ego_attention__seed7,dgn_qmix,coord_grid,7,4673,116850,48.0,25,0.07494541666666676,9.252463261286417,41.7042179107666,681.4502199999988
dgn_complete__pair_N6_ego_attention__seed7,dgn_qmix,coord_grid,7,4674,116875,48.5,25,0.07474750000000008,6.139591341217359,59.936024030049644,681.5593331999844
dgn_complete__pair_N6_ego_attention__seed7,dgn_qmix,coord_grid,7,4675,116900,56.0,25,0.07454958333333339,5.293290987610817,41.51665004094442,681.6908691999852
dgn_complete__pair_N6_ego_attention__seed7,dgn_qmix,coord_grid,7,4676,116925,38.5,25,0.0743516666666667,7.298412936074393,42.721685137067524,681.8302780999802
dgn_complete__pair_N6_ego_attention__seed7,dgn_qmix,coord_grid,7,4677,116950,51.5,25,0.07415375000000002,6.134089887142181,59.16779899597168,681.9506085999892
dgn_complete__pair_N6_ego_attention__seed7,dgn_qmix,coord_grid,7,4678,116975,47.5,25,0.07395583333333333,4.617427955071132,78.08583132425944,682.0926708999905
dgn_complete__pair_N6_ego_attention__seed7,dgn_qmix,coord_grid,7,4679,117000,61.0,25,0.07375791666666665,7.935077329476674,94.88044134775798,682.2170891999849
dgn_complete__pair_N6_ego_attention__seed7,dgn_qmix,coord_grid,7,4680,117025,41.5,25,0.07356000000000007,3.91730939916202,93.96076256888253,682.3215824000072
dgn_complete__pair_N6_ego_attention__seed7,dgn_qmix,coord_grid,7,4681,117050,47.0,25,0.07336208333333338,6.978882789611816,80.28487332661946,682.4557623000001
dgn_complete__pair_N6_ego_attention__seed7,dgn_qmix,coord_grid,7,4682,117075,51.5,25,0.0731641666666667,10.910396258036295,70.30978679656982,682.6081051999936
dgn_complete__pair_N6_ego_attention__seed7,dgn_qmix,coord_grid,7,4683,117100,33.5,25,0.07296625000000001,6.844308058420817,47.21063502629598,682.7215627999976
dgn_complete__pair_N6_ego_attention__seed7,dgn_qmix,coord_grid,7,4684,117125,64.0,25,0.07276833333333343,4.632686001913888,69.59195109776088,682.8596135000116
dgn_complete__pair_N6_ego_attention__seed7,dgn_qmix,coord_grid,7,4685,117150,35.5,25,0.07257041666666675,8.595115025838217,92.75445397694905,683.0046249000006
dgn_complete__pair_N6_ego_attention__seed7,dgn_qmix,coord_grid,7,4686,117175,65.5,25,0.07237249999999995,3.699336498975754,55.39988994598389,683.1129430999863
dgn_complete__pair_N6_ego_attention__seed7,dgn_qmix,coord_grid,7,4687,117200,57.0,25,0.07217458333333338,11.623767455418905,40.90847873687744,683.2380547999637
dgn_complete__pair_N6_ego_attention__seed7,dgn_qmix,coord_grid,7,4688,117225,47.5,25,0.07197666666666669,5.348132618835995,57.97338703700474,683.4036364000058
dgn_complete__pair_N6_ego_attention__seed7,dgn_qmix,coord_grid,7,4689,117250,30.5,25,0.07177875,5.318161239226659,66.03911463419597,683.5477482000133
dgn_complete__pair_N6_ego_attention__seed7,dgn_qmix,coord_grid,7,4690,117275,63.5,25,0.07158083333333343,5.589015424251556,118.00745646158855,683.662125599978
dgn_complete__pair_N6_ego_attention__seed7,dgn_qmix,coord_grid,7,4691,117300,54.5,25,0.07138291666666674,4.637868940830231,83.61309051513672,683.7856569999713
dgn_complete__pair_N6_ego_attention__seed7,dgn_qmix,coord_grid,7,4692,117325,40.5,25,0.07118500000000005,6.651534655264446,53.8470641544887,683.92176930001
dgn_complete__pair_N6_ego_attention__seed7,dgn_qmix,coord_grid,7,4693,117350,47.5,25,0.07098708333333337,6.9170138239860535,49.83072598775228,684.0509179999935
dgn_complete__pair_N6_ego_attention__seed7,dgn_qmix,coord_grid,7,4694,117375,52.0,25,0.07078916666666679,7.166886846224467,117.47490564982097,684.1773189000087
dgn_complete__pair_N6_ego_attention__seed7,dgn_qmix,coord_grid,7,4695,117400,69.0,25,0.07059125,10.359559843937555,104.82713985443115,684.3157015999896
dgn_complete__pair_N6_ego_attention__seed7,dgn_qmix,coord_grid,7,4696,117425,58.0,25,0.07039333333333331,6.076589022363935,70.85951832362584,684.4356088999775
dgn_complete__pair_N6_ego_attention__seed7,dgn_qmix,coord_grid,7,4697,117450,20.0,25,0.07019541666666673,6.99004054069519,56.93673960367838,684.6115805999725
dgn_complete__pair_N6_ego_attention__seed7,dgn_qmix,coord_grid,7,4698,117475,30.5,25,0.06999750000000005,7.78176736831665,77.31593132019043,684.7315664999769
dgn_complete__pair_N6_ego_attention__seed7,dgn_qmix,coord_grid,7,4699,117500,49.0,25,0.06979958333333336,6.8990964243809385,42.95212650299072,684.8679863999714
dgn_complete__pair_N6_ego_attention__seed7,dgn_qmix,coord_grid,7,4700,117525,61.0,25,0.06960166666666667,3.9486404359340668,46.41083090645926,685.0031872999971
dgn_complete__pair_N6_ego_attention__seed7,dgn_qmix,coord_grid,7,4701,117550,62.0,25,0.0694037500000001,6.811568592985471,41.99396800994873,685.1124039000133
dgn_complete__pair_N6_ego_attention__seed7,dgn_qmix,coord_grid,7,4702,117575,57.0,25,0.06920583333333341,6.093153196076552,58.55960591634115,685.2361752999714
dgn_complete__pair_N6_ego_attention__seed7,dgn_qmix,coord_grid,7,4703,117600,63.0,25,0.06900791666666672,9.380463232596716,84.19432894388835,685.3841458999668
dgn_complete__pair_N6_ego_attention__seed7,dgn_qmix,coord_grid,7,4704,117625,48.0,25,0.06881000000000004,6.545898901564734,45.65762220110212,685.4996361999656
dgn_complete__pair_N6_ego_attention__seed7,dgn_qmix,coord_grid,7,4705,117650,65.0,25,0.06861208333333335,5.247776289780934,35.74317979812622,685.6552385999821
dgn_complete__pair_N6_ego_attention__seed7,dgn_qmix,coord_grid,7,4706,117675,61.5,25,0.06841416666666666,8.447126338879267,57.77115948994955,685.7651625999715
dgn_complete__pair_N6_ego_attention__seed7,dgn_qmix,coord_grid,7,4707,117700,51.5,25,0.06821625000000009,7.563806305329005,42.67639319101969,685.8848587999819
dgn_complete__pair_N6_ego_attention__seed7,dgn_qmix,coord_grid,7,4708,117725,53.5,25,0.0680183333333334,4.591400482824871,59.39466231209891,686.0396996999625
dgn_complete__pair_N6_ego_attention__seed7,dgn_qmix,coord_grid,7,4709,117750,67.0,25,0.06782041666666672,5.286579092343648,65.3907839457194,686.1493312999955
dgn_complete__pair_N6_ego_attention__seed7,dgn_qmix,coord_grid,7,4710,117775,65.5,25,0.06762250000000003,5.3425034036238985,65.20410855611165,686.2694080999936
dgn_complete__pair_N6_ego_attention__seed7,dgn_qmix,coord_grid,7,4711,117800,56.5,25,0.06742458333333345,5.2559502224127455,52.80245272318522,686.3621062999591
dgn_complete__pair_N6_ego_attention__seed7,dgn_qmix,coord_grid,7,4712,117825,53.0,25,0.06722666666666666,7.241709181240627,142.2710315159389,686.497633699968
dgn_complete__pair_N6_ego_attention__seed7,dgn_qmix,coord_grid,7,4713,117850,64.5,25,0.06702874999999997,6.382944305737813,114.5852731068929,686.6699342000065
dgn_complete__pair_N6_ego_attention__seed7,dgn_qmix,coord_grid,7,4714,117875,35.5,25,0.0668308333333334,6.329709341128667,119.6173922220866,686.876853099966
dgn_complete__pair_N6_ego_attention__seed7,dgn_qmix,coord_grid,7,4715,117900,52.5,25,0.06663291666666671,8.153897205988565,124.48852666219075,687.0116995999706
dgn_complete__pair_N6_ego_attention__seed7,dgn_qmix,coord_grid,7,4716,117925,57.0,25,0.06643500000000002,8.193574296576637,73.1582897731236,687.1352765999618
dgn_complete__pair_N6_ego_attention__seed7,dgn_qmix,coord_grid,7,4717,117950,65.5,25,0.06623708333333334,7.424261252085368,122.96016343434651,687.2513359999866
dgn_complete__pair_N6_ego_attention__seed7,dgn_qmix,coord_grid,7,4718,117975,57.5,25,0.06603916666666676,5.651783337195714,97.926207224528,687.3407416999689
dgn_complete__pair_N6_ego_attention__seed7,dgn_qmix,coord_grid,7,4719,118000,45.5,25,0.06584125000000007,13.416606823603312,63.87733523050944,687.4809188999934
dgn_complete__pair_N6_ego_attention__seed7,dgn_qmix,coord_grid,7,4720,118025,48.0,25,0.06564333333333339,4.593386777809688,50.29461397443499,687.5898581999936
dgn_complete__pair_N6_ego_attention__seed7,dgn_qmix,coord_grid,7,4721,118050,57.5,25,0.0654454166666667,9.30726886789004,52.379642168680824,687.7408507000073
dgn_complete__pair_N6_ego_attention__seed7,dgn_qmix,coord_grid,7,4722,118075,44.0,25,0.06524750000000001,6.381747017304103,85.00521532694499,687.926202600007
dgn_complete__pair_N6_ego_attention__seed7,dgn_qmix,coord_grid,7,4723,118100,68.5,25,0.06504958333333333,5.344374845425288,76.62533156077068,688.030798199994
dgn_complete__pair_N6_ego_attention__seed7,dgn_qmix,coord_grid,7,4724,118125,41.5,25,0.06485166666666675,6.663788246256964,65.34978648594448,688.157147299964
dgn_complete__pair_N6_ego_attention__seed7,dgn_qmix,coord_grid,7,4725,118150,63.5,25,0.06465375000000007,2.889480928579966,52.456597646077476,688.2975791000063
dgn_complete__pair_N6_ego_attention__seed7,dgn_qmix,coord_grid,7,4726,118175,72.5,25,0.06445583333333338,6.993493636449178,68.80189037322998,688.4475465999567
dgn_complete__pair_N6_ego_attention__seed7,dgn_qmix,coord_grid,7,4727,118200,50.5,25,0.06425791666666669,8.130244771639505,118.04341665903728,688.5637555999565
dgn_complete__pair_N6_ego_attention__seed7,dgn_qmix,coord_grid,7,4728,118225,58.5,25,0.06406000000000012,8.313365723405566,70.20712280273438,688.684414999967
dgn_complete__pair_N6_ego_attention__seed7,dgn_qmix,coord_grid,7,4729,118250,57.0,25,0.06386208333333343,6.168064629038175,36.52128156026205,688.848111499974
dgn_complete__pair_N6_ego_attention__seed7,dgn_qmix,coord_grid,7,4730,118275,41.0,25,0.06366416666666663,5.488281061251958,61.752479553222656,689.0146353999735
dgn_complete__pair_N6_ego_attention__seed7,dgn_qmix,coord_grid,7,4731,118300,36.5,25,0.06346625000000006,6.40913541118304,88.9688326517741,689.1571209999966
dgn_complete__pair_N6_ego_attention__seed7,dgn_qmix,coord_grid,7,4732,118325,32.0,25,0.06326833333333337,11.682659081050328,65.0530515398298,689.3042600000044
dgn_complete__pair_N6_ego_attention__seed7,dgn_qmix,coord_grid,7,4733,118350,44.0,25,0.06307041666666668,6.309432725111644,82.58015028635661,689.4249040999566
dgn_complete__pair_N6_ego_attention__seed7,dgn_qmix,coord_grid,7,4734,118375,44.5,25,0.0628725,6.99669086933136,65.00449625651042,689.5759789999574
dgn_complete__pair_N6_ego_attention__seed7,dgn_qmix,coord_grid,7,4735,118400,46.5,25,0.06267458333333342,6.9344703902800875,74.00945218404134,689.6920496000093
dgn_complete__pair_N6_ego_attention__seed7,dgn_qmix,coord_grid,7,4736,118425,61.0,25,0.062476666666666736,6.837424525192806,82.09990010942731,689.8125855000108
dgn_complete__pair_N6_ego_attention__seed7,dgn_qmix,coord_grid,7,4737,118450,46.0,25,0.06227875000000005,7.6925254960854845,70.03001530965169,689.9630820999737
dgn_complete__pair_N6_ego_attention__seed7,dgn_qmix,coord_grid,7,4738,118475,58.5,25,0.06208083333333336,10.13610291481018,56.11412334442139,690.0966711000074
dgn_complete__pair_N6_ego_attention__seed7,dgn_qmix,coord_grid,7,4739,118500,57.5,25,0.061882916666666676,4.431165347496669,51.52872880299886,690.2404916000087
dgn_complete__pair_N6_ego_attention__seed7,dgn_qmix,coord_grid,7,4740,118525,59.0,25,0.06168499999999999,5.45273540701185,98.33910315377372,690.3673836999806
dgn_complete__pair_N6_ego_attention__seed7,dgn_qmix,coord_grid,7,4741,118550,55.5,25,0.0614870833333333,6.401397228240967,90.52864487965901,690.5027543999604
dgn_complete__pair_N6_ego_attention__seed7,dgn_qmix,coord_grid,7,4742,118575,61.5,25,0.06128916666666673,6.30798198779424,95.39325141906738,690.6416136999615
dgn_complete__pair_N6_ego_attention__seed7,dgn_qmix,coord_grid,7,4743,118600,40.5,25,0.06109125000000004,3.576474870244662,53.43490330378214,690.8170217999723
dgn_complete__pair_N6_ego_attention__seed7,dgn_qmix,coord_grid,7,4744,118625,47.5,25,0.060893333333333355,8.783892256872994,141.01515470232283,690.9574673000025
dgn_complete__pair_N6_ego_attention__seed7,dgn_qmix,coord_grid,7,4745,118650,39.0,25,0.06069541666666678,9.586107085148493,93.67273585001628,691.1076474000001
dgn_complete__pair_N6_ego_attention__seed7,dgn_qmix,coord_grid,7,4746,118675,48.0,25,0.06049750000000009,4.435071110725403,43.31595595677694,691.2481469999766
dgn_complete__pair_N6_ego_attention__seed7,dgn_qmix,coord_grid,7,4747,118700,52.5,25,0.060299583333333295,8.444864988327026,50.30443286895752,691.3862655999837
dgn_complete__pair_N6_ego_attention__seed7,dgn_qmix,coord_grid,7,4748,118725,34.0,25,0.06010166666666672,6.14251503774098,69.01724243164062,691.5811977999983
dgn_complete__pair_N6_ego_attention__seed7,dgn_qmix,coord_grid,7,4749,118750,30.0,25,0.05990375000000003,9.39503372212251,70.0794111887614,691.7170909999986
dgn_complete__pair_N6_ego_attention__seed7,dgn_qmix,coord_grid,7,4750,118775,61.5,25,0.05970583333333335,2.8449440002441406,56.85343933105469,691.8621259999927
dgn_complete__pair_N6_ego_attention__seed7,dgn_qmix,coord_grid,7,4751,118800,38.0,25,0.05950791666666666,4.522888243198395,38.04230817159017,691.9757087999606
dgn_complete__pair_N6_ego_attention__seed7,dgn_qmix,coord_grid,7,4752,118825,52.0,25,0.059310000000000085,3.312867466892515,56.04564258030483,692.1448242999613
dgn_complete__pair_N6_ego_attention__seed7,dgn_qmix,coord_grid,7,4753,118850,62.5,25,0.0591120833333334,8.679854770501455,68.34925524393718,692.2766825999715
dgn_complete__pair_N6_ego_attention__seed7,dgn_qmix,coord_grid,7,4754,118875,55.5,25,0.05891416666666671,4.466121822595596,34.255520820617676,692.4467710999888
dgn_complete__pair_N6_ego_attention__seed7,dgn_qmix,coord_grid,7,4755,118900,46.0,25,0.058716250000000136,10.212301135063171,48.921342531840004,692.6850877999677
dgn_complete__pair_N6_ego_attention__seed7,dgn_qmix,coord_grid,7,4756,118925,66.5,25,0.05851833333333334,3.912585045610155,50.47233240944998,692.8570013999706
dgn_complete__pair_N6_ego_attention__seed7,dgn_qmix,coord_grid,7,4757,118950,51.0,25,0.05832041666666665,2.184339056412379,46.32981300354004,692.9894369000103
dgn_complete__pair_N6_ego_attention__seed7,dgn_qmix,coord_grid,7,4758,118975,52.5,25,0.058122499999999966,6.139245231946309,59.64673360188802,693.1420755999861
dgn_complete__pair_N6_ego_attention__seed7,dgn_qmix,coord_grid,7,4759,119000,40.5,25,0.05792458333333339,9.380855003992716,71.55307261149089,693.2592750999611
dgn_complete__pair_N6_ego_attention__seed7,dgn_qmix,coord_grid,7,4760,119025,63.5,25,0.057726666666666704,8.820055416652135,54.95378085545131,693.4101632999955
dgn_complete__pair_N6_ego_attention__seed7,dgn_qmix,coord_grid,7,4761,119050,40.5,25,0.05752875000000002,6.268188431859016,84.08778285980225,693.5175188999856
dgn_complete__pair_N6_ego_attention__seed7,dgn_qmix,coord_grid,7,4762,119075,43.5,25,0.05733083333333344,7.815438826878865,64.1516850789388,693.6485762000084
dgn_complete__pair_N6_ego_attention__seed7,dgn_qmix,coord_grid,7,4763,119100,78.5,25,0.057132916666666755,10.267690946658453,78.54239845275879,693.8186812999775
dgn_complete__pair_N6_ego_attention__seed7,dgn_qmix,coord_grid,7,4764,119125,64.0,25,0.05693500000000007,4.159547873905727,86.37428447178432,693.974086400005
dgn_complete__pair_N6_ego_attention__seed7,dgn_qmix,coord_grid,7,4765,119150,59.5,25,0.05673708333333338,5.313251381119092,44.45576731363932,694.0577610000037
dgn_complete__pair_N6_ego_attention__seed7,dgn_qmix,coord_grid,7,4766,119175,53.5,25,0.056539166666666696,10.322864770889282,88.04810523986816,694.1852348999819
dgn_complete__pair_N6_ego_attention__seed7,dgn_qmix,coord_grid,7,4767,119200,40.5,25,0.05634125000000001,9.324793885151545,45.76119740804037,694.340473099961
dgn_complete__pair_N6_ego_attention__seed7,dgn_qmix,coord_grid,7,4768,119225,52.0,25,0.05614333333333332,8.965596267155238,89.93702752249581,694.5412009999854
dgn_complete__pair_N6_ego_attention__seed7,dgn_qmix,coord_grid,7,4769,119250,47.5,25,0.05594541666666675,9.889270941416422,134.23834164937338,694.686283899995
dgn_complete__pair_N6_ego_attention__seed7,dgn_qmix,coord_grid,7,4770,119275,42.5,25,0.05574750000000006,8.819478809833527,112.068541208903,694.8287420999841
dgn_complete__pair_N6_ego_attention__seed7,dgn_qmix,coord_grid,7,4771,119300,87.0,25,0.055549583333333374,8.224845806757608,149.7964350382487,694.976307999983
dgn_complete__pair_N6_ego_attention__seed7,dgn_qmix,coord_grid,7,4772,119325,65.5,25,0.0553516666666668,7.783509407724653,114.03126743861607,695.122304199962
dgn_complete__pair_N6_ego_attention__seed7,dgn_qmix,coord_grid,7,4773,119350,55.0,25,0.05515375,7.813929294546445,59.14925893147787,695.2359165999806
dgn_complete__pair_N6_ego_attention__seed7,dgn_qmix,coord_grid,7,4774,119375,53.5,25,0.054955833333333315,9.44354393084844,81.62719694773357,695.3915045000031
dgn_complete__pair_N6_ego_attention__seed7,dgn_qmix,coord_grid,7,4775,119400,56.0,25,0.05475791666666663,10.421648343404135,109.32912190755208,695.5244891999755
dgn_complete__pair_N6_ego_attention__seed7,dgn_qmix,coord_grid,7,4776,119425,64.0,25,0.05456000000000005,11.727907870497022,83.45462308611188,695.6719291000045
dgn_complete__pair_N6_ego_attention__seed7,dgn_qmix,coord_grid,7,4777,119450,45.5,25,0.054362083333333366,3.8075685699780784,87.63308684031169,695.8717530999565
dgn_complete__pair_N6_ego_attention__seed7,dgn_qmix,coord_grid,7,4778,119475,58.0,25,0.05416416666666668,7.712171087662379,43.769637743631996,696.0537156999926
dgn_complete__pair_N6_ego_attention__seed7,dgn_qmix,coord_grid,7,4779,119500,41.0,25,0.053966250000000104,7.0728205392758055,73.8659709294637,696.247623400006
dgn_complete__pair_N6_ego_attention__seed7,dgn_qmix,coord_grid,7,4780,119525,34.5,25,0.05376833333333342,10.259906019483294,70.43862533569336,696.3895051999716
dgn_complete__pair_N6_ego_attention__seed7,dgn_qmix,coord_grid,7,4781,119550,56.0,25,0.05357041666666673,8.972714265187582,112.85898462931316,696.5347507999977
dgn_complete__pair_N6_ego_attention__seed7,dgn_qmix,coord_grid,7,4782,119575,46.5,25,0.053372500000000045,7.267968505620956,119.65979067484538,696.662276899966
dgn_complete__pair_N6_ego_attention__seed7,dgn_qmix,coord_grid,7,4783,119600,51.0,25,0.05317458333333336,7.9116173187891645,124.13711420694987,696.8414275000105
dgn_complete__pair_N6_ego_attention__seed7,dgn_qmix,coord_grid,7,4784,119625,49.0,25,0.05297666666666667,7.079691920961652,127.2218486240932,697.0038279999862
dgn_complete__pair_N6_ego_attention__seed7,dgn_qmix,coord_grid,7,4785,119650,43.0,25,0.052778749999999985,5.5883303582668304,97.51305071512859,697.1267441000091
dgn_complete__pair_N6_ego_attention__seed7,dgn_qmix,coord_grid,7,4786,119675,68.0,25,0.05258083333333341,4.4834926674763365,54.61653073628744,697.2268885999802
dgn_complete__pair_N6_ego_attention__seed7,dgn_qmix,coord_grid,7,4787,119700,46.5,25,0.05238291666666672,7.003203933437665,56.3261505762736,697.3819951000041
dgn_complete__pair_N6_ego_attention__seed7,dgn_qmix,coord_grid,7,4788,119725,34.0,25,0.05218500000000004,6.837197652884892,70.52230480739048,697.5110251999577
dgn_complete__pair_N6_ego_attention__seed7,dgn_qmix,coord_grid,7,4789,119750,55.0,25,0.05198708333333346,12.054963032404581,105.90782101949056,697.6430960000143
dgn_complete__pair_N6_ego_attention__seed7,dgn_qmix,coord_grid,7,4790,119775,39.0,25,0.051789166666666775,5.531584829092026,109.7115379969279,697.763840199972
dgn_complete__pair_N6_ego_attention__seed7,dgn_qmix,coord_grid,7,4791,119800,48.0,25,0.05159124999999998,5.625534693400065,116.49960263570149,697.8916181999957
dgn_complete__pair_N6_ego_attention__seed7,dgn_qmix,coord_grid,7,4792,119825,50.0,25,0.05139333333333329,3.340791029589517,96.87252426147461,698.0104549999814
dgn_complete__pair_N6_ego_attention__seed7,dgn_qmix,coord_grid,7,4793,119850,64.5,25,0.051195416666666715,7.845644474029541,76.42897097269694,698.1206789999851
dgn_complete__pair_N6_ego_attention__seed7,dgn_qmix,coord_grid,7,4794,119875,43.5,25,0.05099750000000003,6.248247295618057,79.62900606791179,698.2378195999772
dgn_complete__pair_N6_ego_attention__seed7,dgn_qmix,coord_grid,7,4795,119900,54.0,25,0.05079958333333334,9.370866278807322,47.367696126302086,698.3942668999662
dgn_complete__pair_N6_ego_attention__seed7,dgn_qmix,coord_grid,7,4796,119925,56.5,25,0.05060166666666677,6.106557198933193,69.81247057233539,698.4932120000012
dgn_complete__pair_N6_ego_attention__seed7,dgn_qmix,coord_grid,7,4797,119950,51.5,25,0.05040375000000008,10.262131671110788,58.14153258005778,698.6073246999877
dgn_complete__pair_N6_ego_attention__seed7,dgn_qmix,coord_grid,7,4798,119975,66.0,25,0.050205833333333394,3.9076035420099893,93.51757113138835,698.7849699999788
dgn_complete__pair_N6_ego_attention__seed7,dgn_qmix,coord_grid,7,4799,120000,58.5,25,0.05000791666666671,6.183111111323039,87.87601312001546,698.9875965999672
dgn_complete__pair_N6_ego_attention__seed7,dgn_qmix,coord_grid,7,4800,120025,45.5,25,0.050000000000000044,5.486491033009121,80.04608181544712,699.1145784999826
dgn_complete__pair_N6_ego_attention__seed7,dgn_qmix,coord_grid,7,4801,120050,51.0,25,0.050000000000000044,3.8040347198645272,99.58832995096843,699.2884816000005
dgn_complete__pair_N6_ego_attention__seed7,dgn_qmix,coord_grid,7,4802,120075,62.0,25,0.050000000000000044,7.840337634086609,83.47818501790364,699.4472722999635
dgn_complete__pair_N6_ego_attention__seed7,dgn_qmix,coord_grid,7,4803,120100,48.5,25,0.050000000000000044,6.201287468274434,83.10747718811035,699.6155497999862
dgn_complete__pair_N6_ego_attention__seed7,dgn_qmix,coord_grid,7,4804,120125,46.0,25,0.050000000000000044,8.132846227713994,75.26916204180036,699.7827273999574
dgn_complete__pair_N6_ego_attention__seed7,dgn_qmix,coord_grid,7,4805,120150,66.0,25,0.050000000000000044,6.999536062280337,71.38979721069336,699.9311965999659
dgn_complete__pair_N6_ego_attention__seed7,dgn_qmix,coord_grid,7,4806,120175,60.0,25,0.050000000000000044,9.803762098153433,136.13399775822958,700.0907487999648
dgn_complete__pair_N6_ego_attention__seed7,dgn_qmix,coord_grid,7,4807,120200,40.5,25,0.050000000000000044,8.187077422936758,121.00805981953938,700.2239463999867
dgn_complete__pair_N6_ego_attention__seed7,dgn_qmix,coord_grid,7,4808,120225,53.5,25,0.050000000000000044,4.755860758679254,83.26010077340263,700.3837720999727
dgn_complete__pair_N6_ego_attention__seed7,dgn_qmix,coord_grid,7,4809,120250,46.5,25,0.050000000000000044,6.463969185948372,120.70394198099773,700.505298300006
dgn_complete__pair_N6_ego_attention__seed7,dgn_qmix,coord_grid,7,4810,120275,64.5,25,0.050000000000000044,5.832473521431287,133.05025068918863,700.6036421000026
dgn_complete__pair_N6_ego_attention__seed7,dgn_qmix,coord_grid,7,4811,120300,45.0,25,0.050000000000000044,9.055624276399612,122.23292128245036,700.7688003999647
dgn_complete__pair_N6_ego_attention__seed7,dgn_qmix,coord_grid,7,4812,120325,55.5,25,0.050000000000000044,6.957713927541461,71.13571957179478,700.9481703999918
dgn_complete__pair_N6_ego_attention__seed7,dgn_qmix,coord_grid,7,4813,120350,60.5,25,0.050000000000000044,8.844056526819864,78.48909854888916,701.0599422999658
dgn_complete__pair_N6_ego_attention__seed7,dgn_qmix,coord_grid,7,4814,120375,35.5,25,0.050000000000000044,5.495463157693545,69.85950406392415,701.1983657999663
dgn_complete__pair_N6_ego_attention__seed7,dgn_qmix,coord_grid,7,4815,120400,42.5,25,0.050000000000000044,11.159125963846842,65.61624590555827,701.3191808999982
dgn_complete__pair_N6_ego_attention__seed7,dgn_qmix,coord_grid,7,4816,120425,66.0,25,0.050000000000000044,4.10130068234035,82.06372560773578,701.442438500002
dgn_complete__pair_N6_ego_attention__seed7,dgn_qmix,coord_grid,7,4817,120450,67.5,25,0.050000000000000044,9.056316415468851,112.52359771728516,701.5778720999951
dgn_complete__pair_N6_ego_attention__seed7,dgn_qmix,coord_grid,7,4818,120475,44.0,25,0.050000000000000044,9.019948770602545,99.00352986653645,701.6951821999974
dgn_complete__pair_N6_ego_attention__seed7,dgn_qmix,coord_grid,7,4819,120500,55.0,25,0.050000000000000044,5.4632512380679445,84.8040680885315,701.8290257999906
dgn_complete__pair_N6_ego_attention__seed7,dgn_qmix,coord_grid,7,4820,120525,51.0,25,0.050000000000000044,4.817474501473563,76.98702158246722,701.9649931999738
dgn_complete__pair_N6_ego_attention__seed7,dgn_qmix,coord_grid,7,4821,120550,23.5,25,0.050000000000000044,8.921776950359344,119.54633553822835,702.0597152999835
dgn_complete__pair_N6_ego_attention__seed7,dgn_qmix,coord_grid,7,4822,120575,47.0,25,0.050000000000000044,5.4322849462429685,64.66092363993327,702.2051443000091
dgn_complete__pair_N6_ego_attention__seed7,dgn_qmix,coord_grid,7,4823,120600,54.0,25,0.050000000000000044,4.651974365115166,51.87602424621582,702.3768854999798
dgn_complete__pair_N6_ego_attention__seed7,dgn_qmix,coord_grid,7,4824,120625,69.5,25,0.050000000000000044,8.460386672190257,79.38106100899833,702.5382406999706
dgn_complete__pair_N6_ego_attention__seed7,dgn_qmix,coord_grid,7,4825,120650,62.0,25,0.050000000000000044,3.8262951175371804,83.85733795166016,702.6619185999734
dgn_complete__pair_N6_ego_attention__seed7,dgn_qmix,coord_grid,7,4826,120675,24.0,25,0.050000000000000044,5.585478693246841,80.71614424387614,702.7875061999657
dgn_complete__pair_N6_ego_attention__seed7,dgn_qmix,coord_grid,7,4827,120700,27.5,25,0.050000000000000044,7.175242920716603,91.7978286743164,702.9356120000011
dgn_complete__pair_N6_ego_attention__seed7,dgn_qmix,coord_grid,7,4828,120725,47.0,25,0.050000000000000044,4.340452253818512,135.22662026541573,703.0757505999645
dgn_complete__pair_N6_ego_attention__seed7,dgn_qmix,coord_grid,7,4829,120750,59.5,25,0.050000000000000044,8.130798916021982,110.13230832417806,703.1925632999628
dgn_complete__pair_N6_ego_attention__seed7,dgn_qmix,coord_grid,7,4830,120775,69.0,25,0.050000000000000044,9.002844413121542,104.89981905619304,703.2978173999581
dgn_complete__pair_N6_ego_attention__seed7,dgn_qmix,coord_grid,7,4831,120800,60.5,25,0.050000000000000044,7.144635160764058,83.53729565938313,703.443904899992
dgn_complete__pair_N6_ego_attention__seed7,dgn_qmix,coord_grid,7,4832,120825,62.5,25,0.050000000000000044,5.712365750755582,120.52821731567383,703.6565463999868
dgn_complete__pair_N6_ego_attention__seed7,dgn_qmix,coord_grid,7,4833,120850,51.5,25,0.050000000000000044,6.324764961997668,65.03812313079834,703.7732320000068
dgn_complete__pair_N6_ego_attention__seed7,dgn_qmix,coord_grid,7,4834,120875,72.5,25,0.050000000000000044,7.8657418092091875,46.31606260935465,703.9140492999577
dgn_complete__pair_N6_ego_attention__seed7,dgn_qmix,coord_grid,7,4835,120900,53.0,25,0.050000000000000044,5.440245603521665,62.79057502746582,704.0686833999935
dgn_complete__pair_N6_ego_attention__seed7,dgn_qmix,coord_grid,7,4836,120925,32.0,25,0.050000000000000044,8.977516906602043,74.34162548610142,704.2106559000094
dgn_complete__pair_N6_ego_attention__seed7,dgn_qmix,coord_grid,7,4837,120950,52.0,25,0.050000000000000044,2.113986164331436,80.05348269144694,704.3431246000109
dgn_complete__pair_N6_ego_attention__seed7,dgn_qmix,coord_grid,7,4838,120975,67.0,25,0.050000000000000044,5.561044891675313,94.96438217163086,704.4489765999606
dgn_complete__pair_N6_ego_attention__seed7,dgn_qmix,coord_grid,7,4839,121000,39.0,25,0.050000000000000044,7.706588665644328,53.36685657501221,704.5886314999661
dgn_complete__pair_N6_ego_attention__seed7,dgn_qmix,coord_grid,7,4840,121025,68.0,25,0.050000000000000044,6.931846810238702,74.79507391793388,704.7288629999966
dgn_complete__pair_N6_ego_attention__seed7,dgn_qmix,coord_grid,7,4841,121050,35.0,25,0.050000000000000044,4.728877132137616,111.23171997070312,704.8664524999913
dgn_complete__pair_N6_ego_attention__seed7,dgn_qmix,coord_grid,7,4842,121075,39.5,25,0.050000000000000044,5.343082721034686,41.012077967325844,705.0271994000068
dgn_complete__pair_N6_ego_attention__seed7,dgn_qmix,coord_grid,7,4843,121100,54.5,25,0.050000000000000044,6.251488154133161,81.38462750116985,705.1476194999996
dgn_complete__pair_N6_ego_attention__seed7,dgn_qmix,coord_grid,7,4844,121125,49.5,25,0.050000000000000044,6.372128784656525,109.10292761666435,705.2986884000129
dgn_complete__pair_N6_ego_attention__seed7,dgn_qmix,coord_grid,7,4845,121150,53.5,25,0.050000000000000044,6.404999057451884,104.81312624613444,705.4270837999647
dgn_complete__pair_N6_ego_attention__seed7,dgn_qmix,coord_grid,7,4846,121175,83.0,25,0.050000000000000044,11.188098827997843,71.29745515187581,705.5423316999804
dgn_complete__pair_N6_ego_attention__seed7,dgn_qmix,coord_grid,7,4847,121200,54.5,25,0.050000000000000044,8.829156905412674,94.82371775309245,705.655625299958
dgn_complete__pair_N6_ego_attention__seed7,dgn_qmix,coord_grid,7,4848,121225,34.5,25,0.050000000000000044,13.908927359751292,61.10672378540039,705.8233864000067
dgn_complete__pair_N6_ego_attention__seed7,dgn_qmix,coord_grid,7,4849,121250,33.5,25,0.050000000000000044,7.283248543739319,87.17032718658447,705.9434278999688
dgn_complete__pair_N6_ego_attention__seed7,dgn_qmix,coord_grid,7,4850,121275,70.5,25,0.050000000000000044,13.898760080337524,74.63545195261638,706.1010513000074
dgn_complete__pair_N6_ego_attention__seed7,dgn_qmix,coord_grid,7,4851,121300,68.0,25,0.050000000000000044,6.324593265851338,86.02668889363606,706.222411099996
dgn_complete__pair_N6_ego_attention__seed7,dgn_qmix,coord_grid,7,4852,121325,67.5,25,0.050000000000000044,4.023786187171936,58.88257735116141,706.3749032999622
dgn_complete__pair_N6_ego_attention__seed7,dgn_qmix,coord_grid,7,4853,121350,65.5,25,0.050000000000000044,4.6199159274498625,66.08094024658203,706.498683199985
dgn_complete__pair_N6_ego_attention__seed7,dgn_qmix,coord_grid,7,4854,121375,50.0,25,0.050000000000000044,6.983716204762459,35.52930132548014,706.6190735999844
dgn_complete__pair_N6_ego_attention__seed7,dgn_qmix,coord_grid,7,4855,121400,51.5,25,0.050000000000000044,3.8887566278378167,66.59416262308757,706.800521600002
dgn_complete__pair_N6_ego_attention__seed7,dgn_qmix,coord_grid,7,4856,121425,45.0,25,0.050000000000000044,6.108517523322787,58.37575939723423,706.9918187999865
dgn_complete__pair_N6_ego_attention__seed7,dgn_qmix,coord_grid,7,4857,121450,50.5,25,0.050000000000000044,12.118652979532877,102.99257564544678,707.1322098000092
dgn_complete__pair_N6_ego_attention__seed7,dgn_qmix,coord_grid,7,4858,121475,56.5,25,0.050000000000000044,2.8720866441726685,55.27737776438395,707.2271216000081
dgn_complete__pair_N6_ego_attention__seed7,dgn_qmix,coord_grid,7,4859,121500,79.5,25,0.050000000000000044,4.851009378830592,107.57770347595215,707.3449333999888
dgn_complete__pair_N6_ego_attention__seed7,dgn_qmix,coord_grid,7,4860,121525,48.5,25,0.050000000000000044,3.410701713391713,87.10544218335833,707.4849847999867
dgn_complete__pair_N6_ego_attention__seed7,dgn_qmix,coord_grid,7,4861,121550,50.0,25,0.050000000000000044,2.966031774878502,72.53992907206218,707.6057752000052
dgn_complete__pair_N6_ego_attention__seed7,dgn_qmix,coord_grid,7,4862,121575,38.0,25,0.050000000000000044,4.58124944070975,48.5232941309611,707.7279765999992
dgn_complete__pair_N6_ego_attention__seed7,dgn_qmix,coord_grid,7,4863,121600,52.0,25,0.050000000000000044,3.787273789445559,49.95819218953451,707.8744774999795
dgn_complete__pair_N6_ego_attention__seed7,dgn_qmix,coord_grid,7,4864,121625,54.5,25,0.050000000000000044,6.022646993398666,56.171742166791645,708.0035179000115
dgn_complete__pair_N6_ego_attention__seed7,dgn_qmix,coord_grid,7,4865,121650,60.5,25,0.050000000000000044,10.331656311949095,54.55706771214803,708.1376964999945
dgn_complete__pair_N6_ego_attention__seed7,dgn_qmix,coord_grid,7,4866,121675,70.0,25,0.050000000000000044,7.975001176198323,70.11933263142903,708.2766072999802
dgn_complete__pair_N6_ego_attention__seed7,dgn_qmix,coord_grid,7,4867,121700,41.5,25,0.050000000000000044,8.000409285227457,50.30840555826823,708.4009092999622
dgn_complete__pair_N6_ego_attention__seed7,dgn_qmix,coord_grid,7,4868,121725,48.5,25,0.050000000000000044,7.046510922057288,114.27674593244281,708.5332078000065
dgn_complete__pair_N6_ego_attention__seed7,dgn_qmix,coord_grid,7,4869,121750,70.0,25,0.050000000000000044,8.943286001682281,105.23332659403484,708.6733977000113
dgn_complete__pair_N6_ego_attention__seed7,dgn_qmix,coord_grid,7,4870,121775,34.0,25,0.050000000000000044,11.433403015136719,85.36008230845134,708.8271875999635
dgn_complete__pair_N6_ego_attention__seed7,dgn_qmix,coord_grid,7,4871,121800,50.5,25,0.050000000000000044,12.161391576131185,61.51131502787272,708.9635427999892
dgn_complete__pair_N6_ego_attention__seed7,dgn_qmix,coord_grid,7,4872,121825,57.0,25,0.050000000000000044,8.611030433859144,120.73010362897601,709.0638597999932
dgn_complete__pair_N6_ego_attention__seed7,dgn_qmix,coord_grid,7,4873,121850,47.5,25,0.050000000000000044,7.216346402963002,73.62631607055664,709.1806918999646
dgn_complete__pair_N6_ego_attention__seed7,dgn_qmix,coord_grid,7,4874,121875,53.0,25,0.050000000000000044,2.8730975836515427,39.46286805470785,709.2895806999877
dgn_complete__pair_N6_ego_attention__seed7,dgn_qmix,coord_grid,7,4875,121900,46.5,25,0.050000000000000044,7.067339340845744,68.85783449808757,709.3973909000051
dgn_complete__pair_N6_ego_attention__seed7,dgn_qmix,coord_grid,7,4876,121925,33.0,25,0.050000000000000044,3.9767032819134847,49.774627685546875,709.5436176999938
dgn_complete__pair_N6_ego_attention__seed7,dgn_qmix,coord_grid,7,4877,121950,43.0,25,0.050000000000000044,4.594046354293823,33.16509501139323,709.6733106999891
dgn_complete__pair_N6_ego_attention__seed7,dgn_qmix,coord_grid,7,4878,121975,26.0,25,0.050000000000000044,7.030314842859904,44.260945638020836,709.8428182000061
dgn_complete__pair_N6_ego_attention__seed7,dgn_qmix,coord_grid,7,4879,122000,51.0,25,0.050000000000000044,5.661294172207515,60.43376684188843,710.0506279999972
dgn_complete__pair_N6_ego_attention__seed7,dgn_qmix,coord_grid,7,4880,122025,41.0,25,0.050000000000000044,11.074141229901995,85.63770021711078,710.1970277999644
dgn_complete__pair_N6_ego_attention__seed7,dgn_qmix,coord_grid,7,4881,122050,52.5,25,0.050000000000000044,7.905784507592519,59.17538356781006,710.3098052999703
dgn_complete__pair_N6_ego_attention__seed7,dgn_qmix,coord_grid,7,4882,122075,30.0,25,0.050000000000000044,8.688207934300104,55.928527196248375,710.4726190000074
dgn_complete__pair_N6_ego_attention__seed7,dgn_qmix,coord_grid,7,4883,122100,55.5,25,0.050000000000000044,5.574754099051158,87.11371103922527,710.611515800003
dgn_complete__pair_N6_ego_attention__seed7,dgn_qmix,coord_grid,7,4884,122125,46.0,25,0.050000000000000044,9.188611371176583,98.60504177638462,710.7636587999878
dgn_complete__pair_N6_ego_attention__seed7,dgn_qmix,coord_grid,7,4885,122150,18.5,25,0.050000000000000044,6.291849792003632,71.40018272399902,710.89993710001
dgn_complete__pair_N6_ego_attention__seed7,dgn_qmix,coord_grid,7,4886,122175,46.5,25,0.050000000000000044,7.171544839938481,51.64591407775879,711.0716295999591
dgn_complete__pair_N6_ego_attention__seed7,dgn_qmix,coord_grid,7,4887,122200,57.0,25,0.050000000000000044,6.2878556450208025,58.92981084187826,711.2215698999935
dgn_complete__pair_N6_ego_attention__seed7,dgn_qmix,coord_grid,7,4888,122225,48.5,25,0.050000000000000044,4.777737579175404,83.89745167323521,711.3881002999842
dgn_complete__pair_N6_ego_attention__seed7,dgn_qmix,coord_grid,7,4889,122250,43.5,25,0.050000000000000044,6.249913990497589,31.478208859761555,711.4926140999887
dgn_complete__pair_N6_ego_attention__seed7,dgn_qmix,coord_grid,7,4890,122275,30.5,25,0.050000000000000044,2.949216733376185,44.581213315327965,711.6575062999618
dgn_complete__pair_N6_ego_attention__seed7,dgn_qmix,coord_grid,7,4891,122300,58.5,25,0.050000000000000044,6.255991707245509,61.045759201049805,711.7891911999905
dgn_complete__pair_N6_ego_attention__seed7,dgn_qmix,coord_grid,7,4892,122325,63.0,25,0.050000000000000044,8.188834624631065,43.60042762756348,711.932628199982
dgn_complete__pair_N6_ego_attention__seed7,dgn_qmix,coord_grid,7,4893,122350,37.0,25,0.050000000000000044,4.680939257144928,89.3663813273112,712.0922755000065
dgn_complete__pair_N6_ego_attention__seed7,dgn_qmix,coord_grid,7,4894,122375,71.5,25,0.050000000000000044,6.51521382232507,96.46959241231282,712.2405908000073
dgn_complete__pair_N6_ego_attention__seed7,dgn_qmix,coord_grid,7,4895,122400,63.5,25,0.050000000000000044,6.504971782366435,109.00193532307942,712.3822919999948
dgn_complete__pair_N6_ego_attention__seed7,dgn_qmix,coord_grid,7,4896,122425,67.0,25,0.050000000000000044,6.9987408093043735,90.83040836879185,712.5121043999679
dgn_complete__pair_N6_ego_attention__seed7,dgn_qmix,coord_grid,7,4897,122450,56.0,25,0.050000000000000044,10.62260298927625,89.38700485229492,712.6616551000043
dgn_complete__pair_N6_ego_attention__seed7,dgn_qmix,coord_grid,7,4898,122475,66.0,25,0.050000000000000044,6.280231237411499,45.66667318344116,712.8179104999872
dgn_complete__pair_N6_ego_attention__seed7,dgn_qmix,coord_grid,7,4899,122500,42.0,25,0.050000000000000044,7.100324834386508,37.4148899714152,712.9635890999925
dgn_complete__pair_N6_ego_attention__seed7,dgn_qmix,coord_grid,7,4900,122525,31.5,25,0.050000000000000044,4.7773526310920715,45.93555504935129,713.1126228999929
dgn_complete__pair_N6_ego_attention__seed7,dgn_qmix,coord_grid,7,4901,122550,72.0,25,0.050000000000000044,3.898159166177114,90.12790552775066,713.2440910000005
dgn_complete__pair_N6_ego_attention__seed7,dgn_qmix,coord_grid,7,4902,122575,61.0,25,0.050000000000000044,5.46615947286288,47.25500742594401,713.405515099992
dgn_complete__pair_N6_ego_attention__seed7,dgn_qmix,coord_grid,7,4903,122600,49.0,25,0.050000000000000044,6.257828449209531,76.37900606791179,713.5252699999837
dgn_complete__pair_N6_ego_attention__seed7,dgn_qmix,coord_grid,7,4904,122625,56.5,25,0.050000000000000044,4.018675442252841,58.58970424107143,713.6549066999578
dgn_complete__pair_N6_ego_attention__seed7,dgn_qmix,coord_grid,7,4905,122650,57.0,25,0.050000000000000044,5.5564656257629395,98.23581822713216,713.7898763999692
dgn_complete__pair_N6_ego_attention__seed7,dgn_qmix,coord_grid,7,4906,122675,66.5,25,0.050000000000000044,5.478454609711965,47.98439915974935,713.9190090000047
dgn_complete__pair_N6_ego_attention__seed7,dgn_qmix,coord_grid,7,4907,122700,60.0,25,0.050000000000000044,9.584505716959635,39.005348205566406,714.086431099975
dgn_complete__pair_N6_ego_attention__seed7,dgn_qmix,coord_grid,7,4908,122725,63.5,25,0.050000000000000044,6.901999243668148,48.90821756635393,714.2525228000013
dgn_complete__pair_N6_ego_attention__seed7,dgn_qmix,coord_grid,7,4909,122750,61.0,25,0.050000000000000044,7.210754970709483,65.92376486460368,714.3599061999703
dgn_complete__pair_N6_ego_attention__seed7,dgn_qmix,coord_grid,7,4910,122775,35.5,25,0.050000000000000044,2.897586156924566,41.96708106994629,714.5436656000093
dgn_complete__pair_N6_ego_attention__seed7,dgn_qmix,coord_grid,7,4911,122800,52.0,25,0.050000000000000044,5.527522385120392,70.66552670796712,714.6723443999654
dgn_complete__pair_N6_ego_attention__seed7,dgn_qmix,coord_grid,7,4912,122825,35.0,25,0.050000000000000044,10.002487812723432,133.5692264011928,714.8309810999781
dgn_complete__pair_N6_ego_attention__seed7,dgn_qmix,coord_grid,7,4913,122850,44.5,25,0.050000000000000044,4.770548830429713,75.39059861501057,714.9586587999947
dgn_complete__pair_N6_ego_attention__seed7,dgn_qmix,coord_grid,7,4914,122875,60.0,25,0.050000000000000044,10.464061518510183,47.163153966267906,715.100907999964
dgn_complete__pair_N6_ego_attention__seed7,dgn_qmix,coord_grid,7,4915,122900,53.5,25,0.050000000000000044,6.188983390728633,52.60125700632731,715.2263326999964
dgn_complete__pair_N6_ego_attention__seed7,dgn_qmix,coord_grid,7,4916,122925,44.0,25,0.050000000000000044,4.7908216672284265,68.36426380702427,715.3687487000134
dgn_complete__pair_N6_ego_attention__seed7,dgn_qmix,coord_grid,7,4917,122950,33.0,25,0.050000000000000044,11.055473566055298,32.01704692840576,715.5347633999772
dgn_complete__pair_N6_ego_attention__seed7,dgn_qmix,coord_grid,7,4918,122975,42.0,25,0.050000000000000044,5.274770786364873,38.49235280354818,715.6950657999841
dgn_complete__pair_N6_ego_attention__seed7,dgn_qmix,coord_grid,7,4919,123000,51.0,25,0.050000000000000044,10.380172173182169,67.2258432706197,715.8287454000092
dgn_complete__pair_N6_ego_attention__seed7,dgn_qmix,coord_grid,7,4920,123025,47.5,25,0.050000000000000044,4.760325218949999,67.62897763933454,715.9878309000051
dgn_complete__pair_N6_ego_attention__seed7,dgn_qmix,coord_grid,7,4921,123050,37.5,25,0.050000000000000044,6.297001466155052,45.11642519632975,716.1286932000075
dgn_complete__pair_N6_ego_attention__seed7,dgn_qmix,coord_grid,7,4922,123075,42.5,25,0.050000000000000044,7.007138992349307,33.69763024648031,716.2678750999621
dgn_complete__pair_N6_ego_attention__seed7,dgn_qmix,coord_grid,7,4923,123100,46.0,25,0.050000000000000044,5.395189210772514,54.1488364537557,716.4163226999808
dgn_complete__pair_N6_ego_attention__seed7,dgn_qmix,coord_grid,7,4924,123125,64.5,25,0.050000000000000044,4.687601728098733,44.736579350062776,716.5994089999585
dgn_complete__pair_N6_ego_attention__seed7,dgn_qmix,coord_grid,7,4925,123150,46.0,25,0.050000000000000044,6.398163378238678,56.09048970540365,716.7097158000106
dgn_complete__pair_N6_ego_attention__seed7,dgn_qmix,coord_grid,7,4926,123175,38.0,25,0.050000000000000044,10.484865268071493,66.91789627075195,716.8392873000121
dgn_complete__pair_N6_ego_attention__seed7,dgn_qmix,coord_grid,7,4927,123200,80.5,25,0.050000000000000044,8.89272607366244,74.76146125793457,716.970239199989
dgn_complete__pair_N6_ego_attention__seed7,dgn_qmix,coord_grid,7,4928,123225,80.5,25,0.050000000000000044,6.1219766054834635,53.672005789620535,717.0793268000125
dgn_complete__pair_N6_ego_attention__seed7,dgn_qmix,coord_grid,7,4929,123250,34.5,25,0.050000000000000044,5.51987557609876,62.876962661743164,717.2052360000089
dgn_complete__pair_N6_ego_attention__seed7,dgn_qmix,coord_grid,7,4930,123275,51.5,25,0.050000000000000044,5.621996949116389,101.0682767232259,717.3507151000085
dgn_complete__pair_N6_ego_attention__seed7,dgn_qmix,coord_grid,7,4931,123300,51.5,25,0.050000000000000044,7.978647102912267,44.70193099975586,717.5042409999878
dgn_complete__pair_N6_ego_attention__seed7,dgn_qmix,coord_grid,7,4932,123325,63.0,25,0.050000000000000044,6.909103350979941,46.62712451389858,717.6401448000106
dgn_complete__pair_N6_ego_attention__seed7,dgn_qmix,coord_grid,7,4933,123350,46.0,25,0.050000000000000044,7.003323624531428,33.44802316029867,717.7990965999779
dgn_complete__pair_N6_ego_attention__seed7,dgn_qmix,coord_grid,7,4934,123375,38.0,25,0.050000000000000044,3.6994075377782187,41.13567956288656,717.9064295999706
dgn_complete__pair_N6_ego_attention__seed7,dgn_qmix,coord_grid,7,4935,123400,58.0,25,0.050000000000000044,5.440384149551392,64.66487693786621,718.0061739999801
dgn_complete__pair_N6_ego_attention__seed7,dgn_qmix,coord_grid,7,4936,123425,59.5,25,0.050000000000000044,6.128248521259853,159.72580337524414,718.1746004999732
dgn_complete__pair_N6_ego_attention__seed7,dgn_qmix,coord_grid,7,4937,123450,28.0,25,0.050000000000000044,12.024928112824758,142.96868832906088,718.3338483999833
dgn_complete__pair_N6_ego_attention__seed7,dgn_qmix,coord_grid,7,4938,123475,40.0,25,0.050000000000000044,7.677315523227056,139.8210474650065,718.496753000014
dgn_complete__pair_N6_ego_attention__seed7,dgn_qmix,coord_grid,7,4939,123500,59.0,25,0.050000000000000044,6.890854130188624,149.5299301147461,718.7207731999806
dgn_complete__pair_N6_ego_attention__seed7,dgn_qmix,coord_grid,7,4940,123525,68.0,25,0.050000000000000044,6.066780013697488,121.47152382986886,718.8695098999888
dgn_complete__pair_N6_ego_attention__seed7,dgn_qmix,coord_grid,7,4941,123550,59.5,25,0.050000000000000044,8.299227520823479,106.1912841796875,718.9802668999764
dgn_complete__pair_N6_ego_attention__seed7,dgn_qmix,coord_grid,7,4942,123575,77.5,25,0.050000000000000044,12.149831692377726,70.25206311543782,719.1228862999706
dgn_complete__pair_N6_ego_attention__seed7,dgn_qmix,coord_grid,7,4943,123600,61.0,25,0.050000000000000044,3.1474067171414695,82.8142245610555,719.2642431000131
dgn_complete__pair_N6_ego_attention__seed7,dgn_qmix,coord_grid,7,4944,123625,61.0,25,0.050000000000000044,4.987952828407288,78.6470366886684,719.3981316999998
dgn_complete__pair_N6_ego_attention__seed7,dgn_qmix,coord_grid,7,4945,123650,48.5,25,0.050000000000000044,4.6124891837437945,58.79134972890218,719.5212361000013
dgn_complete__pair_N6_ego_attention__seed7,dgn_qmix,coord_grid,7,4946,123675,55.5,25,0.050000000000000044,16.336044470469158,46.47276051839193,719.6258882000111
dgn_complete__pair_N6_ego_attention__seed7,dgn_qmix,coord_grid,7,4947,123700,64.0,25,0.050000000000000044,8.002244368195534,57.213640213012695,719.7883224000107
dgn_complete__pair_N6_ego_attention__seed7,dgn_qmix,coord_grid,7,4948,123725,53.0,25,0.050000000000000044,11.109719548906599,58.018256596156526,719.9361692999955
dgn_complete__pair_N6_ego_attention__seed7,dgn_qmix,coord_grid,7,4949,123750,61.5,25,0.050000000000000044,2.985583946108818,64.87533473968506,720.0593623999739
dgn_complete__pair_N6_ego_attention__seed7,dgn_qmix,coord_grid,7,4950,123775,35.5,25,0.050000000000000044,7.993257075548172,44.553184032440186,720.1851153000025
dgn_complete__pair_N6_ego_attention__seed7,dgn_qmix,coord_grid,7,4951,123800,74.0,25,0.050000000000000044,3.0600875169038773,35.956223487854004,720.3188744999934
dgn_complete__pair_N6_ego_attention__seed7,dgn_qmix,coord_grid,7,4952,123825,40.0,25,0.050000000000000044,6.82078988637243,53.555387769426616,720.5101234999602
dgn_complete__pair_N6_ego_attention__seed7,dgn_qmix,coord_grid,7,4953,123850,56.5,25,0.050000000000000044,10.419017935792604,57.37417125701904,720.6431876000133
dgn_complete__pair_N6_ego_attention__seed7,dgn_qmix,coord_grid,7,4954,123875,54.0,25,0.050000000000000044,11.420239607493082,81.90572865804036,720.7780285999761
dgn_complete__pair_N6_ego_attention__seed7,dgn_qmix,coord_grid,7,4955,123900,19.0,25,0.050000000000000044,4.954936315615972,120.94054794311523,720.9143796999706
dgn_complete__pair_N6_ego_attention__seed7,dgn_qmix,coord_grid,7,4956,123925,50.0,25,0.050000000000000044,5.549505429608481,99.29497037615094,721.0361206000089
dgn_complete__pair_N6_ego_attention__seed7,dgn_qmix,coord_grid,7,4957,123950,40.0,25,0.050000000000000044,6.195391709605853,59.69694836934408,721.195228800003
dgn_complete__pair_N6_ego_attention__seed7,dgn_qmix,coord_grid,7,4958,123975,26.5,25,0.050000000000000044,4.6766150544087095,39.611711184183754,721.3254892000114
dgn_complete__pair_N6_ego_attention__seed7,dgn_qmix,coord_grid,7,4959,124000,44.5,25,0.050000000000000044,11.344913085301718,93.23879623413086,721.4468275000108
dgn_complete__pair_N6_ego_attention__seed7,dgn_qmix,coord_grid,7,4960,124025,60.5,25,0.050000000000000044,5.904249404157911,126.8896724155971,721.5736781999585
dgn_complete__pair_N6_ego_attention__seed7,dgn_qmix,coord_grid,7,4961,124050,27.0,25,0.050000000000000044,4.992013285557429,123.49503835042317,721.6758823000127
dgn_complete__pair_N6_ego_attention__seed7,dgn_qmix,coord_grid,7,4962,124075,63.0,25,0.050000000000000044,7.381860723098119,99.40326499938965,721.8069569999934
dgn_complete__pair_N6_ego_attention__seed7,dgn_qmix,coord_grid,7,4963,124100,45.5,25,0.050000000000000044,5.46286541223526,70.34683640797932,721.9399382999982
dgn_complete__pair_N6_ego_attention__seed7,dgn_qmix,coord_grid,7,4964,124125,62.5,25,0.050000000000000044,6.5925628542900085,122.85558646065849,722.0787386999582
dgn_complete__pair_N6_ego_attention__seed7,dgn_qmix,coord_grid,7,4965,124150,48.0,25,0.050000000000000044,8.046634842952093,55.224181175231934,722.1901360999909
dgn_complete__pair_N6_ego_attention__seed7,dgn_qmix,coord_grid,7,4966,124175,55.5,25,0.050000000000000044,7.257916867733002,92.18243439992268,722.3371873999713
dgn_complete__pair_N6_ego_attention__seed7,dgn_qmix,coord_grid,7,4967,124200,66.5,25,0.050000000000000044,6.315040151278178,73.42687225341797,722.4738184000016
dgn_complete__pair_N6_ego_attention__seed7,dgn_qmix,coord_grid,7,4968,124225,42.5,25,0.050000000000000044,4.304507076740265,126.0104239327567,722.6175710000098
dgn_complete__pair_N6_ego_attention__seed7,dgn_qmix,coord_grid,7,4969,124250,73.5,25,0.050000000000000044,4.873299275835355,85.11479059855144,722.7734110999736
dgn_complete__pair_N6_ego_attention__seed7,dgn_qmix,coord_grid,7,4970,124275,67.0,25,0.050000000000000044,8.096780071655909,85.74207909901936,722.9082760000019
dgn_complete__pair_N6_ego_attention__seed7,dgn_qmix,coord_grid,7,4971,124300,54.5,25,0.050000000000000044,3.9515854666630426,99.24344666798909,723.0460258999956
dgn_complete__pair_N6_ego_attention__seed7,dgn_qmix,coord_grid,7,4972,124325,64.0,25,0.050000000000000044,4.108920970133373,97.45456314086914,723.1823614999885
dgn_complete__pair_N6_ego_attention__seed7,dgn_qmix,coord_grid,7,4973,124350,51.0,25,0.050000000000000044,5.497236788272858,90.47148513793945,723.3354509999626
dgn_complete__pair_N6_ego_attention__seed7,dgn_qmix,coord_grid,7,4974,124375,51.5,25,0.050000000000000044,7.144251947601636,55.42771339416504,723.451000800007
dgn_complete__pair_N6_ego_attention__seed7,dgn_qmix,coord_grid,7,4975,124400,55.0,25,0.050000000000000044,6.175499627987544,45.932728131612144,723.605302699958
dgn_complete__pair_N6_ego_attention__seed7,dgn_qmix,coord_grid,7,4976,124425,65.5,25,0.050000000000000044,2.557235458067485,39.18810680934361,723.7489938999643
dgn_complete__pair_N6_ego_attention__seed7,dgn_qmix,coord_grid,7,4977,124450,40.0,25,0.050000000000000044,4.84286035100619,71.24711449940999,723.8894356999663
dgn_complete__pair_N6_ego_attention__seed7,dgn_qmix,coord_grid,7,4978,124475,52.5,25,0.050000000000000044,8.131135980288187,61.77526887257894,724.0108657999663
dgn_complete__pair_N6_ego_attention__seed7,dgn_qmix,coord_grid,7,4979,124500,57.5,25,0.050000000000000044,8.888296291232109,57.699700037638344,724.1536804999923
dgn_complete__pair_N6_ego_attention__seed7,dgn_qmix,coord_grid,7,4980,124525,51.5,25,0.050000000000000044,7.818397147314889,49.67253793988909,724.3247187999659
dgn_complete__pair_N6_ego_attention__seed7,dgn_qmix,coord_grid,7,4981,124550,57.0,25,0.050000000000000044,8.009987672170004,42.85376834869385,724.4786358000129
dgn_complete__pair_N6_ego_attention__seed7,dgn_qmix,coord_grid,7,4982,124575,65.0,25,0.050000000000000044,4.615416924158732,36.614478747049965,724.6575735000079
dgn_complete__pair_N6_ego_attention__seed7,dgn_qmix,coord_grid,7,4983,124600,48.0,25,0.050000000000000044,7.200271129608154,30.31141535441081,724.8379957999568
dgn_complete__pair_N6_ego_attention__seed7,dgn_qmix,coord_grid,7,4984,124625,67.0,25,0.050000000000000044,5.5539001524448395,43.61290577479771,725.0014907000004
dgn_complete__pair_N6_ego_attention__seed7,dgn_qmix,coord_grid,7,4985,124650,54.0,25,0.050000000000000044,7.0601790000995,42.27198855082194,725.1499460999621
dgn_complete__pair_N6_ego_attention__seed7,dgn_qmix,coord_grid,7,4986,124675,28.0,25,0.050000000000000044,8.0201416015625,49.549777030944824,725.2949085999862
dgn_complete__pair_N6_ego_attention__seed7,dgn_qmix,coord_grid,7,4987,124700,58.0,25,0.050000000000000044,6.380011081695557,47.111175537109375,725.4049370000139
dgn_complete__pair_N6_ego_attention__seed7,dgn_qmix,coord_grid,7,4988,124725,56.0,25,0.050000000000000044,8.460135119301933,50.98975345066616,725.5280740999733
dgn_complete__pair_N6_ego_attention__seed7,dgn_qmix,coord_grid,7,4989,124750,45.0,25,0.050000000000000044,4.087364902098973,127.93980534871419,725.6267147999606
dgn_complete__pair_N6_ego_attention__seed7,dgn_qmix,coord_grid,7,4990,124775,52.5,25,0.050000000000000044,4.719513580203056,105.75792121887207,725.7269524000003
dgn_complete__pair_N6_ego_attention__seed7,dgn_qmix,coord_grid,7,4991,124800,63.0,25,0.050000000000000044,8.027522464593252,34.07190259297689,725.8987177999807
dgn_complete__pair_N6_ego_attention__seed7,dgn_qmix,coord_grid,7,4992,124825,47.0,25,0.050000000000000044,6.186276763677597,52.469895771571565,726.0674635999603
dgn_complete__pair_N6_ego_attention__seed7,dgn_qmix,coord_grid,7,4993,124850,44.5,25,0.050000000000000044,6.4469107786814375,94.48036066691081,726.2499629000085
dgn_complete__pair_N6_ego_attention__seed7,dgn_qmix,coord_grid,7,4994,124875,51.0,25,0.050000000000000044,7.225169102350871,76.88650576273601,726.4068722999655
dgn_complete__pair_N6_ego_attention__seed7,dgn_qmix,coord_grid,7,4995,124900,25.5,25,0.050000000000000044,7.338555574417114,82.59968566894531,726.5783323000069
dgn_complete__pair_N6_ego_attention__seed7,dgn_qmix,coord_grid,7,4996,124925,30.0,25,0.050000000000000044,7.006277335541589,75.90834563119071,726.704614599992
dgn_complete__pair_N6_ego_attention__seed7,dgn_qmix,coord_grid,7,4997,124950,44.5,25,0.050000000000000044,6.512451122204463,83.15636761983235,726.8147721000132
dgn_complete__pair_N6_ego_attention__seed7,dgn_qmix,coord_grid,7,4998,124975,57.0,25,0.050000000000000044,7.271139045556386,55.089389165242515,726.9573890999891
dgn_complete__pair_N6_ego_attention__seed7,dgn_qmix,coord_grid,7,4999,125000,42.0,25,0.050000000000000044,7.110173687338829,50.0526377360026,727.0843353999662
dgn_complete__pair_N6_ego_attention__seed7,dgn_qmix,coord_grid,7,5000,125025,66.0,25,0.050000000000000044,4.866443186998367,55.07436316353934,727.2133206999861
dgn_complete__pair_N6_ego_attention__seed7,dgn_qmix,coord_grid,7,5001,125050,48.0,25,0.050000000000000044,8.829448819160461,54.03077793121338,727.3425626999815
dgn_complete__pair_N6_ego_attention__seed7,dgn_qmix,coord_grid,7,5002,125075,39.5,25,0.050000000000000044,6.334439093867938,83.07419697443645,727.4859026999911
dgn_complete__pair_N6_ego_attention__seed7,dgn_qmix,coord_grid,7,5003,125100,71.0,25,0.050000000000000044,6.49434952934583,94.29033660888672,727.6105770999566
dgn_complete__pair_N6_ego_attention__seed7,dgn_qmix,coord_grid,7,5004,125125,32.0,25,0.050000000000000044,9.25456063236509,90.19391904558454,727.7084840000025
dgn_complete__pair_N6_ego_attention__seed7,dgn_qmix,coord_grid,7,5005,125150,69.5,25,0.050000000000000044,10.693286657333374,93.932785987854,727.8369175000116
dgn_complete__pair_N6_ego_attention__seed7,dgn_qmix,coord_grid,7,5006,125175,58.0,25,0.050000000000000044,8.437880516052246,124.97940190633138,728.0035908999853
dgn_complete__pair_N6_ego_attention__seed7,dgn_qmix,coord_grid,7,5007,125200,57.0,25,0.050000000000000044,3.9021515051523843,77.73873964945476,728.1281543999794
dgn_complete__pair_N6_ego_attention__seed7,dgn_qmix,coord_grid,7,5008,125225,36.5,25,0.050000000000000044,6.978258456502642,56.24912016732352,728.3162067999947
dgn_complete__pair_N6_ego_attention__seed7,dgn_qmix,coord_grid,7,5009,125250,44.0,25,0.050000000000000044,2.9069557984670005,40.63481521606445,728.542990499991
dgn_complete__pair_N6_ego_attention__seed7,dgn_qmix,coord_grid,7,5010,125275,52.5,25,0.050000000000000044,6.400125165780385,62.84928448994955,728.693585800007
dgn_complete__pair_N6_ego_attention__seed7,dgn_qmix,coord_grid,7,5011,125300,61.5,25,0.050000000000000044,8.256862769524256,94.27980995178223,728.8153562999796
dgn_complete__pair_N6_ego_attention__seed7,dgn_qmix,coord_grid,7,5012,125325,38.5,25,0.050000000000000044,6.0226602639470785,127.0146484375,728.9654532999848
dgn_complete__pair_N6_ego_attention__seed7,dgn_qmix,coord_grid,7,5013,125350,45.5,25,0.050000000000000044,8.348866611719131,96.18136342366536,729.1206318999757
dgn_complete__pair_N6_ego_attention__seed7,dgn_qmix,coord_grid,7,5014,125375,40.5,25,0.050000000000000044,9.879746144016584,62.108825047810875,729.2850462999777
dgn_complete__pair_N6_ego_attention__seed7,dgn_qmix,coord_grid,7,5015,125400,47.5,25,0.050000000000000044,9.047480801741282,91.33453687032063,729.4157316999626
dgn_complete__pair_N6_ego_attention__seed7,dgn_qmix,coord_grid,7,5016,125425,76.5,25,0.050000000000000044,11.97895724432809,74.98909541538784,729.5590646999772
dgn_complete__pair_N6_ego_attention__seed7,dgn_qmix,coord_grid,7,5017,125450,37.5,25,0.050000000000000044,11.435757468144098,95.7674986521403,729.6725369999767
dgn_complete__pair_N6_ego_attention__seed7,dgn_qmix,coord_grid,7,5018,125475,44.5,25,0.050000000000000044,12.144423017899195,81.82839457194011,729.7925048999605
dgn_complete__pair_N6_ego_attention__seed7,dgn_qmix,coord_grid,7,5019,125500,50.5,25,0.050000000000000044,5.458645348747571,94.01598230997722,729.9366300000111
dgn_complete__pair_N6_ego_attention__seed7,dgn_qmix,coord_grid,7,5020,125525,65.5,25,0.050000000000000044,4.7969310368810385,38.13372121538435,730.1118892999948
dgn_complete__pair_N6_ego_attention__seed7,dgn_qmix,coord_grid,7,5021,125550,58.0,25,0.050000000000000044,4.666420951485634,43.060495694478355,730.2894153000088
dgn_complete__pair_N6_ego_attention__seed7,dgn_qmix,coord_grid,7,5022,125575,68.0,25,0.050000000000000044,7.984181612730026,41.73795382181803,730.4365017999662
dgn_complete__pair_N6_ego_attention__seed7,dgn_qmix,coord_grid,7,5023,125600,62.0,25,0.050000000000000044,11.4313325881958,60.37063980102539,730.5545636999886
dgn_complete__pair_N6_ego_attention__seed7,dgn_qmix,coord_grid,7,5024,125625,45.5,25,0.050000000000000044,4.256620143141065,88.26255307878766,730.6924059999874
dgn_complete__pair_N6_ego_attention__seed7,dgn_qmix,coord_grid,7,5025,125650,44.5,25,0.050000000000000044,7.186227366328239,106.58554013570149,730.8595402999781
dgn_complete__pair_N6_ego_attention__seed7,dgn_qmix,coord_grid,7,5026,125675,53.5,25,0.050000000000000044,7.299599379301071,90.36239910125732,730.9671300000045
dgn_complete__pair_N6_ego_attention__seed7,dgn_qmix,coord_grid,7,5027,125700,57.5,25,0.050000000000000044,7.196381827195485,92.92980448404948,731.1375696999603
dgn_complete__pair_N6_ego_attention__seed7,dgn_qmix,coord_grid,7,5028,125725,64.5,25,0.050000000000000044,9.199838025229317,51.58023806980678,731.2433428000077
dgn_complete__pair_N6_ego_attention__seed7,dgn_qmix,coord_grid,7,5029,125750,69.0,25,0.050000000000000044,7.087751900156339,68.75455093383789,731.3803309999639
dgn_complete__pair_N6_ego_attention__seed7,dgn_qmix,coord_grid,7,5030,125775,53.5,25,0.050000000000000044,8.121556972463926,91.52045313517253,731.5108947000117
dgn_complete__pair_N6_ego_attention__seed7,dgn_qmix,coord_grid,7,5031,125800,55.0,25,0.050000000000000044,10.606621424357096,58.06489372253418,731.6739811999723
dgn_complete__pair_N6_ego_attention__seed7,dgn_qmix,coord_grid,7,5032,125825,37.5,25,0.050000000000000044,7.0678709745407104,106.26982716151646,731.8390044000116
dgn_complete__pair_N6_ego_attention__seed7,dgn_qmix,coord_grid,7,5033,125850,52.0,25,0.050000000000000044,9.630555291970571,95.29738140106201,731.9915287999902
dgn_complete__pair_N6_ego_attention__seed7,dgn_qmix,coord_grid,7,5034,125875,52.5,25,0.050000000000000044,9.130315606792768,118.46042251586914,732.1053560999571
dgn_complete__pair_N6_ego_attention__seed7,dgn_qmix,coord_grid,7,5035,125900,22.5,25,0.050000000000000044,5.440123791495959,66.92179997762044,732.2377966999775
dgn_complete__pair_N6_ego_attention__seed7,dgn_qmix,coord_grid,7,5036,125925,13.5,25,0.050000000000000044,6.8147174417972565,57.16454315185547,732.3685788000003
dgn_complete__pair_N6_ego_attention__seed7,dgn_qmix,coord_grid,7,5037,125950,44.0,25,0.050000000000000044,7.067623655001323,64.5457108815511,732.510988199967
dgn_complete__pair_N6_ego_attention__seed7,dgn_qmix,coord_grid,7,5038,125975,69.0,25,0.050000000000000044,4.632426341374715,54.48540433247884,732.6358128999709
dgn_complete__pair_N6_ego_attention__seed7,dgn_qmix,coord_grid,7,5039,126000,41.5,25,0.050000000000000044,13.003638823827108,43.318668365478516,732.8249829999986
dgn_complete__pair_N6_ego_attention__seed7,dgn_qmix,coord_grid,7,5040,126025,46.0,25,0.050000000000000044,5.621567615440914,91.06455666678292,733.0274271999951
dgn_complete__pair_N6_ego_attention__seed7,dgn_qmix,coord_grid,7,5041,126050,32.0,25,0.050000000000000044,4.705708002050717,79.08993212381999,733.2274963000091
dgn_complete__pair_N6_ego_attention__seed7,dgn_qmix,coord_grid,7,5042,126075,52.5,25,0.050000000000000044,9.736179689566294,43.77100626627604,733.3671441999613
dgn_complete__pair_N6_ego_attention__seed7,dgn_qmix,coord_grid,7,5043,126100,83.5,25,0.050000000000000044,5.53000162045161,67.52769978841145,733.4891331999679
dgn_complete__pair_N6_ego_attention__seed7,dgn_qmix,coord_grid,7,5044,126125,35.0,25,0.050000000000000044,2.7363527289458682,71.07018715994698,733.6186243999982
dgn_complete__pair_N6_ego_attention__seed7,dgn_qmix,coord_grid,7,5045,126150,49.0,25,0.050000000000000044,4.70583959420522,65.27619330088298,733.7597493999638
dgn_complete__pair_N6_ego_attention__seed7,dgn_qmix,coord_grid,7,5046,126175,60.0,25,0.050000000000000044,8.0748929977417,82.29476801554362,733.9186853999854
dgn_complete__pair_N6_ego_attention__seed7,dgn_qmix,coord_grid,7,5047,126200,60.5,25,0.050000000000000044,6.536585966746013,82.13480122884114,734.1543172000092
dgn_complete__pair_N6_ego_attention__seed7,dgn_qmix,coord_grid,7,5048,126225,57.5,25,0.050000000000000044,6.252859924520765,103.03896113804409,734.2923064999632
dgn_complete__pair_N6_ego_attention__seed7,dgn_qmix,coord_grid,7,5049,126250,62.5,25,0.050000000000000044,3.0601504097382226,66.37839953104655,734.4449307000032
dgn_complete__pair_N6_ego_attention__seed7,dgn_qmix,coord_grid,7,5050,126275,41.5,25,0.050000000000000044,5.704988161722819,90.53644339243571,734.5562442999799
dgn_complete__pair_N6_ego_attention__seed7,dgn_qmix,coord_grid,7,5051,126300,61.5,25,0.050000000000000044,6.4018259445826216,78.54585393269856,734.6596524000051
dgn_complete__pair_N6_ego_attention__seed7,dgn_qmix,coord_grid,7,5052,126325,66.0,25,0.050000000000000044,2.7940888788018907,77.61630467006138,734.8259147999925
dgn_complete__pair_N6_ego_attention__seed7,dgn_qmix,coord_grid,7,5053,126350,56.5,25,0.050000000000000044,4.782177716493607,69.02528222401936,735.0059987999848
dgn_complete__pair_N6_ego_attention__seed7,dgn_qmix,coord_grid,7,5054,126375,52.0,25,0.050000000000000044,5.515185664097468,66.99855677286784,735.1090628000093
dgn_complete__pair_N6_ego_attention__seed7,dgn_qmix,coord_grid,7,5055,126400,55.0,25,0.050000000000000044,9.839640657107035,48.051994959513344,735.2361589999637
dgn_complete__pair_N6_ego_attention__seed7,dgn_qmix,coord_grid,7,5056,126425,35.5,25,0.050000000000000044,7.705777781350272,75.42370659964425,735.3730788999819
dgn_complete__pair_N6_ego_attention__seed7,dgn_qmix,coord_grid,7,5057,126450,51.0,25,0.050000000000000044,6.613373989860217,102.59567070007324,735.5164693999686
dgn_complete__pair_N6_ego_attention__seed7,dgn_qmix,coord_grid,7,5058,126475,49.0,25,0.050000000000000044,6.594051877657573,117.15679868062337,735.6619279999868
dgn_complete__pair_N6_ego_attention__seed7,dgn_qmix,coord_grid,7,5059,126500,46.5,25,0.050000000000000044,10.073073953390121,120.6607271830241,735.8131002999726
dgn_complete__pair_N6_ego_attention__seed7,dgn_qmix,coord_grid,7,5060,126525,69.0,25,0.050000000000000044,4.982195445469448,119.0338134765625,736.050728400005
dgn_complete__pair_N6_ego_attention__seed7,dgn_qmix,coord_grid,7,5061,126550,62.5,25,0.050000000000000044,11.816876093546549,128.6779499053955,736.1967673999607
dgn_complete__pair_N6_ego_attention__seed7,dgn_qmix,coord_grid,7,5062,126575,67.0,25,0.050000000000000044,12.38572629292806,81.61296049753825,736.3625235999934
dgn_complete__pair_N6_ego_attention__seed7,dgn_qmix,coord_grid,7,5063,126600,47.0,25,0.050000000000000044,8.805888414382935,75.74553553263347,736.509634499962
dgn_complete__pair_N6_ego_attention__seed7,dgn_qmix,coord_grid,7,5064,126625,74.0,25,0.050000000000000044,4.821716342653547,83.6010387965611,736.663606099959
dgn_complete__pair_N6_ego_attention__seed7,dgn_qmix,coord_grid,7,5065,126650,35.5,25,0.050000000000000044,6.567116181055705,69.79063002268474,736.7873770999722
dgn_complete__pair_N6_ego_attention__seed7,dgn_qmix,coord_grid,7,5066,126675,64.0,25,0.050000000000000044,6.414335186282794,91.01973470052083,736.9023709999747
dgn_complete__pair_N6_ego_attention__seed7,dgn_qmix,coord_grid,7,5067,126700,71.0,25,0.050000000000000044,7.965017716089885,51.59896945953369,737.025717499957
dgn_complete__pair_N6_ego_attention__seed7,dgn_qmix,coord_grid,7,5068,126725,37.5,25,0.050000000000000044,7.005188856806074,80.10592978341239,737.153127699974
dgn_complete__pair_N6_ego_attention__seed7,dgn_qmix,coord_grid,7,5069,126750,66.5,25,0.050000000000000044,8.97000765800476,74.85671806335449,737.2710888999864
dgn_complete__pair_N6_ego_attention__seed7,dgn_qmix,coord_grid,7,5070,126775,44.0,25,0.050000000000000044,7.2744810581207275,83.48201751708984,737.3988990999642
dgn_complete__pair_N6_ego_attention__seed7,dgn_qmix,coord_grid,7,5071,126800,53.0,25,0.050000000000000044,5.570341115196546,52.298216342926025,737.5162798999809
dgn_complete__pair_N6_ego_attention__seed7,dgn_qmix,coord_grid,7,5072,126825,56.5,25,0.050000000000000044,4.87955716252327,71.59691647120884,737.6533420999767
dgn_complete__pair_N6_ego_attention__seed7,dgn_qmix,coord_grid,7,5073,126850,42.5,25,0.050000000000000044,8.357544968525568,111.709534962972,737.8278612999711
dgn_complete__pair_N6_ego_attention__seed7,dgn_qmix,coord_grid,7,5074,126875,44.0,25,0.050000000000000044,6.643118937810262,96.21520487467448,737.9979518000036
dgn_complete__pair_N6_ego_attention__seed7,dgn_qmix,coord_grid,7,5075,126900,47.0,25,0.050000000000000044,6.279124120871226,88.50348218282063,738.1101811999688
dgn_complete__pair_N6_ego_attention__seed7,dgn_qmix,coord_grid,7,5076,126925,53.0,25,0.050000000000000044,6.9585257938929965,56.9179311479841,738.2918928000145
dgn_complete__pair_N6_ego_attention__seed7,dgn_qmix,coord_grid,7,5077,126950,44.5,25,0.050000000000000044,5.3932490448156996,58.87717501322428,738.4320013999823
dgn_complete__pair_N6_ego_attention__seed7,dgn_qmix,coord_grid,7,5078,126975,72.0,25,0.050000000000000044,7.111244305968285,39.17213821411133,738.5602404999663
dgn_complete__pair_N6_ego_attention__seed7,dgn_qmix,coord_grid,7,5079,127000,50.0,25,0.050000000000000044,8.242084821065268,53.39036273956299,738.7036985000013
dgn_complete__pair_N6_ego_attention__seed7,dgn_qmix,coord_grid,7,5080,127025,49.5,25,0.050000000000000044,8.441808934722628,72.04062298366001,738.859175199992
dgn_complete__pair_N6_ego_attention__seed7,dgn_qmix,coord_grid,7,5081,127050,65.5,25,0.050000000000000044,8.161729792753855,58.33881505330404,739.0090127000003
dgn_complete__pair_N6_ego_attention__seed7,dgn_qmix,coord_grid,7,5082,127075,54.0,25,0.050000000000000044,3.8794999718666077,66.3417460123698,739.1152442999883
dgn_complete__pair_N6_ego_attention__seed7,dgn_qmix,coord_grid,7,5083,127100,52.5,25,0.050000000000000044,6.490667646129926,58.45895957946777,739.2640216000145
dgn_complete__pair_N6_ego_attention__seed7,dgn_qmix,coord_grid,7,5084,127125,45.0,25,0.050000000000000044,4.032911019665854,45.63941928318569,739.4026423000032
dgn_complete__pair_N6_ego_attention__seed7,dgn_qmix,coord_grid,7,5085,127150,33.0,25,0.050000000000000044,7.256348222494125,43.66637865702311,739.4967345999903
dgn_complete__pair_N6_ego_attention__seed7,dgn_qmix,coord_grid,7,5086,127175,54.5,25,0.050000000000000044,7.254568969209989,74.64686648050944,739.6303844999638
dgn_complete__pair_N6_ego_attention__seed7,dgn_qmix,coord_grid,7,5087,127200,57.5,25,0.050000000000000044,5.830616056919098,110.4185962677002,739.7389161000028
dgn_complete__pair_N6_ego_attention__seed7,dgn_qmix,coord_grid,7,5088,127225,58.0,25,0.050000000000000044,10.802797658102852,52.13072313581194,739.8912044999888
dgn_complete__pair_N6_ego_attention__seed7,dgn_qmix,coord_grid,7,5089,127250,45.5,25,0.050000000000000044,6.522895887494087,95.4235471089681,740.0333344999817
dgn_complete__pair_N6_ego_attention__seed7,dgn_qmix,coord_grid,7,5090,127275,61.5,25,0.050000000000000044,6.744201382001241,113.47992420196533,740.1902384000132
dgn_complete__pair_N6_ego_attention__seed7,dgn_qmix,coord_grid,7,5091,127300,51.5,25,0.050000000000000044,9.179343938827515,130.38792737325033,740.3414250999922
dgn_complete__pair_N6_ego_attention__seed7,dgn_qmix,coord_grid,7,5092,127325,75.0,25,0.050000000000000044,2.601632309811456,76.36190087454659,740.4994532999699
dgn_complete__pair_N6_ego_attention__seed7,dgn_qmix,coord_grid,7,5093,127350,34.0,25,0.050000000000000044,9.575859626134237,47.26451333363851,740.6588596999645
dgn_complete__pair_N6_ego_attention__seed7,dgn_qmix,coord_grid,7,5094,127375,50.0,25,0.050000000000000044,6.299643307924271,57.701212565104164,740.8057839999674
dgn_complete__pair_N6_ego_attention__seed7,dgn_qmix,coord_grid,7,5095,127400,67.0,25,0.050000000000000044,8.022011930743853,58.979796409606934,740.9522224999964
dgn_complete__pair_N6_ego_attention__seed7,dgn_qmix,coord_grid,7,5096,127425,69.0,25,0.050000000000000044,6.3903462035315375,87.41332462855748,741.108548499993
dgn_complete__pair_N6_ego_attention__seed7,dgn_qmix,coord_grid,7,5097,127450,79.0,25,0.050000000000000044,7.206597665945689,74.43288103739421,741.2870465999586
dgn_complete__pair_N6_ego_attention__seed7,dgn_qmix,coord_grid,7,5098,127475,67.0,25,0.050000000000000044,10.641563345988592,87.87950197855632,741.4118862999603
dgn_complete__pair_N6_ego_attention__seed7,dgn_qmix,coord_grid,7,5099,127500,59.0,25,0.050000000000000044,7.3541359603405,83.84580485026042,741.5250838999636
dgn_complete__pair_N6_ego_attention__seed7,dgn_qmix,coord_grid,7,5100,127525,57.0,25,0.050000000000000044,9.241688128028597,90.82892772129604,741.6997144999914
dgn_complete__pair_N6_ego_attention__seed7,dgn_qmix,coord_grid,7,5101,127550,26.0,25,0.050000000000000044,8.917259494463602,70.95469538370769,741.8222529999912
dgn_complete__pair_N6_ego_attention__seed7,dgn_qmix,coord_grid,7,5102,127575,43.0,25,0.050000000000000044,10.563671588897705,56.64338366190592,741.9498371999944
dgn_complete__pair_N6_ego_attention__seed7,dgn_qmix,coord_grid,7,5103,127600,26.5,25,0.050000000000000044,5.743219857414563,109.43703206380208,742.09150889999
dgn_complete__pair_N6_ego_attention__seed7,dgn_qmix,coord_grid,7,5104,127625,37.5,25,0.050000000000000044,7.143688917160034,72.9232542855399,742.2261915999698
dgn_complete__pair_N6_ego_attention__seed7,dgn_qmix,coord_grid,7,5105,127650,40.0,25,0.050000000000000044,8.986988564332327,102.81512133280437,742.3563903999748
dgn_complete__pair_N6_ego_attention__seed7,dgn_qmix,coord_grid,7,5106,127675,59.0,25,0.050000000000000044,7.214627265930176,89.87122980753581,742.5105383999762
dgn_complete__pair_N6_ego_attention__seed7,dgn_qmix,coord_grid,7,5107,127700,55.0,25,0.050000000000000044,5.58040493230025,64.94180456797282,742.6259814999648
dgn_complete__pair_N6_ego_attention__seed7,dgn_qmix,coord_grid,7,5108,127725,39.5,25,0.050000000000000044,8.398680474076953,49.89528710501535,742.7857447999995
dgn_complete__pair_N6_ego_attention__seed7,dgn_qmix,coord_grid,7,5109,127750,55.0,25,0.050000000000000044,6.377269625663757,59.689188639322914,742.9453200999997
dgn_complete__pair_N6_ego_attention__seed7,dgn_qmix,coord_grid,7,5110,127775,39.5,25,0.050000000000000044,6.545031060775121,97.54963811238606,743.0637779000099
dgn_complete__pair_N6_ego_attention__seed7,dgn_qmix,coord_grid,7,5111,127800,71.5,25,0.050000000000000044,4.0813144246737165,115.22332000732422,743.2794592999853
dgn_complete__pair_N6_ego_attention__seed7,dgn_qmix,coord_grid,7,5112,127825,42.5,25,0.050000000000000044,7.962124960763114,113.24916567121234,743.4319572999957
dgn_complete__pair_N6_ego_attention__seed7,dgn_qmix,coord_grid,7,5113,127850,46.0,25,0.050000000000000044,8.314115355412165,122.02478663126628,743.579796999984
dgn_complete__pair_N6_ego_attention__seed7,dgn_qmix,coord_grid,7,5114,127875,57.5,25,0.050000000000000044,8.241436113913855,97.16820589701335,743.7478030999773
dgn_complete__pair_N6_ego_attention__seed7,dgn_qmix,coord_grid,7,5115,127900,34.0,25,0.050000000000000044,8.183723414937655,88.4197130203247,743.883139099984
dgn_complete__pair_N6_ego_attention__seed7,dgn_qmix,coord_grid,7,5116,127925,55.5,25,0.050000000000000044,7.088582094226565,73.63983290536063,744.0668433000101
dgn_complete__pair_N6_ego_attention__seed7,dgn_qmix,coord_grid,7,5117,127950,46.5,25,0.050000000000000044,10.598449865976969,41.57999738057455,744.2150365000125
dgn_complete__pair_N6_ego_attention__seed7,dgn_qmix,coord_grid,7,5118,127975,66.5,25,0.050000000000000044,4.709177295366923,44.719189961751304,744.3512074999744
dgn_complete__pair_N6_ego_attention__seed7,dgn_qmix,coord_grid,7,5119,128000,85.0,25,0.050000000000000044,3.8595008899768195,44.61758009592692,744.5100904999999
dgn_complete__pair_N6_ego_attention__seed7,dgn_qmix,coord_grid,7,5120,128025,47.0,25,0.050000000000000044,8.394984615700585,49.13691438947405,744.6267536999658
dgn_complete__pair_N6_ego_attention__seed7,dgn_qmix,coord_grid,7,5121,128050,35.5,25,0.050000000000000044,5.60302705069383,64.92116228739421,744.8561042000074
dgn_complete__pair_N6_ego_attention__seed7,dgn_qmix,coord_grid,7,5122,128075,67.5,25,0.050000000000000044,8.979674945274988,81.05407969156902,745.0712397999596
dgn_complete__pair_N6_ego_attention__seed7,dgn_qmix,coord_grid,7,5123,128100,58.5,25,0.050000000000000044,8.307767828305563,119.20411809285481,745.2625395999639
dgn_complete__pair_N6_ego_attention__seed7,dgn_qmix,coord_grid,7,5124,128125,70.0,25,0.050000000000000044,7.6584129844393045,91.20721762520927,745.369472499995
dgn_complete__pair_N6_ego_attention__seed7,dgn_qmix,coord_grid,7,5125,128150,67.0,25,0.050000000000000044,6.491464138031006,112.61746724446614,745.474316900014
dgn_complete__pair_N6_ego_attention__seed7,dgn_qmix,coord_grid,7,5126,128175,47.0,25,0.050000000000000044,4.866286317507426,112.63705635070801,745.6321271999623
dgn_complete__pair_N6_ego_attention__seed7,dgn_qmix,coord_grid,7,5127,128200,43.0,25,0.050000000000000044,7.358878016471863,95.88290596008301,745.7787267999956
dgn_complete__pair_N6_ego_attention__seed7,dgn_qmix,coord_grid,7,5128,128225,50.0,25,0.050000000000000044,8.527024916240148,93.58475085667202,745.9098291000118
dgn_complete__pair_N6_ego_attention__seed7,dgn_qmix,coord_grid,7,5129,128250,50.0,25,0.050000000000000044,8.118485108017921,75.37780253092448,746.0583458999754
dgn_complete__pair_N6_ego_attention__seed7,dgn_qmix,coord_grid,7,5130,128275,46.0,25,0.050000000000000044,8.045211791992188,45.806100050608315,746.1938696000143
dgn_complete__pair_N6_ego_attention__seed7,dgn_qmix,coord_grid,7,5131,128300,45.0,25,0.050000000000000044,8.869832197825113,24.55443064371745,746.3987571999896
dgn_complete__pair_N6_ego_attention__seed7,dgn_qmix,coord_grid,7,5132,128325,49.0,25,0.050000000000000044,6.167234437806266,44.32634244646345,746.5361545999767
dgn_complete__pair_N6_ego_attention__seed7,dgn_qmix,coord_grid,7,5133,128350,30.0,25,0.050000000000000044,7.242360830307007,46.444046338399254,746.7054744999623
dgn_complete__pair_N6_ego_attention__seed7,dgn_qmix,coord_grid,7,5134,128375,60.5,25,0.050000000000000044,8.273818477988243,49.6176373163859,746.8598918999778
dgn_complete__pair_N6_ego_attention__seed7,dgn_qmix,coord_grid,7,5135,128400,55.5,25,0.050000000000000044,4.706468691428502,71.12202485402425,746.9694301999989
dgn_complete__pair_N6_ego_attention__seed7,dgn_qmix,coord_grid,7,5136,128425,36.0,25,0.050000000000000044,7.66322659594672,65.62453951154437,747.1241604000097
dgn_complete__pair_N6_ego_attention__seed7,dgn_qmix,coord_grid,7,5137,128450,66.5,25,0.050000000000000044,5.471004058917363,39.33316198984782,747.2201705999905
dgn_complete__pair_N6_ego_attention__seed7,dgn_qmix,coord_grid,7,5138,128475,53.5,25,0.050000000000000044,5.670326218008995,70.04378890991211,747.3504334999598
dgn_complete__pair_N6_ego_attention__seed7,dgn_qmix,coord_grid,7,5139,128500,50.5,25,0.050000000000000044,8.865619202454885,61.30485121409098,747.5207097000093
dgn_complete__pair_N6_ego_attention__seed7,dgn_qmix,coord_grid,7,5140,128525,35.5,25,0.050000000000000044,4.757698437997273,49.288133076259065,747.6745675000129
dgn_complete__pair_N6_ego_attention__seed7,dgn_qmix,coord_grid,7,5141,128550,64.5,25,0.050000000000000044,8.197328945000967,69.29522895812988,747.7875801000046
dgn_complete__pair_N6_ego_attention__seed7,dgn_qmix,coord_grid,7,5142,128575,45.0,25,0.050000000000000044,9.008615538477898,42.01955604553223,747.9387923000031
dgn_complete__pair_N6_ego_attention__seed7,dgn_qmix,coord_grid,7,5143,128600,68.0,25,0.050000000000000044,8.111046199997267,55.76399834950765,748.0665691999602
dgn_complete__pair_N6_ego_attention__seed7,dgn_qmix,coord_grid,7,5144,128625,51.0,25,0.050000000000000044,7.892133444547653,56.76227487836565,748.2130456999876
dgn_complete__pair_N6_ego_attention__seed7,dgn_qmix,coord_grid,7,5145,128650,59.0,25,0.050000000000000044,5.548608601093292,75.05807717641194,748.3886283999891
dgn_complete__pair_N6_ego_attention__seed7,dgn_qmix,coord_grid,7,5146,128675,67.5,25,0.050000000000000044,9.730883439381918,59.764530181884766,748.5156935999985
dgn_complete__pair_N6_ego_attention__seed7,dgn_qmix,coord_grid,7,5147,128700,63.0,25,0.050000000000000044,3.9151955942312875,80.51049613952637,748.6246484000003
dgn_complete__pair_N6_ego_attention__seed7,dgn_qmix,coord_grid,7,5148,128725,77.5,25,0.050000000000000044,8.522558348519462,63.88286508832659,748.8002941999584
dgn_complete__pair_N6_ego_attention__seed7,dgn_qmix,coord_grid,7,5149,128750,57.0,25,0.050000000000000044,13.082120498021444,60.24409707387289,748.9227275999729
dgn_complete__pair_N6_ego_attention__seed7,dgn_qmix,coord_grid,7,5150,128775,50.0,25,0.050000000000000044,5.79829474290212,116.44982083638509,749.0401589999674
dgn_complete__pair_N6_ego_attention__seed7,dgn_qmix,coord_grid,7,5151,128800,61.5,25,0.050000000000000044,6.507352441549301,94.34163475036621,749.1697406999883
dgn_complete__pair_N6_ego_attention__seed7,dgn_qmix,coord_grid,7,5152,128825,59.0,25,0.050000000000000044,6.779848660741534,124.35271753583636,749.3295311999973
dgn_complete__pair_N6_ego_attention__seed7,dgn_qmix,coord_grid,7,5153,128850,41.0,25,0.050000000000000044,2.3887075086434684,130.3001619974772,749.480279899959
dgn_complete__pair_N6_ego_attention__seed7,dgn_qmix,coord_grid,7,5154,128875,64.0,25,0.050000000000000044,8.225298538804054,120.40052477518718,749.6365490999888
dgn_complete__pair_N6_ego_attention__seed7,dgn_qmix,coord_grid,7,5155,128900,42.5,25,0.050000000000000044,5.6697766582171125,64.31016604105632,749.7809704999672
dgn_complete__pair_N6_ego_attention__seed7,dgn_qmix,coord_grid,7,5156,128925,38.0,25,0.050000000000000044,7.830509620053427,52.309699467250276,749.9029073999845
dgn_complete__pair_N6_ego_attention__seed7,dgn_qmix,coord_grid,7,5157,128950,72.5,25,0.050000000000000044,6.422273417313893,57.61672274271647,750.0496006999747
dgn_complete__pair_N6_ego_attention__seed7,dgn_qmix,coord_grid,7,5158,128975,50.0,25,0.050000000000000044,7.221052428086598,62.699767112731934,750.1420861000079
dgn_complete__pair_N6_ego_attention__seed7,dgn_qmix,coord_grid,7,5159,129000,48.5,25,0.050000000000000044,8.924381097157797,77.60053634643555,750.2511631000089
dgn_complete__pair_N6_ego_attention__seed7,dgn_qmix,coord_grid,7,5160,129025,46.5,25,0.050000000000000044,5.246043247835977,116.61379841395787,750.382169199991
dgn_complete__pair_N6_ego_attention__seed7,dgn_qmix,coord_grid,7,5161,129050,60.5,25,0.050000000000000044,4.69134799639384,80.66418329874675,750.5458331999835
dgn_complete__pair_N6_ego_attention__seed7,dgn_qmix,coord_grid,7,5162,129075,45.5,25,0.050000000000000044,4.8564504732688265,78.17680962880452,750.6777618000051
dgn_complete__pair_N6_ego_attention__seed7,dgn_qmix,coord_grid,7,5163,129100,63.0,25,0.050000000000000044,9.29116557041804,135.89276631673178,750.849014699983
dgn_complete__pair_N6_ego_attention__seed7,dgn_qmix,coord_grid,7,5164,129125,38.5,25,0.050000000000000044,8.651180705853871,102.14459010532924,750.9973379999865
dgn_complete__pair_N6_ego_attention__seed7,dgn_qmix,coord_grid,7,5165,129150,56.0,25,0.050000000000000044,8.263814946015676,86.22841453552246,751.1632239999599
dgn_complete__pair_N6_ego_attention__seed7,dgn_qmix,coord_grid,7,5166,129175,44.5,25,0.050000000000000044,4.701204091310501,88.00628328323364,751.2870549999643
dgn_complete__pair_N6_ego_attention__seed7,dgn_qmix,coord_grid,7,5167,129200,48.0,25,0.050000000000000044,6.5219814876715345,104.7254155476888,751.4062862999854
dgn_complete__pair_N6_ego_attention__seed7,dgn_qmix,coord_grid,7,5168,129225,48.0,25,0.050000000000000044,10.57775170462472,51.49701254708426,751.5935446000076
dgn_complete__pair_N6_ego_attention__seed7,dgn_qmix,coord_grid,7,5169,129250,38.0,25,0.050000000000000044,8.145264054338137,28.773940404256184,751.6976424999884
dgn_complete__pair_N6_ego_attention__seed7,dgn_qmix,coord_grid,7,5170,129275,44.0,25,0.050000000000000044,4.826500634352366,62.13287480672201,751.7968344999827
dgn_complete__pair_N6_ego_attention__seed7,dgn_qmix,coord_grid,7,5171,129300,58.0,25,0.050000000000000044,5.731393545866013,81.85214900970459,751.9130005000043
dgn_complete__pair_N6_ego_attention__seed7,dgn_qmix,coord_grid,7,5172,129325,46.5,25,0.050000000000000044,10.728232409272875,76.73717744009835,752.0366176000098
dgn_complete__pair_N6_ego_attention__seed7,dgn_qmix,coord_grid,7,5173,129350,38.0,25,0.050000000000000044,6.469898660977681,92.29985936482747,752.1635690999683
dgn_complete__pair_N6_ego_attention__seed7,dgn_qmix,coord_grid,7,5174,129375,60.5,25,0.050000000000000044,6.404569834470749,62.05968729654948,752.2987881999579
dgn_complete__pair_N6_ego_attention__seed7,dgn_qmix,coord_grid,7,5175,129400,39.5,25,0.050000000000000044,5.581531415383021,86.97814178466797,752.4533207999775
dgn_complete__pair_N6_ego_attention__seed7,dgn_qmix,coord_grid,7,5176,129425,45.5,25,0.050000000000000044,8.638081771986824,124.29956708635602,752.6231254999875
dgn_complete__pair_N6_ego_attention__seed7,dgn_qmix,coord_grid,7,5177,129450,42.0,25,0.050000000000000044,9.734498570362726,79.25240357716878,752.7376565999584
dgn_complete__pair_N6_ego_attention__seed7,dgn_qmix,coord_grid,7,5178,129475,73.5,25,0.050000000000000044,7.402795284986496,129.10316530863443,752.8663536999957
dgn_complete__pair_N6_ego_attention__seed7,dgn_qmix,coord_grid,7,5179,129500,60.0,25,0.050000000000000044,7.392535497744878,91.56906763712566,752.9768046999816
dgn_complete__pair_N6_ego_attention__seed7,dgn_qmix,coord_grid,7,5180,129525,27.0,25,0.050000000000000044,7.78409309898104,38.16897446768625,753.1419244999997
dgn_complete__pair_N6_ego_attention__seed7,dgn_qmix,coord_grid,7,5181,129550,45.5,25,0.050000000000000044,8.105489730834961,38.6946652730306,753.253678100009
dgn_complete__pair_N6_ego_attention__seed7,dgn_qmix,coord_grid,7,5182,129575,44.5,25,0.050000000000000044,7.394786437352498,95.01459725697835,753.3640476000146
dgn_complete__pair_N6_ego_attention__seed7,dgn_qmix,coord_grid,7,5183,129600,44.5,25,0.050000000000000044,5.939556727806727,130.8295472462972,753.4882526999572
dgn_complete__pair_N6_ego_attention__seed7,dgn_qmix,coord_grid,7,5184,129625,49.0,25,0.050000000000000044,8.194063867841448,128.260005405971,753.6981053999625
dgn_complete__pair_N6_ego_attention__seed7,dgn_qmix,coord_grid,7,5185,129650,70.0,25,0.050000000000000044,8.773577183485031,164.45599873860678,753.8517741999822
dgn_complete__pair_N6_ego_attention__seed7,dgn_qmix,coord_grid,7,5186,129675,53.0,25,0.050000000000000044,2.9104035844405494,168.6689427693685,754.0047359999735
dgn_complete__pair_N6_ego_attention__seed7,dgn_qmix,coord_grid,7,5187,129700,56.0,25,0.050000000000000044,5.724149167537689,98.93741162618001,754.1164221999934
dgn_complete__pair_N6_ego_attention__seed7,dgn_qmix,coord_grid,7,5188,129725,50.5,25,0.050000000000000044,7.05158530814307,62.19863210405622,754.2671196999727
dgn_complete__pair_N6_ego_attention__seed7,dgn_qmix,coord_grid,7,5189,129750,58.0,25,0.050000000000000044,6.352698162198067,70.99014409383138,754.4127415000112
dgn_complete__pair_N6_ego_attention__seed7,dgn_qmix,coord_grid,7,5190,129775,23.5,25,0.050000000000000044,3.0033804923295975,60.30000019073486,754.576968999987
dgn_complete__pair_N6_ego_attention__seed7,dgn_qmix,coord_grid,7,5191,129800,77.0,25,0.050000000000000044,5.463056335846583,55.16557375590006,754.7384226999711
dgn_complete__pair_N6_ego_attention__seed7,dgn_qmix,coord_grid,7,5192,129825,56.0,25,0.050000000000000044,5.967124168361936,158.21105248587472,754.8747724000132
dgn_complete__pair_N6_ego_attention__seed7,dgn_qmix,coord_grid,7,5193,129850,50.0,25,0.050000000000000044,7.480661064386368,101.1729195912679,755.0289702999871
dgn_complete__pair_N6_ego_attention__seed7,dgn_qmix,coord_grid,7,5194,129875,46.5,25,0.050000000000000044,8.356490532557169,69.3495699564616,755.1945112000103
dgn_complete__pair_N6_ego_attention__seed7,dgn_qmix,coord_grid,7,5195,129900,37.5,25,0.050000000000000044,8.96023522814115,68.4703254699707,755.3271137999836
dgn_complete__pair_N6_ego_attention__seed7,dgn_qmix,coord_grid,7,5196,129925,68.0,25,0.050000000000000044,9.127357827765602,41.99196597508022,755.5233295999933
dgn_complete__pair_N6_ego_attention__seed7,dgn_qmix,coord_grid,7,5197,129950,43.5,25,0.050000000000000044,8.108375747998556,42.14485994974772,755.6816023999709
dgn_complete__pair_N6_ego_attention__seed7,dgn_qmix,coord_grid,7,5198,129975,32.5,25,0.050000000000000044,4.609481498599052,63.066179275512695,755.7843042999739
dgn_complete__pair_N6_ego_attention__seed7,dgn_qmix,coord_grid,7,5199,130000,35.0,25,0.050000000000000044,6.442258834838867,61.46646054585775,755.9222132000141
dgn_complete__pair_N6_ego_attention__seed7,dgn_qmix,coord_grid,7,5200,130025,68.5,25,0.050000000000000044,6.3105906801564355,49.971299852643696,756.0580421999912
dgn_complete__pair_N6_ego_attention__seed7,dgn_qmix,coord_grid,7,5201,130050,58.0,25,0.050000000000000044,6.240921293695767,45.15141169230143,756.1920245999936
dgn_complete__pair_N6_ego_attention__seed7,dgn_qmix,coord_grid,7,5202,130075,41.0,25,0.050000000000000044,4.78041052321593,53.9472230275472,756.3007791999844
dgn_complete__pair_N6_ego_attention__seed7,dgn_qmix,coord_grid,7,5203,130100,60.0,25,0.050000000000000044,3.861504157384237,38.95347531636556,756.4683256999706
dgn_complete__pair_N6_ego_attention__seed7,dgn_qmix,coord_grid,7,5204,130125,56.0,25,0.050000000000000044,1.967581297670092,62.93638147626604,756.5921633999678
dgn_complete__pair_N6_ego_attention__seed7,dgn_qmix,coord_grid,7,5205,130150,46.5,25,0.050000000000000044,8.316649089256922,117.99361260732015,756.7242153999978
dgn_complete__pair_N6_ego_attention__seed7,dgn_qmix,coord_grid,7,5206,130175,47.5,25,0.050000000000000044,5.1435840129852295,129.81746292114258,756.8698114000144
dgn_complete__pair_N6_ego_attention__seed7,dgn_qmix,coord_grid,7,5207,130200,45.0,25,0.050000000000000044,13.331548372904459,91.81607913970947,756.9904992000083
dgn_complete__pair_N6_ego_attention__seed7,dgn_qmix,coord_grid,7,5208,130225,72.0,25,0.050000000000000044,9.274616982255663,68.36380304609027,757.1749759999802
dgn_complete__pair_N6_ego_attention__seed7,dgn_qmix,coord_grid,7,5209,130250,64.5,25,0.050000000000000044,6.562282741069794,96.95094362894694,757.3502005999908
dgn_complete__pair_N6_ego_attention__seed7,dgn_qmix,coord_grid,7,5210,130275,38.5,25,0.050000000000000044,7.335979784528415,78.57561937967937,757.5615799999796
dgn_complete__pair_N6_ego_attention__seed7,dgn_qmix,coord_grid,7,5211,130300,60.5,25,0.050000000000000044,4.893237625559171,73.08046277364095,757.7180529999896
dgn_complete__pair_N6_ego_attention__seed7,dgn_qmix,coord_grid,7,5212,130325,39.0,25,0.050000000000000044,9.363644259316581,92.05067225864956,757.8746208999655
dgn_complete__pair_N6_ego_attention__seed7,dgn_qmix,coord_grid,7,5213,130350,19.5,25,0.050000000000000044,9.202482769886652,108.53778711954753,758.025307999982
dgn_complete__pair_N6_ego_attention__seed7,dgn_qmix,coord_grid,7,5214,130375,41.5,25,0.050000000000000044,9.137374957402548,71.35095977783203,758.1371491999598
dgn_complete__pair_N6_ego_attention__seed7,dgn_qmix,coord_grid,7,5215,130400,49.0,25,0.050000000000000044,10.899862339099249,116.91137568155925,758.2648071000003
dgn_complete__pair_N6_ego_attention__seed7,dgn_qmix,coord_grid,7,5216,130425,40.5,25,0.050000000000000044,6.531155628817422,123.64729418073382,758.4149458999746
dgn_complete__pair_N6_ego_attention__seed7,dgn_qmix,coord_grid,7,5217,130450,58.5,25,0.050000000000000044,8.226654708385468,87.75722757975261,758.5370728999842
dgn_complete__pair_N6_ego_attention__seed7,dgn_qmix,coord_grid,7,5218,130475,48.0,25,0.050000000000000044,6.53213095664978,72.94853274027507,758.7568550999858
dgn_complete__pair_N6_ego_attention__seed7,dgn_qmix,coord_grid,7,5219,130500,48.0,25,0.050000000000000044,9.944372117519379,78.96858469645183,758.8679679000052
dgn_complete__pair_N6_ego_attention__seed7,dgn_qmix,coord_grid,7,5220,130525,43.5,25,0.050000000000000044,6.3657145244734625,54.81756155831473,759.0690991999581
dgn_complete__pair_N6_ego_attention__seed7,dgn_qmix,coord_grid,7,5221,130550,50.0,25,0.050000000000000044,4.571229989329974,35.148813565572105,759.1856883
dgn_complete__pair_N6_ego_attention__seed7,dgn_qmix,coord_grid,7,5222,130575,43.0,25,0.050000000000000044,6.3493756999572115,67.60273520151775,759.3696803000057
dgn_complete__pair_N6_ego_attention__seed7,dgn_qmix,coord_grid,7,5223,130600,43.5,25,0.050000000000000044,5.6093680113554,62.9572696685791,759.5193522999762
dgn_complete__pair_N6_ego_attention__seed7,dgn_qmix,coord_grid,7,5224,130625,61.0,25,0.050000000000000044,6.320022199835096,76.60254941667829,759.691242299974
dgn_complete__pair_N6_ego_attention__seed7,dgn_qmix,coord_grid,7,5225,130650,32.5,25,0.050000000000000044,7.226769049962361,31.0827538172404,759.8393886999693
dgn_complete__pair_N6_ego_attention__seed7,dgn_qmix,coord_grid,7,5226,130675,41.0,25,0.050000000000000044,4.746502508719762,55.98514048258463,760.0197740999865
dgn_complete__pair_N6_ego_attention__seed7,dgn_qmix,coord_grid,7,5227,130700,31.0,25,0.050000000000000044,11.352672974268595,46.23667558034261,760.1680353999836
dgn_complete__pair_N6_ego_attention__seed7,dgn_qmix,coord_grid,7,5228,130725,46.5,25,0.050000000000000044,7.782732231276376,38.54031889779227,760.2751710999873
dgn_complete__pair_N6_ego_attention__seed7,dgn_qmix,coord_grid,7,5229,130750,24.5,25,0.050000000000000044,4.752975523471832,56.988380114237465,760.4280853999662
dgn_complete__pair_N6_ego_attention__seed7,dgn_qmix,coord_grid,7,5230,130775,50.0,25,0.050000000000000044,3.7904806584119797,45.683071772257485,760.591391999973
dgn_complete__pair_N6_ego_attention__seed7,dgn_qmix,coord_grid,7,5231,130800,36.5,25,0.050000000000000044,10.54462157189846,40.47420406341553,760.6881459999713
dgn_complete__pair_N6_ego_attention__seed7,dgn_qmix,coord_grid,7,5232,130825,42.0,25,0.050000000000000044,7.683556356600353,43.30777032034738,760.8375423999969
dgn_complete__pair_N6_ego_attention__seed7,dgn_qmix,coord_grid,7,5233,130850,46.0,25,0.050000000000000044,4.653030261397362,57.16309483846029,760.9858881999971
dgn_complete__pair_N6_ego_attention__seed7,dgn_qmix,coord_grid,7,5234,130875,49.5,25,0.050000000000000044,8.902951876322428,47.031919161478676,761.1360883999732
dgn_complete__pair_N6_ego_attention__seed7,dgn_qmix,coord_grid,7,5235,130900,53.0,25,0.050000000000000044,4.589370270570119,57.726863861083984,761.2664905000129
dgn_complete__pair_N6_ego_attention__seed7,dgn_qmix,coord_grid,7,5236,130925,34.5,25,0.050000000000000044,11.303663811513356,67.19588088989258,761.3759795000078
dgn_complete__pair_N6_ego_attention__seed7,dgn_qmix,coord_grid,7,5237,130950,49.5,25,0.050000000000000044,3.89587464928627,75.03801504770915,761.4811649000039
dgn_complete__pair_N6_ego_attention__seed7,dgn_qmix,coord_grid,7,5238,130975,83.0,25,0.050000000000000044,5.619354481498401,49.05159250895182,761.6588444999652
dgn_complete__pair_N6_ego_attention__seed7,dgn_qmix,coord_grid,7,5239,131000,47.5,25,0.050000000000000044,4.701593880852063,42.60768667856852,761.7764125000103
dgn_complete__pair_N6_ego_attention__seed7,dgn_qmix,coord_grid,7,5240,131025,42.5,25,0.050000000000000044,5.608221688440868,64.74458476475307,761.9415148000116
dgn_complete__pair_N6_ego_attention__seed7,dgn_qmix,coord_grid,7,5241,131050,55.5,25,0.050000000000000044,5.472828835248947,79.93304983774821,762.0671912999824
dgn_complete__pair_N6_ego_attention__seed7,dgn_qmix,coord_grid,7,5242,131075,56.0,25,0.050000000000000044,3.7658019016186395,49.63941891988119,762.1555565999588
dgn_complete__pair_N6_ego_attention__seed7,dgn_qmix,coord_grid,7,5243,131100,56.5,25,0.050000000000000044,7.36591496070226,86.70834795633952,762.2538427999825
dgn_complete__pair_N6_ego_attention__seed7,dgn_qmix,coord_grid,7,5244,131125,64.5,25,0.050000000000000044,5.501861482858658,51.82612173897879,762.4266520999954
dgn_complete__pair_N6_ego_attention__seed7,dgn_qmix,coord_grid,7,5245,131150,57.0,25,0.050000000000000044,6.500760495662689,98.39065043131511,762.6001215999713
dgn_complete__pair_N6_ego_attention__seed7,dgn_qmix,coord_grid,7,5246,131175,54.5,25,0.050000000000000044,4.871896306673686,104.52810287475586,762.725420599978
dgn_complete__pair_N6_ego_attention__seed7,dgn_qmix,coord_grid,7,5247,131200,75.5,25,0.050000000000000044,4.85079104701678,90.29064019521077,762.8602594999829
dgn_complete__pair_N6_ego_attention__seed7,dgn_qmix,coord_grid,7,5248,131225,33.5,25,0.050000000000000044,9.201589844056539,67.19632393973214,763.0121058999794
dgn_complete__pair_N6_ego_attention__seed7,dgn_qmix,coord_grid,7,5249,131250,85.5,25,0.050000000000000044,8.902036954959234,71.31228764851888,763.1593726999708
dgn_complete__pair_N6_ego_attention__seed7,dgn_qmix,coord_grid,7,5250,131275,30.5,25,0.050000000000000044,7.321126699447632,60.535709063212074,763.3294129999704
dgn_complete__pair_N6_ego_attention__seed7,dgn_qmix,coord_grid,7,5251,131300,37.5,25,0.050000000000000044,7.2297438979148865,39.08068084716797,763.4770887999912
dgn_complete__pair_N6_ego_attention__seed7,dgn_qmix,coord_grid,7,5252,131325,31.5,25,0.050000000000000044,6.253127830369132,50.01424026489258,763.6342822999577
dgn_complete__pair_N6_ego_attention__seed7,dgn_qmix,coord_grid,7,5253,131350,44.0,25,0.050000000000000044,6.454298933347066,89.5115140279134,763.7753488000017
dgn_complete__pair_N6_ego_attention__seed7,dgn_qmix,coord_grid,7,5254,131375,48.5,25,0.050000000000000044,4.723621606826782,70.86814880371094,763.8821194999618
dgn_complete__pair_N6_ego_attention__seed7,dgn_qmix,coord_grid,7,5255,131400,51.5,25,0.050000000000000044,6.38230832417806,65.9455451965332,764.0083761999849
dgn_complete__pair_N6_ego_attention__seed7,dgn_qmix,coord_grid,7,5256,131425,52.0,25,0.050000000000000044,8.791251114436559,117.75584030151367,764.1343195000081
dgn_complete__pair_N6_ego_attention__seed7,dgn_qmix,coord_grid,7,5257,131450,50.5,25,0.050000000000000044,7.700267881155014,142.69707616170248,764.2590056000045
dgn_complete__pair_N6_ego_attention__seed7,dgn_qmix,coord_grid,7,5258,131475,69.5,25,0.050000000000000044,7.420469706257184,89.89648787180583,764.4314810999786
dgn_complete__pair_N6_ego_attention__seed7,dgn_qmix,coord_grid,7,5259,131500,56.0,25,0.050000000000000044,5.067528555790584,128.64439264933267,764.5728845999693
dgn_complete__pair_N6_ego_attention__seed7,dgn_qmix,coord_grid,7,5260,131525,61.0,25,0.050000000000000044,8.63490901674543,109.528628213065,764.703283299983
dgn_complete__pair_N6_ego_attention__seed7,dgn_qmix,coord_grid,7,5261,131550,47.0,25,0.050000000000000044,9.89494968454043,41.36770375569662,764.8452695999877
dgn_complete__pair_N6_ego_attention__seed7,dgn_qmix,coord_grid,7,5262,131575,51.0,25,0.050000000000000044,3.9718409031629562,57.2724396387736,764.9511661999859
dgn_complete__pair_N6_ego_attention__seed7,dgn_qmix,coord_grid,7,5263,131600,46.5,25,0.050000000000000044,3.8590255826711655,43.40478229522705,765.1002114999574
dgn_complete__pair_N6_ego_attention__seed7,dgn_qmix,coord_grid,7,5264,131625,60.0,25,0.050000000000000044,6.60318968125752,74.23668452671596,765.2345800999901
dgn_complete__pair_N6_ego_attention__seed7,dgn_qmix,coord_grid,7,5265,131650,74.0,25,0.050000000000000044,9.900083104769388,67.14511680603027,765.3900441000005
dgn_complete__pair_N6_ego_attention__seed7,dgn_qmix,coord_grid,7,5266,131675,42.5,25,0.050000000000000044,6.478411952654521,59.61851183573405,765.499131199962
dgn_complete__pair_N6_ego_attention__seed7,dgn_qmix,coord_grid,7,5267,131700,47.5,25,0.050000000000000044,7.381156752506892,78.35789664586385,765.6123511999613
dgn_complete__pair_N6_ego_attention__seed7,dgn_qmix,coord_grid,7,5268,131725,60.5,25,0.050000000000000044,7.059438722474234,70.44778088160923,765.7225769999786
dgn_complete__pair_N6_ego_attention__seed7,dgn_qmix,coord_grid,7,5269,131750,53.5,25,0.050000000000000044,6.752567450205485,87.24765205383301,765.8258757999865
dgn_complete__pair_N6_ego_attention__seed7,dgn_qmix,coord_grid,7,5270,131775,52.0,25,0.050000000000000044,5.850958814223607,108.91592979431152,765.9531629999983
dgn_complete__pair_N6_ego_attention__seed7,dgn_qmix,coord_grid,7,5271,131800,78.5,25,0.050000000000000044,5.969868848721187,127.88159243265788,766.0734137999825
dgn_complete__pair_N6_ego_attention__seed7,dgn_qmix,coord_grid,7,5272,131825,67.0,25,0.050000000000000044,5.790390717131751,107.21023723057338,766.2247790999827
dgn_complete__pair_N6_ego_attention__seed7,dgn_qmix,coord_grid,7,5273,131850,42.0,25,0.050000000000000044,9.908341971536478,177.23850631713867,766.3184518999769
dgn_complete__pair_N6_ego_attention__seed7,dgn_qmix,coord_grid,7,5274,131875,38.5,25,0.050000000000000044,6.62107856074969,95.01383018493652,766.4355513000046
dgn_complete__pair_N6_ego_attention__seed7,dgn_qmix,coord_grid,7,5275,131900,42.5,25,0.050000000000000044,5.025036484003067,130.82601610819498,766.5562175000086
dgn_complete__pair_N6_ego_attention__seed7,dgn_qmix,coord_grid,7,5276,131925,71.0,25,0.050000000000000044,10.777503558567592,80.50377355303083,766.734408499964
dgn_complete__pair_N6_ego_attention__seed7,dgn_qmix,coord_grid,7,5277,131950,51.0,25,0.050000000000000044,5.936313092708588,109.98866907755534,766.8782341000042
dgn_complete__pair_N6_ego_attention__seed7,dgn_qmix,coord_grid,7,5278,131975,35.0,25,0.050000000000000044,5.794149671991666,85.9282938639323,767.0796094000107
dgn_complete__pair_N6_ego_attention__seed7,dgn_qmix,coord_grid,7,5279,132000,70.0,25,0.050000000000000044,8.462229063113531,99.38511784871419,767.214597299986
dgn_complete__pair_N6_ego_attention__seed7,dgn_qmix,coord_grid,7,5280,132025,30.0,25,0.050000000000000044,3.4666878623621806,76.5478995186942,767.3345114999684
dgn_complete__pair_N6_ego_attention__seed7,dgn_qmix,coord_grid,7,5281,132050,52.5,25,0.050000000000000044,6.503382315238317,64.60389709472656,767.4603290999657
dgn_complete__pair_N6_ego_attention__seed7,dgn_qmix,coord_grid,7,5282,132075,66.5,25,0.050000000000000044,8.132652098933855,85.75706545511882,767.5986575999996
dgn_complete__pair_N6_ego_attention__seed7,dgn_qmix,coord_grid,7,5283,132100,54.5,25,0.050000000000000044,10.822406510512034,55.21802202860514,767.752116299991
dgn_complete__pair_N6_ego_attention__seed7,dgn_qmix,coord_grid,7,5284,132125,30.0,25,0.050000000000000044,4.830960154533386,44.81630529676165,767.8767523000133
dgn_complete__pair_N6_ego_attention__seed7,dgn_qmix,coord_grid,7,5285,132150,48.0,25,0.050000000000000044,6.544549172123273,41.99404716491699,767.9863865000079
dgn_complete__pair_N6_ego_attention__seed7,dgn_qmix,coord_grid,7,5286,132175,48.5,25,0.050000000000000044,8.323652029037476,94.02933438618977,768.1238938999595
dgn_complete__pair_N6_ego_attention__seed7,dgn_qmix,coord_grid,7,5287,132200,64.0,25,0.050000000000000044,5.69662540157636,66.15621185302734,768.2507929999847
dgn_complete__pair_N6_ego_attention__seed7,dgn_qmix,coord_grid,7,5288,132225,74.0,25,0.050000000000000044,5.825361690350941,109.25671059744698,768.4317700999673
dgn_complete__pair_N6_ego_attention__seed7,dgn_qmix,coord_grid,7,5289,132250,60.0,25,0.050000000000000044,9.872939586639404,105.49272791544597,768.593126999971
dgn_complete__pair_N6_ego_attention__seed7,dgn_qmix,coord_grid,7,5290,132275,67.5,25,0.050000000000000044,8.172710537910461,71.15841293334961,768.7347892000107
dgn_complete__pair_N6_ego_attention__seed7,dgn_qmix,coord_grid,7,5291,132300,60.5,25,0.050000000000000044,6.5753782987594604,73.40000089009602,768.8587116000126
dgn_complete__pair_N6_ego_attention__seed7,dgn_qmix,coord_grid,7,5292,132325,70.0,25,0.050000000000000044,7.102925679513386,52.901245662144255,768.9895859999815
dgn_complete__pair_N6_ego_attention__seed7,dgn_qmix,coord_grid,7,5293,132350,66.0,25,0.050000000000000044,9.127767791350683,68.47377395629883,769.076705000014
dgn_complete__pair_N6_ego_attention__seed7,dgn_qmix,coord_grid,7,5294,132375,48.0,25,0.050000000000000044,3.03120489915212,57.36930274963379,769.2043797000078
dgn_complete__pair_N6_ego_attention__seed7,dgn_qmix,coord_grid,7,5295,132400,58.5,25,0.050000000000000044,7.39181633790334,58.30504608154297,769.3518099999637
dgn_complete__pair_N6_ego_attention__seed7,dgn_qmix,coord_grid,7,5296,132425,49.5,25,0.050000000000000044,5.599631335054125,71.14345223563058,769.4853699000087
dgn_complete__pair_N6_ego_attention__seed7,dgn_qmix,coord_grid,7,5297,132450,39.5,25,0.050000000000000044,6.446131368478139,44.42046578725179,769.6004643999622
dgn_complete__pair_N6_ego_attention__seed7,dgn_qmix,coord_grid,7,5298,132475,38.0,25,0.050000000000000044,7.183514972527822,49.68903064727783,769.7096088000108
dgn_complete__pair_N6_ego_attention__seed7,dgn_qmix,coord_grid,7,5299,132500,73.0,25,0.050000000000000044,7.264438569545746,55.63145637512207,769.8662680999842
dgn_complete__pair_N6_ego_attention__seed7,dgn_qmix,coord_grid,7,5300,132525,62.0,25,0.050000000000000044,10.143136965376991,70.9814008985247,770.0500733999652
dgn_complete__pair_N6_ego_attention__seed7,dgn_qmix,coord_grid,7,5301,132550,39.5,25,0.050000000000000044,7.253528008858363,42.07599194844564,770.2242995999986
dgn_complete__pair_N6_ego_attention__seed7,dgn_qmix,coord_grid,7,5302,132575,28.5,25,0.050000000000000044,4.748624637722969,48.869703928629555,770.4121480999747
dgn_complete__pair_N6_ego_attention__seed7,dgn_qmix,coord_grid,7,5303,132600,42.0,25,0.050000000000000044,7.252828319867452,46.30434481302897,770.5338353000116
dgn_complete__pair_N6_ego_attention__seed7,dgn_qmix,coord_grid,7,5304,132625,57.5,25,0.050000000000000044,6.2881362693650384,91.56255885532924,770.6734208000125
dgn_complete__pair_N6_ego_attention__seed7,dgn_qmix,coord_grid,7,5305,132650,69.5,25,0.050000000000000044,7.474111502369245,57.1741615931193,770.8012512999703
dgn_complete__pair_N6_ego_attention__seed7,dgn_qmix,coord_grid,7,5306,132675,47.0,25,0.050000000000000044,4.924886037906011,90.3050053914388,770.9040251999977
dgn_complete__pair_N6_ego_attention__seed7,dgn_qmix,coord_grid,7,5307,132700,45.0,25,0.050000000000000044,8.253114700317383,52.117589791615806,771.0215997999767
dgn_complete__pair_N6_ego_attention__seed7,dgn_qmix,coord_grid,7,5308,132725,64.5,25,0.050000000000000044,7.273974938052041,104.41714804513114,771.1854244999704
dgn_complete__pair_N6_ego_attention__seed7,dgn_qmix,coord_grid,7,5309,132750,47.0,25,0.050000000000000044,3.026359409093857,68.84994729359944,771.301638600009
dgn_complete__pair_N6_ego_attention__seed7,dgn_qmix,coord_grid,7,5310,132775,53.5,25,0.050000000000000044,4.733748028675715,57.06341965993246,771.4521878999658
dgn_complete__pair_N6_ego_attention__seed7,dgn_qmix,coord_grid,7,5311,132800,54.0,25,0.050000000000000044,7.415538152058919,56.835724512736,771.5999933999847
dgn_complete__pair_N6_ego_attention__seed7,dgn_qmix,coord_grid,7,5312,132825,34.0,25,0.050000000000000044,7.699280176843915,52.44651412963867,771.7579021999845
dgn_complete__pair_N6_ego_attention__seed7,dgn_qmix,coord_grid,7,5313,132850,44.5,25,0.050000000000000044,6.491479367017746,72.92955271402995,771.911159100011
dgn_complete__pair_N6_ego_attention__seed7,dgn_qmix,coord_grid,7,5314,132875,24.0,25,0.050000000000000044,9.087381054957708,54.057657877604164,772.0731898999657
dgn_complete__pair_N6_ego_attention__seed7,dgn_qmix,coord_grid,7,5315,132900,58.0,25,0.050000000000000044,9.951369116703669,52.14972527821859,772.1843704999774
dgn_complete__pair_N6_ego_attention__seed7,dgn_qmix,coord_grid,7,5316,132925,66.0,25,0.050000000000000044,6.464056347097669,84.8157719203404,772.3738676999928
dgn_complete__pair_N6_ego_attention__seed7,dgn_qmix,coord_grid,7,5317,132950,68.0,25,0.050000000000000044,7.311620444059372,59.26409149169922,772.5438918999862
dgn_complete__pair_N6_ego_attention__seed7,dgn_qmix,coord_grid,7,5318,132975,68.5,25,0.050000000000000044,10.763948634266853,26.020325024922688,772.7179242999991
dgn_complete__pair_N6_ego_attention__seed7,dgn_qmix,coord_grid,7,5319,133000,45.0,25,0.050000000000000044,10.005791982014975,66.5500036875407,772.8439464999828
dgn_complete__pair_N6_ego_attention__seed7,dgn_qmix,coord_grid,7,5320,133025,44.5,25,0.050000000000000044,6.286833022321973,76.29163578578404,773.0217486000038
dgn_complete__pair_N6_ego_attention__seed7,dgn_qmix,coord_grid,7,5321,133050,51.0,25,0.050000000000000044,5.7097402811050415,79.79379367828369,773.1653817999759
dgn_complete__pair_N6_ego_attention__seed7,dgn_qmix,coord_grid,7,5322,133075,60.0,25,0.050000000000000044,6.596343100070953,108.52982552846272,773.3775734999799
dgn_complete__pair_N6_ego_attention__seed7,dgn_qmix,coord_grid,7,5323,133100,56.0,25,0.050000000000000044,5.5451963394880295,69.50175857543945,773.5033185000066
dgn_complete__pair_N6_ego_attention__seed7,dgn_qmix,coord_grid,7,5324,133125,90.0,25,0.050000000000000044,10.304218249661583,115.28135027204242,773.6500655999989
dgn_complete__pair_N6_ego_attention__seed7,dgn_qmix,coord_grid,7,5325,133150,53.0,25,0.050000000000000044,4.247534652551015,119.06929302215576,773.7519298999687
dgn_complete__pair_N6_ego_attention__seed7,dgn_qmix,coord_grid,7,5326,133175,43.5,25,0.050000000000000044,5.153373450040817,140.5974095662435,773.8712417999632
dgn_complete__pair_N6_ego_attention__seed7,dgn_qmix,coord_grid,7,5327,133200,44.0,25,0.050000000000000044,7.559090932210286,100.60010210673015,774.0376632999978
dgn_complete__pair_N6_ego_attention__seed7,dgn_qmix,coord_grid,7,5328,133225,49.0,25,0.050000000000000044,8.559813639947347,70.33788245064872,774.1839686000021
dgn_complete__pair_N6_ego_attention__seed7,dgn_qmix,coord_grid,7,5329,133250,51.5,25,0.050000000000000044,3.033184215426445,51.30275344848633,774.3266700999811
dgn_complete__pair_N6_ego_attention__seed7,dgn_qmix,coord_grid,7,5330,133275,61.5,25,0.050000000000000044,8.06973565618197,42.84784062703451,774.4483297999832
dgn_complete__pair_N6_ego_attention__seed7,dgn_qmix,coord_grid,7,5331,133300,52.0,25,0.050000000000000044,6.514973858992259,58.0245091120402,774.5856196999666
dgn_complete__pair_N6_ego_attention__seed7,dgn_qmix,coord_grid,7,5332,133325,47.0,25,0.050000000000000044,9.129645377397537,63.82304218837193,774.7762895000051
dgn_complete__pair_N6_ego_attention__seed7,dgn_qmix,coord_grid,7,5333,133350,99.5,25,0.050000000000000044,10.85618100563685,67.36107953389485,774.9130027999636
dgn_complete__pair_N6_ego_attention__seed7,dgn_qmix,coord_grid,7,5334,133375,40.0,25,0.050000000000000044,7.315401350458463,50.35317929585775,775.0497817999567
dgn_complete__pair_N6_ego_attention__seed7,dgn_qmix,coord_grid,7,5335,133400,34.5,25,0.050000000000000044,5.617848123113315,49.96626059214274,775.1956030000001
dgn_complete__pair_N6_ego_attention__seed7,dgn_qmix,coord_grid,7,5336,133425,41.0,25,0.050000000000000044,5.553321485008512,77.86203956604004,775.4416559999809
dgn_complete__pair_N6_ego_attention__seed7,dgn_qmix,coord_grid,7,5337,133450,36.5,25,0.050000000000000044,3.161741018295288,54.70873769124349,775.5613487999653
dgn_complete__pair_N6_ego_attention__seed7,dgn_qmix,coord_grid,7,5338,133475,30.5,25,0.050000000000000044,4.794689953327179,66.92485459645589,775.6926539000124
dgn_complete__pair_N6_ego_attention__seed7,dgn_qmix,coord_grid,7,5339,133500,68.5,25,0.050000000000000044,6.528951312104861,96.9869893391927,775.8107672999613
dgn_complete__pair_N6_ego_attention__seed7,dgn_qmix,coord_grid,7,5340,133525,64.5,25,0.050000000000000044,6.276733125959124,67.68076624189105,776.0173004000098
dgn_complete__pair_N6_ego_attention__seed7,dgn_qmix,coord_grid,7,5341,133550,51.5,25,0.050000000000000044,8.467614024877548,118.14607620239258,776.1406156999874
dgn_complete__pair_N6_ego_attention__seed7,dgn_qmix,coord_grid,7,5342,133575,63.0,25,0.050000000000000044,10.158621311187744,101.07956059773763,776.2824399999809
dgn_complete__pair_N6_ego_attention__seed7,dgn_qmix,coord_grid,7,5343,133600,74.0,25,0.050000000000000044,7.331631933649381,72.7776985168457,776.4070180999697
dgn_complete__pair_N6_ego_attention__seed7,dgn_qmix,coord_grid,7,5344,133625,66.0,25,0.050000000000000044,8.630861146109444,76.27435411725726,776.5476298999856
dgn_complete__pair_N6_ego_attention__seed7,dgn_qmix,coord_grid,7,5345,133650,59.0,25,0.050000000000000044,6.455731272697449,57.1382048924764,776.7132703000098
dgn_complete__pair_N6_ego_attention__seed7,dgn_qmix,coord_grid,7,5346,133675,31.0,25,0.050000000000000044,8.202908555666605,42.05384079615275,776.8377627999871
dgn_complete__pair_N6_ego_attention__seed7,dgn_qmix,coord_grid,7,5347,133700,59.0,25,0.050000000000000044,3.074098135034243,45.181429624557495,776.9711098999833
dgn_complete__pair_N6_ego_attention__seed7,dgn_qmix,coord_grid,7,5348,133725,56.5,25,0.050000000000000044,5.068820008209774,87.71335220336914,777.1097263999982
dgn_complete__pair_N6_ego_attention__seed7,dgn_qmix,coord_grid,7,5349,133750,32.5,25,0.050000000000000044,8.401594003041586,99.38391049702962,777.2546325000003
dgn_complete__pair_N6_ego_attention__seed7,dgn_qmix,coord_grid,7,5350,133775,62.5,25,0.050000000000000044,9.316441118717194,118.63268152872722,777.4026563999942
dgn_complete__pair_N6_ego_attention__seed7,dgn_qmix,coord_grid,7,5351,133800,54.5,25,0.050000000000000044,6.70878026386102,124.25061925252278,777.5159148999956
dgn_complete__pair_N6_ego_attention__seed7,dgn_qmix,coord_grid,7,5352,133825,71.5,25,0.050000000000000044,10.356117044176374,144.31687600272042,777.6569330999628
dgn_complete__pair_N6_ego_attention__seed7,dgn_qmix,coord_grid,7,5353,133850,66.0,25,0.050000000000000044,3.635205626487732,165.8891569773356,777.7968116999837
dgn_complete__pair_N6_ego_attention__seed7,dgn_qmix,coord_grid,7,5354,133875,45.5,25,0.050000000000000044,8.417732268571854,126.4481315612793,777.9292208999977
dgn_complete__pair_N6_ego_attention__seed7,dgn_qmix,coord_grid,7,5355,133900,60.0,25,0.050000000000000044,7.512708167235057,116.37787946065266,778.0625867999624
dgn_complete__pair_N6_ego_attention__seed7,dgn_qmix,coord_grid,7,5356,133925,55.5,25,0.050000000000000044,9.447563580104283,113.41015379769462,778.191279599967
dgn_complete__pair_N6_ego_attention__seed7,dgn_qmix,coord_grid,7,5357,133950,56.0,25,0.050000000000000044,8.267275730768839,91.33664004007976,778.3601858000038
dgn_complete__pair_N6_ego_attention__seed7,dgn_qmix,coord_grid,7,5358,133975,52.5,25,0.050000000000000044,8.512541880210241,130.68065706888834,778.5201549999765
dgn_complete__pair_N6_ego_attention__seed7,dgn_qmix,coord_grid,7,5359,134000,44.5,25,0.050000000000000044,6.48467680811882,57.477532704671226,778.6770442000125
dgn_complete__pair_N6_ego_attention__seed7,dgn_qmix,coord_grid,7,5360,134025,56.0,25,0.050000000000000044,2.648094598736082,47.906515393938335,778.8103456000099
dgn_complete__pair_N6_ego_attention__seed7,dgn_qmix,coord_grid,7,5361,134050,57.5,25,0.050000000000000044,9.185381482044855,52.21809927622477,778.9210661000106
dgn_complete__pair_N6_ego_attention__seed7,dgn_qmix,coord_grid,7,5362,134075,73.5,25,0.050000000000000044,8.144510815540949,55.93285242716471,779.031514399976
dgn_complete__pair_N6_ego_attention__seed7,dgn_qmix,coord_grid,7,5363,134100,73.5,25,0.050000000000000044,4.774226695299149,58.088328997294106,779.250793299987
dgn_complete__pair_N6_ego_attention__seed7,dgn_qmix,coord_grid,7,5364,134125,38.0,25,0.050000000000000044,4.98903836948531,61.085467202322825,779.3699736999697
dgn_complete__pair_N6_ego_attention__seed7,dgn_qmix,coord_grid,7,5365,134150,55.5,25,0.050000000000000044,4.8549264172712965,104.07311248779297,779.4916842000093
dgn_complete__pair_N6_ego_attention__seed7,dgn_qmix,coord_grid,7,5366,134175,78.0,25,0.050000000000000044,5.717211579283078,47.46636486053467,779.6300013999571
dgn_complete__pair_N6_ego_attention__seed7,dgn_qmix,coord_grid,7,5367,134200,24.0,25,0.050000000000000044,9.239676495393118,69.71733474731445,779.7778517999686
dgn_complete__pair_N6_ego_attention__seed7,dgn_qmix,coord_grid,7,5368,134225,58.0,25,0.050000000000000044,9.538505554199219,88.47361373901367,779.8847693999996
dgn_complete__pair_N6_ego_attention__seed7,dgn_qmix,coord_grid,7,5369,134250,54.0,25,0.050000000000000044,6.4550861120224,83.47103500366211,780.0381860999623
dgn_complete__pair_N6_ego_attention__seed7,dgn_qmix,coord_grid,7,5370,134275,38.5,25,0.050000000000000044,6.561352252960205,82.51914024353027,780.2066899999627
dgn_complete__pair_N6_ego_attention__seed7,dgn_qmix,coord_grid,7,5371,134300,48.0,25,0.050000000000000044,3.053020546833674,51.669554710388184,780.3223610999994
dgn_complete__pair_N6_ego_attention__seed7,dgn_qmix,coord_grid,7,5372,134325,57.0,25,0.050000000000000044,5.522473458732877,44.43449074881418,780.449738700001
dgn_complete__pair_N6_ego_attention__seed7,dgn_qmix,coord_grid,7,5373,134350,47.5,25,0.050000000000000044,7.332990010579427,70.87430349985759,780.6128282999853
dgn_complete__pair_N6_ego_attention__seed7,dgn_qmix,coord_grid,7,5374,134375,81.5,25,0.050000000000000044,11.55171457429727,64.46174780527751,780.7580574000021
dgn_complete__pair_N6_ego_attention__seed7,dgn_qmix,coord_grid,7,5375,134400,30.5,25,0.050000000000000044,11.543617963790894,48.21317958831787,780.8869135999703
dgn_complete__pair_N6_ego_attention__seed7,dgn_qmix,coord_grid,7,5376,134425,33.5,25,0.050000000000000044,7.667301216295788,40.1160033089774,781.0050151000032
dgn_complete__pair_N6_ego_attention__seed7,dgn_qmix,coord_grid,7,5377,134450,64.5,25,0.050000000000000044,9.093485116958618,109.70518112182617,781.1330638999934
dgn_complete__pair_N6_ego_attention__seed7,dgn_qmix,coord_grid,7,5378,134475,56.5,25,0.050000000000000044,4.900970866282781,112.86839230855306,781.24593059998
dgn_complete__pair_N6_ego_attention__seed7,dgn_qmix,coord_grid,7,5379,134500,40.0,25,0.050000000000000044,4.718288163344066,51.50105635325114,781.3619930999703
dgn_complete__pair_N6_ego_attention__seed7,dgn_qmix,coord_grid,7,5380,134525,58.0,25,0.050000000000000044,5.653310022183827,53.8321658543178,781.5203050000127
dgn_complete__pair_N6_ego_attention__seed7,dgn_qmix,coord_grid,7,5381,134550,63.0,25,0.050000000000000044,6.465348392724991,47.74344825744629,781.626140999957
dgn_complete__pair_N6_ego_attention__seed7,dgn_qmix,coord_grid,7,5382,134575,33.5,25,0.050000000000000044,10.084492594003677,74.89633814493816,781.7712254999788
dgn_complete__pair_N6_ego_attention__seed7,dgn_qmix,coord_grid,7,5383,134600,66.0,25,0.050000000000000044,9.946316957473755,86.68859672546387,781.9280837000115
dgn_complete__pair_N6_ego_attention__seed7,dgn_qmix,coord_grid,7,5384,134625,46.5,25,0.050000000000000044,5.133215529578073,128.6528331211635,782.0818592999713
dgn_complete__pair_N6_ego_attention__seed7,dgn_qmix,coord_grid,7,5385,134650,39.0,25,0.050000000000000044,5.3280148307482404,154.25063133239746,782.1785512999631
dgn_complete__pair_N6_ego_attention__seed7,dgn_qmix,coord_grid,7,5386,134675,28.0,25,0.050000000000000044,6.880634744962056,134.6577091217041,782.316873600008
dgn_complete__pair_N6_ego_attention__seed7,dgn_qmix,coord_grid,7,5387,134700,46.0,25,0.050000000000000044,9.27781351407369,127.0060977935791,782.4643111999612
dgn_complete__pair_N6_ego_attention__seed7,dgn_qmix,coord_grid,7,5388,134725,54.0,25,0.050000000000000044,5.8537963799067905,141.94426836286272,782.6185892999638
dgn_complete__pair_N6_ego_attention__seed7,dgn_qmix,coord_grid,7,5389,134750,51.0,25,0.050000000000000044,7.381880690654119,97.18862787882487,782.7297175999847
dgn_complete__pair_N6_ego_attention__seed7,dgn_qmix,coord_grid,7,5390,134775,46.5,25,0.050000000000000044,9.151463255286217,84.05905659993489,782.873904499982
dgn_complete__pair_N6_ego_attention__seed7,dgn_qmix,coord_grid,7,5391,134800,44.5,25,0.050000000000000044,8.280415962139765,85.52925046284993,783.0102804999915
dgn_complete__pair_N6_ego_attention__seed7,dgn_qmix,coord_grid,7,5392,134825,66.0,25,0.050000000000000044,7.189207553863525,96.94578443254743,783.1257499000058
dgn_complete__pair_N6_ego_attention__seed7,dgn_qmix,coord_grid,7,5393,134850,63.5,25,0.050000000000000044,5.583000406622887,34.19982433319092,783.2844725999748
dgn_complete__pair_N6_ego_attention__seed7,dgn_qmix,coord_grid,7,5394,134875,74.0,25,0.050000000000000044,7.386350363492966,50.65342744191488,783.4025502000004
dgn_complete__pair_N6_ego_attention__seed7,dgn_qmix,coord_grid,7,5395,134900,44.0,25,0.050000000000000044,6.332763254642487,49.862563610076904,783.5187268999871
dgn_complete__pair_N6_ego_attention__seed7,dgn_qmix,coord_grid,7,5396,134925,58.5,25,0.050000000000000044,4.897370398044586,69.03613254002163,783.6878648999846
dgn_complete__pair_N6_ego_attention__seed7,dgn_qmix,coord_grid,7,5397,134950,43.0,25,0.050000000000000044,4.80054088930289,39.63247299194336,783.7992314999574
dgn_complete__pair_N6_ego_attention__seed7,dgn_qmix,coord_grid,7,5398,134975,58.5,25,0.050000000000000044,6.404253626863162,59.17027759552002,783.9035397999687
dgn_complete__pair_N6_ego_attention__seed7,dgn_qmix,coord_grid,7,5399,135000,62.5,25,0.050000000000000044,5.478873396913211,45.969658851623535,784.0862238999689
dgn_complete__pair_N6_ego_attention__seed7,dgn_qmix,coord_grid,7,5400,135025,51.5,25,0.050000000000000044,5.512865040983472,51.95569774082729,784.2356224000105
dgn_complete__pair_N6_ego_attention__seed7,dgn_qmix,coord_grid,7,5401,135050,38.0,25,0.050000000000000044,9.873034497102102,44.66614977518717,784.3868045000127
dgn_complete__pair_N6_ego_attention__seed7,dgn_qmix,coord_grid,7,5402,135075,42.0,25,0.050000000000000044,8.21203046043714,48.191226641337074,784.5039988000062
dgn_complete__pair_N6_ego_attention__seed7,dgn_qmix,coord_grid,7,5403,135100,71.0,25,0.050000000000000044,3.525406241416931,103.7799466451009,784.635086299968
dgn_complete__pair_N6_ego_attention__seed7,dgn_qmix,coord_grid,7,5404,135125,48.0,25,0.050000000000000044,4.906180722372873,83.92485509599958,784.7693748999736
dgn_complete__pair_N6_ego_attention__seed7,dgn_qmix,coord_grid,7,5405,135150,51.0,25,0.050000000000000044,7.22771255671978,89.51991653442383,784.9202616999974
dgn_complete__pair_N6_ego_attention__seed7,dgn_qmix,coord_grid,7,5406,135175,70.5,25,0.050000000000000044,8.12000141541163,59.109981536865234,785.0343515999848
dgn_complete__pair_N6_ego_attention__seed7,dgn_qmix,coord_grid,7,5407,135200,72.0,25,0.050000000000000044,8.117114782333374,84.73666127522786,785.1513771999744
dgn_complete__pair_N6_ego_attention__seed7,dgn_qmix,coord_grid,7,5408,135225,35.5,25,0.050000000000000044,6.955987087317875,42.1099785396031,785.3020106999902
dgn_complete__pair_N6_ego_attention__seed7,dgn_qmix,coord_grid,7,5409,135250,60.0,25,0.050000000000000044,6.389955033858617,71.63356065750122,785.4517344000051
dgn_complete__pair_N6_ego_attention__seed7,dgn_qmix,coord_grid,7,5410,135275,51.5,25,0.050000000000000044,7.326460470755895,69.59762064615886,785.5843065999798
dgn_complete__pair_N6_ego_attention__seed7,dgn_qmix,coord_grid,7,5411,135300,53.5,25,0.050000000000000044,3.0967817852894464,100.04640102386475,785.7244463000097
dgn_complete__pair_N6_ego_attention__seed7,dgn_qmix,coord_grid,7,5412,135325,64.5,25,0.050000000000000044,7.916950336524418,69.97314507620675,785.8684578000102
dgn_complete__pair_N6_ego_attention__seed7,dgn_qmix,coord_grid,7,5413,135350,49.5,25,0.050000000000000044,8.373966554800669,81.92950439453125,785.9960347999586
dgn_complete__pair_N6_ego_attention__seed7,dgn_qmix,coord_grid,7,5414,135375,64.5,25,0.050000000000000044,8.273786490162214,64.61123212178548,786.1309043999645
dgn_complete__pair_N6_ego_attention__seed7,dgn_qmix,coord_grid,7,5415,135400,52.5,25,0.050000000000000044,7.369490345319112,88.21767997741699,786.2544808000093
dgn_complete__pair_N6_ego_attention__seed7,dgn_qmix,coord_grid,7,5416,135425,43.0,25,0.050000000000000044,10.23439189365932,70.9893777029855,786.4202204999747
dgn_complete__pair_N6_ego_attention__seed7,dgn_qmix,coord_grid,7,5417,135450,49.0,25,0.050000000000000044,5.822035243113835,107.74214553833008,786.548993400007
dgn_complete__pair_N6_ego_attention__seed7,dgn_qmix,coord_grid,7,5418,135475,61.5,25,0.050000000000000044,6.780517021814982,113.52422332763672,786.7358310999698
dgn_complete__pair_N6_ego_attention__seed7,dgn_qmix,coord_grid,7,5419,135500,51.5,25,0.050000000000000044,5.644424205025037,65.47309430440266,786.856398599979
dgn_complete__pair_N6_ego_attention__seed7,dgn_qmix,coord_grid,7,5420,135525,38.5,25,0.050000000000000044,8.595001765659877,48.899347577776226,787.0068028999958
dgn_complete__pair_N6_ego_attention__seed7,dgn_qmix,coord_grid,7,5421,135550,60.0,25,0.050000000000000044,8.18547881146272,47.741771380106606,787.1254817000008
dgn_complete__pair_N6_ego_attention__seed7,dgn_qmix,coord_grid,7,5422,135575,50.0,25,0.050000000000000044,8.949149653315544,59.01646582285563,787.2760459000128
dgn_complete__pair_N6_ego_attention__seed7,dgn_qmix,coord_grid,7,5423,135600,35.0,25,0.050000000000000044,6.592044934630394,69.2328707377116,787.4042618999956
dgn_complete__pair_N6_ego_attention__seed7,dgn_qmix,coord_grid,7,5424,135625,64.5,25,0.050000000000000044,4.289601964609964,107.70193372453961,787.5545247999835
dgn_complete__pair_N6_ego_attention__seed7,dgn_qmix,coord_grid,7,5425,135650,33.5,25,0.050000000000000044,4.753406902154286,71.47464561462402,787.6579740999732
dgn_complete__pair_N6_ego_attention__seed7,dgn_qmix,coord_grid,7,5426,135675,50.5,25,0.050000000000000044,6.472729131579399,66.45101197560628,787.7820431999862
dgn_complete__pair_N6_ego_attention__seed7,dgn_qmix,coord_grid,7,5427,135700,41.0,25,0.050000000000000044,6.620328585306804,95.78582000732422,787.9002587999566
dgn_complete__pair_N6_ego_attention__seed7,dgn_qmix,coord_grid,7,5428,135725,60.0,25,0.050000000000000044,5.622404549803052,62.75224849155971,788.0464465999976
dgn_complete__pair_N6_ego_attention__seed7,dgn_qmix,coord_grid,7,5429,135750,38.5,25,0.050000000000000044,0.6277360816796621,92.84360599517822,788.1702515999787
dgn_complete__pair_N6_ego_attention__seed7,dgn_qmix,coord_grid,7,5430,135775,51.5,25,0.050000000000000044,5.733790824810664,85.77736854553223,788.2986055999645
dgn_complete__pair_N6_ego_attention__seed7,dgn_qmix,coord_grid,7,5431,135800,39.5,25,0.050000000000000044,8.389806479215622,63.608846028645836,788.4241642999696
dgn_complete__pair_N6_ego_attention__seed7,dgn_qmix,coord_grid,7,5432,135825,58.5,25,0.050000000000000044,7.337148083107812,89.79216875348773,788.5733566000126
dgn_complete__pair_N6_ego_attention__seed7,dgn_qmix,coord_grid,7,5433,135850,42.5,25,0.050000000000000044,8.31104701757431,72.95015112559001,788.69866309996
dgn_complete__pair_N6_ego_attention__seed7,dgn_qmix,coord_grid,7,5434,135875,30.5,25,0.050000000000000044,4.045376261075337,104.08029429117839,788.8283325000084
dgn_complete__pair_N6_ego_attention__seed7,dgn_qmix,coord_grid,7,5435,135900,53.0,25,0.050000000000000044,3.0884469548861184,59.35572878519694,788.9657628000132
dgn_complete__pair_N6_ego_attention__seed7,dgn_qmix,coord_grid,7,5436,135925,31.0,25,0.050000000000000044,5.683010450431278,71.68069458007812,789.1259075999842
dgn_complete__pair_N6_ego_attention__seed7,dgn_qmix,coord_grid,7,5437,135950,53.5,25,0.050000000000000044,5.610502337416013,64.52453804016113,789.2539229000104
dgn_complete__pair_N6_ego_attention__seed7,dgn_qmix,coord_grid,7,5438,135975,56.0,25,0.050000000000000044,7.407617290814717,41.81246471405029,789.3993497999618
dgn_complete__pair_N6_ego_attention__seed7,dgn_qmix,coord_grid,7,5439,136000,35.5,25,0.050000000000000044,13.32234517733256,57.181063652038574,789.5122596999863
dgn_complete__pair_N6_ego_attention__seed7,dgn_qmix,coord_grid,7,5440,136025,61.0,25,0.050000000000000044,8.05900137765067,50.71594020298549,789.6481259000138
dgn_complete__pair_N6_ego_attention__seed7,dgn_qmix,coord_grid,7,5441,136050,57.0,25,0.050000000000000044,9.234667221705118,57.063831647237144,789.7679341000039
dgn_complete__pair_N6_ego_attention__seed7,dgn_qmix,coord_grid,7,5442,136075,67.0,25,0.050000000000000044,7.268767481048902,42.66384506225586,789.878963199968
dgn_complete__pair_N6_ego_attention__seed7,dgn_qmix,coord_grid,7,5443,136100,56.5,25,0.050000000000000044,4.928369164466858,87.14437611897786,790.0215604999685
dgn_complete__pair_N6_ego_attention__seed7,dgn_qmix,coord_grid,7,5444,136125,65.5,25,0.050000000000000044,6.779828906059265,132.3204689025879,790.1580619000015
dgn_complete__pair_N6_ego_attention__seed7,dgn_qmix,coord_grid,7,5445,136150,59.5,25,0.050000000000000044,6.508868932723999,67.81966431935628,790.2705871000071
dgn_complete__pair_N6_ego_attention__seed7,dgn_qmix,coord_grid,7,5446,136175,70.5,25,0.050000000000000044,6.447324464718501,68.6394411722819,790.4709057
dgn_complete__pair_N6_ego_attention__seed7,dgn_qmix,coord_grid,7,5447,136200,34.5,25,0.050000000000000044,6.692212084929149,111.93996938069661,790.5876448999625
dgn_complete__pair_N6_ego_attention__seed7,dgn_qmix,coord_grid,7,5448,136225,48.5,25,0.050000000000000044,8.791434492383685,95.18455396379743,790.8161810999736
dgn_complete__pair_N6_ego_attention__seed7,dgn_qmix,coord_grid,7,5449,136250,64.5,25,0.050000000000000044,7.474751730759938,62.40894095102946,790.951294199971
dgn_complete__pair_N6_ego_attention__seed7,dgn_qmix,coord_grid,7,5450,136275,47.0,25,0.050000000000000044,9.20788611471653,63.77788225809733,791.1121711999876
dgn_complete__pair_N6_ego_attention__seed7,dgn_qmix,coord_grid,7,5451,136300,62.0,25,0.050000000000000044,11.673210938771566,64.04216575622559,791.2834193999879
dgn_complete__pair_N6_ego_attention__seed7,dgn_qmix,coord_grid,7,5452,136325,65.5,25,0.050000000000000044,12.485770498003278,88.10218157087054,791.44829879998
dgn_complete__pair_N6_ego_attention__seed7,dgn_qmix,coord_grid,7,5453,136350,54.5,25,0.050000000000000044,7.481850599249204,75.96445941925049,791.5823783999658
dgn_complete__pair_N6_ego_attention__seed7,dgn_qmix,coord_grid,7,5454,136375,54.5,25,0.050000000000000044,6.6938437422116595,66.80241982142131,791.7324168999912
dgn_complete__pair_N6_ego_attention__seed7,dgn_qmix,coord_grid,7,5455,136400,54.5,25,0.050000000000000044,8.253746469815573,82.00617027282715,791.8406506999745
dgn_complete__pair_N6_ego_attention__seed7,dgn_qmix,coord_grid,7,5456,136425,38.5,25,0.050000000000000044,5.766018569469452,72.0551256452288,791.9445996999857
dgn_complete__pair_N6_ego_attention__seed7,dgn_qmix,coord_grid,7,5457,136450,59.5,25,0.050000000000000044,4.84351588288943,63.84444888432821,792.0722699000034
dgn_complete__pair_N6_ego_attention__seed7,dgn_qmix,coord_grid,7,5458,136475,58.5,25,0.050000000000000044,9.056627690792084,55.33040873209635,792.1755062000011
dgn_complete__pair_N6_ego_attention__seed7,dgn_qmix,coord_grid,7,5459,136500,61.0,25,0.050000000000000044,4.731422320008278,64.76204363505046,792.3471885999897
dgn_complete__pair_N6_ego_attention__seed7,dgn_qmix,coord_grid,7,5460,136525,60.0,25,0.050000000000000044,7.897599573646273,51.59166363307408,792.4759148999583
dgn_complete__pair_N6_ego_attention__seed7,dgn_qmix,coord_grid,7,5461,136550,48.5,25,0.050000000000000044,5.604776695370674,67.07612005869548,792.6049798000022
dgn_complete__pair_N6_ego_attention__seed7,dgn_qmix,coord_grid,7,5462,136575,64.5,25,0.050000000000000044,5.685228005051613,39.29227987925211,792.7446404999937
dgn_complete__pair_N6_ego_attention__seed7,dgn_qmix,coord_grid,7,5463,136600,63.5,25,0.050000000000000044,9.371830940246582,68.11152267456055,792.8792996999691
dgn_complete__pair_N6_ego_attention__seed7,dgn_qmix,coord_grid,7,5464,136625,36.5,25,0.050000000000000044,10.772113936288017,72.39485658918109,792.9991211000015
dgn_complete__pair_N6_ego_attention__seed7,dgn_qmix,coord_grid,7,5465,136650,63.0,25,0.050000000000000044,8.295787890752157,75.58907318115234,793.1551134999609
dgn_complete__pair_N6_ego_attention__seed7,dgn_qmix,coord_grid,7,5466,136675,51.5,25,0.050000000000000044,8.371947139501572,83.99657122294109,793.3131295999628
dgn_complete__pair_N6_ego_attention__seed7,dgn_qmix,coord_grid,7,5467,136700,57.0,25,0.050000000000000044,7.3284163028001785,71.13314692179362,793.4592046999605
dgn_complete__pair_N6_ego_attention__seed7,dgn_qmix,coord_grid,7,5468,136725,41.0,25,0.050000000000000044,2.2211168663842336,118.84272003173828,793.614084300003
dgn_complete__pair_N6_ego_attention__seed7,dgn_qmix,coord_grid,7,5469,136750,55.5,25,0.050000000000000044,3.103466992576917,87.49928538004558,793.7734468000126
dgn_complete__pair_N6_ego_attention__seed7,dgn_qmix,coord_grid,7,5470,136775,60.0,25,0.050000000000000044,7.594035526116689,42.43027114868164,793.9186962000094
dgn_complete__pair_N6_ego_attention__seed7,dgn_qmix,coord_grid,7,5471,136800,36.0,25,0.050000000000000044,10.090340693791708,64.00899823506673,794.0940635000006
dgn_complete__pair_N6_ego_attention__seed7,dgn_qmix,coord_grid,7,5472,136825,44.0,25,0.050000000000000044,2.730291106871196,50.206277302333284,794.2576881999848
dgn_complete__pair_N6_ego_attention__seed7,dgn_qmix,coord_grid,7,5473,136850,52.5,25,0.050000000000000044,7.419251541296641,46.423513412475586,794.3639535999973
dgn_complete__pair_N6_ego_attention__seed7,dgn_qmix,coord_grid,7,5474,136875,44.5,25,0.050000000000000044,8.331127981344858,46.36000887552897,794.4971478999942
dgn_complete__pair_N6_ego_attention__seed7,dgn_qmix,coord_grid,7,5475,136900,64.0,25,0.050000000000000044,7.294156163930893,31.238199869791668,794.637423600012
dgn_complete__pair_N6_ego_attention__seed7,dgn_qmix,coord_grid,7,5476,136925,39.0,25,0.050000000000000044,8.634811265127999,45.19466345650809,794.8099527999875
dgn_complete__pair_N6_ego_attention__seed7,dgn_qmix,coord_grid,7,5477,136950,76.5,25,0.050000000000000044,5.62030450006326,64.14059893290202,794.9497629000107
dgn_complete__pair_N6_ego_attention__seed7,dgn_qmix,coord_grid,7,5478,136975,50.5,25,0.050000000000000044,5.858138849337895,67.69971974690755,795.0700421999791
dgn_complete__pair_N6_ego_attention__seed7,dgn_qmix,coord_grid,7,5479,137000,65.5,25,0.050000000000000044,6.800661623477936,96.84427897135417,795.1723486999981
dgn_complete__pair_N6_ego_attention__seed7,dgn_qmix,coord_grid,7,5480,137025,53.5,25,0.050000000000000044,4.255447438785008,92.23726490565709,795.290005399962
dgn_complete__pair_N6_ego_attention__seed7,dgn_qmix,coord_grid,7,5481,137050,54.5,25,0.050000000000000044,6.518854533632596,51.80309327443441,795.3900670000003
dgn_complete__pair_N6_ego_attention__seed7,dgn_qmix,coord_grid,7,5482,137075,74.5,25,0.050000000000000044,7.428815136353175,64.3676986694336,795.5197419999749
dgn_complete__pair_N6_ego_attention__seed7,dgn_qmix,coord_grid,7,5483,137100,50.5,25,0.050000000000000044,4.867523516217868,74.77612940470378,795.6167088999646
dgn_complete__pair_N6_ego_attention__seed7,dgn_qmix,coord_grid,7,5484,137125,59.0,25,0.050000000000000044,6.376627113137927,60.430554798671174,795.782516199979
dgn_complete__pair_N6_ego_attention__seed7,dgn_qmix,coord_grid,7,5485,137150,57.0,25,0.050000000000000044,5.012728641430537,72.54433727264404,795.917084799963
dgn_complete__pair_N6_ego_attention__seed7,dgn_qmix,coord_grid,7,5486,137175,75.5,25,0.050000000000000044,7.523901308576266,82.39935239156087,796.0457698999671
dgn_complete__pair_N6_ego_attention__seed7,dgn_qmix,coord_grid,7,5487,137200,55.0,25,0.050000000000000044,8.35707605878512,48.241832415262856,796.1808517999598
dgn_complete__pair_N6_ego_attention__seed7,dgn_qmix,coord_grid,7,5488,137225,61.5,25,0.050000000000000044,2.792828781264169,93.23060389927456,796.3205919999746
dgn_complete__pair_N6_ego_attention__seed7,dgn_qmix,coord_grid,7,5489,137250,28.5,25,0.050000000000000044,6.494283095002174,80.16029071807861,796.4542631999939
dgn_complete__pair_N6_ego_attention__seed7,dgn_qmix,coord_grid,7,5490,137275,33.0,25,0.050000000000000044,3.219717522462209,97.85267766316731,796.5604410999804
dgn_complete__pair_N6_ego_attention__seed7,dgn_qmix,coord_grid,7,5491,137300,50.5,25,0.050000000000000044,8.737303892771402,110.73239835103352,796.710122999968
dgn_complete__pair_N6_ego_attention__seed7,dgn_qmix,coord_grid,7,5492,137325,44.0,25,0.050000000000000044,6.972466809409005,160.4859461103167,796.8234371999861
dgn_complete__pair_N6_ego_attention__seed7,dgn_qmix,coord_grid,7,5493,137350,55.5,25,0.050000000000000044,10.143541624148687,104.16908391316731,796.9389077000087
dgn_complete__pair_N6_ego_attention__seed7,dgn_qmix,coord_grid,7,5494,137375,37.5,25,0.050000000000000044,6.844869454701741,108.46442286173503,797.0451551000006
dgn_complete__pair_N6_ego_attention__seed7,dgn_qmix,coord_grid,7,5495,137400,49.5,25,0.050000000000000044,4.869844565788905,97.07958761850993,797.1712661999627
dgn_complete__pair_N6_ego_attention__seed7,dgn_qmix,coord_grid,7,5496,137425,57.0,25,0.050000000000000044,5.029347777366638,79.56283242361886,797.3246479000081
dgn_complete__pair_N6_ego_attention__seed7,dgn_qmix,coord_grid,7,5497,137450,56.0,25,0.050000000000000044,7.619001944859822,76.58241335550944,797.4859963000054
dgn_complete__pair_N6_ego_attention__seed7,dgn_qmix,coord_grid,7,5498,137475,63.5,25,0.050000000000000044,5.881261765956879,89.37856674194336,797.6185349999578
dgn_complete__pair_N6_ego_attention__seed7,dgn_qmix,coord_grid,7,5499,137500,61.5,25,0.050000000000000044,6.654528255263965,73.17392603556316,797.7978045999771
dgn_complete__pair_N6_ego_attention__seed7,dgn_qmix,coord_grid,7,5500,137525,54.5,25,0.050000000000000044,8.941680891173226,107.38257108415876,797.9965521999984
dgn_complete__pair_N6_ego_attention__seed7,dgn_qmix,coord_grid,7,5501,137550,46.5,25,0.050000000000000044,6.114032129446666,160.29608027140299,798.1619801999768
dgn_complete__pair_N6_ego_attention__seed7,dgn_qmix,coord_grid,7,5502,137575,65.5,25,0.050000000000000044,10.1497875948747,118.7666524251302,798.3393362999777
dgn_complete__pair_N6_ego_attention__seed7,dgn_qmix,coord_grid,7,5503,137600,64.5,25,0.050000000000000044,5.669818684458733,76.91827074686687,798.4732697000145
dgn_complete__pair_N6_ego_attention__seed7,dgn_qmix,coord_grid,7,5504,137625,40.0,25,0.050000000000000044,7.900985649653843,98.07279968261719,798.6132073999615
dgn_complete__pair_N6_ego_attention__seed7,dgn_qmix,coord_grid,7,5505,137650,48.5,25,0.050000000000000044,11.13308766980966,142.3455378214518,798.7351279999712
dgn_complete__pair_N6_ego_attention__seed7,dgn_qmix,coord_grid,7,5506,137675,38.5,25,0.050000000000000044,8.402116810282072,125.0985616048177,798.8469931000145
dgn_complete__pair_N6_ego_attention__seed7,dgn_qmix,coord_grid,7,5507,137700,72.5,25,0.050000000000000044,5.8190174748500185,103.44295883178711,798.9775508999592
dgn_complete__pair_N6_ego_attention__seed7,dgn_qmix,coord_grid,7,5508,137725,60.0,25,0.050000000000000044,5.69555960382734,87.95216751098633,799.1051446999772
dgn_complete__pair_N6_ego_attention__seed7,dgn_qmix,coord_grid,7,5509,137750,61.5,25,0.050000000000000044,3.079281121492386,41.41109657287598,799.2478622999624
dgn_complete__pair_N6_ego_attention__seed7,dgn_qmix,coord_grid,7,5510,137775,36.5,25,0.050000000000000044,5.04259658853213,110.62513160705566,799.403334099974
dgn_complete__pair_N6_ego_attention__seed7,dgn_qmix,coord_grid,7,5511,137800,40.5,25,0.050000000000000044,5.8559863070646925,63.67081514994303,799.5580187999876
dgn_complete__pair_N6_ego_attention__seed7,dgn_qmix,coord_grid,7,5512,137825,65.5,25,0.050000000000000044,6.40406705226217,56.80045863560268,799.7051741000032
dgn_complete__pair_N6_ego_attention__seed7,dgn_qmix,coord_grid,7,5513,137850,55.0,25,0.050000000000000044,6.701122045516968,57.578372955322266,799.8050353999715
dgn_complete__pair_N6_ego_attention__seed7,dgn_qmix,coord_grid,7,5514,137875,27.0,25,0.050000000000000044,4.678631042440732,47.45867602030436,799.9459115999634
dgn_complete__pair_N6_ego_attention__seed7,dgn_qmix,coord_grid,7,5515,137900,58.0,25,0.050000000000000044,4.807866801818212,85.38460032145183,800.0773620000109
dgn_complete__pair_N6_ego_attention__seed7,dgn_qmix,coord_grid,7,5516,137925,55.5,25,0.050000000000000044,4.2881839488233835,57.781037739345,800.2046155999997
dgn_complete__pair_N6_ego_attention__seed7,dgn_qmix,coord_grid,7,5517,137950,77.5,25,0.050000000000000044,4.8196135858694715,67.31839497884114,800.3337997999624
dgn_complete__pair_N6_ego_attention__seed7,dgn_qmix,coord_grid,7,5518,137975,58.0,25,0.050000000000000044,10.98692258199056,56.32075309753418,800.5096959999646
dgn_complete__pair_N6_ego_attention__seed7,dgn_qmix,coord_grid,7,5519,138000,61.5,25,0.050000000000000044,10.939912219842276,60.00882085164388,800.6711750999675
dgn_complete__pair_N6_ego_attention__seed7,dgn_qmix,coord_grid,7,5520,138025,66.5,25,0.050000000000000044,5.623190824474607,38.86233002798898,800.7998066999717
dgn_complete__pair_N6_ego_attention__seed7,dgn_qmix,coord_grid,7,5521,138050,55.0,25,0.050000000000000044,7.669733852148056,113.39369710286458,800.9155583999818
dgn_complete__pair_N6_ego_attention__seed7,dgn_qmix,coord_grid,7,5522,138075,42.0,25,0.050000000000000044,7.658231973648071,116.10446739196777,801.0360828000121
dgn_complete__pair_N6_ego_attention__seed7,dgn_qmix,coord_grid,7,5523,138100,49.0,25,0.050000000000000044,7.806703249613444,139.9608294169108,801.15026580001
dgn_complete__pair_N6_ego_attention__seed7,dgn_qmix,coord_grid,7,5524,138125,71.0,25,0.050000000000000044,7.193865622792925,98.80825805664062,801.299080799974
dgn_complete__pair_N6_ego_attention__seed7,dgn_qmix,coord_grid,7,5525,138150,67.5,25,0.050000000000000044,5.642407049735387,46.40454387664795,801.4365356999915
dgn_complete__pair_N6_ego_attention__seed7,dgn_qmix,coord_grid,7,5526,138175,69.0,25,0.050000000000000044,7.340771784385045,42.481611569722496,801.5520464999718
dgn_complete__pair_N6_ego_attention__seed7,dgn_qmix,coord_grid,7,5527,138200,52.0,25,0.050000000000000044,5.646039138237636,57.318837801615395,801.6917680999613
dgn_complete__pair_N6_ego_attention__seed7,dgn_qmix,coord_grid,7,5528,138225,21.5,25,0.050000000000000044,9.452568982328687,62.28185217721121,801.8376569999964
dgn_complete__pair_N6_ego_attention__seed7,dgn_qmix,coord_grid,7,5529,138250,63.5,25,0.050000000000000044,7.500660210847855,88.41131655375163,801.9747291000094
dgn_complete__pair_N6_ego_attention__seed7,dgn_qmix,coord_grid,7,5530,138275,53.5,25,0.050000000000000044,8.17649402221044,81.26295566558838,802.1680559999659
dgn_complete__pair_N6_ego_attention__seed7,dgn_qmix,coord_grid,7,5531,138300,55.0,25,0.050000000000000044,12.094496011734009,119.16423670450847,802.3750337999663
dgn_complete__pair_N6_ego_attention__seed7,dgn_qmix,coord_grid,7,5532,138325,65.0,25,0.050000000000000044,8.89547973871231,116.71834237234933,802.5873694999609
dgn_complete__pair_N6_ego_attention__seed7,dgn_qmix,coord_grid,7,5533,138350,60.5,25,0.050000000000000044,10.86058603723844,74.3784974416097,802.6921124999644
dgn_complete__pair_N6_ego_attention__seed7,dgn_qmix,coord_grid,7,5534,138375,33.5,25,0.050000000000000044,11.778440237045288,98.4441951115926,802.8243647000054
dgn_complete__pair_N6_ego_attention__seed7,dgn_qmix,coord_grid,7,5535,138400,62.0,25,0.050000000000000044,5.7117937207221985,59.6518300374349,802.9502479999792
dgn_complete__pair_N6_ego_attention__seed7,dgn_qmix,coord_grid,7,5536,138425,49.5,25,0.050000000000000044,6.500142391238894,66.03227996826172,803.0860262999777
dgn_complete__pair_N6_ego_attention__seed7,dgn_qmix,coord_grid,7,5537,138450,43.0,25,0.050000000000000044,9.966201255718866,117.8913803100586,803.26899219997
dgn_complete__pair_N6_ego_attention__seed7,dgn_qmix,coord_grid,7,5538,138475,42.0,25,0.050000000000000044,6.902085651954015,114.66232490539551,803.3963038999937
dgn_complete__pair_N6_ego_attention__seed7,dgn_qmix,coord_grid,7,5539,138500,37.0,25,0.050000000000000044,6.641359443465869,90.30451615651448,803.5449263000046
dgn_complete__pair_N6_ego_attention__seed7,dgn_qmix,coord_grid,7,5540,138525,50.0,25,0.050000000000000044,7.224067739077976,71.31304441179547,803.6967855999828
dgn_complete__pair_N6_ego_attention__seed7,dgn_qmix,coord_grid,7,5541,138550,53.0,25,0.050000000000000044,4.0186354368925095,73.22463671366374,803.8612192000146
dgn_complete__pair_N6_ego_attention__seed7,dgn_qmix,coord_grid,7,5542,138575,48.5,25,0.050000000000000044,5.896050691604614,96.35518646240234,803.9985294999788
dgn_complete__pair_N6_ego_attention__seed7,dgn_qmix,coord_grid,7,5543,138600,54.0,25,0.050000000000000044,5.7225548674662905,82.09282811482747,804.1088255000068
dgn_complete__pair_N6_ego_attention__seed7,dgn_qmix,coord_grid,7,5544,138625,29.5,25,0.050000000000000044,5.980655576501574,115.7664315359933,804.230542699981
dgn_complete__pair_N6_ego_attention__seed7,dgn_qmix,coord_grid,7,5545,138650,53.0,25,0.050000000000000044,6.891054218014081,94.84800275166829,804.3782843999797
dgn_complete__pair_N6_ego_attention__seed7,dgn_qmix,coord_grid,7,5546,138675,46.5,25,0.050000000000000044,7.7155245542526245,118.21598052978516,804.5487147999811
dgn_complete__pair_N6_ego_attention__seed7,dgn_qmix,coord_grid,7,5547,138700,43.5,25,0.050000000000000044,5.899682889382045,122.15662892659505,804.735249499965
dgn_complete__pair_N6_ego_attention__seed7,dgn_qmix,coord_grid,7,5548,138725,62.0,25,0.050000000000000044,8.280810705253057,100.51075308663505,804.8855809000088
dgn_complete__pair_N6_ego_attention__seed7,dgn_qmix,coord_grid,7,5549,138750,75.0,25,0.050000000000000044,14.651052792867025,98.97435887654622,805.0163193999906
dgn_complete__pair_N6_ego_attention__seed7,dgn_qmix,coord_grid,7,5550,138775,53.0,25,0.050000000000000044,15.621469179789225,115.62860488891602,805.1492779999971
dgn_complete__pair_N6_ego_attention__seed7,dgn_qmix,coord_grid,7,5551,138800,26.0,25,0.050000000000000044,8.331190923849741,104.43862660725911,805.3163357999874
dgn_complete__pair_N6_ego_attention__seed7,dgn_qmix,coord_grid,7,5552,138825,82.5,25,0.050000000000000044,8.957236519881658,135.80226407732283,805.4845503999968
dgn_complete__pair_N6_ego_attention__seed7,dgn_qmix,coord_grid,7,5553,138850,64.0,25,0.050000000000000044,10.061801552772522,80.374267578125,805.6463478999794
dgn_complete__pair_N6_ego_attention__seed7,dgn_qmix,coord_grid,7,5554,138875,48.5,25,0.050000000000000044,5.576750501990318,42.68157800038656,805.7635256999638
dgn_complete__pair_N6_ego_attention__seed7,dgn_qmix,coord_grid,7,5555,138900,64.5,25,0.050000000000000044,5.852643350760142,110.49843152364095,805.8823292999878
dgn_complete__pair_N6_ego_attention__seed7,dgn_qmix,coord_grid,7,5556,138925,57.5,25,0.050000000000000044,6.078081948416574,124.76943860735211,806.0542493999819
dgn_complete__pair_N6_ego_attention__seed7,dgn_qmix,coord_grid,7,5557,138950,38.5,25,0.050000000000000044,6.401244868834813,170.32417678833008,806.1801747999853
dgn_complete__pair_N6_ego_attention__seed7,dgn_qmix,coord_grid,7,5558,138975,48.0,25,0.050000000000000044,8.51413091023763,105.12243207295735,806.309804599965
dgn_complete__pair_N6_ego_attention__seed7,dgn_qmix,coord_grid,7,5559,139000,65.0,25,0.050000000000000044,6.633250862360001,51.410669008890785,806.4458717000089
dgn_complete__pair_N6_ego_attention__seed7,dgn_qmix,coord_grid,7,5560,139025,46.0,25,0.050000000000000044,8.066464986119952,45.53800746372768,806.5601638999651
dgn_complete__pair_N6_ego_attention__seed7,dgn_qmix,coord_grid,7,5561,139050,55.5,25,0.050000000000000044,9.263873289028803,62.821879069010414,806.7147167999647
dgn_complete__pair_N6_ego_attention__seed7,dgn_qmix,coord_grid,7,5562,139075,58.5,25,0.050000000000000044,5.773537928859393,69.87255255381267,806.8729518000036
dgn_complete__pair_N6_ego_attention__seed7,dgn_qmix,coord_grid,7,5563,139100,54.5,25,0.050000000000000044,7.621003528436025,91.5347506205241,807.0164250999806
dgn_complete__pair_N6_ego_attention__seed7,dgn_qmix,coord_grid,7,5564,139125,53.5,25,0.050000000000000044,5.582153533186231,76.56791687011719,807.1703133999836
dgn_complete__pair_N6_ego_attention__seed7,dgn_qmix,coord_grid,7,5565,139150,50.5,25,0.050000000000000044,6.60276863972346,82.97755114237468,807.3489819999668
dgn_complete__pair_N6_ego_attention__seed7,dgn_qmix,coord_grid,7,5566,139175,45.5,25,0.050000000000000044,6.627844254175822,66.53498999277751,807.5018717999919
dgn_complete__pair_N6_ego_attention__seed7,dgn_qmix,coord_grid,7,5567,139200,48.5,25,0.050000000000000044,4.807691991329193,66.22469965616862,807.635768099979
dgn_complete__pair_N6_ego_attention__seed7,dgn_qmix,coord_grid,7,5568,139225,51.0,25,0.050000000000000044,6.841562718153,126.0593866620745,807.7942760000005
dgn_complete__pair_N6_ego_attention__seed7,dgn_qmix,coord_grid,7,5569,139250,59.0,25,0.050000000000000044,6.116255124409993,135.2747039794922,807.9404067999567
dgn_complete__pair_N6_ego_attention__seed7,dgn_qmix,coord_grid,7,5570,139275,37.5,25,0.050000000000000044,10.567049503326416,124.87839317321777,808.0626012999564
dgn_complete__pair_N6_ego_attention__seed7,dgn_qmix,coord_grid,7,5571,139300,59.0,25,0.050000000000000044,7.651711543401082,75.651185353597,808.1733482999844
dgn_complete__pair_N6_ego_attention__seed7,dgn_qmix,coord_grid,7,5572,139325,53.0,25,0.050000000000000044,7.138609200716019,64.87999425615583,808.3955445999745
dgn_complete__pair_N6_ego_attention__seed7,dgn_qmix,coord_grid,7,5573,139350,32.0,25,0.050000000000000044,8.122226158777872,52.65248235066732,808.573210100003
dgn_complete__pair_N6_ego_attention__seed7,dgn_qmix,coord_grid,7,5574,139375,60.0,25,0.050000000000000044,5.02073539296786,102.90975793202718,808.7131654999685
dgn_complete__pair_N6_ego_attention__seed7,dgn_qmix,coord_grid,7,5575,139400,54.5,25,0.050000000000000044,3.814148873090744,74.86007022857666,808.8430706000072
dgn_complete__pair_N6_ego_attention__seed7,dgn_qmix,coord_grid,7,5576,139425,68.0,25,0.050000000000000044,7.610992840358189,134.58120618547713,808.983505799959
dgn_complete__pair_N6_ego_attention__seed7,dgn_qmix,coord_grid,7,5577,139450,68.0,25,0.050000000000000044,9.558506687482199,138.18376064300537,809.1297069999855
dgn_complete__pair_N6_ego_attention__seed7,dgn_qmix,coord_grid,7,5578,139475,55.5,25,0.050000000000000044,5.099684953689575,102.98465760548909,809.2565219000098
dgn_complete__pair_N6_ego_attention__seed7,dgn_qmix,coord_grid,7,5579,139500,68.0,25,0.050000000000000044,2.433072050412496,114.50563557942708,809.4388289999915
dgn_complete__pair_N6_ego_attention__seed7,dgn_qmix,coord_grid,7,5580,139525,56.5,25,0.050000000000000044,10.243159153631755,58.65459687369211,809.5677471999661
dgn_complete__pair_N6_ego_attention__seed7,dgn_qmix,coord_grid,7,5581,139550,59.5,25,0.050000000000000044,8.473963022232056,111.49453099568684,809.6965318999719
dgn_complete__pair_N6_ego_attention__seed7,dgn_qmix,coord_grid,7,5582,139575,49.0,25,0.050000000000000044,6.636253267526627,86.47995249430339,809.8218794999993
dgn_complete__pair_N6_ego_attention__seed7,dgn_qmix,coord_grid,7,5583,139600,47.5,25,0.050000000000000044,6.913348913192749,125.13417180379231,809.943700200005
dgn_complete__pair_N6_ego_attention__seed7,dgn_qmix,coord_grid,7,5584,139625,50.5,25,0.050000000000000044,5.383211314678192,139.91378893171037,810.1049031000002
dgn_complete__pair_N6_ego_attention__seed7,dgn_qmix,coord_grid,7,5585,139650,34.5,25,0.050000000000000044,9.142588218053183,74.73715623219807,810.243834599969
dgn_complete__pair_N6_ego_attention__seed7,dgn_qmix,coord_grid,7,5586,139675,68.0,25,0.050000000000000044,10.80292789141337,58.99999745686849,810.375351900002
dgn_complete__pair_N6_ego_attention__seed7,dgn_qmix,coord_grid,7,5587,139700,54.5,25,0.050000000000000044,12.828283468882242,64.65782610575359,810.577818699996
dgn_complete__pair_N6_ego_attention__seed7,dgn_qmix,coord_grid,7,5588,139725,46.5,25,0.050000000000000044,12.561277525765556,76.31941386631557,810.7248131000088
dgn_complete__pair_N6_ego_attention__seed7,dgn_qmix,coord_grid,7,5589,139750,36.0,25,0.050000000000000044,8.593279321988424,69.50905227661133,810.8344175000093
dgn_complete__pair_N6_ego_attention__seed7,dgn_qmix,coord_grid,7,5590,139775,47.5,25,0.050000000000000044,5.779039065043132,57.747355143229164,810.9571035999688
dgn_complete__pair_N6_ego_attention__seed7,dgn_qmix,coord_grid,7,5591,139800,40.0,25,0.050000000000000044,7.474683955311775,57.009653091430664,811.0748369999928
dgn_complete__pair_N6_ego_attention__seed7,dgn_qmix,coord_grid,7,5592,139825,48.5,25,0.050000000000000044,5.688929740871702,86.47670936584473,811.2547555000056
dgn_complete__pair_N6_ego_attention__seed7,dgn_qmix,coord_grid,7,5593,139850,61.0,25,0.050000000000000044,4.558520446221034,135.11635653177896,811.358974999981
dgn_complete__pair_N6_ego_attention__seed7,dgn_qmix,coord_grid,7,5594,139875,55.5,25,0.050000000000000044,6.698557108640671,82.91326268513997,811.519742799981
dgn_complete__pair_N6_ego_attention__seed7,dgn_qmix,coord_grid,7,5595,139900,40.0,25,0.050000000000000044,7.588730295499166,59.51664956410726,811.6596983000054
dgn_complete__pair_N6_ego_attention__seed7,dgn_qmix,coord_grid,7,5596,139925,49.5,25,0.050000000000000044,9.459270136696952,52.114933831351145,811.8291047000093
dgn_complete__pair_N6_ego_attention__seed7,dgn_qmix,coord_grid,7,5597,139950,62.0,25,0.050000000000000044,8.312853823105494,65.14093812306722,811.9569429999683
dgn_complete__pair_N6_ego_attention__seed7,dgn_qmix,coord_grid,7,5598,139975,49.5,25,0.050000000000000044,3.819818824529648,51.79320462544759,812.1016925000004
dgn_complete__pair_N6_ego_attention__seed7,dgn_qmix,coord_grid,7,5599,140000,28.0,25,0.050000000000000044,9.581864575544992,91.20404942830403,812.3007464999682
dgn_complete__pair_N6_ego_attention__seed7,dgn_qmix,coord_grid,7,5600,140025,29.0,25,0.050000000000000044,6.486253742660795,79.05053056989398,812.4634673999972
dgn_complete__pair_N6_ego_attention__seed7,dgn_qmix,coord_grid,7,5601,140050,54.0,25,0.050000000000000044,6.631986300150554,65.40419260660808,812.5921330999699
dgn_complete__pair_N6_ego_attention__seed7,dgn_qmix,coord_grid,7,5602,140075,48.0,25,0.050000000000000044,5.832542712489764,71.92888927459717,812.7566113999928
dgn_complete__pair_N6_ego_attention__seed7,dgn_qmix,coord_grid,7,5603,140100,49.5,25,0.050000000000000044,7.412619948387146,63.7158899307251,812.9193397999625
dgn_complete__pair_N6_ego_attention__seed7,dgn_qmix,coord_grid,7,5604,140125,42.0,25,0.050000000000000044,8.18668270111084,96.7007086617606,813.0579894999973
dgn_complete__pair_N6_ego_attention__seed7,dgn_qmix,coord_grid,7,5605,140150,56.5,25,0.050000000000000044,10.195342938105265,129.59971809387207,813.2038406999782
dgn_complete__pair_N6_ego_attention__seed7,dgn_qmix,coord_grid,7,5606,140175,52.0,25,0.050000000000000044,4.264985332886378,144.1716890335083,813.3589060999802
dgn_complete__pair_N6_ego_attention__seed7,dgn_qmix,coord_grid,7,5607,140200,75.5,25,0.050000000000000044,5.263334393501282,151.10807291666666,813.4669097999576
dgn_complete__pair_N6_ego_attention__seed7,dgn_qmix,coord_grid,7,5608,140225,61.5,25,0.050000000000000044,9.714630876268659,88.35406412397113,813.6096637999872
dgn_complete__pair_N6_ego_attention__seed7,dgn_qmix,coord_grid,7,5609,140250,75.0,25,0.050000000000000044,11.063402513662973,70.44812647501628,813.7497895999695
dgn_complete__pair_N6_ego_attention__seed7,dgn_qmix,coord_grid,7,5610,140275,94.0,25,0.050000000000000044,8.406317681074142,65.46485805511475,813.9371623999905
dgn_complete__pair_N6_ego_attention__seed7,dgn_qmix,coord_grid,7,5611,140300,50.0,25,0.050000000000000044,6.806215286254883,110.14428647359212,814.0710007000016
dgn_complete__pair_N6_ego_attention__seed7,dgn_qmix,coord_grid,7,5612,140325,41.5,25,0.050000000000000044,3.4912793125425066,68.73986434936523,814.2577968999976
dgn_complete__pair_N6_ego_attention__seed7,dgn_qmix,coord_grid,7,5613,140350,53.5,25,0.050000000000000044,8.594132373730341,105.35631688435872,814.3961832000059
dgn_complete__pair_N6_ego_attention__seed7,dgn_qmix,coord_grid,7,5614,140375,52.0,25,0.050000000000000044,8.221612930297852,79.54086907704671,814.5792570000049
dgn_complete__pair_N6_ego_attention__seed7,dgn_qmix,coord_grid,7,5615,140400,46.0,25,0.050000000000000044,9.464536766211191,76.36491839090984,814.7021221999894
dgn_complete__pair_N6_ego_attention__seed7,dgn_qmix,coord_grid,7,5616,140425,58.0,25,0.050000000000000044,8.898924887180328,39.923854282924104,814.8107842999743
dgn_complete__pair_N6_ego_attention__seed7,dgn_qmix,coord_grid,7,5617,140450,51.5,25,0.050000000000000044,9.203085909287134,44.30285898844401,814.9927487999666
dgn_complete__pair_N6_ego_attention__seed7,dgn_qmix,coord_grid,7,5618,140475,69.5,25,0.050000000000000044,5.89763085047404,89.48439439137776,815.1469884999678
dgn_complete__pair_N6_ego_attention__seed7,dgn_qmix,coord_grid,7,5619,140500,42.5,25,0.050000000000000044,11.993853171666464,77.38025697072347,815.326083699998
dgn_complete__pair_N6_ego_attention__seed7,dgn_qmix,coord_grid,7,5620,140525,31.0,25,0.050000000000000044,6.586034068039486,80.43572834559849,815.4921947999974
dgn_complete__pair_N6_ego_attention__seed7,dgn_qmix,coord_grid,7,5621,140550,61.0,25,0.050000000000000044,6.070332795381546,131.30419158935547,815.6469167000032
dgn_complete__pair_N6_ego_attention__seed7,dgn_qmix,coord_grid,7,5622,140575,62.5,25,0.050000000000000044,4.904665231704712,71.3173885345459,815.8037115999614
dgn_complete__pair_N6_ego_attention__seed7,dgn_qmix,coord_grid,7,5623,140600,57.5,25,0.050000000000000044,4.165289337436358,108.7532958984375,815.9562521000043
dgn_complete__pair_N6_ego_attention__seed7,dgn_qmix,coord_grid,7,5624,140625,53.5,25,0.050000000000000044,6.19608747107642,126.2742919921875,816.0724186999723
dgn_complete__pair_N6_ego_attention__seed7,dgn_qmix,coord_grid,7,5625,140650,26.0,25,0.050000000000000044,5.782752886414528,60.77938969930013,816.1816795999766
dgn_complete__pair_N6_ego_attention__seed7,dgn_qmix,coord_grid,7,5626,140675,73.5,25,0.050000000000000044,6.697360585133235,56.88393942515055,816.3616226000013
dgn_complete__pair_N6_ego_attention__seed7,dgn_qmix,coord_grid,7,5627,140700,42.0,25,0.050000000000000044,5.627150456110637,69.2046848932902,816.4795666999999
dgn_complete__pair_N6_ego_attention__seed7,dgn_qmix,coord_grid,7,5628,140725,64.0,25,0.050000000000000044,4.980253168514797,66.11634390694755,816.6703637999599
dgn_complete__pair_N6_ego_attention__seed7,dgn_qmix,coord_grid,7,5629,140750,45.5,25,0.050000000000000044,4.966115266084671,64.29138978322347,816.7894359999918
dgn_complete__pair_N6_ego_attention__seed7,dgn_qmix,coord_grid,7,5630,140775,78.0,25,0.050000000000000044,10.147720575332642,69.99469184875488,816.9243132999982
dgn_complete__pair_N6_ego_attention__seed7,dgn_qmix,coord_grid,7,5631,140800,30.0,25,0.050000000000000044,2.270043815175692,47.42290528615316,817.0559787999955
dgn_complete__pair_N6_ego_attention__seed7,dgn_qmix,coord_grid,7,5632,140825,36.5,25,0.050000000000000044,4.439175154481616,89.92331641060966,817.2247603999567
dgn_complete__pair_N6_ego_attention__seed7,dgn_qmix,coord_grid,7,5633,140850,65.0,25,0.050000000000000044,6.013638178507487,127.7907772064209,817.3604216999956
dgn_complete__pair_N6_ego_attention__seed7,dgn_qmix,coord_grid,7,5634,140875,34.5,25,0.050000000000000044,4.1327546536922455,98.60364023844402,817.4611406999757
dgn_complete__pair_N6_ego_attention__seed7,dgn_qmix,coord_grid,7,5635,140900,58.5,25,0.050000000000000044,11.734853148460388,57.367579778035484,817.6083712999825
dgn_complete__pair_N6_ego_attention__seed7,dgn_qmix,coord_grid,7,5636,140925,51.5,25,0.050000000000000044,2.060411138193948,53.817199979509624,817.787143900001
dgn_complete__pair_N6_ego_attention__seed7,dgn_qmix,coord_grid,7,5637,140950,44.0,25,0.050000000000000044,4.847244034210841,49.883803367614746,817.9601075999672
dgn_complete__pair_N6_ego_attention__seed7,dgn_qmix,coord_grid,7,5638,140975,56.0,25,0.050000000000000044,8.582947591940561,88.9858226776123,818.1413707999745
dgn_complete__pair_N6_ego_attention__seed7,dgn_qmix,coord_grid,7,5639,141000,56.0,25,0.050000000000000044,4.147932936747869,110.79602336883545,818.2874960000045
dgn_complete__pair_N6_ego_attention__seed7,dgn_qmix,coord_grid,7,5640,141025,55.5,25,0.050000000000000044,6.109791619437082,142.66474260602678,818.424225899973
dgn_complete__pair_N6_ego_attention__seed7,dgn_qmix,coord_grid,7,5641,141050,90.5,25,0.050000000000000044,6.862737437089284,116.95903460184734,818.5339530999772
dgn_complete__pair_N6_ego_attention__seed7,dgn_qmix,coord_grid,7,5642,141075,53.5,25,0.050000000000000044,9.335699796676636,56.37964280446371,818.6674156999798
dgn_complete__pair_N6_ego_attention__seed7,dgn_qmix,coord_grid,7,5643,141100,73.5,25,0.050000000000000044,5.810309042533238,61.71540196736654,818.7774148999597
dgn_complete__pair_N6_ego_attention__seed7,dgn_qmix,coord_grid,7,5644,141125,51.0,25,0.050000000000000044,4.91922516482217,55.85538509913853,818.9112114000018
dgn_complete__pair_N6_ego_attention__seed7,dgn_qmix,coord_grid,7,5645,141150,50.5,25,0.050000000000000044,8.588998138904572,88.18670495351155,819.0656358000124
dgn_complete__pair_N6_ego_attention__seed7,dgn_qmix,coord_grid,7,5646,141175,57.0,25,0.050000000000000044,10.136181404193243,69.24176088968913,819.2162334999884
dgn_complete__pair_N6_ego_attention__seed7,dgn_qmix,coord_grid,7,5647,141200,39.0,25,0.050000000000000044,5.763532141844432,80.27137247721355,819.3181095999898
dgn_complete__pair_N6_ego_attention__seed7,dgn_qmix,coord_grid,7,5648,141225,44.5,25,0.050000000000000044,7.364416403429849,70.70720045907157,819.4711912999628
dgn_complete__pair_N6_ego_attention__seed7,dgn_qmix,coord_grid,7,5649,141250,60.0,25,0.050000000000000044,5.9094455142815905,58.599612871805824,819.6145952999941
dgn_complete__pair_N6_ego_attention__seed7,dgn_qmix,coord_grid,7,5650,141275,40.5,25,0.050000000000000044,6.807689279317856,42.900214513142906,819.7905541000073
dgn_complete__pair_N6_ego_attention__seed7,dgn_qmix,coord_grid,7,5651,141300,43.5,25,0.050000000000000044,3.1704283008972802,101.68593215942383,819.911761299998
dgn_complete__pair_N6_ego_attention__seed7,dgn_qmix,coord_grid,7,5652,141325,51.0,25,0.050000000000000044,6.688596725463867,127.51760591779437,820.0845735999756
dgn_complete__pair_N6_ego_attention__seed7,dgn_qmix,coord_grid,7,5653,141350,41.0,25,0.050000000000000044,4.152978251377742,99.45458189646403,820.2328712999588
dgn_complete__pair_N6_ego_attention__seed7,dgn_qmix,coord_grid,7,5654,141375,49.5,25,0.050000000000000044,4.338937650124232,132.4439328511556,820.3980590999709
dgn_complete__pair_N6_ego_attention__seed7,dgn_qmix,coord_grid,7,5655,141400,69.5,25,0.050000000000000044,16.465980688730877,86.06250063578288,820.5403942000121
dgn_complete__pair_N6_ego_attention__seed7,dgn_qmix,coord_grid,7,5656,141425,49.0,25,0.050000000000000044,9.816798678466252,89.35991178240094,820.7159933999646
dgn_complete__pair_N6_ego_attention__seed7,dgn_qmix,coord_grid,7,5657,141450,45.5,25,0.050000000000000044,5.955363939205806,112.0617307027181,820.9105321000097
dgn_complete__pair_N6_ego_attention__seed7,dgn_qmix,coord_grid,7,5658,141475,58.5,25,0.050000000000000044,6.734302123387654,116.8445536295573,821.0823167999624
dgn_complete__pair_N6_ego_attention__seed7,dgn_qmix,coord_grid,7,5659,141500,44.5,25,0.050000000000000044,9.382689823706945,85.7428487141927,821.221872199967
dgn_complete__pair_N6_ego_attention__seed7,dgn_qmix,coord_grid,7,5660,141525,67.5,25,0.050000000000000044,7.5445323671613425,116.21824373517718,821.371771999984
dgn_complete__pair_N6_ego_attention__seed7,dgn_qmix,coord_grid,7,5661,141550,34.5,25,0.050000000000000044,5.875418106714885,102.11286958058675,821.4955810999963
dgn_complete__pair_N6_ego_attention__seed7,dgn_qmix,coord_grid,7,5662,141575,55.0,25,0.050000000000000044,6.926173160473506,121.81054306030273,821.6035772999749
dgn_complete__pair_N6_ego_attention__seed7,dgn_qmix,coord_grid,7,5663,141600,24.5,25,0.050000000000000044,6.0221734791994095,112.98943138122559,821.7233294000034
dgn_complete__pair_N6_ego_attention__seed7,dgn_qmix,coord_grid,7,5664,141625,62.5,25,0.050000000000000044,9.551137396267482,89.79259654453823,821.8481922000065
dgn_complete__pair_N6_ego_attention__seed7,dgn_qmix,coord_grid,7,5665,141650,89.0,25,0.050000000000000044,6.0289061566193896,128.142791112264,822.0246782999602
dgn_complete__pair_N6_ego_attention__seed7,dgn_qmix,coord_grid,7,5666,141675,62.0,25,0.050000000000000044,8.490948677062988,88.67617988586426,822.1915283999988
dgn_complete__pair_N6_ego_attention__seed7,dgn_qmix,coord_grid,7,5667,141700,59.5,25,0.050000000000000044,5.704021781682968,43.65298557281494,822.349401000014
dgn_complete__pair_N6_ego_attention__seed7,dgn_qmix,coord_grid,7,5668,141725,61.0,25,0.050000000000000044,7.240200800555093,47.48606027875628,822.5085150999948
dgn_complete__pair_N6_ego_attention__seed7,dgn_qmix,coord_grid,7,5669,141750,53.0,25,0.050000000000000044,4.0606686125199,69.83242607116699,822.6442650000099
dgn_complete__pair_N6_ego_attention__seed7,dgn_qmix,coord_grid,7,5670,141775,48.0,25,0.050000000000000044,6.83295642832915,85.42338371276855,822.7784230000107
dgn_complete__pair_N6_ego_attention__seed7,dgn_qmix,coord_grid,7,5671,141800,41.0,25,0.050000000000000044,6.945770780245463,131.40312067667642,822.9331258999882
dgn_complete__pair_N6_ego_attention__seed7,dgn_qmix,coord_grid,7,5672,141825,43.5,25,0.050000000000000044,8.083936669996806,61.02212006705148,823.0825965999975
dgn_complete__pair_N6_ego_attention__seed7,dgn_qmix,coord_grid,7,5673,141850,51.5,25,0.050000000000000044,6.662279466787974,73.4509236017863,823.271411099995
dgn_complete__pair_N6_ego_attention__seed7,dgn_qmix,coord_grid,7,5674,141875,57.0,25,0.050000000000000044,9.320499445001284,67.78174654642741,823.4245385999675
dgn_complete__pair_N6_ego_attention__seed7,dgn_qmix,coord_grid,7,5675,141900,86.0,25,0.050000000000000044,8.56527299185594,82.22942479451497,823.6098002999788
dgn_complete__pair_N6_ego_attention__seed7,dgn_qmix,coord_grid,7,5676,141925,52.0,25,0.050000000000000044,9.230714525495257,123.29811804635185,823.7662238999619
dgn_complete__pair_N6_ego_attention__seed7,dgn_qmix,coord_grid,7,5677,141950,63.5,25,0.050000000000000044,5.353339234987895,122.82373174031575,823.8708391999826
dgn_complete__pair_N6_ego_attention__seed7,dgn_qmix,coord_grid,7,5678,141975,46.0,25,0.050000000000000044,7.683101733525594,101.4043706258138,824.0144761999836
dgn_complete__pair_N6_ego_attention__seed7,dgn_qmix,coord_grid,7,5679,142000,46.0,25,0.050000000000000044,4.1252085367838545,94.27795219421387,824.1342191000003
dgn_complete__pair_N6_ego_attention__seed7,dgn_qmix,coord_grid,7,5680,142025,59.5,25,0.050000000000000044,5.0908069057124,33.22958483014788,824.2847768999636
dgn_complete__pair_N6_ego_attention__seed7,dgn_qmix,coord_grid,7,5681,142050,61.5,25,0.050000000000000044,9.47477420171102,96.47133286794026,824.4085033999872
dgn_complete__pair_N6_ego_attention__seed7,dgn_qmix,coord_grid,7,5682,142075,30.0,25,0.050000000000000044,6.643737554550171,83.37387339274089,824.5773739999859
dgn_complete__pair_N6_ego_attention__seed7,dgn_qmix,coord_grid,7,5683,142100,46.5,25,0.050000000000000044,6.799254238605499,108.38512547810872,824.6862426999724
dgn_complete__pair_N6_ego_attention__seed7,dgn_qmix,coord_grid,7,5684,142125,50.0,25,0.050000000000000044,8.750230840274266,56.91611507960728,824.8524596999632
dgn_complete__pair_N6_ego_attention__seed7,dgn_qmix,coord_grid,7,5685,142150,33.0,25,0.050000000000000044,8.590900033712387,42.83717695871989,824.9837854999932
dgn_complete__pair_N6_ego_attention__seed7,dgn_qmix,coord_grid,7,5686,142175,32.5,25,0.050000000000000044,5.892631908257802,60.09193547566732,825.1259584999643
dgn_complete__pair_N6_ego_attention__seed7,dgn_qmix,coord_grid,7,5687,142200,61.0,25,0.050000000000000044,13.792239348093668,47.62120056152344,825.2444497999968
dgn_complete__pair_N6_ego_attention__seed7,dgn_qmix,coord_grid,7,5688,142225,43.0,25,0.050000000000000044,3.6526268124580383,72.4161126273019,825.3892207999597
dgn_complete__pair_N6_ego_attention__seed7,dgn_qmix,coord_grid,7,5689,142250,24.0,25,0.050000000000000044,8.616081039110819,86.93453820546468,825.5347664000001
dgn_complete__pair_N6_ego_attention__seed7,dgn_qmix,coord_grid,7,5690,142275,64.0,25,0.050000000000000044,5.080098554491997,99.96554565429688,825.7017820999608
dgn_complete__pair_N6_ego_attention__seed7,dgn_qmix,coord_grid,7,5691,142300,62.5,25,0.050000000000000044,5.971345613400142,119.03496233622234,825.8741257999791
dgn_complete__pair_N6_ego_attention__seed7,dgn_qmix,coord_grid,7,5692,142325,32.0,25,0.050000000000000044,9.086287787982396,113.3258912222726,826.0387997999787
dgn_complete__pair_N6_ego_attention__seed7,dgn_qmix,coord_grid,7,5693,142350,59.5,25,0.050000000000000044,8.50267485777537,74.60550340016682,826.1565508999629
dgn_complete__pair_N6_ego_attention__seed7,dgn_qmix,coord_grid,7,5694,142375,60.5,25,0.050000000000000044,10.782147645950317,54.03032843271891,826.315109499963
dgn_complete__pair_N6_ego_attention__seed7,dgn_qmix,coord_grid,7,5695,142400,39.0,25,0.050000000000000044,13.030876636505127,96.66594696044922,826.4243502999889
dgn_complete__pair_N6_ego_attention__seed7,dgn_qmix,coord_grid,7,5696,142425,46.0,25,0.050000000000000044,5.026761936289923,47.32070132664272,826.6077940000105
dgn_complete__pair_N6_ego_attention__seed7,dgn_qmix,coord_grid,7,5697,142450,37.5,25,0.050000000000000044,8.432135045528412,49.8934539159139,826.7375813999679
dgn_complete__pair_N6_ego_attention__seed7,dgn_qmix,coord_grid,7,5698,142475,61.5,25,0.050000000000000044,7.496972431739171,47.06022294362386,826.8912784999702
dgn_complete__pair_N6_ego_attention__seed7,dgn_qmix,coord_grid,7,5699,142500,60.5,25,0.050000000000000044,3.996773421764374,58.17361990610758,827.0556434000027
dgn_complete__pair_N6_ego_attention__seed7,dgn_qmix,coord_grid,7,5700,142525,47.0,25,0.050000000000000044,5.762644733701434,57.795624596732004,827.2150839999667
dgn_complete__pair_N6_ego_attention__seed7,dgn_qmix,coord_grid,7,5701,142550,54.0,25,0.050000000000000044,6.604342420895894,63.61112912495931,827.3297889999812
dgn_complete__pair_N6_ego_attention__seed7,dgn_qmix,coord_grid,7,5702,142575,47.0,25,0.050000000000000044,6.972052693367004,80.64383443196614,827.5070305999834
dgn_complete__pair_N6_ego_attention__seed7,dgn_qmix,coord_grid,7,5703,142600,55.5,25,0.050000000000000044,4.127640048662822,95.08189837137859,827.6369088999927
dgn_complete__pair_N6_ego_attention__seed7,dgn_qmix,coord_grid,7,5704,142625,62.0,25,0.050000000000000044,9.894412147147316,109.61994934082031,827.780527099967
dgn_complete__pair_N6_ego_attention__seed7,dgn_qmix,coord_grid,7,5705,142650,43.5,25,0.050000000000000044,4.422349999348323,124.60937945048015,827.9165220999857
dgn_complete__pair_N6_ego_attention__seed7,dgn_qmix,coord_grid,7,5706,142675,48.5,25,0.050000000000000044,7.55108122030894,62.39628982543945,828.0369977999944
dgn_complete__pair_N6_ego_attention__seed7,dgn_qmix,coord_grid,7,5707,142700,59.5,25,0.050000000000000044,9.520672152439753,93.3498436609904,828.1505803999607
dgn_complete__pair_N6_ego_attention__seed7,dgn_qmix,coord_grid,7,5708,142725,62.5,25,0.050000000000000044,10.281440717833382,56.181531633649556,828.3097371999756
dgn_complete__pair_N6_ego_attention__seed7,dgn_qmix,coord_grid,7,5709,142750,45.0,25,0.050000000000000044,4.105241556962331,88.00006167093913,828.4634783999645
dgn_complete__pair_N6_ego_attention__seed7,dgn_qmix,coord_grid,7,5710,142775,37.5,25,0.050000000000000044,10.431551059087118,48.10551230112711,828.6175000999938
dgn_complete__pair_N6_ego_attention__seed7,dgn_qmix,coord_grid,7,5711,142800,42.5,25,0.050000000000000044,8.599300588170687,68.23324680328369,828.7797083999612
dgn_complete__pair_N6_ego_attention__seed7,dgn_qmix,coord_grid,7,5712,142825,53.0,25,0.050000000000000044,10.60477546283177,98.08777291434151,828.9367910999572
dgn_complete__pair_N6_ego_attention__seed7,dgn_qmix,coord_grid,7,5713,142850,45.5,25,0.050000000000000044,4.298413743575414,112.95487149556477,829.0517980000004
dgn_complete__pair_N6_ego_attention__seed7,dgn_qmix,coord_grid,7,5714,142875,56.0,25,0.050000000000000044,4.173311774929364,122.79658889770508,829.2087437000009
dgn_complete__pair_N6_ego_attention__seed7,dgn_qmix,coord_grid,7,5715,142900,55.0,25,0.050000000000000044,5.981289545694987,37.20049508412679,829.3664186999667
dgn_complete__pair_N6_ego_attention__seed7,dgn_qmix,coord_grid,7,5716,142925,74.5,25,0.050000000000000044,8.198726547615868,44.04402814592634,829.5248532000114
dgn_complete__pair_N6_ego_attention__seed7,dgn_qmix,coord_grid,7,5717,142950,47.0,25,0.050000000000000044,9.41281565030416,84.0615291595459,829.6646573999897
dgn_complete__pair_N6_ego_attention__seed7,dgn_qmix,coord_grid,7,5718,142975,39.0,25,0.050000000000000044,5.885062088569005,78.45230674743652,829.8199342999724
dgn_complete__pair_N6_ego_attention__seed7,dgn_qmix,coord_grid,7,5719,143000,48.0,25,0.050000000000000044,5.748154938220978,40.51371955871582,829.9673206000007
dgn_complete__pair_N6_ego_attention__seed7,dgn_qmix,coord_grid,7,5720,143025,56.0,25,0.050000000000000044,5.823009031159537,55.62500190734863,830.1194707999821
dgn_complete__pair_N6_ego_attention__seed7,dgn_qmix,coord_grid,7,5721,143050,47.0,25,0.050000000000000044,9.525836835304895,57.51624329884847,830.3010802000063
dgn_complete__pair_N6_ego_attention__seed7,dgn_qmix,coord_grid,7,5722,143075,63.5,25,0.050000000000000044,5.921563819050789,81.3246618906657,830.4619387999992
dgn_complete__pair_N6_ego_attention__seed7,dgn_qmix,coord_grid,7,5723,143100,37.0,25,0.050000000000000044,9.629431307315826,94.43808364868164,830.6066539000021
dgn_complete__pair_N6_ego_attention__seed7,dgn_qmix,coord_grid,7,5724,143125,46.5,25,0.050000000000000044,10.453525287764412,107.91727638244629,830.7365120999748
dgn_complete__pair_N6_ego_attention__seed7,dgn_qmix,coord_grid,7,5725,143150,52.5,25,0.050000000000000044,6.83142318824927,54.708943684895836,830.8531625999603
dgn_complete__pair_N6_ego_attention__seed7,dgn_qmix,coord_grid,7,5726,143175,57.5,25,0.050000000000000044,5.742513199647267,60.8441801071167,830.9951271999744
dgn_complete__pair_N6_ego_attention__seed7,dgn_qmix,coord_grid,7,5727,143200,60.0,25,0.050000000000000044,10.484029849370321,59.34043153127035,831.1598508000025
dgn_complete__pair_N6_ego_attention__seed7,dgn_qmix,coord_grid,7,5728,143225,55.5,25,0.050000000000000044,7.2992433820452005,41.89142908368792,831.3000483000069
dgn_complete__pair_N6_ego_attention__seed7,dgn_qmix,coord_grid,7,5729,143250,51.5,25,0.050000000000000044,4.897921611865361,77.20701281229655,831.4312619999982
dgn_complete__pair_N6_ego_attention__seed7,dgn_qmix,coord_grid,7,5730,143275,59.5,25,0.050000000000000044,4.957846815387408,60.42629305521647,831.5699201999814
dgn_complete__pair_N6_ego_attention__seed7,dgn_qmix,coord_grid,7,5731,143300,72.0,25,0.050000000000000044,6.937199145555496,130.07743199666342,831.7100608999608
dgn_complete__pair_N6_ego_attention__seed7,dgn_qmix,coord_grid,7,5732,143325,71.5,25,0.050000000000000044,10.566238812037877,55.40110887799944,831.8768765999703
dgn_complete__pair_N6_ego_attention__seed7,dgn_qmix,coord_grid,7,5733,143350,57.0,25,0.050000000000000044,8.54702470699946,50.91778532663981,832.0361951999948
dgn_complete__pair_N6_ego_attention__seed7,dgn_qmix,coord_grid,7,5734,143375,58.5,25,0.050000000000000044,4.942548697193463,65.11433601379395,832.2132409999613
dgn_complete__pair_N6_ego_attention__seed7,dgn_qmix,coord_grid,7,5735,143400,63.5,25,0.050000000000000044,6.063449462254842,124.52065149943034,832.3808756999788
dgn_complete__pair_N6_ego_attention__seed7,dgn_qmix,coord_grid,7,5736,143425,64.0,25,0.050000000000000044,7.800520134823663,128.95279039655412,832.5706204999587
dgn_complete__pair_N6_ego_attention__seed7,dgn_qmix,coord_grid,7,5737,143450,64.0,25,0.050000000000000044,5.030078589916229,71.60567410786946,832.6883191000088
dgn_complete__pair_N6_ego_attention__seed7,dgn_qmix,coord_grid,7,5738,143475,39.0,25,0.050000000000000044,7.910281072060267,115.35715802510579,832.8394854000071
dgn_complete__pair_N6_ego_attention__seed7,dgn_qmix,coord_grid,7,5739,143500,57.0,25,0.050000000000000044,6.657499571641286,49.28500429789225,832.9697693999624
dgn_complete__pair_N6_ego_attention__seed7,dgn_qmix,coord_grid,7,5740,143525,16.5,25,0.050000000000000044,7.405698273863111,96.36927522931781,833.1250736999791
dgn_complete__pair_N6_ego_attention__seed7,dgn_qmix,coord_grid,7,5741,143550,33.5,25,0.050000000000000044,7.782889862855275,106.9489959081014,833.2687950999825
dgn_complete__pair_N6_ego_attention__seed7,dgn_qmix,coord_grid,7,5742,143575,48.0,25,0.050000000000000044,6.637806693712871,51.63773250579834,833.3905070999754
dgn_complete__pair_N6_ego_attention__seed7,dgn_qmix,coord_grid,7,5743,143600,51.5,25,0.050000000000000044,8.560460845629374,82.34243297576904,833.5544094999786
dgn_complete__pair_N6_ego_attention__seed7,dgn_qmix,coord_grid,7,5744,143625,56.0,25,0.050000000000000044,9.695666176932198,89.72606985909599,833.6923898999812
dgn_complete__pair_N6_ego_attention__seed7,dgn_qmix,coord_grid,7,5745,143650,33.5,25,0.050000000000000044,6.732612818479538,67.15525499979655,833.8612224999815
dgn_complete__pair_N6_ego_attention__seed7,dgn_qmix,coord_grid,7,5746,143675,55.0,25,0.050000000000000044,10.516735712687174,98.07552878061931,834.0055118000018
dgn_complete__pair_N6_ego_attention__seed7,dgn_qmix,coord_grid,7,5747,143700,63.0,25,0.050000000000000044,7.807953457037608,112.83939043680827,834.155025199987
dgn_complete__pair_N6_ego_attention__seed7,dgn_qmix,coord_grid,7,5748,143725,57.0,25,0.050000000000000044,5.951584590332849,113.46217100960868,834.2830731999711
dgn_complete__pair_N6_ego_attention__seed7,dgn_qmix,coord_grid,7,5749,143750,70.0,25,0.050000000000000044,7.8184066613515215,89.50015703837077,834.4864420999656
dgn_complete__pair_N6_ego_attention__seed7,dgn_qmix,coord_grid,7,5750,143775,52.5,25,0.050000000000000044,9.405206898848215,109.96618970235188,834.657653399976
dgn_complete__pair_N6_ego_attention__seed7,dgn_qmix,coord_grid,7,5751,143800,53.0,25,0.050000000000000044,6.606038565436999,70.59391911824544,834.7966513999854
dgn_complete__pair_N6_ego_attention__seed7,dgn_qmix,coord_grid,7,5752,143825,103.5,25,0.050000000000000044,8.303702882358007,46.86864416939871,834.9548032999737
dgn_complete__pair_N6_ego_attention__seed7,dgn_qmix,coord_grid,7,5753,143850,54.5,25,0.050000000000000044,7.742844978968303,89.43636639912923,835.100692100008
dgn_complete__pair_N6_ego_attention__seed7,dgn_qmix,coord_grid,7,5754,143875,43.0,25,0.050000000000000044,3.4062433441480002,96.4359696706136,835.2645634000073
dgn_complete__pair_N6_ego_attention__seed7,dgn_qmix,coord_grid,7,5755,143900,62.0,25,0.050000000000000044,6.819466650485992,63.2079070409139,835.4203786999569
dgn_complete__pair_N6_ego_attention__seed7,dgn_qmix,coord_grid,7,5756,143925,69.0,25,0.050000000000000044,4.277469239064625,55.84868948800223,835.5912703999784
dgn_complete__pair_N6_ego_attention__seed7,dgn_qmix,coord_grid,7,5757,143950,47.5,25,0.050000000000000044,2.4628788431485495,68.55189387003581,835.7453354999889
dgn_complete__pair_N6_ego_attention__seed7,dgn_qmix,coord_grid,7,5758,143975,59.5,25,0.050000000000000044,8.257076988617579,70.14046414693196,835.902944899979
dgn_complete__pair_N6_ego_attention__seed7,dgn_qmix,coord_grid,7,5759,144000,69.5,25,0.050000000000000044,9.284378608067831,74.95837656656902,836.0408035999862
dgn_complete__pair_N6_ego_attention__seed7,dgn_qmix,coord_grid,7,5760,144025,54.0,25,0.050000000000000044,7.427658017192568,67.73518398829869,836.1799215999781
dgn_complete__pair_N6_ego_attention__seed7,dgn_qmix,coord_grid,7,5761,144050,50.0,25,0.050000000000000044,3.999110927184423,76.36391735076904,836.3172081999946
dgn_complete__pair_N6_ego_attention__seed7,dgn_qmix,coord_grid,7,5762,144075,42.5,25,0.050000000000000044,7.777513027191162,113.40742619832356,836.4486286999891
dgn_complete__pair_N6_ego_attention__seed7,dgn_qmix,coord_grid,7,5763,144100,50.5,25,0.050000000000000044,7.582388877868652,57.402305920918785,836.5941924999934
dgn_complete__pair_N6_ego_attention__seed7,dgn_qmix,coord_grid,7,5764,144125,45.5,25,0.050000000000000044,8.878615932805198,96.71308299473354,836.7442062000046
dgn_complete__pair_N6_ego_attention__seed7,dgn_qmix,coord_grid,7,5765,144150,73.0,25,0.050000000000000044,4.946869879961014,93.94161160786946,836.8789167999639
dgn_complete__pair_N6_ego_attention__seed7,dgn_qmix,coord_grid,7,5766,144175,50.5,25,0.050000000000000044,9.517222960789999,85.19127082824707,836.9921903999639
dgn_complete__pair_N6_ego_attention__seed7,dgn_qmix,coord_grid,7,5767,144200,54.0,25,0.050000000000000044,11.39981106420358,95.72870699564616,837.1476593000116
dgn_complete__pair_N6_ego_attention__seed7,dgn_qmix,coord_grid,7,5768,144225,44.5,25,0.050000000000000044,8.354160938944135,114.9689611707415,837.2905524999951
dgn_complete__pair_N6_ego_attention__seed7,dgn_qmix,coord_grid,7,5769,144250,42.0,25,0.050000000000000044,4.0844659606615705,77.93090311686198,837.447382399987
dgn_complete__pair_N6_ego_attention__seed7,dgn_qmix,coord_grid,7,5770,144275,53.0,25,0.050000000000000044,4.184286817908287,123.540833791097,837.6100752999773
dgn_complete__pair_N6_ego_attention__seed7,dgn_qmix,coord_grid,7,5771,144300,45.0,25,0.050000000000000044,6.716475476821263,78.84091758728027,837.7212224999676
dgn_complete__pair_N6_ego_attention__seed7,dgn_qmix,coord_grid,7,5772,144325,54.0,25,0.050000000000000044,6.65511497429439,51.625849042619976,837.8923444999964
dgn_complete__pair_N6_ego_attention__seed7,dgn_qmix,coord_grid,7,5773,144350,47.0,25,0.050000000000000044,8.651880532503128,70.76190121968587,838.0232808999717
dgn_complete__pair_N6_ego_attention__seed7,dgn_qmix,coord_grid,7,5774,144375,45.0,25,0.050000000000000044,7.6243330637613935,50.041897773742676,838.1838645999669
dgn_complete__pair_N6_ego_attention__seed7,dgn_qmix,coord_grid,7,5775,144400,66.0,25,0.050000000000000044,4.068083832661311,68.22438303629558,838.2989834999898
dgn_complete__pair_N6_ego_attention__seed7,dgn_qmix,coord_grid,7,5776,144425,62.0,25,0.050000000000000044,4.941464573144913,41.43893323625837,838.4911144999787
dgn_complete__pair_N6_ego_attention__seed7,dgn_qmix,coord_grid,7,5777,144450,74.0,25,0.050000000000000044,10.991904179255167,68.18077150980632,838.6494351999718
dgn_complete__pair_N6_ego_attention__seed7,dgn_qmix,coord_grid,7,5778,144475,72.0,25,0.050000000000000044,4.098029245932897,49.405029932657875,838.7886271000025
dgn_complete__pair_N6_ego_attention__seed7,dgn_qmix,coord_grid,7,5779,144500,66.5,25,0.050000000000000044,10.135405590136846,50.25667190551758,838.9224468999892
dgn_complete__pair_N6_ego_attention__seed7,dgn_qmix,coord_grid,7,5780,144525,48.0,25,0.050000000000000044,9.644362534795489,79.78256225585938,839.0861834000098
dgn_complete__pair_N6_ego_attention__seed7,dgn_qmix,coord_grid,7,5781,144550,57.0,25,0.050000000000000044,6.720162183046341,79.83875020345052,839.2462517999811
dgn_complete__pair_N6_ego_attention__seed7,dgn_qmix,coord_grid,7,5782,144575,64.5,25,0.050000000000000044,8.50801183283329,51.78220907847086,839.3949816999957
dgn_complete__pair_N6_ego_attention__seed7,dgn_qmix,coord_grid,7,5783,144600,43.0,25,0.050000000000000044,7.740364660819371,124.39718310038249,839.5538917999947
dgn_complete__pair_N6_ego_attention__seed7,dgn_qmix,coord_grid,7,5784,144625,41.0,25,0.050000000000000044,5.859060389654977,76.6382702418736,839.7155772999977
dgn_complete__pair_N6_ego_attention__seed7,dgn_qmix,coord_grid,7,5785,144650,70.5,25,0.050000000000000044,7.567830801010132,74.14158121744792,839.8613781000022
dgn_complete__pair_N6_ego_attention__seed7,dgn_qmix,coord_grid,7,5786,144675,62.0,25,0.050000000000000044,8.352634901801745,58.12170600891113,839.9876979999826
dgn_complete__pair_N6_ego_attention__seed7,dgn_qmix,coord_grid,7,5787,144700,57.0,25,0.050000000000000044,6.584120954076449,73.65688610076904,840.1688506999635
dgn_complete__pair_N6_ego_attention__seed7,dgn_qmix,coord_grid,7,5788,144725,49.5,25,0.050000000000000044,7.3127614344869345,55.68099921090262,840.3204495999962
dgn_complete__pair_N6_ego_attention__seed7,dgn_qmix,coord_grid,7,5789,144750,56.5,25,0.050000000000000044,11.112266192833582,49.45867919921875,840.5124252999667
dgn_complete__pair_N6_ego_attention__seed7,dgn_qmix,coord_grid,7,5790,144775,42.5,25,0.050000000000000044,5.040459339817365,40.536033948262535,840.6861395000014
dgn_complete__pair_N6_ego_attention__seed7,dgn_qmix,coord_grid,7,5791,144800,53.0,25,0.050000000000000044,10.236023664474487,76.88893620173137,840.8135810999665
dgn_complete__pair_N6_ego_attention__seed7,dgn_qmix,coord_grid,7,5792,144825,46.0,25,0.050000000000000044,12.603247710636683,47.644727434430806,840.9642623999971
dgn_complete__pair_N6_ego_attention__seed7,dgn_qmix,coord_grid,7,5793,144850,44.0,25,0.050000000000000044,3.980001986026764,56.94593175252279,841.104678499978
dgn_complete__pair_N6_ego_attention__seed7,dgn_qmix,coord_grid,7,5794,144875,55.0,25,0.050000000000000044,7.685880263646443,75.36019674936931,841.2630974999629
dgn_complete__pair_N6_ego_attention__seed7,dgn_qmix,coord_grid,7,5795,144900,46.0,25,0.050000000000000044,5.75744957725207,86.19180361429851,841.3780000999686
dgn_complete__pair_N6_ego_attention__seed7,dgn_qmix,coord_grid,7,5796,144925,60.0,25,0.050000000000000044,5.980409162385123,100.79511642456055,841.53461589996
dgn_complete__pair_N6_ego_attention__seed7,dgn_qmix,coord_grid,7,5797,144950,21.0,25,0.050000000000000044,8.749159952004751,131.1346696217855,841.6669551999657
dgn_complete__pair_N6_ego_attention__seed7,dgn_qmix,coord_grid,7,5798,144975,59.5,25,0.050000000000000044,13.80571452776591,124.14309056599934,841.8223171000136
dgn_complete__pair_N6_ego_attention__seed7,dgn_qmix,coord_grid,7,5799,145000,63.5,25,0.050000000000000044,3.28927809993426,113.43437608083089,841.9281859999755
dgn_complete__pair_N6_ego_attention__seed7,dgn_qmix,coord_grid,7,5800,145025,56.0,25,0.050000000000000044,8.204385382788521,89.33683286394391,842.1393333000015
dgn_complete__pair_N6_ego_attention__seed7,dgn_qmix,coord_grid,7,5801,145050,56.5,25,0.050000000000000044,4.048787847161293,57.77276611328125,842.2689290000126
dgn_complete__pair_N6_ego_attention__seed7,dgn_qmix,coord_grid,7,5802,145075,60.5,25,0.050000000000000044,4.0039690136909485,48.344902197519936,842.434240099974
dgn_complete__pair_N6_ego_attention__seed7,dgn_qmix,coord_grid,7,5803,145100,82.0,25,0.050000000000000044,6.6103515625,51.27834701538086,842.5754340999993
dgn_complete__pair_N6_ego_attention__seed7,dgn_qmix,coord_grid,7,5804,145125,46.5,25,0.050000000000000044,6.590634950569698,79.66617965698242,842.7513036999735
dgn_complete__pair_N6_ego_attention__seed7,dgn_qmix,coord_grid,7,5805,145150,48.5,25,0.050000000000000044,5.698410138487816,54.17334143320719,842.8953378999722
dgn_complete__pair_N6_ego_attention__seed7,dgn_qmix,coord_grid,7,5806,145175,76.5,25,0.050000000000000044,7.464977373679479,65.88205782572429,843.061883599963
dgn_complete__pair_N6_ego_attention__seed7,dgn_qmix,coord_grid,7,5807,145200,83.0,25,0.050000000000000044,8.429132223129272,78.76652495066325,843.2060292999959
dgn_complete__pair_N6_ego_attention__seed7,dgn_qmix,coord_grid,7,5808,145225,53.0,25,0.050000000000000044,7.466594823769161,83.91706929888043,843.329449300014
dgn_complete__pair_N6_ego_attention__seed7,dgn_qmix,coord_grid,7,5809,145250,53.5,25,0.050000000000000044,4.982120841741562,96.2240982055664,843.5129015999846
dgn_complete__pair_N6_ego_attention__seed7,dgn_qmix,coord_grid,7,5810,145275,42.5,25,0.050000000000000044,2.2731644411881766,53.81771659851074,843.6673783999868
dgn_complete__pair_N6_ego_attention__seed7,dgn_qmix,coord_grid,7,5811,145300,65.5,25,0.050000000000000044,9.241496562957764,52.335453033447266,843.8185507999733
dgn_complete__pair_N6_ego_attention__seed7,dgn_qmix,coord_grid,7,5812,145325,39.5,25,0.050000000000000044,8.124876345906939,79.94588334219796,844.0080377999693
dgn_complete__pair_N6_ego_attention__seed7,dgn_qmix,coord_grid,7,5813,145350,55.0,25,0.050000000000000044,8.663006842136383,114.77035077412923,844.1638500000117
dgn_complete__pair_N6_ego_attention__seed7,dgn_qmix,coord_grid,7,5814,145375,62.5,25,0.050000000000000044,5.788513228297234,62.656271616617836,844.2873800999951
dgn_complete__pair_N6_ego_attention__seed7,dgn_qmix,coord_grid,7,5815,145400,45.5,25,0.050000000000000044,4.857760687669118,63.52436129252116,844.4328781999648
dgn_complete__pair_N6_ego_attention__seed7,dgn_qmix,coord_grid,7,5816,145425,52.0,25,0.050000000000000044,7.477891909224646,86.22827311924526,844.6140976999886
dgn_complete__pair_N6_ego_attention__seed7,dgn_qmix,coord_grid,7,5817,145450,47.0,25,0.050000000000000044,4.950404951969783,64.15623092651367,844.8010592999635
dgn_complete__pair_N6_ego_attention__seed7,dgn_qmix,coord_grid,7,5818,145475,75.0,25,0.050000000000000044,9.492156674464544,70.60320281982422,844.946378499968
dgn_complete__pair_N6_ego_attention__seed7,dgn_qmix,coord_grid,7,5819,145500,49.5,25,0.050000000000000044,4.9392363627751665,61.38998222351074,845.0840057999594
dgn_complete__pair_N6_ego_attention__seed7,dgn_qmix,coord_grid,7,5820,145525,52.0,25,0.050000000000000044,8.047355140958514,58.44979313441685,845.1915121999918
dgn_complete__pair_N6_ego_attention__seed7,dgn_qmix,coord_grid,7,5821,145550,45.0,25,0.050000000000000044,9.527325446407,53.04851849873861,845.3190345999901
dgn_complete__pair_N6_ego_attention__seed7,dgn_qmix,coord_grid,7,5822,145575,56.0,25,0.050000000000000044,8.522982324163118,50.42650318145752,845.4649920999655
dgn_complete__pair_N6_ego_attention__seed7,dgn_qmix,coord_grid,7,5823,145600,47.5,25,0.050000000000000044,4.121418083707492,56.92988840738932,845.6036028999952
dgn_complete__pair_N6_ego_attention__seed7,dgn_qmix,coord_grid,7,5824,145625,66.0,25,0.050000000000000044,7.183247319289616,59.67555046081543,845.7574106999673
dgn_complete__pair_N6_ego_attention__seed7,dgn_qmix,coord_grid,7,5825,145650,14.0,25,0.050000000000000044,7.632521629333496,79.35223388671875,845.9076329999953
dgn_complete__pair_N6_ego_attention__seed7,dgn_qmix,coord_grid,7,5826,145675,60.0,25,0.050000000000000044,6.908151934544246,76.79507891337077,846.0722358999774
dgn_complete__pair_N6_ego_attention__seed7,dgn_qmix,coord_grid,7,5827,145700,50.0,25,0.050000000000000044,11.296076158682505,58.157314936319985,846.2305532000028
dgn_complete__pair_N6_ego_attention__seed7,dgn_qmix,coord_grid,7,5828,145725,42.5,25,0.050000000000000044,9.735857895442418,72.43734359741211,846.3741846999619
dgn_complete__pair_N6_ego_attention__seed7,dgn_qmix,coord_grid,7,5829,145750,57.5,25,0.050000000000000044,4.907650018731753,89.12435468037923,846.5210495999781
dgn_complete__pair_N6_ego_attention__seed7,dgn_qmix,coord_grid,7,5830,145775,56.0,25,0.050000000000000044,10.377607877055803,66.26602427164714,846.6758811000036
dgn_complete__pair_N6_ego_attention__seed7,dgn_qmix,coord_grid,7,5831,145800,72.0,25,0.050000000000000044,4.901628752549489,67.55543931325276,846.8057369999588
dgn_complete__pair_N6_ego_attention__seed7,dgn_qmix,coord_grid,7,5832,145825,62.5,25,0.050000000000000044,5.352850794792175,127.32860810416085,846.9528555999859
dgn_complete__pair_N6_ego_attention__seed7,dgn_qmix,coord_grid,7,5833,145850,65.5,25,0.050000000000000044,7.044378995895386,111.44240442911784,847.0687592999893
dgn_complete__pair_N6_ego_attention__seed7,dgn_qmix,coord_grid,7,5834,145875,77.0,25,0.050000000000000044,4.991669242580731,102.80259736378987,847.1972503999714
dgn_complete__pair_N6_ego_attention__seed7,dgn_qmix,coord_grid,7,5835,145900,50.0,25,0.050000000000000044,4.186965296665828,104.7168820699056,847.3626077999943
dgn_complete__pair_N6_ego_attention__seed7,dgn_qmix,coord_grid,7,5836,145925,56.5,25,0.050000000000000044,7.469446769782475,80.84647532871791,847.4893806999899
dgn_complete__pair_N6_ego_attention__seed7,dgn_qmix,coord_grid,7,5837,145950,67.0,25,0.050000000000000044,3.187436655163765,83.87665621439616,847.654700199957
dgn_complete__pair_N6_ego_attention__seed7,dgn_qmix,coord_grid,7,5838,145975,37.0,25,0.050000000000000044,10.162982250253359,51.41600767771403,847.7952682999894
dgn_complete__pair_N6_ego_attention__seed7,dgn_qmix,coord_grid,7,5839,146000,65.0,25,0.050000000000000044,7.781442696849505,82.38486162821452,847.9618356999708
dgn_complete__pair_N6_ego_attention__seed7,dgn_qmix,coord_grid,7,5840,146025,51.0,25,0.050000000000000044,4.391018910067422,67.84155382428851,848.0924322999781
dgn_complete__pair_N6_ego_attention__seed7,dgn_qmix,coord_grid,7,5841,146050,39.0,25,0.050000000000000044,5.965227633714676,84.94237073262532,848.2566525999573
dgn_complete__pair_N6_ego_attention__seed7,dgn_qmix,coord_grid,7,5842,146075,65.0,25,0.050000000000000044,5.891444484392802,85.11016114552815,848.3869450999773
dgn_complete__pair_N6_ego_attention__seed7,dgn_qmix,coord_grid,7,5843,146100,52.5,25,0.050000000000000044,6.703914801279704,63.978297551472984,848.5150688999565
dgn_complete__pair_N6_ego_attention__seed7,dgn_qmix,coord_grid,7,5844,146125,35.0,25,0.050000000000000044,6.854888950075422,152.04579598563058,848.665806200006
dgn_complete__pair_N6_ego_attention__seed7,dgn_qmix,coord_grid,7,5845,146150,54.0,25,0.050000000000000044,5.792342469096184,56.228034337361656,848.8047337000025
dgn_complete__pair_N6_ego_attention__seed7,dgn_qmix,coord_grid,7,5846,146175,46.5,25,0.050000000000000044,5.071358149250348,85.78810373942058,848.9368362000096
dgn_complete__pair_N6_ego_attention__seed7,dgn_qmix,coord_grid,7,5847,146200,37.0,25,0.050000000000000044,6.191233764092128,124.67771275838216,849.0588327999576
dgn_complete__pair_N6_ego_attention__seed7,dgn_qmix,coord_grid,7,5848,146225,56.5,25,0.050000000000000044,8.58783211026873,128.97042083740234,849.21750899998
dgn_complete__pair_N6_ego_attention__seed7,dgn_qmix,coord_grid,7,5849,146250,40.0,25,0.050000000000000044,6.661937008301417,70.19555791219075,849.3524865999934
dgn_complete__pair_N6_ego_attention__seed7,dgn_qmix,coord_grid,7,5850,146275,45.0,25,0.050000000000000044,5.961620291074117,86.01353327433269,849.4813584999647
dgn_complete__pair_N6_ego_attention__seed7,dgn_qmix,coord_grid,7,5851,146300,73.5,25,0.050000000000000044,8.39311675230662,53.03036117553711,849.5923367000069
dgn_complete__pair_N6_ego_attention__seed7,dgn_qmix,coord_grid,7,5852,146325,71.5,25,0.050000000000000044,8.94171564919608,70.38159670148578,849.7367289999966
dgn_complete__pair_N6_ego_attention__seed7,dgn_qmix,coord_grid,7,5853,146350,47.5,25,0.050000000000000044,7.6033821900685625,43.7974910736084,849.9637497999938
dgn_complete__pair_N6_ego_attention__seed7,dgn_qmix,coord_grid,7,5854,146375,52.5,25,0.050000000000000044,9.340398023525873,108.66778564453125,850.1245690999785
dgn_complete__pair_N6_ego_attention__seed7,dgn_qmix,coord_grid,7,5855,146400,36.0,25,0.050000000000000044,7.723791281382243,108.18584569295247,850.2747643999755
dgn_complete__pair_N6_ego_attention__seed7,dgn_qmix,coord_grid,7,5856,146425,62.5,25,0.050000000000000044,8.265603461435862,94.79310062953404,850.392028399976
dgn_complete__pair_N6_ego_attention__seed7,dgn_qmix,coord_grid,7,5857,146450,44.0,25,0.050000000000000044,9.469866752624512,109.97363026936848,850.553554299986
dgn_complete__pair_N6_ego_attention__seed7,dgn_qmix,coord_grid,7,5858,146475,41.0,25,0.050000000000000044,6.12205592294534,138.1846071879069,850.6690836999915
dgn_complete__pair_N6_ego_attention__seed7,dgn_qmix,coord_grid,7,5859,146500,45.5,25,0.050000000000000044,11.994879881540934,82.31215286254883,850.8037570999586
dgn_complete__pair_N6_ego_attention__seed7,dgn_qmix,coord_grid,7,5860,146525,49.0,25,0.050000000000000044,10.395143585545677,67.35506520952497,850.9366177999764
dgn_complete__pair_N6_ego_attention__seed7,dgn_qmix,coord_grid,7,5861,146550,48.0,25,0.050000000000000044,7.584548632303874,70.84196281433105,851.0462296999758
dgn_complete__pair_N6_ego_attention__seed7,dgn_qmix,coord_grid,7,5862,146575,80.0,25,0.050000000000000044,7.560659358898799,56.53026898701986,851.1602842999855
dgn_complete__pair_N6_ego_attention__seed7,dgn_qmix,coord_grid,7,5863,146600,58.0,25,0.050000000000000044,5.16609363257885,91.01424948374431,851.2819702000124
dgn_complete__pair_N6_ego_attention__seed7,dgn_qmix,coord_grid,7,5864,146625,31.0,25,0.050000000000000044,8.19671163388661,127.6496832711356,851.4170650999877
dgn_complete__pair_N6_ego_attention__seed7,dgn_qmix,coord_grid,7,5865,146650,44.0,25,0.050000000000000044,11.322374731302261,63.6684939066569,851.527230000007
dgn_complete__pair_N6_ego_attention__seed7,dgn_qmix,coord_grid,7,5866,146675,41.5,25,0.050000000000000044,8.448885122934977,54.907309214274086,851.6867113999906
dgn_complete__pair_N6_ego_attention__seed7,dgn_qmix,coord_grid,7,5867,146700,65.0,25,0.050000000000000044,7.850521167119344,54.22833760579427,851.8835815999773
dgn_complete__pair_N6_ego_attention__seed7,dgn_qmix,coord_grid,7,5868,146725,63.0,25,0.050000000000000044,9.650808185338974,71.90302303859166,852.0461987999734
dgn_complete__pair_N6_ego_attention__seed7,dgn_qmix,coord_grid,7,5869,146750,4.0,25,0.050000000000000044,8.57094794511795,72.03187115987141,852.1815344999777
dgn_complete__pair_N6_ego_attention__seed7,dgn_qmix,coord_grid,7,5870,146775,77.5,25,0.050000000000000044,8.680996184547743,67.53997866312663,852.3326441000099
dgn_complete__pair_N6_ego_attention__seed7,dgn_qmix,coord_grid,7,5871,146800,46.0,25,0.050000000000000044,6.66492501894633,54.73221238454183,852.4619767999975
dgn_complete__pair_N6_ego_attention__seed7,dgn_qmix,coord_grid,7,5872,146825,47.5,25,0.050000000000000044,4.2882928890841345,52.502778734479634,852.616945399961
dgn_complete__pair_N6_ego_attention__seed7,dgn_qmix,coord_grid,7,5873,146850,48.0,25,0.050000000000000044,5.5653588970502215,33.17610009511312,852.7803840999841
dgn_complete__pair_N6_ego_attention__seed7,dgn_qmix,coord_grid,7,5874,146875,39.0,25,0.050000000000000044,8.697634061177572,67.03812917073567,852.9312891999725
dgn_complete__pair_N6_ego_attention__seed7,dgn_qmix,coord_grid,7,5875,146900,42.0,25,0.050000000000000044,6.749552284677823,51.90558115641276,853.0906116999686
dgn_complete__pair_N6_ego_attention__seed7,dgn_qmix,coord_grid,7,5876,146925,42.0,25,0.050000000000000044,4.347589164972305,65.5299551827567,853.2392481999705
dgn_complete__pair_N6_ego_attention__seed7,dgn_qmix,coord_grid,7,5877,146950,40.0,25,0.050000000000000044,4.943969170252482,65.95185470581055,853.3791864999803
dgn_complete__pair_N6_ego_attention__seed7,dgn_qmix,coord_grid,7,5878,146975,50.0,25,0.050000000000000044,4.082461088895798,44.42791016896566,853.5209353999817
dgn_complete__pair_N6_ego_attention__seed7,dgn_qmix,coord_grid,7,5879,147000,52.0,25,0.050000000000000044,5.084789236386617,94.93049430847168,853.63660540001
dgn_complete__pair_N6_ego_attention__seed7,dgn_qmix,coord_grid,7,5880,147025,49.5,25,0.050000000000000044,5.354137539863586,130.98827144077845,853.7976345999632
dgn_complete__pair_N6_ego_attention__seed7,dgn_qmix,coord_grid,7,5881,147050,36.5,25,0.050000000000000044,3.2760397444168725,91.60836935043335,853.918380499992
dgn_complete__pair_N6_ego_attention__seed7,dgn_qmix,coord_grid,7,5882,147075,61.0,25,0.050000000000000044,6.068926831086476,106.29720815022786,854.0698525999906
dgn_complete__pair_N6_ego_attention__seed7,dgn_qmix,coord_grid,7,5883,147100,63.0,25,0.050000000000000044,3.235747054219246,61.23472785949707,854.1831311999704
dgn_complete__pair_N6_ego_attention__seed7,dgn_qmix,coord_grid,7,5884,147125,51.0,25,0.050000000000000044,4.215634456702641,45.086370195661274,854.3366969999624
dgn_complete__pair_N6_ego_attention__seed7,dgn_qmix,coord_grid,7,5885,147150,62.5,25,0.050000000000000044,5.031159400939941,70.93988259633382,854.4607125999755
dgn_complete__pair_N6_ego_attention__seed7,dgn_qmix,coord_grid,7,5886,147175,64.0,25,0.050000000000000044,12.795603116353353,52.355639139811196,854.6237123999745
dgn_complete__pair_N6_ego_attention__seed7,dgn_qmix,coord_grid,7,5887,147200,35.0,25,0.050000000000000044,11.323664491375288,62.19827969868978,854.7505715999869
dgn_complete__pair_N6_ego_attention__seed7,dgn_qmix,coord_grid,7,5888,147225,51.5,25,0.050000000000000044,5.968116811343601,75.1096431187221,854.8884879999678
dgn_complete__pair_N6_ego_attention__seed7,dgn_qmix,coord_grid,7,5889,147250,52.0,25,0.050000000000000044,6.190765778223674,106.03517023722331,855.0056821999606
dgn_complete__pair_N6_ego_attention__seed7,dgn_qmix,coord_grid,7,5890,147275,47.5,25,0.050000000000000044,4.903087422251701,61.81152470906576,855.1854385999613
dgn_complete__pair_N6_ego_attention__seed7,dgn_qmix,coord_grid,7,5891,147300,40.0,25,0.050000000000000044,13.115472714106241,77.74408880869548,855.359954399988
dgn_complete__pair_N6_ego_attention__seed7,dgn_qmix,coord_grid,7,5892,147325,28.0,25,0.050000000000000044,5.95983151452882,53.96578707013811,855.502092699986
dgn_complete__pair_N6_ego_attention__seed7,dgn_qmix,coord_grid,7,5893,147350,65.5,25,0.050000000000000044,8.759329656759897,78.30830319722493,855.6394893999677
dgn_complete__pair_N6_ego_attention__seed7,dgn_qmix,coord_grid,7,5894,147375,63.0,25,0.050000000000000044,8.415668308734894,64.90328057607015,855.8356129999738
dgn_complete__pair_N6_ego_attention__seed7,dgn_qmix,coord_grid,7,5895,147400,74.0,25,0.050000000000000044,4.990154400467873,86.34948285420735,855.9421614999883
dgn_complete__pair_N6_ego_attention__seed7,dgn_qmix,coord_grid,7,5896,147425,31.0,25,0.050000000000000044,8.56231781414577,138.67997523716517,856.096376499976
dgn_complete__pair_N6_ego_attention__seed7,dgn_qmix,coord_grid,7,5897,147450,64.5,25,0.050000000000000044,5.903686781724294,61.81990591684977,856.2478120999876
dgn_complete__pair_N6_ego_attention__seed7,dgn_qmix,coord_grid,7,5898,147475,62.5,25,0.050000000000000044,7.801126003265381,113.96072133382161,856.4059596000006
dgn_complete__pair_N6_ego_attention__seed7,dgn_qmix,coord_grid,7,5899,147500,42.5,25,0.050000000000000044,11.55683430035909,67.40515645345052,856.566194199957
dgn_complete__pair_N6_ego_attention__seed7,dgn_qmix,coord_grid,7,5900,147525,38.5,25,0.050000000000000044,7.435822861535208,63.87143325805664,856.747962399968
dgn_complete__pair_N6_ego_attention__seed7,dgn_qmix,coord_grid,7,5901,147550,45.0,25,0.050000000000000044,9.741964668035507,49.153502782185875,856.9056242000079
dgn_complete__pair_N6_ego_attention__seed7,dgn_qmix,coord_grid,7,5902,147575,51.0,25,0.050000000000000044,6.7378378709157305,54.79122797648112,857.0147394000087
dgn_complete__pair_N6_ego_attention__seed7,dgn_qmix,coord_grid,7,5903,147600,36.5,25,0.050000000000000044,8.612767403324446,40.93807061513265,857.167578499997
dgn_complete__pair_N6_ego_attention__seed7,dgn_qmix,coord_grid,7,5904,147625,62.5,25,0.050000000000000044,9.750112874167305,78.29251207624164,857.293948800012
dgn_complete__pair_N6_ego_attention__seed7,dgn_qmix,coord_grid,7,5905,147650,46.0,25,0.050000000000000044,5.221078813076019,112.36611938476562,857.4016469999915
dgn_complete__pair_N6_ego_attention__seed7,dgn_qmix,coord_grid,7,5906,147675,57.0,25,0.050000000000000044,6.258693089087804,143.20230134328207,857.5208847000031
dgn_complete__pair_N6_ego_attention__seed7,dgn_qmix,coord_grid,7,5907,147700,52.0,25,0.050000000000000044,9.556896209716797,66.75917879740398,857.6704932999564
dgn_complete__pair_N6_ego_attention__seed7,dgn_qmix,coord_grid,7,5908,147725,59.0,25,0.050000000000000044,7.635328820773533,127.90421077183315,857.849258399976
dgn_complete__pair_N6_ego_attention__seed7,dgn_qmix,coord_grid,7,5909,147750,56.0,25,0.050000000000000044,9.551101783911387,83.73795255025227,857.9896745999577
dgn_complete__pair_N6_ego_attention__seed7,dgn_qmix,coord_grid,7,5910,147775,50.0,25,0.050000000000000044,9.854098955790201,129.23803075154623,858.1265107999789
dgn_complete__pair_N6_ego_attention__seed7,dgn_qmix,coord_grid,7,5911,147800,43.5,25,0.050000000000000044,7.945064882437388,109.24409325917561,858.266247099964
dgn_complete__pair_N6_ego_attention__seed7,dgn_qmix,coord_grid,7,5912,147825,32.0,25,0.050000000000000044,8.28492818559919,92.25093187604632,858.415007499978
dgn_complete__pair_N6_ego_attention__seed7,dgn_qmix,coord_grid,7,5913,147850,46.5,25,0.050000000000000044,6.900969386100769,79.72692235310872,858.554052099993
dgn_complete__pair_N6_ego_attention__seed7,dgn_qmix,coord_grid,7,5914,147875,53.5,25,0.050000000000000044,6.705129981040955,76.18227322896321,858.73977320001
dgn_complete__pair_N6_ego_attention__seed7,dgn_qmix,coord_grid,7,5915,147900,64.0,25,0.050000000000000044,5.182313556472461,67.23240852355957,858.8791012999718
dgn_complete__pair_N6_ego_attention__seed7,dgn_qmix,coord_grid,7,5916,147925,55.0,25,0.050000000000000044,5.488146211419787,139.47493634905135,859.0497114000027
dgn_complete__pair_N6_ego_attention__seed7,dgn_qmix,coord_grid,7,5917,147950,28.0,25,0.050000000000000044,6.971633265415828,101.71641858418782,859.2069764999906
dgn_complete__pair_N6_ego_attention__seed7,dgn_qmix,coord_grid,7,5918,147975,78.5,25,0.050000000000000044,9.904742101828257,111.7068042755127,859.3695322999847
dgn_complete__pair_N6_ego_attention__seed7,dgn_qmix,coord_grid,7,5919,148000,39.0,25,0.050000000000000044,8.84694012006124,111.96831957499187,859.5247406999697
dgn_complete__pair_N6_ego_attention__seed7,dgn_qmix,coord_grid,7,5920,148025,44.5,25,0.050000000000000044,5.256900029523032,106.81830596923828,859.7006422000122
dgn_complete__pair_N6_ego_attention__seed7,dgn_qmix,coord_grid,7,5921,148050,48.0,25,0.050000000000000044,6.746457010507584,108.17835553487141,859.8509902000078
dgn_complete__pair_N6_ego_attention__seed7,dgn_qmix,coord_grid,7,5922,148075,38.5,25,0.050000000000000044,5.3022041618824005,130.64834594726562,860.0012545000063
dgn_complete__pair_N6_ego_attention__seed7,dgn_qmix,coord_grid,7,5923,148100,54.0,25,0.050000000000000044,1.5123399595419567,121.21348063151042,860.1335569999646
dgn_complete__pair_N6_ego_attention__seed7,dgn_qmix,coord_grid,7,5924,148125,42.5,25,0.050000000000000044,6.995049944945744,141.55839157104492,860.2708515999839
dgn_complete__pair_N6_ego_attention__seed7,dgn_qmix,coord_grid,7,5925,148150,46.0,25,0.050000000000000044,6.942380969723065,66.94881057739258,860.3972334999708
dgn_complete__pair_N6_ego_attention__seed7,dgn_qmix,coord_grid,7,5926,148175,48.0,25,0.050000000000000044,5.031800617774327,79.21671772003174,860.5088824999984
dgn_complete__pair_N6_ego_attention__seed7,dgn_qmix,coord_grid,7,5927,148200,54.0,25,0.050000000000000044,5.05530325571696,60.648186683654785,860.677182000014
dgn_complete__pair_N6_ego_attention__seed7,dgn_qmix,coord_grid,7,5928,148225,39.0,25,0.050000000000000044,11.494645025048937,81.2966888972691,860.8451180999982
dgn_complete__pair_N6_ego_attention__seed7,dgn_qmix,coord_grid,7,5929,148250,30.5,25,0.050000000000000044,8.766265948613485,108.25222778320312,860.9873704999918
dgn_complete__pair_N6_ego_attention__seed7,dgn_qmix,coord_grid,7,5930,148275,46.5,25,0.050000000000000044,8.043646335601807,122.5028305053711,861.1147879000055
dgn_complete__pair_N6_ego_attention__seed7,dgn_qmix,coord_grid,7,5931,148300,47.0,25,0.050000000000000044,5.957885553439458,97.69476254781087,861.2449232999934
dgn_complete__pair_N6_ego_attention__seed7,dgn_qmix,coord_grid,7,5932,148325,54.5,25,0.050000000000000044,10.705669334956578,89.27664239065987,861.431919900002
dgn_complete__pair_N6_ego_attention__seed7,dgn_qmix,coord_grid,7,5933,148350,33.0,25,0.050000000000000044,8.60689464211464,52.49878215789795,861.5899430999998
dgn_complete__pair_N6_ego_attention__seed7,dgn_qmix,coord_grid,7,5934,148375,63.5,25,0.050000000000000044,2.275424708922704,56.39023621877035,861.7330445999978
dgn_complete__pair_N6_ego_attention__seed7,dgn_qmix,coord_grid,7,5935,148400,88.0,25,0.050000000000000044,4.053329323728879,50.05410130818685,861.8448255999829
dgn_complete__pair_N6_ego_attention__seed7,dgn_qmix,coord_grid,7,5936,148425,50.0,25,0.050000000000000044,5.831964922802789,51.25244358607701,861.9692202999722
dgn_complete__pair_N6_ego_attention__seed7,dgn_qmix,coord_grid,7,5937,148450,32.0,25,0.050000000000000044,4.9720873683691025,64.41392962137859,862.1123994999798
dgn_complete__pair_N6_ego_attention__seed7,dgn_qmix,coord_grid,7,5938,148475,49.5,25,0.050000000000000044,8.451327641805014,55.24343776702881,862.2421848999802
dgn_complete__pair_N6_ego_attention__seed7,dgn_qmix,coord_grid,7,5939,148500,62.0,25,0.050000000000000044,6.967151949803035,102.66718482971191,862.3752721999772
dgn_complete__pair_N6_ego_attention__seed7,dgn_qmix,coord_grid,7,5940,148525,68.0,25,0.050000000000000044,7.62283581495285,116.20383943830218,862.5445818000007
dgn_complete__pair_N6_ego_attention__seed7,dgn_qmix,coord_grid,7,5941,148550,47.0,25,0.050000000000000044,8.991642117500305,117.92893028259277,862.7125227999641
dgn_complete__pair_N6_ego_attention__seed7,dgn_qmix,coord_grid,7,5942,148575,68.5,25,0.050000000000000044,2.6812491416931152,139.37405268351236,862.8528918999946
dgn_complete__pair_N6_ego_attention__seed7,dgn_qmix,coord_grid,7,5943,148600,58.5,25,0.050000000000000044,6.899645566940308,90.70950444539388,863.0182432999718
dgn_complete__pair_N6_ego_attention__seed7,dgn_qmix,coord_grid,7,5944,148625,54.0,25,0.050000000000000044,9.171174253736224,48.957834243774414,863.1779885999858
dgn_complete__pair_N6_ego_attention__seed7,dgn_qmix,coord_grid,7,5945,148650,35.5,25,0.050000000000000044,9.280774672826132,48.55067571004232,863.3368384999922
dgn_complete__pair_N6_ego_attention__seed7,dgn_qmix,coord_grid,7,5946,148675,48.0,25,0.050000000000000044,6.714429944753647,84.02516619364421,863.4849572000094
dgn_complete__pair_N6_ego_attention__seed7,dgn_qmix,coord_grid,7,5947,148700,57.5,25,0.050000000000000044,5.21750948826472,111.71604092915852,863.6082904000068
dgn_complete__pair_N6_ego_attention__seed7,dgn_qmix,coord_grid,7,5948,148725,47.0,25,0.050000000000000044,5.862408386809485,59.478612082345144,863.7555686999694
dgn_complete__pair_N6_ego_attention__seed7,dgn_qmix,coord_grid,7,5949,148750,58.0,25,0.050000000000000044,5.8568227887153625,53.36008485158285,863.859189699986
dgn_complete__pair_N6_ego_attention__seed7,dgn_qmix,coord_grid,7,5950,148775,62.5,25,0.050000000000000044,6.805344104766846,48.16391531626383,864.0106541999849
dgn_complete__pair_N6_ego_attention__seed7,dgn_qmix,coord_grid,7,5951,148800,55.5,25,0.050000000000000044,8.623184358080229,42.42402458190918,864.1539145999704
dgn_complete__pair_N6_ego_attention__seed7,dgn_qmix,coord_grid,7,5952,148825,46.0,25,0.050000000000000044,9.044084761823926,58.52925436837332,864.3439065999701
dgn_complete__pair_N6_ego_attention__seed7,dgn_qmix,coord_grid,7,5953,148850,38.0,25,0.050000000000000044,9.495405495166779,88.77834192911784,864.4862456999836
dgn_complete__pair_N6_ego_attention__seed7,dgn_qmix,coord_grid,7,5954,148875,62.5,25,0.050000000000000044,5.052076240380605,66.37493705749512,864.6377603999572
dgn_complete__pair_N6_ego_attention__seed7,dgn_qmix,coord_grid,7,5955,148900,34.0,25,0.050000000000000044,5.771148423353831,61.388817151387535,864.7452638999675
dgn_complete__pair_N6_ego_attention__seed7,dgn_qmix,coord_grid,7,5956,148925,41.0,25,0.050000000000000044,8.95798129269055,77.87000628880092,864.88417450001
dgn_complete__pair_N6_ego_attention__seed7,dgn_qmix,coord_grid,7,5957,148950,51.0,25,0.050000000000000044,6.990277777115504,104.33707427978516,865.0170542999986
dgn_complete__pair_N6_ego_attention__seed7,dgn_qmix,coord_grid,7,5958,148975,41.5,25,0.050000000000000044,8.653158903121948,46.996517499287926,865.1590920999879
dgn_complete__pair_N6_ego_attention__seed7,dgn_qmix,coord_grid,7,5959,149000,46.5,25,0.050000000000000044,4.988578259944916,36.76949087778727,865.3363298999611
dgn_complete__pair_N6_ego_attention__seed7,dgn_qmix,coord_grid,7,5960,149025,67.5,25,0.050000000000000044,7.409142936979022,58.79943329947336,865.5103721999913
dgn_complete__pair_N6_ego_attention__seed7,dgn_qmix,coord_grid,7,5961,149050,44.5,25,0.050000000000000044,7.69998395939668,87.17455418904622,865.6959264999605
dgn_complete__pair_N6_ego_attention__seed7,dgn_qmix,coord_grid,7,5962,149075,30.0,25,0.050000000000000044,10.53031301498413,88.40583229064941,865.8530738999834
dgn_complete__pair_N6_ego_attention__seed7,dgn_qmix,coord_grid,7,5963,149100,53.0,25,0.050000000000000044,7.54781715075175,62.45135498046875,865.9981258999906
dgn_complete__pair_N6_ego_attention__seed7,dgn_qmix,coord_grid,7,5964,149125,51.5,25,0.050000000000000044,8.206494740077428,77.53864179338727,866.1881286000134
dgn_complete__pair_N6_ego_attention__seed7,dgn_qmix,coord_grid,7,5965,149150,77.5,25,0.050000000000000044,10.563947916030884,59.100537618001304,866.3369841999956
dgn_complete__pair_N6_ego_attention__seed7,dgn_qmix,coord_grid,7,5966,149175,38.0,25,0.050000000000000044,5.004163935780525,62.71819941202799,866.4772418999928
dgn_complete__pair_N6_ego_attention__seed7,dgn_qmix,coord_grid,7,5967,149200,74.5,25,0.050000000000000044,8.867550194263458,95.527099609375,866.626366499986
dgn_complete__pair_N6_ego_attention__seed7,dgn_qmix,coord_grid,7,5968,149225,50.0,25,0.050000000000000044,10.568225043160576,72.21404429844448,866.7303722999641
dgn_complete__pair_N6_ego_attention__seed7,dgn_qmix,coord_grid,7,5969,149250,44.5,25,0.050000000000000044,8.682306081056595,60.50519529978434,866.8516239000019
dgn_complete__pair_N6_ego_attention__seed7,dgn_qmix,coord_grid,7,5970,149275,47.0,25,0.050000000000000044,6.8724536548058195,70.70525487263997,867.0326732000103
dgn_complete__pair_N6_ego_attention__seed7,dgn_qmix,coord_grid,7,5971,149300,27.5,25,0.050000000000000044,8.53387533624967,61.77884070078532,867.1888053999864
dgn_complete__pair_N6_ego_attention__seed7,dgn_qmix,coord_grid,7,5972,149325,39.5,25,0.050000000000000044,5.786927602120808,58.63697705950056,867.3490127999685
dgn_complete__pair_N6_ego_attention__seed7,dgn_qmix,coord_grid,7,5973,149350,42.0,25,0.050000000000000044,7.031051596005757,127.92791112263997,867.5036383999977
dgn_complete__pair_N6_ego_attention__seed7,dgn_qmix,coord_grid,7,5974,149375,40.0,25,0.050000000000000044,4.29584198196729,81.46569633483887,867.6387708999682
dgn_complete__pair_N6_ego_attention__seed7,dgn_qmix,coord_grid,7,5975,149400,52.0,25,0.050000000000000044,5.934608608484268,61.478760719299316,867.7759912000038
dgn_complete__pair_N6_ego_attention__seed7,dgn_qmix,coord_grid,7,5976,149425,58.0,25,0.050000000000000044,11.4318493945258,81.013671875,867.9296424000058
dgn_complete__pair_N6_ego_attention__seed7,dgn_qmix,coord_grid,7,5977,149450,46.0,25,0.050000000000000044,7.684211889902751,80.61565589904785,868.0781716000056
dgn_complete__pair_N6_ego_attention__seed7,dgn_qmix,coord_grid,7,5978,149475,75.0,25,0.050000000000000044,6.831792016824086,92.2303352355957,868.2007350999629
dgn_complete__pair_N6_ego_attention__seed7,dgn_qmix,coord_grid,7,5979,149500,40.0,25,0.050000000000000044,5.850461224714915,59.97626940409342,868.4235444999649
dgn_complete__pair_N6_ego_attention__seed7,dgn_qmix,coord_grid,7,5980,149525,51.5,25,0.050000000000000044,10.436354330607823,72.27414376395089,868.6122252999921
dgn_complete__pair_N6_ego_attention__seed7,dgn_qmix,coord_grid,7,5981,149550,53.5,25,0.050000000000000044,6.699365973472595,67.87953122456868,868.8181310999789
dgn_complete__pair_N6_ego_attention__seed7,dgn_qmix,coord_grid,7,5982,149575,56.5,25,0.050000000000000044,7.680275638898213,76.9160737991333,868.9463873999775
dgn_complete__pair_N6_ego_attention__seed7,dgn_qmix,coord_grid,7,5983,149600,57.5,25,0.050000000000000044,4.464907675981522,140.99738947550455,869.1073912999709
dgn_complete__pair_N6_ego_attention__seed7,dgn_qmix,coord_grid,7,5984,149625,60.0,25,0.050000000000000044,7.4117646643093655,86.06669698442731,869.2697482999647
dgn_complete__pair_N6_ego_attention__seed7,dgn_qmix,coord_grid,7,5985,149650,65.0,25,0.050000000000000044,7.740794112284978,58.81894461313883,869.3878357000067
dgn_complete__pair_N6_ego_attention__seed7,dgn_qmix,coord_grid,7,5986,149675,59.0,25,0.050000000000000044,5.042626604437828,61.843727111816406,869.5477576999692
dgn_complete__pair_N6_ego_attention__seed7,dgn_qmix,coord_grid,7,5987,149700,44.5,25,0.050000000000000044,8.702046950658163,54.474182764689125,869.6636258999933
dgn_complete__pair_N6_ego_attention__seed7,dgn_qmix,coord_grid,7,5988,149725,54.5,25,0.050000000000000044,7.54789890561785,83.3270012991769,869.7858150000102
dgn_complete__pair_N6_ego_attention__seed7,dgn_qmix,coord_grid,7,5989,149750,65.0,25,0.050000000000000044,7.800918683409691,67.34472433725993,869.9577131000115
dgn_complete__pair_N6_ego_attention__seed7,dgn_qmix,coord_grid,7,5990,149775,59.0,25,0.050000000000000044,1.3950312087933223,91.28550783793132,870.1194654999999
dgn_complete__pair_N6_ego_attention__seed7,dgn_qmix,coord_grid,7,5991,149800,53.0,25,0.050000000000000044,6.701037734746933,53.944119135538735,870.2922616999713
dgn_complete__pair_N6_ego_attention__seed7,dgn_qmix,coord_grid,7,5992,149825,76.0,25,0.050000000000000044,7.381467614855085,89.39379855564663,870.5470727999927
dgn_complete__pair_N6_ego_attention__seed7,dgn_qmix,coord_grid,7,5993,149850,50.5,25,0.050000000000000044,9.723100662231445,121.51120503743489,870.6594655999797
dgn_complete__pair_N6_ego_attention__seed7,dgn_qmix,coord_grid,7,5994,149875,28.5,25,0.050000000000000044,4.364762047926585,118.89439105987549,870.7863770999829
dgn_complete__pair_N6_ego_attention__seed7,dgn_qmix,coord_grid,7,5995,149900,42.5,25,0.050000000000000044,7.686933994293213,80.99771372477214,870.9587427999941
dgn_complete__pair_N6_ego_attention__seed7,dgn_qmix,coord_grid,7,5996,149925,29.5,25,0.050000000000000044,5.0343350895813535,56.477225984845845,871.1511719999835
dgn_complete__pair_N6_ego_attention__seed7,dgn_qmix,coord_grid,7,5997,149950,67.0,25,0.050000000000000044,7.715057109793027,43.33196576436361,871.3905321999919
dgn_complete__pair_N6_ego_attention__seed7,dgn_qmix,coord_grid,7,5998,149975,44.5,25,0.050000000000000044,12.322943210601807,59.61857541402181,871.518578499963
dgn_complete__pair_N6_ego_attention__seed7,dgn_qmix,coord_grid,7,5999,150000,45.0,25,0.050000000000000044,5.759124179681142,66.15840021769206,871.6391144999652
