step,episode,kind,ep_return,ep_length,ep_success,rolling_success_100,epsilon,loss,q_mean,q_tot_mean,eval_return_mean,eval_return_std,eval_success_rate,eval_length_mean
25,1,train,0.5750000000000001,25,0,0.0,0.99886,,,,,,,
50,2,train,0.3333333333333333,25,0,0.0,0.9976725,,,,,,,
75,3,train,0.41666666666666685,25,0,0.0,0.996485,,,,,,,
100,4,train,0.24166666666666686,25,0,0.0,0.9952975,,,,,,,
125,5,train,0.6833333333333335,25,0,0.0,0.99411,,,,,,,
150,6,train,-0.28333333333333355,25,0,0.0,0.9929225,,,,,,,
175,7,train,-0.4333333333333333,25,0,0.0,0.991735,,,,,,,
200,8,train,0.13333333333333322,25,0,0.0,0.9905475,,,,,,,
225,9,train,0.6833333333333333,25,0,0.0,0.98936,,,,,,,
250,10,train,0.95,25,0,0.0,0.9881725,,,,,,,
275,11,train,-0.11666666666666678,25,0,0.0,0.986985,,,,,,,
300,12,train,-0.7666666666666666,25,0,0.0,0.9857975,,,,,,,
325,13,train,-0.5416666666666666,25,0,0.0,0.98461,,,,,,,
350,14,train,-0.16666666666666663,25,0,0.0,0.9834225,,,,,,,
375,15,train,0.07499999999999991,25,0,0.0,0.982235,,,,,,,
400,16,train,-0.7583333333333333,25,0,0.0,0.9810475,,,,,,,
425,17,train,0.9833333333333333,25,0,0.0,0.97986,,,,,,,
450,18,train,0.18333333333333313,25,0,0.0,0.9786725000000001,,,,,,,
475,19,train,-0.03333333333333334,25,0,0.0,0.977485,,,,,,,
500,20,train,0.041666666666666734,25,0,0.0,0.9762975,,,,,,,
525,21,train,0.8083333333333335,25,0,0.0,0.97511,,,,,,,
550,22,train,0.6166666666666666,25,0,0.0,0.9739225,,,,,,,
575,23,train,-0.42500000000000004,25,0,0.0,0.972735,,,,,,,
600,24,train,-0.04166666666666679,25,0,0.0,0.9715475,,,,,,,
625,25,train,-0.09166666666666666,25,0,0.0,0.97036,,,,,,,
650,26,train,0.5416666666666667,25,0,0.0,0.9691725,,,,,,,
675,27,train,0.5833333333333331,25,0,0.0,0.967985,,,,,,,
700,28,train,-0.6083333333333335,25,0,0.0,0.9667975,,,,,,,
725,29,train,0.33333333333333326,25,0,0.0,0.96561,,,,,,,
750,30,train,0.7166666666666666,25,0,0.0,0.9644225,,,,,,,
775,31,train,0.4750000000000001,25,0,0.0,0.963235,,,,,,,
800,32,train,-0.30000000000000004,25,0,0.0,0.9620474999999999,,,,,,,
825,33,train,-0.5833333333333335,25,0,0.0,0.96086,,,,,,,
850,34,train,1.0000000000000004,25,0,0.0,0.9596725,,,,,,,
875,35,train,0.08333333333333341,25,0,0.0,0.958485,,,,,,,
900,36,train,-0.4750000000000001,25,0,0.0,0.9572975,,,,,,,
925,37,train,-0.20833333333333343,25,0,0.0,0.95611,,,,,,,
950,38,train,0.4083333333333333,25,0,0.0,0.9549225,,,,,,,
975,39,train,0.16666666666666652,25,0,0.0,0.953735,,,,,,,
1000,40,train,0.27499999999999997,25,0,0.0,0.9525475,0.12549984455108643,,0.05531752109527588,,,,
1025,41,train,-1.1796119636642288e-16,25,0,0.0,0.95136,0.01392090693116188,,0.3170398473739624,,,,
1050,42,train,0.55,25,0,0.0,0.9501725,0.015607234090566635,,0.33767813444137573,,,,
1075,43,train,-0.25000000000000006,25,0,0.0,0.948985,0.02241680771112442,,0.3024236559867859,,,,
1100,44,train,-0.1750000000000001,25,0,0.0,0.9477975,0.0047868709079921246,,0.3076924681663513,,,,
1125,45,train,0.15833333333333327,25,0,0.0,0.94661,0.008645444177091122,,0.32809656858444214,,,,
1150,46,train,0.8583333333333334,25,0,0.0,0.9454225,0.004815900232642889,,0.3234109878540039,,,,
1175,47,train,0.325,25,0,0.0,0.944235,0.015773706138134003,,0.31263601779937744,,,,
1200,48,train,0.4499999999999999,25,0,0.0,0.9430475,0.02572561986744404,,0.3161666989326477,,,,
1225,49,train,-0.33333333333333354,25,0,0.0,0.94186,0.011006362736225128,,0.36901551485061646,,,,
1250,50,train,0.1333333333333333,25,0,0.0,0.9406725,0.026487192139029503,,0.3999505639076233,,,,
1275,51,train,0.42499999999999993,25,0,0.0,0.939485,0.018578946590423584,,0.4080553948879242,,,,
1300,52,train,-0.2750000000000001,25,0,0.0,0.9382975,0.023723099380731583,,0.4067826569080353,,,,
1325,53,train,0.7833333333333332,25,0,0.0,0.93711,0.022235745564103127,,0.3923391103744507,,,,
1350,54,train,1.0833333333333333,25,0,0.0,0.9359225,0.028263919055461884,,0.4128303527832031,,,,
1375,55,train,-0.033333333333333395,25,0,0.0,0.934735,0.019555475562810898,,0.39445239305496216,,,,
1400,56,train,-0.08333333333333345,25,0,0.0,0.9335475,0.03872212767601013,,0.3902680277824402,,,,
1425,57,train,0.22499999999999987,25,0,0.0,0.93236,0.020275942981243134,,0.4875275790691376,,,,
1450,58,train,1.2666666666666666,25,0,0.0,0.9311725,0.021573377773165703,,0.5019475817680359,,,,
1475,59,train,0.16666666666666663,25,0,0.0,0.9299850000000001,0.012289632111787796,,0.5036873817443848,,,,
1500,60,train,0.6416666666666668,25,0,0.0,0.9287974999999999,0.015690553933382034,,0.5136455297470093,,,,
1525,61,train,0.6000000000000002,25,0,0.0,0.92761,0.033190853893756866,,0.4948594868183136,,,,
1550,62,train,0.85,25,0,0.0,0.9264225,0.02749619632959366,,0.49013233184814453,,,,
1575,63,train,0.7750000000000001,25,0,0.0,0.925235,0.012474915944039822,,0.5163846015930176,,,,
1600,64,train,-0.008333333333333429,25,0,0.0,0.9240475,0.024589627981185913,,0.4822143316268921,,,,
1625,65,train,-0.55,25,0,0.0,0.92286,0.03221873193979263,,0.609970211982727,,,,
1650,66,train,0.3583333333333334,25,0,0.0,0.9216725,0.034716539084911346,,0.6026197075843811,,,,
1675,67,train,0.19999999999999996,25,0,0.0,0.920485,0.018518298864364624,,0.5988709330558777,,,,
1700,68,train,-0.05833333333333332,25,0,0.0,0.9192975,0.023495474830269814,,0.6307610869407654,,,,
1725,69,train,1.25,25,0,0.0,0.91811,0.012848516926169395,,0.6226305961608887,,,,
1750,70,train,0.45000000000000023,25,0,0.0,0.9169225,0.023573026061058044,,0.5975611805915833,,,,
1775,71,train,-0.2250000000000001,25,0,0.0,0.915735,0.0290289968252182,,0.6071346998214722,,,,
1800,72,train,-0.10833333333333331,25,0,0.0,0.9145475,0.03728301078081131,,0.5831907987594604,,,,
1825,73,train,0.6333333333333332,25,0,0.0,0.91336,0.05210244283080101,,0.7164781093597412,,,,
1850,74,train,0.7500000000000003,25,0,0.0,0.9121725,0.04152727127075195,,0.7377686500549316,,,,
1875,75,train,-0.5000000000000001,25,0,0.0,0.910985,0.030456583946943283,,0.7181090712547302,,,,
1900,76,train,1.2916666666666672,25,0,0.0,0.9097975,0.021442538127303123,,0.7150097489356995,,,,
1925,77,train,-0.29166666666666674,25,0,0.0,0.90861,0.02946550026535988,,0.7002582550048828,,,,
1950,78,train,0.9,25,0,0.0,0.9074225,0.01891072280704975,,0.683269739151001,,,,
1975,79,train,0.23333333333333323,25,0,0.0,0.906235,0.01966608129441738,,0.7148605585098267,,,,
2000,80,train,0.7500000000000001,25,0,0.0,0.9050475,0.05169939622282982,,0.6827487945556641,,,,
2025,81,train,0.7666666666666667,25,0,0.0,0.90386,0.05146382376551628,,0.855336606502533,,,,
2050,82,train,0.7166666666666667,25,0,0.0,0.9026725,0.036989931017160416,,0.8258739709854126,,,,
2075,83,train,0.29166666666666663,25,0,0.0,0.901485,0.05812890827655792,,0.8103108406066895,,,,
2100,84,train,-0.2750000000000001,25,0,0.0,0.9002975,0.07251796871423721,,0.8281147480010986,,,,
2125,85,train,0.7166666666666665,25,0,0.0,0.89911,0.04949849843978882,,0.8011384606361389,,,,
2150,86,train,-0.2833333333333335,25,0,0.0,0.8979225,0.0350676104426384,,0.8199477195739746,,,,
2175,87,train,0.8333333333333333,25,0,0.0,0.8967350000000001,0.028874535113573074,,0.8258317112922668,,,,
2200,88,train,0.8666666666666666,25,0,0.0,0.8955474999999999,0.06527149677276611,,0.7626323103904724,,,,
2225,89,train,-0.20833333333333354,25,0,0.0,0.89436,0.02857314795255661,,0.9243770241737366,,,,
2250,90,train,0.7083333333333329,25,0,0.0,0.8931725,0.04098506271839142,,0.9132598638534546,,,,
2275,91,train,-0.09166666666666674,25,0,0.0,0.891985,0.026391390711069107,,0.8905010223388672,,,,
2300,92,train,0.7416666666666667,25,0,0.0,0.8907975,0.0510023795068264,,0.8860119581222534,,,,
2325,93,train,0.7166666666666666,25,0,0.0,0.88961,0.03898799046874046,,0.9147859215736389,,,,
2350,94,train,1.3583333333333334,25,0,0.0,0.8884225,0.07109173387289047,,0.9005358815193176,,,,
2375,95,train,0.9083333333333334,25,0,0.0,0.887235,0.024022752419114113,,0.9014865756034851,,,,
2400,96,train,-0.3166666666666667,25,0,0.0,0.8860475,0.050923414528369904,,0.8749783039093018,,,,
2425,97,train,0.7833333333333337,25,0,0.0,0.88486,0.01956167072057724,,1.0309087038040161,,,,
2450,98,train,0.34999999999999987,25,0,0.0,0.8836725,0.027414632961153984,,1.0171449184417725,,,,
2475,99,train,0.35833333333333334,25,0,0.0,0.882485,0.059124961495399475,,1.003130555152893,,,,
2500,100,train,0.22499999999999992,25,0,0.0,0.8812975,0.06100057065486908,,0.9803488254547119,,,,
2500,100,eval,,,,,0.8812975,,,,0.17833333333333323,0.7223101442209188,0.0,25.0
2525,101,train,0.3583333333333332,25,0,0.0,0.88011,0.04627183824777603,,0.9866695404052734,,,,
2550,102,train,0.033333333333333326,25,0,0.0,0.8789225,0.03289249911904335,,0.9618533849716187,,,,
2575,103,train,1.1666666666666665,25,0,0.0,0.877735,0.02173572964966297,,0.99715256690979,,,,
2600,104,train,-0.37500000000000006,25,0,0.0,0.8765475,0.07432141900062561,,1.005310297012329,,,,
2625,105,train,0.8083333333333333,25,0,0.0,0.87536,0.06963856518268585,,1.1450774669647217,,,,
2650,106,train,0.2416666666666665,25,0,0.0,0.8741725,0.04747164249420166,,1.1497914791107178,,,,
2675,107,train,1.4166666666666667,25,0,0.0,0.872985,0.13574668765068054,,1.1814666986465454,,,,
2700,108,train,-0.08333333333333345,25,0,0.0,0.8717975,0.07296860218048096,,1.0848329067230225,,,,
2725,109,train,0.65,25,0,0.0,0.87061,0.057840436697006226,,1.1224157810211182,,,,
2750,110,train,0.2749999999999999,25,0,0.0,0.8694225,0.060319505631923676,,1.1829410791397095,,,,
2775,111,train,0.3333333333333332,25,0,0.0,0.868235,0.06358244270086288,,1.132854700088501,,,,
2800,112,train,0.03333333333333316,25,0,0.0,0.8670475,0.08305199444293976,,1.1431987285614014,,,,
2825,113,train,0.34999999999999987,25,0,0.0,0.8658600000000001,0.01543900091201067,,1.2214806079864502,,,,
2850,114,train,1.0,25,0,0.0,0.8646725,0.03146066144108772,,1.1824718713760376,,,,
2875,115,train,0.7916666666666667,25,0,0.0,0.8634850000000001,0.11447189748287201,,1.228373408317566,,,,
2900,116,train,0.31666666666666654,25,0,0.0,0.8622975,0.028043078258633614,,1.239492416381836,,,,
2925,117,train,0.6166666666666666,25,0,0.0,0.86111,0.0461483895778656,,1.2503920793533325,,,,
2950,118,train,0.23333333333333317,25,0,0.0,0.8599225,0.045781396329402924,,1.2326581478118896,,,,
2975,119,train,-0.4,25,0,0.0,0.858735,0.05236963555216789,,1.238517165184021,,,,
3000,120,train,0.3249999999999999,25,0,0.0,0.8575475,0.0762510746717453,,1.2327195405960083,,,,
3025,121,train,-0.5416666666666667,25,0,0.0,0.85636,0.11743442714214325,,1.377833366394043,,,,
3050,122,train,-0.30833333333333346,25,0,0.0,0.8551725,0.11585988849401474,,1.3836045265197754,,,,
3075,123,train,0.2083333333333332,25,0,0.0,0.853985,0.11143951863050461,,1.3924674987792969,,,,
3100,124,train,0.29166666666666663,25,0,0.0,0.8527975,0.20500019192695618,,1.356849193572998,,,,
3125,125,train,0.1166666666666666,25,0,0.0,0.85161,0.014620480127632618,,1.420255422592163,,,,
3150,126,train,0.6583333333333332,25,0,0.0,0.8504225,0.059928033500909805,,1.4644947052001953,,,,
3175,127,train,0.666666666666667,25,0,0.0,0.849235,0.10980439931154251,,1.3741199970245361,,,,
3200,128,train,0.2916666666666666,25,0,0.0,0.8480475000000001,0.20659931004047394,,1.3720519542694092,,,,
3225,129,train,1.4416666666666664,25,0,0.0,0.84686,0.06249386444687843,,1.578296422958374,,,,
3250,130,train,-0.35833333333333345,25,0,0.0,0.8456725,0.1096198707818985,,1.503885269165039,,,,
3275,131,train,0.8166666666666667,25,0,0.0,0.8444849999999999,0.04602103680372238,,1.5167922973632812,,,,
3300,132,train,0.18333333333333318,25,0,0.0,0.8432975,0.09672936797142029,,1.562316656112671,,,,
3325,133,train,0.06666666666666662,25,0,0.0,0.84211,0.12989813089370728,,1.5490187406539917,,,,
3350,134,train,-0.3166666666666667,25,0,0.0,0.8409225,0.07009910047054291,,1.4827035665512085,,,,
3375,135,train,0.24999999999999994,25,0,0.0,0.839735,0.045131124556064606,,1.53043794631958,,,,
3400,136,train,0.15000000000000008,25,0,0.0,0.8385475,0.21739161014556885,,1.4587078094482422,,,,
3425,137,train,0.04999999999999988,25,0,0.0,0.83736,0.09674828499555588,,1.6203768253326416,,,,
3450,138,train,1.4583333333333333,25,0,0.0,0.8361725,0.0947156473994255,,1.5844111442565918,,,,
3475,139,train,-0.10833333333333336,25,0,0.0,0.834985,0.15357843041419983,,1.6328425407409668,,,,
3500,140,train,0.08333333333333329,25,0,0.0,0.8337975,0.11149416863918304,,1.6299164295196533,,,,
3525,141,train,1.3749999999999998,25,0,0.0,0.8326100000000001,0.06818690896034241,,1.5954750776290894,,,,
3550,142,train,1.125,25,0,0.0,0.8314225,0.14394831657409668,,1.636471152305603,,,,
3575,143,train,0.45833333333333387,25,0,0.0,0.8302350000000001,0.11095631122589111,,1.5838583707809448,,,,
3600,144,train,-0.43333333333333346,25,0,0.0,0.8290475,0.1887848824262619,,1.6054797172546387,,,,
3625,145,train,0.32499999999999996,25,0,0.0,0.82786,0.19738923013210297,,1.7526772022247314,,,,
3650,146,train,0.32499999999999984,25,0,0.0,0.8266725,0.16313068568706512,,1.693389654159546,,,,
3675,147,train,0.15833333333333335,25,0,0.0,0.825485,0.06458462029695511,,1.7656779289245605,,,,
3700,148,train,0.7083333333333334,25,0,0.0,0.8242975,0.11871974170207977,,1.6635538339614868,,,,
3725,149,train,-0.29166666666666674,25,0,0.0,0.82311,0.05383945256471634,,1.6675645112991333,,,,
3750,150,train,0.2749999999999999,25,0,0.0,0.8219225,0.1317548006772995,,1.7444889545440674,,,,
3775,151,train,1.1750000000000003,25,0,0.0,0.820735,0.05026022344827652,,1.692500352859497,,,,
3800,152,train,0.23333333333333328,25,0,0.0,0.8195475,0.1169920265674591,,1.710510015487671,,,,
3825,153,train,1.0833333333333333,25,0,0.0,0.81836,0.2622329592704773,,1.861706256866455,,,,
3850,154,train,1.3749999999999998,25,0,0.0,0.8171725,0.07912011444568634,,1.8546265363693237,,,,
3875,155,train,0.4583333333333336,25,0,0.0,0.815985,0.07536253333091736,,1.8469176292419434,,,,
3900,156,train,0.10833333333333314,25,0,0.0,0.8147975000000001,0.14695096015930176,,1.7782230377197266,,,,
3925,157,train,0.44166666666666665,25,0,0.0,0.8136099999999999,0.19100156426429749,,1.8455946445465088,,,,
3950,158,train,-0.1333333333333334,25,0,0.0,0.8124225,0.1686079204082489,,1.7897635698318481,,,,
3975,159,train,0.1916666666666666,25,0,0.0,0.811235,0.12303714454174042,,1.844231367111206,,,,
4000,160,train,-0.033333333333333215,25,0,0.0,0.8100475,0.14421652257442474,,1.881690502166748,,,,
4025,161,train,1.25,25,0,0.0,0.80886,0.20112945139408112,,2.0303027629852295,,,,
4050,162,train,-0.34166666666666673,25,0,0.0,0.8076725,0.2544883191585541,,1.9737656116485596,,,,
4075,163,train,1.5333333333333332,25,0,0.0,0.806485,0.37364661693573,,1.990518569946289,,,,
4092,164,train,2.58,17,1,0.01,0.8056775,0.19094301760196686,,1.979015827178955,,,,
4117,165,train,-0.5166666666666667,25,0,0.01,0.80449,0.110225148499012,,1.9446384906768799,,,,
4142,166,train,-0.6583333333333334,25,0,0.01,0.8033025,0.056814223527908325,,2.0588388442993164,,,,
4167,167,train,-0.13333333333333341,25,0,0.01,0.802115,0.08052564412355423,,2.089487314224243,,,,
4192,168,train,-0.058333333333333307,25,0,0.01,0.8009275,0.200372114777565,,2.0047574043273926,,,,
4217,169,train,0.7166666666666668,25,0,0.01,0.79974,0.20740579068660736,,2.084843397140503,,,,
4242,170,train,0.7916666666666665,25,0,0.01,0.7985525,0.27998262643814087,,2.178380012512207,,,,
4267,171,train,0.8333333333333336,25,0,0.01,0.797365,0.16780748963356018,,2.1646430492401123,,,,
4292,172,train,0.6500000000000001,25,0,0.01,0.7961775,0.34651461243629456,,2.127506732940674,,,,
4317,173,train,-0.13333333333333336,25,0,0.01,0.7949900000000001,0.20006777346134186,,2.18550968170166,,,,
4342,174,train,0.6583333333333335,25,0,0.01,0.7938025,0.30853748321533203,,2.176847219467163,,,,
4367,175,train,0.7666666666666667,25,0,0.01,0.7926150000000001,0.07433269172906876,,2.2701659202575684,,,,
4392,176,train,-0.15000000000000005,25,0,0.01,0.7914275,0.1473710834980011,,2.1322214603424072,,,,
4417,177,train,0.6916666666666667,25,0,0.01,0.79024,0.16394343972206116,,2.2588701248168945,,,,
4442,178,train,1.6916666666666667,25,0,0.01,0.7890525,0.26439133286476135,,2.39632511138916,,,,
4467,179,train,0.3250000000000002,25,0,0.01,0.787865,0.4195650517940521,,2.393277645111084,,,,
4492,180,train,0.06666666666666655,25,0,0.01,0.7866775,0.01823163777589798,,2.31881046295166,,,,
4517,181,train,1.0916666666666666,25,0,0.01,0.78549,0.17514753341674805,,2.3305141925811768,,,,
4542,182,train,0.9416666666666665,25,0,0.01,0.7843025,0.202260822057724,,2.2964560985565186,,,,
4567,183,train,1.3250000000000002,25,0,0.01,0.783115,0.644316554069519,,2.3938145637512207,,,,
4592,184,train,0.24999999999999983,25,0,0.01,0.7819275,0.0675804540514946,,2.282170295715332,,,,
4617,185,train,-0.26666666666666683,25,0,0.01,0.78074,0.34237825870513916,,2.5510663986206055,,,,
4642,186,train,0.24166666666666664,25,0,0.01,0.7795525,0.25686246156692505,,2.527913808822632,,,,
4667,187,train,-0.058333333333333445,25,0,0.01,0.778365,0.3020447790622711,,2.4569647312164307,,,,
4692,188,train,0.4833333333333334,25,0,0.01,0.7771775,0.11619384586811066,,2.413743495941162,,,,
4717,189,train,0.4583333333333333,25,0,0.01,0.77599,0.27058812975883484,,2.613713026046753,,,,
4742,190,train,-0.33333333333333354,25,0,0.01,0.7748025000000001,0.0778007060289383,,2.6354172229766846,,,,
4767,191,train,0.9166666666666666,25,0,0.01,0.7736149999999999,0.4508945941925049,,2.604815721511841,,,,
4792,192,train,0.4250000000000001,25,0,0.01,0.7724275,0.13619962334632874,,2.5161728858947754,,,,
4817,193,train,-0.2083333333333334,25,0,0.01,0.77124,0.5279909372329712,,2.605844020843506,,,,
4842,194,train,-0.050000000000000024,25,0,0.01,0.7700525,0.2817479074001312,,2.7465338706970215,,,,
4867,195,train,0.5333333333333335,25,0,0.01,0.768865,0.48299551010131836,,2.920961380004883,,,,
4892,196,train,0.25833333333333325,25,0,0.01,0.7676775,0.23929044604301453,,2.766521453857422,,,,
4917,197,train,0.9166666666666667,25,0,0.01,0.76649,0.3941778540611267,,2.84763240814209,,,,
4942,198,train,-0.1166666666666667,25,0,0.01,0.7653025,0.13925109803676605,,2.7687008380889893,,,,
4967,199,train,-0.21666666666666679,25,0,0.01,0.764115,0.3368007242679596,,2.8270010948181152,,,,
4992,200,train,0.42500000000000004,25,0,0.01,0.7629275,0.37978726625442505,,2.829460620880127,,,,
4992,200,eval,,,,,0.7629275,,,,0.09041666666666656,0.5554169792447233,0.0,25.0
5017,201,train,0.5166666666666666,25,0,0.01,0.76174,0.4134221076965332,,2.8335928916931152,,,,
5042,202,train,-0.16666666666666682,25,0,0.01,0.7605525,0.27235841751098633,,2.9168097972869873,,,,
5067,203,train,-0.45000000000000023,25,0,0.01,0.759365,0.16765983402729034,,3.07696795463562,,,,
5092,204,train,0.9583333333333333,25,0,0.01,0.7581775,0.11921165883541107,,2.9560916423797607,,,,
5117,205,train,0.16666666666666663,25,0,0.01,0.75699,0.3081437945365906,,2.958871603012085,,,,
5142,206,train,0.7250000000000002,25,0,0.01,0.7558025,0.14876706898212433,,2.9539248943328857,,,,
5167,207,train,0.6166666666666667,25,0,0.01,0.754615,0.5248559713363647,,3.040203809738159,,,,
5192,208,train,-0.5750000000000002,25,0,0.01,0.7534275,0.3624957501888275,,2.928452968597412,,,,
5217,209,train,-0.0833333333333333,25,0,0.01,0.75224,0.18972021341323853,,3.1101932525634766,,,,
5242,210,train,-0.5166666666666667,25,0,0.01,0.7510525,0.5645992755889893,,3.1909117698669434,,,,
5267,211,train,0.6000000000000001,25,0,0.01,0.749865,0.08070503920316696,,3.0970325469970703,,,,
5292,212,train,0.7333333333333334,25,0,0.01,0.7486775,0.5021097660064697,,3.075782299041748,,,,
5317,213,train,0.32499999999999996,25,0,0.01,0.74749,0.38322752714157104,,3.134012222290039,,,,
5342,214,train,-0.14166666666666677,25,0,0.01,0.7463025,0.059985458850860596,,3.0676522254943848,,,,
5367,215,train,-0.7416666666666668,25,0,0.01,0.745115,0.22981157898902893,,3.1561481952667236,,,,
5392,216,train,0.45833333333333337,25,0,0.01,0.7439275000000001,0.20384402573108673,,3.1577353477478027,,,,
5417,217,train,0.37499999999999983,25,0,0.01,0.74274,0.168486088514328,,3.308587074279785,,,,
5442,218,train,0.10000000000000003,25,0,0.01,0.7415525000000001,0.39312687516212463,,3.1934289932250977,,,,
5467,219,train,0.19166666666666676,25,0,0.01,0.740365,0.35994166135787964,,3.2254037857055664,,,,
5492,220,train,0.2499999999999999,25,0,0.01,0.7391775,0.7834645509719849,,3.2376604080200195,,,,
5517,221,train,-0.25833333333333336,25,0,0.01,0.73799,0.40200042724609375,,3.1986613273620605,,,,
5542,222,train,-0.12500000000000006,25,0,0.01,0.7368025,0.4418567419052124,,3.251802921295166,,,,
5567,223,train,-0.8500000000000002,25,0,0.01,0.735615,0.8304716348648071,,3.1256909370422363,,,,
5592,224,train,0.00833333333333325,25,0,0.01,0.7344275,0.376842737197876,,3.19643235206604,,,,
5617,225,train,0.19166666666666643,25,0,0.01,0.73324,0.8070938587188721,,3.507930278778076,,,,
5642,226,train,0.641666666666667,25,0,0.01,0.7320525,0.21507468819618225,,3.4971580505371094,,,,
5667,227,train,0.9166666666666666,25,0,0.01,0.7308650000000001,0.4242769777774811,,3.5680670738220215,,,,
5692,228,train,0.23333333333333328,25,0,0.01,0.7296775,0.049369554966688156,,3.4592092037200928,,,,
5717,229,train,0.9083333333333331,25,0,0.01,0.7284900000000001,0.17836110293865204,,3.5413658618927,,,,
5742,230,train,0.5,25,0,0.01,0.7273025,0.3837674558162689,,3.502025842666626,,,,
5767,231,train,-0.5416666666666666,25,0,0.01,0.7261150000000001,0.4956926107406616,,3.4706978797912598,,,,
5792,232,train,0.625,25,0,0.01,0.7249275000000001,0.4979907274246216,,3.4600071907043457,,,,
5817,233,train,-0.5750000000000001,25,0,0.01,0.72374,0.3026522994041443,,3.6721677780151367,,,,
5842,234,train,0.30833333333333335,25,0,0.01,0.7225525,0.8482792377471924,,3.5814895629882812,,,,
5867,235,train,1.5749999999999997,25,0,0.01,0.721365,0.7320095300674438,,3.5237834453582764,,,,
5892,236,train,0.1999999999999998,25,0,0.01,0.7201775,0.34764307737350464,,3.6397104263305664,,,,
5917,237,train,-1.3333333333333335,25,0,0.01,0.71899,0.7933419942855835,,3.84438157081604,,,,
5942,238,train,0.1999999999999998,25,0,0.01,0.7178025,0.6825969815254211,,3.6035637855529785,,,,
5967,239,train,1.3333333333333335,25,0,0.01,0.716615,0.4537244439125061,,3.5734455585479736,,,,
5992,240,train,0.05833333333333312,25,0,0.01,0.7154275000000001,0.21010735630989075,,3.6542415618896484,,,,
6017,241,train,0.775,25,0,0.01,0.71424,0.8265891075134277,,3.848392963409424,,,,
6042,242,train,-0.19166666666666674,25,0,0.01,0.7130525000000001,1.356216311454773,,3.98673152923584,,,,
6067,243,train,0.2416666666666667,25,0,0.01,0.711865,0.4590262770652771,,3.8775031566619873,,,,
6092,244,train,0.8750000000000001,25,0,0.01,0.7106775000000001,0.7405688762664795,,3.8149027824401855,,,,
6117,245,train,0.7916666666666669,25,0,0.01,0.70949,0.24254977703094482,,3.8648791313171387,,,,
6142,246,train,0.8666666666666666,25,0,0.01,0.7083025000000001,0.45021161437034607,,3.6666510105133057,,,,
6167,247,train,0.19999999999999996,25,0,0.01,0.7071149999999999,0.05857463553547859,,3.974663734436035,,,,
6192,248,train,0.6500000000000001,25,0,0.01,0.7059275,0.6757935881614685,,3.8922884464263916,,,,
6217,249,train,0.4916666666666667,25,0,0.01,0.7047399999999999,0.2738635540008545,,4.038793563842773,,,,
6242,250,train,1.3083333333333336,25,0,0.01,0.7035525,0.0782751739025116,,4.008457183837891,,,,
6267,251,train,-0.40000000000000013,25,0,0.01,0.702365,0.23894402384757996,,4.066522598266602,,,,
6292,252,train,0.13333333333333314,25,0,0.01,0.7011775,0.4684113562107086,,3.980560302734375,,,,
6317,253,train,0.31666666666666676,25,0,0.01,0.69999,0.8417494893074036,,3.969621181488037,,,,
6342,254,train,0.6583333333333334,25,0,0.01,0.6988025,0.7814871072769165,,3.8892064094543457,,,,
6367,255,train,1.1666666666666667,25,0,0.01,0.697615,0.7669191360473633,,4.011348724365234,,,,
6392,256,train,0.09999999999999992,25,0,0.01,0.6964275,0.8480819463729858,,3.892181396484375,,,,
6417,257,train,0.07499999999999994,25,0,0.01,0.6952400000000001,0.06530256569385529,,4.204327583312988,,,,
6442,258,train,0.30833333333333324,25,0,0.01,0.6940525,1.4095141887664795,,3.991494655609131,,,,
6467,259,train,0.8083333333333337,25,0,0.01,0.6928650000000001,0.5008939504623413,,4.179696083068848,,,,
6492,260,train,0.6333333333333334,25,0,0.01,0.6916775,0.0813295990228653,,4.253522872924805,,,,
6517,261,train,0.44166666666666665,25,0,0.01,0.69049,1.1149595975875854,,4.219590187072754,,,,
6542,262,train,0.06666666666666649,25,0,0.01,0.6893024999999999,0.6389079093933105,,4.141175746917725,,,,
6567,263,train,-0.2833333333333335,25,0,0.01,0.688115,0.5471750497817993,,4.182544231414795,,,,
6592,264,train,1.2916666666666665,25,0,0.0,0.6869275,0.550434947013855,,4.149212837219238,,,,
6617,265,train,0.3833333333333334,25,0,0.0,0.68574,1.1693758964538574,,4.230568885803223,,,,
6642,266,train,0.3416666666666666,25,0,0.0,0.6845525,1.0540374517440796,,4.332054138183594,,,,
6667,267,train,0.6666666666666665,25,0,0.0,0.683365,0.3258345127105713,,4.240754127502441,,,,
6692,268,train,0.9249999999999997,25,0,0.0,0.6821775,0.2609013319015503,,4.227241039276123,,,,
6717,269,train,0.6583333333333335,25,0,0.0,0.68099,0.12267138063907623,,4.352929592132568,,,,
6742,270,train,-0.5416666666666669,25,0,0.0,0.6798025,0.47886085510253906,,4.351126670837402,,,,
6767,271,train,1.05,25,0,0.0,0.678615,0.6641675233840942,,4.3346686363220215,,,,
6792,272,train,0.6499999999999998,25,0,0.0,0.6774275000000001,0.7167898416519165,,4.395476341247559,,,,
6817,273,train,1.1333333333333337,25,0,0.0,0.67624,1.4467289447784424,,4.426259994506836,,,,
6842,274,train,0.6583333333333331,25,0,0.0,0.6750525,0.38029956817626953,,4.358353614807129,,,,
6867,275,train,0.33333333333333326,25,0,0.0,0.673865,0.06648996472358704,,4.553664207458496,,,,
6892,276,train,1.0,25,0,0.0,0.6726775,0.3908505141735077,,4.424612998962402,,,,
6917,277,train,0.7000000000000001,25,0,0.0,0.67149,0.0875488668680191,,4.445859432220459,,,,
6942,278,train,0.9750000000000001,25,0,0.0,0.6703025,1.497743844985962,,4.457484245300293,,,,
6967,279,train,0.15833333333333321,25,0,0.0,0.669115,0.6931715607643127,,4.471799850463867,,,,
6992,280,train,0.6916666666666667,25,0,0.0,0.6679275,0.8943860530853271,,4.403738975524902,,,,
7017,281,train,0.3249999999999999,25,0,0.0,0.66674,0.397739440202713,,4.608709812164307,,,,
7042,282,train,0.2833333333333332,25,0,0.0,0.6655525,1.1808483600616455,,4.639759540557861,,,,
7067,283,train,0.024999999999999953,25,0,0.0,0.6643650000000001,0.12963032722473145,,4.531623840332031,,,,
7092,284,train,-0.008333333333333443,25,0,0.0,0.6631775,1.2890076637268066,,4.5343241691589355,,,,
7117,285,train,0.9499999999999998,25,0,0.0,0.6619900000000001,0.3420955538749695,,4.76564359664917,,,,
7142,286,train,-0.3416666666666669,25,0,0.0,0.6608025,1.035843014717102,,4.600494861602783,,,,
7167,287,train,-0.3500000000000002,25,0,0.0,0.6596150000000001,0.9565048217773438,,4.708266258239746,,,,
7192,288,train,0.04166666666666658,25,0,0.0,0.6584275,1.0568029880523682,,4.516331672668457,,,,
7217,289,train,0.7166666666666668,25,0,0.0,0.65724,0.6082826256752014,,4.673457145690918,,,,
7242,290,train,0.041666666666666734,25,0,0.0,0.6560525,1.0184326171875,,4.728127479553223,,,,
7267,291,train,0.7916666666666669,25,0,0.0,0.654865,0.3670574724674225,,4.698512554168701,,,,
7292,292,train,0.8333333333333334,25,0,0.0,0.6536775,0.5838314294815063,,4.648447513580322,,,,
7317,293,train,0.4583333333333332,25,0,0.0,0.65249,1.3696939945220947,,4.5073370933532715,,,,
7342,294,train,0.6333333333333335,25,0,0.0,0.6513025,1.4520081281661987,,4.612453460693359,,,,
7367,295,train,0.008333333333333304,25,0,0.0,0.650115,1.046827793121338,,4.792286396026611,,,,
7392,296,train,-0.4416666666666667,25,0,0.0,0.6489275000000001,1.2873446941375732,,4.699075698852539,,,,
7417,297,train,0.19999999999999984,25,0,0.0,0.64774,0.7136528491973877,,4.884528160095215,,,,
7442,298,train,0.9666666666666668,25,0,0.0,0.6465525000000001,1.973473310470581,,4.997782230377197,,,,
7467,299,train,-0.1416666666666667,25,0,0.0,0.645365,1.790830373764038,,4.950389862060547,,,,
7492,300,train,1.3249999999999995,25,0,0.0,0.6441775000000001,1.7831032276153564,,4.869390964508057,,,,
7492,300,eval,,,,,0.6441775000000001,,,,-0.37333333333333363,0.6249977777738273,0.0,25.0
7517,301,train,-0.33333333333333354,25,0,0.0,0.64299,1.1380627155303955,,4.929763317108154,,,,
7542,302,train,0.04999999999999988,25,0,0.0,0.6418025,1.355116844177246,,4.889553070068359,,,,
7567,303,train,-0.4916666666666667,25,0,0.0,0.6406149999999999,0.6038356423377991,,4.777139663696289,,,,
7592,304,train,0.5500000000000003,25,0,0.0,0.6394275,1.0081403255462646,,4.819272994995117,,,,
7617,305,train,0.09999999999999987,25,0,0.0,0.6382399999999999,0.8883310556411743,,4.927002906799316,,,,
7642,306,train,0.7000000000000001,25,0,0.0,0.6370525,1.5427873134613037,,5.066021919250488,,,,
7667,307,train,0.008333333333333236,25,0,0.0,0.6358650000000001,1.736417293548584,,5.068497657775879,,,,
7692,308,train,-0.55,25,0,0.0,0.6346775,1.259272575378418,,4.917482376098633,,,,
7717,309,train,-0.41666666666666674,25,0,0.0,0.6334900000000001,0.8474255800247192,,4.850022315979004,,,,
7742,310,train,-3.469446951953614e-17,25,0,0.0,0.6323025,2.6548173427581787,,4.864268779754639,,,,
7767,311,train,0.05000000000000004,25,0,0.0,0.6311150000000001,1.9733182191848755,,4.920022010803223,,,,
7792,312,train,-0.8999999999999998,25,0,0.0,0.6299275,0.8304322957992554,,4.877897262573242,,,,
7817,313,train,0.4083333333333333,25,0,0.0,0.6287400000000001,1.321975588798523,,5.317568302154541,,,,
7842,314,train,-0.4250000000000002,25,0,0.0,0.6275525,1.3409719467163086,,4.993923187255859,,,,
7867,315,train,0.07499999999999984,25,0,0.0,0.6263650000000001,0.054682664573192596,,5.230914115905762,,,,
7892,316,train,-0.4833333333333334,25,0,0.0,0.6251774999999999,1.0549671649932861,,5.023355960845947,,,,
7917,317,train,0.16666666666666669,25,0,0.0,0.62399,1.2161883115768433,,5.098377704620361,,,,
7942,318,train,0.27499999999999986,25,0,0.0,0.6228024999999999,0.46178364753723145,,5.202395915985107,,,,
7967,319,train,0.9333333333333337,25,0,0.0,0.621615,0.8115530014038086,,5.062602996826172,,,,
7992,320,train,0.29166666666666663,25,0,0.0,0.6204275,1.116075038909912,,5.092432498931885,,,,
8017,321,train,0.1916666666666667,25,0,0.0,0.61924,0.5836999416351318,,5.349352836608887,,,,
8042,322,train,0.4083333333333333,25,0,0.0,0.6180525,1.2231942415237427,,5.495357036590576,,,,
8067,323,train,-0.40833333333333344,25,0,0.0,0.616865,0.43437692523002625,,5.466519355773926,,,,
8092,324,train,-0.09166666666666677,25,0,0.0,0.6156775,0.5315728783607483,,5.34251594543457,,,,
8117,325,train,0.6583333333333333,25,0,0.0,0.61449,1.1678944826126099,,5.455018997192383,,,,
8142,326,train,-0.4,25,0,0.0,0.6133025,1.2862128019332886,,5.379213333129883,,,,
8167,327,train,-0.050000000000000135,25,0,0.0,0.612115,1.3294649124145508,,5.404784679412842,,,,
8192,328,train,-0.34166666666666673,25,0,0.0,0.6109275000000001,0.3915032744407654,,5.516144752502441,,,,
8217,329,train,-0.1583333333333334,25,0,0.0,0.60974,1.3667266368865967,,5.4289231300354,,,,
8242,330,train,0.10833333333333328,25,0,0.0,0.6085525,1.8191930055618286,,5.575989723205566,,,,
8267,331,train,-0.5833333333333333,25,0,0.0,0.607365,0.5820847749710083,,5.511640548706055,,,,
8292,332,train,-0.8083333333333336,25,0,0.0,0.6061775,1.5091562271118164,,5.539836883544922,,,,
8317,333,train,0.19999999999999996,25,0,0.0,0.60499,0.8107246160507202,,5.661554336547852,,,,
8342,334,train,-0.45000000000000007,25,0,0.0,0.6038025,1.3665528297424316,,5.5122880935668945,,,,
8367,335,train,-0.5500000000000002,25,0,0.0,0.602615,0.41007304191589355,,5.629329681396484,,,,
8392,336,train,0.3333333333333332,25,0,0.0,0.6014275,1.8566348552703857,,5.573806285858154,,,,
8417,337,train,-6.938893903907228e-17,25,0,0.0,0.60024,0.6457487344741821,,5.451249122619629,,,,
8442,338,train,-0.6416666666666669,25,0,0.0,0.5990525,0.9217256307601929,,5.322025299072266,,,,
8467,339,train,0.7416666666666666,25,0,0.0,0.5978650000000001,2.0192418098449707,,5.450902938842773,,,,
8492,340,train,0.06666666666666651,25,0,0.0,0.5966775,2.0404953956604004,,5.444418907165527,,,,
8517,341,train,-0.3583333333333334,25,0,0.0,0.5954900000000001,1.6777878999710083,,5.513155937194824,,,,
8542,342,train,-0.4583333333333336,25,0,0.0,0.5943025,0.9412280917167664,,5.666659832000732,,,,
8567,343,train,0.4083333333333333,25,0,0.0,0.5931150000000001,0.8919489979743958,,5.512012481689453,,,,
8592,344,train,0.1999999999999999,25,0,0.0,0.5919275,2.1067118644714355,,5.519778251647949,,,,
8617,345,train,0.13333333333333341,25,0,0.0,0.59074,1.0454010963439941,,5.65982723236084,,,,
8642,346,train,0.9083333333333334,25,0,0.0,0.5895525,2.158573865890503,,5.655233383178711,,,,
8667,347,train,-0.6916666666666668,25,0,0.0,0.588365,2.0634074211120605,,5.915553569793701,,,,
8692,348,train,-0.025000000000000064,25,0,0.0,0.5871775,2.1404776573181152,,5.8171515464782715,,,,
8717,349,train,0.28333333333333316,25,0,0.0,0.58599,1.6783913373947144,,5.634886741638184,,,,
8742,350,train,0.28333333333333327,25,0,0.0,0.5848025,0.8551300764083862,,5.563457489013672,,,,
8767,351,train,-0.4333333333333335,25,0,0.0,0.583615,0.8653697371482849,,5.6859564781188965,,,,
8792,352,train,-0.20833333333333337,25,0,0.0,0.5824275000000001,0.6573356986045837,,5.6414618492126465,,,,
8817,353,train,0.5333333333333334,25,0,0.0,0.58124,2.4247634410858154,,5.845836639404297,,,,
8842,354,train,0.07499999999999996,25,0,0.0,0.5800525000000001,1.1065205335617065,,5.929863452911377,,,,
8867,355,train,0.7000000000000001,25,0,0.0,0.578865,1.146222472190857,,5.830597877502441,,,,
8892,356,train,0.31666666666666654,25,0,0.0,0.5776775000000001,1.3461823463439941,,6.0573954582214355,,,,
8917,357,train,0.40833333333333327,25,0,0.0,0.5764900000000001,0.6901144981384277,,6.060485363006592,,,,
8942,358,train,1.433333333333333,25,0,0.0,0.5753025,2.059263229370117,,5.948892593383789,,,,
8967,359,train,0.08333333333333323,25,0,0.0,0.574115,1.1397724151611328,,5.765882968902588,,,,
8992,360,train,-0.3500000000000002,25,0,0.0,0.5729275,1.101770281791687,,5.966303825378418,,,,
9017,361,train,-0.07499999999999994,25,0,0.0,0.57174,2.1726715564727783,,5.974431037902832,,,,
9042,362,train,-0.5166666666666668,25,0,0.0,0.5705525,0.13065636157989502,,5.91843843460083,,,,
9067,363,train,0.1999999999999998,25,0,0.0,0.5693650000000001,1.6959104537963867,,5.876835823059082,,,,
9092,364,train,-0.5416666666666669,25,0,0.0,0.5681775,1.134982705116272,,6.112020015716553,,,,
9117,365,train,-0.21666666666666673,25,0,0.0,0.5669900000000001,1.7907497882843018,,5.97947883605957,,,,
9142,366,train,0.20833333333333315,25,0,0.0,0.5658025,1.6580283641815186,,5.982026100158691,,,,
9167,367,train,0.46666666666666673,25,0,0.0,0.5646150000000001,2.5184202194213867,,5.971839427947998,,,,
9192,368,train,-0.05833333333333334,25,0,0.0,0.5634275,1.5378483533859253,,6.051752090454102,,,,
9217,369,train,0.37499999999999994,25,0,0.0,0.5622400000000001,1.8598378896713257,,6.003207683563232,,,,
9242,370,train,0.45000000000000007,25,0,0.0,0.5610525,1.1255784034729004,,6.033681869506836,,,,
9267,371,train,0.43333333333333346,25,0,0.0,0.5598650000000001,1.8408620357513428,,5.992253303527832,,,,
9292,372,train,-2.42861286636753e-17,25,0,0.0,0.5586774999999999,0.6291875839233398,,6.016503810882568,,,,
9317,373,train,-0.02499999999999994,25,0,0.0,0.55749,1.176666498184204,,6.111931800842285,,,,
9342,374,train,0.7,25,0,0.0,0.5563024999999999,2.004310131072998,,6.111457824707031,,,,
9367,375,train,0.20833333333333326,25,0,0.0,0.555115,1.6295267343521118,,6.3064284324646,,,,
9392,376,train,0.24166666666666659,25,0,0.0,0.5539275,0.14288027584552765,,6.182272911071777,,,,
9417,377,train,0.08333333333333325,25,0,0.0,0.55274,3.208381175994873,,6.00607967376709,,,,
9442,378,train,0.19166666666666654,25,0,0.0,0.5515525,1.9235501289367676,,6.098541259765625,,,,
9467,379,train,-0.42500000000000016,25,0,0.0,0.550365,3.0102903842926025,,6.105108261108398,,,,
9492,380,train,0.5333333333333337,25,0,0.0,0.5491775,1.123684048652649,,5.940524578094482,,,,
9517,381,train,-0.16666666666666685,25,0,0.0,0.54799,2.3237833976745605,,6.025032997131348,,,,
9542,382,train,-0.08333333333333334,25,0,0.0,0.5468025000000001,1.5905184745788574,,6.151716232299805,,,,
9567,383,train,-0.10000000000000003,25,0,0.0,0.545615,0.5766729712486267,,6.1673994064331055,,,,
9592,384,train,0.3666666666666667,25,0,0.0,0.5444275000000001,0.15404637157917023,,6.052495002746582,,,,
9617,385,train,0.3749999999999999,25,0,0.0,0.54324,1.3863755464553833,,6.1507391929626465,,,,
9642,386,train,-0.10833333333333328,25,0,0.0,0.5420525,3.7243964672088623,,5.9892191886901855,,,,
9667,387,train,-0.6250000000000001,25,0,0.0,0.540865,1.5598790645599365,,6.024758815765381,,,,
9692,388,train,0.7750000000000001,25,0,0.0,0.5396775,0.24707837402820587,,5.885154724121094,,,,
9717,389,train,0.04166666666666668,25,0,0.0,0.53849,3.2995429039001465,,5.913570404052734,,,,
9742,390,train,1.233333333333333,25,0,0.0,0.5373025,0.7515419125556946,,5.988133430480957,,,,
9767,391,train,-0.1,25,0,0.0,0.536115,2.161341428756714,,6.144330978393555,,,,
9792,392,train,-0.4083333333333334,25,0,0.0,0.5349275,1.1904628276824951,,6.060540199279785,,,,
9817,393,train,-0.05000000000000008,25,0,0.0,0.53374,2.010310173034668,,6.3170552253723145,,,,
9842,394,train,-0.25833333333333347,25,0,0.0,0.5325525,0.7258184552192688,,6.205824851989746,,,,
9867,395,train,0.5166666666666665,25,0,0.0,0.5313650000000001,2.5799665451049805,,6.181876182556152,,,,
9892,396,train,0.21666666666666662,25,0,0.0,0.5301775,3.1270132064819336,,6.292149066925049,,,,
9917,397,train,0.7916666666666667,25,0,0.0,0.5289900000000001,1.9163362979888916,,6.431901454925537,,,,
9942,398,train,0.541666666666667,25,0,0.0,0.5278025,1.1088459491729736,,6.277982711791992,,,,
9967,399,train,0.3583333333333331,25,0,0.0,0.526615,1.304361343383789,,6.24554443359375,,,,
9979,400,train,2.663333333333333,12,1,0.01,0.526045,2.7520952224731445,,6.276013374328613,,,,
9979,400,eval,,,,,0.526045,,,,-0.39041666666666686,0.6586880637128458,0.0,25.0
10004,401,train,-1.2000000000000002,25,0,0.01,0.5248575,2.5175819396972656,,6.125032424926758,,,,
10029,402,train,0.9083333333333333,25,0,0.01,0.5236700000000001,3.3409461975097656,,6.246046543121338,,,,
10054,403,train,-0.44166666666666676,25,0,0.01,0.5224825,1.5980141162872314,,6.080844879150391,,,,
10079,404,train,0.7999999999999998,25,0,0.01,0.5212950000000001,1.7174851894378662,,6.151218414306641,,,,
10104,405,train,-0.2749999999999999,25,0,0.01,0.5201075000000001,0.9225320816040039,,6.269721031188965,,,,
10129,406,train,0.25000000000000006,25,0,0.01,0.51892,1.8972347974777222,,6.3519792556762695,,,,
10154,407,train,-0.04999999999999999,25,0,0.01,0.5177324999999999,0.7221948504447937,,6.28876256942749,,,,
10179,408,train,-0.04166666666666666,25,0,0.01,0.516545,0.699183464050293,,6.227325439453125,,,,
10204,409,train,0.0666666666666665,25,0,0.01,0.5153575,0.6995179057121277,,6.429074287414551,,,,
10229,410,train,-0.5499999999999998,25,0,0.01,0.51417,2.57722806930542,,6.595329761505127,,,,
10254,411,train,0.008333333333333331,25,0,0.01,0.5129824999999999,0.7181136012077332,,6.505165100097656,,,,
10279,412,train,0.049999999999999954,25,0,0.01,0.511795,0.4742507338523865,,6.43632698059082,,,,
10304,413,train,-0.08333333333333336,25,0,0.01,0.5106075000000001,1.5628262758255005,,6.48990535736084,,,,
10329,414,train,-0.775,25,0,0.01,0.50942,1.7866828441619873,,6.265530586242676,,,,
10354,415,train,0.11666666666666661,25,0,0.01,0.5082325,1.5289499759674072,,6.188477516174316,,,,
10379,416,train,-0.41666666666666685,25,0,0.01,0.507045,2.3732755184173584,,6.334924221038818,,,,
10404,417,train,0.2083333333333332,25,0,0.01,0.5058575000000001,0.1980038583278656,,6.430992126464844,,,,
10429,418,train,1.4000000000000001,25,0,0.01,0.5046700000000001,3.7923660278320312,,6.381009101867676,,,,
10454,419,train,-0.49166666666666675,25,0,0.01,0.5034825,0.5883985161781311,,6.631141662597656,,,,
10479,420,train,0.3666666666666667,25,0,0.01,0.5022949999999999,0.6715444326400757,,6.337252140045166,,,,
10504,421,train,0.08333333333333337,25,0,0.01,0.5011075,0.46548038721084595,,6.587715148925781,,,,
10529,422,train,1.333333333333333,25,0,0.01,0.49992000000000003,1.7801454067230225,,6.391902923583984,,,,
10554,423,train,-0.25000000000000006,25,0,0.01,0.4987325,1.7798354625701904,,6.43099308013916,,,,
10579,424,train,0.1333333333333332,25,0,0.01,0.497545,2.0533499717712402,,6.4561262130737305,,,,
10604,425,train,-0.5166666666666667,25,0,0.01,0.4963575,1.0915669202804565,,6.527034282684326,,,,
10629,426,train,-0.050000000000000114,25,0,0.01,0.49517,0.5192868709564209,,6.601321220397949,,,,
10654,427,train,-0.11666666666666678,25,0,0.01,0.4939825000000001,0.8369584083557129,,6.551383018493652,,,,
10679,428,train,0.28333333333333327,25,0,0.01,0.492795,2.300729751586914,,6.637201309204102,,,,
10704,429,train,-0.03333333333333344,25,0,0.01,0.4916075,1.914623737335205,,6.414135932922363,,,,
10729,430,train,0.7333333333333334,25,0,0.01,0.4904200000000001,2.975259780883789,,6.654695987701416,,,,
10754,431,train,0.04166666666666664,25,0,0.01,0.48923250000000007,2.677283525466919,,6.489948272705078,,,,
10779,432,train,0.1666666666666666,25,0,0.01,0.48804499999999995,0.8168803453445435,,6.33436393737793,,,,
10804,433,train,0.33333333333333337,25,0,0.01,0.48685750000000005,1.9848326444625854,,6.76990270614624,,,,
10829,434,train,0.29999999999999993,25,0,0.01,0.48567000000000005,2.3614680767059326,,6.83114767074585,,,,
10854,435,train,0.5499999999999997,25,0,0.01,0.48448250000000004,2.1845993995666504,,6.912346839904785,,,,
10879,436,train,0.8333333333333334,25,0,0.01,0.48329500000000003,1.786959171295166,,6.680270195007324,,,,
10904,437,train,0.20833333333333331,25,0,0.01,0.4821075,0.704969584941864,,6.597807884216309,,,,
10929,438,train,-0.4833333333333335,25,0,0.01,0.48092,4.459591865539551,,6.656898021697998,,,,
10938,439,train,2.618333333333333,9,1,0.02,0.4804925000000001,3.0421578884124756,,6.784305572509766,,,,
10963,440,train,-0.6416666666666668,25,0,0.02,0.479305,2.3033218383789062,,6.666136741638184,,,,
10988,441,train,0.5583333333333338,25,0,0.02,0.4781175,0.9302057027816772,,6.500723838806152,,,,
11013,442,train,0.033333333333333284,25,0,0.02,0.4769300000000001,0.8581415414810181,,7.08627462387085,,,,
11038,443,train,0.3583333333333332,25,0,0.02,0.47574250000000007,2.1350455284118652,,6.839231491088867,,,,
11063,444,train,0.008333333333333165,25,0,0.02,0.47455499999999995,2.118509292602539,,6.965476989746094,,,,
11088,445,train,-0.7583333333333335,25,0,0.02,0.47336750000000005,3.7045655250549316,,6.762546539306641,,,,
11113,446,train,0.09999999999999992,25,0,0.02,0.47218000000000004,2.2888777256011963,,6.991800308227539,,,,
11138,447,train,-0.33333333333333354,25,0,0.02,0.47099250000000004,2.4560718536376953,,7.091422080993652,,,,
11163,448,train,0.16666666666666646,25,0,0.02,0.46980500000000003,1.5921192169189453,,7.0174360275268555,,,,
11188,449,train,-0.28333333333333327,25,0,0.02,0.4686175,1.2460287809371948,,6.933754920959473,,,,
11213,450,train,0.14999999999999986,25,0,0.02,0.46743,3.60117769241333,,6.868570327758789,,,,
11238,451,train,-0.8583333333333334,25,0,0.02,0.4662425000000001,3.867638111114502,,7.162517547607422,,,,
11263,452,train,0.07499999999999984,25,0,0.02,0.465055,4.875919342041016,,6.944189548492432,,,,
11288,453,train,-0.7833333333333334,25,0,0.02,0.4638675,4.045346260070801,,7.040179252624512,,,,
11313,454,train,-0.15833333333333344,25,0,0.02,0.46268,2.7438087463378906,,7.004757404327393,,,,
11338,455,train,-0.4583333333333335,25,0,0.02,0.4614925000000001,2.989100456237793,,7.0475969314575195,,,,
11363,456,train,-0.5000000000000001,25,0,0.02,0.46030499999999996,0.9445712566375732,,7.091006755828857,,,,
11388,457,train,-0.38333333333333336,25,0,0.02,0.45911749999999996,1.624423623085022,,6.969956398010254,,,,
11413,458,train,0.0583333333333331,25,0,0.02,0.45793000000000006,1.003008246421814,,7.352858543395996,,,,
11438,459,train,-0.3,25,0,0.02,0.45674250000000005,4.841586589813232,,7.0855536460876465,,,,
11463,460,train,-0.4583333333333335,25,0,0.02,0.45555499999999993,1.5265635251998901,,7.018149375915527,,,,
11488,461,train,-0.05833333333333337,25,0,0.02,0.45436750000000004,1.5647869110107422,,7.022734642028809,,,,
11513,462,train,-0.058333333333333355,25,0,0.02,0.45318,0.8181162476539612,,7.1620259284973145,,,,
11538,463,train,0.12499999999999978,25,0,0.02,0.4519925,2.939723491668701,,6.82667875289917,,,,
11563,464,train,0.9416666666666664,25,0,0.02,0.4508050000000001,1.7914962768554688,,7.067246437072754,,,,
11588,465,train,0.49166666666666675,25,0,0.02,0.4496175,2.162127733230591,,7.174543857574463,,,,
11613,466,train,0.016666666666666635,25,0,0.02,0.44843,4.793287754058838,,7.207059383392334,,,,
11638,467,train,-0.016666666666666767,25,0,0.02,0.4472425000000001,1.3934165239334106,,7.095325469970703,,,,
11663,468,train,-0.7250000000000001,25,0,0.02,0.4460550000000001,4.21701717376709,,7.083221435546875,,,,
11688,469,train,0.8750000000000001,25,0,0.02,0.44486749999999997,3.060913562774658,,6.739056587219238,,,,
11713,470,train,-0.65,25,0,0.02,0.44367999999999996,2.959843873977661,,7.029588222503662,,,,
11738,471,train,-0.4916666666666667,25,0,0.02,0.44249250000000007,3.448052167892456,,7.214714527130127,,,,
11763,472,train,-0.5666666666666668,25,0,0.02,0.44130500000000006,2.6452269554138184,,7.046456336975098,,,,
11788,473,train,-0.45,25,0,0.02,0.44011749999999994,0.8817884922027588,,7.176167011260986,,,,
11813,474,train,0.8666666666666665,25,0,0.02,0.43893000000000004,2.748039484024048,,7.416848659515381,,,,
11838,475,train,-0.2500000000000001,25,0,0.02,0.43774250000000003,3.186110496520996,,7.277289390563965,,,,
11863,476,train,-0.30000000000000004,25,0,0.02,0.436555,4.325201511383057,,7.341509819030762,,,,
11888,477,train,0.6166666666666665,25,0,0.02,0.4353675,1.986446499824524,,7.272377014160156,,,,
11913,478,train,-0.3833333333333335,25,0,0.02,0.43418,0.73393315076828,,7.399055004119873,,,,
11938,479,train,-0.6416666666666667,25,0,0.02,0.4329925,1.2344915866851807,,7.376633167266846,,,,
11963,480,train,-0.35000000000000014,25,0,0.02,0.4318050000000001,5.076850414276123,,7.365506649017334,,,,
11988,481,train,-0.46666666666666684,25,0,0.02,0.4306175,0.9845179319381714,,7.495657444000244,,,,
12013,482,train,-0.3916666666666668,25,0,0.02,0.42943,1.0625250339508057,,7.572544097900391,,,,
12038,483,train,-0.8500000000000002,25,0,0.02,0.4282425000000001,3.1259450912475586,,7.401915550231934,,,,
12063,484,train,-0.41666666666666685,25,0,0.02,0.4270550000000001,1.8903779983520508,,7.555351257324219,,,,
12088,485,train,-1.4333333333333333,25,0,0.02,0.42586749999999995,2.2652835845947266,,7.228585243225098,,,,
12113,486,train,0.23333333333333323,25,0,0.02,0.42467999999999995,1.5600454807281494,,7.5478644371032715,,,,
12138,487,train,-0.49166666666666675,25,0,0.02,0.42349250000000005,1.7476974725723267,,7.659246444702148,,,,
12163,488,train,0.1833333333333334,25,0,0.02,0.42230500000000004,1.052722454071045,,7.558627605438232,,,,
12188,489,train,-0.2666666666666668,25,0,0.02,0.42111750000000003,3.7166192531585693,,7.509481430053711,,,,
12213,490,train,-0.6583333333333334,25,0,0.02,0.41993,1.312592625617981,,7.70936393737793,,,,
12238,491,train,0.008333333333333227,25,0,0.02,0.4187425,2.8649840354919434,,7.774342060089111,,,,
12263,492,train,-0.5583333333333335,25,0,0.02,0.417555,2.7137293815612793,,7.722290992736816,,,,
12288,493,train,-0.050000000000000135,25,0,0.02,0.4163675000000001,2.681654453277588,,7.914615631103516,,,,
12313,494,train,-0.3416666666666668,25,0,0.02,0.41518,2.2530124187469482,,7.739376068115234,,,,
12338,495,train,0.08333333333333329,25,0,0.02,0.4139925,2.1525192260742188,,7.703385353088379,,,,
12363,496,train,-0.7083333333333335,25,0,0.02,0.4128050000000001,0.1266767978668213,,7.949836730957031,,,,
12388,497,train,0.06666666666666664,25,0,0.02,0.4116175000000001,3.829303741455078,,7.9092793464660645,,,,
12413,498,train,-0.19166666666666662,25,0,0.02,0.41042999999999996,2.760622978210449,,7.543528079986572,,,,
12438,499,train,-2.05,25,0,0.02,0.40924250000000006,3.491421699523926,,7.556815147399902,,,,
12463,500,train,0.7083333333333333,25,0,0.01,0.40805500000000006,4.774578094482422,,7.858495712280273,,,,
12463,500,eval,,,,,0.40805500000000006,,,,-0.32625000000000026,0.5885733398556964,0.0,25.0
12488,501,train,-0.7666666666666668,25,0,0.01,0.40686750000000005,3.1898930072784424,,7.741109371185303,,,,
12513,502,train,-0.04166666666666667,25,0,0.01,0.40568000000000004,2.5728752613067627,,7.775494575500488,,,,
12538,503,train,-0.16666666666666666,25,0,0.01,0.40449250000000003,7.260457515716553,,7.817787170410156,,,,
12563,504,train,0.7500000000000006,25,0,0.01,0.403305,2.9642996788024902,,7.755425453186035,,,,
12588,505,train,-0.025000000000000078,25,0,0.01,0.4021175,2.754021644592285,,7.616856575012207,,,,
12613,506,train,-0.2666666666666667,25,0,0.01,0.40093,2.532228946685791,,7.695937633514404,,,,
12638,507,train,-0.04166666666666682,25,0,0.01,0.3997425,1.743944525718689,,7.614704132080078,,,,
12663,508,train,-0.29166666666666674,25,0,0.01,0.398555,2.622230052947998,,7.895208358764648,,,,
12688,509,train,-0.5333333333333333,25,0,0.01,0.3973675000000001,3.8722314834594727,,7.833501815795898,,,,
12713,510,train,-0.18333333333333335,25,0,0.01,0.39618,1.7318370342254639,,7.866364479064941,,,,
12738,511,train,0.525,25,0,0.01,0.39499249999999997,0.11281035095453262,,7.849580764770508,,,,
12763,512,train,-0.2916666666666667,25,0,0.01,0.39380500000000007,4.971236228942871,,7.515119552612305,,,,
12788,513,train,-0.9333333333333335,25,0,0.01,0.39261750000000006,3.4458916187286377,,7.736118316650391,,,,
12813,514,train,-0.5000000000000001,25,0,0.01,0.39143000000000006,3.0510497093200684,,8.05696964263916,,,,
12838,515,train,-0.04166666666666669,25,0,0.01,0.39024250000000005,2.68420147895813,,8.1725492477417,,,,
12863,516,train,-0.37500000000000017,25,0,0.01,0.38905500000000004,5.311407089233398,,7.691361427307129,,,,
12888,517,train,-0.7916666666666667,25,0,0.01,0.38786750000000003,1.378796100616455,,7.806231498718262,,,,
12913,518,train,0.5250000000000001,25,0,0.01,0.38668,2.9612696170806885,,7.851513862609863,,,,
12938,519,train,0.27500000000000013,25,0,0.01,0.3854925,1.6754273176193237,,8.094852447509766,,,,
12963,520,train,0.1416666666666666,25,0,0.01,0.384305,3.178849458694458,,8.064872741699219,,,,
12988,521,train,-0.40833333333333344,25,0,0.01,0.3831175,1.2130147218704224,,7.921101093292236,,,,
13013,522,train,0.10833333333333325,25,0,0.01,0.3819300000000001,3.949122428894043,,7.819766044616699,,,,
13038,523,train,0.1416666666666665,25,0,0.01,0.3807425,1.119836688041687,,8.128077507019043,,,,
13063,524,train,-0.4833333333333335,25,0,0.01,0.379555,1.1371650695800781,,8.007269859313965,,,,
13088,525,train,0.4250000000000002,25,0,0.01,0.3783675000000001,1.1422529220581055,,7.864851474761963,,,,
13113,526,train,-0.025000000000000105,25,0,0.01,0.37718000000000007,6.567228317260742,,8.022747993469238,,,,
13138,527,train,0.42499999999999993,25,0,0.01,0.37599249999999995,2.4512882232666016,,7.891843795776367,,,,
13163,528,train,-0.25000000000000017,25,0,0.01,0.37480500000000005,4.440512657165527,,7.9433441162109375,,,,
13188,529,train,-0.6000000000000002,25,0,0.01,0.37361750000000005,5.065110683441162,,8.183694839477539,,,,
13213,530,train,0.15833333333333321,25,0,0.01,0.37243000000000004,4.5058770179748535,,7.799832344055176,,,,
13238,531,train,0.2166666666666665,25,0,0.01,0.37124250000000003,4.064484596252441,,7.844464302062988,,,,
13263,532,train,-0.016666666666666788,25,0,0.01,0.370055,3.167625904083252,,7.364466667175293,,,,
13288,533,train,0.23333333333333328,25,0,0.01,0.3688675,2.4356813430786133,,7.826138496398926,,,,
13313,534,train,-0.1166666666666667,25,0,0.01,0.36768,1.857328176498413,,7.551330089569092,,,,
13338,535,train,-0.14999999999999994,25,0,0.01,0.3664925,3.044031858444214,,7.5156941413879395,,,,
13363,536,train,-0.07500000000000014,25,0,0.01,0.365305,3.535090446472168,,7.572609901428223,,,,
13388,537,train,-0.041666666666666685,25,0,0.01,0.3641175,3.1223437786102295,,7.948716640472412,,,,
13413,538,train,-0.8333333333333338,25,0,0.01,0.3629300000000001,2.74714732170105,,7.642375946044922,,,,
13438,539,train,0.7083333333333335,25,0,0.0,0.3617425000000001,2.1073451042175293,,7.617077827453613,,,,
13463,540,train,0.016666666666666642,25,0,0.0,0.36055499999999996,1.9755024909973145,,7.441538333892822,,,,
13488,541,train,0.3916666666666669,25,0,0.0,0.35936750000000006,3.3826842308044434,,7.340617656707764,,,,
13513,542,train,-0.4583333333333335,25,0,0.0,0.35818000000000005,1.4789454936981201,,7.540106773376465,,,,
13538,543,train,-0.07499999999999998,25,0,0.0,0.35699250000000005,1.8428782224655151,,7.610814094543457,,,,
13563,544,train,0.024999999999999814,25,0,0.0,0.35580500000000004,1.7931427955627441,,7.786585807800293,,,,
13588,545,train,-0.01666666666666674,25,0,0.0,0.35461750000000003,0.9667818546295166,,7.650249481201172,,,,
13613,546,train,-0.3000000000000001,25,0,0.0,0.35343,2.3492016792297363,,7.665806770324707,,,,
13638,547,train,0.01666666666666665,25,0,0.0,0.3522425000000001,1.7854032516479492,,7.911498546600342,,,,
13663,548,train,0.49166666666666686,25,0,0.0,0.351055,0.977385401725769,,7.817285537719727,,,,
13688,549,train,-0.55,25,0,0.0,0.3498675,3.916431427001953,,7.825440883636475,,,,
13713,550,train,-1.1333333333333335,25,0,0.0,0.34868,1.1566731929779053,,7.574322700500488,,,,
13738,551,train,-0.14166666666666666,25,0,0.0,0.3474925000000001,2.5160298347473145,,7.718654632568359,,,,
13763,552,train,0.21666666666666662,25,0,0.0,0.346305,0.8004962205886841,,7.633434772491455,,,,
13788,553,train,0.2916666666666668,25,0,0.0,0.34511749999999997,2.02531361579895,,7.481821060180664,,,,
13813,554,train,0.9416666666666667,25,0,0.0,0.34393000000000007,3.222583055496216,,8.04360580444336,,,,
13838,555,train,0.566666666666667,25,0,0.0,0.34274250000000006,1.2410521507263184,,7.813678741455078,,,,
13863,556,train,0.04166666666666664,25,0,0.0,0.34155499999999994,4.4020562171936035,,7.574422836303711,,,,
13888,557,train,-0.29166666666666685,25,0,0.0,0.34036750000000005,1.852527141571045,,7.6374664306640625,,,,
13913,558,train,0.8916666666666667,25,0,0.0,0.33918000000000004,4.86783504486084,,7.8359174728393555,,,,
13938,559,train,-0.016666666666666788,25,0,0.0,0.33799250000000003,3.063190460205078,,7.889594078063965,,,,
13963,560,train,-0.09999999999999998,25,0,0.0,0.336805,2.830284357070923,,7.8130035400390625,,,,
13988,561,train,0.08333333333333334,25,0,0.0,0.3356175,2.2113640308380127,,7.704226493835449,,,,
14013,562,train,-0.8916666666666667,25,0,0.0,0.33443,1.9358656406402588,,7.792773723602295,,,,
14038,563,train,0.9916666666666665,25,0,0.0,0.3332425000000001,0.3412513732910156,,7.851883888244629,,,,
14063,564,train,0.008333333333333292,25,0,0.0,0.3320550000000001,2.12534499168396,,7.833755016326904,,,,
14088,565,train,0.8749999999999999,25,0,0.0,0.3308675,4.496226787567139,,7.911783218383789,,,,
14113,566,train,0.08333333333333322,25,0,0.0,0.32968,2.7850515842437744,,7.838325500488281,,,,
14138,567,train,0.2083333333333334,25,0,0.0,0.3284925000000001,1.9018621444702148,,7.915801525115967,,,,
14163,568,train,0.041666666666666706,25,0,0.0,0.32730500000000007,0.8304005265235901,,8.086328506469727,,,,
14188,569,train,-0.07500000000000008,25,0,0.0,0.32611749999999995,1.0218358039855957,,7.742038249969482,,,,
14213,570,train,-0.7999999999999998,25,0,0.0,0.32493000000000005,1.801630973815918,,7.960965156555176,,,,
14238,571,train,0.7500000000000001,25,0,0.0,0.32374250000000004,1.230246901512146,,7.61321496963501,,,,
14263,572,train,-0.32500000000000007,25,0,0.0,0.32255500000000004,2.0660738945007324,,7.992434501647949,,,,
14288,573,train,0.6499999999999999,25,0,0.0,0.32136750000000003,2.7891054153442383,,7.794943809509277,,,,
14313,574,train,-0.1916666666666667,25,0,0.0,0.32018,0.14526310563087463,,7.978953838348389,,,,
14338,575,train,-0.20833333333333334,25,0,0.0,0.3189925,2.131997585296631,,7.929470539093018,,,,
14363,576,train,0.15833333333333338,25,0,0.0,0.3178050000000001,4.350139141082764,,7.87664270401001,,,,
14388,577,train,-0.05833333333333331,25,0,0.0,0.3166175,1.0959593057632446,,8.083703994750977,,,,
14413,578,train,-0.23333333333333345,25,0,0.0,0.31543,0.18293720483779907,,7.825065612792969,,,,
14438,579,train,0.04166666666666658,25,0,0.0,0.3142425000000001,3.8443470001220703,,8.024372100830078,,,,
14463,580,train,0.24999999999999983,25,0,0.0,0.3130550000000001,3.087697982788086,,7.917379379272461,,,,
14488,581,train,-0.5416666666666669,25,0,0.0,0.31186749999999996,5.039597988128662,,7.799233436584473,,,,
14513,582,train,0.6333333333333334,25,0,0.0,0.31067999999999996,3.338696002960205,,7.872528553009033,,,,
14538,583,train,0.4833333333333334,25,0,0.0,0.30949250000000006,0.864676833152771,,7.915700912475586,,,,
14563,584,train,-0.43333333333333346,25,0,0.0,0.30830500000000005,1.87522554397583,,7.9121856689453125,,,,
14588,585,train,-0.34166666666666673,25,0,0.0,0.30711749999999993,2.2274742126464844,,7.833644866943359,,,,
14613,586,train,0.17500000000000002,25,0,0.0,0.30593000000000004,1.9905849695205688,,7.692188262939453,,,,
14638,587,train,0.4666666666666666,25,0,0.0,0.3047425,0.9175214767456055,,8.021839141845703,,,,
14663,588,train,-0.175,25,0,0.0,0.303555,2.8074324131011963,,7.4952239990234375,,,,
14688,589,train,-0.31666666666666665,25,0,0.0,0.3023675000000001,3.5023155212402344,,7.545773506164551,,,,
14713,590,train,-0.05833333333333346,25,0,0.0,0.30118,3.8803141117095947,,7.600160121917725,,,,
14738,591,train,-1.0583333333333336,25,0,0.0,0.2999925,2.881035804748535,,7.81201171875,,,,
14763,592,train,0.11666666666666661,25,0,0.0,0.2988050000000001,1.7140872478485107,,7.621625900268555,,,,
14788,593,train,0.24999999999999978,25,0,0.0,0.2976175000000001,1.114811658859253,,7.831544876098633,,,,
14801,594,train,2.6783333333333337,13,1,0.01,0.29700000000000004,2.0866332054138184,,7.560973644256592,,,,
14826,595,train,-0.21666666666666662,25,0,0.01,0.29581250000000003,0.9853147268295288,,7.532926559448242,,,,
14851,596,train,0.07499999999999991,25,0,0.01,0.294625,1.9474053382873535,,7.7794647216796875,,,,
14876,597,train,1.075,25,0,0.01,0.2934375,1.7712029218673706,,7.745575904846191,,,,
14901,598,train,1.5333333333333337,25,0,0.01,0.29225,2.9453914165496826,,7.950601100921631,,,,
14926,599,train,0.24166666666666647,25,0,0.01,0.2910625000000001,2.7694129943847656,,7.495923042297363,,,,
14951,600,train,0.8749999999999998,25,0,0.01,0.289875,1.1267317533493042,,7.390033721923828,,,,
14951,600,eval,,,,,0.289875,,,,-0.04583333333333346,0.48504366928258247,0.0,25.0
14976,601,train,-0.5166666666666668,25,0,0.01,0.2886875,1.7223927974700928,,7.60356330871582,,,,
15001,602,train,0.22499999999999992,25,0,0.01,0.2875000000000001,4.00633430480957,,7.582395553588867,,,,
15026,603,train,-0.06666666666666682,25,0,0.01,0.2863125000000001,2.902930974960327,,7.641782760620117,,,,
15051,604,train,0.12499999999999994,25,0,0.01,0.2851250000000001,2.992248296737671,,7.698990821838379,,,,
15076,605,train,-0.55,25,0,0.01,0.28393749999999995,3.384688377380371,,7.692062854766846,,,,
15101,606,train,-0.008333333333333356,25,0,0.01,0.28275000000000006,1.1866004467010498,,7.538087368011475,,,,
15126,607,train,0.5750000000000003,25,0,0.01,0.28156250000000005,0.2607160210609436,,7.521020412445068,,,,
15151,608,train,-0.65,25,0,0.01,0.28037500000000004,2.310495138168335,,7.756229400634766,,,,
15176,609,train,1.333333333333333,25,0,0.01,0.27918750000000003,3.0082225799560547,,7.629663467407227,,,,
15201,610,train,0.7833333333333333,25,0,0.01,0.278,1.1830904483795166,,7.711463451385498,,,,
15213,611,train,2.671666666666667,12,1,0.02,0.27742999999999995,5.163710117340088,,7.731732368469238,,,,
15238,612,train,0.04166666666666654,25,0,0.02,0.27624250000000006,5.991283893585205,,7.480538368225098,,,,
15263,613,train,0.2499999999999999,25,0,0.02,0.27505500000000005,0.8660411834716797,,7.560644626617432,,,,
15288,614,train,0.3083333333333333,25,0,0.02,0.27386750000000004,1.819802165031433,,7.39042329788208,,,,
15313,615,train,0.42499999999999993,25,0,0.02,0.27268000000000003,2.0313010215759277,,7.473265647888184,,,,
15338,616,train,-0.25000000000000006,25,0,0.02,0.2714925,1.829592227935791,,7.655756950378418,,,,
15363,617,train,-0.3250000000000002,25,0,0.02,0.270305,1.8830845355987549,,7.41834831237793,,,,
15388,618,train,-0.6000000000000001,25,0,0.02,0.2691175,4.056618690490723,,7.314826488494873,,,,
15413,619,train,0.13333333333333341,25,0,0.02,0.2679300000000001,0.7994784712791443,,7.639571189880371,,,,
15438,620,train,-0.30833333333333346,25,0,0.02,0.2667425,2.777822256088257,,7.737845420837402,,,,
15463,621,train,-0.5666666666666668,25,0,0.02,0.265555,2.117526054382324,,7.393314361572266,,,,
15488,622,train,-0.15000000000000008,25,0,0.02,0.2643675000000001,1.6747251749038696,,7.622786045074463,,,,
15513,623,train,0.24166666666666653,25,0,0.02,0.2631800000000001,4.444930553436279,,7.6294965744018555,,,,
15538,624,train,-0.42500000000000016,25,0,0.02,0.26199249999999996,2.960214138031006,,7.508159160614014,,,,
15563,625,train,-0.5750000000000001,25,0,0.02,0.26080500000000006,3.888026714324951,,7.671706676483154,,,,
15588,626,train,-0.6083333333333335,25,0,0.02,0.25961750000000006,1.9119784832000732,,7.626039981842041,,,,
15613,627,train,-0.4333333333333335,25,0,0.02,0.25843000000000005,0.34033021330833435,,7.5561299324035645,,,,
15638,628,train,0.15833333333333352,25,0,0.02,0.25724250000000004,1.7530043125152588,,7.503823757171631,,,,
15663,629,train,0.9999999999999998,25,0,0.02,0.25605500000000003,2.460707187652588,,7.712646007537842,,,,
15688,630,train,0.7750000000000001,25,0,0.02,0.2548675,1.209712028503418,,7.6593475341796875,,,,
15713,631,train,0.3749999999999999,25,0,0.02,0.25368,4.401220321655273,,7.664729595184326,,,,
15738,632,train,0.6499999999999999,25,0,0.02,0.2524925,1.0159696340560913,,7.5450592041015625,,,,
15763,633,train,0.01666666666666662,25,0,0.02,0.251305,1.8514854907989502,,7.554825782775879,,,,
15788,634,train,0.9166666666666667,25,0,0.02,0.2501175,2.041684627532959,,7.561544895172119,,,,
15813,635,train,-0.38333333333333347,25,0,0.02,0.2489300000000001,0.21542146801948547,,7.9295196533203125,,,,
15838,636,train,-0.04999999999999982,25,0,0.02,0.24774249999999998,2.3993585109710693,,7.824779510498047,,,,
15863,637,train,0.5416666666666665,25,0,0.02,0.24655499999999997,2.110936164855957,,7.675781726837158,,,,
15888,638,train,-0.20000000000000023,25,0,0.02,0.24536750000000007,2.4927616119384766,,7.723661422729492,,,,
15913,639,train,1.2416666666666663,25,0,0.02,0.24418000000000006,2.140537738800049,,7.716444492340088,,,,
15938,640,train,0.2833333333333331,25,0,0.02,0.24299250000000006,0.6286346912384033,,8.031474113464355,,,,
15963,641,train,-0.4583333333333335,25,0,0.02,0.24180500000000005,1.7862149477005005,,7.846288204193115,,,,
15988,642,train,-0.3,25,0,0.02,0.24061750000000004,2.3192949295043945,,7.600592613220215,,,,
16013,643,train,-0.5583333333333333,25,0,0.02,0.23943000000000003,1.9803425073623657,,7.767130374908447,,,,
16038,644,train,0.7249999999999999,25,0,0.02,0.23824250000000013,2.899050235748291,,7.947381019592285,,,,
16063,645,train,1.2500000000000002,25,0,0.02,0.23705500000000002,1.0633068084716797,,7.782005310058594,,,,
16088,646,train,0.09166666666666652,25,0,0.02,0.2358675,1.6581943035125732,,7.862616539001465,,,,
16113,647,train,-0.29166666666666674,25,0,0.02,0.23468,2.1082308292388916,,7.914528846740723,,,,
16138,648,train,-0.5166666666666667,25,0,0.02,0.2334925000000001,3.1469874382019043,,7.86221981048584,,,,
16163,649,train,0.5166666666666667,25,0,0.02,0.23230499999999998,1.3320362567901611,,8.039794921875,,,,
16188,650,train,0.23333333333333323,25,0,0.02,0.23111749999999998,0.9981387257575989,,7.883031845092773,,,,
16213,651,train,-0.5000000000000001,25,0,0.02,0.22993000000000008,1.7412505149841309,,7.690544128417969,,,,
16238,652,train,0.06666666666666662,25,0,0.02,0.22874250000000007,1.0180975198745728,,7.705437660217285,,,,
16263,653,train,0.1083333333333334,25,0,0.02,0.22755499999999995,1.95704984664917,,7.631495475769043,,,,
16288,654,train,0.44999999999999996,25,0,0.02,0.22636750000000005,2.7453582286834717,,7.706478118896484,,,,
16313,655,train,0.5,25,0,0.02,0.22518000000000005,3.655447244644165,,7.803472518920898,,,,
16338,656,train,-0.3000000000000001,25,0,0.02,0.22399250000000004,0.15480944514274597,,7.81875467300415,,,,
16363,657,train,0.8333333333333335,25,0,0.02,0.22280500000000003,1.6048015356063843,,7.626935005187988,,,,
16388,658,train,-1.1666666666666672,25,0,0.02,0.22161750000000002,0.9879117012023926,,7.6219024658203125,,,,
16413,659,train,-1.1833333333333336,25,0,0.02,0.22043000000000001,1.1212670803070068,,7.4741291999816895,,,,
16438,660,train,-0.1333333333333335,25,0,0.02,0.21924250000000012,3.172595500946045,,7.4960408210754395,,,,
16463,661,train,-0.1499999999999999,25,0,0.02,0.218055,2.585371255874634,,7.497983455657959,,,,
16488,662,train,-0.06666666666666668,25,0,0.02,0.2168675,2.573922872543335,,7.446467399597168,,,,
16513,663,train,-0.14999999999999988,25,0,0.02,0.21567999999999998,4.193175315856934,,7.412084579467773,,,,
16538,664,train,0.39999999999999997,25,0,0.02,0.21449250000000009,3.617417812347412,,7.607061386108398,,,,
16563,665,train,0.9916666666666671,25,0,0.02,0.21330500000000008,0.21570895612239838,,7.480123519897461,,,,
16588,666,train,0.3333333333333334,25,0,0.02,0.21211749999999996,1.866788625717163,,7.4774298667907715,,,,
16613,667,train,0.8333333333333331,25,0,0.02,0.21093000000000006,1.0793977975845337,,7.659296035766602,,,,
16638,668,train,0.12499999999999985,25,0,0.02,0.20974250000000005,2.053771495819092,,7.464162826538086,,,,
16663,669,train,0.5416666666666666,25,0,0.02,0.20855500000000005,1.689082384109497,,7.308780670166016,,,,
16688,670,train,-0.10833333333333338,25,0,0.02,0.20736750000000004,2.7685298919677734,,7.523134708404541,,,,
16713,671,train,0.7583333333333333,25,0,0.02,0.20618000000000003,1.7697491645812988,,7.559525489807129,,,,
16738,672,train,0.8583333333333334,25,0,0.02,0.20499250000000002,1.6534353494644165,,7.50026273727417,,,,
16763,673,train,0.12499999999999994,25,0,0.02,0.20380500000000012,0.9653964042663574,,7.471817970275879,,,,
16788,674,train,0.9083333333333335,25,0,0.02,0.2026175,4.881041049957275,,7.240395545959473,,,,
16813,675,train,0.7583333333333333,25,0,0.02,0.20143,2.596182107925415,,7.755473613739014,,,,
16838,676,train,0.75,25,0,0.02,0.2002425000000001,1.893942952156067,,7.810686111450195,,,,
16863,677,train,0.7916666666666665,25,0,0.02,0.1990550000000001,2.7995316982269287,,7.738687515258789,,,,
16888,678,train,1.0000000000000002,25,0,0.02,0.19786749999999997,4.972718715667725,,7.768400192260742,,,,
16913,679,train,-0.8250000000000003,25,0,0.02,0.19667999999999997,1.1565678119659424,,7.860146522521973,,,,
16938,680,train,0.45833333333333315,25,0,0.02,0.19549250000000007,2.4106411933898926,,7.6940813064575195,,,,
16963,681,train,-0.3333333333333334,25,0,0.02,0.19430500000000006,0.3966943025588989,,7.457571029663086,,,,
16988,682,train,-0.08333333333333338,25,0,0.02,0.19311749999999994,1.9736148118972778,,7.777411937713623,,,,
17013,683,train,-0.1250000000000001,25,0,0.02,0.19193000000000005,1.0200793743133545,,7.733673095703125,,,,
17038,684,train,0.2916666666666666,25,0,0.02,0.19074250000000004,1.913672685623169,,7.868361949920654,,,,
17063,685,train,0.9416666666666668,25,0,0.02,0.18955500000000003,4.580024242401123,,7.790363311767578,,,,
17088,686,train,0.8416666666666663,25,0,0.02,0.18836750000000002,3.309657573699951,,7.7079362869262695,,,,
17113,687,train,0.06666666666666654,25,0,0.02,0.18718,3.800610065460205,,7.534053802490234,,,,
17138,688,train,-0.8583333333333333,25,0,0.02,0.1859925,1.1570264101028442,,7.765202522277832,,,,
17163,689,train,0.7916666666666669,25,0,0.02,0.1848050000000001,3.039630889892578,,7.709636688232422,,,,
17188,690,train,0.7499999999999998,25,0,0.02,0.1836175000000001,5.204074859619141,,7.78653621673584,,,,
17213,691,train,0.125,25,0,0.02,0.18242999999999998,1.0409588813781738,,7.737545013427734,,,,
17238,692,train,-0.9500000000000004,25,0,0.02,0.18124250000000008,2.1781392097473145,,7.79625129699707,,,,
17263,693,train,0.45,25,0,0.02,0.18005500000000008,2.9194955825805664,,7.818641185760498,,,,
17288,694,train,0.3666666666666667,25,0,0.01,0.17886750000000007,4.279303550720215,,7.87001895904541,,,,
17313,695,train,0.5916666666666666,25,0,0.01,0.17767999999999995,1.0074156522750854,,7.815983772277832,,,,
17338,696,train,-0.55,25,0,0.01,0.17649250000000005,2.872988224029541,,7.769225120544434,,,,
17363,697,train,1.041666666666667,25,0,0.01,0.17530500000000004,0.8336548805236816,,7.929303169250488,,,,
17388,698,train,0.40833333333333355,25,0,0.01,0.17411750000000004,0.9299852848052979,,7.758901596069336,,,,
17413,699,train,0.3750000000000003,25,0,0.01,0.17293000000000003,1.209049105644226,,7.702919960021973,,,,
17438,700,train,0.23333333333333317,25,0,0.01,0.17174250000000002,1.9543627500534058,,7.69041633605957,,,,
17438,700,eval,,,,,0.17174250000000002,,,,-0.19041666666666685,0.6155636249721785,0.0,25.0
17463,701,train,0.38333333333333325,25,0,0.01,0.170555,2.3660638332366943,,7.952832221984863,,,,
17488,702,train,0.5000000000000007,25,0,0.01,0.16936750000000012,4.210618019104004,,7.862577438354492,,,,
17513,703,train,0.14166666666666677,25,0,0.01,0.16818,2.9893364906311035,,7.742992877960205,,,,
17538,704,train,0.5666666666666668,25,0,0.01,0.1669925,3.250858783721924,,7.499324321746826,,,,
17563,705,train,-0.16666666666666674,25,0,0.01,0.1658050000000001,1.8570916652679443,,7.860615253448486,,,,
17588,706,train,0.37499999999999994,25,0,0.01,0.16461750000000008,0.8100179433822632,,7.492009162902832,,,,
17613,707,train,0.2499999999999999,25,0,0.01,0.16342999999999996,5.579559803009033,,7.680339813232422,,,,
17638,708,train,0.20833333333333315,25,0,0.01,0.16224250000000007,3.1233654022216797,,7.8154754638671875,,,,
17663,709,train,0.15833333333333316,25,0,0.01,0.16105500000000006,4.0325775146484375,,7.856698513031006,,,,
17688,710,train,0.2916666666666665,25,0,0.01,0.15986750000000005,1.8742703199386597,,8.148031234741211,,,,
17713,711,train,0.7416666666666669,25,0,0.0,0.15868000000000004,1.251777172088623,,7.760684013366699,,,,
17738,712,train,-0.5000000000000001,25,0,0.0,0.15749250000000004,1.0611534118652344,,7.334646701812744,,,,
17763,713,train,-0.4500000000000001,25,0,0.0,0.15630500000000003,2.9956421852111816,,7.609322547912598,,,,
17788,714,train,0.19166666666666654,25,0,0.0,0.15511750000000002,2.3515586853027344,,7.766683578491211,,,,
17813,715,train,0.18333333333333318,25,0,0.0,0.15393000000000012,0.7403733730316162,,7.717367649078369,,,,
17838,716,train,0.875,25,0,0.0,0.1527425,2.6659624576568604,,7.679847717285156,,,,
17863,717,train,0.4166666666666669,25,0,0.0,0.151555,0.21997731924057007,,7.76399040222168,,,,
17888,718,train,0.8166666666666667,25,0,0.0,0.1503675000000001,2.379270315170288,,7.635339260101318,,,,
17913,719,train,0.36666666666666664,25,0,0.0,0.1491800000000001,4.10336446762085,,7.63002872467041,,,,
17938,720,train,0.30833333333333346,25,0,0.0,0.14799249999999997,1.801710844039917,,7.881573677062988,,,,
17963,721,train,-0.3750000000000001,25,0,0.0,0.14680500000000007,3.5252718925476074,,7.518293380737305,,,,
17988,722,train,0.7416666666666665,25,0,0.0,0.14561750000000007,2.537057876586914,,7.774158477783203,,,,
18013,723,train,-1.1583333333333334,25,0,0.0,0.14443000000000006,4.900931358337402,,7.598788261413574,,,,
18038,724,train,-0.20833333333333343,25,0,0.0,0.14324250000000005,1.9243589639663696,,7.5329132080078125,,,,
18063,725,train,0.43333333333333385,25,0,0.0,0.14205500000000004,3.6279568672180176,,7.562380313873291,,,,
18088,726,train,0.07499999999999991,25,0,0.0,0.14086750000000003,0.9863430261611938,,7.594963073730469,,,,
18113,727,train,-0.2583333333333336,25,0,0.0,0.13968000000000003,3.5397706031799316,,7.59914493560791,,,,
18138,728,train,0.4166666666666668,25,0,0.0,0.13849250000000002,2.4982664585113525,,7.618867874145508,,,,
18163,729,train,0.3749999999999999,25,0,0.0,0.137305,3.4552369117736816,,7.481113433837891,,,,
18188,730,train,-0.016666666666666698,25,0,0.0,0.1361175,1.5586836338043213,,7.351147651672363,,,,
18213,731,train,-0.25000000000000006,25,0,0.0,0.1349300000000001,4.99684476852417,,7.75287389755249,,,,
18238,732,train,0.8999999999999998,25,0,0.0,0.1337425,2.684880018234253,,7.945686340332031,,,,
18263,733,train,0.17499999999999982,25,0,0.0,0.13255499999999998,3.8338844776153564,,7.633489608764648,,,,
18288,734,train,-0.7750000000000001,25,0,0.0,0.13136750000000008,1.6265376806259155,,7.526247024536133,,,,
18313,735,train,-0.6000000000000001,25,0,0.0,0.13018000000000007,1.1761740446090698,,7.3601884841918945,,,,
18338,736,train,0.7416666666666667,25,0,0.0,0.12899249999999995,1.0639982223510742,,7.487448215484619,,,,
18363,737,train,0.3749999999999999,25,0,0.0,0.12780500000000006,1.8218919038772583,,7.79694128036499,,,,
18388,738,train,-0.5750000000000002,25,0,0.0,0.12661750000000005,0.9993771910667419,,7.932419776916504,,,,
18413,739,train,0.7916666666666672,25,0,0.0,0.12543000000000004,2.909728765487671,,7.504334449768066,,,,
18438,740,train,0.008333333333333193,25,0,0.0,0.12424250000000014,0.18648409843444824,,7.290533065795898,,,,
18463,741,train,0.5750000000000001,25,0,0.0,0.12305500000000003,1.966923713684082,,7.440183162689209,,,,
18488,742,train,0.024999999999999876,25,0,0.0,0.12186750000000002,1.632540225982666,,7.755898475646973,,,,
18513,743,train,-0.2750000000000001,25,0,0.0,0.12068000000000001,0.26197153329849243,,7.485692977905273,,,,
18538,744,train,0.24166666666666642,25,0,0.0,0.11949250000000011,2.8406012058258057,,7.595245361328125,,,,
18563,745,train,-0.3333333333333334,25,0,0.0,0.118305,1.599626898765564,,7.443641662597656,,,,
18588,746,train,-0.025000000000000182,25,0,0.0,0.11711749999999999,0.9450852274894714,,7.369993209838867,,,,
18613,747,train,-0.6833333333333336,25,0,0.0,0.11593000000000009,0.7675776481628418,,7.378427505493164,,,,
18638,748,train,-0.5166666666666666,25,0,0.0,0.11474250000000008,0.9290054440498352,,7.387459754943848,,,,
18663,749,train,1.075,25,0,0.0,0.11355499999999996,0.8736801147460938,,7.6218414306640625,,,,
18688,750,train,-0.2833333333333333,25,0,0.0,0.11236750000000006,3.366443157196045,,7.692731857299805,,,,
18713,751,train,0.10833333333333317,25,0,0.0,0.11118000000000006,2.3990468978881836,,7.477764129638672,,,,
18738,752,train,-0.2916666666666668,25,0,0.0,0.10999250000000005,1.6672725677490234,,7.259574890136719,,,,
18763,753,train,-0.041666666666666734,25,0,0.0,0.10880500000000004,2.4955804347991943,,7.158822059631348,,,,
18788,754,train,1.333333333333333,25,0,0.0,0.10761750000000003,3.299238920211792,,7.479923248291016,,,,
18813,755,train,0.2499999999999999,25,0,0.0,0.10643000000000002,0.7321809530258179,,7.334742546081543,,,,
18838,756,train,0.575,25,0,0.0,0.10524250000000013,3.3360865116119385,,7.185911178588867,,,,
18863,757,train,-1.0408340855860843e-16,25,0,0.0,0.10405500000000001,1.467332363128662,,7.390994548797607,,,,
18888,758,train,0.3666666666666666,25,0,0.0,0.1028675,2.9162957668304443,,7.316476821899414,,,,
18913,759,train,0.28333333333333327,25,0,0.0,0.10167999999999999,3.9217047691345215,,7.257601261138916,,,,
18938,760,train,0.2916666666666665,25,0,0.0,0.1004925000000001,1.815974235534668,,7.213595390319824,,,,
18963,761,train,0.6166666666666667,25,0,0.0,0.09930499999999998,4.056002140045166,,7.28176736831665,,,,
18988,762,train,0.7416666666666667,25,0,0.0,0.09811749999999997,4.71910285949707,,7.370414733886719,,,,
19013,763,train,-0.25000000000000017,25,0,0.0,0.09693000000000007,3.6988978385925293,,7.089875221252441,,,,
19038,764,train,0.6166666666666665,25,0,0.0,0.09574250000000006,0.7213801741600037,,7.059922695159912,,,,
19063,765,train,0.3666666666666665,25,0,0.0,0.09455500000000006,3.4034814834594727,,7.046617031097412,,,,
19088,766,train,-0.20833333333333348,25,0,0.0,0.09336750000000005,2.5254712104797363,,7.283853054046631,,,,
19113,767,train,0.625,25,0,0.0,0.09218000000000004,2.7542102336883545,,7.001435279846191,,,,
19138,768,train,-0.4250000000000001,25,0,0.0,0.09099250000000003,3.3738629817962646,,6.970667362213135,,,,
19163,769,train,1.4999999999999998,25,0,0.0,0.08980500000000013,1.7155001163482666,,7.213519096374512,,,,
19188,770,train,-0.13333333333333364,25,0,0.0,0.08861750000000002,2.589203357696533,,7.092796802520752,,,,
19213,771,train,0.8749999999999998,25,0,0.0,0.08743000000000001,4.166935443878174,,6.801986217498779,,,,
19238,772,train,0.08333333333333326,25,0,0.0,0.08624250000000011,1.9880940914154053,,6.842053413391113,,,,
19263,773,train,-0.43333333333333335,25,0,0.0,0.0850550000000001,2.9609618186950684,,7.125152587890625,,,,
19288,774,train,0.041666666666666685,25,0,0.0,0.08386749999999998,1.3181304931640625,,7.008969306945801,,,,
19313,775,train,0.33333333333333337,25,0,0.0,0.08267999999999998,2.557176351547241,,7.003070831298828,,,,
19338,776,train,0.19166666666666665,25,0,0.0,0.08149250000000008,1.5942027568817139,,6.875049591064453,,,,
19363,777,train,0.11666666666666649,25,0,0.0,0.08030500000000007,2.325854539871216,,6.8978776931762695,,,,
19388,778,train,0.2916666666666666,25,0,0.0,0.07911749999999995,2.176025867462158,,6.879400253295898,,,,
19413,779,train,0.12499999999999983,25,0,0.0,0.07793000000000005,2.6111979484558105,,6.862733840942383,,,,
19438,780,train,-0.09166666666666665,25,0,0.0,0.07674250000000005,1.4452778100967407,,6.797350883483887,,,,
19463,781,train,0.28333333333333316,25,0,0.0,0.07555500000000004,2.117636203765869,,6.747444152832031,,,,
19488,782,train,-0.35,25,0,0.0,0.07436750000000003,3.326160430908203,,6.48884916305542,,,,
19513,783,train,-0.29166666666666674,25,0,0.0,0.07318000000000002,2.284656047821045,,6.775649547576904,,,,
19538,784,train,0.29166666666666663,25,0,0.0,0.07199250000000001,1.6846208572387695,,6.89955997467041,,,,
19563,785,train,0.1999999999999999,25,0,0.0,0.07080500000000012,2.530332088470459,,6.781607151031494,,,,
19588,786,train,0.3583333333333333,25,0,0.0,0.0696175,1.6030393838882446,,6.81150484085083,,,,
19613,787,train,-0.45833333333333354,25,0,0.0,0.06842999999999999,1.535569667816162,,6.816364288330078,,,,
19638,788,train,0.5166666666666667,25,0,0.0,0.0672425000000001,2.023733615875244,,6.927908897399902,,,,
19663,789,train,0.4416666666666666,25,0,0.0,0.06605500000000009,1.431694746017456,,6.812655925750732,,,,
19688,790,train,0.14999999999999958,25,0,0.0,0.06486750000000008,0.9137447476387024,,6.935606479644775,,,,
19713,791,train,0.8333333333333331,25,0,0.0,0.06367999999999996,2.3010358810424805,,6.979454040527344,,,,
19738,792,train,0.20833333333333315,25,0,0.0,0.06249250000000006,1.8471564054489136,,6.968173980712891,,,,
19763,793,train,0.1999999999999999,25,0,0.0,0.061305000000000054,2.256253242492676,,6.848202228546143,,,,
19788,794,train,0.5416666666666667,25,0,0.0,0.060117500000000046,2.0250954627990723,,6.768343448638916,,,,
19813,795,train,0.37500000000000006,25,0,0.0,0.05893000000000004,1.5434695482254028,,7.154006481170654,,,,
19838,796,train,0.4,25,0,0.0,0.05774250000000003,2.997833490371704,,7.037013530731201,,,,
19863,797,train,0.45833333333333326,25,0,0.0,0.05655500000000002,0.9773221015930176,,7.019034385681152,,,,
19888,798,train,0.6666666666666666,25,0,0.0,0.055367500000000125,1.072429895401001,,7.08876895904541,,,,
19913,799,train,-0.25,25,0,0.0,0.054180000000000006,3.7353343963623047,,7.038694858551025,,,,
19938,800,train,-0.8916666666666664,25,0,0.0,0.0529925,2.253756046295166,,6.811266899108887,,,,
19938,800,eval,,,,,0.0529925,,,,-0.1454166666666668,0.5894116357766354,0.0,25.0
19963,801,train,-0.4166666666666669,25,0,0.0,0.0518050000000001,1.0399454832077026,,6.85616397857666,,,,
19988,802,train,-0.16666666666666669,25,0,0.0,0.05061750000000009,2.240131139755249,,7.077678680419922,,,,
20013,803,train,1.4416666666666667,25,0,0.0,0.05,2.476895570755005,,7.1279377937316895,,,,
20038,804,train,0.12499999999999992,25,0,0.0,0.05,3.3399081230163574,,7.217381000518799,,,,
20063,805,train,-0.65,25,0,0.0,0.05,2.002157211303711,,6.781096935272217,,,,
20088,806,train,1.1083333333333332,25,0,0.0,0.05,3.481710433959961,,7.157340049743652,,,,
20113,807,train,0.491666666666667,25,0,0.0,0.05,0.8662309646606445,,7.271484375,,,,
20138,808,train,-0.55,25,0,0.0,0.05,0.29710668325424194,,7.073983192443848,,,,
20163,809,train,-1.5416666666666674,25,0,0.0,0.05,1.4151947498321533,,7.013974189758301,,,,
20188,810,train,-0.2416666666666668,25,0,0.0,0.05,1.7959915399551392,,7.1101861000061035,,,,
20213,811,train,-0.42500000000000016,25,0,0.0,0.05,0.8756697177886963,,7.207686424255371,,,,
20238,812,train,-0.4166666666666668,25,0,0.0,0.05,0.9434992074966431,,7.217172622680664,,,,
20263,813,train,-0.41666666666666685,25,0,0.0,0.05,2.166290044784546,,7.290460586547852,,,,
20288,814,train,0.7333333333333335,25,0,0.0,0.05,2.557277202606201,,7.284337997436523,,,,
20313,815,train,0.1499999999999999,25,0,0.0,0.05,1.967538595199585,,7.312145233154297,,,,
20338,816,train,0.2083333333333331,25,0,0.0,0.05,3.5830495357513428,,7.336421489715576,,,,
20363,817,train,0.5416666666666666,25,0,0.0,0.05,4.5336833000183105,,7.270782470703125,,,,
20388,818,train,-0.20833333333333348,25,0,0.0,0.05,1.1915233135223389,,7.188769340515137,,,,
20413,819,train,-0.5,25,0,0.0,0.05,3.2061808109283447,,7.257497310638428,,,,
20438,820,train,-0.9833333333333336,25,0,0.0,0.05,3.5528385639190674,,7.4158525466918945,,,,
20463,821,train,0.11666666666666654,25,0,0.0,0.05,3.2721149921417236,,7.270434856414795,,,,
20488,822,train,-0.18333333333333338,25,0,0.0,0.05,0.9171666502952576,,7.485520362854004,,,,
20513,823,train,0.37499999999999994,25,0,0.0,0.05,1.0519596338272095,,7.365269660949707,,,,
20538,824,train,-0.6833333333333332,25,0,0.0,0.05,2.3148953914642334,,6.987133979797363,,,,
20563,825,train,-0.19999999999999998,25,0,0.0,0.05,1.811851978302002,,7.07102108001709,,,,
20588,826,train,0.45833333333333326,25,0,0.0,0.05,4.209171772003174,,7.145090103149414,,,,
20613,827,train,0.16666666666666652,25,0,0.0,0.05,2.392874240875244,,7.14791202545166,,,,
20638,828,train,1.0833333333333333,25,0,0.0,0.05,1.9154859781265259,,7.074274063110352,,,,
20663,829,train,-1.0833333333333337,25,0,0.0,0.05,4.8439130783081055,,7.17106819152832,,,,
20688,830,train,-0.2833333333333333,25,0,0.0,0.05,3.9137651920318604,,7.131617546081543,,,,
20713,831,train,-0.4500000000000002,25,0,0.0,0.05,2.290268898010254,,7.059191703796387,,,,
20738,832,train,-0.01666666666666665,25,0,0.0,0.05,3.996617317199707,,7.129106044769287,,,,
20763,833,train,0.16666666666666669,25,0,0.0,0.05,2.0604207515716553,,7.1019206047058105,,,,
20788,834,train,0.058333333333333307,25,0,0.0,0.05,2.4258971214294434,,7.121833801269531,,,,
20813,835,train,-0.4250000000000001,25,0,0.0,0.05,1.231313705444336,,6.915646553039551,,,,
20838,836,train,-0.45833333333333354,25,0,0.0,0.05,1.802394151687622,,7.077298164367676,,,,
20863,837,train,0.21666666666666673,25,0,0.0,0.05,2.7064716815948486,,6.820862770080566,,,,
20888,838,train,-1.308333333333334,25,0,0.0,0.05,1.03041672706604,,6.722695350646973,,,,
20913,839,train,1.0666666666666667,25,0,0.0,0.05,1.3475309610366821,,6.961941242218018,,,,
20938,840,train,-0.625,25,0,0.0,0.05,2.09912109375,,6.847333908081055,,,,
20963,841,train,-0.3000000000000001,25,0,0.0,0.05,1.6500375270843506,,6.88963508605957,,,,
20988,842,train,0.2083333333333332,25,0,0.0,0.05,1.3258512020111084,,6.9042863845825195,,,,
21013,843,train,-0.16666666666666674,25,0,0.0,0.05,2.8609800338745117,,6.8397536277771,,,,
21038,844,train,0.12499999999999989,25,0,0.0,0.05,1.0075135231018066,,6.959482192993164,,,,
21063,845,train,0.20833333333333326,25,0,0.0,0.05,0.9369124174118042,,6.966330528259277,,,,
21088,846,train,-0.3416666666666668,25,0,0.0,0.05,0.1906195878982544,,6.966424942016602,,,,
21113,847,train,0.06666666666666657,25,0,0.0,0.05,0.8863136172294617,,7.000539779663086,,,,
21138,848,train,-0.8000000000000004,25,0,0.0,0.05,1.827768087387085,,6.821367263793945,,,,
21163,849,train,-0.2166666666666668,25,0,0.0,0.05,0.7779521346092224,,6.934758186340332,,,,
21188,850,train,-0.3333333333333335,25,0,0.0,0.05,1.3037915229797363,,6.801455497741699,,,,
21213,851,train,0.22499999999999987,25,0,0.0,0.05,3.3771512508392334,,7.136919021606445,,,,
21238,852,train,0.008333333333333262,25,0,0.0,0.05,1.335950493812561,,7.099867820739746,,,,
21263,853,train,0.27499999999999997,25,0,0.0,0.05,2.1138832569122314,,7.254838943481445,,,,
21288,854,train,0.8333333333333331,25,0,0.0,0.05,2.2376670837402344,,6.66222620010376,,,,
21313,855,train,0.5333333333333335,25,0,0.0,0.05,0.1963733732700348,,6.9327392578125,,,,
21338,856,train,-0.008333333333333186,25,0,0.0,0.05,5.035736083984375,,6.945972442626953,,,,
21363,857,train,0.9166666666666669,25,0,0.0,0.05,3.5412564277648926,,7.113612651824951,,,,
21388,858,train,0.30833333333333335,25,0,0.0,0.05,2.5988783836364746,,6.937422752380371,,,,
21413,859,train,-0.26666666666666666,25,0,0.0,0.05,4.354079246520996,,7.107131004333496,,,,
21438,860,train,0.16666666666666646,25,0,0.0,0.05,2.531223773956299,,6.812623023986816,,,,
21463,861,train,0.4,25,0,0.0,0.05,0.8723325133323669,,7.0563178062438965,,,,
21488,862,train,-0.16666666666666677,25,0,0.0,0.05,2.881371259689331,,6.779299736022949,,,,
21513,863,train,0.16666666666666646,25,0,0.0,0.05,3.4463303089141846,,6.898830890655518,,,,
21538,864,train,-0.0833333333333334,25,0,0.0,0.05,1.2531113624572754,,7.019692420959473,,,,
21563,865,train,-0.5833333333333333,25,0,0.0,0.05,2.090440273284912,,7.029725074768066,,,,
21588,866,train,0.8333333333333335,25,0,0.0,0.05,1.5442777872085571,,6.892987251281738,,,,
21613,867,train,0.5833333333333336,25,0,0.0,0.05,1.1279895305633545,,6.547822952270508,,,,
21638,868,train,1.3416666666666668,25,0,0.0,0.05,0.18773071467876434,,6.570243835449219,,,,
21663,869,train,0.37500000000000006,25,0,0.0,0.05,0.7471389174461365,,6.56605339050293,,,,
21688,870,train,0.01666666666666653,25,0,0.0,0.05,1.5758579969406128,,6.63936710357666,,,,
21713,871,train,0.7916666666666674,25,0,0.0,0.05,3.6037728786468506,,6.6861677169799805,,,,
21738,872,train,-1.3000000000000005,25,0,0.0,0.05,1.5393505096435547,,6.6960930824279785,,,,
21763,873,train,-1.241666666666667,25,0,0.0,0.05,1.2471450567245483,,6.609787940979004,,,,
21788,874,train,-0.6000000000000002,25,0,0.0,0.05,0.6642349362373352,,6.725714683532715,,,,
21813,875,train,-0.16666666666666669,25,0,0.0,0.05,1.8442658185958862,,6.580652713775635,,,,
21838,876,train,0.21666666666666667,25,0,0.0,0.05,1.741516351699829,,6.561445713043213,,,,
21863,877,train,-0.7000000000000001,25,0,0.0,0.05,0.12462536990642548,,6.652730941772461,,,,
21888,878,train,-0.25000000000000006,25,0,0.0,0.05,4.100399971008301,,6.558685302734375,,,,
21913,879,train,-0.45833333333333354,25,0,0.0,0.05,2.884641170501709,,6.517707824707031,,,,
21938,880,train,-0.7833333333333334,25,0,0.0,0.05,1.9611977338790894,,6.750311374664307,,,,
21963,881,train,-0.4500000000000002,25,0,0.0,0.05,3.0633254051208496,,6.557117938995361,,,,
21988,882,train,0.45833333333333326,25,0,0.0,0.05,1.4871852397918701,,6.5557661056518555,,,,
22013,883,train,-1.0833333333333337,25,0,0.0,0.05,0.8897199630737305,,6.684225082397461,,,,
22038,884,train,0.19166666666666649,25,0,0.0,0.05,1.5178669691085815,,6.6878790855407715,,,,
22063,885,train,0.8166666666666673,25,0,0.0,0.05,1.9547011852264404,,6.375827312469482,,,,
22088,886,train,-0.2250000000000001,25,0,0.0,0.05,3.1753320693969727,,6.7198567390441895,,,,
22113,887,train,-0.25833333333333336,25,0,0.0,0.05,1.5971709489822388,,6.422268867492676,,,,
22138,888,train,0.36666666666666664,25,0,0.0,0.05,1.8619358539581299,,6.549111366271973,,,,
22163,889,train,0.03333333333333342,25,0,0.0,0.05,0.9304863214492798,,6.51286506652832,,,,
22188,890,train,-0.04166666666666682,25,0,0.0,0.05,1.2661255598068237,,6.6793012619018555,,,,
22213,891,train,0.3333333333333332,25,0,0.0,0.05,2.0660970211029053,,6.711185455322266,,,,
22238,892,train,-0.2750000000000001,25,0,0.0,0.05,0.706572413444519,,6.625339508056641,,,,
22263,893,train,0.15833333333333316,25,0,0.0,0.05,2.998870611190796,,6.741930961608887,,,,
22288,894,train,0.8083333333333332,25,0,0.0,0.05,0.7027093768119812,,6.714738845825195,,,,
22313,895,train,0.2916666666666666,25,0,0.0,0.05,0.6614997982978821,,6.8897199630737305,,,,
22338,896,train,0.20833333333333318,25,0,0.0,0.05,0.7755476236343384,,6.842186450958252,,,,
22363,897,train,0.9166666666666666,25,0,0.0,0.05,3.938267469406128,,6.933934211730957,,,,
22388,898,train,0.49999999999999983,25,0,0.0,0.05,3.1015233993530273,,6.601472854614258,,,,
22413,899,train,1.0416666666666665,25,0,0.0,0.05,0.7321174144744873,,6.791635513305664,,,,
22438,900,train,-0.8333333333333334,25,0,0.0,0.05,2.6195757389068604,,6.851729393005371,,,,
22438,900,eval,,,,,0.05,,,,0.15958333333333335,0.5813016703437592,0.0,25.0
22463,901,train,-0.45833333333333354,25,0,0.0,0.05,1.6676828861236572,,6.6224775314331055,,,,
22488,902,train,0.5833333333333331,25,0,0.0,0.05,1.9411556720733643,,6.757486820220947,,,,
22513,903,train,-0.20833333333333334,25,0,0.0,0.05,1.6240793466567993,,6.6184773445129395,,,,
22538,904,train,-0.12500000000000014,25,0,0.0,0.05,1.5235170125961304,,6.768792152404785,,,,
22563,905,train,-0.12500000000000006,25,0,0.0,0.05,1.6851170063018799,,6.7135796546936035,,,,
22588,906,train,0.16666666666666663,25,0,0.0,0.05,0.8780555129051208,,6.818853378295898,,,,
22613,907,train,0.8333333333333333,25,0,0.0,0.05,1.7822377681732178,,6.425196170806885,,,,
22638,908,train,0.5583333333333336,25,0,0.0,0.05,1.9910774230957031,,6.454832077026367,,,,
22663,909,train,0.6416666666666666,25,0,0.0,0.05,1.6306945085525513,,6.404058933258057,,,,
22688,910,train,0.05833333333333332,25,0,0.0,0.05,4.191169261932373,,6.511359691619873,,,,
22713,911,train,1.0583333333333333,25,0,0.0,0.05,2.0622096061706543,,6.279736518859863,,,,
22738,912,train,0.7250000000000003,25,0,0.0,0.05,0.17503026127815247,,6.534861087799072,,,,
22763,913,train,0.34999999999999987,25,0,0.0,0.05,1.9967927932739258,,6.3396430015563965,,,,
22788,914,train,0.7083333333333339,25,0,0.0,0.05,2.6023714542388916,,6.3971967697143555,,,,
22813,915,train,1.2416666666666665,25,0,0.0,0.05,0.28792279958724976,,6.514264106750488,,,,
22838,916,train,-0.20833333333333348,25,0,0.0,0.05,0.1986466348171234,,6.648359298706055,,,,
22863,917,train,-0.6416666666666668,25,0,0.0,0.05,1.5177274942398071,,6.617610454559326,,,,
22888,918,train,-1.0750000000000002,25,0,0.0,0.05,2.0784547328948975,,6.636104583740234,,,,
22913,919,train,-0.4,25,0,0.0,0.05,2.8850412368774414,,6.611010551452637,,,,
22938,920,train,-0.41666666666666663,25,0,0.0,0.05,1.5388195514678955,,6.618956565856934,,,,
22963,921,train,0.7000000000000001,25,0,0.0,0.05,2.263230562210083,,6.392167091369629,,,,
22988,922,train,0.2583333333333332,25,0,0.0,0.05,1.6736676692962646,,6.605458736419678,,,,
23013,923,train,-0.2916666666666668,25,0,0.0,0.05,2.1143453121185303,,6.7025604248046875,,,,
23038,924,train,-0.6166666666666668,25,0,0.0,0.05,1.8607934713363647,,6.893566608428955,,,,
23063,925,train,0.2916666666666666,25,0,0.0,0.05,1.5530260801315308,,6.810965061187744,,,,
23088,926,train,0.0999999999999999,25,0,0.0,0.05,0.5629807710647583,,6.681398868560791,,,,
23113,927,train,0.30833333333333324,25,0,0.0,0.05,0.12555110454559326,,6.888949394226074,,,,
23138,928,train,1.3183898417423734e-16,25,0,0.0,0.05,2.509429693222046,,6.497990131378174,,,,
23163,929,train,-0.18333333333333335,25,0,0.0,0.05,1.875779390335083,,6.773405075073242,,,,
23188,930,train,0.3333333333333333,25,0,0.0,0.05,1.8699736595153809,,6.858725547790527,,,,
23213,931,train,0.33333333333333326,25,0,0.0,0.05,0.8958209753036499,,6.601698398590088,,,,
23238,932,train,0.12499999999999979,25,0,0.0,0.05,2.3591253757476807,,6.575554847717285,,,,
23263,933,train,0.45,25,0,0.0,0.05,2.45961332321167,,6.530636787414551,,,,
23288,934,train,0.5416666666666665,25,0,0.0,0.05,0.9019850492477417,,6.810945510864258,,,,
23313,935,train,-0.8500000000000003,25,0,0.0,0.05,2.7173752784729004,,6.4413251876831055,,,,
23338,936,train,-0.3750000000000001,25,0,0.0,0.05,3.234865188598633,,6.569991588592529,,,,
23363,937,train,0.0416666666666665,25,0,0.0,0.05,1.3616613149642944,,6.5003156661987305,,,,
23388,938,train,-0.40833333333333344,25,0,0.0,0.05,3.334599494934082,,6.611651420593262,,,,
23413,939,train,0.7916666666666664,25,0,0.0,0.05,0.75361567735672,,6.759286403656006,,,,
23438,940,train,0.27499999999999986,25,0,0.0,0.05,1.4616011381149292,,6.899895191192627,,,,
23463,941,train,0.2833333333333332,25,0,0.0,0.05,1.599724292755127,,6.91282320022583,,,,
23488,942,train,0.33333333333333326,25,0,0.0,0.05,0.6958760619163513,,6.724445343017578,,,,
23513,943,train,-0.3416666666666666,25,0,0.0,0.05,1.4962146282196045,,6.672934532165527,,,,
23538,944,train,0.9499999999999997,25,0,0.0,0.05,2.1190381050109863,,6.768400192260742,,,,
23563,945,train,-0.29166666666666674,25,0,0.0,0.05,4.901815414428711,,6.405264854431152,,,,
23588,946,train,-0.7,25,0,0.0,0.05,0.7321179509162903,,6.694594383239746,,,,
23613,947,train,-0.3750000000000002,25,0,0.0,0.05,1.9565048217773438,,6.5372209548950195,,,,
23638,948,train,-0.1583333333333332,25,0,0.0,0.05,1.5464980602264404,,6.682886600494385,,,,
23663,949,train,0.18333333333333324,25,0,0.0,0.05,2.4933340549468994,,6.251233100891113,,,,
23688,950,train,-0.16666666666666663,25,0,0.0,0.05,1.753988265991211,,6.6153764724731445,,,,
23713,951,train,-0.26666666666666666,25,0,0.0,0.05,1.463828206062317,,6.564799785614014,,,,
23738,952,train,0.875,25,0,0.0,0.05,0.7102228403091431,,6.698975563049316,,,,
23763,953,train,0.5833333333333335,25,0,0.0,0.05,1.5812804698944092,,6.653598785400391,,,,
23788,954,train,0.24166666666666695,25,0,0.0,0.05,2.6991987228393555,,6.67332649230957,,,,
23813,955,train,0.7916666666666667,25,0,0.0,0.05,0.8944105505943298,,6.711128234863281,,,,
23838,956,train,0.6249999999999998,25,0,0.0,0.05,1.7568541765213013,,6.739870548248291,,,,
23863,957,train,-0.6166666666666668,25,0,0.0,0.05,3.6105449199676514,,6.555765151977539,,,,
23888,958,train,0.31666666666666665,25,0,0.0,0.05,0.239482119679451,,6.7218017578125,,,,
23913,959,train,0.1499999999999998,25,0,0.0,0.05,2.9975903034210205,,6.822636127471924,,,,
23938,960,train,0.6666666666666667,25,0,0.0,0.05,2.185945510864258,,6.612095832824707,,,,
23963,961,train,0.16666666666666646,25,0,0.0,0.05,1.8864545822143555,,6.700814247131348,,,,
23988,962,train,-0.29166666666666685,25,0,0.0,0.05,1.3289759159088135,,6.79029655456543,,,,
24013,963,train,-0.3333333333333335,25,0,0.0,0.05,0.9820599555969238,,6.766128063201904,,,,
24038,964,train,0.6583333333333333,25,0,0.0,0.05,2.2295265197753906,,6.654200077056885,,,,
24063,965,train,0.14166666666666655,25,0,0.0,0.05,0.9767981767654419,,6.903234481811523,,,,
24088,966,train,0.6083333333333335,25,0,0.0,0.05,3.28659725189209,,6.77020788192749,,,,
24113,967,train,0.5166666666666667,25,0,0.0,0.05,4.12572717666626,,6.8002519607543945,,,,
24138,968,train,0.033333333333333263,25,0,0.0,0.05,2.2493629455566406,,6.543482303619385,,,,
24163,969,train,0.29166666666666646,25,0,0.0,0.05,1.5739655494689941,,6.686919212341309,,,,
24188,970,train,-0.3666666666666669,25,0,0.0,0.05,2.3937880992889404,,6.605372905731201,,,,
24213,971,train,-0.11666666666666677,25,0,0.0,0.05,1.8551876544952393,,6.719234466552734,,,,
24238,972,train,0.7833333333333333,25,0,0.0,0.05,1.5305596590042114,,6.548806190490723,,,,
24263,973,train,-0.6583333333333331,25,0,0.0,0.05,2.0603294372558594,,6.52581787109375,,,,
24288,974,train,0.20833333333333315,25,0,0.0,0.05,2.0468859672546387,,6.42203950881958,,,,
24313,975,train,-0.16666666666666674,25,0,0.0,0.05,0.7691946625709534,,6.878253936767578,,,,
24338,976,train,0.5333333333333333,25,0,0.0,0.05,1.4093575477600098,,6.629941940307617,,,,
24363,977,train,0.2083333333333331,25,0,0.0,0.05,1.5710699558258057,,6.704941749572754,,,,
24388,978,train,-0.8083333333333336,25,0,0.0,0.05,0.25689297914505005,,6.512027740478516,,,,
24413,979,train,-0.4250000000000002,25,0,0.0,0.05,0.805723249912262,,6.656060218811035,,,,
24438,980,train,0.3999999999999999,25,0,0.0,0.05,0.2307969331741333,,6.464125633239746,,,,
24463,981,train,-0.5583333333333336,25,0,0.0,0.05,0.7617093920707703,,6.483214378356934,,,,
24488,982,train,0.36666666666666653,25,0,0.0,0.05,2.9411392211914062,,6.591748237609863,,,,
24513,983,train,-0.18333333333333338,25,0,0.0,0.05,2.6327691078186035,,6.412288188934326,,,,
24538,984,train,0.19999999999999996,25,0,0.0,0.05,1.2052396535873413,,6.658923149108887,,,,
24563,985,train,-0.4250000000000001,25,0,0.0,0.05,2.023404121398926,,6.54371976852417,,,,
24588,986,train,0.8750000000000006,25,0,0.0,0.05,3.197838306427002,,6.777095794677734,,,,
24613,987,train,0.4916666666666668,25,0,0.0,0.05,1.249058723449707,,6.440450668334961,,,,
24638,988,train,1.116666666666667,25,0,0.0,0.05,0.19698341190814972,,6.545444488525391,,,,
24663,989,train,0.5416666666666673,25,0,0.0,0.05,1.448188066482544,,6.45505428314209,,,,
24688,990,train,0.7916666666666671,25,0,0.0,0.05,1.9567468166351318,,6.548430919647217,,,,
24713,991,train,-0.20833333333333343,25,0,0.0,0.05,0.6986069679260254,,6.703272819519043,,,,
24738,992,train,-0.2750000000000001,25,0,0.0,0.05,0.18176725506782532,,6.716767311096191,,,,
24763,993,train,0.20833333333333326,25,0,0.0,0.05,3.2680368423461914,,6.3289794921875,,,,
24788,994,train,-0.3750000000000002,25,0,0.0,0.05,2.8786678314208984,,6.758981704711914,,,,
24813,995,train,0.11666666666666663,25,0,0.0,0.05,1.8543602228164673,,6.609748840332031,,,,
24838,996,train,-0.29166666666666674,25,0,0.0,0.05,1.5667346715927124,,6.683075428009033,,,,
24863,997,train,0.23333333333333317,25,0,0.0,0.05,3.353442668914795,,6.790165901184082,,,,
24888,998,train,-0.5083333333333333,25,0,0.0,0.05,0.876478374004364,,6.719837188720703,,,,
24913,999,train,1.333333333333334,25,0,0.0,0.05,0.1565905660390854,,6.568268775939941,,,,
24938,1000,train,0.9666666666666666,25,0,0.0,0.05,2.2648677825927734,,6.457553863525391,,,,
24938,1000,eval,,,,,0.05,,,,0.04083333333333319,0.6517119549480601,0.0,25.0
24963,1001,train,-0.8083333333333336,25,0,0.0,0.05,1.38103449344635,,6.818415641784668,,,,
24988,1002,train,0.37499999999999994,25,0,0.0,0.05,6.0706000328063965,,6.573105812072754,,,,
25013,1003,train,0.7750000000000001,25,0,0.0,0.05,1.260159969329834,,6.530904293060303,,,,
25038,1004,train,-0.0583333333333334,25,0,0.0,0.05,1.5359703302383423,,6.794900894165039,,,,
25063,1005,train,-0.5333333333333334,25,0,0.0,0.05,1.0121901035308838,,6.513043403625488,,,,
25088,1006,train,-0.30000000000000016,25,0,0.0,0.05,0.6265622973442078,,6.452830791473389,,,,
25113,1007,train,0.7833333333333337,25,0,0.0,0.05,1.203757405281067,,6.508102893829346,,,,
25138,1008,train,0.24166666666666678,25,0,0.0,0.05,1.3394129276275635,,6.450801372528076,,,,
25163,1009,train,-0.6750000000000002,25,0,0.0,0.05,2.460099220275879,,6.434823989868164,,,,
25188,1010,train,0.625,25,0,0.0,0.05,2.364319324493408,,6.399731636047363,,,,
25213,1011,train,0.6666666666666666,25,0,0.0,0.05,1.2375227212905884,,6.913791656494141,,,,
25238,1012,train,0.3249999999999999,25,0,0.0,0.05,3.3938546180725098,,6.855555534362793,,,,
25263,1013,train,0.3166666666666666,25,0,0.0,0.05,0.2734147608280182,,6.876216411590576,,,,
25288,1014,train,0.5249999999999998,25,0,0.0,0.05,1.16769278049469,,6.730618476867676,,,,
25313,1015,train,-0.041666666666666644,25,0,0.0,0.05,1.6670024394989014,,6.764024257659912,,,,
25338,1016,train,-0.41666666666666685,25,0,0.0,0.05,2.1072275638580322,,6.6638078689575195,,,,
25363,1017,train,-0.04166666666666667,25,0,0.0,0.05,2.784306049346924,,6.997084617614746,,,,
25388,1018,train,0.05833333333333327,25,0,0.0,0.05,4.367110729217529,,6.57198429107666,,,,
25413,1019,train,0.9083333333333334,25,0,0.0,0.05,3.715040922164917,,6.719985008239746,,,,
25438,1020,train,0.9499999999999997,25,0,0.0,0.05,0.1595141440629959,,6.728386878967285,,,,
25463,1021,train,0.15833333333333327,25,0,0.0,0.05,3.1264021396636963,,6.905529022216797,,,,
25488,1022,train,-0.24166666666666678,25,0,0.0,0.05,3.616827964782715,,6.900177955627441,,,,
25513,1023,train,0.7416666666666665,25,0,0.0,0.05,0.9757580757141113,,6.641881942749023,,,,
25538,1024,train,-0.2583333333333334,25,0,0.0,0.05,1.996568202972412,,6.64484167098999,,,,
25563,1025,train,1.3249999999999997,25,0,0.0,0.05,0.2731579542160034,,6.708293914794922,,,,
25588,1026,train,-0.37500000000000017,25,0,0.0,0.05,0.19460150599479675,,6.789687156677246,,,,
25613,1027,train,0.12499999999999993,25,0,0.0,0.05,0.21773415803909302,,6.833563804626465,,,,
25638,1028,train,1.125,25,0,0.0,0.05,3.6852736473083496,,6.815621376037598,,,,
25663,1029,train,-0.4583333333333334,25,0,0.0,0.05,0.6482669711112976,,6.916118621826172,,,,
25688,1030,train,-0.7500000000000001,25,0,0.0,0.05,2.150144577026367,,6.943375587463379,,,,
25713,1031,train,-0.12500000000000003,25,0,0.0,0.05,3.9291951656341553,,6.9790544509887695,,,,
25738,1032,train,-0.42500000000000016,25,0,0.0,0.05,1.5881649255752563,,7.138722896575928,,,,
25763,1033,train,0.40833333333333327,25,0,0.0,0.05,3.9668350219726562,,6.825928688049316,,,,
25788,1034,train,0.6416666666666667,25,0,0.0,0.05,0.9869615435600281,,7.026176452636719,,,,
25813,1035,train,0.7083333333333333,25,0,0.0,0.05,1.935988187789917,,6.699000835418701,,,,
25838,1036,train,-0.37500000000000017,25,0,0.0,0.05,2.3746728897094727,,6.689709663391113,,,,
25863,1037,train,0.8749999999999998,25,0,0.0,0.05,1.3480162620544434,,6.827081680297852,,,,
25888,1038,train,0.22499999999999998,25,0,0.0,0.05,2.0190861225128174,,6.788101673126221,,,,
25913,1039,train,1.0250000000000001,25,0,0.0,0.05,1.618025779724121,,6.513338088989258,,,,
25938,1040,train,-0.45,25,0,0.0,0.05,1.9987413883209229,,6.545243263244629,,,,
25963,1041,train,-0.25000000000000017,25,0,0.0,0.05,2.0975759029388428,,6.851611137390137,,,,
25988,1042,train,0.2499999999999999,25,0,0.0,0.05,0.8405504822731018,,6.739964962005615,,,,
26013,1043,train,0.20833333333333326,25,0,0.0,0.05,2.0339858531951904,,6.609364986419678,,,,
26038,1044,train,-0.008333333333333394,25,0,0.0,0.05,0.7829529643058777,,6.419710159301758,,,,
26063,1045,train,0.7916666666666673,25,0,0.0,0.05,0.6528506875038147,,6.474195957183838,,,,
26088,1046,train,-0.4416666666666667,25,0,0.0,0.05,2.9305078983306885,,6.365786552429199,,,,
26113,1047,train,-0.20833333333333343,25,0,0.0,0.05,1.9577908515930176,,6.280580520629883,,,,
26138,1048,train,0.33333333333333315,25,0,0.0,0.05,1.7567830085754395,,6.661757469177246,,,,
26163,1049,train,-0.05000000000000003,25,0,0.0,0.05,1.6456401348114014,,6.513586044311523,,,,
26188,1050,train,-0.4000000000000002,25,0,0.0,0.05,1.1843152046203613,,6.6113128662109375,,,,
26213,1051,train,-0.29166666666666674,25,0,0.0,0.05,0.151888906955719,,6.690354824066162,,,,
26238,1052,train,-0.48333333333333345,25,0,0.0,0.05,2.6212501525878906,,6.477659225463867,,,,
26263,1053,train,0.9583333333333334,25,0,0.0,0.05,1.7767879962921143,,6.548870086669922,,,,
26288,1054,train,0.7000000000000001,25,0,0.0,0.05,0.9875858426094055,,6.606460094451904,,,,
26313,1055,train,0.7333333333333335,25,0,0.0,0.05,1.5728219747543335,,6.5112409591674805,,,,
26338,1056,train,0.7416666666666669,25,0,0.0,0.05,2.514381170272827,,6.515730857849121,,,,
26363,1057,train,0.5000000000000002,25,0,0.0,0.05,1.4648510217666626,,6.996567726135254,,,,
26388,1058,train,-0.08333333333333344,25,0,0.0,0.05,1.455235481262207,,6.404790878295898,,,,
26413,1059,train,0.3666666666666664,25,0,0.0,0.05,1.032603144645691,,6.73125696182251,,,,
26438,1060,train,1.1166666666666665,25,0,0.0,0.05,3.745297431945801,,6.768476486206055,,,,
26463,1061,train,0.5916666666666662,25,0,0.0,0.05,2.9542293548583984,,6.693063259124756,,,,
26488,1062,train,0.3666666666666665,25,0,0.0,0.05,2.1250061988830566,,7.02006721496582,,,,
26513,1063,train,-0.35000000000000003,25,0,0.0,0.05,3.2947616577148438,,6.7589311599731445,,,,
26538,1064,train,0.5833333333333333,25,0,0.0,0.05,1.4891564846038818,,7.050442218780518,,,,
26563,1065,train,0.5000000000000004,25,0,0.0,0.05,0.7546622157096863,,6.865175724029541,,,,
26588,1066,train,1.3583333333333334,25,0,0.0,0.05,2.3190550804138184,,6.934303283691406,,,,
26613,1067,train,0.6499999999999999,25,0,0.0,0.05,0.16964846849441528,,6.544301986694336,,,,
26638,1068,train,0.3583333333333331,25,0,0.0,0.05,2.7449560165405273,,6.581560134887695,,,,
26663,1069,train,0.41666666666666663,25,0,0.0,0.05,2.4223520755767822,,6.705616474151611,,,,
26688,1070,train,0.4166666666666665,25,0,0.0,0.05,2.816265821456909,,6.686059951782227,,,,
26713,1071,train,-0.19166666666666682,25,0,0.0,0.05,4.510188102722168,,6.31663179397583,,,,
26738,1072,train,0.5000000000000001,25,0,0.0,0.05,2.415815591812134,,6.638294696807861,,,,
26763,1073,train,-0.42500000000000016,25,0,0.0,0.05,2.566807746887207,,6.623608589172363,,,,
26788,1074,train,0.2083333333333332,25,0,0.0,0.05,0.9336962699890137,,6.597698211669922,,,,
26813,1075,train,-0.33333333333333337,25,0,0.0,0.05,0.9088495373725891,,6.624645233154297,,,,
26838,1076,train,0.4166666666666666,25,0,0.0,0.05,0.24286115169525146,,6.525068759918213,,,,
26863,1077,train,-0.025000000000000064,25,0,0.0,0.05,2.3703055381774902,,6.736841678619385,,,,
26888,1078,train,0.04166666666666672,25,0,0.0,0.05,1.2427575588226318,,6.768701076507568,,,,
26913,1079,train,0.43333333333333324,25,0,0.0,0.05,2.1724276542663574,,6.758687496185303,,,,
26938,1080,train,-0.33333333333333337,25,0,0.0,0.05,1.2620761394500732,,6.782273292541504,,,,
26963,1081,train,-0.16666666666666669,25,0,0.0,0.05,1.1995124816894531,,6.8014373779296875,,,,
26988,1082,train,-0.20833333333333354,25,0,0.0,0.05,2.601649284362793,,6.834713459014893,,,,
27013,1083,train,0.2749999999999998,25,0,0.0,0.05,1.1076951026916504,,6.442910194396973,,,,
27038,1084,train,0.791666666666667,25,0,0.0,0.05,2.0679469108581543,,6.316760540008545,,,,
27063,1085,train,0.11666666666666667,25,0,0.0,0.05,1.7803373336791992,,6.441860198974609,,,,
27088,1086,train,-0.12500000000000006,25,0,0.0,0.05,3.128532886505127,,6.388218879699707,,,,
27113,1087,train,0.08333333333333327,25,0,0.0,0.05,2.020514488220215,,6.4542388916015625,,,,
27138,1088,train,0.8833333333333333,25,0,0.0,0.05,1.623132586479187,,6.488919258117676,,,,
27163,1089,train,0.44999999999999996,25,0,0.0,0.05,4.194092750549316,,6.225186347961426,,,,
27188,1090,train,-0.33333333333333354,25,0,0.0,0.05,0.7030607461929321,,6.549956798553467,,,,
27213,1091,train,-0.29166666666666674,25,0,0.0,0.05,2.0691182613372803,,6.356444358825684,,,,
27238,1092,train,0.7500000000000001,25,0,0.0,0.05,1.837733507156372,,6.624378204345703,,,,
27263,1093,train,0.14166666666666655,25,0,0.0,0.05,1.318820834159851,,6.628485202789307,,,,
27288,1094,train,0.8749999999999999,25,0,0.0,0.05,0.7674561142921448,,6.425180435180664,,,,
27313,1095,train,0.9249999999999998,25,0,0.0,0.05,2.04048228263855,,6.45184326171875,,,,
27338,1096,train,-0.49166666666666664,25,0,0.0,0.05,1.9485396146774292,,6.771876811981201,,,,
27363,1097,train,0.5416666666666665,25,0,0.0,0.05,1.4723255634307861,,6.567033767700195,,,,
27388,1098,train,0.3083333333333335,25,0,0.0,0.05,0.12669089436531067,,6.667985916137695,,,,
27413,1099,train,-0.2583333333333334,25,0,0.0,0.05,1.9819729328155518,,6.313145637512207,,,,
27438,1100,train,0.5833333333333336,25,0,0.0,0.05,2.6768221855163574,,6.324700355529785,,,,
27438,1100,eval,,,,,0.05,,,,-0.07625000000000012,0.6510316332560194,0.0,25.0
27463,1101,train,-0.37500000000000017,25,0,0.0,0.05,0.640336275100708,,6.286251068115234,,,,
27488,1102,train,-0.33333333333333354,25,0,0.0,0.05,2.8965959548950195,,6.157624244689941,,,,
27513,1103,train,0.29166666666666646,25,0,0.0,0.05,0.17417246103286743,,6.367648124694824,,,,
27538,1104,train,0.791666666666667,25,0,0.0,0.05,3.68735408782959,,6.529708385467529,,,,
27563,1105,train,0.34999999999999976,25,0,0.0,0.05,2.3567190170288086,,6.443004608154297,,,,
27588,1106,train,0.3749999999999999,25,0,0.0,0.05,2.406283378601074,,6.378483295440674,,,,
27613,1107,train,0.033333333333333166,25,0,0.0,0.05,1.272767424583435,,6.579851150512695,,,,
27638,1108,train,1.041666666666667,25,0,0.0,0.05,1.9852834939956665,,6.389158248901367,,,,
27663,1109,train,-0.7166666666666665,25,0,0.0,0.05,2.0203075408935547,,6.453151702880859,,,,
27688,1110,train,-0.525,25,0,0.0,0.05,2.679309844970703,,6.526203155517578,,,,
27713,1111,train,0.9000000000000002,25,0,0.0,0.05,2.1599154472351074,,6.59410285949707,,,,
27738,1112,train,0.15833333333333321,25,0,0.0,0.05,0.9119486808776855,,6.254058837890625,,,,
27744,1113,train,2.8983333333333334,6,1,0.01,0.05,2.7184934616088867,,6.392682075500488,,,,
27769,1114,train,1.0916666666666672,25,0,0.01,0.05,1.353715419769287,,6.577347755432129,,,,
27794,1115,train,0.7000000000000001,25,0,0.01,0.05,0.2083551585674286,,6.275274276733398,,,,
27819,1116,train,0.1999999999999999,25,0,0.01,0.05,1.757839322090149,,6.318090438842773,,,,
27844,1117,train,0.33333333333333315,25,0,0.01,0.05,1.757988452911377,,6.348455429077148,,,,
27869,1118,train,0.3666666666666665,25,0,0.01,0.05,0.2609873116016388,,6.171567440032959,,,,
27894,1119,train,-0.34999999999999987,25,0,0.01,0.05,2.364802360534668,,6.399775505065918,,,,
27919,1120,train,0.19166666666666654,25,0,0.01,0.05,0.8594033122062683,,6.354595184326172,,,,
27944,1121,train,0.5416666666666667,25,0,0.01,0.05,0.18831580877304077,,6.3521623611450195,,,,
27969,1122,train,-0.1250000000000001,25,0,0.01,0.05,1.923659324645996,,6.498373985290527,,,,
27994,1123,train,-0.8333333333333335,25,0,0.01,0.05,1.9042600393295288,,6.434560298919678,,,,
28019,1124,train,0.4000000000000001,25,0,0.01,0.05,0.8408876061439514,,6.157978057861328,,,,
28044,1125,train,0.8083333333333335,25,0,0.01,0.05,0.5822615623474121,,5.9911346435546875,,,,
28069,1126,train,0.24166666666666659,25,0,0.01,0.05,0.6672455668449402,,6.116823196411133,,,,
28094,1127,train,0.5833333333333334,25,0,0.01,0.05,1.9859520196914673,,6.044373035430908,,,,
28119,1128,train,0.5,25,0,0.01,0.05,1.6439203023910522,,6.251309394836426,,,,
28144,1129,train,0.35833333333333317,25,0,0.01,0.05,2.249107599258423,,6.08084774017334,,,,
28169,1130,train,0.4083333333333333,25,0,0.01,0.05,1.0612531900405884,,5.89968729019165,,,,
28194,1131,train,0.39166666666666633,25,0,0.01,0.05,1.3354101181030273,,5.946150302886963,,,,
28219,1132,train,0.19999999999999984,25,0,0.01,0.05,1.1770292520523071,,5.8989458084106445,,,,
28244,1133,train,1.125,25,0,0.01,0.05,1.0764473676681519,,6.112949371337891,,,,
28269,1134,train,-0.16666666666666669,25,0,0.01,0.05,0.5544345378875732,,6.001136779785156,,,,
28294,1135,train,0.5833333333333337,25,0,0.01,0.05,1.137169599533081,,6.02793025970459,,,,
28319,1136,train,-0.2916666666666668,25,0,0.01,0.05,2.5295538902282715,,6.130853652954102,,,,
28344,1137,train,-0.5583333333333335,25,0,0.01,0.05,1.9666047096252441,,6.231890678405762,,,,
28369,1138,train,0.8666666666666667,25,0,0.01,0.05,1.013582706451416,,6.0626091957092285,,,,
28394,1139,train,0.9750000000000003,25,0,0.01,0.05,2.460869789123535,,6.1810808181762695,,,,
28419,1140,train,-0.03333333333333317,25,0,0.01,0.05,1.2866228818893433,,5.845775604248047,,,,
28444,1141,train,0.10833333333333328,25,0,0.01,0.05,2.0548360347747803,,5.934823989868164,,,,
28469,1142,train,1.4583333333333333,25,0,0.01,0.05,0.6770213842391968,,6.007287502288818,,,,
28494,1143,train,-0.35000000000000003,25,0,0.01,0.05,1.0404877662658691,,5.897777557373047,,,,
28519,1144,train,0.19166666666666646,25,0,0.01,0.05,1.0582468509674072,,5.948994159698486,,,,
28544,1145,train,0.8666666666666665,25,0,0.01,0.05,0.9851685166358948,,5.910744667053223,,,,
28569,1146,train,0.09999999999999998,25,0,0.01,0.05,2.486515998840332,,5.913173675537109,,,,
28594,1147,train,-0.47500000000000014,25,0,0.01,0.05,1.062990665435791,,5.980830669403076,,,,
28619,1148,train,-0.025000000000000182,25,0,0.01,0.05,1.3153159618377686,,5.725594520568848,,,,
28644,1149,train,0.5916666666666667,25,0,0.01,0.05,1.1309099197387695,,5.86326789855957,,,,
28669,1150,train,0.5333333333333334,25,0,0.01,0.05,1.451289415359497,,5.719051361083984,,,,
28694,1151,train,0.2916666666666665,25,0,0.01,0.05,1.713483452796936,,5.812906742095947,,,,
28719,1152,train,0.25833333333333336,25,0,0.01,0.05,1.9058244228363037,,5.833030700683594,,,,
28744,1153,train,1.1583333333333328,25,0,0.01,0.05,2.446441173553467,,5.821805953979492,,,,
28769,1154,train,-1.3183898417423734e-16,25,0,0.01,0.05,0.5283292531967163,,5.789649486541748,,,,
28794,1155,train,0.24166666666666653,25,0,0.01,0.05,0.6783185005187988,,5.601567268371582,,,,
28819,1156,train,-0.5666666666666668,25,0,0.01,0.05,0.25987082719802856,,5.669830322265625,,,,
28844,1157,train,0.8583333333333333,25,0,0.01,0.05,1.043818712234497,,5.481983184814453,,,,
28869,1158,train,0.30833333333333324,25,0,0.01,0.05,2.6841320991516113,,6.008813858032227,,,,
28894,1159,train,1.4,25,0,0.01,0.05,0.744474470615387,,5.651520729064941,,,,
28919,1160,train,0.6083333333333333,25,0,0.01,0.05,2.077453374862671,,5.997442245483398,,,,
28944,1161,train,-0.024999999999999842,25,0,0.01,0.05,0.6022273302078247,,5.9914374351501465,,,,
28969,1162,train,0.1249999999999999,25,0,0.01,0.05,2.669233560562134,,5.599332809448242,,,,
28994,1163,train,-0.08333333333333337,25,0,0.01,0.05,1.510343313217163,,5.611642360687256,,,,
29019,1164,train,0.11666666666666677,25,0,0.01,0.05,0.18196657299995422,,5.604953765869141,,,,
29044,1165,train,-0.6500000000000001,25,0,0.01,0.05,1.6310937404632568,,5.48226261138916,,,,
29069,1166,train,-0.4083333333333334,25,0,0.01,0.05,1.1070523262023926,,5.537184238433838,,,,
29094,1167,train,0.6666666666666669,25,0,0.01,0.05,0.49612927436828613,,5.706329345703125,,,,
29119,1168,train,0.7,25,0,0.01,0.05,0.12449491024017334,,5.698183059692383,,,,
29144,1169,train,0.2916666666666666,25,0,0.01,0.05,1.8910653591156006,,5.742428779602051,,,,
29169,1170,train,0.1583333333333332,25,0,0.01,0.05,1.5598268508911133,,5.5950822830200195,,,,
29194,1171,train,0.7000000000000001,25,0,0.01,0.05,0.6046767830848694,,5.533398628234863,,,,
29219,1172,train,0.07499999999999991,25,0,0.01,0.05,2.256378650665283,,5.742763519287109,,,,
29244,1173,train,-0.6000000000000002,25,0,0.01,0.05,1.652660608291626,,5.670426845550537,,,,
29269,1174,train,1.0416666666666665,25,0,0.01,0.05,0.6247751712799072,,5.776392459869385,,,,
29294,1175,train,-0.975,25,0,0.01,0.05,1.5364930629730225,,5.670624732971191,,,,
29319,1176,train,-0.8833333333333337,25,0,0.01,0.05,0.5552155375480652,,5.837337493896484,,,,
29344,1177,train,-0.41666666666666685,25,0,0.01,0.05,2.7786810398101807,,5.630876064300537,,,,
29369,1178,train,-0.0916666666666667,25,0,0.01,0.05,1.239034652709961,,5.922521591186523,,,,
29394,1179,train,0.08333333333333315,25,0,0.01,0.05,1.3729703426361084,,5.897693634033203,,,,
29419,1180,train,0.5916666666666666,25,0,0.01,0.05,0.8170177936553955,,5.626283645629883,,,,
29444,1181,train,0.14999999999999986,25,0,0.01,0.05,1.980276346206665,,5.4741435050964355,,,,
29469,1182,train,-0.41666666666666685,25,0,0.01,0.05,0.48188984394073486,,5.6320953369140625,,,,
29494,1183,train,-0.5833333333333335,25,0,0.01,0.05,2.2166457176208496,,5.578926086425781,,,,
29519,1184,train,0.7000000000000006,25,0,0.01,0.05,0.5467947125434875,,5.573230266571045,,,,
29544,1185,train,-0.2500000000000001,25,0,0.01,0.05,0.9593538045883179,,5.575458526611328,,,,
29569,1186,train,0.24999999999999983,25,0,0.01,0.05,1.114425778388977,,5.467700958251953,,,,
29594,1187,train,-0.3166666666666666,25,0,0.01,0.05,2.3709604740142822,,5.642725467681885,,,,
29619,1188,train,-0.7083333333333336,25,0,0.01,0.05,0.16708727180957794,,5.772268295288086,,,,
29644,1189,train,-0.22500000000000003,25,0,0.01,0.05,0.9642177820205688,,5.781422138214111,,,,
29669,1190,train,-6.938893903907228e-17,25,0,0.01,0.05,3.3503262996673584,,5.883907318115234,,,,
29694,1191,train,-0.43333333333333346,25,0,0.01,0.05,2.17246675491333,,5.877955913543701,,,,
29719,1192,train,0.04166666666666664,25,0,0.01,0.05,3.5522797107696533,,6.04169225692749,,,,
29744,1193,train,0.2083333333333332,25,0,0.01,0.05,0.13581016659736633,,5.998412609100342,,,,
29769,1194,train,-0.37500000000000017,25,0,0.01,0.05,1.844028115272522,,5.844170093536377,,,,
29794,1195,train,-0.17500000000000002,25,0,0.01,0.05,0.6423304677009583,,5.837086200714111,,,,
29819,1196,train,0.19999999999999984,25,0,0.01,0.05,1.1208465099334717,,5.793582439422607,,,,
29844,1197,train,0.45000000000000007,25,0,0.01,0.05,1.4923202991485596,,5.59601354598999,,,,
29869,1198,train,-0.05000000000000001,25,0,0.01,0.05,2.002065420150757,,5.719884872436523,,,,
29894,1199,train,-0.37500000000000017,25,0,0.01,0.05,1.4083584547042847,,5.725918769836426,,,,
29919,1200,train,0.049999999999999885,25,0,0.01,0.05,0.12439097464084625,,5.725833892822266,,,,
29919,1200,eval,,,,,0.05,,,,0.1091666666666666,0.5034181771759054,0.0,25.0
29944,1201,train,0.7916666666666671,25,0,0.01,0.05,1.5705833435058594,,5.721394062042236,,,,
29969,1202,train,0.33333333333333326,25,0,0.01,0.05,0.9264470338821411,,5.858698844909668,,,,
29994,1203,train,0.4583333333333333,25,0,0.01,0.05,1.5998812913894653,,5.719725131988525,,,,
