run_id,algo,env,seed,episode,env_step,return,episode_len,epsilon,loss,grad_norm,wallclock_s
mlp_qmix__N16__ring__seed6,mlp_qmix,coord_grid,6,0,25,10.0,25,0.99981,,,0.015192166029009968
mlp_qmix__N16__ring__seed6,mlp_qmix,coord_grid,6,1,50,22.0,25,0.9996120833333333,,,0.01858183299191296
mlp_qmix__N16__ring__seed6,mlp_qmix,coord_grid,6,2,75,12.0,25,0.9994141666666667,,,0.02192650001961738
mlp_qmix__N16__ring__seed6,mlp_qmix,coord_grid,6,3,100,15.0,25,0.99921625,,,0.02528783300658688
mlp_qmix__N16__ring__seed6,mlp_qmix,coord_grid,6,4,125,11.0,25,0.9990183333333333,,,0.028625000035390258
mlp_qmix__N16__ring__seed6,mlp_qmix,coord_grid,6,5,150,10.0,25,0.9988204166666667,,,0.03197850001743063
mlp_qmix__N16__ring__seed6,mlp_qmix,coord_grid,6,6,175,18.0,25,0.9986225,,,0.03529962501488626
mlp_qmix__N16__ring__seed6,mlp_qmix,coord_grid,6,7,200,11.0,25,0.9984245833333333,,,0.038670041016303
mlp_qmix__N16__ring__seed6,mlp_qmix,coord_grid,6,8,225,15.0,25,0.9982266666666667,0.6570944019726345,3.884103604725429,0.059805958007927984
mlp_qmix__N16__ring__seed6,mlp_qmix,coord_grid,6,9,250,26.0,25,0.99802875,0.36489708721637726,1.4054196973641713,0.07801345799816772
mlp_qmix__N16__ring__seed6,mlp_qmix,coord_grid,6,10,275,19.0,25,0.9978308333333333,0.3702571392059326,1.491010973850886,0.09627741598524153
mlp_qmix__N16__ring__seed6,mlp_qmix,coord_grid,6,11,300,16.0,25,0.9976329166666666,0.3091990575194359,1.7809532384077709,0.11440270801540464
mlp_qmix__N16__ring__seed6,mlp_qmix,coord_grid,6,12,325,20.0,25,0.997435,0.2852890023163387,0.8122678867408207,0.13660575001267716
mlp_qmix__N16__ring__seed6,mlp_qmix,coord_grid,6,13,350,17.0,25,0.9972370833333334,0.304731123149395,0.8968499352534612,0.1547468330245465
mlp_qmix__N16__ring__seed6,mlp_qmix,coord_grid,6,14,375,17.0,25,0.9970391666666667,0.31691653778155643,0.8049551347891489,0.17329200002131984
mlp_qmix__N16__ring__seed6,mlp_qmix,coord_grid,6,15,400,14.0,25,0.99684125,0.3133387466271718,1.0996118038892746,0.1915773330256343
mlp_qmix__N16__ring__seed6,mlp_qmix,coord_grid,6,16,425,10.0,25,0.9966433333333333,0.31214467116764616,0.5179783744471413,0.21224295801948756
mlp_qmix__N16__ring__seed6,mlp_qmix,coord_grid,6,17,450,17.0,25,0.9964454166666666,0.3155721003810565,0.7870631118615469,0.23028283298481256
mlp_qmix__N16__ring__seed6,mlp_qmix,coord_grid,6,18,475,16.0,25,0.9962475,0.2980630521972974,0.8970304330190023,0.24821258301381022
mlp_qmix__N16__ring__seed6,mlp_qmix,coord_grid,6,19,500,15.0,25,0.9960495833333334,0.3260379632314046,0.6669295330842336,0.26672262500505894
mlp_qmix__N16__ring__seed6,mlp_qmix,coord_grid,6,20,525,22.0,25,0.9958516666666667,0.3589130235569818,0.894589479480471,0.2869979999959469
mlp_qmix__N16__ring__seed6,mlp_qmix,coord_grid,6,21,550,22.0,25,0.99565375,0.2737405151128769,0.7965550820032755,0.30523225001525134
mlp_qmix__N16__ring__seed6,mlp_qmix,coord_grid,6,22,575,19.0,25,0.9954558333333333,0.2805734599630038,0.7175568640232086,0.3236064999946393
mlp_qmix__N16__ring__seed6,mlp_qmix,coord_grid,6,23,600,10.0,25,0.9952579166666666,0.28197400520245236,0.9755208641290665,0.3419539160095155
mlp_qmix__N16__ring__seed6,mlp_qmix,coord_grid,6,24,625,21.0,25,0.9950600000000001,0.31577205870832714,0.8204400794846671,0.3619582080282271
mlp_qmix__N16__ring__seed6,mlp_qmix,coord_grid,6,25,650,11.0,25,0.9948620833333334,0.27540672818819684,0.8368524859348933,0.381073541007936
mlp_qmix__N16__ring__seed6,mlp_qmix,coord_grid,6,26,675,9.0,25,0.9946641666666667,0.304931104183197,0.8796397000551224,0.39932145801139995
mlp_qmix__N16__ring__seed6,mlp_qmix,coord_grid,6,27,700,12.0,25,0.99446625,0.32360807061195374,0.7396133442719778,0.4179353329818696
mlp_qmix__N16__ring__seed6,mlp_qmix,coord_grid,6,28,725,14.0,25,0.9942683333333333,0.32711547187396456,0.6534960780824933,0.4389709579991177
mlp_qmix__N16__ring__seed6,mlp_qmix,coord_grid,6,29,750,11.0,25,0.9940704166666666,0.25376267234484357,0.8834755520025889,0.4572935830219649
mlp_qmix__N16__ring__seed6,mlp_qmix,coord_grid,6,30,775,14.0,25,0.9938725,0.32514627277851105,0.6932211170593897,0.4765684159938246
mlp_qmix__N16__ring__seed6,mlp_qmix,coord_grid,6,31,800,14.0,25,0.9936745833333334,0.23116395125786462,0.8037749528884888,0.4950888750026934
mlp_qmix__N16__ring__seed6,mlp_qmix,coord_grid,6,32,825,23.0,25,0.9934766666666667,0.2572433352470398,1.0290465908391135,0.5160627909936011
mlp_qmix__N16__ring__seed6,mlp_qmix,coord_grid,6,33,850,11.0,25,0.99327875,0.302220419049263,0.7462179958820343,0.5341380829922855
mlp_qmix__N16__ring__seed6,mlp_qmix,coord_grid,6,34,875,14.0,25,0.9930808333333333,0.25154917190472287,0.7967750132083893,0.552562041033525
mlp_qmix__N16__ring__seed6,mlp_qmix,coord_grid,6,35,900,16.0,25,0.9928829166666666,0.2767656495173772,0.5991348524888357,0.571036915993318
mlp_qmix__N16__ring__seed6,mlp_qmix,coord_grid,6,36,925,26.0,25,0.992685,0.26379827090672087,0.8438861284937177,0.5917397500015795
mlp_qmix__N16__ring__seed6,mlp_qmix,coord_grid,6,37,950,18.0,25,0.9924870833333334,0.288927582403024,0.8779947062333425,0.6103812500368804
mlp_qmix__N16__ring__seed6,mlp_qmix,coord_grid,6,38,975,25.0,25,0.9922891666666667,0.37523649136225384,0.9977700014909109,0.62996887502959
mlp_qmix__N16__ring__seed6,mlp_qmix,coord_grid,6,39,1000,17.0,25,0.99209125,0.3395913044611613,0.7637726465861002,0.6491236659931019
mlp_qmix__N16__ring__seed6,mlp_qmix,coord_grid,6,40,1025,7.0,25,0.9918933333333333,0.5595347455569676,3.503319467817034,0.6698523330269381
mlp_qmix__N16__ring__seed6,mlp_qmix,coord_grid,6,41,1050,18.0,25,0.9916954166666667,0.47074293593565625,3.64167582988739,0.6876635410008021
mlp_qmix__N16__ring__seed6,mlp_qmix,coord_grid,6,42,1075,20.0,25,0.9914975,0.36024625847736996,1.5803364912668865,0.7058820000384003
mlp_qmix__N16__ring__seed6,mlp_qmix,coord_grid,6,43,1100,24.0,25,0.9912995833333333,0.41632215678691864,1.4752279222011566,0.7247547500301152
mlp_qmix__N16__ring__seed6,mlp_qmix,coord_grid,6,44,1125,19.0,25,0.9911016666666667,0.3590543099812099,1.1494570289339339,0.7458022080245428
mlp_qmix__N16__ring__seed6,mlp_qmix,coord_grid,6,45,1150,16.0,25,0.99090375,0.30795832971731824,1.3069726328055065,0.7640195830026641
mlp_qmix__N16__ring__seed6,mlp_qmix,coord_grid,6,46,1175,19.0,25,0.9907058333333333,0.3346042186021805,1.1911159952481587,0.7825581660144962
mlp_qmix__N16__ring__seed6,mlp_qmix,coord_grid,6,47,1200,12.0,25,0.9905079166666667,0.3681110019485156,1.0454064508279164,0.8014904580195434
mlp_qmix__N16__ring__seed6,mlp_qmix,coord_grid,6,48,1225,12.0,25,0.99031,0.3367865575211389,1.2307999730110168,0.8236065410310403
mlp_qmix__N16__ring__seed6,mlp_qmix,coord_grid,6,49,1250,9.0,25,0.9901120833333333,0.3337833608190219,1.5219305455684662,0.8442356660380028
mlp_qmix__N16__ring__seed6,mlp_qmix,coord_grid,6,50,1275,18.0,25,0.9899141666666667,0.3078932886322339,1.8328407108783722,0.8629312079865485
mlp_qmix__N16__ring__seed6,mlp_qmix,coord_grid,6,51,1300,11.0,25,0.98971625,0.27185427645842236,0.9530836641788483,0.8815571659943089
mlp_qmix__N16__ring__seed6,mlp_qmix,coord_grid,6,52,1325,11.0,25,0.9895183333333334,0.37008421761648996,1.2079440185001917,0.9024521249812096
mlp_qmix__N16__ring__seed6,mlp_qmix,coord_grid,6,53,1350,10.0,25,0.9893204166666667,0.37806451817353565,0.9961393972237905,0.9209856659872457
mlp_qmix__N16__ring__seed6,mlp_qmix,coord_grid,6,54,1375,21.0,25,0.9891225,0.3362898925940196,0.8276873131593069,0.939497500017751
mlp_qmix__N16__ring__seed6,mlp_qmix,coord_grid,6,55,1400,26.0,25,0.9889245833333333,0.30987491955359775,0.8795573016007742,0.9578294160310179
mlp_qmix__N16__ring__seed6,mlp_qmix,coord_grid,6,56,1425,10.0,25,0.9887266666666666,0.30319319878305706,1.0265028647014074,0.978456458018627
mlp_qmix__N16__ring__seed6,mlp_qmix,coord_grid,6,57,1450,13.0,25,0.98852875,0.3493145729104678,1.0400323669115703,0.9971691250102594
mlp_qmix__N16__ring__seed6,mlp_qmix,coord_grid,6,58,1475,14.0,25,0.9883308333333334,0.32316163182258606,0.9085416992505392,1.0157020830083638
mlp_qmix__N16__ring__seed6,mlp_qmix,coord_grid,6,59,1500,9.0,25,0.9881329166666667,0.3435962150494258,0.9560381273428599,1.0344568750006147
mlp_qmix__N16__ring__seed6,mlp_qmix,coord_grid,6,60,1525,18.0,25,0.987935,0.2882944345474243,1.2899512478283472,1.0551470830105245
mlp_qmix__N16__ring__seed6,mlp_qmix,coord_grid,6,61,1550,10.0,25,0.9877370833333333,0.259840967754523,1.1099806825319927,1.0737826250260696
mlp_qmix__N16__ring__seed6,mlp_qmix,coord_grid,6,62,1575,16.0,25,0.9875391666666666,0.3561923106511434,1.2718560596307118,1.0933730829856358
mlp_qmix__N16__ring__seed6,mlp_qmix,coord_grid,6,63,1600,17.0,25,0.98734125,0.24120290329058966,1.0044001638889313,1.1135098750237375
mlp_qmix__N16__ring__seed6,mlp_qmix,coord_grid,6,64,1625,5.0,25,0.9871433333333334,0.3322541969163077,1.577261277607509,1.1347850830061361
mlp_qmix__N16__ring__seed6,mlp_qmix,coord_grid,6,65,1650,7.0,25,0.9869454166666667,0.3452979077895482,0.8947802384694418,1.1530220410204493
mlp_qmix__N16__ring__seed6,mlp_qmix,coord_grid,6,66,1675,16.0,25,0.9867475,0.32052675386269885,0.9532420337200165,1.1718514999956824
mlp_qmix__N16__ring__seed6,mlp_qmix,coord_grid,6,67,1700,15.0,25,0.9865495833333333,0.29370194176832837,1.1647724509239197,1.190525541023817
mlp_qmix__N16__ring__seed6,mlp_qmix,coord_grid,6,68,1725,16.0,25,0.9863516666666666,0.33524289301463533,0.9308853149414062,1.2113987079937942
mlp_qmix__N16__ring__seed6,mlp_qmix,coord_grid,6,69,1750,19.0,25,0.98615375,0.3502659598986308,1.0100668768088024,1.229943500016816
mlp_qmix__N16__ring__seed6,mlp_qmix,coord_grid,6,70,1775,17.0,25,0.9859558333333334,0.3398566817243894,1.2774865130583446,1.248710874991957
mlp_qmix__N16__ring__seed6,mlp_qmix,coord_grid,6,71,1800,19.0,25,0.9857579166666667,0.38481153051058453,1.1028980612754822,1.267652333015576
mlp_qmix__N16__ring__seed6,mlp_qmix,coord_grid,6,72,1825,11.0,25,0.98556,0.5192702540329525,3.421745640890939,1.2882793750031851
mlp_qmix__N16__ring__seed6,mlp_qmix,coord_grid,6,73,1850,9.0,25,0.9853620833333333,0.43454796572526294,3.6049608290195465,1.3069906660239212
mlp_qmix__N16__ring__seed6,mlp_qmix,coord_grid,6,74,1875,13.0,25,0.9851641666666666,0.4431932767232259,3.4839545090993247,1.3252104580169544
mlp_qmix__N16__ring__seed6,mlp_qmix,coord_grid,6,75,1900,17.0,25,0.98496625,0.3264801651239395,2.429552594820658,1.3443104160251096
mlp_qmix__N16__ring__seed6,mlp_qmix,coord_grid,6,76,1925,13.0,25,0.9847683333333334,0.31875850898878916,1.5097760643277849,1.3653517910279334
mlp_qmix__N16__ring__seed6,mlp_qmix,coord_grid,6,77,1950,9.0,25,0.9845704166666667,0.4234950269261996,1.9461854100227356,1.383826165983919
mlp_qmix__N16__ring__seed6,mlp_qmix,coord_grid,6,78,1975,21.0,25,0.9843725,0.415019154548645,1.7475995222727458,1.4034795410116203
mlp_qmix__N16__ring__seed6,mlp_qmix,coord_grid,6,79,2000,12.0,25,0.9841745833333333,0.3323175311088562,1.7710944215456645,1.422731458034832
mlp_qmix__N16__ring__seed6,mlp_qmix,coord_grid,6,80,2025,15.0,25,0.9839766666666667,0.34233853220939636,1.3750240802764893,1.4436847909819335
mlp_qmix__N16__ring__seed6,mlp_qmix,coord_grid,6,81,2050,11.0,25,0.98377875,0.4118071844180425,1.5948574940363567,1.462216374988202
mlp_qmix__N16__ring__seed6,mlp_qmix,coord_grid,6,82,2075,8.0,25,0.9835808333333333,0.3316382144888242,1.536840667327245,1.4805321660242043
mlp_qmix__N16__ring__seed6,mlp_qmix,coord_grid,6,83,2100,21.0,25,0.9833829166666667,0.30448755125204724,2.00846403837204,1.4994933750131167
mlp_qmix__N16__ring__seed6,mlp_qmix,coord_grid,6,84,2125,16.0,25,0.983185,0.36320450050490244,1.3140361905097961,1.520479041035287
mlp_qmix__N16__ring__seed6,mlp_qmix,coord_grid,6,85,2150,20.0,25,0.9829870833333333,0.34424061328172684,1.2982559700806935,1.5387083750101738
mlp_qmix__N16__ring__seed6,mlp_qmix,coord_grid,6,86,2175,11.0,25,0.9827891666666667,0.42454424500465393,1.9027436872323353,1.5574357500299811
mlp_qmix__N16__ring__seed6,mlp_qmix,coord_grid,6,87,2200,13.0,25,0.98259125,0.3688562313715617,1.9913996358712514,1.575798541016411
mlp_qmix__N16__ring__seed6,mlp_qmix,coord_grid,6,88,2225,16.0,25,0.9823933333333333,0.3905875278370721,1.743790124143873,1.5965268749860115
mlp_qmix__N16__ring__seed6,mlp_qmix,coord_grid,6,89,2250,7.0,25,0.9821954166666667,0.31130559742450714,1.0665216942628224,1.6146801250288263
mlp_qmix__N16__ring__seed6,mlp_qmix,coord_grid,6,90,2275,13.0,25,0.9819975,0.3245891084273656,1.8662868936856587,1.6337900829967111
mlp_qmix__N16__ring__seed6,mlp_qmix,coord_grid,6,91,2300,12.0,25,0.9817995833333333,0.35380299389362335,2.009543697039286,1.6524810410337523
mlp_qmix__N16__ring__seed6,mlp_qmix,coord_grid,6,92,2325,19.0,25,0.9816016666666667,0.32794573477336336,1.799272894859314,1.6734892500098795
mlp_qmix__N16__ring__seed6,mlp_qmix,coord_grid,6,93,2350,14.0,25,0.98140375,0.3085502435763677,1.5747876664002736,1.69196299999021
mlp_qmix__N16__ring__seed6,mlp_qmix,coord_grid,6,94,2375,17.0,25,0.9812058333333333,0.3783742810289065,1.6504230399926503,1.7105903750052676
mlp_qmix__N16__ring__seed6,mlp_qmix,coord_grid,6,95,2400,16.0,25,0.9810079166666666,0.3428757886091868,1.421083003282547,1.7292724160361104
mlp_qmix__N16__ring__seed6,mlp_qmix,coord_grid,6,96,2425,12.0,25,0.98081,0.33662153141839163,1.1881166526249476,1.750678708020132
mlp_qmix__N16__ring__seed6,mlp_qmix,coord_grid,6,97,2450,8.0,25,0.9806120833333334,0.3439112951358159,1.395085871219635,1.7698431659955531
mlp_qmix__N16__ring__seed6,mlp_qmix,coord_grid,6,98,2475,13.0,25,0.9804141666666667,0.3075079495708148,1.2208320597807567,1.7887659160187468
mlp_qmix__N16__ring__seed6,mlp_qmix,coord_grid,6,99,2500,20.0,25,0.98021625,0.36792123566071194,1.0553459922472637,1.8076404160237871
mlp_qmix__N16__ring__seed6,mlp_qmix,coord_grid,6,100,2525,25.0,25,0.9800183333333333,0.3013889640569687,1.1939528243882316,1.8285025410004891
mlp_qmix__N16__ring__seed6,mlp_qmix,coord_grid,6,101,2550,14.0,25,0.9798204166666666,0.3046626150608063,2.1867549419403076,1.8475678330287337
mlp_qmix__N16__ring__seed6,mlp_qmix,coord_grid,6,102,2575,17.0,25,0.9796225,0.31723394493261975,1.74588547150294,1.8660782080260105
mlp_qmix__N16__ring__seed6,mlp_qmix,coord_grid,6,103,2600,32.0,25,0.9794245833333334,0.412087877591451,1.6317716240882874,1.8844602500321344
mlp_qmix__N16__ring__seed6,mlp_qmix,coord_grid,6,104,2625,13.0,25,0.9792266666666667,0.6739607240472522,4.597734349114554,1.9064474580227397
mlp_qmix__N16__ring__seed6,mlp_qmix,coord_grid,6,105,2650,25.0,25,0.97902875,0.4367811431487401,2.9127090175946555,1.9250329160131514
mlp_qmix__N16__ring__seed6,mlp_qmix,coord_grid,6,106,2675,13.0,25,0.9788308333333333,0.4282708714405696,2.4294257859388986,1.9448437910177745
mlp_qmix__N16__ring__seed6,mlp_qmix,coord_grid,6,107,2700,14.0,25,0.9786329166666666,0.47018199662367505,2.533052603403727,1.9640534580103122
mlp_qmix__N16__ring__seed6,mlp_qmix,coord_grid,6,108,2725,15.0,25,0.9784349999999999,0.4349373834473746,2.0011078459875926,1.9846679160255007
mlp_qmix__N16__ring__seed6,mlp_qmix,coord_grid,6,109,2750,11.0,25,0.9782370833333334,0.3771327386299769,2.3947441577911377,2.003517125034705
mlp_qmix__N16__ring__seed6,mlp_qmix,coord_grid,6,110,2775,14.0,25,0.9780391666666667,0.3711680769920349,1.981031874815623,2.022951166029088
mlp_qmix__N16__ring__seed6,mlp_qmix,coord_grid,6,111,2800,27.0,25,0.97784125,0.3434007912874222,1.7488258282343547,2.0416968329809606
mlp_qmix__N16__ring__seed6,mlp_qmix,coord_grid,6,112,2825,21.0,25,0.9776433333333333,0.42814052956444876,1.2993741716657365,2.0631792910280637
mlp_qmix__N16__ring__seed6,mlp_qmix,coord_grid,6,113,2850,17.0,25,0.9774454166666666,0.4158034846186638,1.9816079537073772,2.081954041030258
mlp_qmix__N16__ring__seed6,mlp_qmix,coord_grid,6,114,2875,17.0,25,0.9772475,0.396173636118571,2.3099504113197327,2.101008083031047
mlp_qmix__N16__ring__seed6,mlp_qmix,coord_grid,6,115,2900,16.0,25,0.9770495833333334,0.5675979653994242,1.7557942271232605,2.1193322080071084
mlp_qmix__N16__ring__seed6,mlp_qmix,coord_grid,6,116,2925,25.0,25,0.9768516666666667,0.3153312930038997,1.498110898903438,2.1412192080169916
mlp_qmix__N16__ring__seed6,mlp_qmix,coord_grid,6,117,2950,16.0,25,0.97665375,0.4806561966737111,2.5026678442955017,2.1598810410359874
mlp_qmix__N16__ring__seed6,mlp_qmix,coord_grid,6,118,2975,9.0,25,0.9764558333333333,0.4538926233847936,2.445978899796804,2.1790124580147676
mlp_qmix__N16__ring__seed6,mlp_qmix,coord_grid,6,119,3000,9.0,25,0.9762579166666667,0.3972722887992859,2.074509600798289,2.1990787080139853
mlp_qmix__N16__ring__seed6,mlp_qmix,coord_grid,6,120,3025,13.0,25,0.97606,0.5016034926686969,2.1402380636760165,2.2203180830110796
mlp_qmix__N16__ring__seed6,mlp_qmix,coord_grid,6,121,3050,13.0,25,0.9758620833333334,0.3506103331844012,1.7285956343015034,2.2397627910249867
mlp_qmix__N16__ring__seed6,mlp_qmix,coord_grid,6,122,3075,18.0,25,0.9756641666666667,0.4330978989601135,1.904229958852132,2.258511416031979
mlp_qmix__N16__ring__seed6,mlp_qmix,coord_grid,6,123,3100,16.0,25,0.97546625,0.4268438716729482,1.887168526649475,2.2774227500194684
mlp_qmix__N16__ring__seed6,mlp_qmix,coord_grid,6,124,3125,16.0,25,0.9752683333333333,0.36020102884088245,2.196537937436785,2.298529291001614
mlp_qmix__N16__ring__seed6,mlp_qmix,coord_grid,6,125,3150,17.0,25,0.9750704166666667,0.4298715541760127,2.4070145885149636,2.316903708036989
mlp_qmix__N16__ring__seed6,mlp_qmix,coord_grid,6,126,3175,21.0,25,0.9748725,0.42968590060869855,2.7114372650782266,2.3353522500256076
mlp_qmix__N16__ring__seed6,mlp_qmix,coord_grid,6,127,3200,13.0,25,0.9746745833333333,0.4784241219361623,2.8544017672538757,2.3540942079853266
mlp_qmix__N16__ring__seed6,mlp_qmix,coord_grid,6,128,3225,10.0,25,0.9744766666666667,0.39481716070856365,2.832906041826521,2.375147124985233
mlp_qmix__N16__ring__seed6,mlp_qmix,coord_grid,6,129,3250,20.0,25,0.97427875,0.3807707726955414,2.639978547890981,2.3936814999906346
mlp_qmix__N16__ring__seed6,mlp_qmix,coord_grid,6,130,3275,23.0,25,0.9740808333333333,0.522980143626531,2.888095796108246,2.4126615410204977
mlp_qmix__N16__ring__seed6,mlp_qmix,coord_grid,6,131,3300,21.0,25,0.9738829166666667,0.41722237567106885,3.9734760324160256,2.4311827910132706
mlp_qmix__N16__ring__seed6,mlp_qmix,coord_grid,6,132,3325,15.0,25,0.973685,0.434585656438555,2.160229887281145,2.451988374989014
mlp_qmix__N16__ring__seed6,mlp_qmix,coord_grid,6,133,3350,17.0,25,0.9734870833333333,0.4311270813147227,1.682293285926183,2.470956999983173
mlp_qmix__N16__ring__seed6,mlp_qmix,coord_grid,6,134,3375,20.0,25,0.9732891666666666,0.37558212379614514,1.9848094979921977,2.489577166037634
mlp_qmix__N16__ring__seed6,mlp_qmix,coord_grid,6,135,3400,13.0,25,0.97309125,0.48838664094607037,2.5927712519963584,2.5093672079965472
mlp_qmix__N16__ring__seed6,mlp_qmix,coord_grid,6,136,3425,12.0,25,0.9728933333333334,0.6079379788466862,5.51579475402832,2.5303386250161566
mlp_qmix__N16__ring__seed6,mlp_qmix,coord_grid,6,137,3450,10.0,25,0.9726954166666667,0.4362026701370875,5.695596178372701,2.5495897909859195
mlp_qmix__N16__ring__seed6,mlp_qmix,coord_grid,6,138,3475,16.0,25,0.9724975,0.4456295470396678,4.162023266156514,2.568259833031334
mlp_qmix__N16__ring__seed6,mlp_qmix,coord_grid,6,139,3500,14.0,25,0.9722995833333333,0.4391862352689107,4.6458090742429095,2.5869516659877263
mlp_qmix__N16__ring__seed6,mlp_qmix,coord_grid,6,140,3525,31.0,25,0.9721016666666666,0.5843710899353027,3.546269944735936,2.608571666001808
mlp_qmix__N16__ring__seed6,mlp_qmix,coord_grid,6,141,3550,14.0,25,0.97190375,0.5372523069381714,3.295888125896454,2.62738545803586
mlp_qmix__N16__ring__seed6,mlp_qmix,coord_grid,6,142,3575,15.0,25,0.9717058333333334,0.5168507297833761,2.1696940064430237,2.6465824160259217
mlp_qmix__N16__ring__seed6,mlp_qmix,coord_grid,6,143,3600,15.0,25,0.9715079166666667,0.36959999799728394,1.4992413918177288,2.6649967079865746
mlp_qmix__N16__ring__seed6,mlp_qmix,coord_grid,6,144,3625,11.0,25,0.97131,0.323923191853932,2.3552823066711426,2.6858637499972247
mlp_qmix__N16__ring__seed6,mlp_qmix,coord_grid,6,145,3650,15.0,25,0.9711120833333333,0.6604983061552048,2.452203353246053,2.70498741598567
mlp_qmix__N16__ring__seed6,mlp_qmix,coord_grid,6,146,3675,16.0,25,0.9709141666666666,0.47913583119710285,2.7289714217185974,2.7237313329824246
mlp_qmix__N16__ring__seed6,mlp_qmix,coord_grid,6,147,3700,22.0,25,0.97071625,0.4310248792171478,1.5821581880251567,2.7427651659818366
mlp_qmix__N16__ring__seed6,mlp_qmix,coord_grid,6,148,3725,15.0,25,0.9705183333333334,0.3311595469713211,1.5885344573429652,2.764193458016962
mlp_qmix__N16__ring__seed6,mlp_qmix,coord_grid,6,149,3750,7.0,25,0.9703204166666667,0.3490514010190964,1.630564033985138,2.7832454160088673
mlp_qmix__N16__ring__seed6,mlp_qmix,coord_grid,6,150,3775,15.0,25,0.9701225,0.417806513607502,1.9292517105738323,2.80223145801574
mlp_qmix__N16__ring__seed6,mlp_qmix,coord_grid,6,151,3800,15.0,25,0.9699245833333333,0.3768398513396581,2.078827997048696,2.821671499987133
mlp_qmix__N16__ring__seed6,mlp_qmix,coord_grid,6,152,3825,18.0,25,0.9697266666666666,0.5566178347383227,3.123161486216954,2.843020250031259
mlp_qmix__N16__ring__seed6,mlp_qmix,coord_grid,6,153,3850,14.0,25,0.96952875,0.4674353102842967,2.141646087169647,2.861994708015118
mlp_qmix__N16__ring__seed6,mlp_qmix,coord_grid,6,154,3875,25.0,25,0.9693308333333334,0.36816031237443286,2.4408820072809854,2.8808865000028163
mlp_qmix__N16__ring__seed6,mlp_qmix,coord_grid,6,155,3900,18.0,25,0.9691329166666667,0.39967110753059387,1.891964813073476,2.899625707999803
mlp_qmix__N16__ring__seed6,mlp_qmix,coord_grid,6,156,3925,16.0,25,0.968935,0.47636484248297556,2.180372187069484,2.9210962500073947
mlp_qmix__N16__ring__seed6,mlp_qmix,coord_grid,6,157,3950,22.0,25,0.9687370833333333,0.4492182210087776,2.1053975224494934,2.9402136250282638
mlp_qmix__N16__ring__seed6,mlp_qmix,coord_grid,6,158,3975,20.0,25,0.9685391666666666,0.5199933350086212,2.910114904244741,2.960585583001375
mlp_qmix__N16__ring__seed6,mlp_qmix,coord_grid,6,159,4000,14.0,25,0.96834125,0.5185278505086899,3.114427626132965,2.979476833017543
mlp_qmix__N16__ring__seed6,mlp_qmix,coord_grid,6,160,4025,5.0,25,0.9681433333333334,0.41026431960718973,2.0877273763929094,3.001177333004307
mlp_qmix__N16__ring__seed6,mlp_qmix,coord_grid,6,161,4050,14.0,25,0.9679454166666667,0.48558000723520917,1.7754229505856831,3.02019587502582
mlp_qmix__N16__ring__seed6,mlp_qmix,coord_grid,6,162,4075,17.0,25,0.9677475,0.4024959405263265,2.8834055264790854,3.0398560410249047
mlp_qmix__N16__ring__seed6,mlp_qmix,coord_grid,6,163,4100,11.0,25,0.9675495833333333,0.41825102021296817,2.3771976033846536,3.059260500012897
mlp_qmix__N16__ring__seed6,mlp_qmix,coord_grid,6,164,4125,14.0,25,0.9673516666666667,0.44044971466064453,2.6273221288408553,3.080430750036612
mlp_qmix__N16__ring__seed6,mlp_qmix,coord_grid,6,165,4150,27.0,25,0.96715375,0.36723680297533673,3.6441148122151694,3.099460083001759
mlp_qmix__N16__ring__seed6,mlp_qmix,coord_grid,6,166,4175,21.0,25,0.9669558333333333,0.2965703209241231,2.716579576333364,3.1188410830218345
mlp_qmix__N16__ring__seed6,mlp_qmix,coord_grid,6,167,4200,17.0,25,0.9667579166666667,0.46393924951553345,2.1462710897127786,3.1375110000371933
mlp_qmix__N16__ring__seed6,mlp_qmix,coord_grid,6,168,4225,25.0,25,0.96656,0.727753758430481,9.031373330524989,3.15838270803215
mlp_qmix__N16__ring__seed6,mlp_qmix,coord_grid,6,169,4250,17.0,25,0.9663620833333333,0.7043453355630239,7.406937638918559,3.177318375033792
mlp_qmix__N16__ring__seed6,mlp_qmix,coord_grid,6,170,4275,15.0,25,0.9661641666666667,0.5796487828095754,4.982887824376424,3.1963792080059648
mlp_qmix__N16__ring__seed6,mlp_qmix,coord_grid,6,171,4300,25.0,25,0.96596625,0.5704178363084793,4.894772370656331,3.216408332984429
mlp_qmix__N16__ring__seed6,mlp_qmix,coord_grid,6,172,4325,15.0,25,0.9657683333333333,0.4767566238130842,4.147086790629795,3.2373946660081856
mlp_qmix__N16__ring__seed6,mlp_qmix,coord_grid,6,173,4350,16.0,25,0.9655704166666667,0.4675897757212321,2.9947795271873474,3.2563775830203667
mlp_qmix__N16__ring__seed6,mlp_qmix,coord_grid,6,174,4375,25.0,25,0.9653725,0.5948428213596344,2.7139220237731934,3.27522820798913
mlp_qmix__N16__ring__seed6,mlp_qmix,coord_grid,6,175,4400,13.0,25,0.9651745833333334,0.4984837422768275,2.820165455341339,3.2941973750130273
mlp_qmix__N16__ring__seed6,mlp_qmix,coord_grid,6,176,4425,19.0,25,0.9649766666666667,0.5398193086896624,2.527836731501988,3.3155019159894437
mlp_qmix__N16__ring__seed6,mlp_qmix,coord_grid,6,177,4450,15.0,25,0.96477875,0.5764118979374567,2.972991089026133,3.3341913750045933
mlp_qmix__N16__ring__seed6,mlp_qmix,coord_grid,6,178,4475,23.0,25,0.9645808333333333,0.4905294055740039,2.546730637550354,3.35320579103427
mlp_qmix__N16__ring__seed6,mlp_qmix,coord_grid,6,179,4500,14.0,25,0.9643829166666666,0.5791943520307541,3.087465544541677,3.372776333009824
mlp_qmix__N16__ring__seed6,mlp_qmix,coord_grid,6,180,4525,17.0,25,0.964185,0.5337304089750562,1.6370363746370589,3.394470540981274
mlp_qmix__N16__ring__seed6,mlp_qmix,coord_grid,6,181,4550,21.0,25,0.9639870833333334,0.5021134366591772,1.9270896514256795,3.4133387909969315
mlp_qmix__N16__ring__seed6,mlp_qmix,coord_grid,6,182,4575,16.0,25,0.9637891666666667,0.49728824694951373,2.087316632270813,3.432285375020001
mlp_qmix__N16__ring__seed6,mlp_qmix,coord_grid,6,183,4600,22.0,25,0.96359125,0.3512500623861949,3.53990638256073,3.45122570800595
mlp_qmix__N16__ring__seed6,mlp_qmix,coord_grid,6,184,4625,9.0,25,0.9633933333333333,0.4885868728160858,2.1196215323039462,3.4725774999824353
mlp_qmix__N16__ring__seed6,mlp_qmix,coord_grid,6,185,4650,20.0,25,0.9631954166666666,0.45217926800251007,3.119792878627777,3.491212750028353
mlp_qmix__N16__ring__seed6,mlp_qmix,coord_grid,6,186,4675,24.0,25,0.9629975,0.4270571966965993,2.5394413272539773,3.5106377500342205
mlp_qmix__N16__ring__seed6,mlp_qmix,coord_grid,6,187,4700,18.0,25,0.9627995833333334,0.43406658867994946,2.7515811721483865,3.5296080409898423
mlp_qmix__N16__ring__seed6,mlp_qmix,coord_grid,6,188,4725,10.0,25,0.9626016666666667,0.6031373356069837,2.0536800622940063,3.550872583000455
mlp_qmix__N16__ring__seed6,mlp_qmix,coord_grid,6,189,4750,14.0,25,0.96240375,0.6224739054838816,1.9187597235043843,3.569972333032638
mlp_qmix__N16__ring__seed6,mlp_qmix,coord_grid,6,190,4775,13.0,25,0.9622058333333333,0.4131988286972046,2.3478082418441772,3.5891023330041207
mlp_qmix__N16__ring__seed6,mlp_qmix,coord_grid,6,191,4800,23.0,25,0.9620079166666666,0.479404220978419,2.0033658742904663,3.6079919160110876
mlp_qmix__N16__ring__seed6,mlp_qmix,coord_grid,6,192,4825,15.0,25,0.96181,0.5300763760294233,2.3341628994260515,3.6295827500289306
mlp_qmix__N16__ring__seed6,mlp_qmix,coord_grid,6,193,4850,27.0,25,0.9616120833333334,0.5495029240846634,3.2863001624743142,3.649109125020914
mlp_qmix__N16__ring__seed6,mlp_qmix,coord_grid,6,194,4875,23.0,25,0.9614141666666667,0.4112509985764821,2.752718766530355,3.668450875033159
mlp_qmix__N16__ring__seed6,mlp_qmix,coord_grid,6,195,4900,11.0,25,0.96121625,0.46757041414578754,2.1813746889432273,3.687695665983483
mlp_qmix__N16__ring__seed6,mlp_qmix,coord_grid,6,196,4925,12.0,25,0.9610183333333333,0.48574930003711153,2.6443309443337575,3.7090111250290647
mlp_qmix__N16__ring__seed6,mlp_qmix,coord_grid,6,197,4950,20.0,25,0.9608204166666666,0.5499089856942495,2.7466030518213906,3.7277536659967154
mlp_qmix__N16__ring__seed6,mlp_qmix,coord_grid,6,198,4975,20.0,25,0.9606225,0.5223830888668696,3.5695056716601052,3.746469583013095
mlp_qmix__N16__ring__seed6,mlp_qmix,coord_grid,6,199,5000,11.0,25,0.9604245833333334,0.459741214911143,3.549768408139547,3.765080749988556
mlp_qmix__N16__ring__seed6,mlp_qmix,coord_grid,6,200,5025,19.0,25,0.9602266666666667,0.7918658682278225,10.346295765468053,3.7867463750299066
mlp_qmix__N16__ring__seed6,mlp_qmix,coord_grid,6,201,5050,19.0,25,0.96002875,0.6568966805934906,7.981964906056722,3.805505416006781
mlp_qmix__N16__ring__seed6,mlp_qmix,coord_grid,6,202,5075,27.0,25,0.9598308333333333,0.7467095007499059,6.821651260058085,3.8258548750309274
mlp_qmix__N16__ring__seed6,mlp_qmix,coord_grid,6,203,5100,16.0,25,0.9596329166666666,0.8266515334447225,6.498736302057902,3.8463427079841495
mlp_qmix__N16__ring__seed6,mlp_qmix,coord_grid,6,204,5125,15.0,25,0.959435,0.6021270155906677,3.7041454826082503,3.8678578329854645
mlp_qmix__N16__ring__seed6,mlp_qmix,coord_grid,6,205,5150,12.0,25,0.9592370833333334,0.6126964092254639,4.386676291624705,3.8869681659853086
mlp_qmix__N16__ring__seed6,mlp_qmix,coord_grid,6,206,5175,12.0,25,0.9590391666666667,0.5135464916626612,3.7203876972198486,3.9063283749856055
mlp_qmix__N16__ring__seed6,mlp_qmix,coord_grid,6,207,5200,16.0,25,0.95884125,0.6524342447519302,3.177947441736857,3.9250939580379054
mlp_qmix__N16__ring__seed6,mlp_qmix,coord_grid,6,208,5225,19.0,25,0.9586433333333333,0.618169516324997,3.2991431270326887,3.947359125013463
mlp_qmix__N16__ring__seed6,mlp_qmix,coord_grid,6,209,5250,24.0,25,0.9584454166666667,0.5282327880462011,4.39678559700648,3.966716416005511
mlp_qmix__N16__ring__seed6,mlp_qmix,coord_grid,6,210,5275,20.0,25,0.9582475,0.5818410366773605,3.559627672036489,3.9856522909831256
mlp_qmix__N16__ring__seed6,mlp_qmix,coord_grid,6,211,5300,16.0,25,0.9580495833333333,0.5479030509789785,2.6616334915161133,4.004750833031721
mlp_qmix__N16__ring__seed6,mlp_qmix,coord_grid,6,212,5325,18.0,25,0.9578516666666667,0.6324658436434609,4.63163868018559,4.0261699160328135
mlp_qmix__N16__ring__seed6,mlp_qmix,coord_grid,6,213,5350,6.0,25,0.95765375,0.5251181821028391,3.077329138914744,4.045356040995102
mlp_qmix__N16__ring__seed6,mlp_qmix,coord_grid,6,214,5375,14.0,25,0.9574558333333333,0.4685458540916443,2.68373574813207,4.064287165994756
mlp_qmix__N16__ring__seed6,mlp_qmix,coord_grid,6,215,5400,24.0,25,0.9572579166666667,0.6862078656752905,2.9975541035334268,4.083445750002284
mlp_qmix__N16__ring__seed6,mlp_qmix,coord_grid,6,216,5425,11.0,25,0.95706,0.5035136256899152,3.58278557232448,4.104807666037232
mlp_qmix__N16__ring__seed6,mlp_qmix,coord_grid,6,217,5450,13.0,25,0.9568620833333333,0.5051517089207967,3.3134780526161194,4.1236555830109864
mlp_qmix__N16__ring__seed6,mlp_qmix,coord_grid,6,218,5475,18.0,25,0.9566641666666666,0.7126082628965378,3.4415306647618613,4.142718375020195
mlp_qmix__N16__ring__seed6,mlp_qmix,coord_grid,6,219,5500,16.0,25,0.95646625,0.5942780921856562,3.9579241077105203,4.161838375031948
mlp_qmix__N16__ring__seed6,mlp_qmix,coord_grid,6,220,5525,14.0,25,0.9562683333333333,0.6518551622118268,3.549193331173488,4.183380083006341
mlp_qmix__N16__ring__seed6,mlp_qmix,coord_grid,6,221,5550,11.0,25,0.9560704166666667,0.48064520955085754,2.164398809274038,4.202105708012823
mlp_qmix__N16__ring__seed6,mlp_qmix,coord_grid,6,222,5575,21.0,25,0.9558725,0.5166181772947311,3.4212996562321982,4.222616915998515
mlp_qmix__N16__ring__seed6,mlp_qmix,coord_grid,6,223,5600,19.0,25,0.9556745833333333,0.5790350784858068,3.7060047586758933,4.242248416005168
mlp_qmix__N16__ring__seed6,mlp_qmix,coord_grid,6,224,5625,11.0,25,0.9554766666666666,0.5471568150179726,3.9132794652666365,4.263312041002791
mlp_qmix__N16__ring__seed6,mlp_qmix,coord_grid,6,225,5650,18.0,25,0.95527875,0.5277585138877233,3.3645687103271484,4.285295916022733
mlp_qmix__N16__ring__seed6,mlp_qmix,coord_grid,6,226,5675,10.0,25,0.9550808333333334,0.47639306386311847,2.5181501706441245,4.30645266600186
mlp_qmix__N16__ring__seed6,mlp_qmix,coord_grid,6,227,5700,20.0,25,0.9548829166666667,0.403216227889061,2.682133456071218,4.3259965410106815
mlp_qmix__N16__ring__seed6,mlp_qmix,coord_grid,6,228,5725,22.0,25,0.954685,0.7099691586835044,4.635408163070679,4.348066749982536
mlp_qmix__N16__ring__seed6,mlp_qmix,coord_grid,6,229,5750,14.0,25,0.9544870833333333,0.7010103563467661,4.545650959014893,4.367460041015875
mlp_qmix__N16__ring__seed6,mlp_qmix,coord_grid,6,230,5775,8.0,25,0.9542891666666666,0.6614282379547755,2.515781064828237,4.386578332982026
mlp_qmix__N16__ring__seed6,mlp_qmix,coord_grid,6,231,5800,8.0,25,0.9540912500000001,0.6361230313777924,3.3618854880332947,4.40606225002557
mlp_qmix__N16__ring__seed6,mlp_qmix,coord_grid,6,232,5825,17.0,25,0.9538933333333334,0.9090662215437207,11.355366230010986,4.42769749998115
mlp_qmix__N16__ring__seed6,mlp_qmix,coord_grid,6,233,5850,17.0,25,0.9536954166666667,0.7117595473925272,6.49812380472819,4.446631416038144
mlp_qmix__N16__ring__seed6,mlp_qmix,coord_grid,6,234,5875,16.0,25,0.9534975,0.7124964048465093,7.566170732180278,4.465639250003733
mlp_qmix__N16__ring__seed6,mlp_qmix,coord_grid,6,235,5900,22.0,25,0.9532995833333333,0.5988801966110865,3.6494590441385903,4.4863302080193534
mlp_qmix__N16__ring__seed6,mlp_qmix,coord_grid,6,236,5925,28.0,25,0.9531016666666666,0.6534782648086548,4.124596289225987,4.509006333013531
mlp_qmix__N16__ring__seed6,mlp_qmix,coord_grid,6,237,5950,20.0,25,0.95290375,0.6358512987693151,3.7698156436284385,4.528100083000027
mlp_qmix__N16__ring__seed6,mlp_qmix,coord_grid,6,238,5975,15.0,25,0.9527058333333334,0.6481342415014902,3.7274277210235596,4.547632583009545
mlp_qmix__N16__ring__seed6,mlp_qmix,coord_grid,6,239,6000,19.0,25,0.9525079166666667,0.5693850566943487,3.6846118768056235,4.566468833014369
mlp_qmix__N16__ring__seed6,mlp_qmix,coord_grid,6,240,6025,16.0,25,0.95231,0.5199713110923767,2.778484037944249,4.587767124990933
mlp_qmix__N16__ring__seed6,mlp_qmix,coord_grid,6,241,6050,17.0,25,0.9521120833333333,0.4540948619445165,2.980408569176992,4.6068124159937724
mlp_qmix__N16__ring__seed6,mlp_qmix,coord_grid,6,242,6075,25.0,25,0.9519141666666666,0.7792007227738699,3.545838713645935,4.625684083031956
mlp_qmix__N16__ring__seed6,mlp_qmix,coord_grid,6,243,6100,25.0,25,0.95171625,0.5309916088978449,4.0934063990910845,4.645151790988166
mlp_qmix__N16__ring__seed6,mlp_qmix,coord_grid,6,244,6125,15.0,25,0.9515183333333334,0.6098222136497498,3.575867874281747,4.666624166013207
mlp_qmix__N16__ring__seed6,mlp_qmix,coord_grid,6,245,6150,17.0,25,0.9513204166666667,0.4707099397977193,3.3706486225128174,4.685743083013222
mlp_qmix__N16__ring__seed6,mlp_qmix,coord_grid,6,246,6175,20.0,25,0.9511225,0.4856726825237274,4.401901880900065,4.704975125030614
mlp_qmix__N16__ring__seed6,mlp_qmix,coord_grid,6,247,6200,11.0,25,0.9509245833333333,0.4514293670654297,2.704718550046285,4.724142083025072
mlp_qmix__N16__ring__seed6,mlp_qmix,coord_grid,6,248,6225,23.0,25,0.9507266666666667,0.6153072076184409,4.28135701588222,4.745978458027821
mlp_qmix__N16__ring__seed6,mlp_qmix,coord_grid,6,249,6250,28.0,25,0.95052875,0.5524821281433105,3.3038490215937295,4.765386749990284
mlp_qmix__N16__ring__seed6,mlp_qmix,coord_grid,6,250,6275,23.0,25,0.9503308333333333,0.45936725040276843,3.8760579427083335,4.784377750009298
mlp_qmix__N16__ring__seed6,mlp_qmix,coord_grid,6,251,6300,11.0,25,0.9501329166666667,0.686564693848292,3.492185115814209,4.802833916037343
mlp_qmix__N16__ring__seed6,mlp_qmix,coord_grid,6,252,6325,18.0,25,0.949935,0.6841506106512887,4.2148721899305075,4.824532125028782
mlp_qmix__N16__ring__seed6,mlp_qmix,coord_grid,6,253,6350,30.0,25,0.9497370833333333,0.6701063960790634,3.7609309951464334,4.844597749994136
mlp_qmix__N16__ring__seed6,mlp_qmix,coord_grid,6,254,6375,18.0,25,0.9495391666666667,0.7356658478577932,3.818665305773417,4.863548749999609
mlp_qmix__N16__ring__seed6,mlp_qmix,coord_grid,6,255,6400,15.0,25,0.94934125,0.6556250105301539,4.110305964946747,4.882761374989059
mlp_qmix__N16__ring__seed6,mlp_qmix,coord_grid,6,256,6425,16.0,25,0.9491433333333333,0.5829589324338096,4.74302305494036,4.90510308300145
mlp_qmix__N16__ring__seed6,mlp_qmix,coord_grid,6,257,6450,17.0,25,0.9489454166666667,0.47404528905948,3.4089063803354898,4.924528500007
mlp_qmix__N16__ring__seed6,mlp_qmix,coord_grid,6,258,6475,20.0,25,0.9487475,0.5945871074994405,4.040431201457977,4.943336500029545
mlp_qmix__N16__ring__seed6,mlp_qmix,coord_grid,6,259,6500,12.0,25,0.9485495833333333,0.6385869085788727,3.0868395964304605,4.962747791025322
mlp_qmix__N16__ring__seed6,mlp_qmix,coord_grid,6,260,6525,18.0,25,0.9483516666666667,0.7664710368428912,4.150067942483084,4.984111208003014
mlp_qmix__N16__ring__seed6,mlp_qmix,coord_grid,6,261,6550,17.0,25,0.94815375,0.6759953002134959,4.120706041653951,5.0033582909964025
mlp_qmix__N16__ring__seed6,mlp_qmix,coord_grid,6,262,6575,23.0,25,0.9479558333333333,0.5405033479134241,3.582214097181956,5.0228360000182875
mlp_qmix__N16__ring__seed6,mlp_qmix,coord_grid,6,263,6600,14.0,25,0.9477579166666666,0.5369773358106613,3.4816871086756387,5.042410625028424
mlp_qmix__N16__ring__seed6,mlp_qmix,coord_grid,6,264,6625,15.0,25,0.94756,1.016249194741249,12.3067068031856,5.064393749984447
mlp_qmix__N16__ring__seed6,mlp_qmix,coord_grid,6,265,6650,19.0,25,0.9473620833333334,0.8320083816846212,9.332108656565348,5.083998166024685
mlp_qmix__N16__ring__seed6,mlp_qmix,coord_grid,6,266,6675,11.0,25,0.9471641666666667,0.654460589090983,6.282454450925191,5.1034079160308465
mlp_qmix__N16__ring__seed6,mlp_qmix,coord_grid,6,267,6700,15.0,25,0.94696625,0.6385400742292404,6.349325815836589,5.122660749999341
mlp_qmix__N16__ring__seed6,mlp_qmix,coord_grid,6,268,6725,11.0,25,0.9467683333333333,0.6194641675267901,6.111148289271763,5.14472666598158
mlp_qmix__N16__ring__seed6,mlp_qmix,coord_grid,6,269,6750,11.0,25,0.9465704166666666,0.5873535921176275,6.310604532559712,5.163838458014652
mlp_qmix__N16__ring__seed6,mlp_qmix,coord_grid,6,270,6775,14.0,25,0.9463725000000001,0.725362757841746,3.5983784596125283,5.183040250034537
mlp_qmix__N16__ring__seed6,mlp_qmix,coord_grid,6,271,6800,7.0,25,0.9461745833333334,0.6186720579862595,4.546407103538513,5.20192170800874
mlp_qmix__N16__ring__seed6,mlp_qmix,coord_grid,6,272,6825,22.0,25,0.9459766666666667,0.7787055607352938,4.557612827845982,5.224117707984988
mlp_qmix__N16__ring__seed6,mlp_qmix,coord_grid,6,273,6850,15.0,25,0.94577875,0.6826087981462479,5.406535426775615,5.242846416018438
mlp_qmix__N16__ring__seed6,mlp_qmix,coord_grid,6,274,6875,25.0,25,0.9455808333333333,0.6322170744339625,3.5997432867685952,5.262087500013877
mlp_qmix__N16__ring__seed6,mlp_qmix,coord_grid,6,275,6900,18.0,25,0.9453829166666666,0.8782392789920171,4.578067064285278,5.281539249990601
mlp_qmix__N16__ring__seed6,mlp_qmix,coord_grid,6,276,6925,14.0,25,0.945185,0.6330051677567619,6.797971657344273,5.303397500014398
mlp_qmix__N16__ring__seed6,mlp_qmix,coord_grid,6,277,6950,19.0,25,0.9449870833333334,0.6101025541623434,3.3722386757532754,5.322609416034538
mlp_qmix__N16__ring__seed6,mlp_qmix,coord_grid,6,278,6975,22.0,25,0.9447891666666667,0.5829974661270777,3.074721654256185,5.34228704101406
mlp_qmix__N16__ring__seed6,mlp_qmix,coord_grid,6,279,7000,19.0,25,0.94459125,0.6906044681866964,3.082136591275533,5.361412208003458
mlp_qmix__N16__ring__seed6,mlp_qmix,coord_grid,6,280,7025,15.0,25,0.9443933333333333,0.5933205953666142,5.071133375167847,5.383278875029646
mlp_qmix__N16__ring__seed6,mlp_qmix,coord_grid,6,281,7050,17.0,25,0.9441954166666666,0.8388199408849081,4.291829069455464,5.402350875025149
mlp_qmix__N16__ring__seed6,mlp_qmix,coord_grid,6,282,7075,13.0,25,0.9439975,0.6240922709306082,7.095090389251709,5.422176791005768
mlp_qmix__N16__ring__seed6,mlp_qmix,coord_grid,6,283,7100,16.0,25,0.9437995833333334,0.5525442560513815,5.486231327056885,5.441500624991022
mlp_qmix__N16__ring__seed6,mlp_qmix,coord_grid,6,284,7125,24.0,25,0.9436016666666667,0.5920696343694415,2.875621165548052,5.462895333010238
mlp_qmix__N16__ring__seed6,mlp_qmix,coord_grid,6,285,7150,17.0,25,0.94340375,0.82511022935311,4.234796484311421,5.482167416019365
mlp_qmix__N16__ring__seed6,mlp_qmix,coord_grid,6,286,7175,15.0,25,0.9432058333333333,0.5731450219949087,3.399667580922445,5.501521958038211
mlp_qmix__N16__ring__seed6,mlp_qmix,coord_grid,6,287,7200,20.0,25,0.9430079166666667,0.7107211053371429,3.7580737272898355,5.520935832988471
mlp_qmix__N16__ring__seed6,mlp_qmix,coord_grid,6,288,7225,12.0,25,0.94281,0.6390694337231773,2.5627286434173584,5.542219249997288
mlp_qmix__N16__ring__seed6,mlp_qmix,coord_grid,6,289,7250,13.0,25,0.9426120833333334,0.4814880092938741,3.903708895047506,5.561608290998265
mlp_qmix__N16__ring__seed6,mlp_qmix,coord_grid,6,290,7275,26.0,25,0.9424141666666667,0.6557614256938299,4.319469889005025,5.580961500003468
mlp_qmix__N16__ring__seed6,mlp_qmix,coord_grid,6,291,7300,14.0,25,0.94221625,0.8115834693113962,4.121314167976379,5.600491625024006
mlp_qmix__N16__ring__seed6,mlp_qmix,coord_grid,6,292,7325,13.0,25,0.9420183333333333,0.9827199876308441,4.11622725214277,5.622155541030224
mlp_qmix__N16__ring__seed6,mlp_qmix,coord_grid,6,293,7350,18.0,25,0.9418204166666667,0.6294540017843246,6.405057152112325,5.641484250023495
mlp_qmix__N16__ring__seed6,mlp_qmix,coord_grid,6,294,7375,19.0,25,0.9416225,0.5672595749298731,4.340707898139954,5.661089000001084
mlp_qmix__N16__ring__seed6,mlp_qmix,coord_grid,6,295,7400,12.0,25,0.9414245833333333,0.5419981529315313,3.8231253226598105,5.680728750012349
mlp_qmix__N16__ring__seed6,mlp_qmix,coord_grid,6,296,7425,19.0,25,0.9412266666666667,1.0288724303245544,16.574776445116317,5.702273791015614
mlp_qmix__N16__ring__seed6,mlp_qmix,coord_grid,6,297,7450,11.0,25,0.94102875,0.7183607071638107,10.318366746107737,5.721234708034899
mlp_qmix__N16__ring__seed6,mlp_qmix,coord_grid,6,298,7475,27.0,25,0.9408308333333333,0.7566499412059784,4.296447674433391,5.740311250032391
mlp_qmix__N16__ring__seed6,mlp_qmix,coord_grid,6,299,7500,12.0,25,0.9406329166666667,0.7251153588294983,3.1340407927831015,5.759451958001591
mlp_qmix__N16__ring__seed6,mlp_qmix,coord_grid,6,300,7525,23.0,25,0.940435,0.5961704211575645,3.570310252053397,5.781054291001055
mlp_qmix__N16__ring__seed6,mlp_qmix,coord_grid,6,301,7550,23.0,25,0.9402370833333333,0.6044875532388687,3.971709132194519,5.8000829159864224
mlp_qmix__N16__ring__seed6,mlp_qmix,coord_grid,6,302,7575,7.0,25,0.9400391666666666,0.7558435599009196,6.621915062268575,5.81917999999132
mlp_qmix__N16__ring__seed6,mlp_qmix,coord_grid,6,303,7600,15.0,25,0.93984125,0.8071458985408148,6.017882029215495,5.839609500020742
mlp_qmix__N16__ring__seed6,mlp_qmix,coord_grid,6,304,7625,15.0,25,0.9396433333333334,0.7065857521125248,6.047058650425503,5.861714416008908
mlp_qmix__N16__ring__seed6,mlp_qmix,coord_grid,6,305,7650,19.0,25,0.9394454166666667,0.847611665725708,10.260082681973776,5.881303208007012
mlp_qmix__N16__ring__seed6,mlp_qmix,coord_grid,6,306,7675,18.0,25,0.9392475,0.9070953031380972,8.606370170911154,5.900875332998112
mlp_qmix__N16__ring__seed6,mlp_qmix,coord_grid,6,307,7700,7.0,25,0.9390495833333333,0.8810254434744517,9.914177894592285,5.9203909580246545
mlp_qmix__N16__ring__seed6,mlp_qmix,coord_grid,6,308,7725,17.0,25,0.9388516666666666,0.9851256608963013,5.034600496292114,5.942233916022815
mlp_qmix__N16__ring__seed6,mlp_qmix,coord_grid,6,309,7750,18.0,25,0.9386537500000001,0.6425104588270187,4.808665593465169,5.9614269160083495
mlp_qmix__N16__ring__seed6,mlp_qmix,coord_grid,6,310,7775,16.0,25,0.9384558333333334,0.8641081353028616,3.7416734298070273,5.980915124993771
mlp_qmix__N16__ring__seed6,mlp_qmix,coord_grid,6,311,7800,16.0,25,0.9382579166666667,0.7078578571478525,4.045369982719421,6.000377000018489
mlp_qmix__N16__ring__seed6,mlp_qmix,coord_grid,6,312,7825,13.0,25,0.93806,0.6628260867936271,4.664315393992832,6.022261750011239
mlp_qmix__N16__ring__seed6,mlp_qmix,coord_grid,6,313,7850,20.0,25,0.9378620833333333,0.7673087368408839,4.0229246616363525,6.041402833012398
mlp_qmix__N16__ring__seed6,mlp_qmix,coord_grid,6,314,7875,13.0,25,0.9376641666666666,1.1621087888876598,3.5619835456212363,6.060209124989342
mlp_qmix__N16__ring__seed6,mlp_qmix,coord_grid,6,315,7900,20.0,25,0.9374662500000001,0.7174955954154333,4.768619457880656,6.079423375020269
mlp_qmix__N16__ring__seed6,mlp_qmix,coord_grid,6,316,7925,15.0,25,0.9372683333333334,0.7955993073327201,4.058850901467459,6.101109791023191
mlp_qmix__N16__ring__seed6,mlp_qmix,coord_grid,6,317,7950,17.0,25,0.9370704166666667,0.7489515145619711,3.1850374937057495,6.12034629099071
mlp_qmix__N16__ring__seed6,mlp_qmix,coord_grid,6,318,7975,14.0,25,0.9368725,0.5889703929424286,4.8255075216293335,6.1402420829981565
mlp_qmix__N16__ring__seed6,mlp_qmix,coord_grid,6,319,8000,19.0,25,0.9366745833333333,0.5558378050724665,4.759858091672261,6.159677666029893
mlp_qmix__N16__ring__seed6,mlp_qmix,coord_grid,6,320,8025,13.0,25,0.9364766666666666,0.9568562848227364,4.093255145209176,6.181620958028361
mlp_qmix__N16__ring__seed6,mlp_qmix,coord_grid,6,321,8050,19.0,25,0.93627875,0.7996147274971008,5.711955785751343,6.2020149580203
mlp_qmix__N16__ring__seed6,mlp_qmix,coord_grid,6,322,8075,15.0,25,0.9360808333333334,0.7454912265141805,4.8877971569697065,6.221243790991139
mlp_qmix__N16__ring__seed6,mlp_qmix,coord_grid,6,323,8100,16.0,25,0.9358829166666667,0.8901339371999105,4.637094656626384,6.240616000024602
mlp_qmix__N16__ring__seed6,mlp_qmix,coord_grid,6,324,8125,20.0,25,0.935685,1.053773181779044,3.7582580702645436,6.262588332989253
mlp_qmix__N16__ring__seed6,mlp_qmix,coord_grid,6,325,8150,11.0,25,0.9354870833333333,0.6517904847860336,4.173122962315877,6.281634583021514
mlp_qmix__N16__ring__seed6,mlp_qmix,coord_grid,6,326,8175,9.0,25,0.9352891666666666,0.9420571774244308,4.117196202278137,6.300960041000508
mlp_qmix__N16__ring__seed6,mlp_qmix,coord_grid,6,327,8200,19.0,25,0.93509125,0.8482886950174967,4.660053531328837,6.32094187499024
mlp_qmix__N16__ring__seed6,mlp_qmix,coord_grid,6,328,8225,24.0,25,0.9348933333333334,1.0387272494179862,15.44230944769723,6.343110666028224
mlp_qmix__N16__ring__seed6,mlp_qmix,coord_grid,6,329,8250,18.0,25,0.9346954166666667,0.9704851508140564,9.794698397318522,6.362403916020412
mlp_qmix__N16__ring__seed6,mlp_qmix,coord_grid,6,330,8275,17.0,25,0.9344975,0.5939887960751852,14.463074644406637,6.381623791006859
mlp_qmix__N16__ring__seed6,mlp_qmix,coord_grid,6,331,8300,16.0,25,0.9342995833333333,0.8725775678952535,13.615612347920736,6.400488040992059
mlp_qmix__N16__ring__seed6,mlp_qmix,coord_grid,6,332,8325,17.0,25,0.9341016666666667,1.0010644452912467,7.831735474722726,6.422320166020654
mlp_qmix__N16__ring__seed6,mlp_qmix,coord_grid,6,333,8350,20.0,25,0.93390375,0.8355396836996078,7.85772983233134,6.441349915985484
mlp_qmix__N16__ring__seed6,mlp_qmix,coord_grid,6,334,8375,18.0,25,0.9337058333333333,0.7948257327079773,8.748939355214437,6.462578000035137
mlp_qmix__N16__ring__seed6,mlp_qmix,coord_grid,6,335,8400,22.0,25,0.9335079166666667,0.8649405886729559,6.3917990525563555,6.482187375018839
mlp_qmix__N16__ring__seed6,mlp_qmix,coord_grid,6,336,8425,16.0,25,0.93331,0.9189672682966504,3.8659955092838834,6.504077207995579
mlp_qmix__N16__ring__seed6,mlp_qmix,coord_grid,6,337,8450,18.0,25,0.9331120833333333,0.5953623950481415,3.007944027582804,6.523149250017013
mlp_qmix__N16__ring__seed6,mlp_qmix,coord_grid,6,338,8475,20.0,25,0.9329141666666667,0.5579437712828318,4.542797883351644,6.542431625013705
mlp_qmix__N16__ring__seed6,mlp_qmix,coord_grid,6,339,8500,19.0,25,0.93271625,0.7054652571678162,3.190486470858256,6.562386000005063
mlp_qmix__N16__ring__seed6,mlp_qmix,coord_grid,6,340,8525,17.0,25,0.9325183333333333,0.7492269320147378,4.04457688331604,6.584473208000418
mlp_qmix__N16__ring__seed6,mlp_qmix,coord_grid,6,341,8550,17.0,25,0.9323204166666667,0.7062402367591858,4.6509424050649,6.604010790993925
mlp_qmix__N16__ring__seed6,mlp_qmix,coord_grid,6,342,8575,27.0,25,0.9321225,0.7487086951732635,5.469910065333049,6.623588833026588
mlp_qmix__N16__ring__seed6,mlp_qmix,coord_grid,6,343,8600,21.0,25,0.9319245833333334,0.9505002349615097,5.020948529243469,6.64316245802911
mlp_qmix__N16__ring__seed6,mlp_qmix,coord_grid,6,344,8625,21.0,25,0.9317266666666667,0.6247237069266183,5.858502967017038,6.664705833012704
mlp_qmix__N16__ring__seed6,mlp_qmix,coord_grid,6,345,8650,17.0,25,0.93152875,0.7427576829989752,5.390988151232402,6.683796500030439
mlp_qmix__N16__ring__seed6,mlp_qmix,coord_grid,6,346,8675,16.0,25,0.9313308333333333,0.8648932774861654,6.9066881736119585,6.70285091601545
mlp_qmix__N16__ring__seed6,mlp_qmix,coord_grid,6,347,8700,27.0,25,0.9311329166666666,0.9753579348325729,5.983566204706828,6.722340541018639
mlp_qmix__N16__ring__seed6,mlp_qmix,coord_grid,6,348,8725,21.0,25,0.930935,0.5424637155873435,5.2289469582693915,6.743910791003145
mlp_qmix__N16__ring__seed6,mlp_qmix,coord_grid,6,349,8750,28.0,25,0.9307370833333333,0.7918680508931478,8.799922744433085,6.763319916033652
mlp_qmix__N16__ring__seed6,mlp_qmix,coord_grid,6,350,8775,21.0,25,0.9305391666666667,0.8674651285012563,9.981024344762167,6.782547375012655
mlp_qmix__N16__ring__seed6,mlp_qmix,coord_grid,6,351,8800,16.0,25,0.93034125,0.906754657626152,8.638694087664286,6.802797915996052
mlp_qmix__N16__ring__seed6,mlp_qmix,coord_grid,6,352,8825,15.0,25,0.9301433333333333,0.9988356402942112,10.7965430191585,6.825690750032663
mlp_qmix__N16__ring__seed6,mlp_qmix,coord_grid,6,353,8850,14.0,25,0.9299454166666666,1.1044381360212963,7.205495635668437,6.845604165981058
mlp_qmix__N16__ring__seed6,mlp_qmix,coord_grid,6,354,8875,12.0,25,0.9297475,0.8723549495140711,6.76483416557312,6.865241500025149
mlp_qmix__N16__ring__seed6,mlp_qmix,coord_grid,6,355,8900,14.0,25,0.9295495833333334,0.8115791082382202,8.72307026386261,6.884574666037224
mlp_qmix__N16__ring__seed6,mlp_qmix,coord_grid,6,356,8925,25.0,25,0.9293516666666667,0.8140125572681427,3.7245583534240723,6.906063125003129
mlp_qmix__N16__ring__seed6,mlp_qmix,coord_grid,6,357,8950,14.0,25,0.92915375,0.7458241432905197,4.539152542750041,6.9255685830139555
mlp_qmix__N16__ring__seed6,mlp_qmix,coord_grid,6,358,8975,33.0,25,0.9289558333333333,0.6794960200786591,4.645106375217438,6.945458666014019
mlp_qmix__N16__ring__seed6,mlp_qmix,coord_grid,6,359,9000,24.0,25,0.9287579166666666,0.776927188038826,4.85473773876826,6.965437332983129
mlp_qmix__N16__ring__seed6,mlp_qmix,coord_grid,6,360,9025,13.0,25,0.92856,1.1173214997564043,17.756406443459646,6.986770083021838
mlp_qmix__N16__ring__seed6,mlp_qmix,coord_grid,6,361,9050,14.0,25,0.9283620833333334,1.1212576230367024,17.449796835581463,7.0059695829986595
mlp_qmix__N16__ring__seed6,mlp_qmix,coord_grid,6,362,9075,25.0,25,0.9281641666666667,1.1560544222593307,12.59952187538147,7.02564612502465
mlp_qmix__N16__ring__seed6,mlp_qmix,coord_grid,6,363,9100,10.0,25,0.92796625,0.6136020570993423,8.534778992335001,7.04556841601152
mlp_qmix__N16__ring__seed6,mlp_qmix,coord_grid,6,364,9125,22.0,25,0.9277683333333333,0.8662673916135516,9.211393696921212,7.067697291029617
mlp_qmix__N16__ring__seed6,mlp_qmix,coord_grid,6,365,9150,18.0,25,0.9275704166666667,1.0044669608275096,8.755470593770346,7.087105375016108
mlp_qmix__N16__ring__seed6,mlp_qmix,coord_grid,6,366,9175,14.0,25,0.9273725,0.818968246380488,4.74523667494456,7.106347082997672
mlp_qmix__N16__ring__seed6,mlp_qmix,coord_grid,6,367,9200,23.0,25,0.9271745833333334,1.0605125327905018,4.7553179661432905,7.127498916001059
mlp_qmix__N16__ring__seed6,mlp_qmix,coord_grid,6,368,9225,13.0,25,0.9269766666666667,1.0137747185570853,6.508531502314976,7.149151500023436
mlp_qmix__N16__ring__seed6,mlp_qmix,coord_grid,6,369,9250,24.0,25,0.92677875,0.6894567807515463,6.705691854159038,7.1684314160374925
mlp_qmix__N16__ring__seed6,mlp_qmix,coord_grid,6,370,9275,17.0,25,0.9265808333333333,0.7837156231204668,6.192412535349528,7.188051333010662
mlp_qmix__N16__ring__seed6,mlp_qmix,coord_grid,6,371,9300,14.0,25,0.9263829166666666,0.7565025190512339,5.293127338091533,7.207511125016026
mlp_qmix__N16__ring__seed6,mlp_qmix,coord_grid,6,372,9325,20.0,25,0.926185,1.1669010860579354,6.393207107271467,7.229834041034337
mlp_qmix__N16__ring__seed6,mlp_qmix,coord_grid,6,373,9350,17.0,25,0.9259870833333333,1.2684929966926575,6.7046672105789185,7.248907250002958
mlp_qmix__N16__ring__seed6,mlp_qmix,coord_grid,6,374,9375,20.0,25,0.9257891666666667,1.1021157403786976,5.453438599904378,7.268095540988725
mlp_qmix__N16__ring__seed6,mlp_qmix,coord_grid,6,375,9400,27.0,25,0.92559125,0.9777981042861938,8.627858201662699,7.287368040997535
mlp_qmix__N16__ring__seed6,mlp_qmix,coord_grid,6,376,9425,18.0,25,0.9253933333333333,0.8115570672920772,6.444487231118338,7.309523500036448
mlp_qmix__N16__ring__seed6,mlp_qmix,coord_grid,6,377,9450,17.0,25,0.9251954166666667,0.9223565310239792,6.297810355822246,7.32954945799429
mlp_qmix__N16__ring__seed6,mlp_qmix,coord_grid,6,378,9475,15.0,25,0.9249975,0.8554156621297201,7.228066960970561,7.349769666034263
mlp_qmix__N16__ring__seed6,mlp_qmix,coord_grid,6,379,9500,15.0,25,0.9247995833333333,0.878575881322225,3.5939902861913047,7.369552166026551
mlp_qmix__N16__ring__seed6,mlp_qmix,coord_grid,6,380,9525,22.0,25,0.9246016666666667,0.8375079376356942,5.523347207478115,7.391404791036621
mlp_qmix__N16__ring__seed6,mlp_qmix,coord_grid,6,381,9550,16.0,25,0.92440375,1.2423698604106903,8.78249971071879,7.411210208025295
mlp_qmix__N16__ring__seed6,mlp_qmix,coord_grid,6,382,9575,9.0,25,0.9242058333333334,0.8617542634407679,5.203790148099263,7.430723124998622
mlp_qmix__N16__ring__seed6,mlp_qmix,coord_grid,6,383,9600,21.0,25,0.9240079166666667,0.5304101208845774,4.87866473197937,7.450012791028712
mlp_qmix__N16__ring__seed6,mlp_qmix,coord_grid,6,384,9625,20.0,25,0.92381,0.5570176265069416,4.859791994094849,7.472557957982644
mlp_qmix__N16__ring__seed6,mlp_qmix,coord_grid,6,385,9650,22.0,25,0.9236120833333333,0.6769370834032694,5.511239488919576,7.491940665990114
mlp_qmix__N16__ring__seed6,mlp_qmix,coord_grid,6,386,9675,12.0,25,0.9234141666666666,0.45179542899131775,3.897349158922831,7.511357708019204
mlp_qmix__N16__ring__seed6,mlp_qmix,coord_grid,6,387,9700,31.0,25,0.9232162500000001,0.64955173432827,4.635865211486816,7.530442000017501
mlp_qmix__N16__ring__seed6,mlp_qmix,coord_grid,6,388,9725,15.0,25,0.9230183333333334,0.6645449697971344,5.593001910618374,7.5519667500047944
mlp_qmix__N16__ring__seed6,mlp_qmix,coord_grid,6,389,9750,21.0,25,0.9228204166666667,0.5765356123447418,5.968377550443013,7.5715691660298035
mlp_qmix__N16__ring__seed6,mlp_qmix,coord_grid,6,390,9775,17.0,25,0.9226225,0.684458926320076,6.565605282783508,7.591394541028421
mlp_qmix__N16__ring__seed6,mlp_qmix,coord_grid,6,391,9800,19.0,25,0.9224245833333333,1.051009734471639,8.39114491144816,7.6114665000350215
mlp_qmix__N16__ring__seed6,mlp_qmix,coord_grid,6,392,9825,21.0,25,0.9222266666666666,1.0480886612619673,16.92996617725917,7.63376724999398
mlp_qmix__N16__ring__seed6,mlp_qmix,coord_grid,6,393,9850,26.0,25,0.92202875,0.8456140259901682,15.375205993652344,7.652869791025296
mlp_qmix__N16__ring__seed6,mlp_qmix,coord_grid,6,394,9875,18.0,25,0.9218308333333334,0.8179332911968231,7.167532761891683,7.672569958027452
mlp_qmix__N16__ring__seed6,mlp_qmix,coord_grid,6,395,9900,16.0,25,0.9216329166666667,0.8174708038568497,7.983447710673015,7.692156000004616
mlp_qmix__N16__ring__seed6,mlp_qmix,coord_grid,6,396,9925,13.0,25,0.921435,1.0148789031164986,7.682400158473423,7.714061415987089
mlp_qmix__N16__ring__seed6,mlp_qmix,coord_grid,6,397,9950,15.0,25,0.9212370833333333,0.7254212697347006,5.949999411900838,7.733654458017554
mlp_qmix__N16__ring__seed6,mlp_qmix,coord_grid,6,398,9975,13.0,25,0.9210391666666666,0.969838077823321,8.860811471939087,7.753362541028764
mlp_qmix__N16__ring__seed6,mlp_qmix,coord_grid,6,399,10000,12.0,25,0.9208412500000001,0.965682695309321,8.194318691889444,7.772797290992457
mlp_qmix__N16__ring__seed6,mlp_qmix,coord_grid,6,400,10025,12.0,25,0.9206433333333334,0.9240810189928327,4.906461988176618,7.794531958003063
mlp_qmix__N16__ring__seed6,mlp_qmix,coord_grid,6,401,10050,11.0,25,0.9204454166666667,0.7324770987033844,8.413935025533041,7.813995250035077
mlp_qmix__N16__ring__seed6,mlp_qmix,coord_grid,6,402,10075,17.0,25,0.9202475,1.1756497422854106,6.89171306292216,7.833402333024424
mlp_qmix__N16__ring__seed6,mlp_qmix,coord_grid,6,403,10100,8.0,25,0.9200495833333333,0.6125661929448446,6.293789625167847,7.8526085410267115
mlp_qmix__N16__ring__seed6,mlp_qmix,coord_grid,6,404,10125,21.0,25,0.9198516666666666,0.5459718108177185,6.449966737202236,7.875693125010002
mlp_qmix__N16__ring__seed6,mlp_qmix,coord_grid,6,405,10150,19.0,25,0.91965375,0.8734613110621771,6.549375851949056,7.895192708005197
mlp_qmix__N16__ring__seed6,mlp_qmix,coord_grid,6,406,10175,13.0,25,0.9194558333333334,0.5413216153780619,6.6461261510849,7.914862291014288
mlp_qmix__N16__ring__seed6,mlp_qmix,coord_grid,6,407,10200,17.0,25,0.9192579166666667,0.6949885884920756,5.70010765393575,7.934256708016619
mlp_qmix__N16__ring__seed6,mlp_qmix,coord_grid,6,408,10225,15.0,25,0.91906,0.6031814217567444,4.1744387831006735,7.95628049998777
mlp_qmix__N16__ring__seed6,mlp_qmix,coord_grid,6,409,10250,19.0,25,0.9188620833333333,1.1333363354206085,3.908375342686971,7.975667249993421
mlp_qmix__N16__ring__seed6,mlp_qmix,coord_grid,6,410,10275,24.0,25,0.9186641666666666,1.233962411681811,3.726460655530294,7.994706250028685
mlp_qmix__N16__ring__seed6,mlp_qmix,coord_grid,6,411,10300,9.0,25,0.91846625,0.7859277278184891,5.10086174805959,8.013968374987599
mlp_qmix__N16__ring__seed6,mlp_qmix,coord_grid,6,412,10325,22.0,25,0.9182683333333334,1.004346319607326,11.194653987884521,8.035659332992509
mlp_qmix__N16__ring__seed6,mlp_qmix,coord_grid,6,413,10350,11.0,25,0.9180704166666667,0.875437597433726,16.083918412526447,8.055099416000303
mlp_qmix__N16__ring__seed6,mlp_qmix,coord_grid,6,414,10375,16.0,25,0.9178725,0.9918058663606644,10.050259192784628,8.075246541004162
mlp_qmix__N16__ring__seed6,mlp_qmix,coord_grid,6,415,10400,14.0,25,0.9176745833333333,0.8751816054185232,7.741643150647481,8.094375415996183
mlp_qmix__N16__ring__seed6,mlp_qmix,coord_grid,6,416,10425,20.0,25,0.9174766666666667,1.198072143963405,11.836112022399902,8.115756165992934
mlp_qmix__N16__ring__seed6,mlp_qmix,coord_grid,6,417,10450,26.0,25,0.91727875,0.8250255038340887,12.66929280757904,8.135370250034612
mlp_qmix__N16__ring__seed6,mlp_qmix,coord_grid,6,418,10475,16.0,25,0.9170808333333333,0.8434266299009323,7.533367435137431,8.154678583028726
mlp_qmix__N16__ring__seed6,mlp_qmix,coord_grid,6,419,10500,22.0,25,0.9168829166666667,0.9194784512122472,8.750607450803122,8.175338583008852
mlp_qmix__N16__ring__seed6,mlp_qmix,coord_grid,6,420,10525,19.0,25,0.916685,0.8210737790380206,9.028741836547852,8.197532874997705
mlp_qmix__N16__ring__seed6,mlp_qmix,coord_grid,6,421,10550,28.0,25,0.9164870833333333,1.035247306029002,8.358448028564453,8.216762541036587
mlp_qmix__N16__ring__seed6,mlp_qmix,coord_grid,6,422,10575,23.0,25,0.9162891666666667,0.8714800377686819,9.200364430745443,8.236837416014168
mlp_qmix__N16__ring__seed6,mlp_qmix,coord_grid,6,423,10600,19.0,25,0.91609125,0.9587999482949575,7.074775338172913,8.256615708000027
mlp_qmix__N16__ring__seed6,mlp_qmix,coord_grid,6,424,10625,16.0,25,0.9158933333333333,1.3436165962900435,18.660708733967372,8.277875208004843
mlp_qmix__N16__ring__seed6,mlp_qmix,coord_grid,6,425,10650,16.0,25,0.9156954166666667,0.6555665284395218,10.251865108807882,8.297873708012048
mlp_qmix__N16__ring__seed6,mlp_qmix,coord_grid,6,426,10675,17.0,25,0.9154975,0.9689771930376688,9.563296476999918,8.317002541036345
mlp_qmix__N16__ring__seed6,mlp_qmix,coord_grid,6,427,10700,15.0,25,0.9152995833333333,0.8201829542716345,5.7741832335789995,8.336625875032041
mlp_qmix__N16__ring__seed6,mlp_qmix,coord_grid,6,428,10725,19.0,25,0.9151016666666667,0.6746240981987545,8.730016708374023,8.358624665997922
mlp_qmix__N16__ring__seed6,mlp_qmix,coord_grid,6,429,10750,25.0,25,0.91490375,0.9962882598241171,4.653729756673177,8.378404000017326
mlp_qmix__N16__ring__seed6,mlp_qmix,coord_grid,6,430,10775,21.0,25,0.9147058333333333,1.247881571451823,7.508911689122518,8.398203207994811
mlp_qmix__N16__ring__seed6,mlp_qmix,coord_grid,6,431,10800,21.0,25,0.9145079166666666,1.033666084210078,7.345362623532613,8.41766383301001
mlp_qmix__N16__ring__seed6,mlp_qmix,coord_grid,6,432,10825,24.0,25,0.91431,0.7934099563530513,10.659208025251116,8.439869541034568
mlp_qmix__N16__ring__seed6,mlp_qmix,coord_grid,6,433,10850,13.0,25,0.9141120833333334,0.6801039353013039,9.27210283279419,8.459579540998675
mlp_qmix__N16__ring__seed6,mlp_qmix,coord_grid,6,434,10875,22.0,25,0.9139141666666667,0.6745473941167196,7.358381350835164,8.478927791002207
mlp_qmix__N16__ring__seed6,mlp_qmix,coord_grid,6,435,10900,14.0,25,0.91371625,1.1319360832373302,11.424284219741821,8.498103125020862
mlp_qmix__N16__ring__seed6,mlp_qmix,coord_grid,6,436,10925,14.0,25,0.9135183333333333,1.2569497695990972,8.504230737686157,8.520002958015539
mlp_qmix__N16__ring__seed6,mlp_qmix,coord_grid,6,437,10950,33.0,25,0.9133204166666666,0.7777220656474432,4.153907060623169,8.540175333037041
mlp_qmix__N16__ring__seed6,mlp_qmix,coord_grid,6,438,10975,16.0,25,0.9131225000000001,0.8610725502173106,8.882916688919067,8.55986858299002
mlp_qmix__N16__ring__seed6,mlp_qmix,coord_grid,6,439,11000,15.0,25,0.9129245833333334,1.0060994724432628,14.128901720046997,8.579346832993906
mlp_qmix__N16__ring__seed6,mlp_qmix,coord_grid,6,440,11025,19.0,25,0.9127266666666667,1.1577231628554208,8.941460541316442,8.600977166031953
mlp_qmix__N16__ring__seed6,mlp_qmix,coord_grid,6,441,11050,20.0,25,0.91252875,0.854267343878746,8.75141716003418,8.621146458026487
mlp_qmix__N16__ring__seed6,mlp_qmix,coord_grid,6,442,11075,13.0,25,0.9123308333333333,1.5154419740041096,4.588708718617757,8.640481290989555
mlp_qmix__N16__ring__seed6,mlp_qmix,coord_grid,6,443,11100,20.0,25,0.9121329166666666,0.5590969423453013,5.867409388224284,8.660371375037357
mlp_qmix__N16__ring__seed6,mlp_qmix,coord_grid,6,444,11125,21.0,25,0.9119349999999999,1.2282425165176392,7.280288219451904,8.682016749982722
mlp_qmix__N16__ring__seed6,mlp_qmix,coord_grid,6,445,11150,13.0,25,0.9117370833333334,0.8466377904017767,5.452142755190532,8.70176604099106
mlp_qmix__N16__ring__seed6,mlp_qmix,coord_grid,6,446,11175,23.0,25,0.9115391666666667,0.6537556797266006,5.70991047223409,8.721111375023611
mlp_qmix__N16__ring__seed6,mlp_qmix,coord_grid,6,447,11200,15.0,25,0.91134125,1.2980728894472122,5.41553807258606,8.74069279100513
mlp_qmix__N16__ring__seed6,mlp_qmix,coord_grid,6,448,11225,18.0,25,0.9111433333333333,0.8027080595493317,8.862883567810059,8.762402958003804
mlp_qmix__N16__ring__seed6,mlp_qmix,coord_grid,6,449,11250,18.0,25,0.9109454166666666,1.5063083966573079,6.1485399802525835,8.782919374993071
mlp_qmix__N16__ring__seed6,mlp_qmix,coord_grid,6,450,11275,14.0,25,0.9107475,0.8176481227080027,10.492442409197489,8.803681791003328
mlp_qmix__N16__ring__seed6,mlp_qmix,coord_grid,6,451,11300,15.0,25,0.9105495833333334,1.0645586848258972,6.24289345741272,8.826041750027798
mlp_qmix__N16__ring__seed6,mlp_qmix,coord_grid,6,452,11325,21.0,25,0.9103516666666667,0.8554832126413073,7.525684458868844,8.84849770803703
mlp_qmix__N16__ring__seed6,mlp_qmix,coord_grid,6,453,11350,20.0,25,0.91015375,0.7425851772228876,6.719179550806682,8.868350500008091
mlp_qmix__N16__ring__seed6,mlp_qmix,coord_grid,6,454,11375,21.0,25,0.9099558333333333,0.9816648612419764,7.3639291524887085,8.888523625035305
mlp_qmix__N16__ring__seed6,mlp_qmix,coord_grid,6,455,11400,14.0,25,0.9097579166666667,1.2582651873429616,11.207501808802286,8.9085814160062
mlp_qmix__N16__ring__seed6,mlp_qmix,coord_grid,6,456,11425,13.0,25,0.90956,1.4858586532729012,18.529918875013077,8.932678583019879
mlp_qmix__N16__ring__seed6,mlp_qmix,coord_grid,6,457,11450,9.0,25,0.9093620833333333,0.8889193187157313,12.790581305821737,8.952561624988448
mlp_qmix__N16__ring__seed6,mlp_qmix,coord_grid,6,458,11475,20.0,25,0.9091641666666667,1.243956168492635,6.827252507209778,8.972246500023175
mlp_qmix__N16__ring__seed6,mlp_qmix,coord_grid,6,459,11500,15.0,25,0.90896625,1.0691759884357452,11.873725612958273,8.992576291027945
mlp_qmix__N16__ring__seed6,mlp_qmix,coord_grid,6,460,11525,16.0,25,0.9087683333333334,0.9698837229183742,7.499909162521362,9.014940500026569
mlp_qmix__N16__ring__seed6,mlp_qmix,coord_grid,6,461,11550,19.0,25,0.9085704166666667,1.1038852334022522,4.721773862838745,9.03497595799854
mlp_qmix__N16__ring__seed6,mlp_qmix,coord_grid,6,462,11575,26.0,25,0.9083725,1.074093262354533,4.6217488050460815,9.054204458021559
mlp_qmix__N16__ring__seed6,mlp_qmix,coord_grid,6,463,11600,23.0,25,0.9081745833333333,0.6989761392275492,5.000541567802429,9.073642875009682
mlp_qmix__N16__ring__seed6,mlp_qmix,coord_grid,6,464,11625,23.0,25,0.9079766666666667,1.1911271214485168,6.8528044904981344,9.09529141598614
mlp_qmix__N16__ring__seed6,mlp_qmix,coord_grid,6,465,11650,26.0,25,0.90777875,0.7945451488097509,8.17631204922994,9.115157041000202
mlp_qmix__N16__ring__seed6,mlp_qmix,coord_grid,6,466,11675,21.0,25,0.9075808333333333,0.7751837968826294,5.495270848274231,9.134373416018207
mlp_qmix__N16__ring__seed6,mlp_qmix,coord_grid,6,467,11700,19.0,25,0.9073829166666667,1.2276017268498738,4.74485429128011,9.15347295801621
mlp_qmix__N16__ring__seed6,mlp_qmix,coord_grid,6,468,11725,15.0,25,0.907185,1.257827741759164,8.606186185564313,9.174760374997277
mlp_qmix__N16__ring__seed6,mlp_qmix,coord_grid,6,469,11750,16.0,25,0.9069870833333333,0.8745064710577329,6.224426031112671,9.194386458024383
mlp_qmix__N16__ring__seed6,mlp_qmix,coord_grid,6,470,11775,14.0,25,0.9067891666666666,0.9180592993895212,7.101838191350301,9.213737957994454
mlp_qmix__N16__ring__seed6,mlp_qmix,coord_grid,6,471,11800,9.0,25,0.90659125,0.8612227986256281,10.494690696398417,9.23321441601729
mlp_qmix__N16__ring__seed6,mlp_qmix,coord_grid,6,472,11825,15.0,25,0.9063933333333334,0.9468342065811157,6.244542394365583,9.255299790995196
mlp_qmix__N16__ring__seed6,mlp_qmix,coord_grid,6,473,11850,19.0,25,0.9061954166666667,0.6565939337015152,10.354968746503195,9.27524466603063
mlp_qmix__N16__ring__seed6,mlp_qmix,coord_grid,6,474,11875,14.0,25,0.9059975,0.8863509446382523,4.714232722918193,9.294635500002187
mlp_qmix__N16__ring__seed6,mlp_qmix,coord_grid,6,475,11900,22.0,25,0.9057995833333333,1.1827735354502995,7.307519992192586,9.313963958004024
mlp_qmix__N16__ring__seed6,mlp_qmix,coord_grid,6,476,11925,36.0,25,0.9056016666666666,0.9581798698220935,6.480088881083897,9.336176124983467
mlp_qmix__N16__ring__seed6,mlp_qmix,coord_grid,6,477,11950,25.0,25,0.9054037500000001,1.2301831742127736,8.192169189453125,9.355751958035398
mlp_qmix__N16__ring__seed6,mlp_qmix,coord_grid,6,478,11975,12.0,25,0.9052058333333334,1.2121647049983342,6.3723887999852495,9.375558208033908
mlp_qmix__N16__ring__seed6,mlp_qmix,coord_grid,6,479,12000,22.0,25,0.9050079166666667,1.013780767718951,5.4550557136535645,9.395351540995762
mlp_qmix__N16__ring__seed6,mlp_qmix,coord_grid,6,480,12025,26.0,25,0.90481,0.8420890995434352,4.613726922443935,9.417626333015505
mlp_qmix__N16__ring__seed6,mlp_qmix,coord_grid,6,481,12050,16.0,25,0.9046120833333333,0.9600752145051956,7.661609331766765,9.436872541031335
mlp_qmix__N16__ring__seed6,mlp_qmix,coord_grid,6,482,12075,18.0,25,0.9044141666666666,1.1339728832244873,6.086695671081543,9.456178541004192
mlp_qmix__N16__ring__seed6,mlp_qmix,coord_grid,6,483,12100,22.0,25,0.90421625,0.9354911843935648,8.526819189389547,9.475793500023428
mlp_qmix__N16__ring__seed6,mlp_qmix,coord_grid,6,484,12125,12.0,25,0.9040183333333334,0.9873699205262321,4.994321755000523,9.497783458034974
mlp_qmix__N16__ring__seed6,mlp_qmix,coord_grid,6,485,12150,18.0,25,0.9038204166666667,0.8754278719425201,8.474824070930481,9.517494665982667
mlp_qmix__N16__ring__seed6,mlp_qmix,coord_grid,6,486,12175,14.0,25,0.9036225,0.7935996452967325,10.331778685251871,9.537340875016525
mlp_qmix__N16__ring__seed6,mlp_qmix,coord_grid,6,487,12200,26.0,25,0.9034245833333333,0.9225201904773712,4.767478307088216,9.557660749997012
mlp_qmix__N16__ring__seed6,mlp_qmix,coord_grid,6,488,12225,18.0,25,0.9032266666666666,1.517590309892382,19.497149331229075,9.579967083001975
mlp_qmix__N16__ring__seed6,mlp_qmix,coord_grid,6,489,12250,16.0,25,0.90302875,0.8866025457779566,14.552359580993652,9.599537750007585
mlp_qmix__N16__ring__seed6,mlp_qmix,coord_grid,6,490,12275,16.0,25,0.9028308333333334,0.7596736798683802,5.954923629760742,9.619146124983672
mlp_qmix__N16__ring__seed6,mlp_qmix,coord_grid,6,491,12300,13.0,25,0.9026329166666667,1.149910454948743,6.7234441836675005,9.638997208036017
mlp_qmix__N16__ring__seed6,mlp_qmix,coord_grid,6,492,12325,19.0,25,0.902435,1.0100920072623663,9.97833698136466,9.661493625026196
mlp_qmix__N16__ring__seed6,mlp_qmix,coord_grid,6,493,12350,27.0,25,0.9022370833333333,1.3077047417561214,7.3005950053532915,9.680939165991731
mlp_qmix__N16__ring__seed6,mlp_qmix,coord_grid,6,494,12375,21.0,25,0.9020391666666667,1.2133871217568715,8.148491462071737,9.700393332983367
mlp_qmix__N16__ring__seed6,mlp_qmix,coord_grid,6,495,12400,13.0,25,0.90184125,1.2387900451819103,8.99619952837626,9.71976116602309
mlp_qmix__N16__ring__seed6,mlp_qmix,coord_grid,6,496,12425,22.0,25,0.9016433333333334,1.2280125192233495,8.200194154466901,9.74110116600059
mlp_qmix__N16__ring__seed6,mlp_qmix,coord_grid,6,497,12450,14.0,25,0.9014454166666667,1.149768923719724,8.052798867225647,9.760637625004165
mlp_qmix__N16__ring__seed6,mlp_qmix,coord_grid,6,498,12475,13.0,25,0.9012475,1.0058390349149704,7.744151433308919,9.780476041021757
mlp_qmix__N16__ring__seed6,mlp_qmix,coord_grid,6,499,12500,10.0,25,0.9010495833333333,0.8237057328224182,6.399816910425822,9.800295624998398
mlp_qmix__N16__ring__seed6,mlp_qmix,coord_grid,6,500,12525,22.0,25,0.9008516666666667,0.8048431703022548,7.276896578924997,9.82245520799188
mlp_qmix__N16__ring__seed6,mlp_qmix,coord_grid,6,501,12550,27.0,25,0.90065375,1.1426730901002884,10.06130862236023,9.84232791600516
mlp_qmix__N16__ring__seed6,mlp_qmix,coord_grid,6,502,12575,14.0,25,0.9004558333333333,0.8609885523716608,6.35248605410258,9.862102208018769
mlp_qmix__N16__ring__seed6,mlp_qmix,coord_grid,6,503,12600,25.0,25,0.9002579166666667,0.8796317130327225,6.1193714539210005,9.881825625023339
mlp_qmix__N16__ring__seed6,mlp_qmix,coord_grid,6,504,12625,22.0,25,0.90006,1.5116405997957503,6.992256811686924,9.904367249982897
mlp_qmix__N16__ring__seed6,mlp_qmix,coord_grid,6,505,12650,17.0,25,0.8998620833333333,0.32492661972840625,6.276467561721802,9.92413837503409
mlp_qmix__N16__ring__seed6,mlp_qmix,coord_grid,6,506,12675,19.0,25,0.8996641666666667,1.2594128251075745,7.508124430974324,9.943767208023928
mlp_qmix__N16__ring__seed6,mlp_qmix,coord_grid,6,507,12700,16.0,25,0.89946625,0.6010072380304337,6.826852798461914,9.963528833002783
mlp_qmix__N16__ring__seed6,mlp_qmix,coord_grid,6,508,12725,25.0,25,0.8992683333333333,0.8230995535850525,6.253713471548898,9.98523412499344
mlp_qmix__N16__ring__seed6,mlp_qmix,coord_grid,6,509,12750,21.0,25,0.8990704166666666,1.4201896041631699,7.356326182683309,10.004707999993116
mlp_qmix__N16__ring__seed6,mlp_qmix,coord_grid,6,510,12775,30.0,25,0.8988725,1.2212421894073486,10.857524712880453,10.023992999980692
mlp_qmix__N16__ring__seed6,mlp_qmix,coord_grid,6,511,12800,15.0,25,0.8986745833333334,0.8759166399637858,7.631375392278035,10.043747832998633
mlp_qmix__N16__ring__seed6,mlp_qmix,coord_grid,6,512,12825,21.0,25,0.8984766666666667,0.6877223764147077,7.195022719247,10.06640025001252
mlp_qmix__N16__ring__seed6,mlp_qmix,coord_grid,6,513,12850,33.0,25,0.89827875,0.6199029088020325,6.889383554458618,10.086440041020978
mlp_qmix__N16__ring__seed6,mlp_qmix,coord_grid,6,514,12875,17.0,25,0.8980808333333333,1.0475339343150456,7.822903394699097,10.106614249991253
mlp_qmix__N16__ring__seed6,mlp_qmix,coord_grid,6,515,12900,18.0,25,0.8978829166666666,1.1096971730391185,6.190003315607707,10.126304165984038
mlp_qmix__N16__ring__seed6,mlp_qmix,coord_grid,6,516,12925,16.0,25,0.897685,1.274084108216422,8.354895387377058,10.148502374999225
mlp_qmix__N16__ring__seed6,mlp_qmix,coord_grid,6,517,12950,19.0,25,0.8974870833333334,1.5014191418886185,3.3032076756159463,10.168024833023082
mlp_qmix__N16__ring__seed6,mlp_qmix,coord_grid,6,518,12975,21.0,25,0.8972891666666667,1.0756778791546822,5.97835389773051,10.187527458008844
mlp_qmix__N16__ring__seed6,mlp_qmix,coord_grid,6,519,13000,14.0,25,0.89709125,0.9374782542387644,7.494250774383545,10.207396375015378
mlp_qmix__N16__ring__seed6,mlp_qmix,coord_grid,6,520,13025,14.0,25,0.8968933333333333,1.3436296582221985,25.98739787510463,10.230148707982153
mlp_qmix__N16__ring__seed6,mlp_qmix,coord_grid,6,521,13050,13.0,25,0.8966954166666666,1.2015695820252101,17.101913770039875,10.25054308300605
mlp_qmix__N16__ring__seed6,mlp_qmix,coord_grid,6,522,13075,16.0,25,0.8964975,0.963018923997879,13.081284125645956,10.270195165998302
mlp_qmix__N16__ring__seed6,mlp_qmix,coord_grid,6,523,13100,20.0,25,0.8962995833333334,0.7904206166664759,14.187095959981283,10.289383916009683
mlp_qmix__N16__ring__seed6,mlp_qmix,coord_grid,6,524,13125,15.0,25,0.8961016666666667,0.9194271223885673,12.587425163814,10.31140695803333
mlp_qmix__N16__ring__seed6,mlp_qmix,coord_grid,6,525,13150,21.0,25,0.89590375,1.0678046991427739,14.403852621714273,10.331033708003815
mlp_qmix__N16__ring__seed6,mlp_qmix,coord_grid,6,526,13175,18.0,25,0.8957058333333333,0.8212088843186697,5.103986342748006,10.350964791025035
mlp_qmix__N16__ring__seed6,mlp_qmix,coord_grid,6,527,13200,15.0,25,0.8955079166666666,0.7362459103266398,5.057650168736775,10.370993082993664
mlp_qmix__N16__ring__seed6,mlp_qmix,coord_grid,6,528,13225,20.0,25,0.89531,0.9262246744973319,5.561140980039324,10.392787582997698
mlp_qmix__N16__ring__seed6,mlp_qmix,coord_grid,6,529,13250,22.0,25,0.8951120833333334,0.9713864723841349,9.746603886286417,10.412441041029524
mlp_qmix__N16__ring__seed6,mlp_qmix,coord_grid,6,530,13275,22.0,25,0.8949141666666667,0.8688086221615473,9.854301571846008,10.431922874995507
mlp_qmix__N16__ring__seed6,mlp_qmix,coord_grid,6,531,13300,17.0,25,0.89471625,1.4968848923842113,6.466604113578796,10.45137095800601
mlp_qmix__N16__ring__seed6,mlp_qmix,coord_grid,6,532,13325,18.0,25,0.8945183333333333,0.8712743989058903,7.907634701047625,10.473515958001371
mlp_qmix__N16__ring__seed6,mlp_qmix,coord_grid,6,533,13350,22.0,25,0.8943204166666667,0.9895949165026346,9.11665654182434,10.493626000010408
mlp_qmix__N16__ring__seed6,mlp_qmix,coord_grid,6,534,13375,25.0,25,0.8941225,1.3460289438565571,6.296188433965047,10.513338625023607
mlp_qmix__N16__ring__seed6,mlp_qmix,coord_grid,6,535,13400,24.0,25,0.8939245833333334,1.2486248910427094,8.64542305469513,10.533422540989704
mlp_qmix__N16__ring__seed6,mlp_qmix,coord_grid,6,536,13425,21.0,25,0.8937266666666667,1.259490966796875,8.13021629197257,10.55570358299883
mlp_qmix__N16__ring__seed6,mlp_qmix,coord_grid,6,537,13450,15.0,25,0.89352875,1.0181811998287837,17.679264704386394,10.57529995799996
mlp_qmix__N16__ring__seed6,mlp_qmix,coord_grid,6,538,13475,20.0,25,0.8933308333333333,0.9698412815729777,11.076769510904947,10.59492504101945
mlp_qmix__N16__ring__seed6,mlp_qmix,coord_grid,6,539,13500,16.0,25,0.8931329166666666,1.1825744311014812,10.122129559516907,10.615567833010573
mlp_qmix__N16__ring__seed6,mlp_qmix,coord_grid,6,540,13525,20.0,25,0.892935,1.5069444349833898,12.276464326041085,10.637745333020575
mlp_qmix__N16__ring__seed6,mlp_qmix,coord_grid,6,541,13550,20.0,25,0.8927370833333333,1.3370316525300343,14.649897575378418,10.657659707998391
mlp_qmix__N16__ring__seed6,mlp_qmix,coord_grid,6,542,13575,14.0,25,0.8925391666666667,0.8393795241912206,12.628852208455404,10.677552082983311
mlp_qmix__N16__ring__seed6,mlp_qmix,coord_grid,6,543,13600,15.0,25,0.89234125,1.2919457356135051,13.227810859680176,10.69708970800275
mlp_qmix__N16__ring__seed6,mlp_qmix,coord_grid,6,544,13625,14.0,25,0.8921433333333333,1.51147483927863,14.393542460032872,10.718965250009205
mlp_qmix__N16__ring__seed6,mlp_qmix,coord_grid,6,545,13650,21.0,25,0.8919454166666667,1.2336901972691219,13.751800139745077,10.738275916024577
mlp_qmix__N16__ring__seed6,mlp_qmix,coord_grid,6,546,13675,23.0,25,0.8917475,0.7258798827727636,8.161991357803345,10.757942166004796
mlp_qmix__N16__ring__seed6,mlp_qmix,coord_grid,6,547,13700,20.0,25,0.8915495833333333,0.8946901510159174,11.712911605834961,10.778221915999893
mlp_qmix__N16__ring__seed6,mlp_qmix,coord_grid,6,548,13725,18.0,25,0.8913516666666667,1.2597140669822693,7.197704996381487,10.800416750018485
mlp_qmix__N16__ring__seed6,mlp_qmix,coord_grid,6,549,13750,19.0,25,0.89115375,1.1345580418904622,6.636741558710734,10.820123916026205
mlp_qmix__N16__ring__seed6,mlp_qmix,coord_grid,6,550,13775,13.0,25,0.8909558333333334,0.5864066680272421,4.935474753379822,10.839447707985528
mlp_qmix__N16__ring__seed6,mlp_qmix,coord_grid,6,551,13800,7.0,25,0.8907579166666667,0.8879510213931402,6.911116083463033,10.859147874987684
mlp_qmix__N16__ring__seed6,mlp_qmix,coord_grid,6,552,13825,13.0,25,0.89056,1.1234438376767295,27.259783336094447,10.880915541027207
mlp_qmix__N16__ring__seed6,mlp_qmix,coord_grid,6,553,13850,19.0,25,0.8903620833333333,1.7829847534497578,38.13526693979899,10.901037125033326
mlp_qmix__N16__ring__seed6,mlp_qmix,coord_grid,6,554,13875,28.0,25,0.8901641666666666,1.3026730418205261,14.212798595428467,10.921533000015188
mlp_qmix__N16__ring__seed6,mlp_qmix,coord_grid,6,555,13900,21.0,25,0.8899662500000001,0.9146743615468343,11.660542805989584,10.941025125037413
mlp_qmix__N16__ring__seed6,mlp_qmix,coord_grid,6,556,13925,20.0,25,0.8897683333333334,0.8639617434569767,9.951930931636266,10.963042124989443
mlp_qmix__N16__ring__seed6,mlp_qmix,coord_grid,6,557,13950,21.0,25,0.8895704166666667,0.823020726442337,4.025164286295573,10.983219125017058
mlp_qmix__N16__ring__seed6,mlp_qmix,coord_grid,6,558,13975,17.0,25,0.8893725,1.1292402148246765,5.938960512479146,11.002821290981956
mlp_qmix__N16__ring__seed6,mlp_qmix,coord_grid,6,559,14000,23.0,25,0.8891745833333333,1.1906434098879497,12.228819688161215,11.022623583034147
mlp_qmix__N16__ring__seed6,mlp_qmix,coord_grid,6,560,14025,12.0,25,0.8889766666666666,1.4347490497997828,9.26918363571167,11.044756082992535
mlp_qmix__N16__ring__seed6,mlp_qmix,coord_grid,6,561,14050,25.0,25,0.88877875,0.8664316882689794,6.166762948036194,11.064648790983483
mlp_qmix__N16__ring__seed6,mlp_qmix,coord_grid,6,562,14075,25.0,25,0.8885808333333334,0.7383184532324473,4.787119030952454,11.084471666021273
mlp_qmix__N16__ring__seed6,mlp_qmix,coord_grid,6,563,14100,14.0,25,0.8883829166666667,1.2345138291517894,6.4204394817352295,11.104102374985814
mlp_qmix__N16__ring__seed6,mlp_qmix,coord_grid,6,564,14125,25.0,25,0.888185,1.6101832687854767,6.0214298112051825,11.126052791019902
mlp_qmix__N16__ring__seed6,mlp_qmix,coord_grid,6,565,14150,20.0,25,0.8879870833333333,0.893245741724968,6.507142623265584,11.145985000010114
mlp_qmix__N16__ring__seed6,mlp_qmix,coord_grid,6,566,14175,22.0,25,0.8877891666666666,1.368510698278745,6.22516655921936,11.166022250021342
mlp_qmix__N16__ring__seed6,mlp_qmix,coord_grid,6,567,14200,28.0,25,0.88759125,1.0641974806785583,8.417289733886719,11.186032166006044
mlp_qmix__N16__ring__seed6,mlp_qmix,coord_grid,6,568,14225,24.0,25,0.8873933333333334,1.3165545761585236,8.40670885358538,11.207882207992952
mlp_qmix__N16__ring__seed6,mlp_qmix,coord_grid,6,569,14250,15.0,25,0.8871954166666667,1.1623707314332326,9.605557719866434,11.227591250033583
mlp_qmix__N16__ring__seed6,mlp_qmix,coord_grid,6,570,14275,15.0,25,0.8869975,0.8126519471406937,11.707095901171366,11.247200791025534
mlp_qmix__N16__ring__seed6,mlp_qmix,coord_grid,6,571,14300,28.0,25,0.8867995833333333,1.0314089556535084,7.947956562042236,11.266997083032038
mlp_qmix__N16__ring__seed6,mlp_qmix,coord_grid,6,572,14325,26.0,25,0.8866016666666667,1.0368368412767137,5.5124631609235495,11.289624666038435
mlp_qmix__N16__ring__seed6,mlp_qmix,coord_grid,6,573,14350,36.0,25,0.88640375,1.2039084782203038,5.341335256894429,11.309268083015922
mlp_qmix__N16__ring__seed6,mlp_qmix,coord_grid,6,574,14375,11.0,25,0.8862058333333334,1.2644394487142563,14.50017249584198,11.329626874998212
mlp_qmix__N16__ring__seed6,mlp_qmix,coord_grid,6,575,14400,12.0,25,0.8860079166666667,1.5029806246360142,13.330754121144613,11.34878437500447
mlp_qmix__N16__ring__seed6,mlp_qmix,coord_grid,6,576,14425,24.0,25,0.88581,1.7532466224261694,7.087432486670358,11.37155924999388
mlp_qmix__N16__ring__seed6,mlp_qmix,coord_grid,6,577,14450,22.0,25,0.8856120833333333,1.027338221669197,7.17251455783844,11.391126915987115
mlp_qmix__N16__ring__seed6,mlp_qmix,coord_grid,6,578,14475,23.0,25,0.8854141666666666,1.1869786580403645,23.85460154215495,11.410336125001777
mlp_qmix__N16__ring__seed6,mlp_qmix,coord_grid,6,579,14500,23.0,25,0.88521625,1.0888472100098927,14.857819040616354,11.430150166037492
mlp_qmix__N16__ring__seed6,mlp_qmix,coord_grid,6,580,14525,17.0,25,0.8850183333333334,1.068028871502195,10.817878382546562,11.45231479103677
mlp_qmix__N16__ring__seed6,mlp_qmix,coord_grid,6,581,14550,23.0,25,0.8848204166666667,1.3759096960226695,11.295757015546164,11.471886290994007
mlp_qmix__N16__ring__seed6,mlp_qmix,coord_grid,6,582,14575,17.0,25,0.8846225,1.2742644647757213,7.975912133852641,11.492533457989339
mlp_qmix__N16__ring__seed6,mlp_qmix,coord_grid,6,583,14600,16.0,25,0.8844245833333333,1.3603850950797398,9.57412842909495,11.512129875016399
mlp_qmix__N16__ring__seed6,mlp_qmix,coord_grid,6,584,14625,32.0,25,0.8842266666666667,1.363127968141011,24.412152222224645,11.534547916031443
mlp_qmix__N16__ring__seed6,mlp_qmix,coord_grid,6,585,14650,18.0,25,0.88402875,1.5227701266606648,22.930614948272705,11.55466449999949
mlp_qmix__N16__ring__seed6,mlp_qmix,coord_grid,6,586,14675,25.0,25,0.8838308333333333,1.2698994676272075,17.512547731399536,11.575233708019368
mlp_qmix__N16__ring__seed6,mlp_qmix,coord_grid,6,587,14700,20.0,25,0.8836329166666667,1.0160266309976578,8.474274476369223,11.594934208027553
mlp_qmix__N16__ring__seed6,mlp_qmix,coord_grid,6,588,14725,21.0,25,0.883435,1.1284792593547277,9.443379947117396,11.617409958038479
mlp_qmix__N16__ring__seed6,mlp_qmix,coord_grid,6,589,14750,24.0,25,0.8832370833333334,1.4957633713881175,6.742314577102661,11.637313958024606
mlp_qmix__N16__ring__seed6,mlp_qmix,coord_grid,6,590,14775,19.0,25,0.8830391666666667,1.0903144081433613,10.715826471646627,11.656838750001043
mlp_qmix__N16__ring__seed6,mlp_qmix,coord_grid,6,591,14800,23.0,25,0.88284125,0.6808165858189265,7.722090760866801,11.676350624999031
mlp_qmix__N16__ring__seed6,mlp_qmix,coord_grid,6,592,14825,22.0,25,0.8826433333333333,1.4499879053660802,11.116405214582171,11.698646333010402
mlp_qmix__N16__ring__seed6,mlp_qmix,coord_grid,6,593,14850,20.0,25,0.8824454166666666,1.512981692949931,17.83735942840576,11.718375333002768
mlp_qmix__N16__ring__seed6,mlp_qmix,coord_grid,6,594,14875,18.0,25,0.8822475,0.9089850385983785,5.409377535184224,11.73784950003028
mlp_qmix__N16__ring__seed6,mlp_qmix,coord_grid,6,595,14900,11.0,25,0.8820495833333334,1.021172394355138,7.7386583884557085,11.757511375006288
mlp_qmix__N16__ring__seed6,mlp_qmix,coord_grid,6,596,14925,22.0,25,0.8818516666666667,1.1424148295606886,6.818187236785889,11.779269208025653
mlp_qmix__N16__ring__seed6,mlp_qmix,coord_grid,6,597,14950,15.0,25,0.88165375,1.7002095580101013,7.689817865689595,11.79929858300602
mlp_qmix__N16__ring__seed6,mlp_qmix,coord_grid,6,598,14975,17.0,25,0.8814558333333333,1.3244765152533848,6.396731336911519,11.820367416017689
mlp_qmix__N16__ring__seed6,mlp_qmix,coord_grid,6,599,15000,15.0,25,0.8812579166666666,1.5674989372491837,9.422102292378744,11.840191750030499
mlp_qmix__N16__ring__seed6,mlp_qmix,coord_grid,6,600,15025,16.0,25,0.88106,1.0334160881383079,10.339926072529384,11.862383000028785
mlp_qmix__N16__ring__seed6,mlp_qmix,coord_grid,6,601,15050,20.0,25,0.8808620833333334,0.9493977973858515,15.00466243426005,11.882042500015814
mlp_qmix__N16__ring__seed6,mlp_qmix,coord_grid,6,602,15075,25.0,25,0.8806641666666667,1.4096466104189556,15.051682790120443,11.901748083007988
mlp_qmix__N16__ring__seed6,mlp_qmix,coord_grid,6,603,15100,15.0,25,0.88046625,1.132078727086385,14.288903951644897,11.921835332992487
mlp_qmix__N16__ring__seed6,mlp_qmix,coord_grid,6,604,15125,20.0,25,0.8802683333333333,1.3632361463138036,16.438520635877335,11.94424149999395
mlp_qmix__N16__ring__seed6,mlp_qmix,coord_grid,6,605,15150,19.0,25,0.8800704166666666,1.0039336830377579,11.854686498641968,11.963319875008892
mlp_qmix__N16__ring__seed6,mlp_qmix,coord_grid,6,606,15175,15.0,25,0.8798725000000001,1.3008942554394405,13.282979170481363,11.983233582985122
mlp_qmix__N16__ring__seed6,mlp_qmix,coord_grid,6,607,15200,21.0,25,0.8796745833333334,1.309576114018758,13.715924700101217,12.00303962500766
mlp_qmix__N16__ring__seed6,mlp_qmix,coord_grid,6,608,15225,11.0,25,0.8794766666666667,1.3460803372519357,9.320898396628243,12.02519170800224
mlp_qmix__N16__ring__seed6,mlp_qmix,coord_grid,6,609,15250,19.0,25,0.87927875,1.6370885868867238,11.662259896596273,12.044786875019781
mlp_qmix__N16__ring__seed6,mlp_qmix,coord_grid,6,610,15275,19.0,25,0.8790808333333333,0.812624861796697,8.9752277135849,12.06433287501568
mlp_qmix__N16__ring__seed6,mlp_qmix,coord_grid,6,611,15300,21.0,25,0.8788829166666666,1.6339507500330608,7.816426793734233,12.084080041036941
mlp_qmix__N16__ring__seed6,mlp_qmix,coord_grid,6,612,15325,18.0,25,0.8786849999999999,1.2510069949286324,8.994443007877894,12.106126333004795
mlp_qmix__N16__ring__seed6,mlp_qmix,coord_grid,6,613,15350,20.0,25,0.8784870833333334,1.4446951349576314,11.926517804463705,12.125810375029687
mlp_qmix__N16__ring__seed6,mlp_qmix,coord_grid,6,614,15375,22.0,25,0.8782891666666667,0.7155090719461441,6.596022764841716,12.14558437501546
mlp_qmix__N16__ring__seed6,mlp_qmix,coord_grid,6,615,15400,19.0,25,0.87809125,1.278827170530955,9.844932794570923,12.165980332996696
mlp_qmix__N16__ring__seed6,mlp_qmix,coord_grid,6,616,15425,24.0,25,0.8778933333333333,2.243883098874773,27.223088128226145,12.187818915990647
mlp_qmix__N16__ring__seed6,mlp_qmix,coord_grid,6,617,15450,18.0,25,0.8776954166666666,1.8027665416399639,27.63165060679118,12.207636290986557
mlp_qmix__N16__ring__seed6,mlp_qmix,coord_grid,6,618,15475,23.0,25,0.8774975,1.5545049458742142,24.035558064778645,12.228169500012882
mlp_qmix__N16__ring__seed6,mlp_qmix,coord_grid,6,619,15500,27.0,25,0.8772995833333334,0.8761016229788462,27.26681661605835,12.24813520803582
mlp_qmix__N16__ring__seed6,mlp_qmix,coord_grid,6,620,15525,21.0,25,0.8771016666666667,1.4779683947563171,15.472107682909284,12.270701041037682
mlp_qmix__N16__ring__seed6,mlp_qmix,coord_grid,6,621,15550,18.0,25,0.87690375,0.8265273769696554,12.52734371026357,12.290266166033689
mlp_qmix__N16__ring__seed6,mlp_qmix,coord_grid,6,622,15575,20.0,25,0.8767058333333333,1.8221083283424377,12.902878840764364,12.309816416003741
mlp_qmix__N16__ring__seed6,mlp_qmix,coord_grid,6,623,15600,26.0,25,0.8765079166666667,0.7488708794116974,8.928821404774984,12.329402250004932
mlp_qmix__N16__ring__seed6,mlp_qmix,coord_grid,6,624,15625,36.0,25,0.87631,1.3833352667944772,14.258220332009452,12.351643750036601
mlp_qmix__N16__ring__seed6,mlp_qmix,coord_grid,6,625,15650,14.0,25,0.8761120833333333,1.4920832564433415,17.252714554468792,12.371398291026708
mlp_qmix__N16__ring__seed6,mlp_qmix,coord_grid,6,626,15675,20.0,25,0.8759141666666667,1.523920014500618,11.170727928479513,12.39193687500665
mlp_qmix__N16__ring__seed6,mlp_qmix,coord_grid,6,627,15700,19.0,25,0.87571625,1.8474350720643997,13.179991483688354,12.411399582982995
mlp_qmix__N16__ring__seed6,mlp_qmix,coord_grid,6,628,15725,18.0,25,0.8755183333333334,1.1094325610569544,6.788928610937936,12.433433458034415
mlp_qmix__N16__ring__seed6,mlp_qmix,coord_grid,6,629,15750,30.0,25,0.8753204166666667,1.5264518161614735,12.973605155944824,12.45299362501828
mlp_qmix__N16__ring__seed6,mlp_qmix,coord_grid,6,630,15775,18.0,25,0.8751225,1.1459387491146724,14.961358706156412,12.47404549998464
mlp_qmix__N16__ring__seed6,mlp_qmix,coord_grid,6,631,15800,24.0,25,0.8749245833333333,1.4196352809667587,11.25302783648173,12.49425595800858
mlp_qmix__N16__ring__seed6,mlp_qmix,coord_grid,6,632,15825,28.0,25,0.8747266666666667,1.3899636098316737,13.622522013528007,12.516799165983684
mlp_qmix__N16__ring__seed6,mlp_qmix,coord_grid,6,633,15850,21.0,25,0.8745287500000001,1.0084566672643025,13.622814575831095,12.537632332998328
mlp_qmix__N16__ring__seed6,mlp_qmix,coord_grid,6,634,15875,13.0,25,0.8743308333333333,1.5460965136686962,19.69698715209961,12.557698458025698
mlp_qmix__N16__ring__seed6,mlp_qmix,coord_grid,6,635,15900,20.0,25,0.8741329166666667,1.802792673309644,18.007434050242107,12.577263707993552
mlp_qmix__N16__ring__seed6,mlp_qmix,coord_grid,6,636,15925,25.0,25,0.873935,1.1734339254243034,17.178205966949463,12.5993965829839
mlp_qmix__N16__ring__seed6,mlp_qmix,coord_grid,6,637,15950,14.0,25,0.8737370833333333,1.4779215653737385,13.625810146331787,12.619462875009049
mlp_qmix__N16__ring__seed6,mlp_qmix,coord_grid,6,638,15975,22.0,25,0.8735391666666666,1.4659106532732646,11.188490788141886,12.639137040998321
mlp_qmix__N16__ring__seed6,mlp_qmix,coord_grid,6,639,16000,18.0,25,0.87334125,1.658414622147878,12.870869000752768,12.65883525001118
mlp_qmix__N16__ring__seed6,mlp_qmix,coord_grid,6,640,16025,20.0,25,0.8731433333333334,1.8465524230684554,8.779626062938146,12.680934083007742
mlp_qmix__N16__ring__seed6,mlp_qmix,coord_grid,6,641,16050,14.0,25,0.8729454166666667,0.6468033840258917,12.492846568425497,12.700992083002347
mlp_qmix__N16__ring__seed6,mlp_qmix,coord_grid,6,642,16075,22.0,25,0.8727475,1.214114432533582,7.611026485761006,12.720636291021947
mlp_qmix__N16__ring__seed6,mlp_qmix,coord_grid,6,643,16100,18.0,25,0.8725495833333333,1.29628690580527,9.522196054458618,12.740427791024558
mlp_qmix__N16__ring__seed6,mlp_qmix,coord_grid,6,644,16125,14.0,25,0.8723516666666666,0.8084541303770882,10.87267575945173,12.762672832992394
mlp_qmix__N16__ring__seed6,mlp_qmix,coord_grid,6,645,16150,26.0,25,0.8721537500000001,1.124405950307846,7.431937376658122,12.782783541013487
mlp_qmix__N16__ring__seed6,mlp_qmix,coord_grid,6,646,16175,32.0,25,0.8719558333333334,1.235030968983968,6.772272944450378,12.802646375028417
mlp_qmix__N16__ring__seed6,mlp_qmix,coord_grid,6,647,16200,13.0,25,0.8717579166666667,1.5462589859962463,12.250093221664429,12.822708500025328
mlp_qmix__N16__ring__seed6,mlp_qmix,coord_grid,6,648,16225,23.0,25,0.87156,1.600691101380757,24.53471691267831,12.844746290997136
mlp_qmix__N16__ring__seed6,mlp_qmix,coord_grid,6,649,16250,22.0,25,0.8713620833333333,1.8232277433077495,16.655970414479572,12.864652333024424
mlp_qmix__N16__ring__seed6,mlp_qmix,coord_grid,6,650,16275,19.0,25,0.8711641666666667,0.8836300124724706,12.956554651260376,12.884991333005019
mlp_qmix__N16__ring__seed6,mlp_qmix,coord_grid,6,651,16300,18.0,25,0.8709662499999999,1.2214408616224925,16.224491119384766,12.90431479102699
mlp_qmix__N16__ring__seed6,mlp_qmix,coord_grid,6,652,16325,17.0,25,0.8707683333333334,0.7801028149468558,11.640421935490199,12.926346332998946
mlp_qmix__N16__ring__seed6,mlp_qmix,coord_grid,6,653,16350,18.0,25,0.8705704166666667,1.3814298907915752,9.22535483042399,12.945909750007559
mlp_qmix__N16__ring__seed6,mlp_qmix,coord_grid,6,654,16375,13.0,25,0.8703725,0.6766083439191183,14.13954253991445,12.965702124987729
mlp_qmix__N16__ring__seed6,mlp_qmix,coord_grid,6,655,16400,15.0,25,0.8701745833333333,1.1515621691942215,11.487983226776123,12.985290415992495
mlp_qmix__N16__ring__seed6,mlp_qmix,coord_grid,6,656,16425,23.0,25,0.8699766666666666,1.5340424180030823,13.548909255436488,13.006955582997762
mlp_qmix__N16__ring__seed6,mlp_qmix,coord_grid,6,657,16450,20.0,25,0.86977875,1.1684210548798244,11.049586613972982,13.02691254101228
mlp_qmix__N16__ring__seed6,mlp_qmix,coord_grid,6,658,16475,20.0,25,0.8695808333333334,1.3364233871301014,6.981323480606079,13.046327457996085
mlp_qmix__N16__ring__seed6,mlp_qmix,coord_grid,6,659,16500,20.0,25,0.8693829166666667,1.000864528119564,8.054795980453491,13.06607120798435
mlp_qmix__N16__ring__seed6,mlp_qmix,coord_grid,6,660,16525,20.0,25,0.869185,1.716008105448314,10.63991928100586,13.08781562501099
mlp_qmix__N16__ring__seed6,mlp_qmix,coord_grid,6,661,16550,26.0,25,0.8689870833333333,1.350105732679367,13.287773291269938,13.107640041038394
mlp_qmix__N16__ring__seed6,mlp_qmix,coord_grid,6,662,16575,23.0,25,0.8687891666666667,0.891467293103536,14.89468546708425,13.12731208303012
mlp_qmix__N16__ring__seed6,mlp_qmix,coord_grid,6,663,16600,25.0,25,0.86859125,0.8764007190863291,11.498166918754578,13.147385457996279
mlp_qmix__N16__ring__seed6,mlp_qmix,coord_grid,6,664,16625,26.0,25,0.8683933333333334,1.7525144815444946,19.31640590940203,13.169589458033442
mlp_qmix__N16__ring__seed6,mlp_qmix,coord_grid,6,665,16650,30.0,25,0.8681954166666667,1.1761998335520427,21.22512873013814,13.189459750021342
mlp_qmix__N16__ring__seed6,mlp_qmix,coord_grid,6,666,16675,14.0,25,0.8679975,1.1743270655473073,26.280991554260254,13.209141416009516
mlp_qmix__N16__ring__seed6,mlp_qmix,coord_grid,6,667,16700,19.0,25,0.8677995833333334,1.3876756181319554,17.72632296880086,13.229203916038387
mlp_qmix__N16__ring__seed6,mlp_qmix,coord_grid,6,668,16725,22.0,25,0.8676016666666666,1.9091192143304008,14.625123296465192,13.251098875014577
mlp_qmix__N16__ring__seed6,mlp_qmix,coord_grid,6,669,16750,22.0,25,0.86740375,1.5829018354415894,6.586453517278035,13.270737332990393
mlp_qmix__N16__ring__seed6,mlp_qmix,coord_grid,6,670,16775,23.0,25,0.8672058333333333,1.8125901867945988,8.312817732493082,13.29039045801619
mlp_qmix__N16__ring__seed6,mlp_qmix,coord_grid,6,671,16800,19.0,25,0.8670079166666667,1.6661915183067322,17.142033457756042,13.310113082989119
mlp_qmix__N16__ring__seed6,mlp_qmix,coord_grid,6,672,16825,20.0,25,0.8668100000000001,0.9514238493783134,12.186440604073661,13.332129875023384
mlp_qmix__N16__ring__seed6,mlp_qmix,coord_grid,6,673,16850,15.0,25,0.8666120833333333,1.7548051873842876,17.639088710149128,13.352002125000581
mlp_qmix__N16__ring__seed6,mlp_qmix,coord_grid,6,674,16875,17.0,25,0.8664141666666667,1.7868484059969585,13.504752238591513,13.371524374990258
mlp_qmix__N16__ring__seed6,mlp_qmix,coord_grid,6,675,16900,10.0,25,0.86621625,1.609125902255376,8.891167322794596,13.391393665981013
mlp_qmix__N16__ring__seed6,mlp_qmix,coord_grid,6,676,16925,19.0,25,0.8660183333333333,1.0490020641258784,9.570254462105888,13.413406540988944
mlp_qmix__N16__ring__seed6,mlp_qmix,coord_grid,6,677,16950,16.0,25,0.8658204166666666,1.5508347551027934,11.97670610745748,13.432594500016421
mlp_qmix__N16__ring__seed6,mlp_qmix,coord_grid,6,678,16975,24.0,25,0.8656225,1.3130599210659664,16.624175707499187,13.451797500019893
mlp_qmix__N16__ring__seed6,mlp_qmix,coord_grid,6,679,17000,22.0,25,0.8654245833333334,2.7398378054300943,10.745415250460306,13.471977833018173
mlp_qmix__N16__ring__seed6,mlp_qmix,coord_grid,6,680,17025,10.0,25,0.8652266666666667,2.430037294115339,32.632669176374165,13.49407308298396
mlp_qmix__N16__ring__seed6,mlp_qmix,coord_grid,6,681,17050,21.0,25,0.86502875,1.535531222820282,22.73785622914632,13.513713916006964
mlp_qmix__N16__ring__seed6,mlp_qmix,coord_grid,6,682,17075,16.0,25,0.8648308333333333,1.637161408861478,17.052555084228516,13.53333870798815
mlp_qmix__N16__ring__seed6,mlp_qmix,coord_grid,6,683,17100,25.0,25,0.8646329166666666,0.9514435132344564,25.62871225674947,13.552921958034858
mlp_qmix__N16__ring__seed6,mlp_qmix,coord_grid,6,684,17125,22.0,25,0.8644350000000001,2.106664913041251,15.398443630763463,13.574867249990348
mlp_qmix__N16__ring__seed6,mlp_qmix,coord_grid,6,685,17150,22.0,25,0.8642370833333334,1.472935974597931,8.860056082407633,13.594692624988966
mlp_qmix__N16__ring__seed6,mlp_qmix,coord_grid,6,686,17175,18.0,25,0.8640391666666667,1.293660928805669,8.416604280471802,13.613878166012
mlp_qmix__N16__ring__seed6,mlp_qmix,coord_grid,6,687,17200,18.0,25,0.86384125,1.2404375101129215,13.385107040405273,13.634402833005879
mlp_qmix__N16__ring__seed6,mlp_qmix,coord_grid,6,688,17225,14.0,25,0.8636433333333333,1.2532886138984136,9.766875437327794,13.657477250031661
mlp_qmix__N16__ring__seed6,mlp_qmix,coord_grid,6,689,17250,17.0,25,0.8634454166666667,1.0781448384126027,13.385828812917074,13.677150208037347
mlp_qmix__N16__ring__seed6,mlp_qmix,coord_grid,6,690,17275,28.0,25,0.8632475,1.290635551015536,12.77294667561849,13.69680795801105
mlp_qmix__N16__ring__seed6,mlp_qmix,coord_grid,6,691,17300,31.0,25,0.8630495833333334,0.9741756021976471,9.536181608835856,13.716312500007916
mlp_qmix__N16__ring__seed6,mlp_qmix,coord_grid,6,692,17325,25.0,25,0.8628516666666667,0.8816193427358355,11.19540684563773,13.738427833013702
mlp_qmix__N16__ring__seed6,mlp_qmix,coord_grid,6,693,17350,16.0,25,0.86265375,1.6005303959051769,17.77448880672455,13.757881583005656
mlp_qmix__N16__ring__seed6,mlp_qmix,coord_grid,6,694,17375,16.0,25,0.8624558333333333,1.962829867998759,13.375488042831421,13.779054749989882
mlp_qmix__N16__ring__seed6,mlp_qmix,coord_grid,6,695,17400,17.0,25,0.8622579166666666,1.8404210607210796,7.981708844502767,13.800296125002205
mlp_qmix__N16__ring__seed6,mlp_qmix,coord_grid,6,696,17425,23.0,25,0.86206,1.5763574157442366,7.447925533567156,13.826371915987693
mlp_qmix__N16__ring__seed6,mlp_qmix,coord_grid,6,697,17450,26.0,25,0.8618620833333334,1.173117607831955,10.833485205968222,13.84641391603509
mlp_qmix__N16__ring__seed6,mlp_qmix,coord_grid,6,698,17475,16.0,25,0.8616641666666667,1.6850227018197377,7.094096024831136,13.866943000000902
mlp_qmix__N16__ring__seed6,mlp_qmix,coord_grid,6,699,17500,21.0,25,0.86146625,1.2117673257986705,9.138174096743265,13.886857540986966
mlp_qmix__N16__ring__seed6,mlp_qmix,coord_grid,6,700,17525,29.0,25,0.8612683333333333,1.4882365890911646,12.894513062068395,13.909460666007362
mlp_qmix__N16__ring__seed6,mlp_qmix,coord_grid,6,701,17550,21.0,25,0.8610704166666667,1.4756917009751003,11.802725235621134,13.92954516602913
mlp_qmix__N16__ring__seed6,mlp_qmix,coord_grid,6,702,17575,28.0,25,0.8608725,1.3566285123427708,13.307575543721518,13.949499125010334
mlp_qmix__N16__ring__seed6,mlp_qmix,coord_grid,6,703,17600,25.0,25,0.8606745833333334,1.1658827861150105,11.084742625554403,13.969454707985278
mlp_qmix__N16__ring__seed6,mlp_qmix,coord_grid,6,704,17625,15.0,25,0.8604766666666667,1.629001374755587,12.182213919503349,13.991759541037027
mlp_qmix__N16__ring__seed6,mlp_qmix,coord_grid,6,705,17650,19.0,25,0.86027875,1.2772333820660908,7.682041764259338,14.011637124989647
mlp_qmix__N16__ring__seed6,mlp_qmix,coord_grid,6,706,17675,18.0,25,0.8600808333333334,0.8459444344043732,9.56335461139679,14.031555333000142
mlp_qmix__N16__ring__seed6,mlp_qmix,coord_grid,6,707,17700,15.0,25,0.8598829166666667,2.3627959539492926,12.99128278096517,14.051849208015483
mlp_qmix__N16__ring__seed6,mlp_qmix,coord_grid,6,708,17725,14.0,25,0.859685,1.2406179649489266,10.686414786747523,14.073573375004344
mlp_qmix__N16__ring__seed6,mlp_qmix,coord_grid,6,709,17750,26.0,25,0.8594870833333333,1.3382527530193329,9.341260433197021,14.093752000015229
mlp_qmix__N16__ring__seed6,mlp_qmix,coord_grid,6,710,17775,18.0,25,0.8592891666666667,1.3401250143845875,12.426211833953857,14.113943332980853
mlp_qmix__N16__ring__seed6,mlp_qmix,coord_grid,6,711,17800,24.0,25,0.85909125,1.5644047160943348,16.614067554473877,14.133884833019692
mlp_qmix__N16__ring__seed6,mlp_qmix,coord_grid,6,712,17825,21.0,25,0.8588933333333333,2.3600712163107738,29.515214102608816,14.156526957987808
mlp_qmix__N16__ring__seed6,mlp_qmix,coord_grid,6,713,17850,7.0,25,0.8586954166666667,1.5574520031611125,20.106508096059162,14.176607250003144
mlp_qmix__N16__ring__seed6,mlp_qmix,coord_grid,6,714,17875,25.0,25,0.8584975,1.6222064594427745,19.458984851837158,14.196596375026274
mlp_qmix__N16__ring__seed6,mlp_qmix,coord_grid,6,715,17900,23.0,25,0.8582995833333333,1.103171353538831,10.058836221694946,14.216734790999908
mlp_qmix__N16__ring__seed6,mlp_qmix,coord_grid,6,716,17925,21.0,25,0.8581016666666667,1.4609611800738744,15.292409420013428,14.238775291014463
mlp_qmix__N16__ring__seed6,mlp_qmix,coord_grid,6,717,17950,24.0,25,0.85790375,1.5976069470246632,16.601861357688904,14.25848133303225
mlp_qmix__N16__ring__seed6,mlp_qmix,coord_grid,6,718,17975,24.0,25,0.8577058333333334,1.8867247303326924,11.133709192276001,14.278178125037812
mlp_qmix__N16__ring__seed6,mlp_qmix,coord_grid,6,719,18000,31.0,25,0.8575079166666667,1.5456259449323018,19.705966154734295,14.297834250028245
mlp_qmix__N16__ring__seed6,mlp_qmix,coord_grid,6,720,18025,30.0,25,0.85731,1.5824161767959595,26.311190877641952,14.319638332992326
mlp_qmix__N16__ring__seed6,mlp_qmix,coord_grid,6,721,18050,26.0,25,0.8571120833333333,1.8160837491353352,24.963351090749104,14.339668708038516
mlp_qmix__N16__ring__seed6,mlp_qmix,coord_grid,6,722,18075,21.0,25,0.8569141666666666,1.8907918632030487,15.974815368652344,14.359553250018507
mlp_qmix__N16__ring__seed6,mlp_qmix,coord_grid,6,723,18100,25.0,25,0.8567162500000001,1.2854602088530858,15.34242868423462,14.37934275000589
mlp_qmix__N16__ring__seed6,mlp_qmix,coord_grid,6,724,18125,23.0,25,0.8565183333333334,1.1464086132390159,12.79880040032523,14.401264415995684
mlp_qmix__N16__ring__seed6,mlp_qmix,coord_grid,6,725,18150,19.0,25,0.8563204166666667,1.8719820578893025,8.948294321695963,14.421166083018761
mlp_qmix__N16__ring__seed6,mlp_qmix,coord_grid,6,726,18175,21.0,25,0.8561225,1.4902856747309368,13.762791633605957,14.441262540989555
mlp_qmix__N16__ring__seed6,mlp_qmix,coord_grid,6,727,18200,27.0,25,0.8559245833333333,1.3883779396613438,6.845584591229756,14.460841333027929
mlp_qmix__N16__ring__seed6,mlp_qmix,coord_grid,6,728,18225,21.0,25,0.8557266666666666,1.482772741998945,11.41107450212751,14.482647083001211
mlp_qmix__N16__ring__seed6,mlp_qmix,coord_grid,6,729,18250,26.0,25,0.85552875,1.8774953583876293,13.117069482803345,14.502277375024278
mlp_qmix__N16__ring__seed6,mlp_qmix,coord_grid,6,730,18275,21.0,25,0.8553308333333334,1.1700706084569295,14.33029818534851,14.522329750005156
mlp_qmix__N16__ring__seed6,mlp_qmix,coord_grid,6,731,18300,12.0,25,0.8551329166666667,1.2328432152668636,6.602965235710144,14.542259874986485
mlp_qmix__N16__ring__seed6,mlp_qmix,coord_grid,6,732,18325,26.0,25,0.854935,1.4090788279260908,7.085696969713483,14.564745875017252
mlp_qmix__N16__ring__seed6,mlp_qmix,coord_grid,6,733,18350,15.0,25,0.8547370833333333,1.9359169205029805,9.247899293899536,14.584493666014168
mlp_qmix__N16__ring__seed6,mlp_qmix,coord_grid,6,734,18375,14.0,25,0.8545391666666666,1.2121037244796753,11.637006839116415,14.604384290985763
mlp_qmix__N16__ring__seed6,mlp_qmix,coord_grid,6,735,18400,19.0,25,0.85434125,1.9852277835210164,17.716440677642822,14.623969666019548
mlp_qmix__N16__ring__seed6,mlp_qmix,coord_grid,6,736,18425,16.0,25,0.8541433333333334,1.5496266526835305,10.68733821596418,14.646528666024096
mlp_qmix__N16__ring__seed6,mlp_qmix,coord_grid,6,737,18450,6.0,25,0.8539454166666667,1.3732293844223022,13.199729919433594,14.666209832997993
mlp_qmix__N16__ring__seed6,mlp_qmix,coord_grid,6,738,18475,13.0,25,0.8537475,1.9077246189117432,7.71370542049408,14.686059125000611
mlp_qmix__N16__ring__seed6,mlp_qmix,coord_grid,6,739,18500,13.0,25,0.8535495833333333,1.0057821720838547,7.863340576489766,14.705775875016116
mlp_qmix__N16__ring__seed6,mlp_qmix,coord_grid,6,740,18525,20.0,25,0.8533516666666666,1.367599606513977,11.285758086613246,14.728863708034623
mlp_qmix__N16__ring__seed6,mlp_qmix,coord_grid,6,741,18550,21.0,25,0.85315375,0.8405747214953104,18.810922781626385,14.748652000038419
mlp_qmix__N16__ring__seed6,mlp_qmix,coord_grid,6,742,18575,25.0,25,0.8529558333333334,1.4203544110059738,17.464589595794678,14.768479457998183
mlp_qmix__N16__ring__seed6,mlp_qmix,coord_grid,6,743,18600,16.0,25,0.8527579166666667,0.885034496585528,17.99030868212382,14.788744750025216
mlp_qmix__N16__ring__seed6,mlp_qmix,coord_grid,6,744,18625,29.0,25,0.85256,1.7010671411241804,38.74921614783151,14.8116250000312
mlp_qmix__N16__ring__seed6,mlp_qmix,coord_grid,6,745,18650,20.0,25,0.8523620833333333,1.129055768251419,28.743048191070557,14.83129912498407
mlp_qmix__N16__ring__seed6,mlp_qmix,coord_grid,6,746,18675,13.0,25,0.8521641666666667,1.2770533561706543,32.63954544067383,14.851098250015639
mlp_qmix__N16__ring__seed6,mlp_qmix,coord_grid,6,747,18700,29.0,25,0.85196625,1.9487509230772655,20.405171553293865,14.871115332993213
mlp_qmix__N16__ring__seed6,mlp_qmix,coord_grid,6,748,18725,25.0,25,0.8517683333333333,1.4327738199915205,14.130695479256767,14.893151250027586
mlp_qmix__N16__ring__seed6,mlp_qmix,coord_grid,6,749,18750,16.0,25,0.8515704166666667,1.3809414406617482,6.145634611447652,14.912926124990918
mlp_qmix__N16__ring__seed6,mlp_qmix,coord_grid,6,750,18775,15.0,25,0.8513725,1.1552294194698334,10.89913805325826,14.932644499989692
mlp_qmix__N16__ring__seed6,mlp_qmix,coord_grid,6,751,18800,10.0,25,0.8511745833333333,1.5277934968471527,15.439287861188253,14.952371416031383
mlp_qmix__N16__ring__seed6,mlp_qmix,coord_grid,6,752,18825,18.0,25,0.8509766666666667,2.190143878970827,16.91664477757045,14.974392833013553
mlp_qmix__N16__ring__seed6,mlp_qmix,coord_grid,6,753,18850,24.0,25,0.85077875,1.4781464835007985,6.9476238489151,14.994011500035413
mlp_qmix__N16__ring__seed6,mlp_qmix,coord_grid,6,754,18875,16.0,25,0.8505808333333333,2.188943306605021,6.989958087603251,15.013734250038397
mlp_qmix__N16__ring__seed6,mlp_qmix,coord_grid,6,755,18900,29.0,25,0.8503829166666667,1.0161259820063908,11.600338776906332,15.033504875027575
mlp_qmix__N16__ring__seed6,mlp_qmix,coord_grid,6,756,18925,18.0,25,0.850185,1.7739521775926863,9.75135782786778,15.055217500019353
mlp_qmix__N16__ring__seed6,mlp_qmix,coord_grid,6,757,18950,7.0,25,0.8499870833333334,1.7933806329965591,10.069174210230509,15.075299624993932
mlp_qmix__N16__ring__seed6,mlp_qmix,coord_grid,6,758,18975,15.0,25,0.8497891666666667,1.8877312143643696,10.369065046310425,15.094915250025224
mlp_qmix__N16__ring__seed6,mlp_qmix,coord_grid,6,759,19000,24.0,25,0.84959125,1.855396827061971,17.691083749135334,15.11417141603306
mlp_qmix__N16__ring__seed6,mlp_qmix,coord_grid,6,760,19025,6.0,25,0.8493933333333333,1.3406446405819483,16.014589718409947,15.136616415984463
mlp_qmix__N16__ring__seed6,mlp_qmix,coord_grid,6,761,19050,8.0,25,0.8491954166666666,1.0808206299940746,22.25683045387268,15.156657790997997
mlp_qmix__N16__ring__seed6,mlp_qmix,coord_grid,6,762,19075,21.0,25,0.8489975,2.433897058169047,24.10044797261556,15.17619970801752
mlp_qmix__N16__ring__seed6,mlp_qmix,coord_grid,6,763,19100,21.0,25,0.8487995833333333,1.7278697341680527,24.379398345947266,15.195912583032623
mlp_qmix__N16__ring__seed6,mlp_qmix,coord_grid,6,764,19125,16.0,25,0.8486016666666667,0.7597535635743823,12.989228521074567,15.218055790988728
mlp_qmix__N16__ring__seed6,mlp_qmix,coord_grid,6,765,19150,13.0,25,0.84840375,0.857477550705274,18.832430760065716,15.237980165984482
mlp_qmix__N16__ring__seed6,mlp_qmix,coord_grid,6,766,19175,28.0,25,0.8482058333333333,1.7288846870263417,12.401860475540161,15.257759875035845
mlp_qmix__N16__ring__seed6,mlp_qmix,coord_grid,6,767,19200,19.0,25,0.8480079166666666,1.423397719860077,15.74482011795044,15.277777125011198
mlp_qmix__N16__ring__seed6,mlp_qmix,coord_grid,6,768,19225,9.0,25,0.84781,1.2857854664325714,13.331361361912318,15.30024587502703
mlp_qmix__N16__ring__seed6,mlp_qmix,coord_grid,6,769,19250,21.0,25,0.8476120833333334,2.3494220077991486,9.049625953038534,15.319971166027244
mlp_qmix__N16__ring__seed6,mlp_qmix,coord_grid,6,770,19275,28.0,25,0.8474141666666667,1.3213609457015991,16.427270650863647,15.339465083030518
mlp_qmix__N16__ring__seed6,mlp_qmix,coord_grid,6,771,19300,19.0,25,0.84721625,1.5129188348849614,19.256954034169514,15.35917408298701
mlp_qmix__N16__ring__seed6,mlp_qmix,coord_grid,6,772,19325,19.0,25,0.8470183333333333,1.6082268399851662,11.035214356013707,15.381160165998153
mlp_qmix__N16__ring__seed6,mlp_qmix,coord_grid,6,773,19350,24.0,25,0.8468204166666666,1.9025159925222397,6.332101821899414,15.400888332980685
mlp_qmix__N16__ring__seed6,mlp_qmix,coord_grid,6,774,19375,33.0,25,0.8466225000000001,1.3303310324748356,15.065140962600708,15.42071112501435
mlp_qmix__N16__ring__seed6,mlp_qmix,coord_grid,6,775,19400,17.0,25,0.8464245833333334,1.720737596352895,13.504472255706787,15.440804833022412
mlp_qmix__N16__ring__seed6,mlp_qmix,coord_grid,6,776,19425,25.0,25,0.8462266666666667,1.9636410304478236,32.22461782182966,15.463212041009683
mlp_qmix__N16__ring__seed6,mlp_qmix,coord_grid,6,777,19450,22.0,25,0.84602875,1.8004360397656758,19.80786395072937,15.482938540983014
mlp_qmix__N16__ring__seed6,mlp_qmix,coord_grid,6,778,19475,23.0,25,0.8458308333333333,2.0142608086268106,7.672973871231079,15.5031352500082
mlp_qmix__N16__ring__seed6,mlp_qmix,coord_grid,6,779,19500,36.0,25,0.8456329166666667,2.105850021044413,13.957894086837769,15.522899625007994
mlp_qmix__N16__ring__seed6,mlp_qmix,coord_grid,6,780,19525,23.0,25,0.8454349999999999,1.9325095287391119,15.242691721235003,15.545034750015475
mlp_qmix__N16__ring__seed6,mlp_qmix,coord_grid,6,781,19550,17.0,25,0.8452370833333334,1.4065252840518951,15.921822786331177,15.564571875031106
mlp_qmix__N16__ring__seed6,mlp_qmix,coord_grid,6,782,19575,14.0,25,0.8450391666666667,1.3840255786975224,16.676177104314167,15.584106166032143
mlp_qmix__N16__ring__seed6,mlp_qmix,coord_grid,6,783,19600,13.0,25,0.84484125,1.709502562880516,12.793697277704874,15.60382825002307
mlp_qmix__N16__ring__seed6,mlp_qmix,coord_grid,6,784,19625,28.0,25,0.8446433333333333,1.6433223145348685,24.835103579929896,15.625901166000403
mlp_qmix__N16__ring__seed6,mlp_qmix,coord_grid,6,785,19650,24.0,25,0.8444454166666666,1.9859837889671326,12.019008000691732,15.646281041030306
mlp_qmix__N16__ring__seed6,mlp_qmix,coord_grid,6,786,19675,17.0,25,0.8442475,2.445829098423322,11.824684381484985,15.665746250015218
mlp_qmix__N16__ring__seed6,mlp_qmix,coord_grid,6,787,19700,24.0,25,0.8440495833333334,1.6858128507932026,27.84111976623535,15.685134833038319
mlp_qmix__N16__ring__seed6,mlp_qmix,coord_grid,6,788,19725,17.0,25,0.8438516666666667,1.5203599163464137,24.55212892804827,15.70740700000897
mlp_qmix__N16__ring__seed6,mlp_qmix,coord_grid,6,789,19750,20.0,25,0.84365375,1.728784700234731,7.221473932266235,15.727073625021148
mlp_qmix__N16__ring__seed6,mlp_qmix,coord_grid,6,790,19775,30.0,25,0.8434558333333333,1.8233914027611415,10.767739295959473,15.747174750023987
mlp_qmix__N16__ring__seed6,mlp_qmix,coord_grid,6,791,19800,16.0,25,0.8432579166666667,1.6711033582687378,9.912674903869629,15.766683500027284
mlp_qmix__N16__ring__seed6,mlp_qmix,coord_grid,6,792,19825,26.0,25,0.84306,1.410039918763297,15.605406761169434,15.788778041023761
mlp_qmix__N16__ring__seed6,mlp_qmix,coord_grid,6,793,19850,13.0,25,0.8428620833333333,1.8068699638048809,10.998703281084696,15.809330707998015
mlp_qmix__N16__ring__seed6,mlp_qmix,coord_grid,6,794,19875,30.0,25,0.8426641666666667,1.3454548319180806,11.16438357035319,15.829142750008032
mlp_qmix__N16__ring__seed6,mlp_qmix,coord_grid,6,795,19900,18.0,25,0.84246625,1.0418709764877956,14.93292268117269,15.849172416026704
mlp_qmix__N16__ring__seed6,mlp_qmix,coord_grid,6,796,19925,4.0,25,0.8422683333333334,1.6450634172984533,16.139667647225515,15.871277166006621
mlp_qmix__N16__ring__seed6,mlp_qmix,coord_grid,6,797,19950,20.0,25,0.8420704166666666,1.841716855764389,8.78733722368876,15.891144499997608
mlp_qmix__N16__ring__seed6,mlp_qmix,coord_grid,6,798,19975,15.0,25,0.8418725,2.2651964823404946,6.516603469848633,15.910800333018415
mlp_qmix__N16__ring__seed6,mlp_qmix,coord_grid,6,799,20000,17.0,25,0.8416745833333333,1.4907801647981007,9.798356533050537,15.930314833007287
mlp_qmix__N16__ring__seed6,mlp_qmix,coord_grid,6,800,20025,19.0,25,0.8414766666666667,1.8702460186822074,5.512396948678153,15.952489375020377
mlp_qmix__N16__ring__seed6,mlp_qmix,coord_grid,6,801,20050,32.0,25,0.8412787500000001,1.5733684500058491,11.473366340001425,15.972064165980555
mlp_qmix__N16__ring__seed6,mlp_qmix,coord_grid,6,802,20075,23.0,25,0.8410808333333333,1.4034278442462285,10.85585387547811,15.991337499988731
mlp_qmix__N16__ring__seed6,mlp_qmix,coord_grid,6,803,20100,15.0,25,0.8408829166666667,1.4470224181811016,7.447381337483724,16.01111579098506
mlp_qmix__N16__ring__seed6,mlp_qmix,coord_grid,6,804,20125,15.0,25,0.840685,1.3150777901921953,10.16539362498692,16.03304675000254
mlp_qmix__N16__ring__seed6,mlp_qmix,coord_grid,6,805,20150,15.0,25,0.8404870833333333,1.8370794355869293,14.570141434669495,16.053222791000735
mlp_qmix__N16__ring__seed6,mlp_qmix,coord_grid,6,806,20175,24.0,25,0.8402891666666666,1.4893377323945363,18.17921495437622,16.073442250024527
mlp_qmix__N16__ring__seed6,mlp_qmix,coord_grid,6,807,20200,23.0,25,0.84009125,1.6099229057629902,12.196883837381998,16.093253957980778
mlp_qmix__N16__ring__seed6,mlp_qmix,coord_grid,6,808,20225,18.0,25,0.8398933333333334,1.7282862322671073,38.959859711783274,16.115650499996264
mlp_qmix__N16__ring__seed6,mlp_qmix,coord_grid,6,809,20250,18.0,25,0.8396954166666667,1.4480282614628475,18.358491102854412,16.13540924998233
mlp_qmix__N16__ring__seed6,mlp_qmix,coord_grid,6,810,20275,30.0,25,0.8394975,1.6360773742198944,14.322626988093058,16.15569237503223
mlp_qmix__N16__ring__seed6,mlp_qmix,coord_grid,6,811,20300,28.0,25,0.8392995833333333,2.4771512349446616,9.294897039731344,16.17499470798066
mlp_qmix__N16__ring__seed6,mlp_qmix,coord_grid,6,812,20325,23.0,25,0.8391016666666666,1.370100736618042,10.977783611842565,16.19752729102038
mlp_qmix__N16__ring__seed6,mlp_qmix,coord_grid,6,813,20350,20.0,25,0.8389037500000001,1.446903978784879,15.818978071212769,16.21803537500091
mlp_qmix__N16__ring__seed6,mlp_qmix,coord_grid,6,814,20375,13.0,25,0.8387058333333334,1.4253520891070366,19.061882654825848,16.238731958030257
mlp_qmix__N16__ring__seed6,mlp_qmix,coord_grid,6,815,20400,15.0,25,0.8385079166666667,1.9926570157210033,23.27872673670451,16.25856233300874
mlp_qmix__N16__ring__seed6,mlp_qmix,coord_grid,6,816,20425,16.0,25,0.83831,1.8597977714879173,20.116057668413436,16.280877333017997
mlp_qmix__N16__ring__seed6,mlp_qmix,coord_grid,6,817,20450,21.0,25,0.8381120833333333,1.4187979251146317,17.06334129969279,16.300654124992434
mlp_qmix__N16__ring__seed6,mlp_qmix,coord_grid,6,818,20475,18.0,25,0.8379141666666667,1.8021792769432068,9.566899061203003,16.320263832982164
mlp_qmix__N16__ring__seed6,mlp_qmix,coord_grid,6,819,20500,42.0,25,0.8377162499999999,1.3740131954352062,9.8368132909139,16.340080125024542
mlp_qmix__N16__ring__seed6,mlp_qmix,coord_grid,6,820,20525,19.0,25,0.8375183333333334,2.101382770708629,16.124044758932932,16.362679707992356
mlp_qmix__N16__ring__seed6,mlp_qmix,coord_grid,6,821,20550,13.0,25,0.8373204166666667,1.138600617647171,14.904953996340433,16.382790540985297
mlp_qmix__N16__ring__seed6,mlp_qmix,coord_grid,6,822,20575,11.0,25,0.8371225,1.6511146028836567,9.21264934539795,16.402642750006635
mlp_qmix__N16__ring__seed6,mlp_qmix,coord_grid,6,823,20600,23.0,25,0.8369245833333333,2.501611510912577,13.19798994064331,16.423001957999077
mlp_qmix__N16__ring__seed6,mlp_qmix,coord_grid,6,824,20625,28.0,25,0.8367266666666666,1.9453103968075343,12.718046392713275,16.445881250023376
mlp_qmix__N16__ring__seed6,mlp_qmix,coord_grid,6,825,20650,11.0,25,0.83652875,1.3388703415791194,9.0952228307724,16.46584141603671
mlp_qmix__N16__ring__seed6,mlp_qmix,coord_grid,6,826,20675,28.0,25,0.8363308333333334,1.1204791963100433,16.310587247212727,16.485647875000723
mlp_qmix__N16__ring__seed6,mlp_qmix,coord_grid,6,827,20700,16.0,25,0.8361329166666667,1.5123956849177678,18.28145678838094,16.505688166012987
mlp_qmix__N16__ring__seed6,mlp_qmix,coord_grid,6,828,20725,30.0,25,0.835935,1.5024217196873255,28.218135833740234,16.529422875028104
mlp_qmix__N16__ring__seed6,mlp_qmix,coord_grid,6,829,20750,16.0,25,0.8357370833333333,1.378594068189462,15.943778196970621,16.549562333035283
mlp_qmix__N16__ring__seed6,mlp_qmix,coord_grid,6,830,20775,16.0,25,0.8355391666666667,1.8293929447730382,14.622246424357096,16.569565666024573
mlp_qmix__N16__ring__seed6,mlp_qmix,coord_grid,6,831,20800,21.0,25,0.83534125,1.404401312271754,21.730008681615193,16.589598416001536
mlp_qmix__N16__ring__seed6,mlp_qmix,coord_grid,6,832,20825,21.0,25,0.8351433333333333,1.5728029949324471,26.38470663343157,16.61181425000541
mlp_qmix__N16__ring__seed6,mlp_qmix,coord_grid,6,833,20850,20.0,25,0.8349454166666667,1.4052558640638988,14.681551297505697,16.631624832982197
mlp_qmix__N16__ring__seed6,mlp_qmix,coord_grid,6,834,20875,22.0,25,0.8347475,1.4187493572632472,21.261462847391766,16.651637291011866
mlp_qmix__N16__ring__seed6,mlp_qmix,coord_grid,6,835,20900,20.0,25,0.8345495833333334,1.4627082645893097,9.552471200625101,16.67128158302512
mlp_qmix__N16__ring__seed6,mlp_qmix,coord_grid,6,836,20925,36.0,25,0.8343516666666666,1.7955080270767212,13.21588066646031,16.693531916011125
mlp_qmix__N16__ring__seed6,mlp_qmix,coord_grid,6,837,20950,18.0,25,0.83415375,1.9581244985262554,15.614868402481079,16.713485500018578
mlp_qmix__N16__ring__seed6,mlp_qmix,coord_grid,6,838,20975,18.0,25,0.8339558333333333,1.890192021926244,9.700503269831339,16.733166666002944
mlp_qmix__N16__ring__seed6,mlp_qmix,coord_grid,6,839,21000,14.0,25,0.8337579166666667,1.2431284338235855,9.956602255503336,16.75342120800633
mlp_qmix__N16__ring__seed6,mlp_qmix,coord_grid,6,840,21025,20.0,25,0.8335600000000001,1.722453338759286,40.78341252463205,16.77531724999426
mlp_qmix__N16__ring__seed6,mlp_qmix,coord_grid,6,841,21050,12.0,25,0.8333620833333333,1.9996708085139592,34.385092417399086,16.796900416025892
mlp_qmix__N16__ring__seed6,mlp_qmix,coord_grid,6,842,21075,15.0,25,0.8331641666666667,2.602648059527079,7.8983157475789385,16.81690679100575
mlp_qmix__N16__ring__seed6,mlp_qmix,coord_grid,6,843,21100,22.0,25,0.83296625,2.2364885807037354,10.805302143096924,16.836958250030875
mlp_qmix__N16__ring__seed6,mlp_qmix,coord_grid,6,844,21125,22.0,25,0.8327683333333333,1.9455440044403076,8.97662878036499,16.859352291037794
mlp_qmix__N16__ring__seed6,mlp_qmix,coord_grid,6,845,21150,18.0,25,0.8325704166666666,2.5063697695732117,18.005931218465168,16.8791285000043
mlp_qmix__N16__ring__seed6,mlp_qmix,coord_grid,6,846,21175,22.0,25,0.8323725,1.8853766073783238,7.8197775681813555,16.898980375030078
mlp_qmix__N16__ring__seed6,mlp_qmix,coord_grid,6,847,21200,14.0,25,0.8321745833333334,2.048880477746328,16.48146192232768,16.91862208303064
mlp_qmix__N16__ring__seed6,mlp_qmix,coord_grid,6,848,21225,12.0,25,0.8319766666666667,1.2603817411831446,17.935634885515487,16.94125512498431
mlp_qmix__N16__ring__seed6,mlp_qmix,coord_grid,6,849,21250,21.0,25,0.83177875,1.0068833082914352,16.35642647743225,16.961508165986743
mlp_qmix__N16__ring__seed6,mlp_qmix,coord_grid,6,850,21275,19.0,25,0.8315808333333333,1.845090925693512,15.89851983388265,16.981502083013766
mlp_qmix__N16__ring__seed6,mlp_qmix,coord_grid,6,851,21300,15.0,25,0.8313829166666666,1.6535505652427673,13.760936419169107,17.000997041002847
mlp_qmix__N16__ring__seed6,mlp_qmix,coord_grid,6,852,21325,13.0,25,0.8311850000000001,2.075189709663391,19.821106229509628,17.0233615830075
mlp_qmix__N16__ring__seed6,mlp_qmix,coord_grid,6,853,21350,27.0,25,0.8309870833333334,1.7504790822664897,20.83918809890747,17.0429359159898
mlp_qmix__N16__ring__seed6,mlp_qmix,coord_grid,6,854,21375,25.0,25,0.8307891666666667,2.0657394925753274,12.853716850280762,17.06250691600144
mlp_qmix__N16__ring__seed6,mlp_qmix,coord_grid,6,855,21400,12.0,25,0.83059125,1.2286112308502197,23.9739670753479,17.082067625015043
mlp_qmix__N16__ring__seed6,mlp_qmix,coord_grid,6,856,21425,17.0,25,0.8303933333333333,2.3948739213602885,12.972333635602679,17.10374866600614
mlp_qmix__N16__ring__seed6,mlp_qmix,coord_grid,6,857,21450,20.0,25,0.8301954166666667,2.3024925788243613,17.94545563062032,17.1236379580223
mlp_qmix__N16__ring__seed6,mlp_qmix,coord_grid,6,858,21475,15.0,25,0.8299974999999999,1.4992946237325668,21.89836859703064,17.14464441599557
mlp_qmix__N16__ring__seed6,mlp_qmix,coord_grid,6,859,21500,16.0,25,0.8297995833333334,1.1440777977307637,18.33810544013977,17.16497512499336
mlp_qmix__N16__ring__seed6,mlp_qmix,coord_grid,6,860,21525,27.0,25,0.8296016666666667,2.2233224425997054,14.243989740099225,17.187126040982548
mlp_qmix__N16__ring__seed6,mlp_qmix,coord_grid,6,861,21550,17.0,25,0.82940375,1.2560854454835255,16.61945120493571,17.207199041033164
mlp_qmix__N16__ring__seed6,mlp_qmix,coord_grid,6,862,21575,9.0,25,0.8292058333333334,1.8576680819193523,18.538913289705913,17.227335416013375
mlp_qmix__N16__ring__seed6,mlp_qmix,coord_grid,6,863,21600,23.0,25,0.8290079166666666,2.1725728511810303,26.909396330515545,17.247493707982358
mlp_qmix__N16__ring__seed6,mlp_qmix,coord_grid,6,864,21625,27.0,25,0.82881,2.9004020435469493,25.23845304761614,17.269822458038107
mlp_qmix__N16__ring__seed6,mlp_qmix,coord_grid,6,865,21650,23.0,25,0.8286120833333334,1.8126070300738018,9.807525555292765,17.289276416006032
mlp_qmix__N16__ring__seed6,mlp_qmix,coord_grid,6,866,21675,25.0,25,0.8284141666666667,1.269254560271899,16.42668350537618,17.309432958019897
mlp_qmix__N16__ring__seed6,mlp_qmix,coord_grid,6,867,21700,23.0,25,0.82821625,1.7792036334673564,12.60764765739441,17.329134957981296
mlp_qmix__N16__ring__seed6,mlp_qmix,coord_grid,6,868,21725,28.0,25,0.8280183333333333,1.551243326493672,17.375401973724365,17.35155925003346
mlp_qmix__N16__ring__seed6,mlp_qmix,coord_grid,6,869,21750,21.0,25,0.8278204166666667,2.0442717919747033,22.98407236735026,17.371879249985795
mlp_qmix__N16__ring__seed6,mlp_qmix,coord_grid,6,870,21775,20.0,25,0.8276225,1.8069419264793396,9.142644961675009,17.391914915991947
mlp_qmix__N16__ring__seed6,mlp_qmix,coord_grid,6,871,21800,20.0,25,0.8274245833333334,1.4998910129070282,24.55087359746297,17.411654583003838
mlp_qmix__N16__ring__seed6,mlp_qmix,coord_grid,6,872,21825,20.0,25,0.8272266666666667,2.764551132917404,45.690877778189524,17.433982499991544
mlp_qmix__N16__ring__seed6,mlp_qmix,coord_grid,6,873,21850,17.0,25,0.82702875,2.501160820325216,44.951348304748535,17.45374162500957
mlp_qmix__N16__ring__seed6,mlp_qmix,coord_grid,6,874,21875,25.0,25,0.8268308333333334,3.343968907992045,33.364165703455605,17.47295500000473
mlp_qmix__N16__ring__seed6,mlp_qmix,coord_grid,6,875,21900,14.0,25,0.8266329166666667,1.6712602873643239,28.106067657470703,17.493022207985632
mlp_qmix__N16__ring__seed6,mlp_qmix,coord_grid,6,876,21925,23.0,25,0.826435,1.8811648402895247,15.425157308578491,17.51521695801057
mlp_qmix__N16__ring__seed6,mlp_qmix,coord_grid,6,877,21950,16.0,25,0.8262370833333333,2.616720606883367,32.44672775268555,17.53521012503188
mlp_qmix__N16__ring__seed6,mlp_qmix,coord_grid,6,878,21975,23.0,25,0.8260391666666667,1.7903465330600739,20.597535928090412,17.55494624999119
mlp_qmix__N16__ring__seed6,mlp_qmix,coord_grid,6,879,22000,24.0,25,0.8258412500000001,2.8865246971448264,24.679944197336834,17.575460041000042
mlp_qmix__N16__ring__seed6,mlp_qmix,coord_grid,6,880,22025,11.0,25,0.8256433333333333,2.063954608780997,15.594725063868932,17.597509999992326
mlp_qmix__N16__ring__seed6,mlp_qmix,coord_grid,6,881,22050,18.0,25,0.8254454166666667,1.8264731566111247,13.7966628074646,17.617275208001956
mlp_qmix__N16__ring__seed6,mlp_qmix,coord_grid,6,882,22075,13.0,25,0.8252475,2.8924797972043357,15.490215937296549,17.63765529100783
mlp_qmix__N16__ring__seed6,mlp_qmix,coord_grid,6,883,22100,18.0,25,0.8250495833333333,2.3367684483528137,19.839414795239765,17.65779454098083
mlp_qmix__N16__ring__seed6,mlp_qmix,coord_grid,6,884,22125,16.0,25,0.8248516666666666,1.5262067828859602,12.853147779192243,17.680034500022884
mlp_qmix__N16__ring__seed6,mlp_qmix,coord_grid,6,885,22150,22.0,25,0.82465375,1.934384951988856,13.796924670537313,17.7002545830328
mlp_qmix__N16__ring__seed6,mlp_qmix,coord_grid,6,886,22175,22.0,25,0.8244558333333334,2.6363205015659332,27.520872910817463,17.72009237500606
mlp_qmix__N16__ring__seed6,mlp_qmix,coord_grid,6,887,22200,22.0,25,0.8242579166666667,2.37049663066864,29.969905853271484,17.74013179098256
mlp_qmix__N16__ring__seed6,mlp_qmix,coord_grid,6,888,22225,15.0,25,0.82406,1.8184423276356287,27.87600019999913,17.76249008299783
mlp_qmix__N16__ring__seed6,mlp_qmix,coord_grid,6,889,22250,26.0,25,0.8238620833333333,1.6047977209091187,25.274579366048176,17.783498375036288
mlp_qmix__N16__ring__seed6,mlp_qmix,coord_grid,6,890,22275,22.0,25,0.8236641666666666,1.572671835621198,17.50200080871582,17.80349462502636
mlp_qmix__N16__ring__seed6,mlp_qmix,coord_grid,6,891,22300,22.0,25,0.8234662500000001,2.319949045777321,13.85883061091105,17.823598041024525
mlp_qmix__N16__ring__seed6,mlp_qmix,coord_grid,6,892,22325,25.0,25,0.8232683333333334,1.7046718001365662,12.78914383479527,17.845763207995333
mlp_qmix__N16__ring__seed6,mlp_qmix,coord_grid,6,893,22350,14.0,25,0.8230704166666667,1.7287145753701527,31.12084372838338,17.86620225000661
mlp_qmix__N16__ring__seed6,mlp_qmix,coord_grid,6,894,22375,25.0,25,0.8228725,2.4005063325166702,31.032367706298828,17.886001833016053
mlp_qmix__N16__ring__seed6,mlp_qmix,coord_grid,6,895,22400,18.0,25,0.8226745833333333,1.0302468985319138,19.71723000208537,17.905650832981337
mlp_qmix__N16__ring__seed6,mlp_qmix,coord_grid,6,896,22425,20.0,25,0.8224766666666667,1.1398950815200806,16.109798771994456,17.927984083013143
mlp_qmix__N16__ring__seed6,mlp_qmix,coord_grid,6,897,22450,19.0,25,0.82227875,1.618374193708102,13.711190859476725,17.947623540996574
mlp_qmix__N16__ring__seed6,mlp_qmix,coord_grid,6,898,22475,29.0,25,0.8220808333333334,1.249043216307958,18.626944224039715,17.967294165981002
mlp_qmix__N16__ring__seed6,mlp_qmix,coord_grid,6,899,22500,27.0,25,0.8218829166666667,2.6137576897939048,24.041365146636963,17.986740083026234
mlp_qmix__N16__ring__seed6,mlp_qmix,coord_grid,6,900,22525,22.0,25,0.821685,2.6890674190861836,22.943991320473806,18.008315999992192
mlp_qmix__N16__ring__seed6,mlp_qmix,coord_grid,6,901,22550,15.0,25,0.8214870833333333,1.5005397995313008,32.263845920562744,18.028240000014193
mlp_qmix__N16__ring__seed6,mlp_qmix,coord_grid,6,902,22575,21.0,25,0.8212891666666666,1.1368743032217026,27.945829550425213,18.047896291012876
mlp_qmix__N16__ring__seed6,mlp_qmix,coord_grid,6,903,22600,20.0,25,0.82109125,2.28324023882548,11.906469106674194,18.068054541014135
mlp_qmix__N16__ring__seed6,mlp_qmix,coord_grid,6,904,22625,16.0,25,0.8208933333333334,2.6863351804869517,44.77084084919521,18.090457500016782
mlp_qmix__N16__ring__seed6,mlp_qmix,coord_grid,6,905,22650,22.0,25,0.8206954166666667,2.236758381128311,39.53540579477946,18.109921416034922
mlp_qmix__N16__ring__seed6,mlp_qmix,coord_grid,6,906,22675,17.0,25,0.8204975,2.179456035296122,34.35675048828125,18.129543707997072
mlp_qmix__N16__ring__seed6,mlp_qmix,coord_grid,6,907,22700,16.0,25,0.8202995833333333,2.478861411412557,30.334636449813843,18.150050333002582
mlp_qmix__N16__ring__seed6,mlp_qmix,coord_grid,6,908,22725,24.0,25,0.8201016666666667,1.637680777481624,18.39047963278634,18.172146791010164
mlp_qmix__N16__ring__seed6,mlp_qmix,coord_grid,6,909,22750,28.0,25,0.81990375,1.709874113400777,27.59533977508545,18.191816915990785
mlp_qmix__N16__ring__seed6,mlp_qmix,coord_grid,6,910,22775,28.0,25,0.8197058333333334,2.4717575907707214,35.92807332674662,18.21155595802702
mlp_qmix__N16__ring__seed6,mlp_qmix,coord_grid,6,911,22800,23.0,25,0.8195079166666667,1.6641487777233124,26.325913588205974,18.231375415984076
mlp_qmix__N16__ring__seed6,mlp_qmix,coord_grid,6,912,22825,22.0,25,0.81931,1.215341282742364,28.973199708121165,18.2539195829886
mlp_qmix__N16__ring__seed6,mlp_qmix,coord_grid,6,913,22850,27.0,25,0.8191120833333333,1.6550461798906326,28.3871595064799,18.27387016598368
mlp_qmix__N16__ring__seed6,mlp_qmix,coord_grid,6,914,22875,17.0,25,0.8189141666666667,1.3374917556842167,29.654964288075764,18.293881083023734
mlp_qmix__N16__ring__seed6,mlp_qmix,coord_grid,6,915,22900,29.0,25,0.81871625,1.3855485916137695,13.28478209177653,18.31392629101174
mlp_qmix__N16__ring__seed6,mlp_qmix,coord_grid,6,916,22925,25.0,25,0.8185183333333333,2.9863626020295277,24.912712369646346,18.33649175002938
mlp_qmix__N16__ring__seed6,mlp_qmix,coord_grid,6,917,22950,30.0,25,0.8183204166666667,1.9072729100783665,22.531147321065266,18.356310040981043
mlp_qmix__N16__ring__seed6,mlp_qmix,coord_grid,6,918,22975,17.0,25,0.8181225,2.651179075241089,29.87310727437337,18.376167082984466
mlp_qmix__N16__ring__seed6,mlp_qmix,coord_grid,6,919,23000,19.0,25,0.8179245833333333,1.4302271356185277,20.499799092610676,18.395980958011933
mlp_qmix__N16__ring__seed6,mlp_qmix,coord_grid,6,920,23025,27.0,25,0.8177266666666667,2.305900284222194,14.557831151144844,18.418484166031703
mlp_qmix__N16__ring__seed6,mlp_qmix,coord_grid,6,921,23050,32.0,25,0.81752875,1.6781361599763234,15.633561372756958,18.438383458007593
mlp_qmix__N16__ring__seed6,mlp_qmix,coord_grid,6,922,23075,21.0,25,0.8173308333333333,1.2452690154314041,15.395234982172648,18.45841316599399
mlp_qmix__N16__ring__seed6,mlp_qmix,coord_grid,6,923,23100,36.0,25,0.8171329166666667,2.4352138489484787,18.622578620910645,18.478271208005026
mlp_qmix__N16__ring__seed6,mlp_qmix,coord_grid,6,924,23125,14.0,25,0.816935,1.381625935435295,15.398922852107457,18.50041604100261
mlp_qmix__N16__ring__seed6,mlp_qmix,coord_grid,6,925,23150,20.0,25,0.8167370833333334,1.676611786087354,12.367493947347006,18.52025354100624
mlp_qmix__N16__ring__seed6,mlp_qmix,coord_grid,6,926,23175,29.0,25,0.8165391666666667,2.4274898370107016,14.929931879043579,18.54005979100475
mlp_qmix__N16__ring__seed6,mlp_qmix,coord_grid,6,927,23200,20.0,25,0.81634125,1.6404735743999481,14.457344770431519,18.56011825002497
mlp_qmix__N16__ring__seed6,mlp_qmix,coord_grid,6,928,23225,16.0,25,0.8161433333333333,2.1913715175219943,23.817531040736608,18.58233908301918
mlp_qmix__N16__ring__seed6,mlp_qmix,coord_grid,6,929,23250,18.0,25,0.8159454166666666,2.4621751755476,26.768335342407227,18.601662750006653
mlp_qmix__N16__ring__seed6,mlp_qmix,coord_grid,6,930,23275,21.0,25,0.8157475,1.7379493713378906,22.610672394434612,18.621216125029605
mlp_qmix__N16__ring__seed6,mlp_qmix,coord_grid,6,931,23300,17.0,25,0.8155495833333334,1.4717686176300049,21.58665720621745,18.641766916029155
mlp_qmix__N16__ring__seed6,mlp_qmix,coord_grid,6,932,23325,12.0,25,0.8153516666666667,1.750989237001964,12.850159168243408,18.66453350003576
mlp_qmix__N16__ring__seed6,mlp_qmix,coord_grid,6,933,23350,20.0,25,0.81515375,2.209287772576014,11.570119778315226,18.68464579101419
mlp_qmix__N16__ring__seed6,mlp_qmix,coord_grid,6,934,23375,22.0,25,0.8149558333333333,1.6433515201012294,24.90542467435201,18.704499208019115
mlp_qmix__N16__ring__seed6,mlp_qmix,coord_grid,6,935,23400,33.0,25,0.8147579166666666,2.642134368419647,19.013534704844158,18.724623457994312
mlp_qmix__N16__ring__seed6,mlp_qmix,coord_grid,6,936,23425,15.0,25,0.81456,1.7231987970215934,47.78360210146223,18.746986915997695
mlp_qmix__N16__ring__seed6,mlp_qmix,coord_grid,6,937,23450,21.0,25,0.8143620833333334,2.6254331469535828,40.1265869140625,18.767816375009716
mlp_qmix__N16__ring__seed6,mlp_qmix,coord_grid,6,938,23475,17.0,25,0.8141641666666667,2.1806338727474213,31.567269325256348,18.78954187501222
mlp_qmix__N16__ring__seed6,mlp_qmix,coord_grid,6,939,23500,12.0,25,0.81396625,2.077222228050232,20.327205181121826,18.812050040985923
mlp_qmix__N16__ring__seed6,mlp_qmix,coord_grid,6,940,23525,27.0,25,0.8137683333333333,1.5538275369576044,25.9818160874503,18.834720125014428
mlp_qmix__N16__ring__seed6,mlp_qmix,coord_grid,6,941,23550,19.0,25,0.8135704166666666,2.1597385903199515,29.54847987492879,18.854728457983583
mlp_qmix__N16__ring__seed6,mlp_qmix,coord_grid,6,942,23575,19.0,25,0.8133725,1.4888663192590077,22.56871422131856,18.875542875030078
mlp_qmix__N16__ring__seed6,mlp_qmix,coord_grid,6,943,23600,19.0,25,0.8131745833333334,2.5041526556015015,39.37652897834778,18.89569566602586
mlp_qmix__N16__ring__seed6,mlp_qmix,coord_grid,6,944,23625,16.0,25,0.8129766666666667,3.560246297291347,32.02733939034598,18.917842374998145
mlp_qmix__N16__ring__seed6,mlp_qmix,coord_grid,6,945,23650,19.0,25,0.81277875,1.6150142550468445,35.90727313359579,18.938136040989775
mlp_qmix__N16__ring__seed6,mlp_qmix,coord_grid,6,946,23675,19.0,25,0.8125808333333333,2.593586062391599,31.01773277918498,18.958171083009802
mlp_qmix__N16__ring__seed6,mlp_qmix,coord_grid,6,947,23700,20.0,25,0.8123829166666667,2.0171135465304055,21.648628393809002,18.978749957983382
mlp_qmix__N16__ring__seed6,mlp_qmix,coord_grid,6,948,23725,26.0,25,0.812185,1.518760472536087,20.31826993397304,19.000687166000716
mlp_qmix__N16__ring__seed6,mlp_qmix,coord_grid,6,949,23750,27.0,25,0.8119870833333334,2.0948420763015747,18.86161994934082,19.020384582981933
mlp_qmix__N16__ring__seed6,mlp_qmix,coord_grid,6,950,23775,14.0,25,0.8117891666666667,1.945883999268214,28.17640272776286,19.040429415996186
mlp_qmix__N16__ring__seed6,mlp_qmix,coord_grid,6,951,23800,24.0,25,0.81159125,1.443975289662679,16.815142790476482,19.06051658303477
mlp_qmix__N16__ring__seed6,mlp_qmix,coord_grid,6,952,23825,22.0,25,0.8113933333333333,1.294989790235247,14.180906023297991,19.08266558300238
mlp_qmix__N16__ring__seed6,mlp_qmix,coord_grid,6,953,23850,23.0,25,0.8111954166666666,1.2115470618009567,21.91212781270345,19.102574874996208
mlp_qmix__N16__ring__seed6,mlp_qmix,coord_grid,6,954,23875,25.0,25,0.8109975,1.986227144797643,12.553655862808228,19.12246841599699
mlp_qmix__N16__ring__seed6,mlp_qmix,coord_grid,6,955,23900,27.0,25,0.8107995833333334,1.99046590924263,19.213284095128376,19.14224691601703
mlp_qmix__N16__ring__seed6,mlp_qmix,coord_grid,6,956,23925,25.0,25,0.8106016666666667,2.109860692705427,21.144849368504115,19.164740082982462
mlp_qmix__N16__ring__seed6,mlp_qmix,coord_grid,6,957,23950,25.0,25,0.81040375,2.3335819045702615,14.84370199839274,19.184467207989655
mlp_qmix__N16__ring__seed6,mlp_qmix,coord_grid,6,958,23975,34.0,25,0.8102058333333333,2.435162444909414,9.627328952153524,19.20436004101066
mlp_qmix__N16__ring__seed6,mlp_qmix,coord_grid,6,959,24000,11.0,25,0.8100079166666667,1.6779448886712391,9.958303133646647,19.224074958008714
mlp_qmix__N16__ring__seed6,mlp_qmix,coord_grid,6,960,24025,20.0,25,0.80981,2.202258974313736,10.818264416285924,19.24658116599312
mlp_qmix__N16__ring__seed6,mlp_qmix,coord_grid,6,961,24050,28.0,25,0.8096120833333333,1.2525482873121898,13.09771434466044,19.266599000024144
mlp_qmix__N16__ring__seed6,mlp_qmix,coord_grid,6,962,24075,21.0,25,0.8094141666666667,2.7911340097586312,9.21663006146749,19.286548500007484
mlp_qmix__N16__ring__seed6,mlp_qmix,coord_grid,6,963,24100,19.0,25,0.80921625,2.7757164239883423,20.03493849436442,19.305959000019357
mlp_qmix__N16__ring__seed6,mlp_qmix,coord_grid,6,964,24125,23.0,25,0.8090183333333334,1.4641882138592857,28.989927428109304,19.32809324999107
mlp_qmix__N16__ring__seed6,mlp_qmix,coord_grid,6,965,24150,25.0,25,0.8088204166666666,2.5596756041049957,20.15087016423543,19.347884249989875
mlp_qmix__N16__ring__seed6,mlp_qmix,coord_grid,6,966,24175,18.0,25,0.8086225,2.361014465490977,18.80552053451538,19.36734954098938
mlp_qmix__N16__ring__seed6,mlp_qmix,coord_grid,6,967,24200,23.0,25,0.8084245833333333,1.9609142045180004,22.147946914037068,19.3874010409927
mlp_qmix__N16__ring__seed6,mlp_qmix,coord_grid,6,968,24225,27.0,25,0.8082266666666666,2.3555156077657426,54.564165932791575,19.409733332984615
mlp_qmix__N16__ring__seed6,mlp_qmix,coord_grid,6,969,24250,25.0,25,0.8080287500000001,2.407437135775884,44.87884394327799,19.429879333009012
mlp_qmix__N16__ring__seed6,mlp_qmix,coord_grid,6,970,24275,21.0,25,0.8078308333333333,2.1368414759635925,12.056950887044271,19.450121458037756
mlp_qmix__N16__ring__seed6,mlp_qmix,coord_grid,6,971,24300,24.0,25,0.8076329166666667,2.3831604520479837,21.13021429379781,19.470506332989316
mlp_qmix__N16__ring__seed6,mlp_qmix,coord_grid,6,972,24325,22.0,25,0.807435,1.5945943253380912,18.88779136112758,19.49287054099841
mlp_qmix__N16__ring__seed6,mlp_qmix,coord_grid,6,973,24350,25.0,25,0.8072370833333333,2.1140457093715668,18.09595529238383,19.512632375000976
mlp_qmix__N16__ring__seed6,mlp_qmix,coord_grid,6,974,24375,17.0,25,0.8070391666666666,1.4606371025244396,17.889429092407227,19.532370333035942
mlp_qmix__N16__ring__seed6,mlp_qmix,coord_grid,6,975,24400,28.0,25,0.80684125,3.4682947794596353,29.95357847213745,19.552468082983978
mlp_qmix__N16__ring__seed6,mlp_qmix,coord_grid,6,976,24425,27.0,25,0.8066433333333334,1.9225543524537767,23.213906833103724,19.575170750031248
mlp_qmix__N16__ring__seed6,mlp_qmix,coord_grid,6,977,24450,24.0,25,0.8064454166666667,1.936499536037445,25.00738763809204,19.594898166018538
mlp_qmix__N16__ring__seed6,mlp_qmix,coord_grid,6,978,24475,21.0,25,0.8062475,3.0588603218396506,31.312523365020752,19.61436154099647
mlp_qmix__N16__ring__seed6,mlp_qmix,coord_grid,6,979,24500,16.0,25,0.8060495833333333,1.9067494124174118,34.953526178995766,19.634131083032116
mlp_qmix__N16__ring__seed6,mlp_qmix,coord_grid,6,980,24525,23.0,25,0.8058516666666666,1.8685546219348907,19.5417286327907,19.656414333032444
mlp_qmix__N16__ring__seed6,mlp_qmix,coord_grid,6,981,24550,21.0,25,0.8056537500000001,2.065548206369082,14.49996821085612,19.677159416023642
mlp_qmix__N16__ring__seed6,mlp_qmix,coord_grid,6,982,24575,22.0,25,0.8054558333333334,2.4797156552473703,15.241052309672037,19.697034457989503
mlp_qmix__N16__ring__seed6,mlp_qmix,coord_grid,6,983,24600,18.0,25,0.8052579166666667,1.9022396703561146,16.617942571640015,19.716858125000726
mlp_qmix__N16__ring__seed6,mlp_qmix,coord_grid,6,984,24625,13.0,25,0.80506,2.6269335321017673,16.608809539249965,19.739074749988504
mlp_qmix__N16__ring__seed6,mlp_qmix,coord_grid,6,985,24650,19.0,25,0.8048620833333333,3.138303895791372,33.8546659151713,19.75911216600798
mlp_qmix__N16__ring__seed6,mlp_qmix,coord_grid,6,986,24675,31.0,25,0.8046641666666667,2.209272623062134,34.06072839101156,19.77898741600802
mlp_qmix__N16__ring__seed6,mlp_qmix,coord_grid,6,987,24700,21.0,25,0.8044662499999999,1.900369147459666,25.71918487548828,19.79855787503766
mlp_qmix__N16__ring__seed6,mlp_qmix,coord_grid,6,988,24725,20.0,25,0.8042683333333334,1.5046792668955666,19.70115273339408,19.820643624989316
mlp_qmix__N16__ring__seed6,mlp_qmix,coord_grid,6,989,24750,26.0,25,0.8040704166666667,2.551759203275045,18.446112076441448,19.840597500035074
mlp_qmix__N16__ring__seed6,mlp_qmix,coord_grid,6,990,24775,32.0,25,0.8038725,2.5348402013381324,17.520459810892742,19.860189000028186
mlp_qmix__N16__ring__seed6,mlp_qmix,coord_grid,6,991,24800,20.0,25,0.8036745833333333,1.3769951164722443,14.739662249883017,19.880227165995166
mlp_qmix__N16__ring__seed6,mlp_qmix,coord_grid,6,992,24825,27.0,25,0.8034766666666666,2.2556526320321217,17.029115472521102,19.9020030410029
mlp_qmix__N16__ring__seed6,mlp_qmix,coord_grid,6,993,24850,28.0,25,0.80327875,1.5598706255356471,21.360336621602375,19.921907750016544
mlp_qmix__N16__ring__seed6,mlp_qmix,coord_grid,6,994,24875,24.0,25,0.8030808333333334,2.3221741815408072,16.988213380177815,19.942040458030533
mlp_qmix__N16__ring__seed6,mlp_qmix,coord_grid,6,995,24900,22.0,25,0.8028829166666667,0.9172174483537674,18.001793066660564,19.962384333019145
mlp_qmix__N16__ring__seed6,mlp_qmix,coord_grid,6,996,24925,28.0,25,0.802685,2.691761084965297,27.69898135321481,19.98433029098669
mlp_qmix__N16__ring__seed6,mlp_qmix,coord_grid,6,997,24950,16.0,25,0.8024870833333333,2.660262331366539,36.00247065226237,20.005126915988512
mlp_qmix__N16__ring__seed6,mlp_qmix,coord_grid,6,998,24975,19.0,25,0.8022891666666667,1.7743643919626872,23.050618807474773,20.025346499984153
mlp_qmix__N16__ring__seed6,mlp_qmix,coord_grid,6,999,25000,29.0,25,0.80209125,1.834517002105713,34.33921511967977,20.046021624992136
mlp_qmix__N16__ring__seed6,mlp_qmix,coord_grid,6,1000,25025,32.0,25,0.8018933333333333,3.151764077799661,55.61201041085379,20.06813233299181
mlp_qmix__N16__ring__seed6,mlp_qmix,coord_grid,6,1001,25050,23.0,25,0.8016954166666667,1.8207039833068848,59.75502427419027,20.08743566600606
mlp_qmix__N16__ring__seed6,mlp_qmix,coord_grid,6,1002,25075,23.0,25,0.8014975,2.019094447294871,40.05197827021281,20.107922333001625
mlp_qmix__N16__ring__seed6,mlp_qmix,coord_grid,6,1003,25100,19.0,25,0.8012995833333334,1.6985358695189159,31.14978853861491,20.127541124995332
mlp_qmix__N16__ring__seed6,mlp_qmix,coord_grid,6,1004,25125,20.0,25,0.8011016666666666,2.0708188031400954,16.38757930483137,20.150430458015762
mlp_qmix__N16__ring__seed6,mlp_qmix,coord_grid,6,1005,25150,17.0,25,0.80090375,1.2939620614051819,13.427980343500773,20.17042554100044
mlp_qmix__N16__ring__seed6,mlp_qmix,coord_grid,6,1006,25175,26.0,25,0.8007058333333333,2.0632713238398233,35.89487314224243,20.191069625027012
mlp_qmix__N16__ring__seed6,mlp_qmix,coord_grid,6,1007,25200,26.0,25,0.8005079166666667,1.429867108662923,28.47756838798523,20.21111670800019
mlp_qmix__N16__ring__seed6,mlp_qmix,coord_grid,6,1008,25225,17.0,25,0.8003100000000001,2.284292391368321,19.702630043029785,20.233525958028622
mlp_qmix__N16__ring__seed6,mlp_qmix,coord_grid,6,1009,25250,13.0,25,0.8001120833333333,1.1815058290958405,24.076383272806805,20.253238582983613
mlp_qmix__N16__ring__seed6,mlp_qmix,coord_grid,6,1010,25275,6.0,25,0.7999141666666667,1.1049367090066273,16.50315244992574,20.272976415988524
mlp_qmix__N16__ring__seed6,mlp_qmix,coord_grid,6,1011,25300,24.0,25,0.79971625,1.9887916644414265,25.64713478088379,20.293195832986385
mlp_qmix__N16__ring__seed6,mlp_qmix,coord_grid,6,1012,25325,15.0,25,0.7995183333333333,2.768669170992715,25.790433406829834,20.315827166021336
mlp_qmix__N16__ring__seed6,mlp_qmix,coord_grid,6,1013,25350,29.0,25,0.7993204166666666,1.922364632288615,39.11272748311361,20.335900375037454
mlp_qmix__N16__ring__seed6,mlp_qmix,coord_grid,6,1014,25375,14.0,25,0.7991225,1.934215784072876,33.546797593434654,20.35536970803514
mlp_qmix__N16__ring__seed6,mlp_qmix,coord_grid,6,1015,25400,27.0,25,0.7989245833333334,1.8321118553479512,30.633362531661987,20.375149541010614
mlp_qmix__N16__ring__seed6,mlp_qmix,coord_grid,6,1016,25425,24.0,25,0.7987266666666667,1.690178441149848,32.728310448782786,20.397410041012336
mlp_qmix__N16__ring__seed6,mlp_qmix,coord_grid,6,1017,25450,22.0,25,0.79852875,1.8254642685254414,26.932437419891357,20.417382916028146
mlp_qmix__N16__ring__seed6,mlp_qmix,coord_grid,6,1018,25475,16.0,25,0.7983308333333333,2.784300078948339,37.12772250175476,20.43726987502305
mlp_qmix__N16__ring__seed6,mlp_qmix,coord_grid,6,1019,25500,18.0,25,0.7981329166666666,1.8807352383931477,35.829759200414024,20.457137875026092
mlp_qmix__N16__ring__seed6,mlp_qmix,coord_grid,6,1020,25525,19.0,25,0.7979350000000001,2.633459312575204,16.11996568952288,20.47951529099373
mlp_qmix__N16__ring__seed6,mlp_qmix,coord_grid,6,1021,25550,27.0,25,0.7977370833333334,2.3814112842082977,16.97575330734253,20.50011625001207
mlp_qmix__N16__ring__seed6,mlp_qmix,coord_grid,6,1022,25575,31.0,25,0.7975391666666667,1.9130385120709736,17.00970196723938,20.519958958029747
mlp_qmix__N16__ring__seed6,mlp_qmix,coord_grid,6,1023,25600,19.0,25,0.79734125,1.7437362124522526,19.984847863515217,20.53974208299769
mlp_qmix__N16__ring__seed6,mlp_qmix,coord_grid,6,1024,25625,14.0,25,0.7971433333333333,1.4046343905585152,13.51102352142334,20.561742791032884
mlp_qmix__N16__ring__seed6,mlp_qmix,coord_grid,6,1025,25650,33.0,25,0.7969454166666667,0.8867716093858083,26.11721595128377,20.582707333029248
mlp_qmix__N16__ring__seed6,mlp_qmix,coord_grid,6,1026,25675,18.0,25,0.7967474999999999,1.0538560897111893,29.23602549235026,20.602265333000105
mlp_qmix__N16__ring__seed6,mlp_qmix,coord_grid,6,1027,25700,22.0,25,0.7965495833333334,2.1672049860159555,43.50579833984375,20.621890374983195
mlp_qmix__N16__ring__seed6,mlp_qmix,coord_grid,6,1028,25725,27.0,25,0.7963516666666667,2.918173466409956,17.56607014792306,20.64382833300624
mlp_qmix__N16__ring__seed6,mlp_qmix,coord_grid,6,1029,25750,22.0,25,0.79615375,1.4623911082744598,10.414271036783854,20.663169540988747
mlp_qmix__N16__ring__seed6,mlp_qmix,coord_grid,6,1030,25775,27.0,25,0.7959558333333334,1.5123457312583923,13.097974379857382,20.68331037502503
mlp_qmix__N16__ring__seed6,mlp_qmix,coord_grid,6,1031,25800,20.0,25,0.7957579166666666,1.1360451976458232,29.404582659403484,20.70369854103774
mlp_qmix__N16__ring__seed6,mlp_qmix,coord_grid,6,1032,25825,23.0,25,0.79556,3.04004100390843,56.76353979110718,20.72646120801801
mlp_qmix__N16__ring__seed6,mlp_qmix,coord_grid,6,1033,25850,22.0,25,0.7953620833333334,2.139905641476313,52.98755931854248,20.746331790986005
mlp_qmix__N16__ring__seed6,mlp_qmix,coord_grid,6,1034,25875,14.0,25,0.7951641666666667,2.181391417980194,41.125544706980385,20.76632041600533
mlp_qmix__N16__ring__seed6,mlp_qmix,coord_grid,6,1035,25900,17.0,25,0.79496625,1.9879657328128815,39.33176795641581,20.786316249985248
mlp_qmix__N16__ring__seed6,mlp_qmix,coord_grid,6,1036,25925,17.0,25,0.7947683333333333,2.1167522881712233,32.86467565808977,20.808708041033242
mlp_qmix__N16__ring__seed6,mlp_qmix,coord_grid,6,1037,25950,27.0,25,0.7945704166666667,3.1994644006093345,20.518400192260742,20.828936916019302
mlp_qmix__N16__ring__seed6,mlp_qmix,coord_grid,6,1038,25975,34.0,25,0.7943725,2.2144120931625366,24.1909601688385,20.848682083014864
mlp_qmix__N16__ring__seed6,mlp_qmix,coord_grid,6,1039,26000,22.0,25,0.7941745833333334,2.9186808864275613,18.949987332026165,20.869316333031747
mlp_qmix__N16__ring__seed6,mlp_qmix,coord_grid,6,1040,26025,22.0,25,0.7939766666666667,3.6097227334976196,22.057770047869003,20.89156712498516
mlp_qmix__N16__ring__seed6,mlp_qmix,coord_grid,6,1041,26050,24.0,25,0.79377875,1.9194222589333851,35.395897229512535,20.911706041020807
mlp_qmix__N16__ring__seed6,mlp_qmix,coord_grid,6,1042,26075,19.0,25,0.7935808333333334,1.9785141497850418,16.76059357325236,20.931573208014015
mlp_qmix__N16__ring__seed6,mlp_qmix,coord_grid,6,1043,26100,21.0,25,0.7933829166666667,1.7861026128133137,12.779128472010294,20.951809458027128
mlp_qmix__N16__ring__seed6,mlp_qmix,coord_grid,6,1044,26125,21.0,25,0.793185,1.9872124195098877,9.384717464447021,20.973903416015673
mlp_qmix__N16__ring__seed6,mlp_qmix,coord_grid,6,1045,26150,16.0,25,0.7929870833333333,2.066412036617597,22.707983016967773,20.994078124989755
mlp_qmix__N16__ring__seed6,mlp_qmix,coord_grid,6,1046,26175,23.0,25,0.7927891666666667,2.6144251227378845,31.170095841089886,21.01390033302596
mlp_qmix__N16__ring__seed6,mlp_qmix,coord_grid,6,1047,26200,20.0,25,0.7925912500000001,2.0647929310798645,24.118070284525555,21.033578165981453
mlp_qmix__N16__ring__seed6,mlp_qmix,coord_grid,6,1048,26225,15.0,25,0.7923933333333333,2.1483918513570512,11.729660783495222,21.056778625003062
mlp_qmix__N16__ring__seed6,mlp_qmix,coord_grid,6,1049,26250,24.0,25,0.7921954166666667,1.3959112415711086,23.16352605819702,21.07659470802173
mlp_qmix__N16__ring__seed6,mlp_qmix,coord_grid,6,1050,26275,20.0,25,0.7919975,1.5897338042656581,16.097188711166382,21.09642195800552
mlp_qmix__N16__ring__seed6,mlp_qmix,coord_grid,6,1051,26300,21.0,25,0.7917995833333333,2.2762677520513535,6.824728886286418,21.11595062498236
mlp_qmix__N16__ring__seed6,mlp_qmix,coord_grid,6,1052,26325,37.0,25,0.7916016666666666,2.1817814111709595,11.05926765714373,21.138315165997483
mlp_qmix__N16__ring__seed6,mlp_qmix,coord_grid,6,1053,26350,29.0,25,0.79140375,3.0895615021387735,35.95741732915243,21.15819275000831
mlp_qmix__N16__ring__seed6,mlp_qmix,coord_grid,6,1054,26375,14.0,25,0.7912058333333334,1.613462011019389,49.863473971684776,21.177851875021588
mlp_qmix__N16__ring__seed6,mlp_qmix,coord_grid,6,1055,26400,18.0,25,0.7910079166666667,3.4896754125754037,44.47748835881551,21.197528541029897
mlp_qmix__N16__ring__seed6,mlp_qmix,coord_grid,6,1056,26425,30.0,25,0.79081,3.681869089603424,30.455187933785574,21.219590041029733
mlp_qmix__N16__ring__seed6,mlp_qmix,coord_grid,6,1057,26450,19.0,25,0.7906120833333333,2.665976961453756,12.03369426727295,21.239670041017234
mlp_qmix__N16__ring__seed6,mlp_qmix,coord_grid,6,1058,26475,25.0,25,0.7904141666666666,2.23226897418499,14.0518479347229,21.259603083017282
mlp_qmix__N16__ring__seed6,mlp_qmix,coord_grid,6,1059,26500,21.0,25,0.7902162500000001,1.5582516292730968,24.40496301651001,21.27931841602549
mlp_qmix__N16__ring__seed6,mlp_qmix,coord_grid,6,1060,26525,23.0,25,0.7900183333333334,2.468106048447745,14.87399162564959,21.30191779101733
mlp_qmix__N16__ring__seed6,mlp_qmix,coord_grid,6,1061,26550,36.0,25,0.7898204166666667,1.59352641304334,15.326820214589437,21.32203766598832
mlp_qmix__N16__ring__seed6,mlp_qmix,coord_grid,6,1062,26575,20.0,25,0.7896225,1.5453192392985027,32.778806368509926,21.34156366600655
mlp_qmix__N16__ring__seed6,mlp_qmix,coord_grid,6,1063,26600,25.0,25,0.7894245833333333,2.1236907839775085,31.122590859731037,21.36138270801166
mlp_qmix__N16__ring__seed6,mlp_qmix,coord_grid,6,1064,26625,33.0,25,0.7892266666666667,3.1380258117403304,66.3988824571882,21.383767041028477
mlp_qmix__N16__ring__seed6,mlp_qmix,coord_grid,6,1065,26650,31.0,25,0.7890287500000001,2.892968942721685,51.422659158706665,21.403643125027884
mlp_qmix__N16__ring__seed6,mlp_qmix,coord_grid,6,1066,26675,28.0,25,0.7888308333333334,2.281458556652069,46.02183095614115,21.4237427500193
mlp_qmix__N16__ring__seed6,mlp_qmix,coord_grid,6,1067,26700,18.0,25,0.7886329166666667,2.984574720263481,50.21557060877482,21.443621499987785
mlp_qmix__N16__ring__seed6,mlp_qmix,coord_grid,6,1068,26725,30.0,25,0.788435,1.9268979217324937,22.817870685032435,21.465827915992122
mlp_qmix__N16__ring__seed6,mlp_qmix,coord_grid,6,1069,26750,28.0,25,0.7882370833333333,2.9864649176597595,15.728013753890991,21.485585707996506
mlp_qmix__N16__ring__seed6,mlp_qmix,coord_grid,6,1070,26775,25.0,25,0.7880391666666666,2.0792998572190604,9.539559443791708,21.505657790985424
mlp_qmix__N16__ring__seed6,mlp_qmix,coord_grid,6,1071,26800,17.0,25,0.78784125,2.165180782477061,37.35103678703308,21.525483999983408
mlp_qmix__N16__ring__seed6,mlp_qmix,coord_grid,6,1072,26825,24.0,25,0.7876433333333334,2.899021770272936,24.987110206059047,21.547642624995206
mlp_qmix__N16__ring__seed6,mlp_qmix,coord_grid,6,1073,26850,19.0,25,0.7874454166666667,2.1760305960973105,32.78924751281738,21.567418416030705
mlp_qmix__N16__ring__seed6,mlp_qmix,coord_grid,6,1074,26875,31.0,25,0.7872475,2.3335194190343223,20.410311539967854,21.58777308301069
mlp_qmix__N16__ring__seed6,mlp_qmix,coord_grid,6,1075,26900,26.0,25,0.7870495833333333,2.78433650235335,18.197591543197632,21.607617833011318
mlp_qmix__N16__ring__seed6,mlp_qmix,coord_grid,6,1076,26925,23.0,25,0.7868516666666667,2.281711276088442,13.237788677215576,21.629920415987726
mlp_qmix__N16__ring__seed6,mlp_qmix,coord_grid,6,1077,26950,25.0,25,0.78665375,1.5760606229305267,16.256407578786213,21.649616290989798
mlp_qmix__N16__ring__seed6,mlp_qmix,coord_grid,6,1078,26975,18.0,25,0.7864558333333334,2.2333673934141793,28.060302734375,21.669289125013165
mlp_qmix__N16__ring__seed6,mlp_qmix,coord_grid,6,1079,27000,17.0,25,0.7862579166666667,2.1418091456095376,40.77218500773112,21.689415958011523
mlp_qmix__N16__ring__seed6,mlp_qmix,coord_grid,6,1080,27025,28.0,25,0.78606,2.49609466109957,18.49093839100429,21.711443250009324
mlp_qmix__N16__ring__seed6,mlp_qmix,coord_grid,6,1081,27050,17.0,25,0.7858620833333334,1.8793795605500538,21.181678613026936,21.73158191598486
mlp_qmix__N16__ring__seed6,mlp_qmix,coord_grid,6,1082,27075,26.0,25,0.7856641666666667,3.1447814603646598,40.36982663472494,21.75133579102112
mlp_qmix__N16__ring__seed6,mlp_qmix,coord_grid,6,1083,27100,14.0,25,0.78546625,2.265244444211324,42.85047912597656,21.77091741602635
mlp_qmix__N16__ring__seed6,mlp_qmix,coord_grid,6,1084,27125,21.0,25,0.7852683333333333,3.0167500163827623,10.654327869415283,21.793215750018135
mlp_qmix__N16__ring__seed6,mlp_qmix,coord_grid,6,1085,27150,15.0,25,0.7850704166666667,1.0528160234292347,17.69028925895691,21.813161583035253
mlp_qmix__N16__ring__seed6,mlp_qmix,coord_grid,6,1086,27175,16.0,25,0.7848725,2.808782309293747,23.838953653971355,21.83318566600792
mlp_qmix__N16__ring__seed6,mlp_qmix,coord_grid,6,1087,27200,23.0,25,0.7846745833333333,2.6376434564590454,41.64411767323812,21.853328458033502
mlp_qmix__N16__ring__seed6,mlp_qmix,coord_grid,6,1088,27225,21.0,25,0.7844766666666667,2.2280396733965193,15.331577845982142,21.875386625004467
mlp_qmix__N16__ring__seed6,mlp_qmix,coord_grid,6,1089,27250,19.0,25,0.78427875,2.337906002998352,15.154282172520956,21.89519183302764
mlp_qmix__N16__ring__seed6,mlp_qmix,coord_grid,6,1090,27275,30.0,25,0.7840808333333333,2.2804826150337854,13.888501008351644,21.914510915987194
mlp_qmix__N16__ring__seed6,mlp_qmix,coord_grid,6,1091,27300,22.0,25,0.7838829166666667,1.8095467189947765,12.834378480911255,21.934345666028094
mlp_qmix__N16__ring__seed6,mlp_qmix,coord_grid,6,1092,27325,26.0,25,0.783685,1.8601119773728507,17.55074085508074,21.956544457993004
mlp_qmix__N16__ring__seed6,mlp_qmix,coord_grid,6,1093,27350,32.0,25,0.7834870833333334,2.010998487472534,13.93451182047526,21.976425000000745
mlp_qmix__N16__ring__seed6,mlp_qmix,coord_grid,6,1094,27375,28.0,25,0.7832891666666667,2.140643209218979,24.97700810432434,21.996644540980924
mlp_qmix__N16__ring__seed6,mlp_qmix,coord_grid,6,1095,27400,21.0,25,0.78309125,1.8584013779958088,18.91447917620341,22.017686832987238
mlp_qmix__N16__ring__seed6,mlp_qmix,coord_grid,6,1096,27425,20.0,25,0.7828933333333333,3.3624440005847385,60.14509146554129,22.040490832994692
mlp_qmix__N16__ring__seed6,mlp_qmix,coord_grid,6,1097,27450,13.0,25,0.7826954166666666,3.781579375267029,29.957677364349365,22.060489541036077
mlp_qmix__N16__ring__seed6,mlp_qmix,coord_grid,6,1098,27475,27.0,25,0.7824975000000001,2.4510111808776855,19.188689072926838,22.08045750000747
mlp_qmix__N16__ring__seed6,mlp_qmix,coord_grid,6,1099,27500,28.0,25,0.7822995833333334,1.4960369567076366,23.436175505320232,22.10005445801653
mlp_qmix__N16__ring__seed6,mlp_qmix,coord_grid,6,1100,27525,12.0,25,0.7821016666666667,2.2914627449853078,17.326535088675364,22.123570958035998
mlp_qmix__N16__ring__seed6,mlp_qmix,coord_grid,6,1101,27550,28.0,25,0.78190375,2.480204184850057,35.09905036290487,22.143629708036315
mlp_qmix__N16__ring__seed6,mlp_qmix,coord_grid,6,1102,27575,29.0,25,0.7817058333333333,2.054789458711942,32.33534240722656,22.16447691601934
mlp_qmix__N16__ring__seed6,mlp_qmix,coord_grid,6,1103,27600,34.0,25,0.7815079166666666,2.258499875664711,38.25902032852173,22.18450849998044
mlp_qmix__N16__ring__seed6,mlp_qmix,coord_grid,6,1104,27625,19.0,25,0.7813100000000001,3.023062126977103,22.90829426901681,22.206571125017945
mlp_qmix__N16__ring__seed6,mlp_qmix,coord_grid,6,1105,27650,22.0,25,0.7811120833333334,1.6151148627201717,20.82070295015971,22.226897249987815
mlp_qmix__N16__ring__seed6,mlp_qmix,coord_grid,6,1106,27675,9.0,25,0.7809141666666667,2.388991743326187,15.626899401346842,22.246382332989015
mlp_qmix__N16__ring__seed6,mlp_qmix,coord_grid,6,1107,27700,25.0,25,0.78071625,3.177521755297979,17.276614665985107,22.2661624160246
mlp_qmix__N16__ring__seed6,mlp_qmix,coord_grid,6,1108,27725,24.0,25,0.7805183333333333,2.719418099948338,30.480538572583878,22.288447083032224
mlp_qmix__N16__ring__seed6,mlp_qmix,coord_grid,6,1109,27750,23.0,25,0.7803204166666666,3.168193777402242,18.564682642618816,22.3084769580164
mlp_qmix__N16__ring__seed6,mlp_qmix,coord_grid,6,1110,27775,18.0,25,0.7801225,2.352331737677256,17.939637660980225,22.32855641603237
mlp_qmix__N16__ring__seed6,mlp_qmix,coord_grid,6,1111,27800,27.0,25,0.7799245833333334,2.221354345480601,18.367145856221516,22.348268540983554
mlp_qmix__N16__ring__seed6,mlp_qmix,coord_grid,6,1112,27825,14.0,25,0.7797266666666667,2.555098239864622,22.875890459333146,22.37059850001242
mlp_qmix__N16__ring__seed6,mlp_qmix,coord_grid,6,1113,27850,23.0,25,0.77952875,1.1313105523586273,20.456228574117024,22.3907343330211
mlp_qmix__N16__ring__seed6,mlp_qmix,coord_grid,6,1114,27875,21.0,25,0.7793308333333333,3.009180744489034,35.91978613535563,22.41063033300452
mlp_qmix__N16__ring__seed6,mlp_qmix,coord_grid,6,1115,27900,29.0,25,0.7791329166666667,2.3893545170625052,21.17048438390096,22.430375416006427
mlp_qmix__N16__ring__seed6,mlp_qmix,coord_grid,6,1116,27925,26.0,25,0.778935,1.7704831063747406,34.996992928641184,22.452915041008964
mlp_qmix__N16__ring__seed6,mlp_qmix,coord_grid,6,1117,27950,24.0,25,0.7787370833333334,2.471046273907026,23.469125588734943,22.47303724999074
mlp_qmix__N16__ring__seed6,mlp_qmix,coord_grid,6,1118,27975,33.0,25,0.7785391666666667,2.2960552275180817,19.502543926239014,22.493677165999543
mlp_qmix__N16__ring__seed6,mlp_qmix,coord_grid,6,1119,28000,23.0,25,0.77834125,2.1366993387540183,14.921245018641153,22.513477833010256
mlp_qmix__N16__ring__seed6,mlp_qmix,coord_grid,6,1120,28025,24.0,25,0.7781433333333333,2.2052047295229777,36.18444292885916,22.535280750016682
mlp_qmix__N16__ring__seed6,mlp_qmix,coord_grid,6,1121,28050,26.0,25,0.7779454166666667,3.8361569245656333,38.17418384552002,22.55516104103299
mlp_qmix__N16__ring__seed6,mlp_qmix,coord_grid,6,1122,28075,28.0,25,0.7777475,2.1674908796946206,46.14559841156006,22.575209958013147
mlp_qmix__N16__ring__seed6,mlp_qmix,coord_grid,6,1123,28100,26.0,25,0.7775495833333333,2.754299287994703,39.97729047139486,22.59528616600437
mlp_qmix__N16__ring__seed6,mlp_qmix,coord_grid,6,1124,28125,10.0,25,0.7773516666666667,1.760725051164627,27.22961643763951,22.618320624984335
mlp_qmix__N16__ring__seed6,mlp_qmix,coord_grid,6,1125,28150,18.0,25,0.77715375,2.9805760184923806,33.22142187754313,22.638538416009396
mlp_qmix__N16__ring__seed6,mlp_qmix,coord_grid,6,1126,28175,27.0,25,0.7769558333333333,2.2955666879812875,32.720781008402504,22.658354874991346
mlp_qmix__N16__ring__seed6,mlp_qmix,coord_grid,6,1127,28200,22.0,25,0.7767579166666667,2.232119927803675,37.76616827646891,22.67865829099901
mlp_qmix__N16__ring__seed6,mlp_qmix,coord_grid,6,1128,28225,11.0,25,0.77656,3.4237852777753557,65.10407257080078,22.70089191599982
mlp_qmix__N16__ring__seed6,mlp_qmix,coord_grid,6,1129,28250,22.0,25,0.7763620833333333,4.251651684443156,68.63989162445068,22.720995165989734
mlp_qmix__N16__ring__seed6,mlp_qmix,coord_grid,6,1130,28275,19.0,25,0.7761641666666667,3.395082473754883,63.99672253926595,22.74099916598061
mlp_qmix__N16__ring__seed6,mlp_qmix,coord_grid,6,1131,28300,15.0,25,0.77596625,2.7228520065546036,55.746542612711586,22.760987957997713
mlp_qmix__N16__ring__seed6,mlp_qmix,coord_grid,6,1132,28325,22.0,25,0.7757683333333334,1.8069518506526947,35.24704851422991,22.78377158299554
mlp_qmix__N16__ring__seed6,mlp_qmix,coord_grid,6,1133,28350,10.0,25,0.7755704166666667,1.6791950265566509,18.156404733657837,22.803502416005358
mlp_qmix__N16__ring__seed6,mlp_qmix,coord_grid,6,1134,28375,17.0,25,0.7753725,3.252766748269399,27.621266682942707,22.82450487499591
mlp_qmix__N16__ring__seed6,mlp_qmix,coord_grid,6,1135,28400,26.0,25,0.7751745833333333,2.507526715596517,16.380794843037922,22.84453891601879
mlp_qmix__N16__ring__seed6,mlp_qmix,coord_grid,6,1136,28425,19.0,25,0.7749766666666666,3.001884068761553,22.542174884251185,22.866945666028187
mlp_qmix__N16__ring__seed6,mlp_qmix,coord_grid,6,1137,28450,22.0,25,0.7747787500000001,1.9255128900210063,22.732434113820393,22.887275249988306
mlp_qmix__N16__ring__seed6,mlp_qmix,coord_grid,6,1138,28475,24.0,25,0.7745808333333333,3.446988264719645,27.456370035807293,22.907290790986735
mlp_qmix__N16__ring__seed6,mlp_qmix,coord_grid,6,1139,28500,19.0,25,0.7743829166666667,2.040637960036596,15.686861515045166,22.92719458299689
mlp_qmix__N16__ring__seed6,mlp_qmix,coord_grid,6,1140,28525,27.0,25,0.774185,3.089775102479117,32.10667528424944,22.949607165995985
mlp_qmix__N16__ring__seed6,mlp_qmix,coord_grid,6,1141,28550,29.0,25,0.7739870833333333,2.0948858857154846,45.30666923522949,22.969317374983802
mlp_qmix__N16__ring__seed6,mlp_qmix,coord_grid,6,1142,28575,25.0,25,0.7737891666666666,2.003927151362101,31.00365161895752,22.989048500021454
mlp_qmix__N16__ring__seed6,mlp_qmix,coord_grid,6,1143,28600,32.0,25,0.77359125,2.045685494939486,31.330210208892822,23.00917379098246
mlp_qmix__N16__ring__seed6,mlp_qmix,coord_grid,6,1144,28625,27.0,25,0.7733933333333334,1.4186285904475622,31.264359337942942,23.031390957999974
mlp_qmix__N16__ring__seed6,mlp_qmix,coord_grid,6,1145,28650,24.0,25,0.7731954166666667,3.6023223400115967,15.86062216758728,23.05112887499854
mlp_qmix__N16__ring__seed6,mlp_qmix,coord_grid,6,1146,28675,21.0,25,0.7729975,1.933155541618665,18.07384379704793,23.07151779101696
mlp_qmix__N16__ring__seed6,mlp_qmix,coord_grid,6,1147,28700,27.0,25,0.7727995833333333,3.1513089338938394,16.485230445861816,23.09106474998407
mlp_qmix__N16__ring__seed6,mlp_qmix,coord_grid,6,1148,28725,29.0,25,0.7726016666666666,2.0732709424836293,26.879694938659668,23.113379165995866
mlp_qmix__N16__ring__seed6,mlp_qmix,coord_grid,6,1149,28750,20.0,25,0.7724037500000001,3.2136058509349823,24.61659304300944,23.133334333018865
mlp_qmix__N16__ring__seed6,mlp_qmix,coord_grid,6,1150,28775,13.0,25,0.7722058333333334,3.075053572654724,33.55923414230347,23.153225750022102
mlp_qmix__N16__ring__seed6,mlp_qmix,coord_grid,6,1151,28800,25.0,25,0.7720079166666667,1.965039720137914,23.133095105489094,23.17301041603787
mlp_qmix__N16__ring__seed6,mlp_qmix,coord_grid,6,1152,28825,25.0,25,0.77181,3.1797306707927158,20.8133510862078,23.195458790985867
mlp_qmix__N16__ring__seed6,mlp_qmix,coord_grid,6,1153,28850,30.0,25,0.7716120833333333,1.1968220422665279,22.185247262318928,23.215332875028253
mlp_qmix__N16__ring__seed6,mlp_qmix,coord_grid,6,1154,28875,32.0,25,0.7714141666666667,2.3985473215579987,18.07961908976237,23.235802458017133
mlp_qmix__N16__ring__seed6,mlp_qmix,coord_grid,6,1155,28900,31.0,25,0.7712162499999999,2.2795780996481576,34.08766492207845,23.255449415999465
mlp_qmix__N16__ring__seed6,mlp_qmix,coord_grid,6,1156,28925,20.0,25,0.7710183333333334,2.263609766960144,41.22839627947126,23.279148083005566
mlp_qmix__N16__ring__seed6,mlp_qmix,coord_grid,6,1157,28950,21.0,25,0.7708204166666667,3.4207248191038766,24.634495973587036,23.300139500002842
mlp_qmix__N16__ring__seed6,mlp_qmix,coord_grid,6,1158,28975,29.0,25,0.7706225,2.243053992589315,33.88978640238444,23.323503708001226
mlp_qmix__N16__ring__seed6,mlp_qmix,coord_grid,6,1159,29000,18.0,25,0.7704245833333333,2.0124961137771606,30.17643149693807,23.344141374982428
mlp_qmix__N16__ring__seed6,mlp_qmix,coord_grid,6,1160,29025,26.0,25,0.7702266666666666,2.5747836104461124,63.421546936035156,23.366952916025184
mlp_qmix__N16__ring__seed6,mlp_qmix,coord_grid,6,1161,29050,14.0,25,0.77002875,2.1049126187960305,53.93115949630737,23.38710708299186
mlp_qmix__N16__ring__seed6,mlp_qmix,coord_grid,6,1162,29075,36.0,25,0.7698308333333334,2.725899120171865,55.02162265777588,23.40701458300464
mlp_qmix__N16__ring__seed6,mlp_qmix,coord_grid,6,1163,29100,32.0,25,0.7696329166666667,3.2225107550621033,52.11782439549764,23.42724241601536
mlp_qmix__N16__ring__seed6,mlp_qmix,coord_grid,6,1164,29125,19.0,25,0.769435,2.146880183901106,54.22174508231027,23.449924500018824
mlp_qmix__N16__ring__seed6,mlp_qmix,coord_grid,6,1165,29150,23.0,25,0.7692370833333333,2.09781576693058,44.67285569508871,23.4696970829973
mlp_qmix__N16__ring__seed6,mlp_qmix,coord_grid,6,1166,29175,33.0,25,0.7690391666666667,2.9846210281054177,49.73348172505697,23.48948470799951
mlp_qmix__N16__ring__seed6,mlp_qmix,coord_grid,6,1167,29200,34.0,25,0.76884125,2.2330782314141593,33.274331172307335,23.51074920798419
mlp_qmix__N16__ring__seed6,mlp_qmix,coord_grid,6,1168,29225,22.0,25,0.7686433333333333,2.1695836101259505,48.992409569876536,23.533238250005525
mlp_qmix__N16__ring__seed6,mlp_qmix,coord_grid,6,1169,29250,15.0,25,0.7684454166666667,2.1016975939273834,43.05562631289164,23.553112041030545
mlp_qmix__N16__ring__seed6,mlp_qmix,coord_grid,6,1170,29275,22.0,25,0.7682475,2.599986175696055,40.64302269617716,23.57311183301499
mlp_qmix__N16__ring__seed6,mlp_qmix,coord_grid,6,1171,29300,23.0,25,0.7680495833333334,2.964598427216212,28.9146728515625,23.592869582993444
mlp_qmix__N16__ring__seed6,mlp_qmix,coord_grid,6,1172,29325,20.0,25,0.7678516666666666,2.367139812026705,15.876838411603655,23.615512165997643
mlp_qmix__N16__ring__seed6,mlp_qmix,coord_grid,6,1173,29350,21.0,25,0.76765375,2.2814049124717712,22.26840114593506,23.63559100002749
mlp_qmix__N16__ring__seed6,mlp_qmix,coord_grid,6,1174,29375,44.0,25,0.7674558333333333,2.151722957690557,10.046649058659872,23.65547612501541
mlp_qmix__N16__ring__seed6,mlp_qmix,coord_grid,6,1175,29400,36.0,25,0.7672579166666667,2.2774840692679086,30.916768550872803,23.675339540990535
mlp_qmix__N16__ring__seed6,mlp_qmix,coord_grid,6,1176,29425,23.0,25,0.7670600000000001,2.357472734791892,35.14674500056675,23.697432166023646
mlp_qmix__N16__ring__seed6,mlp_qmix,coord_grid,6,1177,29450,17.0,25,0.7668620833333333,2.9621832271416983,29.047818660736084,23.717226208013017
mlp_qmix__N16__ring__seed6,mlp_qmix,coord_grid,6,1178,29475,28.0,25,0.7666641666666667,0.9408631871143976,22.6667693456014,23.737135457980912
mlp_qmix__N16__ring__seed6,mlp_qmix,coord_grid,6,1179,29500,19.0,25,0.76646625,3.190225134293238,12.71098526318868,23.757303874997888
mlp_qmix__N16__ring__seed6,mlp_qmix,coord_grid,6,1180,29525,31.0,25,0.7662683333333333,2.0913672191756114,26.65913990565709,23.779618541011587
mlp_qmix__N16__ring__seed6,mlp_qmix,coord_grid,6,1181,29550,23.0,25,0.7660704166666666,3.577349677681923,29.436598141988117,23.79951425001491
mlp_qmix__N16__ring__seed6,mlp_qmix,coord_grid,6,1182,29575,18.0,25,0.7658725,3.164552554488182,14.84295916557312,23.819300250033848
mlp_qmix__N16__ring__seed6,mlp_qmix,coord_grid,6,1183,29600,34.0,25,0.7656745833333334,3.2391615410645804,13.551144202550253,23.839063958032057
mlp_qmix__N16__ring__seed6,mlp_qmix,coord_grid,6,1184,29625,27.0,25,0.7654766666666667,3.023986509868077,19.47368962424142,23.86142687499523
mlp_qmix__N16__ring__seed6,mlp_qmix,coord_grid,6,1185,29650,20.0,25,0.76527875,3.259375214576721,29.464637279510498,23.881329916010145
mlp_qmix__N16__ring__seed6,mlp_qmix,coord_grid,6,1186,29675,15.0,25,0.7650808333333333,2.2537278880675635,14.293044646581015,23.901544083026238
mlp_qmix__N16__ring__seed6,mlp_qmix,coord_grid,6,1187,29700,22.0,25,0.7648829166666666,2.4740712642669678,16.81290102005005,23.921621958026662
mlp_qmix__N16__ring__seed6,mlp_qmix,coord_grid,6,1188,29725,29.0,25,0.7646850000000001,2.417147619383676,20.729245594569615,23.944163999985904
mlp_qmix__N16__ring__seed6,mlp_qmix,coord_grid,6,1189,29750,35.0,25,0.7644870833333334,2.039753461877505,26.482349236806233,23.964656915981323
mlp_qmix__N16__ring__seed6,mlp_qmix,coord_grid,6,1190,29775,20.0,25,0.7642891666666667,2.5824020008246102,27.206899007161457,23.984491166018415
mlp_qmix__N16__ring__seed6,mlp_qmix,coord_grid,6,1191,29800,22.0,25,0.76409125,0.973231722911199,14.033174991607666,24.004720208002254
mlp_qmix__N16__ring__seed6,mlp_qmix,coord_grid,6,1192,29825,18.0,25,0.7638933333333333,3.5070558275495256,65.89177104404995,24.02704845799599
mlp_qmix__N16__ring__seed6,mlp_qmix,coord_grid,6,1193,29850,26.0,25,0.7636954166666667,2.2496623198191323,53.439083099365234,24.047117458016146
mlp_qmix__N16__ring__seed6,mlp_qmix,coord_grid,6,1194,29875,18.0,25,0.7634974999999999,1.7998803853988647,53.04312173525492,24.066660583019257
mlp_qmix__N16__ring__seed6,mlp_qmix,coord_grid,6,1195,29900,17.0,25,0.7632995833333334,2.090672334035238,63.17674446105957,24.086805875005666
mlp_qmix__N16__ring__seed6,mlp_qmix,coord_grid,6,1196,29925,23.0,25,0.7631016666666667,2.0578488366944447,51.16591099330357,24.109382249996997
mlp_qmix__N16__ring__seed6,mlp_qmix,coord_grid,6,1197,29950,27.0,25,0.76290375,2.373821879426638,25.05326970418294,24.129713415983133
mlp_qmix__N16__ring__seed6,mlp_qmix,coord_grid,6,1198,29975,14.0,25,0.7627058333333334,2.400327821572622,32.14073737462362,24.14959937502863
mlp_qmix__N16__ring__seed6,mlp_qmix,coord_grid,6,1199,30000,17.0,25,0.7625079166666666,2.6634819408257804,22.92396640777588,24.169540165981743
mlp_qmix__N16__ring__seed6,mlp_qmix,coord_grid,6,1200,30025,23.0,25,0.76231,1.8736558556556702,35.180962562561035,24.192315875028726
mlp_qmix__N16__ring__seed6,mlp_qmix,coord_grid,6,1201,30050,22.0,25,0.7621120833333334,1.9961224695046742,12.533469359079996,24.212136375019327
mlp_qmix__N16__ring__seed6,mlp_qmix,coord_grid,6,1202,30075,29.0,25,0.7619141666666667,2.8510755946238837,23.00708802541097,24.232152957993094
mlp_qmix__N16__ring__seed6,mlp_qmix,coord_grid,6,1203,30100,18.0,25,0.76171625,1.616160660982132,24.32808256149292,24.251956082996912
mlp_qmix__N16__ring__seed6,mlp_qmix,coord_grid,6,1204,30125,23.0,25,0.7615183333333333,3.2541654109954834,26.834625107901438,24.274185291025788
mlp_qmix__N16__ring__seed6,mlp_qmix,coord_grid,6,1205,30150,30.0,25,0.7613204166666667,1.867184708515803,15.00261116027832,24.293782041000668
mlp_qmix__N16__ring__seed6,mlp_qmix,coord_grid,6,1206,30175,21.0,25,0.7611225,2.074468672275543,29.097978591918945,24.313647500006482
mlp_qmix__N16__ring__seed6,mlp_qmix,coord_grid,6,1207,30200,13.0,25,0.7609245833333333,2.619784360130628,14.06025242805481,24.333117375033908
mlp_qmix__N16__ring__seed6,mlp_qmix,coord_grid,6,1208,30225,26.0,25,0.7607266666666667,2.8453042847769603,31.99689905984061,24.355394416023046
mlp_qmix__N16__ring__seed6,mlp_qmix,coord_grid,6,1209,30250,19.0,25,0.76052875,3.688357631365458,28.887454668680828,24.375149333034642
mlp_qmix__N16__ring__seed6,mlp_qmix,coord_grid,6,1210,30275,21.0,25,0.7603308333333333,2.6568124294281006,34.008504708607994,24.395852708024904
mlp_qmix__N16__ring__seed6,mlp_qmix,coord_grid,6,1211,30300,35.0,25,0.7601329166666667,1.8045626630385716,28.768011411031086,24.41565283300588
mlp_qmix__N16__ring__seed6,mlp_qmix,coord_grid,6,1212,30325,22.0,25,0.759935,3.0521631836891174,34.82188047681536,24.439012125018053
mlp_qmix__N16__ring__seed6,mlp_qmix,coord_grid,6,1213,30350,36.0,25,0.7597370833333333,3.9984093805154166,37.57602882385254,24.458996290981304
mlp_qmix__N16__ring__seed6,mlp_qmix,coord_grid,6,1214,30375,34.0,25,0.7595391666666667,2.0907790263493857,55.12517817815145,24.478653291007504
mlp_qmix__N16__ring__seed6,mlp_qmix,coord_grid,6,1215,30400,13.0,25,0.75934125,2.542661279439926,53.29386329650879,24.498573583026882
mlp_qmix__N16__ring__seed6,mlp_qmix,coord_grid,6,1216,30425,34.0,25,0.7591433333333333,2.237853237560817,55.66705213274275,24.521079500031192
mlp_qmix__N16__ring__seed6,mlp_qmix,coord_grid,6,1217,30450,26.0,25,0.7589454166666667,1.899619956811269,23.084349314371746,24.541090333019383
mlp_qmix__N16__ring__seed6,mlp_qmix,coord_grid,6,1218,30475,17.0,25,0.7587475,2.174795592824618,43.50523694356283,24.56071950000478
mlp_qmix__N16__ring__seed6,mlp_qmix,coord_grid,6,1219,30500,34.0,25,0.7585495833333333,3.1083388129870095,58.25127092997233,24.58095841598697
mlp_qmix__N16__ring__seed6,mlp_qmix,coord_grid,6,1220,30525,31.0,25,0.7583516666666666,2.9354560800961087,27.7867591721671,24.60329175001243
mlp_qmix__N16__ring__seed6,mlp_qmix,coord_grid,6,1221,30550,33.0,25,0.75815375,1.827116996049881,33.43251895904541,24.623305416025687
mlp_qmix__N16__ring__seed6,mlp_qmix,coord_grid,6,1222,30575,26.0,25,0.7579558333333334,2.3242276161909103,19.95372684796651,24.64301991602406
mlp_qmix__N16__ring__seed6,mlp_qmix,coord_grid,6,1223,30600,26.0,25,0.7577579166666667,4.1195758779843645,9.552676598230997,24.66325537499506
mlp_qmix__N16__ring__seed6,mlp_qmix,coord_grid,6,1224,30625,36.0,25,0.75756,1.7054290516035897,72.2544230052403,24.68549758300651
mlp_qmix__N16__ring__seed6,mlp_qmix,coord_grid,6,1225,30650,17.0,25,0.7573620833333333,3.426491598288218,43.51746384302775,24.70485475001624
mlp_qmix__N16__ring__seed6,mlp_qmix,coord_grid,6,1226,30675,17.0,25,0.7571641666666666,2.6030303239822388,38.41884581247965,24.72624625003664
mlp_qmix__N16__ring__seed6,mlp_qmix,coord_grid,6,1227,30700,28.0,25,0.75696625,2.403473218282064,19.022286494572956,24.746222375018988
mlp_qmix__N16__ring__seed6,mlp_qmix,coord_grid,6,1228,30725,14.0,25,0.7567683333333334,2.3720024270670756,14.390919208526611,24.768999374995474
mlp_qmix__N16__ring__seed6,mlp_qmix,coord_grid,6,1229,30750,20.0,25,0.7565704166666667,2.6647729575634003,14.567620356877645,24.78880899999058
mlp_qmix__N16__ring__seed6,mlp_qmix,coord_grid,6,1230,30775,27.0,25,0.7563725,2.9854990740617118,25.96007998784383,24.808628124999814
mlp_qmix__N16__ring__seed6,mlp_qmix,coord_grid,6,1231,30800,24.0,25,0.7561745833333333,1.2632778336604435,14.96298615137736,24.82807116600452
mlp_qmix__N16__ring__seed6,mlp_qmix,coord_grid,6,1232,30825,29.0,25,0.7559766666666666,3.342310735157558,19.71825177328927,24.85055154102156
mlp_qmix__N16__ring__seed6,mlp_qmix,coord_grid,6,1233,30850,13.0,25,0.75577875,1.9345179498195648,30.99942096074422,24.870341125002597
mlp_qmix__N16__ring__seed6,mlp_qmix,coord_grid,6,1234,30875,42.0,25,0.7555808333333334,3.6274801194667816,35.36564874649048,24.890630749985576
mlp_qmix__N16__ring__seed6,mlp_qmix,coord_grid,6,1235,30900,13.0,25,0.7553829166666667,2.7048821647961936,22.11306111017863,24.910584790981375
mlp_qmix__N16__ring__seed6,mlp_qmix,coord_grid,6,1236,30925,32.0,25,0.755185,2.1036309557301656,17.35921130861555,24.933562249992974
mlp_qmix__N16__ring__seed6,mlp_qmix,coord_grid,6,1237,30950,14.0,25,0.7549870833333333,3.4656111548344293,16.94246745109558,24.954032332985662
mlp_qmix__N16__ring__seed6,mlp_qmix,coord_grid,6,1238,30975,38.0,25,0.7547891666666666,3.1938971181710563,14.47110422452291,24.973817332996987
mlp_qmix__N16__ring__seed6,mlp_qmix,coord_grid,6,1239,31000,27.0,25,0.75459125,3.8377395073572793,24.355497042338055,24.993693249998614
mlp_qmix__N16__ring__seed6,mlp_qmix,coord_grid,6,1240,31025,33.0,25,0.7543933333333334,2.3696271990026747,18.330379554203578,25.016455915989354
mlp_qmix__N16__ring__seed6,mlp_qmix,coord_grid,6,1241,31050,22.0,25,0.7541954166666667,2.48725563287735,21.292131582895916,25.036140875017736
mlp_qmix__N16__ring__seed6,mlp_qmix,coord_grid,6,1242,31075,22.0,25,0.7539975,3.303648963570595,37.2877893447876,25.05586579098599
mlp_qmix__N16__ring__seed6,mlp_qmix,coord_grid,6,1243,31100,25.0,25,0.7537995833333333,3.2617721954981485,22.14754629135132,25.075578666001093
mlp_qmix__N16__ring__seed6,mlp_qmix,coord_grid,6,1244,31125,21.0,25,0.7536016666666667,3.4979179288659776,18.731652327946254,25.097811790998094
mlp_qmix__N16__ring__seed6,mlp_qmix,coord_grid,6,1245,31150,26.0,25,0.75340375,2.1104710400104523,22.793406804402668,25.117276415985543
mlp_qmix__N16__ring__seed6,mlp_qmix,coord_grid,6,1246,31175,25.0,25,0.7532058333333334,2.9550158381462097,27.613905986150105,25.137722707993817
mlp_qmix__N16__ring__seed6,mlp_qmix,coord_grid,6,1247,31200,18.0,25,0.7530079166666667,2.5704209307829538,39.894897063573204,25.15756183298072
mlp_qmix__N16__ring__seed6,mlp_qmix,coord_grid,6,1248,31225,22.0,25,0.75281,3.5039890238216946,15.819404193333217,25.17992416600464
mlp_qmix__N16__ring__seed6,mlp_qmix,coord_grid,6,1249,31250,22.0,25,0.7526120833333333,4.055378198623657,29.11680014928182,25.199626457993872
mlp_qmix__N16__ring__seed6,mlp_qmix,coord_grid,6,1250,31275,31.0,25,0.7524141666666667,2.4344843278328576,21.496439456939697,25.219837000011466
mlp_qmix__N16__ring__seed6,mlp_qmix,coord_grid,6,1251,31300,23.0,25,0.75221625,2.4753491580486298,42.333983739217125,25.239296249987092
mlp_qmix__N16__ring__seed6,mlp_qmix,coord_grid,6,1252,31325,27.0,25,0.7520183333333333,2.12736428635461,26.812701633998326,25.26165649999166
mlp_qmix__N16__ring__seed6,mlp_qmix,coord_grid,6,1253,31350,28.0,25,0.7518204166666667,1.7813908904790878,21.783201456069946,25.281250416010153
mlp_qmix__N16__ring__seed6,mlp_qmix,coord_grid,6,1254,31375,32.0,25,0.7516225,2.3817077378431954,25.896177609761555,25.301218040985987
mlp_qmix__N16__ring__seed6,mlp_qmix,coord_grid,6,1255,31400,25.0,25,0.7514245833333333,2.508733789126078,43.59344736735026,25.32130250002956
mlp_qmix__N16__ring__seed6,mlp_qmix,coord_grid,6,1256,31425,17.0,25,0.7512266666666667,2.9886544942855835,77.6678935459682,25.34434087498812
mlp_qmix__N16__ring__seed6,mlp_qmix,coord_grid,6,1257,31450,21.0,25,0.75102875,4.423836906750997,77.30250819524129,25.36401245801244
mlp_qmix__N16__ring__seed6,mlp_qmix,coord_grid,6,1258,31475,18.0,25,0.7508308333333333,1.4492718776067097,85.91370137532552,25.38417895801831
mlp_qmix__N16__ring__seed6,mlp_qmix,coord_grid,6,1259,31500,24.0,25,0.7506329166666666,3.4563698172569275,48.23724683125814,25.404233457986265
mlp_qmix__N16__ring__seed6,mlp_qmix,coord_grid,6,1260,31525,18.0,25,0.750435,1.8461130602019173,50.183516366141184,25.426872208015993
mlp_qmix__N16__ring__seed6,mlp_qmix,coord_grid,6,1261,31550,31.0,25,0.7502370833333334,2.3015808761119843,48.19175179799398,25.446716665988788
mlp_qmix__N16__ring__seed6,mlp_qmix,coord_grid,6,1262,31575,18.0,25,0.7500391666666667,4.20598030090332,21.33284370104472,25.466718457988463
mlp_qmix__N16__ring__seed6,mlp_qmix,coord_grid,6,1263,31600,25.0,25,0.74984125,2.7769410014152527,14.878604412078857,25.486834625015035
mlp_qmix__N16__ring__seed6,mlp_qmix,coord_grid,6,1264,31625,20.0,25,0.7496433333333333,2.6444199298109328,21.44522421700614,25.509271582996007
mlp_qmix__N16__ring__seed6,mlp_qmix,coord_grid,6,1265,31650,23.0,25,0.7494454166666666,0.7551104873418808,36.09206779797872,25.529248666018248
mlp_qmix__N16__ring__seed6,mlp_qmix,coord_grid,6,1266,31675,27.0,25,0.7492475000000001,2.291201670964559,23.192268530527752,25.549204125010874
mlp_qmix__N16__ring__seed6,mlp_qmix,coord_grid,6,1267,31700,29.0,25,0.7490495833333333,2.2250513633092246,17.69260040918986,25.56872504099738
mlp_qmix__N16__ring__seed6,mlp_qmix,coord_grid,6,1268,31725,22.0,25,0.7488516666666667,2.9777970484324863,22.857737404959543,25.591180332994554
mlp_qmix__N16__ring__seed6,mlp_qmix,coord_grid,6,1269,31750,26.0,25,0.74865375,1.3063649237155914,28.341455380121868,25.610778208007105
mlp_qmix__N16__ring__seed6,mlp_qmix,coord_grid,6,1270,31775,25.0,25,0.7484558333333333,2.4654363294442496,26.573220252990723,25.63103216601303
mlp_qmix__N16__ring__seed6,mlp_qmix,coord_grid,6,1271,31800,30.0,25,0.7482579166666667,3.391981532176336,25.42663844426473,25.650925083027687
mlp_qmix__N16__ring__seed6,mlp_qmix,coord_grid,6,1272,31825,26.0,25,0.74806,2.9404412422861372,23.183829648154124,25.67344275000505
mlp_qmix__N16__ring__seed6,mlp_qmix,coord_grid,6,1273,31850,24.0,25,0.7478620833333334,3.0322188089291253,27.761373202006023,25.693296500016004
mlp_qmix__N16__ring__seed6,mlp_qmix,coord_grid,6,1274,31875,32.0,25,0.7476641666666667,3.367721458276113,27.385389804840088,25.71331399999326
mlp_qmix__N16__ring__seed6,mlp_qmix,coord_grid,6,1275,31900,16.0,25,0.74746625,2.5253273049990335,20.372419754664104,25.733451500011142
mlp_qmix__N16__ring__seed6,mlp_qmix,coord_grid,6,1276,31925,25.0,25,0.7472683333333333,3.868918410369328,25.10539095742362,25.755903083016165
mlp_qmix__N16__ring__seed6,mlp_qmix,coord_grid,6,1277,31950,23.0,25,0.7470704166666666,1.8891214778025944,17.732108513514202,25.775802207994275
mlp_qmix__N16__ring__seed6,mlp_qmix,coord_grid,6,1278,31975,48.0,25,0.7468725,1.6716908067464828,38.43560282389323,25.795623290992808
mlp_qmix__N16__ring__seed6,mlp_qmix,coord_grid,6,1279,32000,32.0,25,0.7466745833333334,2.201457147796949,24.512176990509033,25.815667624992784
mlp_qmix__N16__ring__seed6,mlp_qmix,coord_grid,6,1280,32025,21.0,25,0.7464766666666667,2.185872656958444,27.964680535452707,25.837873040989507
mlp_qmix__N16__ring__seed6,mlp_qmix,coord_grid,6,1281,32050,27.0,25,0.74627875,4.241575126846631,30.173011938730877,25.85809162503574
mlp_qmix__N16__ring__seed6,mlp_qmix,coord_grid,6,1282,32075,16.0,25,0.7460808333333333,2.2338792184988656,23.219882488250732,25.878064791031647
mlp_qmix__N16__ring__seed6,mlp_qmix,coord_grid,6,1283,32100,33.0,25,0.7458829166666667,1.9172623703877132,15.7275284131368,25.89803708298132
mlp_qmix__N16__ring__seed6,mlp_qmix,coord_grid,6,1284,32125,27.0,25,0.745685,3.2387205958366394,47.9671448298863,25.920238375023473
mlp_qmix__N16__ring__seed6,mlp_qmix,coord_grid,6,1285,32150,36.0,25,0.7454870833333334,1.9951365838448207,36.45988003412882,25.939858541009016
mlp_qmix__N16__ring__seed6,mlp_qmix,coord_grid,6,1286,32175,21.0,25,0.7452891666666667,4.10304872194926,35.143277168273926,25.95995920803398
mlp_qmix__N16__ring__seed6,mlp_qmix,coord_grid,6,1287,32200,29.0,25,0.74509125,3.1453049878279367,32.32088812192281,25.9801986659877
mlp_qmix__N16__ring__seed6,mlp_qmix,coord_grid,6,1288,32225,23.0,25,0.7448933333333334,3.8399521623338972,62.743057932172505,26.00236554100411
mlp_qmix__N16__ring__seed6,mlp_qmix,coord_grid,6,1289,32250,22.0,25,0.7446954166666666,1.9669695893923442,44.410000801086426,26.02237420802703
mlp_qmix__N16__ring__seed6,mlp_qmix,coord_grid,6,1290,32275,24.0,25,0.7444975,2.7094262142976127,50.382174491882324,26.043600458011497
mlp_qmix__N16__ring__seed6,mlp_qmix,coord_grid,6,1291,32300,30.0,25,0.7442995833333333,1.9748437851667404,36.80893421173096,26.06393158301944
mlp_qmix__N16__ring__seed6,mlp_qmix,coord_grid,6,1292,32325,26.0,25,0.7441016666666667,1.9636508141245161,21.967724527631486,26.086106540984474
mlp_qmix__N16__ring__seed6,mlp_qmix,coord_grid,6,1293,32350,26.0,25,0.7439037500000001,1.9658843725919724,23.181161006291706,26.105943790986203
mlp_qmix__N16__ring__seed6,mlp_qmix,coord_grid,6,1294,32375,24.0,25,0.7437058333333333,2.59455206990242,33.7535826365153,26.126197749981657
mlp_qmix__N16__ring__seed6,mlp_qmix,coord_grid,6,1295,32400,25.0,25,0.7435079166666667,2.842337816953659,28.516616821289062,26.146084207983222
mlp_qmix__N16__ring__seed6,mlp_qmix,coord_grid,6,1296,32425,16.0,25,0.74331,2.170192893062319,17.021499838147843,26.168429957993794
mlp_qmix__N16__ring__seed6,mlp_qmix,coord_grid,6,1297,32450,28.0,25,0.7431120833333333,2.464731812477112,18.375365734100342,26.18819399998756
mlp_qmix__N16__ring__seed6,mlp_qmix,coord_grid,6,1298,32475,35.0,25,0.7429141666666667,3.7259398301442466,24.23138427734375,26.208071500004735
mlp_qmix__N16__ring__seed6,mlp_qmix,coord_grid,6,1299,32500,20.0,25,0.74271625,3.3309504787127175,22.58902867635091,26.228102250024676
mlp_qmix__N16__ring__seed6,mlp_qmix,coord_grid,6,1300,32525,31.0,25,0.7425183333333334,1.4987706073692866,33.87019566127232,26.250326499983203
mlp_qmix__N16__ring__seed6,mlp_qmix,coord_grid,6,1301,32550,25.0,25,0.7423204166666667,2.80242911974589,37.61069862047831,26.270414750033524
mlp_qmix__N16__ring__seed6,mlp_qmix,coord_grid,6,1302,32575,31.0,25,0.7421225,2.5398491422335305,16.084260543187458,26.29093845799798
mlp_qmix__N16__ring__seed6,mlp_qmix,coord_grid,6,1303,32600,22.0,25,0.7419245833333333,3.0140309085448584,15.537527481714884,26.310774500016123
mlp_qmix__N16__ring__seed6,mlp_qmix,coord_grid,6,1304,32625,34.0,25,0.7417266666666666,2.8761866177831377,53.12236213684082,26.333384708035737
mlp_qmix__N16__ring__seed6,mlp_qmix,coord_grid,6,1305,32650,24.0,25,0.7415287500000001,3.2159897486368814,30.16525626182556,26.353469708003104
mlp_qmix__N16__ring__seed6,mlp_qmix,coord_grid,6,1306,32675,25.0,25,0.7413308333333334,2.380914260943731,53.7570219039917,26.37335562502267
mlp_qmix__N16__ring__seed6,mlp_qmix,coord_grid,6,1307,32700,23.0,25,0.7411329166666667,2.4463921884695687,53.59092434247335,26.393576208036393
mlp_qmix__N16__ring__seed6,mlp_qmix,coord_grid,6,1308,32725,16.0,25,0.740935,3.158920024122511,66.32219423566546,26.41620816598879
mlp_qmix__N16__ring__seed6,mlp_qmix,coord_grid,6,1309,32750,21.0,25,0.7407370833333333,2.1571513215700784,51.86864201227824,26.436069082992617
mlp_qmix__N16__ring__seed6,mlp_qmix,coord_grid,6,1310,32775,33.0,25,0.7405391666666667,1.379082014163335,19.583646694819134,26.455859999987297
mlp_qmix__N16__ring__seed6,mlp_qmix,coord_grid,6,1311,32800,28.0,25,0.74034125,1.3673433909813564,22.76557445526123,26.476358583022375
mlp_qmix__N16__ring__seed6,mlp_qmix,coord_grid,6,1312,32825,27.0,25,0.7401433333333334,1.9251949787139893,20.398444448198592,26.49820924998494
mlp_qmix__N16__ring__seed6,mlp_qmix,coord_grid,6,1313,32850,30.0,25,0.7399454166666667,2.777783830960592,11.33984367052714,26.51825079100672
mlp_qmix__N16__ring__seed6,mlp_qmix,coord_grid,6,1314,32875,18.0,25,0.7397475,3.4261946280797324,20.241342385609943,26.538071374990977
mlp_qmix__N16__ring__seed6,mlp_qmix,coord_grid,6,1315,32900,13.0,25,0.7395495833333333,4.228867093722026,21.6854514280955,26.558159707987215
mlp_qmix__N16__ring__seed6,mlp_qmix,coord_grid,6,1316,32925,40.0,25,0.7393516666666666,4.567765712738037,31.920054299490793,26.580675999983214
mlp_qmix__N16__ring__seed6,mlp_qmix,coord_grid,6,1317,32950,24.0,25,0.73915375,1.6757432570060093,23.15742778778076,26.600716040993575
mlp_qmix__N16__ring__seed6,mlp_qmix,coord_grid,6,1318,32975,19.0,25,0.7389558333333334,2.8517995874087014,32.2859271367391,26.620523916033562
mlp_qmix__N16__ring__seed6,mlp_qmix,coord_grid,6,1319,33000,41.0,25,0.7387579166666667,3.1212100833654404,11.090439399083456,26.640574958000798
mlp_qmix__N16__ring__seed6,mlp_qmix,coord_grid,6,1320,33025,35.0,25,0.73856,2.5783507994243076,78.0284173148019,26.663154250010848
mlp_qmix__N16__ring__seed6,mlp_qmix,coord_grid,6,1321,33050,26.0,25,0.7383620833333333,4.063138643900554,72.18288103739421,26.68280762503855
mlp_qmix__N16__ring__seed6,mlp_qmix,coord_grid,6,1322,33075,29.0,25,0.7381641666666667,5.328747550646464,42.53359858194987,26.70333758299239
mlp_qmix__N16__ring__seed6,mlp_qmix,coord_grid,6,1323,33100,23.0,25,0.73796625,2.3814941147963204,43.538472493489586,26.72342633298831
mlp_qmix__N16__ring__seed6,mlp_qmix,coord_grid,6,1324,33125,25.0,25,0.7377683333333334,2.3138806649616788,34.04961742673601,26.74568716599606
mlp_qmix__N16__ring__seed6,mlp_qmix,coord_grid,6,1325,33150,33.0,25,0.7375704166666667,3.3754635751247406,51.105913400650024,26.76596116600558
mlp_qmix__N16__ring__seed6,mlp_qmix,coord_grid,6,1326,33175,33.0,25,0.7373725,3.942707657814026,61.51054541269938,26.78607800003374
mlp_qmix__N16__ring__seed6,mlp_qmix,coord_grid,6,1327,33200,39.0,25,0.7371745833333334,4.088576475779216,30.02432131767273,26.806062958028633
mlp_qmix__N16__ring__seed6,mlp_qmix,coord_grid,6,1328,33225,26.0,25,0.7369766666666666,2.5481515611921037,17.068973268781388,26.828316916013137
mlp_qmix__N16__ring__seed6,mlp_qmix,coord_grid,6,1329,33250,19.0,25,0.73677875,3.5229115337133408,23.670761903127033,26.848082832992077
mlp_qmix__N16__ring__seed6,mlp_qmix,coord_grid,6,1330,33275,30.0,25,0.7365808333333334,2.7082289258639016,49.02271684010824,26.867979375005234
mlp_qmix__N16__ring__seed6,mlp_qmix,coord_grid,6,1331,33300,14.0,25,0.7363829166666667,2.928711692492167,20.451632817586262,26.888061541016214
mlp_qmix__N16__ring__seed6,mlp_qmix,coord_grid,6,1332,33325,31.0,25,0.7361850000000001,3.589111566543579,22.93468611580985,26.910478416015394
mlp_qmix__N16__ring__seed6,mlp_qmix,coord_grid,6,1333,33350,27.0,25,0.7359870833333333,1.3774671057860057,17.843581676483154,26.930191125022247
mlp_qmix__N16__ring__seed6,mlp_qmix,coord_grid,6,1334,33375,34.0,25,0.7357891666666667,2.385964810848236,26.0578506787618,26.949688708002213
mlp_qmix__N16__ring__seed6,mlp_qmix,coord_grid,6,1335,33400,30.0,25,0.73559125,3.411399871110916,24.12432869275411,26.969796458026394
mlp_qmix__N16__ring__seed6,mlp_qmix,coord_grid,6,1336,33425,18.0,25,0.7353933333333333,4.101130826132638,21.966423783983505,26.992198000021745
mlp_qmix__N16__ring__seed6,mlp_qmix,coord_grid,6,1337,33450,27.0,25,0.7351954166666667,2.5982590715090432,18.048344532648724,27.01202533300966
mlp_qmix__N16__ring__seed6,mlp_qmix,coord_grid,6,1338,33475,33.0,25,0.7349975,3.1620025287071862,14.699790477752686,27.032415250025224
mlp_qmix__N16__ring__seed6,mlp_qmix,coord_grid,6,1339,33500,28.0,25,0.7347995833333334,2.403402884801229,35.23049465815226,27.05290666600922
mlp_qmix__N16__ring__seed6,mlp_qmix,coord_grid,6,1340,33525,26.0,25,0.7346016666666667,2.566416025161743,24.776723997933523,27.076088041008916
mlp_qmix__N16__ring__seed6,mlp_qmix,coord_grid,6,1341,33550,18.0,25,0.73440375,2.8523528377215066,53.36471939086914,27.095944875036366
mlp_qmix__N16__ring__seed6,mlp_qmix,coord_grid,6,1342,33575,25.0,25,0.7342058333333333,1.8178511162598927,49.33302625020345,27.11592508299509
mlp_qmix__N16__ring__seed6,mlp_qmix,coord_grid,6,1343,33600,21.0,25,0.7340079166666666,3.4782107969125113,22.547278960545857,27.135658374987543
mlp_qmix__N16__ring__seed6,mlp_qmix,coord_grid,6,1344,33625,14.0,25,0.7338100000000001,3.8272722278322493,29.523024559020996,27.158033666026313
mlp_qmix__N16__ring__seed6,mlp_qmix,coord_grid,6,1345,33650,25.0,25,0.7336120833333334,3.4885574181874595,32.34609158833822,27.178002750035375
mlp_qmix__N16__ring__seed6,mlp_qmix,coord_grid,6,1346,33675,28.0,25,0.7334141666666667,3.2345945984125137,32.14568964640299,27.1980588749866
mlp_qmix__N16__ring__seed6,mlp_qmix,coord_grid,6,1347,33700,28.0,25,0.73321625,2.3529832462469735,24.695376714070637,27.217801958031487
mlp_qmix__N16__ring__seed6,mlp_qmix,coord_grid,6,1348,33725,30.0,25,0.7330183333333333,3.018860557249614,23.384844711848668,27.24011266598245
mlp_qmix__N16__ring__seed6,mlp_qmix,coord_grid,6,1349,33750,29.0,25,0.7328204166666668,3.1885065734386444,26.175599575042725,27.259710666025057
mlp_qmix__N16__ring__seed6,mlp_qmix,coord_grid,6,1350,33775,40.0,25,0.7326225,2.920525848865509,35.43115949630737,27.27970616600942
mlp_qmix__N16__ring__seed6,mlp_qmix,coord_grid,6,1351,33800,23.0,25,0.7324245833333334,2.664495507876078,37.25062688191732,27.29964124999242
mlp_qmix__N16__ring__seed6,mlp_qmix,coord_grid,6,1352,33825,28.0,25,0.7322266666666667,4.156598763806479,66.27980204990932,27.321871332998853
mlp_qmix__N16__ring__seed6,mlp_qmix,coord_grid,6,1353,33850,27.0,25,0.73202875,4.354087591171265,47.167941411336265,27.342038957984187
mlp_qmix__N16__ring__seed6,mlp_qmix,coord_grid,6,1354,33875,33.0,25,0.7318308333333334,3.9637258847554526,31.234456062316895,27.362160333024804
mlp_qmix__N16__ring__seed6,mlp_qmix,coord_grid,6,1355,33900,15.0,25,0.7316329166666666,2.613040824731191,24.456558227539062,27.381928833026905
mlp_qmix__N16__ring__seed6,mlp_qmix,coord_grid,6,1356,33925,29.0,25,0.7314350000000001,2.380939943449838,19.507564272199357,27.404564833035693
mlp_qmix__N16__ring__seed6,mlp_qmix,coord_grid,6,1357,33950,32.0,25,0.7312370833333334,3.90429558356603,21.641633192698162,27.424283166008536
mlp_qmix__N16__ring__seed6,mlp_qmix,coord_grid,6,1358,33975,23.0,25,0.7310391666666667,1.128609374165535,30.234416484832764,27.443997458030935
mlp_qmix__N16__ring__seed6,mlp_qmix,coord_grid,6,1359,34000,22.0,25,0.73084125,1.8880149622758229,45.687225659688316,27.46408058301313
mlp_qmix__N16__ring__seed6,mlp_qmix,coord_grid,6,1360,34025,32.0,25,0.7306433333333333,1.0339726209640503,22.68283408028739,27.48670716601191
mlp_qmix__N16__ring__seed6,mlp_qmix,coord_grid,6,1361,34050,26.0,25,0.7304454166666667,3.7241219580173492,29.21277141571045,27.507176082988735
mlp_qmix__N16__ring__seed6,mlp_qmix,coord_grid,6,1362,34075,18.0,25,0.7302475,2.7196953694025674,18.67136303583781,27.527092957985587
mlp_qmix__N16__ring__seed6,mlp_qmix,coord_grid,6,1363,34100,26.0,25,0.7300495833333334,3.292272145549456,24.415894269943237,27.546782541030552
mlp_qmix__N16__ring__seed6,mlp_qmix,coord_grid,6,1364,34125,18.0,25,0.7298516666666667,2.3946352899074554,29.942655086517334,27.568901791004464
mlp_qmix__N16__ring__seed6,mlp_qmix,coord_grid,6,1365,34150,24.0,25,0.72965375,1.7457651495933533,24.391376495361328,27.58960416598711
mlp_qmix__N16__ring__seed6,mlp_qmix,coord_grid,6,1366,34175,32.0,25,0.7294558333333334,2.756582409143448,38.796758810679115,27.60965345799923
mlp_qmix__N16__ring__seed6,mlp_qmix,coord_grid,6,1367,34200,28.0,25,0.7292579166666667,3.0687205096085868,37.5871950785319,27.62966483301716
mlp_qmix__N16__ring__seed6,mlp_qmix,coord_grid,6,1368,34225,20.0,25,0.72906,2.1739080207688466,43.99439293997629,27.65218974999152
mlp_qmix__N16__ring__seed6,mlp_qmix,coord_grid,6,1369,34250,23.0,25,0.7288620833333334,3.619473397731781,31.23241885503133,27.671737375028897
mlp_qmix__N16__ring__seed6,mlp_qmix,coord_grid,6,1370,34275,22.0,25,0.7286641666666667,2.607704316576322,29.235252380371094,27.691713457985315
mlp_qmix__N16__ring__seed6,mlp_qmix,coord_grid,6,1371,34300,21.0,25,0.7284662500000001,2.079226811726888,32.41604566574097,27.7125218330184
mlp_qmix__N16__ring__seed6,mlp_qmix,coord_grid,6,1372,34325,28.0,25,0.7282683333333333,3.002957897526877,46.680236271449495,27.73546187498141
mlp_qmix__N16__ring__seed6,mlp_qmix,coord_grid,6,1373,34350,31.0,25,0.7280704166666667,3.3962891598542533,47.62939453125,27.75533820799319
mlp_qmix__N16__ring__seed6,mlp_qmix,coord_grid,6,1374,34375,34.0,25,0.7278725,2.1698202788829803,38.42477289835612,27.77593100001104
mlp_qmix__N16__ring__seed6,mlp_qmix,coord_grid,6,1375,34400,25.0,25,0.7276745833333333,2.973082254330317,26.44809055328369,27.797963290999178
mlp_qmix__N16__ring__seed6,mlp_qmix,coord_grid,6,1376,34425,23.0,25,0.7274766666666667,4.323389836720058,33.34860645021711,27.820840833010152
mlp_qmix__N16__ring__seed6,mlp_qmix,coord_grid,6,1377,34450,21.0,25,0.72727875,2.869527757167816,52.439165115356445,27.84210254100617
mlp_qmix__N16__ring__seed6,mlp_qmix,coord_grid,6,1378,34475,27.0,25,0.7270808333333334,4.101006021102269,66.59976514180501,27.862094832991716
mlp_qmix__N16__ring__seed6,mlp_qmix,coord_grid,6,1379,34500,25.0,25,0.7268829166666667,1.8294576108455658,54.00115172068278,27.883028457988985
mlp_qmix__N16__ring__seed6,mlp_qmix,coord_grid,6,1380,34525,33.0,25,0.726685,2.460247448512486,44.480051449366975,27.904959416016936
mlp_qmix__N16__ring__seed6,mlp_qmix,coord_grid,6,1381,34550,29.0,25,0.7264870833333333,2.831849977374077,47.15785566965739,27.925238083000295
mlp_qmix__N16__ring__seed6,mlp_qmix,coord_grid,6,1382,34575,43.0,25,0.7262891666666667,3.042810022830963,43.30453642209371,27.945117915980518
mlp_qmix__N16__ring__seed6,mlp_qmix,coord_grid,6,1383,34600,21.0,25,0.7260912500000001,3.03659196694692,34.78359031677246,27.965177791018505
mlp_qmix__N16__ring__seed6,mlp_qmix,coord_grid,6,1384,34625,26.0,25,0.7258933333333334,1.8212342347417558,61.75455597468785,27.98759291600436
mlp_qmix__N16__ring__seed6,mlp_qmix,coord_grid,6,1385,34650,29.0,25,0.7256954166666667,4.657959491014481,58.02693716684977,28.007425124989823
mlp_qmix__N16__ring__seed6,mlp_qmix,coord_grid,6,1386,34675,30.0,25,0.7254975,2.1548499961694083,34.824381828308105,28.02839049999602
mlp_qmix__N16__ring__seed6,mlp_qmix,coord_grid,6,1387,34700,16.0,25,0.7252995833333333,2.4406881779432297,31.887943903605144,28.048137624980882
mlp_qmix__N16__ring__seed6,mlp_qmix,coord_grid,6,1388,34725,31.0,25,0.7251016666666668,1.926974322114672,37.92163739885603,28.07045095798094
mlp_qmix__N16__ring__seed6,mlp_qmix,coord_grid,6,1389,34750,33.0,25,0.72490375,2.2609345515569053,52.968428452809654,28.090430041018408
mlp_qmix__N16__ring__seed6,mlp_qmix,coord_grid,6,1390,34775,17.0,25,0.7247058333333334,3.016805052757263,21.835141976674397,28.10992941603763
mlp_qmix__N16__ring__seed6,mlp_qmix,coord_grid,6,1391,34800,29.0,25,0.7245079166666667,2.6581362833579383,28.277038256327312,28.129857333027758
mlp_qmix__N16__ring__seed6,mlp_qmix,coord_grid,6,1392,34825,35.0,25,0.72431,3.474196297781808,18.454903262002126,28.15221470798133
mlp_qmix__N16__ring__seed6,mlp_qmix,coord_grid,6,1393,34850,32.0,25,0.7241120833333334,2.7005216976006827,23.346713542938232,28.17177770799026
mlp_qmix__N16__ring__seed6,mlp_qmix,coord_grid,6,1394,34875,27.0,25,0.7239141666666666,4.3051862716674805,19.790085951487224,28.191943540994544
mlp_qmix__N16__ring__seed6,mlp_qmix,coord_grid,6,1395,34900,29.0,25,0.7237162500000001,4.3901669184366865,21.20824694633484,28.211424708017148
mlp_qmix__N16__ring__seed6,mlp_qmix,coord_grid,6,1396,34925,40.0,25,0.7235183333333334,2.9615693730967387,21.70935262952532,28.23419874999672
mlp_qmix__N16__ring__seed6,mlp_qmix,coord_grid,6,1397,34950,16.0,25,0.7233204166666667,4.108192602793376,26.27877203623454,28.254848124983255
mlp_qmix__N16__ring__seed6,mlp_qmix,coord_grid,6,1398,34975,19.0,25,0.7231225,2.7743409971396127,37.3523842493693,28.275238250033
mlp_qmix__N16__ring__seed6,mlp_qmix,coord_grid,6,1399,35000,21.0,25,0.7229245833333333,5.1044604281584425,44.027039527893066,28.294872958038468
mlp_qmix__N16__ring__seed6,mlp_qmix,coord_grid,6,1400,35025,35.0,25,0.7227266666666667,3.2007958548409596,63.31082003457205,28.31693312502466
mlp_qmix__N16__ring__seed6,mlp_qmix,coord_grid,6,1401,35050,28.0,25,0.72252875,2.02695032954216,65.80160768826802,28.336927958007436
mlp_qmix__N16__ring__seed6,mlp_qmix,coord_grid,6,1402,35075,25.0,25,0.7223308333333334,2.2943175236384072,56.568742434183754,28.35664287500549
mlp_qmix__N16__ring__seed6,mlp_qmix,coord_grid,6,1403,35100,19.0,25,0.7221329166666667,1.7108625173568726,68.7742093404134,28.376636041037273
mlp_qmix__N16__ring__seed6,mlp_qmix,coord_grid,6,1404,35125,34.0,25,0.721935,2.1882979529244557,46.47812271118164,28.399073583015706
mlp_qmix__N16__ring__seed6,mlp_qmix,coord_grid,6,1405,35150,26.0,25,0.7217370833333334,3.1808895270029702,63.82257334391276,28.41870016598841
mlp_qmix__N16__ring__seed6,mlp_qmix,coord_grid,6,1406,35175,34.0,25,0.7215391666666666,2.9570951064427695,56.01818116505941,28.438866708020214
mlp_qmix__N16__ring__seed6,mlp_qmix,coord_grid,6,1407,35200,25.0,25,0.72134125,2.5096223652362823,29.859238306681316,28.45877562498208
mlp_qmix__N16__ring__seed6,mlp_qmix,coord_grid,6,1408,35225,38.0,25,0.7211433333333334,2.5631838781493053,54.17725208827427,28.48239579098299
mlp_qmix__N16__ring__seed6,mlp_qmix,coord_grid,6,1409,35250,33.0,25,0.7209454166666667,4.5491019288698835,78.84145832061768,28.502446291036904
mlp_qmix__N16__ring__seed6,mlp_qmix,coord_grid,6,1410,35275,26.0,25,0.7207475000000001,2.766486903031667,71.61561218897502,28.522588375024498
mlp_qmix__N16__ring__seed6,mlp_qmix,coord_grid,6,1411,35300,30.0,25,0.7205495833333333,2.8701728880405426,64.76125351587932,28.542464250000194
mlp_qmix__N16__ring__seed6,mlp_qmix,coord_grid,6,1412,35325,30.0,25,0.7203516666666667,2.78482215319361,40.71538870675223,28.565091375028715
mlp_qmix__N16__ring__seed6,mlp_qmix,coord_grid,6,1413,35350,47.0,25,0.72015375,3.2904893358548484,66.62135887145996,28.584866249992047
mlp_qmix__N16__ring__seed6,mlp_qmix,coord_grid,6,1414,35375,24.0,25,0.7199558333333334,2.638897975285848,62.83765125274658,28.604967791005038
mlp_qmix__N16__ring__seed6,mlp_qmix,coord_grid,6,1415,35400,28.0,25,0.7197579166666668,4.469377676645915,51.00189717610677,28.625292666023597
mlp_qmix__N16__ring__seed6,mlp_qmix,coord_grid,6,1416,35425,21.0,25,0.71956,2.9997906599725996,94.7524002620152,28.647323583019897
mlp_qmix__N16__ring__seed6,mlp_qmix,coord_grid,6,1417,35450,41.0,25,0.7193620833333334,3.5826856096585593,73.3084904352824,28.66754591598874
mlp_qmix__N16__ring__seed6,mlp_qmix,coord_grid,6,1418,35475,28.0,25,0.7191641666666666,3.7337467273076377,75.976011912028,28.687547500012442
mlp_qmix__N16__ring__seed6,mlp_qmix,coord_grid,6,1419,35500,36.0,25,0.71896625,4.673573851585388,69.30251582463582,28.707498833013233
mlp_qmix__N16__ring__seed6,mlp_qmix,coord_grid,6,1420,35525,39.0,25,0.7187683333333333,3.470647539411272,54.24927520751953,28.729884125001263
mlp_qmix__N16__ring__seed6,mlp_qmix,coord_grid,6,1421,35550,32.0,25,0.7185704166666667,2.4405116687218347,17.681260744730633,28.749894250009675
mlp_qmix__N16__ring__seed6,mlp_qmix,coord_grid,6,1422,35575,14.0,25,0.7183725000000001,2.468000421921412,33.50977913538615,28.769889415998477
mlp_qmix__N16__ring__seed6,mlp_qmix,coord_grid,6,1423,35600,20.0,25,0.7181745833333333,3.1805353661378226,37.72081756591797,28.790081750019453
mlp_qmix__N16__ring__seed6,mlp_qmix,coord_grid,6,1424,35625,27.0,25,0.7179766666666667,1.96189979996,37.80013615744455,28.81210983300116
mlp_qmix__N16__ring__seed6,mlp_qmix,coord_grid,6,1425,35650,27.0,25,0.71777875,2.112488860885302,32.466211001078285,28.8322704579914
mlp_qmix__N16__ring__seed6,mlp_qmix,coord_grid,6,1426,35675,41.0,25,0.7175808333333333,3.257206549247106,52.32264773050944,28.852072958019562
mlp_qmix__N16__ring__seed6,mlp_qmix,coord_grid,6,1427,35700,29.0,25,0.7173829166666668,4.2243815660476685,40.7444281578064,28.87225200003013
mlp_qmix__N16__ring__seed6,mlp_qmix,coord_grid,6,1428,35725,26.0,25,0.717185,4.826427400112152,31.699201856340682,28.894681332982145
mlp_qmix__N16__ring__seed6,mlp_qmix,coord_grid,6,1429,35750,23.0,25,0.7169870833333334,3.155777076880137,28.47649892171224,28.914452416007407
mlp_qmix__N16__ring__seed6,mlp_qmix,coord_grid,6,1430,35775,37.0,25,0.7167891666666667,3.6000548203786216,32.82136424382528,28.93432987498818
mlp_qmix__N16__ring__seed6,mlp_qmix,coord_grid,6,1431,35800,38.0,25,0.71659125,5.149322271347046,17.5833846728007,28.95470604102593
mlp_qmix__N16__ring__seed6,mlp_qmix,coord_grid,6,1432,35825,25.0,25,0.7163933333333334,3.3557517443384444,25.346739087785995,28.977372708031908
mlp_qmix__N16__ring__seed6,mlp_qmix,coord_grid,6,1433,35850,24.0,25,0.7161954166666666,1.8936345080534618,44.94042285283407,28.997290250030346
mlp_qmix__N16__ring__seed6,mlp_qmix,coord_grid,6,1434,35875,30.0,25,0.7159975000000001,3.54315185546875,33.73102601369222,29.017216374981217
mlp_qmix__N16__ring__seed6,mlp_qmix,coord_grid,6,1435,35900,20.0,25,0.7157995833333333,4.858161489168803,20.90981690088908,29.036814958031755
mlp_qmix__N16__ring__seed6,mlp_qmix,coord_grid,6,1436,35925,33.0,25,0.7156016666666667,1.6180940100124903,19.379052434648788,29.059297083003912
mlp_qmix__N16__ring__seed6,mlp_qmix,coord_grid,6,1437,35950,39.0,25,0.71540375,2.830774962902069,12.625290075937906,29.079459041007794
mlp_qmix__N16__ring__seed6,mlp_qmix,coord_grid,6,1438,35975,38.0,25,0.7152058333333333,2.775291472673416,19.6626296043396,29.099366749986075
mlp_qmix__N16__ring__seed6,mlp_qmix,coord_grid,6,1439,36000,34.0,25,0.7150079166666667,2.7510003447532654,22.141087532043457,29.118994207994547
mlp_qmix__N16__ring__seed6,mlp_qmix,coord_grid,6,1440,36025,31.0,25,0.71481,4.147497653961182,27.279988765716553,29.14141949999612
mlp_qmix__N16__ring__seed6,mlp_qmix,coord_grid,6,1441,36050,40.0,25,0.7146120833333334,2.163609817624092,30.466710408528645,29.161572040989995
mlp_qmix__N16__ring__seed6,mlp_qmix,coord_grid,6,1442,36075,40.0,25,0.7144141666666667,3.676663786172867,28.82065439224243,29.181586333026644
mlp_qmix__N16__ring__seed6,mlp_qmix,coord_grid,6,1443,36100,30.0,25,0.71421625,2.8612948805093765,18.3456445535024,29.201618833001703
mlp_qmix__N16__ring__seed6,mlp_qmix,coord_grid,6,1444,36125,22.0,25,0.7140183333333334,2.1703747723783766,28.42801639011928,29.223678249982186
mlp_qmix__N16__ring__seed6,mlp_qmix,coord_grid,6,1445,36150,40.0,25,0.7138204166666666,2.5887041091918945,18.450381914774578,29.243994958000258
mlp_qmix__N16__ring__seed6,mlp_qmix,coord_grid,6,1446,36175,18.0,25,0.7136225,4.5103979508082075,28.291627248128254,29.263695291010663
mlp_qmix__N16__ring__seed6,mlp_qmix,coord_grid,6,1447,36200,25.0,25,0.7134245833333334,4.125844915707906,22.538175582885742,29.284184666001238
mlp_qmix__N16__ring__seed6,mlp_qmix,coord_grid,6,1448,36225,30.0,25,0.7132266666666667,3.0602876033101762,82.38012232099261,29.306474082986824
mlp_qmix__N16__ring__seed6,mlp_qmix,coord_grid,6,1449,36250,26.0,25,0.7130287500000001,2.8190622528394065,69.23213068644206,29.32732099998975
mlp_qmix__N16__ring__seed6,mlp_qmix,coord_grid,6,1450,36275,25.0,25,0.7128308333333333,2.838499282797178,35.46145502726237,29.347344333014917
mlp_qmix__N16__ring__seed6,mlp_qmix,coord_grid,6,1451,36300,31.0,25,0.7126329166666667,2.803814868132273,75.29608567555745,29.367395250010304
mlp_qmix__N16__ring__seed6,mlp_qmix,coord_grid,6,1452,36325,26.0,25,0.7124349999999999,2.081114258084978,50.670269284929546,29.3898820829927
mlp_qmix__N16__ring__seed6,mlp_qmix,coord_grid,6,1453,36350,33.0,25,0.7122370833333334,1.857447624206543,40.63018989562988,29.40985116601223
mlp_qmix__N16__ring__seed6,mlp_qmix,coord_grid,6,1454,36375,28.0,25,0.7120391666666668,2.203532963991165,33.79314661026001,29.42987766599981
mlp_qmix__N16__ring__seed6,mlp_qmix,coord_grid,6,1455,36400,47.0,25,0.71184125,1.4307072410980861,16.648307879765827,29.449527374992613
mlp_qmix__N16__ring__seed6,mlp_qmix,coord_grid,6,1456,36425,24.0,25,0.7116433333333334,3.42774937408311,29.769078527178085,29.471457624982577
mlp_qmix__N16__ring__seed6,mlp_qmix,coord_grid,6,1457,36450,31.0,25,0.7114454166666666,1.764400099714597,15.729800860087076,29.49132800003281
mlp_qmix__N16__ring__seed6,mlp_qmix,coord_grid,6,1458,36475,33.0,25,0.7112475,2.1784443805615106,23.367120186487835,29.511350625019986
mlp_qmix__N16__ring__seed6,mlp_qmix,coord_grid,6,1459,36500,21.0,25,0.7110495833333333,2.9385899106661477,34.655132134755455,29.531474874995183
mlp_qmix__N16__ring__seed6,mlp_qmix,coord_grid,6,1460,36525,27.0,25,0.7108516666666667,2.019063711166382,38.49243286677769,29.553787707991432
mlp_qmix__N16__ring__seed6,mlp_qmix,coord_grid,6,1461,36550,29.0,25,0.7106537500000001,2.020338515440623,59.50699106852213,29.573722540983
mlp_qmix__N16__ring__seed6,mlp_qmix,coord_grid,6,1462,36575,22.0,25,0.7104558333333333,5.269126335779826,64.84345531463623,29.593826708034612
mlp_qmix__N16__ring__seed6,mlp_qmix,coord_grid,6,1463,36600,23.0,25,0.7102579166666667,2.9295776784420013,34.57168094317118,29.613618208037224
mlp_qmix__N16__ring__seed6,mlp_qmix,coord_grid,6,1464,36625,21.0,25,0.7100599999999999,1.8241114616394043,57.39532143729074,29.636307750013657
mlp_qmix__N16__ring__seed6,mlp_qmix,coord_grid,6,1465,36650,25.0,25,0.7098620833333333,2.238555366794268,39.68239561716715,29.657104125013575
mlp_qmix__N16__ring__seed6,mlp_qmix,coord_grid,6,1466,36675,33.0,25,0.7096641666666668,2.282960464557012,39.728265126546226,29.677386875031516
mlp_qmix__N16__ring__seed6,mlp_qmix,coord_grid,6,1467,36700,36.0,25,0.70946625,1.9143716196219127,46.44537305831909,29.698095125029795
mlp_qmix__N16__ring__seed6,mlp_qmix,coord_grid,6,1468,36725,19.0,25,0.7092683333333334,1.7071329610688346,18.655704838888987,29.720581832982134
mlp_qmix__N16__ring__seed6,mlp_qmix,coord_grid,6,1469,36750,19.0,25,0.7090704166666666,3.236233194669088,18.295294284820557,29.74055008299183
mlp_qmix__N16__ring__seed6,mlp_qmix,coord_grid,6,1470,36775,42.0,25,0.7088725,3.9339225391546884,24.263003985087078,29.760381625033915
mlp_qmix__N16__ring__seed6,mlp_qmix,coord_grid,6,1471,36800,22.0,25,0.7086745833333334,2.2266041239102683,30.277055581410725,29.780365540995263
mlp_qmix__N16__ring__seed6,mlp_qmix,coord_grid,6,1472,36825,30.0,25,0.7084766666666666,4.29530017716544,28.002803666251047,29.802687040995806
mlp_qmix__N16__ring__seed6,mlp_qmix,coord_grid,6,1473,36850,19.0,25,0.7082787500000001,2.6373807787895203,29.166260242462158,29.822530874982476
mlp_qmix__N16__ring__seed6,mlp_qmix,coord_grid,6,1474,36875,21.0,25,0.7080808333333333,4.3446768919626875,40.84136136372884,29.842187333037145
mlp_qmix__N16__ring__seed6,mlp_qmix,coord_grid,6,1475,36900,35.0,25,0.7078829166666667,2.854099233945211,44.42431163787842,29.86216154100839
mlp_qmix__N16__ring__seed6,mlp_qmix,coord_grid,6,1476,36925,35.0,25,0.7076850000000001,2.15345698595047,50.22637612479074,29.891658624983393
mlp_qmix__N16__ring__seed6,mlp_qmix,coord_grid,6,1477,36950,24.0,25,0.7074870833333333,2.0711065332094827,53.20817200342814,29.923520250013098
mlp_qmix__N16__ring__seed6,mlp_qmix,coord_grid,6,1478,36975,43.0,25,0.7072891666666667,2.915735443433126,31.300085067749023,29.949865915987175
mlp_qmix__N16__ring__seed6,mlp_qmix,coord_grid,6,1479,37000,23.0,25,0.70709125,2.3279407173395157,43.23421891530355,29.983013416000176
mlp_qmix__N16__ring__seed6,mlp_qmix,coord_grid,6,1480,37025,49.0,25,0.7068933333333334,6.242549857922962,84.41723523821149,30.01357129099779
mlp_qmix__N16__ring__seed6,mlp_qmix,coord_grid,6,1481,37050,44.0,25,0.7066954166666666,3.8133537570635476,85.74313672383626,30.044165208004415
mlp_qmix__N16__ring__seed6,mlp_qmix,coord_grid,6,1482,37075,35.0,25,0.7064975,4.257989327112834,58.27010917663574,30.067327915981878
mlp_qmix__N16__ring__seed6,mlp_qmix,coord_grid,6,1483,37100,36.0,25,0.7062995833333334,3.0729945302009583,45.86332130432129,30.09001804102445
mlp_qmix__N16__ring__seed6,mlp_qmix,coord_grid,6,1484,37125,35.0,25,0.7061016666666666,3.7673420820917403,83.2715312412807,30.11629095801618
mlp_qmix__N16__ring__seed6,mlp_qmix,coord_grid,6,1485,37150,18.0,25,0.70590375,3.17335436741511,65.53646278381348,30.140113916015252
mlp_qmix__N16__ring__seed6,mlp_qmix,coord_grid,6,1486,37175,26.0,25,0.7057058333333333,2.9691746135552726,36.66359488169352,30.167238000023644
mlp_qmix__N16__ring__seed6,mlp_qmix,coord_grid,6,1487,37200,36.0,25,0.7055079166666667,3.7246968150138855,30.780407428741455,30.1895830410067
mlp_qmix__N16__ring__seed6,mlp_qmix,coord_grid,6,1488,37225,27.0,25,0.7053100000000001,4.411666797740119,27.9681944165911,30.21353458298836
mlp_qmix__N16__ring__seed6,mlp_qmix,coord_grid,6,1489,37250,19.0,25,0.7051120833333333,2.3445407996575036,39.989152113596596,30.23460058303317
mlp_qmix__N16__ring__seed6,mlp_qmix,coord_grid,6,1490,37275,31.0,25,0.7049141666666667,3.3909255067507424,48.76551500956217,30.255120791029185
mlp_qmix__N16__ring__seed6,mlp_qmix,coord_grid,6,1491,37300,34.0,25,0.7047162499999999,2.2616598506768546,21.38724199930827,30.27569387498079
mlp_qmix__N16__ring__seed6,mlp_qmix,coord_grid,6,1492,37325,40.0,25,0.7045183333333334,2.3458224534988403,17.64294215611049,30.29831554100383
mlp_qmix__N16__ring__seed6,mlp_qmix,coord_grid,6,1493,37350,24.0,25,0.7043204166666667,1.681236098210017,57.713186264038086,30.318729041027837
mlp_qmix__N16__ring__seed6,mlp_qmix,coord_grid,6,1494,37375,34.0,25,0.7041225,2.7877131203810372,63.171346028645836,30.339152583037503
mlp_qmix__N16__ring__seed6,mlp_qmix,coord_grid,6,1495,37400,29.0,25,0.7039245833333334,6.0076528290907545,72.41153462727864,30.359676374995615
mlp_qmix__N16__ring__seed6,mlp_qmix,coord_grid,6,1496,37425,32.0,25,0.7037266666666666,2.4244666951043263,54.27218702861241,30.382184499991126
mlp_qmix__N16__ring__seed6,mlp_qmix,coord_grid,6,1497,37450,38.0,25,0.70352875,3.5156188011169434,48.47333685557047,30.402690166025423
mlp_qmix__N16__ring__seed6,mlp_qmix,coord_grid,6,1498,37475,30.0,25,0.7033308333333333,3.4378856917222342,47.50642728805542,30.422947957995348
mlp_qmix__N16__ring__seed6,mlp_qmix,coord_grid,6,1499,37500,20.0,25,0.7031329166666667,2.2766537566979728,34.66898965835571,30.44326554099098
mlp_qmix__N16__ring__seed6,mlp_qmix,coord_grid,6,1500,37525,27.0,25,0.7029350000000001,1.6997686198779516,28.46240861075265,30.46601712499978
mlp_qmix__N16__ring__seed6,mlp_qmix,coord_grid,6,1501,37550,29.0,25,0.7027370833333333,3.013385405143102,46.838117599487305,30.48639908299083
mlp_qmix__N16__ring__seed6,mlp_qmix,coord_grid,6,1502,37575,38.0,25,0.7025391666666667,3.844941258430481,57.70645475387573,30.506909541029017
mlp_qmix__N16__ring__seed6,mlp_qmix,coord_grid,6,1503,37600,31.0,25,0.7023412499999999,3.4803724785645804,54.631005922953285,30.527421416016296
mlp_qmix__N16__ring__seed6,mlp_qmix,coord_grid,6,1504,37625,46.0,25,0.7021433333333333,5.66996955871582,42.28264372689383,30.550028791010845
mlp_qmix__N16__ring__seed6,mlp_qmix,coord_grid,6,1505,37650,33.0,25,0.7019454166666668,5.215335885683696,26.82795588175456,30.570304375025444
mlp_qmix__N16__ring__seed6,mlp_qmix,coord_grid,6,1506,37675,34.0,25,0.7017475,1.4957085798184078,24.409590244293213,30.59035200002836
mlp_qmix__N16__ring__seed6,mlp_qmix,coord_grid,6,1507,37700,43.0,25,0.7015495833333334,3.7015768686930337,19.3717254002889,30.610839832981583
mlp_qmix__N16__ring__seed6,mlp_qmix,coord_grid,6,1508,37725,20.0,25,0.7013516666666666,3.233886556965964,31.07312434060233,30.633827165991534
mlp_qmix__N16__ring__seed6,mlp_qmix,coord_grid,6,1509,37750,18.0,25,0.70115375,1.1728499581416447,47.69524733225504,30.65421258303104
mlp_qmix__N16__ring__seed6,mlp_qmix,coord_grid,6,1510,37775,33.0,25,0.7009558333333333,2.025446871916453,52.53766123453776,30.673867999983486
mlp_qmix__N16__ring__seed6,mlp_qmix,coord_grid,6,1511,37800,19.0,25,0.7007579166666666,1.9483645757039387,46.85517454147339,30.694604333024472
mlp_qmix__N16__ring__seed6,mlp_qmix,coord_grid,6,1512,37825,26.0,25,0.7005600000000001,2.995006808212825,104.07484245300293,30.717956833017524
mlp_qmix__N16__ring__seed6,mlp_qmix,coord_grid,6,1513,37850,42.0,25,0.7003620833333333,3.946886658668518,62.451332092285156,30.73837795801228
mlp_qmix__N16__ring__seed6,mlp_qmix,coord_grid,6,1514,37875,38.0,25,0.7001641666666667,4.515200061102708,34.78793032964071,30.758608957985416
mlp_qmix__N16__ring__seed6,mlp_qmix,coord_grid,6,1515,37900,28.0,25,0.69996625,3.1625435749689736,56.13910230000814,30.77835579100065
mlp_qmix__N16__ring__seed6,mlp_qmix,coord_grid,6,1516,37925,25.0,25,0.6997683333333333,3.3761416418211803,41.353812081473215,30.800929750024807
mlp_qmix__N16__ring__seed6,mlp_qmix,coord_grid,6,1517,37950,51.0,25,0.6995704166666668,3.999513119459152,63.1435284614563,30.821169208036736
mlp_qmix__N16__ring__seed6,mlp_qmix,coord_grid,6,1518,37975,15.0,25,0.6993725,1.7817521890004475,53.36798906326294,30.841808083001524
mlp_qmix__N16__ring__seed6,mlp_qmix,coord_grid,6,1519,38000,58.0,25,0.6991745833333334,3.1515669027964273,42.14327573776245,30.862113666022196
mlp_qmix__N16__ring__seed6,mlp_qmix,coord_grid,6,1520,38025,22.0,25,0.6989766666666667,2.5573285051754544,58.877493722098215,30.884810250019655
mlp_qmix__N16__ring__seed6,mlp_qmix,coord_grid,6,1521,38050,34.0,25,0.69877875,3.622171332438787,69.8852767944336,30.90502791601466
mlp_qmix__N16__ring__seed6,mlp_qmix,coord_grid,6,1522,38075,26.0,25,0.6985808333333334,4.383334835370381,69.9009559949239,30.92524587502703
mlp_qmix__N16__ring__seed6,mlp_qmix,coord_grid,6,1523,38100,31.0,25,0.6983829166666666,4.857441624005635,81.25278504689534,30.945432625012472
mlp_qmix__N16__ring__seed6,mlp_qmix,coord_grid,6,1524,38125,30.0,25,0.6981850000000001,5.012477670397077,89.84022194998605,30.968049750023056
mlp_qmix__N16__ring__seed6,mlp_qmix,coord_grid,6,1525,38150,33.0,25,0.6979870833333333,1.362962245941162,61.275084495544434,30.988394499989226
mlp_qmix__N16__ring__seed6,mlp_qmix,coord_grid,6,1526,38175,36.0,25,0.6977891666666667,5.160039027531941,66.33996566136678,31.008729791035876
mlp_qmix__N16__ring__seed6,mlp_qmix,coord_grid,6,1527,38200,23.0,25,0.69759125,3.403746326764425,44.784565687179565,31.029252208012622
mlp_qmix__N16__ring__seed6,mlp_qmix,coord_grid,6,1528,38225,31.0,25,0.6973933333333333,1.76166809456689,48.77577032361712,31.05154204100836
mlp_qmix__N16__ring__seed6,mlp_qmix,coord_grid,6,1529,38250,19.0,25,0.6971954166666667,2.3140505651632943,29.937912146250408,31.072296208003536
mlp_qmix__N16__ring__seed6,mlp_qmix,coord_grid,6,1530,38275,31.0,25,0.6969974999999999,4.14713974793752,33.48840300242106,31.09272025001701
mlp_qmix__N16__ring__seed6,mlp_qmix,coord_grid,6,1531,38300,45.0,25,0.6967995833333334,2.3138046165307364,27.943111101786297,31.11377979099052
mlp_qmix__N16__ring__seed6,mlp_qmix,coord_grid,6,1532,38325,21.0,25,0.6966016666666667,3.3560233201299394,37.5401360648019,31.1368000000366
mlp_qmix__N16__ring__seed6,mlp_qmix,coord_grid,6,1533,38350,31.0,25,0.69640375,3.0106753210226693,32.313920656840004,31.157536666025408
mlp_qmix__N16__ring__seed6,mlp_qmix,coord_grid,6,1534,38375,36.0,25,0.6962058333333334,3.3325509627660117,76.471204439799,31.189123666030355
mlp_qmix__N16__ring__seed6,mlp_qmix,coord_grid,6,1535,38400,52.0,25,0.6960079166666666,3.8407001942396164,46.81658808390299,31.219992833037395
mlp_qmix__N16__ring__seed6,mlp_qmix,coord_grid,6,1536,38425,26.0,25,0.69581,4.967081189155579,46.06237588609968,31.254118749988265
mlp_qmix__N16__ring__seed6,mlp_qmix,coord_grid,6,1537,38450,29.0,25,0.6956120833333334,4.898208300272624,29.795626878738403,31.27748824999435
mlp_qmix__N16__ring__seed6,mlp_qmix,coord_grid,6,1538,38475,34.0,25,0.6954141666666667,3.7625464300314584,31.693995316823322,31.300147458037827
mlp_qmix__N16__ring__seed6,mlp_qmix,coord_grid,6,1539,38500,37.0,25,0.69521625,4.91024003426234,50.393422762552895,31.322951000009198
mlp_qmix__N16__ring__seed6,mlp_qmix,coord_grid,6,1540,38525,36.0,25,0.6950183333333333,2.720215822969164,39.72080285208566,31.345729541033506
mlp_qmix__N16__ring__seed6,mlp_qmix,coord_grid,6,1541,38550,22.0,25,0.6948204166666667,2.2590174873669944,20.66457716623942,31.366334124992136
mlp_qmix__N16__ring__seed6,mlp_qmix,coord_grid,6,1542,38575,36.0,25,0.6946224999999999,3.3624524424473443,23.759531021118164,31.387449708010536
mlp_qmix__N16__ring__seed6,mlp_qmix,coord_grid,6,1543,38600,38.0,25,0.6944245833333333,2.6543390502532325,18.39501102765401,31.407591708004475
mlp_qmix__N16__ring__seed6,mlp_qmix,coord_grid,6,1544,38625,23.0,25,0.6942266666666667,3.961648157664708,99.7048568725586,31.430171750020236
mlp_qmix__N16__ring__seed6,mlp_qmix,coord_grid,6,1545,38650,40.0,25,0.69402875,2.3695892790953317,80.51816654205322,31.451180915988516
mlp_qmix__N16__ring__seed6,mlp_qmix,coord_grid,6,1546,38675,37.0,25,0.6938308333333334,2.854393561681112,69.14609018961589,31.47112612501951
mlp_qmix__N16__ring__seed6,mlp_qmix,coord_grid,6,1547,38700,18.0,25,0.6936329166666666,3.9778483708699546,37.70999034245809,31.490882957994472
mlp_qmix__N16__ring__seed6,mlp_qmix,coord_grid,6,1548,38725,38.0,25,0.693435,2.945805617741176,71.29679094042096,31.51299433299573
mlp_qmix__N16__ring__seed6,mlp_qmix,coord_grid,6,1549,38750,28.0,25,0.6932370833333333,2.6839336156845093,74.37449550628662,31.534559458028525
mlp_qmix__N16__ring__seed6,mlp_qmix,coord_grid,6,1550,38775,35.0,25,0.6930391666666667,3.935600131750107,80.53372637430827,31.554875750036445
mlp_qmix__N16__ring__seed6,mlp_qmix,coord_grid,6,1551,38800,26.0,25,0.6928412500000001,3.740998695294062,80.1414623260498,31.57635254098568
mlp_qmix__N16__ring__seed6,mlp_qmix,coord_grid,6,1552,38825,44.0,25,0.6926433333333333,3.5628818784441267,73.69724927629743,31.601004916010424
mlp_qmix__N16__ring__seed6,mlp_qmix,coord_grid,6,1553,38850,33.0,25,0.6924454166666667,4.29814887046814,35.69105704625448,31.622735665994696
mlp_qmix__N16__ring__seed6,mlp_qmix,coord_grid,6,1554,38875,42.0,25,0.6922475,2.703644280632337,40.20274941126505,31.64479874999961
mlp_qmix__N16__ring__seed6,mlp_qmix,coord_grid,6,1555,38900,25.0,25,0.6920495833333333,2.773437798023224,40.44311165809631,31.665992416033987
mlp_qmix__N16__ring__seed6,mlp_qmix,coord_grid,6,1556,38925,31.0,25,0.6918516666666666,3.7946532028062,40.20120484488351,31.690220415999647
mlp_qmix__N16__ring__seed6,mlp_qmix,coord_grid,6,1557,38950,40.0,25,0.69165375,3.1336763401826224,38.36825466156006,31.710842541011516
mlp_qmix__N16__ring__seed6,mlp_qmix,coord_grid,6,1558,38975,34.0,25,0.6914558333333334,5.446540087461472,40.78978252410889,31.732366790995002
mlp_qmix__N16__ring__seed6,mlp_qmix,coord_grid,6,1559,39000,20.0,25,0.6912579166666667,4.236741026242574,27.603511174519856,31.756599083018955
mlp_qmix__N16__ring__seed6,mlp_qmix,coord_grid,6,1560,39025,25.0,25,0.69106,4.034698843955994,40.98763588496617,31.784153165994212
mlp_qmix__N16__ring__seed6,mlp_qmix,coord_grid,6,1561,39050,32.0,25,0.6908620833333333,2.455099935332934,28.526066462198894,31.80931708298158
mlp_qmix__N16__ring__seed6,mlp_qmix,coord_grid,6,1562,39075,25.0,25,0.6906641666666666,2.714937299489975,36.882139364878334,31.832056207989808
mlp_qmix__N16__ring__seed6,mlp_qmix,coord_grid,6,1563,39100,41.0,25,0.6904662500000001,3.9512798686822257,31.709220727284748,31.85340208298294
mlp_qmix__N16__ring__seed6,mlp_qmix,coord_grid,6,1564,39125,41.0,25,0.6902683333333333,3.4677527972630093,36.82343700953892,31.876897583017126
mlp_qmix__N16__ring__seed6,mlp_qmix,coord_grid,6,1565,39150,50.0,25,0.6900704166666667,4.761605819066365,66.38585758209229,31.89811524999095
mlp_qmix__N16__ring__seed6,mlp_qmix,coord_grid,6,1566,39175,24.0,25,0.6898725,2.7954769333203635,26.661338170369465,31.919018124986906
mlp_qmix__N16__ring__seed6,mlp_qmix,coord_grid,6,1567,39200,21.0,25,0.6896745833333333,1.9867449303468068,27.79288450876872,31.94088125001872
mlp_qmix__N16__ring__seed6,mlp_qmix,coord_grid,6,1568,39225,35.0,25,0.6894766666666667,2.7382954827376773,23.606742313929967,31.965240791032556
mlp_qmix__N16__ring__seed6,mlp_qmix,coord_grid,6,1569,39250,26.0,25,0.6892787499999999,3.4810019930203757,26.305078983306885,31.985724208003376
mlp_qmix__N16__ring__seed6,mlp_qmix,coord_grid,6,1570,39275,33.0,25,0.6890808333333334,1.8008945484956105,66.39628378550212,32.00623129098676
mlp_qmix__N16__ring__seed6,mlp_qmix,coord_grid,6,1571,39300,29.0,25,0.6888829166666667,5.4386985301971436,51.8326203028361,32.02975358301774
mlp_qmix__N16__ring__seed6,mlp_qmix,coord_grid,6,1572,39325,25.0,25,0.688685,5.311940550804138,22.191014426095144,32.05777679098537
mlp_qmix__N16__ring__seed6,mlp_qmix,coord_grid,6,1573,39350,20.0,25,0.6884870833333333,3.129121164480845,20.86789067586263,32.08007520798128
mlp_qmix__N16__ring__seed6,mlp_qmix,coord_grid,6,1574,39375,27.0,25,0.6882891666666666,1.9734376470247905,26.68830903371175,32.104316666023806
mlp_qmix__N16__ring__seed6,mlp_qmix,coord_grid,6,1575,39400,37.0,25,0.68809125,3.5330191254615784,39.25967311859131,32.127152500033844
mlp_qmix__N16__ring__seed6,mlp_qmix,coord_grid,6,1576,39425,28.0,25,0.6878933333333334,6.15668215070452,78.81791823250907,32.15194875001907
mlp_qmix__N16__ring__seed6,mlp_qmix,coord_grid,6,1577,39450,15.0,25,0.6876954166666667,3.3846970796585083,69.56863403320312,32.17470812500687
mlp_qmix__N16__ring__seed6,mlp_qmix,coord_grid,6,1578,39475,11.0,25,0.6874975,3.8643789688746133,22.337778250376385,32.19667104101973
mlp_qmix__N16__ring__seed6,mlp_qmix,coord_grid,6,1579,39500,32.0,25,0.6872995833333333,3.514668107032776,28.03959099451701,32.21899908303749
mlp_qmix__N16__ring__seed6,mlp_qmix,coord_grid,6,1580,39525,41.0,25,0.6871016666666667,4.350005660738264,78.87299701145717,32.24332495802082
mlp_qmix__N16__ring__seed6,mlp_qmix,coord_grid,6,1581,39550,28.0,25,0.68690375,4.04993216196696,72.6748415629069,32.26410766603658
mlp_qmix__N16__ring__seed6,mlp_qmix,coord_grid,6,1582,39575,36.0,25,0.6867058333333333,3.152533302704493,38.236473401387535,32.28468212502776
mlp_qmix__N16__ring__seed6,mlp_qmix,coord_grid,6,1583,39600,36.0,25,0.6865079166666667,3.702504128217697,55.91993014017741,32.310379458009265
mlp_qmix__N16__ring__seed6,mlp_qmix,coord_grid,6,1584,39625,30.0,25,0.68631,3.430158393723624,44.719588824680876,32.33767641603481
mlp_qmix__N16__ring__seed6,mlp_qmix,coord_grid,6,1585,39650,49.0,25,0.6861120833333334,4.058986266454061,49.308648904164635,32.36137737502577
mlp_qmix__N16__ring__seed6,mlp_qmix,coord_grid,6,1586,39675,33.0,25,0.6859141666666666,3.0711629390716553,19.195393244425457,32.382930333027616
mlp_qmix__N16__ring__seed6,mlp_qmix,coord_grid,6,1587,39700,43.0,25,0.68571625,3.260681907335917,52.94632371266683,32.405127250007354
mlp_qmix__N16__ring__seed6,mlp_qmix,coord_grid,6,1588,39725,26.0,25,0.6855183333333333,3.986819156578609,84.30295072283063,32.43025416601449
mlp_qmix__N16__ring__seed6,mlp_qmix,coord_grid,6,1589,39750,24.0,25,0.6853204166666667,2.5836033622423806,65.10478560129802,32.45238216599682
mlp_qmix__N16__ring__seed6,mlp_qmix,coord_grid,6,1590,39775,29.0,25,0.6851225,3.677399665117264,60.613839626312256,32.47316837502876
mlp_qmix__N16__ring__seed6,mlp_qmix,coord_grid,6,1591,39800,38.0,25,0.6849245833333333,3.3315187295277915,59.19205252329508,32.494708625017665
mlp_qmix__N16__ring__seed6,mlp_qmix,coord_grid,6,1592,39825,32.0,25,0.6847266666666667,3.559830290930612,47.62803990500314,32.51781937503256
mlp_qmix__N16__ring__seed6,mlp_qmix,coord_grid,6,1593,39850,27.0,25,0.68452875,2.2352386017640433,60.47541809082031,32.538134999980684
mlp_qmix__N16__ring__seed6,mlp_qmix,coord_grid,6,1594,39875,24.0,25,0.6843308333333333,3.063771684964498,75.95109017690022,32.561430707981344
mlp_qmix__N16__ring__seed6,mlp_qmix,coord_grid,6,1595,39900,37.0,25,0.6841329166666666,3.974753479162852,61.08612600962321,32.58643679099623
mlp_qmix__N16__ring__seed6,mlp_qmix,coord_grid,6,1596,39925,42.0,25,0.683935,4.598841735294887,78.76081057957241,32.614161457982846
mlp_qmix__N16__ring__seed6,mlp_qmix,coord_grid,6,1597,39950,33.0,25,0.6837370833333334,5.116106490294139,66.1329828898112,32.638312458002474
mlp_qmix__N16__ring__seed6,mlp_qmix,coord_grid,6,1598,39975,26.0,25,0.6835391666666667,3.512910862763723,33.14270305633545,32.66074766602833
mlp_qmix__N16__ring__seed6,mlp_qmix,coord_grid,6,1599,40000,20.0,25,0.68334125,3.4742225060860314,31.976956685384113,32.68238670803839
mlp_qmix__N16__ring__seed6,mlp_qmix,coord_grid,6,1600,40025,51.0,25,0.6831433333333333,3.976487172501428,32.60807623182024,32.707206332997885
mlp_qmix__N16__ring__seed6,mlp_qmix,coord_grid,6,1601,40050,28.0,25,0.6829454166666666,2.030866712331772,20.211689074834187,32.72946599998977
mlp_qmix__N16__ring__seed6,mlp_qmix,coord_grid,6,1602,40075,34.0,25,0.6827475000000001,1.9576047162214916,21.982123851776123,32.75056850002147
mlp_qmix__N16__ring__seed6,mlp_qmix,coord_grid,6,1603,40100,30.0,25,0.6825495833333333,3.9530687034130096,26.754685878753662,32.77205025003059
mlp_qmix__N16__ring__seed6,mlp_qmix,coord_grid,6,1604,40125,32.0,25,0.6823516666666667,4.0407984256744385,25.02497523171561,32.79652479098877
mlp_qmix__N16__ring__seed6,mlp_qmix,coord_grid,6,1605,40150,30.0,25,0.68215375,2.3030866533517838,26.7707257270813,32.81868025002768
mlp_qmix__N16__ring__seed6,mlp_qmix,coord_grid,6,1606,40175,39.0,25,0.6819558333333333,3.4174580176671348,38.17361259460449,32.84371899999678
mlp_qmix__N16__ring__seed6,mlp_qmix,coord_grid,6,1607,40200,34.0,25,0.6817579166666667,2.749290257692337,24.3944730758667,32.869130500010215
mlp_qmix__N16__ring__seed6,mlp_qmix,coord_grid,6,1608,40225,37.0,25,0.6815599999999999,4.57327801840646,96.51115145002093,32.89812999998685
mlp_qmix__N16__ring__seed6,mlp_qmix,coord_grid,6,1609,40250,23.0,25,0.6813620833333334,3.6605926056702933,44.24022595087687,32.92094379098853
mlp_qmix__N16__ring__seed6,mlp_qmix,coord_grid,6,1610,40275,32.0,25,0.6811641666666667,2.301082660754522,79.51370239257812,32.94325250003021
mlp_qmix__N16__ring__seed6,mlp_qmix,coord_grid,6,1611,40300,35.0,25,0.68096625,4.497195343176524,60.71099249521891,32.9656554160174
mlp_qmix__N16__ring__seed6,mlp_qmix,coord_grid,6,1612,40325,21.0,25,0.6807683333333333,3.61871851342065,42.18504081453596,32.989646125002764
mlp_qmix__N16__ring__seed6,mlp_qmix,coord_grid,6,1613,40350,25.0,25,0.6805704166666666,5.164512405792872,39.37103223800659,33.01074895798229
mlp_qmix__N16__ring__seed6,mlp_qmix,coord_grid,6,1614,40375,39.0,25,0.6803725,5.196799000104268,49.4682936668396,33.03140929102665
mlp_qmix__N16__ring__seed6,mlp_qmix,coord_grid,6,1615,40400,32.0,25,0.6801745833333334,3.1832942763964334,24.952653249104817,33.05261741601862
mlp_qmix__N16__ring__seed6,mlp_qmix,coord_grid,6,1616,40425,25.0,25,0.6799766666666667,5.10761410849435,31.414232662745885,33.08075754099991
mlp_qmix__N16__ring__seed6,mlp_qmix,coord_grid,6,1617,40450,28.0,25,0.67977875,5.138618479172389,37.492795626322426,33.10491633298807
mlp_qmix__N16__ring__seed6,mlp_qmix,coord_grid,6,1618,40475,16.0,25,0.6795808333333333,3.9932440469662347,45.50639899571737,33.126143583038356
mlp_qmix__N16__ring__seed6,mlp_qmix,coord_grid,6,1619,40500,16.0,25,0.6793829166666667,3.6007125973701477,29.061960697174072,33.147401624999475
mlp_qmix__N16__ring__seed6,mlp_qmix,coord_grid,6,1620,40525,39.0,25,0.679185,4.674515928540911,70.42139325823102,33.17177587503102
mlp_qmix__N16__ring__seed6,mlp_qmix,coord_grid,6,1621,40550,36.0,25,0.6789870833333334,2.0971215665340424,26.24179458618164,33.19408908300102
mlp_qmix__N16__ring__seed6,mlp_qmix,coord_grid,6,1622,40575,26.0,25,0.6787891666666667,4.01134392619133,41.14749161402384,33.21511749998899
mlp_qmix__N16__ring__seed6,mlp_qmix,coord_grid,6,1623,40600,31.0,25,0.67859125,1.6363976150751114,22.418936729431152,33.237955958000384
mlp_qmix__N16__ring__seed6,mlp_qmix,coord_grid,6,1624,40625,37.0,25,0.6783933333333334,1.4830928104264396,35.95291709899902,33.2615001249942
mlp_qmix__N16__ring__seed6,mlp_qmix,coord_grid,6,1625,40650,20.0,25,0.6781954166666666,2.6515561242898307,73.28975200653076,33.28205295803491
mlp_qmix__N16__ring__seed6,mlp_qmix,coord_grid,6,1626,40675,17.0,25,0.6779975,2.5873367687066398,67.44080829620361,33.30223145801574
mlp_qmix__N16__ring__seed6,mlp_qmix,coord_grid,6,1627,40700,28.0,25,0.6777995833333333,3.9989683826764426,47.16990852355957,33.32262350001838
mlp_qmix__N16__ring__seed6,mlp_qmix,coord_grid,6,1628,40725,39.0,25,0.6776016666666667,3.1206082105636597,19.191929408482142,33.34797833301127
mlp_qmix__N16__ring__seed6,mlp_qmix,coord_grid,6,1629,40750,26.0,25,0.6774037500000001,3.9492133061091104,13.874025821685791,33.368743625003844
mlp_qmix__N16__ring__seed6,mlp_qmix,coord_grid,6,1630,40775,49.0,25,0.6772058333333333,3.9557193517684937,24.287644068400066,33.3897633330198
mlp_qmix__N16__ring__seed6,mlp_qmix,coord_grid,6,1631,40800,29.0,25,0.6770079166666667,3.1987641602754593,42.93689076105753,33.40971695800545
mlp_qmix__N16__ring__seed6,mlp_qmix,coord_grid,6,1632,40825,27.0,25,0.67681,4.214455834456852,34.77089718409947,33.432307708018925
mlp_qmix__N16__ring__seed6,mlp_qmix,coord_grid,6,1633,40850,25.0,25,0.6766120833333333,4.805907110373179,30.930531183878582,33.45255329099018
mlp_qmix__N16__ring__seed6,mlp_qmix,coord_grid,6,1634,40875,27.0,25,0.6764141666666666,2.788783629735311,22.62158473332723,33.47229641600279
mlp_qmix__N16__ring__seed6,mlp_qmix,coord_grid,6,1635,40900,34.0,25,0.67621625,1.628504862387975,21.148847182591755,33.49248516600346
mlp_qmix__N16__ring__seed6,mlp_qmix,coord_grid,6,1636,40925,21.0,25,0.6760183333333334,2.8910867955003465,33.60562235968454,33.51538100000471
mlp_qmix__N16__ring__seed6,mlp_qmix,coord_grid,6,1637,40950,34.0,25,0.6758204166666667,4.404035925865173,46.013457457224526,33.53583420801442
mlp_qmix__N16__ring__seed6,mlp_qmix,coord_grid,6,1638,40975,36.0,25,0.6756225,1.9263397008180618,20.75475200017293,33.55633587500779
mlp_qmix__N16__ring__seed6,mlp_qmix,coord_grid,6,1639,41000,22.0,25,0.6754245833333333,2.903817723194758,41.543580532073975,33.57736550003756
mlp_qmix__N16__ring__seed6,mlp_qmix,coord_grid,6,1640,41025,21.0,25,0.6752266666666666,3.4611835394586836,107.98511287144252,33.60053350002272
mlp_qmix__N16__ring__seed6,mlp_qmix,coord_grid,6,1641,41050,33.0,25,0.6750287500000001,3.9001276393731437,63.89582904179891,33.62126141600311
mlp_qmix__N16__ring__seed6,mlp_qmix,coord_grid,6,1642,41075,26.0,25,0.6748308333333334,2.365692009528478,69.93530909220378,33.64174799999455
mlp_qmix__N16__ring__seed6,mlp_qmix,coord_grid,6,1643,41100,18.0,25,0.6746329166666667,3.449216842651367,50.74608484903971,33.6621628330322
mlp_qmix__N16__ring__seed6,mlp_qmix,coord_grid,6,1644,41125,27.0,25,0.674435,3.5657526680401395,32.52141284942627,33.68531025003176
mlp_qmix__N16__ring__seed6,mlp_qmix,coord_grid,6,1645,41150,30.0,25,0.6742370833333333,2.179041862487793,64.0754206975301,33.70566287502879
mlp_qmix__N16__ring__seed6,mlp_qmix,coord_grid,6,1646,41175,18.0,25,0.6740391666666667,3.4416621029376984,56.752244313557945,33.72605304099852
mlp_qmix__N16__ring__seed6,mlp_qmix,coord_grid,6,1647,41200,32.0,25,0.67384125,3.150677045186361,73.87903912862141,33.74592820799444
mlp_qmix__N16__ring__seed6,mlp_qmix,coord_grid,6,1648,41225,35.0,25,0.6736433333333334,5.453964471817017,67.77724538530622,33.769619875005446
mlp_qmix__N16__ring__seed6,mlp_qmix,coord_grid,6,1649,41250,33.0,25,0.6734454166666667,4.08943243821462,33.74752855300903,33.78992216603365
mlp_qmix__N16__ring__seed6,mlp_qmix,coord_grid,6,1650,41275,38.0,25,0.6732475,2.8133368343114853,34.22242546081543,33.810149708006065
mlp_qmix__N16__ring__seed6,mlp_qmix,coord_grid,6,1651,41300,46.0,25,0.6730495833333333,4.057425037026405,26.616422176361084,33.830630958022084
mlp_qmix__N16__ring__seed6,mlp_qmix,coord_grid,6,1652,41325,28.0,25,0.6728516666666666,2.46206328698567,29.776595183781215,33.853163874999154
mlp_qmix__N16__ring__seed6,mlp_qmix,coord_grid,6,1653,41350,42.0,25,0.67265375,4.028083880742391,15.459108670552572,33.87358179100556
mlp_qmix__N16__ring__seed6,mlp_qmix,coord_grid,6,1654,41375,21.0,25,0.6724558333333334,6.467081586519877,35.21100775400797,33.894112707988825
mlp_qmix__N16__ring__seed6,mlp_qmix,coord_grid,6,1655,41400,47.0,25,0.6722579166666667,2.496647208929062,39.08550198872884,33.9148830830236
mlp_qmix__N16__ring__seed6,mlp_qmix,coord_grid,6,1656,41425,25.0,25,0.67206,3.653277243886675,38.29104791368757,33.938304374984
mlp_qmix__N16__ring__seed6,mlp_qmix,coord_grid,6,1657,41450,53.0,25,0.6718620833333333,4.148282289505005,36.93516413370768,33.95870541600743
mlp_qmix__N16__ring__seed6,mlp_qmix,coord_grid,6,1658,41475,37.0,25,0.6716641666666667,4.042755509416263,36.296826680501304,33.97872370801633
mlp_qmix__N16__ring__seed6,mlp_qmix,coord_grid,6,1659,41500,34.0,25,0.67146625,3.686418135960897,21.938858191172283,33.99911591602722
mlp_qmix__N16__ring__seed6,mlp_qmix,coord_grid,6,1660,41525,34.0,25,0.6712683333333334,3.568787693977356,44.05517373766218,34.021966083033476
mlp_qmix__N16__ring__seed6,mlp_qmix,coord_grid,6,1661,41550,32.0,25,0.6710704166666667,6.880036572615306,35.57604789733887,34.04245620802976
mlp_qmix__N16__ring__seed6,mlp_qmix,coord_grid,6,1662,41575,44.0,25,0.6708725,3.684108257293701,41.14054584503174,34.06278908299282
mlp_qmix__N16__ring__seed6,mlp_qmix,coord_grid,6,1663,41600,46.0,25,0.6706745833333334,3.2966740826765695,28.36462640762329,34.08326087502064
mlp_qmix__N16__ring__seed6,mlp_qmix,coord_grid,6,1664,41625,30.0,25,0.6704766666666666,3.9056884050369263,36.86156627110073,34.105637458036654
mlp_qmix__N16__ring__seed6,mlp_qmix,coord_grid,6,1665,41650,33.0,25,0.67027875,4.158611843983333,52.87848313649496,34.12619087501662
mlp_qmix__N16__ring__seed6,mlp_qmix,coord_grid,6,1666,41675,29.0,25,0.6700808333333333,2.9634922544161477,60.496066093444824,34.14640862500528
mlp_qmix__N16__ring__seed6,mlp_qmix,coord_grid,6,1667,41700,29.0,25,0.6698829166666667,2.5585928012927375,51.40859190622965,34.16696066601435
mlp_qmix__N16__ring__seed6,mlp_qmix,coord_grid,6,1668,41725,36.0,25,0.6696850000000001,5.650611366544451,46.09430612836565,34.18931787501788
mlp_qmix__N16__ring__seed6,mlp_qmix,coord_grid,6,1669,41750,20.0,25,0.6694870833333333,3.1973926524321237,39.76324701309204,34.209711125004105
mlp_qmix__N16__ring__seed6,mlp_qmix,coord_grid,6,1670,41775,33.0,25,0.6692891666666667,3.284713397423426,28.869082927703857,34.23156500002369
mlp_qmix__N16__ring__seed6,mlp_qmix,coord_grid,6,1671,41800,36.0,25,0.66909125,2.854955037434896,40.69774023691813,34.252384791034274
mlp_qmix__N16__ring__seed6,mlp_qmix,coord_grid,6,1672,41825,27.0,25,0.6688933333333333,3.721067028386252,82.94733701433454,34.275601125031244
mlp_qmix__N16__ring__seed6,mlp_qmix,coord_grid,6,1673,41850,37.0,25,0.6686954166666667,3.0977070033550262,92.41347583134969,34.29625329101691
mlp_qmix__N16__ring__seed6,mlp_qmix,coord_grid,6,1674,41875,25.0,25,0.6684975,4.809041460355123,102.65591494242351,34.31679020798765
mlp_qmix__N16__ring__seed6,mlp_qmix,coord_grid,6,1675,41900,23.0,25,0.6682995833333334,6.146859089533488,85.18374760945638,34.33792691602139
mlp_qmix__N16__ring__seed6,mlp_qmix,coord_grid,6,1676,41925,41.0,25,0.6681016666666667,4.123398235866001,56.40475368499756,34.36092683300376
mlp_qmix__N16__ring__seed6,mlp_qmix,coord_grid,6,1677,41950,27.0,25,0.66790375,4.125381588935852,30.478368759155273,34.382480333035346
mlp_qmix__N16__ring__seed6,mlp_qmix,coord_grid,6,1678,41975,42.0,25,0.6677058333333333,4.604276021321614,32.274283250172935,34.406871624989435
mlp_qmix__N16__ring__seed6,mlp_qmix,coord_grid,6,1679,42000,33.0,25,0.6675079166666666,4.259827713171641,44.96174128850301,34.43111016601324
mlp_qmix__N16__ring__seed6,mlp_qmix,coord_grid,6,1680,42025,34.0,25,0.6673100000000001,2.292886904307774,46.38444573538644,34.45672262500739
mlp_qmix__N16__ring__seed6,mlp_qmix,coord_grid,6,1681,42050,33.0,25,0.6671120833333334,3.4052682320276895,45.61440054575602,34.47855379100656
mlp_qmix__N16__ring__seed6,mlp_qmix,coord_grid,6,1682,42075,41.0,25,0.6669141666666667,1.812616268793742,33.43080631891886,34.5016196250217
mlp_qmix__N16__ring__seed6,mlp_qmix,coord_grid,6,1683,42100,29.0,25,0.66671625,4.193856457869212,36.48364528020223,34.526314457994886
mlp_qmix__N16__ring__seed6,mlp_qmix,coord_grid,6,1684,42125,36.0,25,0.6665183333333333,2.138411658150809,27.52800328390939,34.550262000004295
mlp_qmix__N16__ring__seed6,mlp_qmix,coord_grid,6,1685,42150,28.0,25,0.6663204166666667,4.233041236797969,54.37935209274292,34.57095629099058
mlp_qmix__N16__ring__seed6,mlp_qmix,coord_grid,6,1686,42175,32.0,25,0.6661225,5.511126160621643,60.9827028910319,34.59226791601395
mlp_qmix__N16__ring__seed6,mlp_qmix,coord_grid,6,1687,42200,33.0,25,0.6659245833333334,3.3488760789235434,35.24712038040161,34.61315933300648
mlp_qmix__N16__ring__seed6,mlp_qmix,coord_grid,6,1688,42225,24.0,25,0.6657266666666667,3.709138112408774,47.96913146972656,34.63695287500741
mlp_qmix__N16__ring__seed6,mlp_qmix,coord_grid,6,1689,42250,29.0,25,0.66552875,2.969036946694056,35.454275131225586,34.65832833299646
mlp_qmix__N16__ring__seed6,mlp_qmix,coord_grid,6,1690,42275,49.0,25,0.6653308333333334,1.531164104739825,75.4636378288269,34.67880487500224
mlp_qmix__N16__ring__seed6,mlp_qmix,coord_grid,6,1691,42300,28.0,25,0.6651329166666666,4.103589574495952,29.410760561625164,34.69937737501459
mlp_qmix__N16__ring__seed6,mlp_qmix,coord_grid,6,1692,42325,21.0,25,0.664935,4.8262888959475925,20.365352630615234,34.72229641600279
mlp_qmix__N16__ring__seed6,mlp_qmix,coord_grid,6,1693,42350,42.0,25,0.6647370833333334,5.107702294985454,63.291394074757896,34.74473304103594
mlp_qmix__N16__ring__seed6,mlp_qmix,coord_grid,6,1694,42375,28.0,25,0.6645391666666667,3.10236003001531,61.22862148284912,34.76558504102286
mlp_qmix__N16__ring__seed6,mlp_qmix,coord_grid,6,1695,42400,22.0,25,0.66434125,3.8568863372008004,38.6653086344401,34.787635416025296
mlp_qmix__N16__ring__seed6,mlp_qmix,coord_grid,6,1696,42425,27.0,25,0.6641433333333333,5.408175945281982,37.45661769594465,34.810326875012834
mlp_qmix__N16__ring__seed6,mlp_qmix,coord_grid,6,1697,42450,36.0,25,0.6639454166666667,3.587034930785497,67.7659683227539,34.831116374989506
mlp_qmix__N16__ring__seed6,mlp_qmix,coord_grid,6,1698,42475,50.0,25,0.6637475,3.696388602256775,90.84424845377605,34.85226804099511
mlp_qmix__N16__ring__seed6,mlp_qmix,coord_grid,6,1699,42500,38.0,25,0.6635495833333334,5.5386306047439575,98.7680009206136,34.873842958011664
mlp_qmix__N16__ring__seed6,mlp_qmix,coord_grid,6,1700,42525,38.0,25,0.6633516666666667,3.8628882510321483,70.00123378208706,34.89740454102866
mlp_qmix__N16__ring__seed6,mlp_qmix,coord_grid,6,1701,42550,30.0,25,0.66315375,2.200623552004496,45.28723859786987,34.91760287503712
mlp_qmix__N16__ring__seed6,mlp_qmix,coord_grid,6,1702,42575,27.0,25,0.6629558333333334,4.286569178104401,48.47469981511434,34.938945000001695
mlp_qmix__N16__ring__seed6,mlp_qmix,coord_grid,6,1703,42600,36.0,25,0.6627579166666667,2.624343385299047,51.09511741002401,34.96334012498846
mlp_qmix__N16__ring__seed6,mlp_qmix,coord_grid,6,1704,42625,27.0,25,0.66256,4.597252590315683,98.0810775756836,34.99089158303104
mlp_qmix__N16__ring__seed6,mlp_qmix,coord_grid,6,1705,42650,36.0,25,0.6623620833333334,3.0981049835681915,52.763403256734215,35.014353208011016
mlp_qmix__N16__ring__seed6,mlp_qmix,coord_grid,6,1706,42675,38.0,25,0.6621641666666667,4.392659246921539,62.96225357055664,35.03844425000716
mlp_qmix__N16__ring__seed6,mlp_qmix,coord_grid,6,1707,42700,35.0,25,0.6619662500000001,3.5721000830332437,51.8429487546285,35.05947420798475
mlp_qmix__N16__ring__seed6,mlp_qmix,coord_grid,6,1708,42725,43.0,25,0.6617683333333333,2.7131810699190413,24.5546875,35.08383620798122
mlp_qmix__N16__ring__seed6,mlp_qmix,coord_grid,6,1709,42750,37.0,25,0.6615704166666667,5.125323782364528,43.40874989827474,35.10591400001431
mlp_qmix__N16__ring__seed6,mlp_qmix,coord_grid,6,1710,42775,44.0,25,0.6613725,1.4366959631443024,42.030132134755455,35.12695624999469
mlp_qmix__N16__ring__seed6,mlp_qmix,coord_grid,6,1711,42800,47.0,25,0.6611745833333333,3.896885871887207,31.919167677561443,35.14767191599822
mlp_qmix__N16__ring__seed6,mlp_qmix,coord_grid,6,1712,42825,36.0,25,0.6609766666666667,6.220674216747284,32.066696030753,35.17145787499612
mlp_qmix__N16__ring__seed6,mlp_qmix,coord_grid,6,1713,42850,37.0,25,0.66077875,2.6337888737519584,32.08220052719116,35.19215704099042
mlp_qmix__N16__ring__seed6,mlp_qmix,coord_grid,6,1714,42875,35.0,25,0.6605808333333334,3.0314715752998986,33.951421896616615,35.21239445800893
mlp_qmix__N16__ring__seed6,mlp_qmix,coord_grid,6,1715,42900,28.0,25,0.6603829166666667,5.567048788070679,27.44462776184082,35.235094790987205
mlp_qmix__N16__ring__seed6,mlp_qmix,coord_grid,6,1716,42925,28.0,25,0.660185,3.8516506808144704,33.8412595476423,35.26173149998067
mlp_qmix__N16__ring__seed6,mlp_qmix,coord_grid,6,1717,42950,24.0,25,0.6599870833333333,3.8041347563266754,29.42510684331258,35.2865386250196
mlp_qmix__N16__ring__seed6,mlp_qmix,coord_grid,6,1718,42975,47.0,25,0.6597891666666666,4.292101452747981,44.99400568008423,35.31124720798107
mlp_qmix__N16__ring__seed6,mlp_qmix,coord_grid,6,1719,43000,42.0,25,0.6595912500000001,3.6676035722096763,67.32667795817058,35.33468108298257
mlp_qmix__N16__ring__seed6,mlp_qmix,coord_grid,6,1720,43025,42.0,25,0.6593933333333334,2.7713591882160733,88.15551171983991,35.3577125830343
mlp_qmix__N16__ring__seed6,mlp_qmix,coord_grid,6,1721,43050,25.0,25,0.6591954166666667,5.160442034403483,62.54169178009033,35.37920054100687
mlp_qmix__N16__ring__seed6,mlp_qmix,coord_grid,6,1722,43075,20.0,25,0.6589975,6.387598037719727,53.36513710021973,35.40126145799877
mlp_qmix__N16__ring__seed6,mlp_qmix,coord_grid,6,1723,43100,29.0,25,0.6587995833333333,3.4582189122835794,59.5735060373942,35.42199200001778
mlp_qmix__N16__ring__seed6,mlp_qmix,coord_grid,6,1724,43125,33.0,25,0.6586016666666668,1.317921323435647,96.32953262329102,35.445259125030134
mlp_qmix__N16__ring__seed6,mlp_qmix,coord_grid,6,1725,43150,24.0,25,0.65840375,4.892875234285991,103.64179611206055,35.46613779099425
mlp_qmix__N16__ring__seed6,mlp_qmix,coord_grid,6,1726,43175,35.0,25,0.6582058333333334,4.140390207370122,83.13753573099773,35.48648341599619
mlp_qmix__N16__ring__seed6,mlp_qmix,coord_grid,6,1727,43200,46.0,25,0.6580079166666667,5.3192375500996905,72.90541021029155,35.50896562502021
mlp_qmix__N16__ring__seed6,mlp_qmix,coord_grid,6,1728,43225,12.0,25,0.65781,3.4295641013554166,54.421747480119976,35.53742200002307
mlp_qmix__N16__ring__seed6,mlp_qmix,coord_grid,6,1729,43250,27.0,25,0.6576120833333334,3.803119162718455,87.97143840789795,35.561106291017495
mlp_qmix__N16__ring__seed6,mlp_qmix,coord_grid,6,1730,43275,28.0,25,0.6574141666666666,3.5362672805786133,59.918986002604164,35.585610750014894
mlp_qmix__N16__ring__seed6,mlp_qmix,coord_grid,6,1731,43300,36.0,25,0.6572162500000001,5.389999250570933,91.551451365153,35.60625033301767
mlp_qmix__N16__ring__seed6,mlp_qmix,coord_grid,6,1732,43325,27.0,25,0.6570183333333334,2.7976025257791792,67.89934240068708,35.631581958034076
mlp_qmix__N16__ring__seed6,mlp_qmix,coord_grid,6,1733,43350,27.0,25,0.6568204166666667,4.037129759788513,74.77517286936443,35.65338270802749
mlp_qmix__N16__ring__seed6,mlp_qmix,coord_grid,6,1734,43375,45.0,25,0.6566225,2.401161332925161,74.74405288696289,35.674759250017814
mlp_qmix__N16__ring__seed6,mlp_qmix,coord_grid,6,1735,43400,38.0,25,0.6564245833333333,3.1418769359588623,38.519874572753906,35.696159665996674
mlp_qmix__N16__ring__seed6,mlp_qmix,coord_grid,6,1736,43425,35.0,25,0.6562266666666667,2.1764940193721225,108.6259217943464,35.71974004100775
mlp_qmix__N16__ring__seed6,mlp_qmix,coord_grid,6,1737,43450,29.0,25,0.65602875,5.053369651238124,94.27025413513184,35.74005954101449
mlp_qmix__N16__ring__seed6,mlp_qmix,coord_grid,6,1738,43475,29.0,25,0.6558308333333334,4.3595113555590315,59.39868291219076,35.76232320803683
mlp_qmix__N16__ring__seed6,mlp_qmix,coord_grid,6,1739,43500,28.0,25,0.6556329166666667,6.962765494982402,58.65674432118734,35.78619520802749
mlp_qmix__N16__ring__seed6,mlp_qmix,coord_grid,6,1740,43525,29.0,25,0.655435,2.307139605283737,36.37138843536377,35.81394125003135
mlp_qmix__N16__ring__seed6,mlp_qmix,coord_grid,6,1741,43550,32.0,25,0.6552370833333334,3.045106828212738,29.04973491032918,35.83833037503064
mlp_qmix__N16__ring__seed6,mlp_qmix,coord_grid,6,1742,43575,23.0,25,0.6550391666666667,2.972466121117274,28.37649432818095,35.86188600002788
mlp_qmix__N16__ring__seed6,mlp_qmix,coord_grid,6,1743,43600,46.0,25,0.65484125,3.9025301039218903,45.96374193827311,35.883041249995586
mlp_qmix__N16__ring__seed6,mlp_qmix,coord_grid,6,1744,43625,26.0,25,0.6546433333333334,4.003206712859018,79.37005506243024,35.90760312502971
mlp_qmix__N16__ring__seed6,mlp_qmix,coord_grid,6,1745,43650,27.0,25,0.6544454166666667,2.620889723300934,44.05588467915853,35.93004574999213
mlp_qmix__N16__ring__seed6,mlp_qmix,coord_grid,6,1746,43675,26.0,25,0.6542475000000001,3.8611628711223602,38.116949717203774,35.95136533299228
mlp_qmix__N16__ring__seed6,mlp_qmix,coord_grid,6,1747,43700,43.0,25,0.6540495833333333,3.944261978069941,37.79978052775065,35.97241266601486
mlp_qmix__N16__ring__seed6,mlp_qmix,coord_grid,6,1748,43725,40.0,25,0.6538516666666667,4.583189168146679,52.22563089643206,35.995568457990885
mlp_qmix__N16__ring__seed6,mlp_qmix,coord_grid,6,1749,43750,34.0,25,0.65365375,4.028354366620381,75.64847056070964,36.01555704098428
mlp_qmix__N16__ring__seed6,mlp_qmix,coord_grid,6,1750,43775,25.0,25,0.6534558333333333,3.0254618326822915,40.34063116709391,36.03716608299874
mlp_qmix__N16__ring__seed6,mlp_qmix,coord_grid,6,1751,43800,47.0,25,0.6532579166666668,3.0776709069808326,47.989112854003906,36.060540791018866
mlp_qmix__N16__ring__seed6,mlp_qmix,coord_grid,6,1752,43825,28.0,25,0.65306,2.2800874497209276,32.86645821162632,36.08916700002737
mlp_qmix__N16__ring__seed6,mlp_qmix,coord_grid,6,1753,43850,47.0,25,0.6528620833333334,4.25770918528239,19.462010383605957,36.11371883301763
mlp_qmix__N16__ring__seed6,mlp_qmix,coord_grid,6,1754,43875,27.0,25,0.6526641666666667,3.0551626284917197,36.52196979522705,36.13514962501358
mlp_qmix__N16__ring__seed6,mlp_qmix,coord_grid,6,1755,43900,46.0,25,0.65246625,5.322865883509318,71.12817462285359,36.15747045801254
mlp_qmix__N16__ring__seed6,mlp_qmix,coord_grid,6,1756,43925,36.0,25,0.6522683333333333,4.7578522477831156,67.67275891985211,36.18221770803211
mlp_qmix__N16__ring__seed6,mlp_qmix,coord_grid,6,1757,43950,30.0,25,0.6520704166666667,4.477530548969905,64.58086967468262,36.20297962502809
mlp_qmix__N16__ring__seed6,mlp_qmix,coord_grid,6,1758,43975,30.0,25,0.6518725000000001,3.500826209783554,50.65987459818522,36.22430679103127
mlp_qmix__N16__ring__seed6,mlp_qmix,coord_grid,6,1759,44000,46.0,25,0.6516745833333334,4.822128067413966,59.86060396830241,36.246368708030786
mlp_qmix__N16__ring__seed6,mlp_qmix,coord_grid,6,1760,44025,48.0,25,0.6514766666666667,4.6512399826731,100.04249926975795,36.273772999993525
mlp_qmix__N16__ring__seed6,mlp_qmix,coord_grid,6,1761,44050,36.0,25,0.65127875,3.633533149957657,68.1928113301595,36.300264916033484
mlp_qmix__N16__ring__seed6,mlp_qmix,coord_grid,6,1762,44075,43.0,25,0.6510808333333333,4.42916872104009,47.2337319056193,36.32197154103778
mlp_qmix__N16__ring__seed6,mlp_qmix,coord_grid,6,1763,44100,37.0,25,0.6508829166666668,1.4907236993312836,58.74276558558146,36.34394099999918
mlp_qmix__N16__ring__seed6,mlp_qmix,coord_grid,6,1764,44125,38.0,25,0.650685,4.234801667077201,41.241943631853374,36.367654916015454
mlp_qmix__N16__ring__seed6,mlp_qmix,coord_grid,6,1765,44150,40.0,25,0.6504870833333334,3.088754286368688,35.52139981587728,36.390724750002846
mlp_qmix__N16__ring__seed6,mlp_qmix,coord_grid,6,1766,44175,42.0,25,0.6502891666666667,3.096077968676885,36.86118189493815,36.41279045800911
mlp_qmix__N16__ring__seed6,mlp_qmix,coord_grid,6,1767,44200,18.0,25,0.65009125,3.458105812470118,40.83557637532552,36.434119208017364
mlp_qmix__N16__ring__seed6,mlp_qmix,coord_grid,6,1768,44225,36.0,25,0.6498933333333334,3.621149046080453,97.22770854404995,36.45753212500131
mlp_qmix__N16__ring__seed6,mlp_qmix,coord_grid,6,1769,44250,30.0,25,0.6496954166666666,4.465912143389384,95.03587214152019,36.47840008302592
mlp_qmix__N16__ring__seed6,mlp_qmix,coord_grid,6,1770,44275,37.0,25,0.6494975000000001,4.539763609568278,43.47145430246989,36.49921558302594
mlp_qmix__N16__ring__seed6,mlp_qmix,coord_grid,6,1771,44300,42.0,25,0.6492995833333334,2.2334597607453666,38.04982010523478,36.51976566598751
mlp_qmix__N16__ring__seed6,mlp_qmix,coord_grid,6,1772,44325,31.0,25,0.6491016666666667,3.5486317702702115,47.13792882646833,36.544018500018865
mlp_qmix__N16__ring__seed6,mlp_qmix,coord_grid,6,1773,44350,37.0,25,0.64890375,4.183566411336263,49.67307464281718,36.56507504102774
mlp_qmix__N16__ring__seed6,mlp_qmix,coord_grid,6,1774,44375,41.0,25,0.6487058333333333,4.155563826362292,58.84265740712484,36.58693866600515
mlp_qmix__N16__ring__seed6,mlp_qmix,coord_grid,6,1775,44400,41.0,25,0.6485079166666667,4.431534806887309,37.811893939971924,36.60701020801207
mlp_qmix__N16__ring__seed6,mlp_qmix,coord_grid,6,1776,44425,31.0,25,0.64831,4.242046245506832,36.58764362335205,36.629416958021466
mlp_qmix__N16__ring__seed6,mlp_qmix,coord_grid,6,1777,44450,33.0,25,0.6481120833333334,1.8099648207426071,39.33045260111491,36.65011787501862
mlp_qmix__N16__ring__seed6,mlp_qmix,coord_grid,6,1778,44475,39.0,25,0.6479141666666667,4.1044866641362505,67.81490262349446,36.670580208010506
mlp_qmix__N16__ring__seed6,mlp_qmix,coord_grid,6,1779,44500,34.0,25,0.64771625,3.583943943182627,47.36496671040853,36.690827166021336
mlp_qmix__N16__ring__seed6,mlp_qmix,coord_grid,6,1780,44525,37.0,25,0.6475183333333334,2.4990304623331343,67.55735329219273,36.713369707984384
mlp_qmix__N16__ring__seed6,mlp_qmix,coord_grid,6,1781,44550,32.0,25,0.6473204166666666,2.5796285768349967,29.274777094523113,36.73366112500662
mlp_qmix__N16__ring__seed6,mlp_qmix,coord_grid,6,1782,44575,42.0,25,0.6471225,1.9565412551164627,57.71341037750244,36.75456483301241
mlp_qmix__N16__ring__seed6,mlp_qmix,coord_grid,6,1783,44600,47.0,25,0.6469245833333334,2.389704485734304,62.93469715118408,36.77476320799906
mlp_qmix__N16__ring__seed6,mlp_qmix,coord_grid,6,1784,44625,59.0,25,0.6467266666666667,2.856041763510023,65.16762569972447,36.7972215830232
mlp_qmix__N16__ring__seed6,mlp_qmix,coord_grid,6,1785,44650,37.0,25,0.6465287500000001,4.61830351750056,83.89133199055989,36.81727558298735
mlp_qmix__N16__ring__seed6,mlp_qmix,coord_grid,6,1786,44675,41.0,25,0.6463308333333333,3.660180558760961,49.11287879943848,36.8373902500025
mlp_qmix__N16__ring__seed6,mlp_qmix,coord_grid,6,1787,44700,40.0,25,0.6461329166666667,3.6768397887547812,56.18156862258911,36.85744104103651
mlp_qmix__N16__ring__seed6,mlp_qmix,coord_grid,6,1788,44725,35.0,25,0.645935,3.8447928726673126,29.351232937404088,36.87972920801258
mlp_qmix__N16__ring__seed6,mlp_qmix,coord_grid,6,1789,44750,41.0,25,0.6457370833333334,1.8422261625528336,41.73762718836466,36.89983504102565
mlp_qmix__N16__ring__seed6,mlp_qmix,coord_grid,6,1790,44775,37.0,25,0.6455391666666668,5.575609872738521,64.09202321370442,36.92024275002768
mlp_qmix__N16__ring__seed6,mlp_qmix,coord_grid,6,1791,44800,38.0,25,0.64534125,4.982030053933461,52.174067656199135,36.94014258298557
mlp_qmix__N16__ring__seed6,mlp_qmix,coord_grid,6,1792,44825,50.0,25,0.6451433333333334,4.002365359238216,53.87214483533587,36.96267662500031
mlp_qmix__N16__ring__seed6,mlp_qmix,coord_grid,6,1793,44850,42.0,25,0.6449454166666666,2.781059811512629,42.59282732009888,36.982388540985994
mlp_qmix__N16__ring__seed6,mlp_qmix,coord_grid,6,1794,44875,29.0,25,0.6447475,4.892822374900182,45.91720708211263,37.00225508300355
mlp_qmix__N16__ring__seed6,mlp_qmix,coord_grid,6,1795,44900,36.0,25,0.6445495833333333,4.423902591069539,37.504974683125816,37.02223912498448
mlp_qmix__N16__ring__seed6,mlp_qmix,coord_grid,6,1796,44925,32.0,25,0.6443516666666667,2.038316007171358,34.66802065713065,37.044900791021064
mlp_qmix__N16__ring__seed6,mlp_qmix,coord_grid,6,1797,44950,40.0,25,0.6441537500000001,1.8678350845972698,50.38515202204386,37.06469108298188
mlp_qmix__N16__ring__seed6,mlp_qmix,coord_grid,6,1798,44975,27.0,25,0.6439558333333333,3.7207834720611572,66.66534487406413,37.08554599998752
mlp_qmix__N16__ring__seed6,mlp_qmix,coord_grid,6,1799,45000,20.0,25,0.6437579166666667,4.018448601166408,57.3185666402181,37.10561654099729
mlp_qmix__N16__ring__seed6,mlp_qmix,coord_grid,6,1800,45025,39.0,25,0.64356,3.1623579348836626,87.49129922049386,37.127700124983676
mlp_qmix__N16__ring__seed6,mlp_qmix,coord_grid,6,1801,45050,31.0,25,0.6433620833333333,3.697411149740219,46.34990247090658,37.1477257499937
mlp_qmix__N16__ring__seed6,mlp_qmix,coord_grid,6,1802,45075,33.0,25,0.6431641666666668,3.1281942973534265,40.53272279103597,37.1674800409819
mlp_qmix__N16__ring__seed6,mlp_qmix,coord_grid,6,1803,45100,30.0,25,0.64296625,3.2620062033335366,78.19250933329265,37.18788099999074
mlp_qmix__N16__ring__seed6,mlp_qmix,coord_grid,6,1804,45125,39.0,25,0.6427683333333334,4.06112882069179,56.53239522661482,37.21001799998339
mlp_qmix__N16__ring__seed6,mlp_qmix,coord_grid,6,1805,45150,46.0,25,0.6425704166666667,3.6728124221165976,60.736154874165855,37.230255375034176
mlp_qmix__N16__ring__seed6,mlp_qmix,coord_grid,6,1806,45175,29.0,25,0.6423725,4.256898800532023,83.66203546524048,37.25103795801988
mlp_qmix__N16__ring__seed6,mlp_qmix,coord_grid,6,1807,45200,21.0,25,0.6421745833333334,3.8507717847824097,79.74579493204753,37.271327375026885
mlp_qmix__N16__ring__seed6,mlp_qmix,coord_grid,6,1808,45225,30.0,25,0.6419766666666666,5.356333834784372,83.27899551391602,37.29392995801754
mlp_qmix__N16__ring__seed6,mlp_qmix,coord_grid,6,1809,45250,34.0,25,0.6417787500000001,4.1601802706718445,48.97874085108439,37.31400208303239
mlp_qmix__N16__ring__seed6,mlp_qmix,coord_grid,6,1810,45275,17.0,25,0.6415808333333333,5.780516664187114,53.678177992502846,37.334234624984674
mlp_qmix__N16__ring__seed6,mlp_qmix,coord_grid,6,1811,45300,33.0,25,0.6413829166666667,3.9519323905309043,34.42675987879435,37.354471375001594
mlp_qmix__N16__ring__seed6,mlp_qmix,coord_grid,6,1812,45325,36.0,25,0.6411850000000001,4.2310744651726315,21.697021007537842,37.376970915996935
mlp_qmix__N16__ring__seed6,mlp_qmix,coord_grid,6,1813,45350,28.0,25,0.6409870833333333,3.1307219664255777,31.64830271402995,37.397719500004314
mlp_qmix__N16__ring__seed6,mlp_qmix,coord_grid,6,1814,45375,43.0,25,0.6407891666666667,4.89727912346522,35.06757799784342,37.41779745800886
mlp_qmix__N16__ring__seed6,mlp_qmix,coord_grid,6,1815,45400,35.0,25,0.64059125,4.091046243906021,35.32252327601115,37.43799658300122
mlp_qmix__N16__ring__seed6,mlp_qmix,coord_grid,6,1816,45425,35.0,25,0.6403933333333334,3.835714280605316,33.992638860430034,37.46039912500419
mlp_qmix__N16__ring__seed6,mlp_qmix,coord_grid,6,1817,45450,54.0,25,0.6401954166666667,6.2421040286620455,31.774861971537273,37.48015683301492
mlp_qmix__N16__ring__seed6,mlp_qmix,coord_grid,6,1818,45475,47.0,25,0.6399975,6.404136851429939,75.11882209777832,37.50047995802015
mlp_qmix__N16__ring__seed6,mlp_qmix,coord_grid,6,1819,45500,30.0,25,0.6397995833333334,3.4698724349339805,89.90939076741536,37.520514165982604
mlp_qmix__N16__ring__seed6,mlp_qmix,coord_grid,6,1820,45525,40.0,25,0.6396016666666666,1.8049830794334412,65.7852088383266,37.54313808301231
mlp_qmix__N16__ring__seed6,mlp_qmix,coord_grid,6,1821,45550,48.0,25,0.63940375,5.809534663955371,84.50675519307454,37.56350183300674
mlp_qmix__N16__ring__seed6,mlp_qmix,coord_grid,6,1822,45575,37.0,25,0.6392058333333334,4.719890385866165,87.57836786905925,37.58349241601536
mlp_qmix__N16__ring__seed6,mlp_qmix,coord_grid,6,1823,45600,51.0,25,0.6390079166666667,4.346615687012672,78.68326632181804,37.6040145829902
mlp_qmix__N16__ring__seed6,mlp_qmix,coord_grid,6,1824,45625,50.0,25,0.6388100000000001,7.287448031561715,41.90390954698835,37.626700500026345
mlp_qmix__N16__ring__seed6,mlp_qmix,coord_grid,6,1825,45650,30.0,25,0.6386120833333333,2.6852997491757074,22.451356728871662,37.64641845802544
mlp_qmix__N16__ring__seed6,mlp_qmix,coord_grid,6,1826,45675,47.0,25,0.6384141666666667,2.67035773396492,21.907184600830078,37.666384458018
mlp_qmix__N16__ring__seed6,mlp_qmix,coord_grid,6,1827,45700,44.0,25,0.6382162499999999,1.3874044865369797,13.738806247711182,37.68610595801147
mlp_qmix__N16__ring__seed6,mlp_qmix,coord_grid,6,1828,45725,26.0,25,0.6380183333333334,6.95855062348502,52.471401350838796,37.708851416013204
mlp_qmix__N16__ring__seed6,mlp_qmix,coord_grid,6,1829,45750,39.0,25,0.6378204166666668,3.438297986984253,82.33129946390788,37.72881583299022
mlp_qmix__N16__ring__seed6,mlp_qmix,coord_grid,6,1830,45775,33.0,25,0.6376225,4.9161918958028155,91.01842180887859,37.7488691250328
mlp_qmix__N16__ring__seed6,mlp_qmix,coord_grid,6,1831,45800,34.0,25,0.6374245833333334,3.0417481859525046,81.37015501658122,37.76957454101648
mlp_qmix__N16__ring__seed6,mlp_qmix,coord_grid,6,1832,45825,36.0,25,0.6372266666666666,3.1239806839397977,115.22408076695034,37.794400083017536
mlp_qmix__N16__ring__seed6,mlp_qmix,coord_grid,6,1833,45850,46.0,25,0.63702875,4.588737150033315,104.96030298868816,37.81756216601934
mlp_qmix__N16__ring__seed6,mlp_qmix,coord_grid,6,1834,45875,52.0,25,0.6368308333333335,5.99893041451772,61.0021858215332,37.83732929098187
mlp_qmix__N16__ring__seed6,mlp_qmix,coord_grid,6,1835,45900,52.0,25,0.6366329166666667,4.554279719789823,42.71690034866333,37.85748295800295
mlp_qmix__N16__ring__seed6,mlp_qmix,coord_grid,6,1836,45925,28.0,25,0.6364350000000001,5.2065065162522455,41.73834392002651,37.88024987501558
mlp_qmix__N16__ring__seed6,mlp_qmix,coord_grid,6,1837,45950,38.0,25,0.6362370833333333,2.8083673218886056,33.619716803232826,37.90064066601917
mlp_qmix__N16__ring__seed6,mlp_qmix,coord_grid,6,1838,45975,29.0,25,0.6360391666666667,3.2436342537403107,43.54616848627726,37.920416666020174
mlp_qmix__N16__ring__seed6,mlp_qmix,coord_grid,6,1839,46000,33.0,25,0.6358412499999999,5.060122519731522,59.52765162785848,37.940470165980514
mlp_qmix__N16__ring__seed6,mlp_qmix,coord_grid,6,1840,46025,29.0,25,0.6356433333333333,3.7377818056515286,52.475822993687224,37.96296629100107
mlp_qmix__N16__ring__seed6,mlp_qmix,coord_grid,6,1841,46050,41.0,25,0.6354454166666668,2.421410063902537,83.462890625,37.98303079098696
mlp_qmix__N16__ring__seed6,mlp_qmix,coord_grid,6,1842,46075,40.0,25,0.6352475,4.189383904139201,62.67183462778727,38.002923457999714
mlp_qmix__N16__ring__seed6,mlp_qmix,coord_grid,6,1843,46100,45.0,25,0.6350495833333334,1.432854821284612,30.944695313771565,38.02300612500403
mlp_qmix__N16__ring__seed6,mlp_qmix,coord_grid,6,1844,46125,40.0,25,0.6348516666666666,4.4509405706609995,28.845627239772252,38.04602954100119
mlp_qmix__N16__ring__seed6,mlp_qmix,coord_grid,6,1845,46150,42.0,25,0.63465375,3.713443547487259,30.33115005493164,38.06701549998252
mlp_qmix__N16__ring__seed6,mlp_qmix,coord_grid,6,1846,46175,27.0,25,0.6344558333333334,4.585110892852147,39.20783392588297,38.08697800000664
mlp_qmix__N16__ring__seed6,mlp_qmix,coord_grid,6,1847,46200,30.0,25,0.6342579166666666,3.2539420227209725,47.44047999382019,38.107117041014135
mlp_qmix__N16__ring__seed6,mlp_qmix,coord_grid,6,1848,46225,25.0,25,0.6340600000000001,6.2425349950790405,40.10112489972796,38.12979154102504
mlp_qmix__N16__ring__seed6,mlp_qmix,coord_grid,6,1849,46250,37.0,25,0.6338620833333333,3.792903502782186,65.90073521931966,38.15014779102057
mlp_qmix__N16__ring__seed6,mlp_qmix,coord_grid,6,1850,46275,29.0,25,0.6336641666666667,3.3429614206155143,34.94121519724528,38.170230041025206
mlp_qmix__N16__ring__seed6,mlp_qmix,coord_grid,6,1851,46300,32.0,25,0.6334662500000001,5.786706844965617,27.506365458170574,38.190071500022896
mlp_qmix__N16__ring__seed6,mlp_qmix,coord_grid,6,1852,46325,46.0,25,0.6332683333333333,4.445160627365112,31.070607594081334,38.21280629100511
mlp_qmix__N16__ring__seed6,mlp_qmix,coord_grid,6,1853,46350,53.0,25,0.6330704166666667,5.837421337763469,22.87002658843994,38.2327957500238
mlp_qmix__N16__ring__seed6,mlp_qmix,coord_grid,6,1854,46375,56.0,25,0.6328725,4.173317392667134,53.340183099110924,38.253445958020166
mlp_qmix__N16__ring__seed6,mlp_qmix,coord_grid,6,1855,46400,42.0,25,0.6326745833333334,2.727438728014628,24.446294625600178,38.27478858298855
mlp_qmix__N16__ring__seed6,mlp_qmix,coord_grid,6,1856,46425,46.0,25,0.6324766666666667,2.0810609502451762,32.66523020608084,38.29684075003024
mlp_qmix__N16__ring__seed6,mlp_qmix,coord_grid,6,1857,46450,33.0,25,0.63227875,2.7493040512005487,23.363707383473713,38.31806087499717
mlp_qmix__N16__ring__seed6,mlp_qmix,coord_grid,6,1858,46475,31.0,25,0.6320808333333334,6.749523917833964,38.35281101862589,38.33861566602718
mlp_qmix__N16__ring__seed6,mlp_qmix,coord_grid,6,1859,46500,38.0,25,0.6318829166666666,4.053492029507955,28.90299892425537,38.358724375022575
mlp_qmix__N16__ring__seed6,mlp_qmix,coord_grid,6,1860,46525,45.0,25,0.631685,5.556921448026385,53.940260205950054,38.381523874995764
mlp_qmix__N16__ring__seed6,mlp_qmix,coord_grid,6,1861,46550,35.0,25,0.6314870833333333,3.5975491603215537,98.073987642924,38.40170487499563
mlp_qmix__N16__ring__seed6,mlp_qmix,coord_grid,6,1862,46575,28.0,25,0.6312891666666667,4.868197480837504,81.27396647135417,38.42170333303511
mlp_qmix__N16__ring__seed6,mlp_qmix,coord_grid,6,1863,46600,36.0,25,0.6310912500000001,3.5222216000159583,81.69654369354248,38.44243054103572
mlp_qmix__N16__ring__seed6,mlp_qmix,coord_grid,6,1864,46625,34.0,25,0.6308933333333333,5.388424047401974,109.14822523934501,38.465043666015845
mlp_qmix__N16__ring__seed6,mlp_qmix,coord_grid,6,1865,46650,35.0,25,0.6306954166666667,4.357280780871709,104.81077925364177,38.484835333016235
mlp_qmix__N16__ring__seed6,mlp_qmix,coord_grid,6,1866,46675,33.0,25,0.6304974999999999,3.5316856106122336,113.45409774780273,38.504951458016876
mlp_qmix__N16__ring__seed6,mlp_qmix,coord_grid,6,1867,46700,44.0,25,0.6302995833333334,4.111491680145264,105.89764181772868,38.52505083300639
mlp_qmix__N16__ring__seed6,mlp_qmix,coord_grid,6,1868,46725,34.0,25,0.6301016666666667,3.7628317134720937,111.65157236371722,38.54754762502853
mlp_qmix__N16__ring__seed6,mlp_qmix,coord_grid,6,1869,46750,43.0,25,0.62990375,4.040266692638397,89.39780108133952,38.56761612498667
mlp_qmix__N16__ring__seed6,mlp_qmix,coord_grid,6,1870,46775,58.0,25,0.6297058333333334,2.2321358819802604,84.54921388626099,38.58744879101869
mlp_qmix__N16__ring__seed6,mlp_qmix,coord_grid,6,1871,46800,27.0,25,0.6295079166666666,5.2430977175633116,101.4814206759135,38.60911100002704
mlp_qmix__N16__ring__seed6,mlp_qmix,coord_grid,6,1872,46825,41.0,25,0.62931,5.562054531914847,108.79569326128278,38.63166395801818
mlp_qmix__N16__ring__seed6,mlp_qmix,coord_grid,6,1873,46850,40.0,25,0.6291120833333333,3.060190071662267,94.55300490061443,38.65193295798963
mlp_qmix__N16__ring__seed6,mlp_qmix,coord_grid,6,1874,46875,30.0,25,0.6289141666666667,3.8995597859223685,44.166778246561684,38.67201637499966
mlp_qmix__N16__ring__seed6,mlp_qmix,coord_grid,6,1875,46900,55.0,25,0.6287162500000001,4.3013612031936646,48.98163652420044,38.69190591602819
mlp_qmix__N16__ring__seed6,mlp_qmix,coord_grid,6,1876,46925,39.0,25,0.6285183333333333,5.007966756820679,69.70279012407575,38.71422091603745
mlp_qmix__N16__ring__seed6,mlp_qmix,coord_grid,6,1877,46950,31.0,25,0.6283204166666667,3.969013750553131,48.59040768941244,38.73467704100767
mlp_qmix__N16__ring__seed6,mlp_qmix,coord_grid,6,1878,46975,54.0,25,0.6281224999999999,4.664785444736481,31.48492972056071,38.75439879100304
mlp_qmix__N16__ring__seed6,mlp_qmix,coord_grid,6,1879,47000,45.0,25,0.6279245833333333,2.970521171887716,66.16061941782634,38.774418790999334
mlp_qmix__N16__ring__seed6,mlp_qmix,coord_grid,6,1880,47025,33.0,25,0.6277266666666668,3.6290151051112582,95.9802474975586,38.79664195800433
mlp_qmix__N16__ring__seed6,mlp_qmix,coord_grid,6,1881,47050,46.0,25,0.62752875,5.792513608932495,75.78140640258789,38.817178625031374
mlp_qmix__N16__ring__seed6,mlp_qmix,coord_grid,6,1882,47075,37.0,25,0.6273308333333334,5.5086033542950945,83.86947250366211,38.837091458030045
mlp_qmix__N16__ring__seed6,mlp_qmix,coord_grid,6,1883,47100,28.0,25,0.6271329166666666,3.883878837029139,54.82206598917643,38.856665041006636
mlp_qmix__N16__ring__seed6,mlp_qmix,coord_grid,6,1884,47125,42.0,25,0.626935,3.7329012751579285,38.832034247262136,38.879329707997385
mlp_qmix__N16__ring__seed6,mlp_qmix,coord_grid,6,1885,47150,24.0,25,0.6267370833333333,3.390890638033549,37.91112422943115,38.899111166014336
mlp_qmix__N16__ring__seed6,mlp_qmix,coord_grid,6,1886,47175,44.0,25,0.6265391666666666,4.741619636615117,38.63312911987305,38.91931800002931
mlp_qmix__N16__ring__seed6,mlp_qmix,coord_grid,6,1887,47200,37.0,25,0.6263412500000001,5.229661385218303,70.36615562438965,38.940178207994904
mlp_qmix__N16__ring__seed6,mlp_qmix,coord_grid,6,1888,47225,53.0,25,0.6261433333333333,4.129247392926898,36.85567501613072,38.96300120803062
mlp_qmix__N16__ring__seed6,mlp_qmix,coord_grid,6,1889,47250,36.0,25,0.6259454166666667,7.439048647880554,41.89561637242635,38.98315550002735
mlp_qmix__N16__ring__seed6,mlp_qmix,coord_grid,6,1890,47275,52.0,25,0.6257475,2.8285704205433526,28.72699769337972,39.00306712498423
mlp_qmix__N16__ring__seed6,mlp_qmix,coord_grid,6,1891,47300,42.0,25,0.6255495833333333,3.483586842815081,59.29118617375692,39.0227966249804
mlp_qmix__N16__ring__seed6,mlp_qmix,coord_grid,6,1892,47325,36.0,25,0.6253516666666668,4.969462522438595,51.53636319296701,39.045021250029095
mlp_qmix__N16__ring__seed6,mlp_qmix,coord_grid,6,1893,47350,41.0,25,0.62515375,5.244561612606049,25.423107941945393,39.06503904098645
mlp_qmix__N16__ring__seed6,mlp_qmix,coord_grid,6,1894,47375,37.0,25,0.6249558333333334,5.697844584782918,68.74993149439494,39.085081375029404
mlp_qmix__N16__ring__seed6,mlp_qmix,coord_grid,6,1895,47400,39.0,25,0.6247579166666667,3.803485537568728,38.494061628977455,39.105343458009884
mlp_qmix__N16__ring__seed6,mlp_qmix,coord_grid,6,1896,47425,46.0,25,0.62456,4.741141472543989,111.66890771048409,39.127829166012816
mlp_qmix__N16__ring__seed6,mlp_qmix,coord_grid,6,1897,47450,35.0,25,0.6243620833333334,4.100332140922546,80.47282123565674,39.147836874995846
mlp_qmix__N16__ring__seed6,mlp_qmix,coord_grid,6,1898,47475,37.0,25,0.6241641666666666,4.3180621067682905,71.22188059488933,39.16917970799841
mlp_qmix__N16__ring__seed6,mlp_qmix,coord_grid,6,1899,47500,34.0,25,0.6239662500000001,3.639274924993515,84.64691670735677,39.188872750033624
mlp_qmix__N16__ring__seed6,mlp_qmix,coord_grid,6,1900,47525,50.0,25,0.6237683333333333,3.7336706944874356,38.67519964490618,39.21162233303767
mlp_qmix__N16__ring__seed6,mlp_qmix,coord_grid,6,1901,47550,53.0,25,0.6235704166666667,4.242326358954112,33.868886947631836,39.231701874989085
mlp_qmix__N16__ring__seed6,mlp_qmix,coord_grid,6,1902,47575,43.0,25,0.6233725,4.311440626780192,48.153199195861816,39.25191458303016
mlp_qmix__N16__ring__seed6,mlp_qmix,coord_grid,6,1903,47600,39.0,25,0.6231745833333333,2.601943920056025,87.40262667338054,39.27237541601062
mlp_qmix__N16__ring__seed6,mlp_qmix,coord_grid,6,1904,47625,28.0,25,0.6229766666666667,5.325417961393084,78.23603180476597,39.29496095801005
mlp_qmix__N16__ring__seed6,mlp_qmix,coord_grid,6,1905,47650,31.0,25,0.6227787499999999,2.874671995639801,37.56804339090983,39.315662332985085
mlp_qmix__N16__ring__seed6,mlp_qmix,coord_grid,6,1906,47675,54.0,25,0.6225808333333334,4.969611008961995,83.83106168111165,39.33569554099813
mlp_qmix__N16__ring__seed6,mlp_qmix,coord_grid,6,1907,47700,31.0,25,0.6223829166666667,6.6855489412943525,54.9980796178182,39.35605450003641
mlp_qmix__N16__ring__seed6,mlp_qmix,coord_grid,6,1908,47725,52.0,25,0.622185,4.3779550194740295,69.85816083635602,39.37833675002912
mlp_qmix__N16__ring__seed6,mlp_qmix,coord_grid,6,1909,47750,37.0,25,0.6219870833333334,3.878247747818629,63.485732555389404,39.398543249990325
mlp_qmix__N16__ring__seed6,mlp_qmix,coord_grid,6,1910,47775,34.0,25,0.6217891666666666,6.532197952270508,78.9894593556722,39.4184524579905
mlp_qmix__N16__ring__seed6,mlp_qmix,coord_grid,6,1911,47800,47.0,25,0.62159125,6.158794601758321,104.9637500445048,39.43875220802147
mlp_qmix__N16__ring__seed6,mlp_qmix,coord_grid,6,1912,47825,30.0,25,0.6213933333333334,5.145082678113665,67.84547070094517,39.46102966601029
mlp_qmix__N16__ring__seed6,mlp_qmix,coord_grid,6,1913,47850,44.0,25,0.6211954166666667,4.811030199130376,51.96580139795939,39.4810061249882
mlp_qmix__N16__ring__seed6,mlp_qmix,coord_grid,6,1914,47875,51.0,25,0.6209975,3.443251063426336,63.062822024027504,39.50095687498106
mlp_qmix__N16__ring__seed6,mlp_qmix,coord_grid,6,1915,47900,44.0,25,0.6207995833333333,3.9933805068333945,79.39942010243733,39.521126791019924
mlp_qmix__N16__ring__seed6,mlp_qmix,coord_grid,6,1916,47925,48.0,25,0.6206016666666667,5.399597108364105,50.05077307564871,39.543543666019104
mlp_qmix__N16__ring__seed6,mlp_qmix,coord_grid,6,1917,47950,51.0,25,0.62040375,4.877607002854347,65.04271062215169,39.56346149998717
mlp_qmix__N16__ring__seed6,mlp_qmix,coord_grid,6,1918,47975,32.0,25,0.6202058333333333,3.921106477578481,50.00509802500407,39.583706874982454
mlp_qmix__N16__ring__seed6,mlp_qmix,coord_grid,6,1919,48000,48.0,25,0.6200079166666667,3.3600771923859916,50.110863049825035,39.60386520798784
mlp_qmix__N16__ring__seed6,mlp_qmix,coord_grid,6,1920,48025,57.0,25,0.61981,6.5563512189047675,38.182859557015554,39.62650404102169
mlp_qmix__N16__ring__seed6,mlp_qmix,coord_grid,6,1921,48050,34.0,25,0.6196120833333334,4.88134203851223,71.64497820536296,39.646480541036
mlp_qmix__N16__ring__seed6,mlp_qmix,coord_grid,6,1922,48075,29.0,25,0.6194141666666666,3.4237551391124725,71.80651346842448,39.66616383299697
mlp_qmix__N16__ring__seed6,mlp_qmix,coord_grid,6,1923,48100,33.0,25,0.61921625,4.665850400924683,29.12787135442098,39.68615687498823
mlp_qmix__N16__ring__seed6,mlp_qmix,coord_grid,6,1924,48125,43.0,25,0.6190183333333333,4.735215663909912,72.28395312173026,39.708552916010376
mlp_qmix__N16__ring__seed6,mlp_qmix,coord_grid,6,1925,48150,38.0,25,0.6188204166666667,4.845646460851033,59.26824760437012,39.728305666008964
mlp_qmix__N16__ring__seed6,mlp_qmix,coord_grid,6,1926,48175,20.0,25,0.6186225000000001,2.9122793773810067,21.037413756052654,39.748259583022445
mlp_qmix__N16__ring__seed6,mlp_qmix,coord_grid,6,1927,48200,40.0,25,0.6184245833333333,3.7626143991947174,27.730839729309082,39.76834704098292
mlp_qmix__N16__ring__seed6,mlp_qmix,coord_grid,6,1928,48225,40.0,25,0.6182266666666667,6.965341806411743,121.20591081891742,39.79075595800532
mlp_qmix__N16__ring__seed6,mlp_qmix,coord_grid,6,1929,48250,56.0,25,0.61802875,3.9671372175216675,112.21626408894856,39.81151079101255
mlp_qmix__N16__ring__seed6,mlp_qmix,coord_grid,6,1930,48275,55.0,25,0.6178308333333333,4.482688943545024,124.74381510416667,39.83087095798692
mlp_qmix__N16__ring__seed6,mlp_qmix,coord_grid,6,1931,48300,42.0,25,0.6176329166666666,6.529968559741974,124.33471171061198,39.85069262498291
mlp_qmix__N16__ring__seed6,mlp_qmix,coord_grid,6,1932,48325,58.0,25,0.617435,4.369438009602683,112.54161562238421,39.87345045799157
mlp_qmix__N16__ring__seed6,mlp_qmix,coord_grid,6,1933,48350,56.0,25,0.6172370833333334,5.805329163869222,113.99090989430745,39.893197958008386
mlp_qmix__N16__ring__seed6,mlp_qmix,coord_grid,6,1934,48375,45.0,25,0.6170391666666667,3.3227368593215942,105.83073870340984,39.91259208298288
mlp_qmix__N16__ring__seed6,mlp_qmix,coord_grid,6,1935,48400,29.0,25,0.61684125,2.5354775289694467,54.39676888783773,39.93286695802817
mlp_qmix__N16__ring__seed6,mlp_qmix,coord_grid,6,1936,48425,30.0,25,0.6166433333333333,3.841422438621521,51.968208585466655,39.95535474998178
mlp_qmix__N16__ring__seed6,mlp_qmix,coord_grid,6,1937,48450,42.0,25,0.6164454166666666,2.9690218518177667,60.968651135762535,39.97669766598847
mlp_qmix__N16__ring__seed6,mlp_qmix,coord_grid,6,1938,48475,58.0,25,0.6162475000000001,1.607889453570048,78.17570368448894,39.997590749990195
mlp_qmix__N16__ring__seed6,mlp_qmix,coord_grid,6,1939,48500,62.0,25,0.6160495833333333,6.417472620805104,60.25008074442545,40.01799037499586
mlp_qmix__N16__ring__seed6,mlp_qmix,coord_grid,6,1940,48525,58.0,25,0.6158516666666667,6.798735593046461,76.51177052089146,40.040786166035105
mlp_qmix__N16__ring__seed6,mlp_qmix,coord_grid,6,1941,48550,39.0,25,0.61565375,2.9695901225010553,59.90291849772135,40.06070941599319
mlp_qmix__N16__ring__seed6,mlp_qmix,coord_grid,6,1942,48575,29.0,25,0.6154558333333333,7.242626706759135,62.9952065149943,40.080698665988166
mlp_qmix__N16__ring__seed6,mlp_qmix,coord_grid,6,1943,48600,33.0,25,0.6152579166666667,2.5059897204240165,24.357861518859863,40.10066304099746
mlp_qmix__N16__ring__seed6,mlp_qmix,coord_grid,6,1944,48625,43.0,25,0.6150599999999999,2.6656301958220348,28.104535784040177,40.12709366600029
mlp_qmix__N16__ring__seed6,mlp_qmix,coord_grid,6,1945,48650,32.0,25,0.6148620833333334,3.42590594291687,52.8160605430603,40.14783133298624
mlp_qmix__N16__ring__seed6,mlp_qmix,coord_grid,6,1946,48675,41.0,25,0.6146641666666667,5.417699744304021,21.11367193857829,40.16798870800994
mlp_qmix__N16__ring__seed6,mlp_qmix,coord_grid,6,1947,48700,49.0,25,0.61446625,4.83906102180481,38.40944274266561,40.188573500025086
mlp_qmix__N16__ring__seed6,mlp_qmix,coord_grid,6,1948,48725,26.0,25,0.6142683333333333,3.1322062526430403,51.7899284362793,40.21095862501534
mlp_qmix__N16__ring__seed6,mlp_qmix,coord_grid,6,1949,48750,58.0,25,0.6140704166666666,6.152867307265599,54.29636828104655,40.230674666003324
mlp_qmix__N16__ring__seed6,mlp_qmix,coord_grid,6,1950,48775,46.0,25,0.6138725,2.0196568767229715,60.58065605163574,40.25090670801001
mlp_qmix__N16__ring__seed6,mlp_qmix,coord_grid,6,1951,48800,48.0,25,0.6136745833333334,2.4316197435061135,53.428881327311196,40.27215020800941
mlp_qmix__N16__ring__seed6,mlp_qmix,coord_grid,6,1952,48825,47.0,25,0.6134766666666667,6.056866305215018,62.05690738133022,40.294641125015914
mlp_qmix__N16__ring__seed6,mlp_qmix,coord_grid,6,1953,48850,34.0,25,0.61327875,4.565954878926277,76.47847652435303,40.31436612503603
mlp_qmix__N16__ring__seed6,mlp_qmix,coord_grid,6,1954,48875,19.0,25,0.6130808333333333,1.9318774590889614,31.58097251256307,40.334321000031196
mlp_qmix__N16__ring__seed6,mlp_qmix,coord_grid,6,1955,48900,36.0,25,0.6128829166666667,3.833658496538798,29.382638295491535,40.35540724999737
mlp_qmix__N16__ring__seed6,mlp_qmix,coord_grid,6,1956,48925,35.0,25,0.612685,4.659208059310913,49.851971762520925,40.37809125002241
mlp_qmix__N16__ring__seed6,mlp_qmix,coord_grid,6,1957,48950,35.0,25,0.6124870833333333,3.5620641907056174,58.76903216044108,40.39805449999403
mlp_qmix__N16__ring__seed6,mlp_qmix,coord_grid,6,1958,48975,27.0,25,0.6122891666666667,2.1546151638031006,75.13956705729167,40.41827916598413
mlp_qmix__N16__ring__seed6,mlp_qmix,coord_grid,6,1959,49000,25.0,25,0.61209125,3.064231793085734,54.89079078038534,40.43844450003235
mlp_qmix__N16__ring__seed6,mlp_qmix,coord_grid,6,1960,49025,29.0,25,0.6118933333333334,4.772011612142835,102.62579999651227,40.46086575003574
mlp_qmix__N16__ring__seed6,mlp_qmix,coord_grid,6,1961,49050,44.0,25,0.6116954166666666,6.4073646068573,63.81535943349203,40.480958957981784
mlp_qmix__N16__ring__seed6,mlp_qmix,coord_grid,6,1962,49075,43.0,25,0.6114975,3.7514909505844116,98.73581059773763,40.50137412501499
mlp_qmix__N16__ring__seed6,mlp_qmix,coord_grid,6,1963,49100,43.0,25,0.6112995833333333,4.2613606452941895,101.49026870727539,40.521043208020274
mlp_qmix__N16__ring__seed6,mlp_qmix,coord_grid,6,1964,49125,36.0,25,0.6111016666666667,5.116636710507529,101.61147172110421,40.54363920801552
mlp_qmix__N16__ring__seed6,mlp_qmix,coord_grid,6,1965,49150,39.0,25,0.6109037500000001,2.029427483677864,62.743452866872154,40.56274987501092
mlp_qmix__N16__ring__seed6,mlp_qmix,coord_grid,6,1966,49175,37.0,25,0.6107058333333333,3.9355915089448295,49.990462144215904,40.5828965830151
mlp_qmix__N16__ring__seed6,mlp_qmix,coord_grid,6,1967,49200,42.0,25,0.6105079166666667,3.0083343784014382,40.93116760253906,40.603603833005764
mlp_qmix__N16__ring__seed6,mlp_qmix,coord_grid,6,1968,49225,35.0,25,0.61031,3.942546316555568,48.26620742252895,40.62628766603302
mlp_qmix__N16__ring__seed6,mlp_qmix,coord_grid,6,1969,49250,48.0,25,0.6101120833333333,6.350115577379863,59.657952626546226,40.64623200002825
mlp_qmix__N16__ring__seed6,mlp_qmix,coord_grid,6,1970,49275,50.0,25,0.6099141666666666,6.404944539070129,48.03901926676432,40.665932665986475
mlp_qmix__N16__ring__seed6,mlp_qmix,coord_grid,6,1971,49300,48.0,25,0.60971625,4.193275183439255,77.47152773539226,40.68603995803278
mlp_qmix__N16__ring__seed6,mlp_qmix,coord_grid,6,1972,49325,38.0,25,0.6095183333333334,5.004548140934536,97.81991577148438,40.708579541009385
mlp_qmix__N16__ring__seed6,mlp_qmix,coord_grid,6,1973,49350,42.0,25,0.6093204166666667,2.5657252371311188,52.13099606831869,40.72853504103841
mlp_qmix__N16__ring__seed6,mlp_qmix,coord_grid,6,1974,49375,59.0,25,0.6091225,4.912648677825928,45.33751201629639,40.74850937502924
mlp_qmix__N16__ring__seed6,mlp_qmix,coord_grid,6,1975,49400,41.0,25,0.6089245833333333,5.947771191596985,49.53789107004801,40.7693735830253
mlp_qmix__N16__ring__seed6,mlp_qmix,coord_grid,6,1976,49425,42.0,25,0.6087266666666666,4.376967174666269,118.9503538949149,40.792101500032004
mlp_qmix__N16__ring__seed6,mlp_qmix,coord_grid,6,1977,49450,46.0,25,0.6085287500000001,5.71597174803416,102.72424062093098,40.81246429099701
mlp_qmix__N16__ring__seed6,mlp_qmix,coord_grid,6,1978,49475,47.0,25,0.6083308333333334,5.476384838422139,45.399855295817055,40.83300962502835
mlp_qmix__N16__ring__seed6,mlp_qmix,coord_grid,6,1979,49500,43.0,25,0.6081329166666667,4.468119700749715,55.13890552520752,40.853353666025214
mlp_qmix__N16__ring__seed6,mlp_qmix,coord_grid,6,1980,49525,38.0,25,0.607935,2.997967324086598,36.87741034371512,40.87567149999086
mlp_qmix__N16__ring__seed6,mlp_qmix,coord_grid,6,1981,49550,52.0,25,0.6077370833333333,4.8922145764033,58.4297981262207,40.89567562501179
mlp_qmix__N16__ring__seed6,mlp_qmix,coord_grid,6,1982,49575,57.0,25,0.6075391666666667,3.9875933031241098,47.27300993601481,40.91539937502239
mlp_qmix__N16__ring__seed6,mlp_qmix,coord_grid,6,1983,49600,37.0,25,0.6073412499999999,3.9389379223187766,55.87652715047201,40.93533591600135
mlp_qmix__N16__ring__seed6,mlp_qmix,coord_grid,6,1984,49625,30.0,25,0.6071433333333334,3.9500023211751665,49.71544565473284,40.9581616250216
mlp_qmix__N16__ring__seed6,mlp_qmix,coord_grid,6,1985,49650,60.0,25,0.6069454166666667,2.9359144071737924,40.25278568267822,40.978169374982826
mlp_qmix__N16__ring__seed6,mlp_qmix,coord_grid,6,1986,49675,44.0,25,0.6067475,4.8656390607357025,34.80569044748942,40.998402458033524
mlp_qmix__N16__ring__seed6,mlp_qmix,coord_grid,6,1987,49700,54.0,25,0.6065495833333333,2.9816811780134835,51.3088051478068,41.018203250016086
mlp_qmix__N16__ring__seed6,mlp_qmix,coord_grid,6,1988,49725,53.0,25,0.6063516666666666,7.059089013508388,31.833269936697825,41.04059841600247
mlp_qmix__N16__ring__seed6,mlp_qmix,coord_grid,6,1989,49750,44.0,25,0.60615375,3.1861052016417184,78.79302597045898,41.06160950002959
mlp_qmix__N16__ring__seed6,mlp_qmix,coord_grid,6,1990,49775,33.0,25,0.6059558333333334,2.552647113800049,64.60735003153484,41.08128366601886
mlp_qmix__N16__ring__seed6,mlp_qmix,coord_grid,6,1991,49800,43.0,25,0.6057579166666667,5.050370176633199,72.91989707946777,41.1015163330012
mlp_qmix__N16__ring__seed6,mlp_qmix,coord_grid,6,1992,49825,42.0,25,0.60556,4.897313875811441,144.91958454677038,41.12380458298139
mlp_qmix__N16__ring__seed6,mlp_qmix,coord_grid,6,1993,49850,39.0,25,0.6053620833333333,6.118508189916611,130.4051742553711,41.143591041036416
mlp_qmix__N16__ring__seed6,mlp_qmix,coord_grid,6,1994,49875,44.0,25,0.6051641666666667,6.556473950544993,119.3467903137207,41.16357220802456
mlp_qmix__N16__ring__seed6,mlp_qmix,coord_grid,6,1995,49900,38.0,25,0.60496625,4.279508729775746,134.0869623819987,41.18345245800447
mlp_qmix__N16__ring__seed6,mlp_qmix,coord_grid,6,1996,49925,51.0,25,0.6047683333333334,3.010793890271868,107.45106615339007,41.205626416020095
mlp_qmix__N16__ring__seed6,mlp_qmix,coord_grid,6,1997,49950,48.0,25,0.6045704166666667,6.080064495404561,45.699905236562095,41.225875540985726
mlp_qmix__N16__ring__seed6,mlp_qmix,coord_grid,6,1998,49975,56.0,25,0.6043725,4.071711897850037,23.79197899500529,41.24543291598093
mlp_qmix__N16__ring__seed6,mlp_qmix,coord_grid,6,1999,50000,35.0,25,0.6041745833333334,3.5443937679131827,38.41769822438558,41.265792999998666
mlp_qmix__N16__ring__seed6,mlp_qmix,coord_grid,6,2000,50025,50.0,25,0.6039766666666666,6.142516417162759,20.478920936584473,41.28923333302373
mlp_qmix__N16__ring__seed6,mlp_qmix,coord_grid,6,2001,50050,51.0,25,0.60377875,4.652616550525029,47.885955810546875,41.30939033301547
mlp_qmix__N16__ring__seed6,mlp_qmix,coord_grid,6,2002,50075,38.0,25,0.6035808333333333,6.060199687878291,38.87552801767985,41.32962245802628
mlp_qmix__N16__ring__seed6,mlp_qmix,coord_grid,6,2003,50100,48.0,25,0.6033829166666667,4.011924157540004,23.82927354176839,41.34902520803735
mlp_qmix__N16__ring__seed6,mlp_qmix,coord_grid,6,2004,50125,42.0,25,0.6031850000000001,5.367537600653512,42.09893812452044,41.37168087501777
mlp_qmix__N16__ring__seed6,mlp_qmix,coord_grid,6,2005,50150,52.0,25,0.6029870833333333,3.061976283788681,39.175790786743164,41.39182887499919
mlp_qmix__N16__ring__seed6,mlp_qmix,coord_grid,6,2006,50175,41.0,25,0.6027891666666667,4.149768978357315,42.9807562828064,41.41185941599542
mlp_qmix__N16__ring__seed6,mlp_qmix,coord_grid,6,2007,50200,49.0,25,0.60259125,5.568867643674214,33.81150515874227,41.43203466600971
mlp_qmix__N16__ring__seed6,mlp_qmix,coord_grid,6,2008,50225,63.0,25,0.6023933333333333,3.561620329107557,34.47838033948626,41.45537216600496
mlp_qmix__N16__ring__seed6,mlp_qmix,coord_grid,6,2009,50250,45.0,25,0.6021954166666666,4.084911545117696,45.4314538637797,41.47559520800132
mlp_qmix__N16__ring__seed6,mlp_qmix,coord_grid,6,2010,50275,49.0,25,0.6019975,4.110247264305751,73.79403400421143,41.4958882079809
mlp_qmix__N16__ring__seed6,mlp_qmix,coord_grid,6,2011,50300,48.0,25,0.6017995833333334,5.709348877271016,63.09741814931234,41.515942625002936
mlp_qmix__N16__ring__seed6,mlp_qmix,coord_grid,6,2012,50325,46.0,25,0.6016016666666667,4.392114503043039,45.94442067827497,41.538133374997415
mlp_qmix__N16__ring__seed6,mlp_qmix,coord_grid,6,2013,50350,40.0,25,0.60140375,4.274807582298915,65.01593557993571,41.558071250037756
mlp_qmix__N16__ring__seed6,mlp_qmix,coord_grid,6,2014,50375,39.0,25,0.6012058333333333,4.054168512423833,24.948002338409424,41.57797604100779
mlp_qmix__N16__ring__seed6,mlp_qmix,coord_grid,6,2015,50400,61.0,25,0.6010079166666666,4.5228312611579895,36.961165269215904,41.59788687498076
mlp_qmix__N16__ring__seed6,mlp_qmix,coord_grid,6,2016,50425,36.0,25,0.6008100000000001,3.6278862357139587,60.99208641052246,41.62175962503534
mlp_qmix__N16__ring__seed6,mlp_qmix,coord_grid,6,2017,50450,48.0,25,0.6006120833333334,3.5545364121596017,47.322882493337,41.641889916034415
mlp_qmix__N16__ring__seed6,mlp_qmix,coord_grid,6,2018,50475,50.0,25,0.6004141666666667,6.0371222496032715,28.759440581003826,41.663092875038274
mlp_qmix__N16__ring__seed6,mlp_qmix,coord_grid,6,2019,50500,36.0,25,0.60021625,2.0539297262827554,54.75618441899618,41.683083624986466
mlp_qmix__N16__ring__seed6,mlp_qmix,coord_grid,6,2020,50525,52.0,25,0.6000183333333333,5.365422742707389,37.87415191105434,41.70518654101761
mlp_qmix__N16__ring__seed6,mlp_qmix,coord_grid,6,2021,50550,48.0,25,0.5998204166666667,4.143524299065272,43.827430725097656,41.725283250038046
mlp_qmix__N16__ring__seed6,mlp_qmix,coord_grid,6,2022,50575,55.0,25,0.5996225,3.6344209909439087,57.41153907775879,41.74608408298809
mlp_qmix__N16__ring__seed6,mlp_qmix,coord_grid,6,2023,50600,42.0,25,0.5994245833333334,2.6960911750793457,66.71988042195638,41.76678854099009
mlp_qmix__N16__ring__seed6,mlp_qmix,coord_grid,6,2024,50625,30.0,25,0.5992266666666667,8.603826318468366,151.02544512067522,41.78887912502978
mlp_qmix__N16__ring__seed6,mlp_qmix,coord_grid,6,2025,50650,54.0,25,0.59902875,4.390844345092773,128.11476834615073,41.808837125019636
mlp_qmix__N16__ring__seed6,mlp_qmix,coord_grid,6,2026,50675,50.0,25,0.5988308333333334,4.2400670647621155,117.21072260538737,41.828641541011166
mlp_qmix__N16__ring__seed6,mlp_qmix,coord_grid,6,2027,50700,53.0,25,0.5986329166666666,7.027840703725815,78.39616473515828,41.84866716602119
mlp_qmix__N16__ring__seed6,mlp_qmix,coord_grid,6,2028,50725,33.0,25,0.598435,5.553854550634112,68.657548223223,41.87117841601139
mlp_qmix__N16__ring__seed6,mlp_qmix,coord_grid,6,2029,50750,36.0,25,0.5982370833333334,4.322318782409032,66.93470891316731,41.89113137498498
mlp_qmix__N16__ring__seed6,mlp_qmix,coord_grid,6,2030,50775,37.0,25,0.5980391666666667,4.351562102635701,67.49332173665364,41.91147591598565
mlp_qmix__N16__ring__seed6,mlp_qmix,coord_grid,6,2031,50800,45.0,25,0.59784125,4.189407596985499,35.306017557779946,41.93138045800151
mlp_qmix__N16__ring__seed6,mlp_qmix,coord_grid,6,2032,50825,50.0,25,0.5976433333333333,4.917851669447763,40.16965920584543,41.95388908300083
mlp_qmix__N16__ring__seed6,mlp_qmix,coord_grid,6,2033,50850,52.0,25,0.5974454166666667,4.5757779975732165,39.67543093363444,41.97375025000656
mlp_qmix__N16__ring__seed6,mlp_qmix,coord_grid,6,2034,50875,57.0,25,0.5972475,3.7554211815198264,54.64927005767822,41.9935843750136
mlp_qmix__N16__ring__seed6,mlp_qmix,coord_grid,6,2035,50900,40.0,25,0.5970495833333334,4.246726314226787,56.33852767944336,42.013335666037165
mlp_qmix__N16__ring__seed6,mlp_qmix,coord_grid,6,2036,50925,36.0,25,0.5968516666666667,6.412150485174997,68.43786375863212,42.03524800000014
mlp_qmix__N16__ring__seed6,mlp_qmix,coord_grid,6,2037,50950,32.0,25,0.59665375,4.178451657295227,33.27555990219116,42.056354957981966
mlp_qmix__N16__ring__seed6,mlp_qmix,coord_grid,6,2038,50975,40.0,25,0.5964558333333334,5.8542871077855425,51.87955697377523,42.076565750001464
mlp_qmix__N16__ring__seed6,mlp_qmix,coord_grid,6,2039,51000,32.0,25,0.5962579166666667,2.6057711640993753,22.224773089090984,42.096641707990784
mlp_qmix__N16__ring__seed6,mlp_qmix,coord_grid,6,2040,51025,36.0,25,0.59606,3.7891626996653422,60.39093235560826,42.11937508301344
mlp_qmix__N16__ring__seed6,mlp_qmix,coord_grid,6,2041,51050,44.0,25,0.5958620833333333,4.625401775042216,113.48806699117024,42.1393060410046
mlp_qmix__N16__ring__seed6,mlp_qmix,coord_grid,6,2042,51075,40.0,25,0.5956641666666667,5.069232126077016,108.69584401448567,42.15917724999599
mlp_qmix__N16__ring__seed6,mlp_qmix,coord_grid,6,2043,51100,44.0,25,0.5954662500000001,8.069580316543579,106.10033925374348,42.17895812500501
mlp_qmix__N16__ring__seed6,mlp_qmix,coord_grid,6,2044,51125,34.0,25,0.5952683333333333,3.2488991788455417,62.499760491507395,42.2028254159959
mlp_qmix__N16__ring__seed6,mlp_qmix,coord_grid,6,2045,51150,54.0,25,0.5950704166666667,6.710123101870219,27.363641421000164,42.222985375032295
mlp_qmix__N16__ring__seed6,mlp_qmix,coord_grid,6,2046,51175,46.0,25,0.5948725,4.152142037947972,46.4389967918396,42.242761875037104
mlp_qmix__N16__ring__seed6,mlp_qmix,coord_grid,6,2047,51200,42.0,25,0.5946745833333333,5.783601502577464,34.1610213915507,42.26279250002699
mlp_qmix__N16__ring__seed6,mlp_qmix,coord_grid,6,2048,51225,37.0,25,0.5944766666666667,6.227257975510189,34.06873253413609,42.288522624992765
mlp_qmix__N16__ring__seed6,mlp_qmix,coord_grid,6,2049,51250,41.0,25,0.59427875,5.64184574286143,26.129225571950276,42.31229400000302
mlp_qmix__N16__ring__seed6,mlp_qmix,coord_grid,6,2050,51275,49.0,25,0.5940808333333334,3.749658614397049,18.903188228607178,42.33249383303337
mlp_qmix__N16__ring__seed6,mlp_qmix,coord_grid,6,2051,51300,39.0,25,0.5938829166666667,6.767615924278895,58.198391914367676,42.35268108302262
mlp_qmix__N16__ring__seed6,mlp_qmix,coord_grid,6,2052,51325,45.0,25,0.593685,7.586674213409424,81.99069786071777,42.375354290998075
mlp_qmix__N16__ring__seed6,mlp_qmix,coord_grid,6,2053,51350,60.0,25,0.5934870833333333,4.733237077792485,54.19916613896688,42.39506833301857
mlp_qmix__N16__ring__seed6,mlp_qmix,coord_grid,6,2054,51375,56.0,25,0.5932891666666666,4.4729583859443665,99.87542152404785,42.41541895800037
mlp_qmix__N16__ring__seed6,mlp_qmix,coord_grid,6,2055,51400,38.0,25,0.5930912500000001,8.770646731058756,104.99764760335286,42.4359752080054
mlp_qmix__N16__ring__seed6,mlp_qmix,coord_grid,6,2056,51425,57.0,25,0.5928933333333334,4.799174095903124,121.68597630092076,42.4586141660111
mlp_qmix__N16__ring__seed6,mlp_qmix,coord_grid,6,2057,51450,48.0,25,0.5926954166666667,6.26322873433431,87.96627648671468,42.47900437499629
mlp_qmix__N16__ring__seed6,mlp_qmix,coord_grid,6,2058,51475,39.0,25,0.5924975,4.0140520632267,83.07794666290283,42.49883716600016
mlp_qmix__N16__ring__seed6,mlp_qmix,coord_grid,6,2059,51500,61.0,25,0.5922995833333333,4.3524632553259535,31.43190924326579,42.51889962499263
mlp_qmix__N16__ring__seed6,mlp_qmix,coord_grid,6,2060,51525,53.0,25,0.5921016666666667,3.8974903651646207,49.85337366376604,42.541016291012056
mlp_qmix__N16__ring__seed6,mlp_qmix,coord_grid,6,2061,51550,44.0,25,0.59190375,6.572629332542419,62.202062924702965,42.56133066600887
mlp_qmix__N16__ring__seed6,mlp_qmix,coord_grid,6,2062,51575,43.0,25,0.5917058333333334,3.393240585923195,87.15541203816731,42.581560541002546
mlp_qmix__N16__ring__seed6,mlp_qmix,coord_grid,6,2063,51600,56.0,25,0.5915079166666667,4.369883060455322,59.83808835347494,42.6017816659878
mlp_qmix__N16__ring__seed6,mlp_qmix,coord_grid,6,2064,51625,50.0,25,0.59131,4.251182573182242,49.92225973946707,42.624186208005995
mlp_qmix__N16__ring__seed6,mlp_qmix,coord_grid,6,2065,51650,44.0,25,0.5911120833333334,4.921394437551498,36.74831453959147,42.64435775001766
mlp_qmix__N16__ring__seed6,mlp_qmix,coord_grid,6,2066,51675,42.0,25,0.5909141666666666,3.8544707794984183,26.245359420776367,42.66439091600478
mlp_qmix__N16__ring__seed6,mlp_qmix,coord_grid,6,2067,51700,32.0,25,0.59071625,5.413160810867946,26.821827093760174,42.68422900000587
mlp_qmix__N16__ring__seed6,mlp_qmix,coord_grid,6,2068,51725,37.0,25,0.5905183333333334,4.351235508918762,67.98215348379952,42.70654754101997
mlp_qmix__N16__ring__seed6,mlp_qmix,coord_grid,6,2069,51750,52.0,25,0.5903204166666667,5.5068226257960005,42.32687282562256,42.726517375034746
mlp_qmix__N16__ring__seed6,mlp_qmix,coord_grid,6,2070,51775,43.0,25,0.5901225,5.0171124736468,61.07525602976481,42.746382375014946
mlp_qmix__N16__ring__seed6,mlp_qmix,coord_grid,6,2071,51800,63.0,25,0.5899245833333333,5.58964083592097,54.5845111211141,42.76673033303814
mlp_qmix__N16__ring__seed6,mlp_qmix,coord_grid,6,2072,51825,37.0,25,0.5897266666666667,4.802745274135044,84.77158750806537,42.78966104099527
mlp_qmix__N16__ring__seed6,mlp_qmix,coord_grid,6,2073,51850,44.0,25,0.58952875,6.384439865748088,160.61498006184897,42.80990004102932
mlp_qmix__N16__ring__seed6,mlp_qmix,coord_grid,6,2074,51875,48.0,25,0.5893308333333334,5.4610044956207275,128.5362180074056,42.830417249992024
mlp_qmix__N16__ring__seed6,mlp_qmix,coord_grid,6,2075,51900,36.0,25,0.5891329166666667,5.371228178342183,125.70514996846516,42.85018929099897
mlp_qmix__N16__ring__seed6,mlp_qmix,coord_grid,6,2076,51925,57.0,25,0.588935,5.417383534567697,129.7385586329869,42.87286025000503
mlp_qmix__N16__ring__seed6,mlp_qmix,coord_grid,6,2077,51950,42.0,25,0.5887370833333334,5.4394707679748535,110.64909331003825,42.89290716598043
mlp_qmix__N16__ring__seed6,mlp_qmix,coord_grid,6,2078,51975,48.0,25,0.5885391666666667,7.2474201917648315,128.67643864949545,42.91285125003196
mlp_qmix__N16__ring__seed6,mlp_qmix,coord_grid,6,2079,52000,47.0,25,0.58834125,9.285560886065165,133.45848337809244,42.932780665985774
mlp_qmix__N16__ring__seed6,mlp_qmix,coord_grid,6,2080,52025,58.0,25,0.5881433333333334,5.808215192386082,136.2554473876953,42.955298500019126
mlp_qmix__N16__ring__seed6,mlp_qmix,coord_grid,6,2081,52050,50.0,25,0.5879454166666667,3.9750730196634927,129.60843086242676,42.97530849999748
mlp_qmix__N16__ring__seed6,mlp_qmix,coord_grid,6,2082,52075,72.0,25,0.5877475000000001,6.698637147744496,136.37853813171387,42.99528666603146
mlp_qmix__N16__ring__seed6,mlp_qmix,coord_grid,6,2083,52100,69.0,25,0.5875495833333333,4.377742320299149,117.10486761728923,43.015024000022095
mlp_qmix__N16__ring__seed6,mlp_qmix,coord_grid,6,2084,52125,37.0,25,0.5873516666666667,5.06027090549469,91.25429207938058,43.03761541598942
mlp_qmix__N16__ring__seed6,mlp_qmix,coord_grid,6,2085,52150,47.0,25,0.58715375,4.47278904914856,50.637606143951416,43.05750883300789
mlp_qmix__N16__ring__seed6,mlp_qmix,coord_grid,6,2086,52175,65.0,25,0.5869558333333333,6.876788874467214,95.32274754842122,43.077338416012935
mlp_qmix__N16__ring__seed6,mlp_qmix,coord_grid,6,2087,52200,37.0,25,0.5867579166666668,1.8908913532892864,82.52010122934978,43.09729070798494
mlp_qmix__N16__ring__seed6,mlp_qmix,coord_grid,6,2088,52225,47.0,25,0.58656,8.376859188079834,131.20457567487443,43.11943775002146
mlp_qmix__N16__ring__seed6,mlp_qmix,coord_grid,6,2089,52250,46.0,25,0.5863620833333334,4.743004123369853,102.90587743123372,43.13938308303477
mlp_qmix__N16__ring__seed6,mlp_qmix,coord_grid,6,2090,52275,53.0,25,0.5861641666666667,4.308354864517848,104.56696701049805,43.15939241601154
mlp_qmix__N16__ring__seed6,mlp_qmix,coord_grid,6,2091,52300,55.0,25,0.58596625,6.282477557659149,86.87606684366862,43.179649291036185
mlp_qmix__N16__ring__seed6,mlp_qmix,coord_grid,6,2092,52325,50.0,25,0.5857683333333333,5.664950830595834,46.33078384399414,43.20162258303026
mlp_qmix__N16__ring__seed6,mlp_qmix,coord_grid,6,2093,52350,47.0,25,0.5855704166666666,4.964840829372406,56.464539527893066,43.22160383302253
mlp_qmix__N16__ring__seed6,mlp_qmix,coord_grid,6,2094,52375,42.0,25,0.5853725000000001,5.011974612871806,54.309423764546715,43.24161741603166
mlp_qmix__N16__ring__seed6,mlp_qmix,coord_grid,6,2095,52400,47.0,25,0.5851745833333334,3.3928608894348145,53.113843282063804,43.261999832990114
mlp_qmix__N16__ring__seed6,mlp_qmix,coord_grid,6,2096,52425,60.0,25,0.5849766666666667,4.361775755882263,35.27947725568499,43.284962332982104
mlp_qmix__N16__ring__seed6,mlp_qmix,coord_grid,6,2097,52450,50.0,25,0.58477875,3.8095693588256836,41.04213809967041,43.30517599999439
mlp_qmix__N16__ring__seed6,mlp_qmix,coord_grid,6,2098,52475,51.0,25,0.5845808333333333,5.57586407661438,42.44126113255819,43.324967208027374
mlp_qmix__N16__ring__seed6,mlp_qmix,coord_grid,6,2099,52500,59.0,25,0.5843829166666668,6.517917300264041,49.478390534718834,43.34469304099912
mlp_qmix__N16__ring__seed6,mlp_qmix,coord_grid,6,2100,52525,36.0,25,0.5841850000000001,5.056897120816367,87.68993813650948,43.36686233303044
mlp_qmix__N16__ring__seed6,mlp_qmix,coord_grid,6,2101,52550,82.0,25,0.5839870833333334,4.936800350745519,73.56763458251953,43.386513916018885
mlp_qmix__N16__ring__seed6,mlp_qmix,coord_grid,6,2102,52575,47.0,25,0.5837891666666667,4.497925857702891,69.708909034729,43.406492415990215
mlp_qmix__N16__ring__seed6,mlp_qmix,coord_grid,6,2103,52600,43.0,25,0.58359125,3.5407086610794067,92.58018557230632,43.42607470799703
mlp_qmix__N16__ring__seed6,mlp_qmix,coord_grid,6,2104,52625,63.0,25,0.5833933333333334,6.284938769681113,50.59862722669329,43.448701124987565
mlp_qmix__N16__ring__seed6,mlp_qmix,coord_grid,6,2105,52650,51.0,25,0.5831954166666666,7.626608222723007,40.080726305643715,43.469261958030984
mlp_qmix__N16__ring__seed6,mlp_qmix,coord_grid,6,2106,52675,52.0,25,0.5829975000000001,3.5242503782113395,103.02444283167522,43.489147207990754
mlp_qmix__N16__ring__seed6,mlp_qmix,coord_grid,6,2107,52700,39.0,25,0.5827995833333334,3.4346058468023934,81.28628921508789,43.509057666000444
mlp_qmix__N16__ring__seed6,mlp_qmix,coord_grid,6,2108,52725,50.0,25,0.5826016666666667,4.493189479623522,85.25688253130231,43.531948083022144
mlp_qmix__N16__ring__seed6,mlp_qmix,coord_grid,6,2109,52750,66.0,25,0.5824037500000001,4.427169253428777,81.15946197509766,43.5518226660206
mlp_qmix__N16__ring__seed6,mlp_qmix,coord_grid,6,2110,52775,56.0,25,0.5822058333333333,6.7018178304036455,91.60029856363933,43.57167970802402
mlp_qmix__N16__ring__seed6,mlp_qmix,coord_grid,6,2111,52800,34.0,25,0.5820079166666667,5.608392934004466,75.35520871480306,43.59122000000207
mlp_qmix__N16__ring__seed6,mlp_qmix,coord_grid,6,2112,52825,45.0,25,0.58181,4.873924400125231,88.56347547258649,43.61335054098163
mlp_qmix__N16__ring__seed6,mlp_qmix,coord_grid,6,2113,52850,53.0,25,0.5816120833333334,9.43871819972992,72.1443322499593,43.63411633303622
mlp_qmix__N16__ring__seed6,mlp_qmix,coord_grid,6,2114,52875,49.0,25,0.5814141666666667,4.937768558661143,62.14484643936157,43.654632916033734
mlp_qmix__N16__ring__seed6,mlp_qmix,coord_grid,6,2115,52900,58.0,25,0.58121625,4.359853287537892,37.877008279164635,43.67447745800018
mlp_qmix__N16__ring__seed6,mlp_qmix,coord_grid,6,2116,52925,43.0,25,0.5810183333333334,4.861297735146114,64.56317315782819,43.696693083038554
mlp_qmix__N16__ring__seed6,mlp_qmix,coord_grid,6,2117,52950,41.0,25,0.5808204166666667,6.917157371838887,94.6464392344157,43.71652275003726
mlp_qmix__N16__ring__seed6,mlp_qmix,coord_grid,6,2118,52975,49.0,25,0.5806225,5.5017465353012085,125.79626719156902,43.73595495801419
mlp_qmix__N16__ring__seed6,mlp_qmix,coord_grid,6,2119,53000,47.0,25,0.5804245833333334,4.176147182782491,118.23797543843587,43.75591812498169
mlp_qmix__N16__ring__seed6,mlp_qmix,coord_grid,6,2120,53025,40.0,25,0.5802266666666667,6.604148966925485,145.5484104156494,43.77852791600162
mlp_qmix__N16__ring__seed6,mlp_qmix,coord_grid,6,2121,53050,80.0,25,0.5800287500000001,6.396100302537282,135.25650533040366,43.79834358301014
mlp_qmix__N16__ring__seed6,mlp_qmix,coord_grid,6,2122,53075,51.0,25,0.5798308333333334,4.71300341685613,142.80463473002115,43.81808562501101
mlp_qmix__N16__ring__seed6,mlp_qmix,coord_grid,6,2123,53100,61.0,25,0.5796329166666667,4.584682146708171,135.13483158747354,43.83834408299299
mlp_qmix__N16__ring__seed6,mlp_qmix,coord_grid,6,2124,53125,44.0,25,0.579435,5.516696333885193,129.11462484087264,43.860678250028286
mlp_qmix__N16__ring__seed6,mlp_qmix,coord_grid,6,2125,53150,41.0,25,0.5792370833333333,6.572191437085469,88.0514391263326,43.88087475002976
mlp_qmix__N16__ring__seed6,mlp_qmix,coord_grid,6,2126,53175,58.0,25,0.5790391666666668,4.253977408011754,100.43110275268555,43.90064495801926
mlp_qmix__N16__ring__seed6,mlp_qmix,coord_grid,6,2127,53200,43.0,25,0.57884125,5.265580902496974,62.440351804097496,43.92075250000926
mlp_qmix__N16__ring__seed6,mlp_qmix,coord_grid,6,2128,53225,45.0,25,0.5786433333333334,5.220815513815198,92.50678198678153,43.94311483303318
mlp_qmix__N16__ring__seed6,mlp_qmix,coord_grid,6,2129,53250,51.0,25,0.5784454166666667,5.556425680716832,124.49848747253418,43.96331129100872
mlp_qmix__N16__ring__seed6,mlp_qmix,coord_grid,6,2130,53275,35.0,25,0.5782475,5.837344606717427,93.19292338689168,43.98390858300263
mlp_qmix__N16__ring__seed6,mlp_qmix,coord_grid,6,2131,53300,56.0,25,0.5780495833333333,5.291132857402165,85.41339429219563,44.00385691598058
mlp_qmix__N16__ring__seed6,mlp_qmix,coord_grid,6,2132,53325,57.0,25,0.5778516666666667,6.125083991459438,93.27232633318219,44.02623245801078
mlp_qmix__N16__ring__seed6,mlp_qmix,coord_grid,6,2133,53350,42.0,25,0.5776537500000001,4.633588214715322,71.91753196716309,44.04641591600375
mlp_qmix__N16__ring__seed6,mlp_qmix,coord_grid,6,2134,53375,38.0,25,0.5774558333333334,4.7479998370011645,79.25766626993816,44.066172250022646
mlp_qmix__N16__ring__seed6,mlp_qmix,coord_grid,6,2135,53400,52.0,25,0.5772579166666667,7.301306833823522,28.77995189030965,44.08606437500566
mlp_qmix__N16__ring__seed6,mlp_qmix,coord_grid,6,2136,53425,51.0,25,0.57706,6.029651863234384,49.2054203578404,44.10863262502244
mlp_qmix__N16__ring__seed6,mlp_qmix,coord_grid,6,2137,53450,59.0,25,0.5768620833333333,4.609530280033748,57.49783484141032,44.12848033301998
mlp_qmix__N16__ring__seed6,mlp_qmix,coord_grid,6,2138,53475,54.0,25,0.5766641666666668,6.053328375021617,102.15641085306804,44.14824624999892
mlp_qmix__N16__ring__seed6,mlp_qmix,coord_grid,6,2139,53500,48.0,25,0.57646625,5.680630683898926,124.0424297650655,44.16807008301839
mlp_qmix__N16__ring__seed6,mlp_qmix,coord_grid,6,2140,53525,40.0,25,0.5762683333333334,2.5927571058273315,140.21497344970703,44.19051404099446
mlp_qmix__N16__ring__seed6,mlp_qmix,coord_grid,6,2141,53550,40.0,25,0.5760704166666667,3.868762642145157,118.44181442260742,44.210401291027665
mlp_qmix__N16__ring__seed6,mlp_qmix,coord_grid,6,2142,53575,45.0,25,0.5758725,5.134870767593384,70.45688199996948,44.2304409579956
mlp_qmix__N16__ring__seed6,mlp_qmix,coord_grid,6,2143,53600,50.0,25,0.5756745833333334,3.757229447364807,104.8757095336914,44.2505487499875
mlp_qmix__N16__ring__seed6,mlp_qmix,coord_grid,6,2144,53625,38.0,25,0.5754766666666666,4.460516367639814,47.843404224940706,44.27289879100863
mlp_qmix__N16__ring__seed6,mlp_qmix,coord_grid,6,2145,53650,39.0,25,0.5752787500000001,6.205923438072205,65.07624053955078,44.29456191603094
mlp_qmix__N16__ring__seed6,mlp_qmix,coord_grid,6,2146,53675,50.0,25,0.5750808333333334,3.430202772219976,37.11078643798828,44.31455933302641
mlp_qmix__N16__ring__seed6,mlp_qmix,coord_grid,6,2147,53700,54.0,25,0.5748829166666667,5.199888755877812,45.37508646647135,44.334347458032425
mlp_qmix__N16__ring__seed6,mlp_qmix,coord_grid,6,2148,53725,46.0,25,0.5746850000000001,5.980960394654955,71.3993216923305,44.35724491602741
mlp_qmix__N16__ring__seed6,mlp_qmix,coord_grid,6,2149,53750,47.0,25,0.5744870833333333,6.911152412494023,77.56628545125325,44.37730900000315
mlp_qmix__N16__ring__seed6,mlp_qmix,coord_grid,6,2150,53775,43.0,25,0.5742891666666667,4.647448043028514,68.19471867879231,44.39778150001075
mlp_qmix__N16__ring__seed6,mlp_qmix,coord_grid,6,2151,53800,54.0,25,0.57409125,6.314747929573059,66.72791894276936,44.41786104103085
mlp_qmix__N16__ring__seed6,mlp_qmix,coord_grid,6,2152,53825,42.0,25,0.5738933333333334,6.366615857396807,167.63202667236328,44.44132270803675
mlp_qmix__N16__ring__seed6,mlp_qmix,coord_grid,6,2153,53850,45.0,25,0.5736954166666667,5.107889890670776,154.0784600575765,44.46138437499758
mlp_qmix__N16__ring__seed6,mlp_qmix,coord_grid,6,2154,53875,57.0,25,0.5734975,6.499163448810577,128.37515449523926,44.481794374994934
mlp_qmix__N16__ring__seed6,mlp_qmix,coord_grid,6,2155,53900,33.0,25,0.5732995833333334,6.007119129101436,93.24324035644531,44.50179087498691
mlp_qmix__N16__ring__seed6,mlp_qmix,coord_grid,6,2156,53925,37.0,25,0.5731016666666666,5.696766563824245,94.63955906459263,44.52435166598298
mlp_qmix__N16__ring__seed6,mlp_qmix,coord_grid,6,2157,53950,49.0,25,0.57290375,4.712954302628835,61.58612028757731,44.54428858298343
mlp_qmix__N16__ring__seed6,mlp_qmix,coord_grid,6,2158,53975,55.0,25,0.5727058333333334,7.285108804702759,111.18052546183269,44.564268374990206
mlp_qmix__N16__ring__seed6,mlp_qmix,coord_grid,6,2159,54000,52.0,25,0.5725079166666667,4.701751261949539,93.10944588979085,44.58448783302447
mlp_qmix__N16__ring__seed6,mlp_qmix,coord_grid,6,2160,54025,57.0,25,0.5723100000000001,7.36427024432591,70.76829515184674,44.60700283298502
mlp_qmix__N16__ring__seed6,mlp_qmix,coord_grid,6,2161,54050,64.0,25,0.5721120833333333,6.517294565836589,69.85220336914062,44.62715791602386
mlp_qmix__N16__ring__seed6,mlp_qmix,coord_grid,6,2162,54075,63.0,25,0.5719141666666667,6.93934162457784,32.91335105895996,44.64823179098312
mlp_qmix__N16__ring__seed6,mlp_qmix,coord_grid,6,2163,54100,55.0,25,0.57171625,6.399799803892772,65.11172485351562,44.66913570801262
mlp_qmix__N16__ring__seed6,mlp_qmix,coord_grid,6,2164,54125,44.0,25,0.5715183333333334,3.6899350626128062,60.16892269679478,44.691537707985844
mlp_qmix__N16__ring__seed6,mlp_qmix,coord_grid,6,2165,54150,51.0,25,0.5713204166666668,7.038313537836075,47.3815008799235,44.711998375016265
mlp_qmix__N16__ring__seed6,mlp_qmix,coord_grid,6,2166,54175,64.0,25,0.5711225,2.561159670352936,82.68140983581543,44.731852416007314
mlp_qmix__N16__ring__seed6,mlp_qmix,coord_grid,6,2167,54200,37.0,25,0.5709245833333334,4.195123255252838,51.80047798156738,44.7517828749842
mlp_qmix__N16__ring__seed6,mlp_qmix,coord_grid,6,2168,54225,49.0,25,0.5707266666666666,3.6394945808819363,68.11138262067523,44.77401125000324
mlp_qmix__N16__ring__seed6,mlp_qmix,coord_grid,6,2169,54250,55.0,25,0.57052875,7.834004958470662,91.32644685109456,44.7938287910074
mlp_qmix__N16__ring__seed6,mlp_qmix,coord_grid,6,2170,54275,54.0,25,0.5703308333333335,7.09932525952657,126.45933278401692,44.81379066599766
mlp_qmix__N16__ring__seed6,mlp_qmix,coord_grid,6,2171,54300,47.0,25,0.5701329166666667,3.688851773738861,92.16047795613606,44.83360295800958
mlp_qmix__N16__ring__seed6,mlp_qmix,coord_grid,6,2172,54325,42.0,25,0.5699350000000001,4.704515014375959,136.9417005266462,44.85586145799607
mlp_qmix__N16__ring__seed6,mlp_qmix,coord_grid,6,2173,54350,60.0,25,0.5697370833333333,8.961389183998108,98.52195231119792,44.87565037503373
mlp_qmix__N16__ring__seed6,mlp_qmix,coord_grid,6,2174,54375,62.0,25,0.5695391666666667,7.562274138132731,126.06551965077718,44.89549062500009
mlp_qmix__N16__ring__seed6,mlp_qmix,coord_grid,6,2175,54400,47.0,25,0.56934125,4.780868212381999,93.50088500976562,44.91581416601548
mlp_qmix__N16__ring__seed6,mlp_qmix,coord_grid,6,2176,54425,44.0,25,0.5691433333333333,7.687313386372158,131.4619745526995,44.93823254102608
mlp_qmix__N16__ring__seed6,mlp_qmix,coord_grid,6,2177,54450,57.0,25,0.5689454166666668,5.0669958392779035,114.1756165822347,44.958377375034615
mlp_qmix__N16__ring__seed6,mlp_qmix,coord_grid,6,2178,54475,47.0,25,0.5687475,4.976502885421117,121.65746688842773,44.97868841601303
mlp_qmix__N16__ring__seed6,mlp_qmix,coord_grid,6,2179,54500,58.0,25,0.5685495833333334,4.181613693634669,73.57033522923787,44.99895262502832
mlp_qmix__N16__ring__seed6,mlp_qmix,coord_grid,6,2180,54525,47.0,25,0.5683516666666667,5.222817420959473,75.8407508305141,45.02137658302672
mlp_qmix__N16__ring__seed6,mlp_qmix,coord_grid,6,2181,54550,56.0,25,0.56815375,5.523981690406799,88.66134866078694,45.041365916025825
mlp_qmix__N16__ring__seed6,mlp_qmix,coord_grid,6,2182,54575,59.0,25,0.5679558333333334,3.4170506795247397,128.13093185424805,45.06122841598699
mlp_qmix__N16__ring__seed6,mlp_qmix,coord_grid,6,2183,54600,53.0,25,0.5677579166666666,7.333503981431325,104.64760239919026,45.0811896250234
mlp_qmix__N16__ring__seed6,mlp_qmix,coord_grid,6,2184,54625,45.0,25,0.5675600000000001,7.137327636991229,172.38132422310966,45.103617541026324
mlp_qmix__N16__ring__seed6,mlp_qmix,coord_grid,6,2185,54650,45.0,25,0.5673620833333333,4.579378207524617,157.90204620361328,45.12350804102607
mlp_qmix__N16__ring__seed6,mlp_qmix,coord_grid,6,2186,54675,59.0,25,0.5671641666666667,5.438389698664348,159.7777303059896,45.14318945800187
mlp_qmix__N16__ring__seed6,mlp_qmix,coord_grid,6,2187,54700,43.0,25,0.5669662500000001,6.780494054158528,94.68402099609375,45.16321008303203
mlp_qmix__N16__ring__seed6,mlp_qmix,coord_grid,6,2188,54725,34.0,25,0.5667683333333333,3.1053463220596313,38.75161961146763,45.18565666599898
mlp_qmix__N16__ring__seed6,mlp_qmix,coord_grid,6,2189,54750,70.0,25,0.5665704166666667,5.553916295369466,88.95863469441731,45.205648500006646
mlp_qmix__N16__ring__seed6,mlp_qmix,coord_grid,6,2190,54775,59.0,25,0.5663725,8.075338045756022,112.50542481740315,45.22553329099901
mlp_qmix__N16__ring__seed6,mlp_qmix,coord_grid,6,2191,54800,40.0,25,0.5661745833333334,5.293784906466802,127.89276504516602,45.24551149999024
mlp_qmix__N16__ring__seed6,mlp_qmix,coord_grid,6,2192,54825,59.0,25,0.5659766666666667,6.494462217603411,120.58080564226422,45.26900075003505
mlp_qmix__N16__ring__seed6,mlp_qmix,coord_grid,6,2193,54850,49.0,25,0.56577875,5.836544493834178,142.49259885152182,45.28951974998927
mlp_qmix__N16__ring__seed6,mlp_qmix,coord_grid,6,2194,54875,47.0,25,0.5655808333333334,6.905170599619548,123.31876055399577,45.31027374998666
mlp_qmix__N16__ring__seed6,mlp_qmix,coord_grid,6,2195,54900,49.0,25,0.5653829166666666,5.751462797323863,121.50228881835938,45.33055937499739
mlp_qmix__N16__ring__seed6,mlp_qmix,coord_grid,6,2196,54925,52.0,25,0.565185,4.848779712404523,105.90509959629604,45.352948583022226
mlp_qmix__N16__ring__seed6,mlp_qmix,coord_grid,6,2197,54950,52.0,25,0.5649870833333334,4.564646204312642,136.6124210357666,45.3728132910328
mlp_qmix__N16__ring__seed6,mlp_qmix,coord_grid,6,2198,54975,64.0,25,0.5647891666666667,7.057293097178142,144.34874471028647,45.39269145799335
mlp_qmix__N16__ring__seed6,mlp_qmix,coord_grid,6,2199,55000,59.0,25,0.5645912500000001,5.202337543169658,102.79000663757324,45.41306400002213
mlp_qmix__N16__ring__seed6,mlp_qmix,coord_grid,6,2200,55025,54.0,25,0.5643933333333333,7.893389906202044,80.26193455287388,45.436225040990394
mlp_qmix__N16__ring__seed6,mlp_qmix,coord_grid,6,2201,55050,45.0,25,0.5641954166666667,6.552350511153539,43.74692837397257,45.4570426249993
mlp_qmix__N16__ring__seed6,mlp_qmix,coord_grid,6,2202,55075,62.0,25,0.5639974999999999,3.5908240973949432,59.90674018859863,45.4776887500193
mlp_qmix__N16__ring__seed6,mlp_qmix,coord_grid,6,2203,55100,49.0,25,0.5637995833333334,6.061152537663777,71.6787649790446,45.497755583026446
mlp_qmix__N16__ring__seed6,mlp_qmix,coord_grid,6,2204,55125,46.0,25,0.5636016666666668,3.1796703253473555,67.28664779663086,45.520043041033205
mlp_qmix__N16__ring__seed6,mlp_qmix,coord_grid,6,2205,55150,43.0,25,0.56340375,2.449050714572271,75.86731020609538,45.54079241602449
mlp_qmix__N16__ring__seed6,mlp_qmix,coord_grid,6,2206,55175,62.0,25,0.5632058333333334,7.7068107922871905,56.39013195037842,45.561122332990635
mlp_qmix__N16__ring__seed6,mlp_qmix,coord_grid,6,2207,55200,53.0,25,0.5630079166666666,5.407799919446309,61.52222188313802,45.581117291003466
mlp_qmix__N16__ring__seed6,mlp_qmix,coord_grid,6,2208,55225,45.0,25,0.56281,3.7387488910130093,63.13591493879046,45.603830499981996
mlp_qmix__N16__ring__seed6,mlp_qmix,coord_grid,6,2209,55250,73.0,25,0.5626120833333335,3.6030137638250985,57.806263287862144,45.62350320798578
mlp_qmix__N16__ring__seed6,mlp_qmix,coord_grid,6,2210,55275,62.0,25,0.5624141666666667,3.271852602561315,99.92807737986247,45.64407570799813
mlp_qmix__N16__ring__seed6,mlp_qmix,coord_grid,6,2211,55300,51.0,25,0.5622162500000001,7.110707958539327,37.93072064717611,45.66433787503047
mlp_qmix__N16__ring__seed6,mlp_qmix,coord_grid,6,2212,55325,53.0,25,0.5620183333333333,7.370514648301261,64.78490938459124,45.686517207999714
mlp_qmix__N16__ring__seed6,mlp_qmix,coord_grid,6,2213,55350,54.0,25,0.5618204166666667,4.854229986667633,50.32793013254801,45.706443916016724
mlp_qmix__N16__ring__seed6,mlp_qmix,coord_grid,6,2214,55375,36.0,25,0.5616224999999999,7.229310750961304,73.19457403818767,45.726762790989596
mlp_qmix__N16__ring__seed6,mlp_qmix,coord_grid,6,2215,55400,59.0,25,0.5614245833333333,4.208576063315074,51.435360272725426,45.747038875008
mlp_qmix__N16__ring__seed6,mlp_qmix,coord_grid,6,2216,55425,70.0,25,0.5612266666666668,6.237654975482395,164.51990073067802,45.76928854099242
mlp_qmix__N16__ring__seed6,mlp_qmix,coord_grid,6,2217,55450,47.0,25,0.56102875,3.344412863254547,106.16933123270671,45.789087374985684
mlp_qmix__N16__ring__seed6,mlp_qmix,coord_grid,6,2218,55475,41.0,25,0.5608308333333334,4.487818012634913,97.70348421732585,45.80892883299384
mlp_qmix__N16__ring__seed6,mlp_qmix,coord_grid,6,2219,55500,43.0,25,0.5606329166666666,5.631402105093002,74.7676207224528,45.828937124984805
mlp_qmix__N16__ring__seed6,mlp_qmix,coord_grid,6,2220,55525,53.0,25,0.560435,3.961870108331953,106.96728188650948,45.851715500000864
mlp_qmix__N16__ring__seed6,mlp_qmix,coord_grid,6,2221,55550,43.0,25,0.5602370833333334,2.3938500781853995,60.849607149759926,45.87153733300511
mlp_qmix__N16__ring__seed6,mlp_qmix,coord_grid,6,2222,55575,62.0,25,0.5600391666666666,6.276715119679769,94.00367609659831,45.89189387502847
mlp_qmix__N16__ring__seed6,mlp_qmix,coord_grid,6,2223,55600,51.0,25,0.5598412500000001,3.1608422497908273,77.68693129221599,45.912424249981996
mlp_qmix__N16__ring__seed6,mlp_qmix,coord_grid,6,2224,55625,47.0,25,0.5596433333333333,4.754969835281372,129.03599875313895,45.934713208000176
mlp_qmix__N16__ring__seed6,mlp_qmix,coord_grid,6,2225,55650,46.0,25,0.5594454166666667,6.459367295106252,123.72854042053223,45.95467537501827
mlp_qmix__N16__ring__seed6,mlp_qmix,coord_grid,6,2226,55675,55.0,25,0.5592475000000001,6.738197108109792,137.0071201324463,45.97427612502361
mlp_qmix__N16__ring__seed6,mlp_qmix,coord_grid,6,2227,55700,69.0,25,0.5590495833333333,5.0872635543346405,86.24664306640625,45.99421383300796
mlp_qmix__N16__ring__seed6,mlp_qmix,coord_grid,6,2228,55725,45.0,25,0.5588516666666667,4.264814338513783,37.78750337873186,46.01629583298927
mlp_qmix__N16__ring__seed6,mlp_qmix,coord_grid,6,2229,55750,47.0,25,0.55865375,5.577143410841624,57.42742792765299,46.035797582997475
mlp_qmix__N16__ring__seed6,mlp_qmix,coord_grid,6,2230,55775,48.0,25,0.5584558333333334,4.4083165427049,54.688353538513184,46.0553975829971
mlp_qmix__N16__ring__seed6,mlp_qmix,coord_grid,6,2231,55800,61.0,25,0.5582579166666667,5.883651812871297,104.0338888168335,46.07511512498604
mlp_qmix__N16__ring__seed6,mlp_qmix,coord_grid,6,2232,55825,65.0,25,0.55806,4.92329375232969,43.03697041102818,46.09846441599075
mlp_qmix__N16__ring__seed6,mlp_qmix,coord_grid,6,2233,55850,65.0,25,0.5578620833333334,3.755441496769587,62.6377649307251,46.11831237503793
mlp_qmix__N16__ring__seed6,mlp_qmix,coord_grid,6,2234,55875,62.0,25,0.5576641666666666,5.590357859929402,72.6111946105957,46.13807799998904
mlp_qmix__N16__ring__seed6,mlp_qmix,coord_grid,6,2235,55900,53.0,25,0.55746625,3.8633229732513428,95.24622980753581,46.1580771660083
mlp_qmix__N16__ring__seed6,mlp_qmix,coord_grid,6,2236,55925,60.0,25,0.5572683333333333,8.16846970149449,86.42578560965401,46.180745083023794
mlp_qmix__N16__ring__seed6,mlp_qmix,coord_grid,6,2237,55950,73.0,25,0.5570704166666667,3.757162938515345,72.70963033040364,46.20037866599159
mlp_qmix__N16__ring__seed6,mlp_qmix,coord_grid,6,2238,55975,55.0,25,0.5568725000000001,4.288529882828395,53.17943922678629,46.220167958003
mlp_qmix__N16__ring__seed6,mlp_qmix,coord_grid,6,2239,56000,57.0,25,0.5566745833333333,4.867908348639806,47.673144499460854,46.24039799999446
mlp_qmix__N16__ring__seed6,mlp_qmix,coord_grid,6,2240,56025,70.0,25,0.5564766666666667,2.7592720985412598,29.413060324532644,46.26256058301078
mlp_qmix__N16__ring__seed6,mlp_qmix,coord_grid,6,2241,56050,53.0,25,0.5562787499999999,4.26797982553641,47.90513594945272,46.28212962503312
mlp_qmix__N16__ring__seed6,mlp_qmix,coord_grid,6,2242,56075,66.0,25,0.5560808333333334,3.6722717881202698,24.915489037831623,46.303062374994624
mlp_qmix__N16__ring__seed6,mlp_qmix,coord_grid,6,2243,56100,40.0,25,0.5558829166666667,2.053784271081289,88.19810406366985,46.3231779159978
mlp_qmix__N16__ring__seed6,mlp_qmix,coord_grid,6,2244,56125,52.0,25,0.555685,4.736181369849613,117.88741520472935,46.345979000034276
mlp_qmix__N16__ring__seed6,mlp_qmix,coord_grid,6,2245,56150,72.0,25,0.5554870833333334,3.818225602308909,96.98708279927571,46.36530458298512
mlp_qmix__N16__ring__seed6,mlp_qmix,coord_grid,6,2246,56175,49.0,25,0.5552891666666666,5.058382044235866,96.84569485982259,46.38535537500866
mlp_qmix__N16__ring__seed6,mlp_qmix,coord_grid,6,2247,56200,56.0,25,0.55509125,4.95979110399882,33.48886807759603,46.40547766600503
mlp_qmix__N16__ring__seed6,mlp_qmix,coord_grid,6,2248,56225,44.0,25,0.5548933333333333,6.480280935764313,172.58204541887557,46.428245083021466
mlp_qmix__N16__ring__seed6,mlp_qmix,coord_grid,6,2249,56250,42.0,25,0.5546954166666667,5.302907973527908,77.9240837097168,46.44827858300414
mlp_qmix__N16__ring__seed6,mlp_qmix,coord_grid,6,2250,56275,50.0,25,0.5544975000000001,6.712287187576294,122.4232660929362,46.46810749999713
mlp_qmix__N16__ring__seed6,mlp_qmix,coord_grid,6,2251,56300,59.0,25,0.5542995833333333,8.971900045871735,140.3207302093506,46.48815570800798
mlp_qmix__N16__ring__seed6,mlp_qmix,coord_grid,6,2252,56325,54.0,25,0.5541016666666667,2.9446151682308743,89.28663199288505,46.510895124985836
mlp_qmix__N16__ring__seed6,mlp_qmix,coord_grid,6,2253,56350,36.0,25,0.55390375,5.789221465587616,72.52060079574585,46.531455041025765
mlp_qmix__N16__ring__seed6,mlp_qmix,coord_grid,6,2254,56375,47.0,25,0.5537058333333333,3.928122858206431,73.58290799458821,46.55168704100652
mlp_qmix__N16__ring__seed6,mlp_qmix,coord_grid,6,2255,56400,76.0,25,0.5535079166666668,4.6986838181813555,110.08029874165852,46.57132600003388
mlp_qmix__N16__ring__seed6,mlp_qmix,coord_grid,6,2256,56425,53.0,25,0.55331,5.791391542979649,100.48379571097237,46.593426208011806
mlp_qmix__N16__ring__seed6,mlp_qmix,coord_grid,6,2257,56450,60.0,25,0.5531120833333334,2.8482611080010733,99.52649354934692,46.61320299998624
mlp_qmix__N16__ring__seed6,mlp_qmix,coord_grid,6,2258,56475,90.0,25,0.5529141666666666,8.590603748957315,100.07835578918457,46.63335083302809
mlp_qmix__N16__ring__seed6,mlp_qmix,coord_grid,6,2259,56500,58.0,25,0.55271625,3.181542913118998,54.70369815826416,46.654287500015926
mlp_qmix__N16__ring__seed6,mlp_qmix,coord_grid,6,2260,56525,58.0,25,0.5525183333333333,4.032699951103756,70.80867835453579,46.67687974998262
mlp_qmix__N16__ring__seed6,mlp_qmix,coord_grid,6,2261,56550,64.0,25,0.5523204166666666,5.226240197817485,27.26080020268758,46.69669941603206
mlp_qmix__N16__ring__seed6,mlp_qmix,coord_grid,6,2262,56575,57.0,25,0.5521225000000001,5.771291474501292,61.6264279683431,46.716580000007525
mlp_qmix__N16__ring__seed6,mlp_qmix,coord_grid,6,2263,56600,53.0,25,0.5519245833333333,4.529488146305084,77.4362366994222,46.73759216599865
mlp_qmix__N16__ring__seed6,mlp_qmix,coord_grid,6,2264,56625,48.0,25,0.5517266666666667,5.081558125359671,62.253728594098774,46.76050220802426
mlp_qmix__N16__ring__seed6,mlp_qmix,coord_grid,6,2265,56650,62.0,25,0.55152875,5.048931901653607,60.77937412261963,46.78167816600762
mlp_qmix__N16__ring__seed6,mlp_qmix,coord_grid,6,2266,56675,50.0,25,0.5513308333333333,5.357415835062663,87.74193509419759,46.80564779101405
mlp_qmix__N16__ring__seed6,mlp_qmix,coord_grid,6,2267,56700,50.0,25,0.5511329166666668,3.928726146618525,72.92637983957927,46.82673920801608
mlp_qmix__N16__ring__seed6,mlp_qmix,coord_grid,6,2268,56725,42.0,25,0.550935,5.718123231615339,152.01771654401506,46.84925245802151
mlp_qmix__N16__ring__seed6,mlp_qmix,coord_grid,6,2269,56750,49.0,25,0.5507370833333334,4.221144139766693,143.78835805257162,46.869286750035826
mlp_qmix__N16__ring__seed6,mlp_qmix,coord_grid,6,2270,56775,62.0,25,0.5505391666666667,7.495050877332687,123.67910067240398,46.88934795802925
mlp_qmix__N16__ring__seed6,mlp_qmix,coord_grid,6,2271,56800,48.0,25,0.55034125,4.135865390300751,127.10664494832356,46.90943529101787
mlp_qmix__N16__ring__seed6,mlp_qmix,coord_grid,6,2272,56825,69.0,25,0.5501433333333334,7.613684109279087,137.60628727504186,46.93137312500039
mlp_qmix__N16__ring__seed6,mlp_qmix,coord_grid,6,2273,56850,60.0,25,0.5499454166666666,6.463895082473755,76.32807223002116,46.9511679999996
mlp_qmix__N16__ring__seed6,mlp_qmix,coord_grid,6,2274,56875,48.0,25,0.5497475000000001,5.889529883861542,100.22913805643718,46.97117916599382
mlp_qmix__N16__ring__seed6,mlp_qmix,coord_grid,6,2275,56900,49.0,25,0.5495495833333333,4.626051406065623,107.30528450012207,46.9929287499981
mlp_qmix__N16__ring__seed6,mlp_qmix,coord_grid,6,2276,56925,55.0,25,0.5493516666666667,5.177456974983215,120.01883479527065,47.015754291031044
mlp_qmix__N16__ring__seed6,mlp_qmix,coord_grid,6,2277,56950,50.0,25,0.54915375,5.864324967066447,100.12949434916179,47.0357086660224
mlp_qmix__N16__ring__seed6,mlp_qmix,coord_grid,6,2278,56975,97.0,25,0.5489558333333333,4.39485476911068,58.16720008850098,47.055798374989536
mlp_qmix__N16__ring__seed6,mlp_qmix,coord_grid,6,2279,57000,69.0,25,0.5487579166666667,8.359245657920837,67.12684281667073,47.07710500003304
mlp_qmix__N16__ring__seed6,mlp_qmix,coord_grid,6,2280,57025,62.0,25,0.5485599999999999,7.006911030837467,158.19374683925085,47.09970241598785
mlp_qmix__N16__ring__seed6,mlp_qmix,coord_grid,6,2281,57050,47.0,25,0.5483620833333334,2.869598855574926,94.69233322143555,47.11965025000973
mlp_qmix__N16__ring__seed6,mlp_qmix,coord_grid,6,2282,57075,55.0,25,0.5481641666666667,6.137237985928853,102.70714441935222,47.13961954100523
mlp_qmix__N16__ring__seed6,mlp_qmix,coord_grid,6,2283,57100,60.0,25,0.54796625,6.116997510194778,111.54779879252116,47.15956612501759
mlp_qmix__N16__ring__seed6,mlp_qmix,coord_grid,6,2284,57125,66.0,25,0.5477683333333334,8.123664855957031,87.01032366071429,47.18249041598756
mlp_qmix__N16__ring__seed6,mlp_qmix,coord_grid,6,2285,57150,46.0,25,0.5475704166666666,5.723085974653562,26.040847142537434,47.20246812503319
mlp_qmix__N16__ring__seed6,mlp_qmix,coord_grid,6,2286,57175,52.0,25,0.5473725,7.354008167982101,73.54234488805135,47.222365875029936
mlp_qmix__N16__ring__seed6,mlp_qmix,coord_grid,6,2287,57200,63.0,25,0.5471745833333334,5.926942845185597,48.676714738210045,47.24238700000569
mlp_qmix__N16__ring__seed6,mlp_qmix,coord_grid,6,2288,57225,59.0,25,0.5469766666666667,9.056634630475726,52.07553563799177,47.264757416036446
mlp_qmix__N16__ring__seed6,mlp_qmix,coord_grid,6,2289,57250,67.0,25,0.54677875,3.9683596094449363,51.29343128204346,47.284705625032075
mlp_qmix__N16__ring__seed6,mlp_qmix,coord_grid,6,2290,57275,55.0,25,0.5465808333333333,6.652811368306478,69.24554189046223,47.30535033298656
mlp_qmix__N16__ring__seed6,mlp_qmix,coord_grid,6,2291,57300,51.0,25,0.5463829166666667,7.9738035301367445,70.82060861587524,47.32558025000617
mlp_qmix__N16__ring__seed6,mlp_qmix,coord_grid,6,2292,57325,45.0,25,0.546185,4.497527275766645,53.06867599487305,47.348106499994174
mlp_qmix__N16__ring__seed6,mlp_qmix,coord_grid,6,2293,57350,40.0,25,0.5459870833333333,2.8823685944080353,99.56741523742676,47.36803645803593
mlp_qmix__N16__ring__seed6,mlp_qmix,coord_grid,6,2294,57375,49.0,25,0.5457891666666667,9.78292711575826,72.59185854593913,47.387752416019794
mlp_qmix__N16__ring__seed6,mlp_qmix,coord_grid,6,2295,57400,45.0,25,0.54559125,7.1325245797634125,52.9553918838501,47.40787699999055
mlp_qmix__N16__ring__seed6,mlp_qmix,coord_grid,6,2296,57425,84.0,25,0.5453933333333334,7.318143912724087,34.75713198525565,47.43023312499281
mlp_qmix__N16__ring__seed6,mlp_qmix,coord_grid,6,2297,57450,48.0,25,0.5451954166666666,5.932181944449742,51.29543940226237,47.450040208001155
mlp_qmix__N16__ring__seed6,mlp_qmix,coord_grid,6,2298,57475,23.0,25,0.5449975,5.249206066131592,27.21632719039917,47.469968874996994
mlp_qmix__N16__ring__seed6,mlp_qmix,coord_grid,6,2299,57500,32.0,25,0.5447995833333333,5.226709802945455,32.43316046396891,47.489960375009105
mlp_qmix__N16__ring__seed6,mlp_qmix,coord_grid,6,2300,57525,51.0,25,0.5446016666666667,6.302756462778364,78.4788066319057,47.51320745801786
mlp_qmix__N16__ring__seed6,mlp_qmix,coord_grid,6,2301,57550,71.0,25,0.5444037500000001,8.119160334269205,99.90400377909343,47.5329286250053
mlp_qmix__N16__ring__seed6,mlp_qmix,coord_grid,6,2302,57575,61.0,25,0.5442058333333333,4.781551877657573,90.66587082544963,47.55302929098252
mlp_qmix__N16__ring__seed6,mlp_qmix,coord_grid,6,2303,57600,77.0,25,0.5440079166666667,8.617503066857656,89.19244194030762,47.5728404999827
mlp_qmix__N16__ring__seed6,mlp_qmix,coord_grid,6,2304,57625,45.0,25,0.54381,5.170974016189575,155.73219898768835,47.59535608300939
mlp_qmix__N16__ring__seed6,mlp_qmix,coord_grid,6,2305,57650,43.0,25,0.5436120833333333,6.370475689570109,151.12630462646484,47.61529912502738
mlp_qmix__N16__ring__seed6,mlp_qmix,coord_grid,6,2306,57675,54.0,25,0.5434141666666666,6.712947646776835,108.14270305633545,47.63565158302663
mlp_qmix__N16__ring__seed6,mlp_qmix,coord_grid,6,2307,57700,51.0,25,0.54321625,7.053531527519226,126.71729914347331,47.655657416034956
mlp_qmix__N16__ring__seed6,mlp_qmix,coord_grid,6,2308,57725,53.0,25,0.5430183333333334,5.100125355379922,134.45651245117188,47.678473540989216
mlp_qmix__N16__ring__seed6,mlp_qmix,coord_grid,6,2309,57750,65.0,25,0.5428204166666667,6.831672847270966,134.39905802408853,47.69834708300186
mlp_qmix__N16__ring__seed6,mlp_qmix,coord_grid,6,2310,57775,56.0,25,0.5426225,6.362797836462657,141.1063690185547,47.7186129160109
mlp_qmix__N16__ring__seed6,mlp_qmix,coord_grid,6,2311,57800,65.0,25,0.5424245833333333,5.578096787134807,124.4387149810791,47.738889750035014
mlp_qmix__N16__ring__seed6,mlp_qmix,coord_grid,6,2312,57825,81.0,25,0.5422266666666666,5.993479371070862,196.34826006208147,47.76142866601003
mlp_qmix__N16__ring__seed6,mlp_qmix,coord_grid,6,2313,57850,42.0,25,0.5420287500000001,5.468369325002034,183.70111338297525,47.78159779100679
mlp_qmix__N16__ring__seed6,mlp_qmix,coord_grid,6,2314,57875,80.0,25,0.5418308333333334,9.533895512421926,118.06547546386719,47.801218540989794
mlp_qmix__N16__ring__seed6,mlp_qmix,coord_grid,6,2315,57900,51.0,25,0.5416329166666667,5.937086671590805,74.31860796610515,47.821122458030004
mlp_qmix__N16__ring__seed6,mlp_qmix,coord_grid,6,2316,57925,49.0,25,0.541435,2.8402180586542403,30.885727337428502,47.84391020803014
mlp_qmix__N16__ring__seed6,mlp_qmix,coord_grid,6,2317,57950,50.0,25,0.5412370833333333,9.280621767044067,59.53760528564453,47.863637915987056
mlp_qmix__N16__ring__seed6,mlp_qmix,coord_grid,6,2318,57975,60.0,25,0.5410391666666667,7.9482347667217255,56.05564880371094,47.883650208008476
mlp_qmix__N16__ring__seed6,mlp_qmix,coord_grid,6,2319,58000,67.0,25,0.5408412499999999,5.339270989100139,61.603869120279946,47.90339208301157
mlp_qmix__N16__ring__seed6,mlp_qmix,coord_grid,6,2320,58025,42.0,25,0.5406433333333334,5.715391865798405,51.8969943182809,47.92588049999904
mlp_qmix__N16__ring__seed6,mlp_qmix,coord_grid,6,2321,58050,45.0,25,0.5404454166666667,5.908222039540608,44.3855570157369,47.945880457991734
mlp_qmix__N16__ring__seed6,mlp_qmix,coord_grid,6,2322,58075,61.0,25,0.5402475,9.319749216238657,92.92793464660645,47.96564629103523
mlp_qmix__N16__ring__seed6,mlp_qmix,coord_grid,6,2323,58100,50.0,25,0.5400495833333333,6.880864540735881,114.6178731918335,47.98577954102075
mlp_qmix__N16__ring__seed6,mlp_qmix,coord_grid,6,2324,58125,77.0,25,0.5398516666666666,7.995240211486816,44.33050400870187,48.0088444580324
mlp_qmix__N16__ring__seed6,mlp_qmix,coord_grid,6,2325,58150,46.0,25,0.53965375,6.301553964614868,93.26398022969563,48.028970708022825
mlp_qmix__N16__ring__seed6,mlp_qmix,coord_grid,6,2326,58175,67.0,25,0.5394558333333334,5.714707513650258,137.7623618443807,48.04902833298547
mlp_qmix__N16__ring__seed6,mlp_qmix,coord_grid,6,2327,58200,54.0,25,0.5392579166666667,7.414848327636719,78.0945102373759,48.070155458000954
mlp_qmix__N16__ring__seed6,mlp_qmix,coord_grid,6,2328,58225,57.0,25,0.53906,5.303644733769553,85.14076859610421,48.09294887498254
mlp_qmix__N16__ring__seed6,mlp_qmix,coord_grid,6,2329,58250,59.0,25,0.5388620833333333,6.2140500247478485,113.05373350779216,48.113156875013374
mlp_qmix__N16__ring__seed6,mlp_qmix,coord_grid,6,2330,58275,29.0,25,0.5386641666666667,5.635115444660187,128.84531275431314,48.133024458016735
mlp_qmix__N16__ring__seed6,mlp_qmix,coord_grid,6,2331,58300,69.0,25,0.53846625,4.023567050695419,53.9277458190918,48.15332483302336
mlp_qmix__N16__ring__seed6,mlp_qmix,coord_grid,6,2332,58325,76.0,25,0.5382683333333333,4.6438320364270895,69.26701654706683,48.175711291027255
mlp_qmix__N16__ring__seed6,mlp_qmix,coord_grid,6,2333,58350,65.0,25,0.5380704166666667,7.898472348848979,52.58554617563883,48.19584391603712
mlp_qmix__N16__ring__seed6,mlp_qmix,coord_grid,6,2334,58375,48.0,25,0.5378725,6.714068233966827,43.27092329661051,48.215452083037235
mlp_qmix__N16__ring__seed6,mlp_qmix,coord_grid,6,2335,58400,73.0,25,0.5376745833333334,5.878868401050568,49.94327640533447,48.235640458005946
mlp_qmix__N16__ring__seed6,mlp_qmix,coord_grid,6,2336,58425,74.0,25,0.5374766666666666,6.894654597554888,55.25012343270438,48.25793916598195
mlp_qmix__N16__ring__seed6,mlp_qmix,coord_grid,6,2337,58450,63.0,25,0.53727875,5.256430735190709,47.40519777933756,48.27802425000118
mlp_qmix__N16__ring__seed6,mlp_qmix,coord_grid,6,2338,58475,49.0,25,0.5370808333333333,4.7782465517520905,110.0884017944336,48.2983338329941
mlp_qmix__N16__ring__seed6,mlp_qmix,coord_grid,6,2339,58500,72.0,25,0.5368829166666667,6.1896625856558485,99.14323838551839,48.31936033302918
mlp_qmix__N16__ring__seed6,mlp_qmix,coord_grid,6,2340,58525,49.0,25,0.5366850000000001,8.693748133523124,95.64205305916923,48.34228162502404
mlp_qmix__N16__ring__seed6,mlp_qmix,coord_grid,6,2341,58550,63.0,25,0.5364870833333333,6.047414461771647,86.16904671986897,48.36243179102894
mlp_qmix__N16__ring__seed6,mlp_qmix,coord_grid,6,2342,58575,54.0,25,0.5362891666666667,5.263046671946843,53.175750732421875,48.382395624998026
mlp_qmix__N16__ring__seed6,mlp_qmix,coord_grid,6,2343,58600,68.0,25,0.53609125,5.449197749296824,102.78810119628906,48.40346200001659
mlp_qmix__N16__ring__seed6,mlp_qmix,coord_grid,6,2344,58625,47.0,25,0.5358933333333333,5.251930032457624,184.9748031071254,48.42583479103632
mlp_qmix__N16__ring__seed6,mlp_qmix,coord_grid,6,2345,58650,58.0,25,0.5356954166666666,5.612970173358917,168.09039306640625,48.44612491602311
mlp_qmix__N16__ring__seed6,mlp_qmix,coord_grid,6,2346,58675,47.0,25,0.5354975,6.570893843968709,123.62638409932454,48.46602062502643
mlp_qmix__N16__ring__seed6,mlp_qmix,coord_grid,6,2347,58700,43.0,25,0.5352995833333334,2.888966461022695,114.53272279103597,48.48609287501313
mlp_qmix__N16__ring__seed6,mlp_qmix,coord_grid,6,2348,58725,45.0,25,0.5351016666666667,6.261523229735238,143.91506958007812,48.50883454101859
mlp_qmix__N16__ring__seed6,mlp_qmix,coord_grid,6,2349,58750,59.0,25,0.53490375,5.353560467561086,48.2026891708374,48.52899254101794
mlp_qmix__N16__ring__seed6,mlp_qmix,coord_grid,6,2350,58775,57.0,25,0.5347058333333333,3.452821056048075,66.04662036895752,48.54881466599181
mlp_qmix__N16__ring__seed6,mlp_qmix,coord_grid,6,2351,58800,54.0,25,0.5345079166666666,7.829352776209514,133.00651105244955,48.568615875032265
mlp_qmix__N16__ring__seed6,mlp_qmix,coord_grid,6,2352,58825,62.0,25,0.5343100000000001,5.891313961574009,55.04887798854283,48.59024779102765
mlp_qmix__N16__ring__seed6,mlp_qmix,coord_grid,6,2353,58850,46.0,25,0.5341120833333334,5.053515175978343,115.40738232930501,48.61045837501297
mlp_qmix__N16__ring__seed6,mlp_qmix,coord_grid,6,2354,58875,63.0,25,0.5339141666666667,4.05227518081665,142.34217643737793,48.6300371660036
mlp_qmix__N16__ring__seed6,mlp_qmix,coord_grid,6,2355,58900,48.0,25,0.53371625,8.775270620981852,148.20786158243814,48.65085849998286
mlp_qmix__N16__ring__seed6,mlp_qmix,coord_grid,6,2356,58925,56.0,25,0.5335183333333333,6.457148211342948,70.80833707536969,48.67401679098839
mlp_qmix__N16__ring__seed6,mlp_qmix,coord_grid,6,2357,58950,63.0,25,0.5333204166666667,6.057941595713298,41.95552444458008,48.69396120798774
mlp_qmix__N16__ring__seed6,mlp_qmix,coord_grid,6,2358,58975,45.0,25,0.5331224999999999,6.263444681962331,82.30365180969238,48.714004416018724
mlp_qmix__N16__ring__seed6,mlp_qmix,coord_grid,6,2359,59000,63.0,25,0.5329245833333334,4.82259926199913,96.62969970703125,48.73438658303348
mlp_qmix__N16__ring__seed6,mlp_qmix,coord_grid,6,2360,59025,60.0,25,0.5327266666666667,4.419655169759478,57.88165351322719,48.756763665995095
mlp_qmix__N16__ring__seed6,mlp_qmix,coord_grid,6,2361,59050,55.0,25,0.53252875,7.699933181206386,75.65640179316203,48.77644308301387
mlp_qmix__N16__ring__seed6,mlp_qmix,coord_grid,6,2362,59075,68.0,25,0.5323308333333334,5.881091624498367,139.5341625213623,48.796746790991165
mlp_qmix__N16__ring__seed6,mlp_qmix,coord_grid,6,2363,59100,78.0,25,0.5321329166666666,2.757246822118759,34.88884290059408,48.81645604100777
mlp_qmix__N16__ring__seed6,mlp_qmix,coord_grid,6,2364,59125,54.0,25,0.531935,4.631638382162366,56.819054876055034,48.838951333018485
mlp_qmix__N16__ring__seed6,mlp_qmix,coord_grid,6,2365,59150,59.0,25,0.5317370833333334,5.558294415473938,84.37880452473958,48.858780207985546
mlp_qmix__N16__ring__seed6,mlp_qmix,coord_grid,6,2366,59175,55.0,25,0.5315391666666667,4.36914324760437,87.80443318684895,48.878508916008286
mlp_qmix__N16__ring__seed6,mlp_qmix,coord_grid,6,2367,59200,65.0,25,0.53134125,4.921680609385173,77.66047445933025,48.89830516598886
mlp_qmix__N16__ring__seed6,mlp_qmix,coord_grid,6,2368,59225,52.0,25,0.5311433333333333,5.5097552963665555,51.95164898463658,48.92089008301264
mlp_qmix__N16__ring__seed6,mlp_qmix,coord_grid,6,2369,59250,62.0,25,0.5309454166666667,6.145614862442017,69.90442212422688,48.94208983302815
mlp_qmix__N16__ring__seed6,mlp_qmix,coord_grid,6,2370,59275,58.0,25,0.5307475,3.5107677777608237,83.67482233047485,48.96221895801136
mlp_qmix__N16__ring__seed6,mlp_qmix,coord_grid,6,2371,59300,59.0,25,0.5305495833333334,5.029224177201589,123.37278683980306,48.98229195800377
mlp_qmix__N16__ring__seed6,mlp_qmix,coord_grid,6,2372,59325,57.0,25,0.5303516666666667,4.283326932362148,86.30033602033343,49.004522250033915
mlp_qmix__N16__ring__seed6,mlp_qmix,coord_grid,6,2373,59350,70.0,25,0.53015375,5.523708234230678,85.36144733428955,49.024354416003916
mlp_qmix__N16__ring__seed6,mlp_qmix,coord_grid,6,2374,59375,85.0,25,0.5299558333333334,11.336911280949911,127.54276816050212,49.04427166603273
mlp_qmix__N16__ring__seed6,mlp_qmix,coord_grid,6,2375,59400,57.0,25,0.5297579166666667,6.8414439757664995,161.75369517008463,49.06466466601705
mlp_qmix__N16__ring__seed6,mlp_qmix,coord_grid,6,2376,59425,66.0,25,0.52956,9.658690086432866,157.0804544176374,49.0873624579981
mlp_qmix__N16__ring__seed6,mlp_qmix,coord_grid,6,2377,59450,50.0,25,0.5293620833333333,6.4729470411936445,85.75179290771484,49.10727483301889
mlp_qmix__N16__ring__seed6,mlp_qmix,coord_grid,6,2378,59475,63.0,25,0.5291641666666667,6.41438074906667,37.40338865915934,49.12662204098888
mlp_qmix__N16__ring__seed6,mlp_qmix,coord_grid,6,2379,59500,58.0,25,0.5289662500000001,7.5029981931050616,124.26357777913411,49.146741040982306
mlp_qmix__N16__ring__seed6,mlp_qmix,coord_grid,6,2380,59525,54.0,25,0.5287683333333333,5.743519152913775,84.34033257620675,49.169044915994164
mlp_qmix__N16__ring__seed6,mlp_qmix,coord_grid,6,2381,59550,51.0,25,0.5285704166666667,5.159455895423889,113.49897766113281,49.188847540994175
mlp_qmix__N16__ring__seed6,mlp_qmix,coord_grid,6,2382,59575,51.0,25,0.5283725,8.91541314125061,153.3313783009847,49.208656750037335
mlp_qmix__N16__ring__seed6,mlp_qmix,coord_grid,6,2383,59600,54.0,25,0.5281745833333333,6.475056866804759,171.55202293395996,49.2284527909942
mlp_qmix__N16__ring__seed6,mlp_qmix,coord_grid,6,2384,59625,58.0,25,0.5279766666666666,6.829949361937387,91.03050449916294,49.25056925002718
mlp_qmix__N16__ring__seed6,mlp_qmix,coord_grid,6,2385,59650,78.0,25,0.52777875,2.1189149916172028,81.24139086405437,49.270498333033174
mlp_qmix__N16__ring__seed6,mlp_qmix,coord_grid,6,2386,59675,56.0,25,0.5275808333333334,6.518715898195903,58.5489608446757,49.29100008303067
mlp_qmix__N16__ring__seed6,mlp_qmix,coord_grid,6,2387,59700,61.0,25,0.5273829166666667,8.706072330474854,108.57332611083984,49.31105295801535
mlp_qmix__N16__ring__seed6,mlp_qmix,coord_grid,6,2388,59725,47.0,25,0.527185,3.971770669732775,119.3594161442348,49.335047415981535
mlp_qmix__N16__ring__seed6,mlp_qmix,coord_grid,6,2389,59750,49.0,25,0.5269870833333333,5.981458793083827,131.65512339274088,49.355088916025124
mlp_qmix__N16__ring__seed6,mlp_qmix,coord_grid,6,2390,59775,61.0,25,0.5267891666666666,10.911167780558268,112.8644208908081,49.37533770798473
mlp_qmix__N16__ring__seed6,mlp_qmix,coord_grid,6,2391,59800,48.0,25,0.5265912500000001,4.899988770484924,34.63120206197103,49.39627416600706
mlp_qmix__N16__ring__seed6,mlp_qmix,coord_grid,6,2392,59825,58.0,25,0.5263933333333334,8.07122894695827,54.29728644234793,49.418944582983386
mlp_qmix__N16__ring__seed6,mlp_qmix,coord_grid,6,2393,59850,70.0,25,0.5261954166666667,7.2013963758945465,76.77320543924968,49.43909633299336
mlp_qmix__N16__ring__seed6,mlp_qmix,coord_grid,6,2394,59875,59.0,25,0.5259975,6.469924837350845,113.69659169514973,49.45894237502944
mlp_qmix__N16__ring__seed6,mlp_qmix,coord_grid,6,2395,59900,50.0,25,0.5257995833333333,5.060897171497345,64.96236928304036,49.47878504102118
mlp_qmix__N16__ring__seed6,mlp_qmix,coord_grid,6,2396,59925,56.0,25,0.5256016666666667,7.432286288057055,68.34222289494106,49.50199120800244
mlp_qmix__N16__ring__seed6,mlp_qmix,coord_grid,6,2397,59950,60.0,25,0.52540375,7.246829171975453,94.3490858078003,49.52166000002762
mlp_qmix__N16__ring__seed6,mlp_qmix,coord_grid,6,2398,59975,49.0,25,0.5252058333333334,8.875850955645243,112.89590199788411,49.541472290991805
mlp_qmix__N16__ring__seed6,mlp_qmix,coord_grid,6,2399,60000,57.0,25,0.5250079166666667,10.246899406115213,103.77850659688313,49.56141491601011
mlp_qmix__N16__ring__seed6,mlp_qmix,coord_grid,6,2400,60025,63.0,25,0.52481,3.3558485763413564,128.82954352242606,49.583601624995936
mlp_qmix__N16__ring__seed6,mlp_qmix,coord_grid,6,2401,60050,47.0,25,0.5246120833333334,6.64730840921402,125.59358469645183,49.603534333000425
mlp_qmix__N16__ring__seed6,mlp_qmix,coord_grid,6,2402,60075,77.0,25,0.5244141666666666,5.920945843060811,86.09936046600342,49.6236399160116
mlp_qmix__N16__ring__seed6,mlp_qmix,coord_grid,6,2403,60100,45.0,25,0.52421625,6.523279666900635,62.65475368499756,49.6433380410308
mlp_qmix__N16__ring__seed6,mlp_qmix,coord_grid,6,2404,60125,67.0,25,0.5240183333333334,6.218424899237497,47.78365434919085,49.66622075001942
mlp_qmix__N16__ring__seed6,mlp_qmix,coord_grid,6,2405,60150,59.0,25,0.5238204166666667,2.935151606798172,59.548532485961914,49.686482208024245
mlp_qmix__N16__ring__seed6,mlp_qmix,coord_grid,6,2406,60175,51.0,25,0.5236225000000001,10.846844673156738,105.7465394337972,49.706206290982664
mlp_qmix__N16__ring__seed6,mlp_qmix,coord_grid,6,2407,60200,72.0,25,0.5234245833333333,8.721728404362997,69.75782744089763,49.72656320803799
mlp_qmix__N16__ring__seed6,mlp_qmix,coord_grid,6,2408,60225,71.0,25,0.5232266666666667,5.548528824533735,193.4902060372489,49.74895516602555
mlp_qmix__N16__ring__seed6,mlp_qmix,coord_grid,6,2409,60250,49.0,25,0.5230287499999999,4.327151507139206,181.00958379109701,49.76914787502028
mlp_qmix__N16__ring__seed6,mlp_qmix,coord_grid,6,2410,60275,57.0,25,0.5228308333333334,5.800927082697551,157.62481594085693,49.7890163330012
mlp_qmix__N16__ring__seed6,mlp_qmix,coord_grid,6,2411,60300,31.0,25,0.5226329166666667,8.631950974464417,142.60003916422525,49.808591458015144
mlp_qmix__N16__ring__seed6,mlp_qmix,coord_grid,6,2412,60325,53.0,25,0.522435,7.467838713100979,127.14770930153983,49.83090604102472
mlp_qmix__N16__ring__seed6,mlp_qmix,coord_grid,6,2413,60350,47.0,25,0.5222370833333334,6.691042552391688,55.85753917694092,49.850766791030765
mlp_qmix__N16__ring__seed6,mlp_qmix,coord_grid,6,2414,60375,54.0,25,0.5220391666666667,5.256059010823567,49.19704977671305,49.8703530409839
mlp_qmix__N16__ring__seed6,mlp_qmix,coord_grid,6,2415,60400,52.0,25,0.52184125,7.4908214410146075,60.76760959625244,49.890484791016206
mlp_qmix__N16__ring__seed6,mlp_qmix,coord_grid,6,2416,60425,37.0,25,0.5216433333333332,5.609631657600403,126.61350195748466,49.912379165994935
mlp_qmix__N16__ring__seed6,mlp_qmix,coord_grid,6,2417,60450,58.0,25,0.5214454166666667,8.268015464146933,181.50048955281576,49.93240525003057
mlp_qmix__N16__ring__seed6,mlp_qmix,coord_grid,6,2418,60475,77.0,25,0.5212475000000001,6.374793688456218,150.67372258504233,49.952487125003245
mlp_qmix__N16__ring__seed6,mlp_qmix,coord_grid,6,2419,60500,49.0,25,0.5210495833333333,7.921747446060181,149.20408630371094,49.97226045798743
mlp_qmix__N16__ring__seed6,mlp_qmix,coord_grid,6,2420,60525,66.0,25,0.5208516666666667,6.739771979195731,131.4158366067069,49.99550670798635
mlp_qmix__N16__ring__seed6,mlp_qmix,coord_grid,6,2421,60550,54.0,25,0.52065375,8.948213259379068,53.54267374674479,50.016306457982864
mlp_qmix__N16__ring__seed6,mlp_qmix,coord_grid,6,2422,60575,73.0,25,0.5204558333333333,9.083248774210611,124.56776698430379,50.03622483299114
mlp_qmix__N16__ring__seed6,mlp_qmix,coord_grid,6,2423,60600,52.0,25,0.5202579166666668,5.400839140017827,129.88685417175293,50.056189958006144
mlp_qmix__N16__ring__seed6,mlp_qmix,coord_grid,6,2424,60625,72.0,25,0.52006,4.649445516722543,103.39725603376117,50.07850095798494
mlp_qmix__N16__ring__seed6,mlp_qmix,coord_grid,6,2425,60650,58.0,25,0.5198620833333334,8.33539080619812,127.03668435414632,50.098272208007984
mlp_qmix__N16__ring__seed6,mlp_qmix,coord_grid,6,2426,60675,70.0,25,0.5196641666666666,10.717499653498331,129.307373046875,50.118352958001196
mlp_qmix__N16__ring__seed6,mlp_qmix,coord_grid,6,2427,60700,73.0,25,0.51946625,4.518057564894359,75.46547635396321,50.13850433303742
mlp_qmix__N16__ring__seed6,mlp_qmix,coord_grid,6,2428,60725,62.0,25,0.5192683333333333,6.030688464641571,86.64654568263462,50.16081558301812
mlp_qmix__N16__ring__seed6,mlp_qmix,coord_grid,6,2429,60750,64.0,25,0.5190704166666666,5.452550848325093,140.12238184611002,50.18068712501554
mlp_qmix__N16__ring__seed6,mlp_qmix,coord_grid,6,2430,60775,57.0,25,0.5188725000000001,4.061563005050023,139.97331047058105,50.200685125018936
mlp_qmix__N16__ring__seed6,mlp_qmix,coord_grid,6,2431,60800,58.0,25,0.5186745833333334,3.9975192149480185,142.9430144627889,50.22060641599819
mlp_qmix__N16__ring__seed6,mlp_qmix,coord_grid,6,2432,60825,50.0,25,0.5184766666666667,5.652702680655888,157.49553898402624,50.24295425001765
mlp_qmix__N16__ring__seed6,mlp_qmix,coord_grid,6,2433,60850,36.0,25,0.5182787499999999,4.039469202359517,154.3504842122396,50.26283100002911
mlp_qmix__N16__ring__seed6,mlp_qmix,coord_grid,6,2434,60875,49.0,25,0.5180808333333333,11.777311325073242,174.77883338928223,50.282936625008006
mlp_qmix__N16__ring__seed6,mlp_qmix,coord_grid,6,2435,60900,51.0,25,0.5178829166666667,10.763073027133942,128.45793215433756,50.30282054102281
mlp_qmix__N16__ring__seed6,mlp_qmix,coord_grid,6,2436,60925,60.0,25,0.517685,5.836761023317065,46.087071010044646,50.32641262502875
mlp_qmix__N16__ring__seed6,mlp_qmix,coord_grid,6,2437,60950,76.0,25,0.5174870833333334,7.2716004550457,53.89500300089518,50.346574958006386
mlp_qmix__N16__ring__seed6,mlp_qmix,coord_grid,6,2438,60975,57.0,25,0.5172891666666667,5.138704359531403,49.560096740722656,50.36657345801359
mlp_qmix__N16__ring__seed6,mlp_qmix,coord_grid,6,2439,61000,72.0,25,0.51709125,5.169823527336121,52.10186894734701,50.38673466601176
mlp_qmix__N16__ring__seed6,mlp_qmix,coord_grid,6,2440,61025,63.0,25,0.5168933333333334,8.42419924054827,189.28254754202706,50.409273291006684
mlp_qmix__N16__ring__seed6,mlp_qmix,coord_grid,6,2441,61050,46.0,25,0.5166954166666666,7.463663140932719,151.62286186218262,50.42959395801881
mlp_qmix__N16__ring__seed6,mlp_qmix,coord_grid,6,2442,61075,48.0,25,0.5164975,7.171589563290278,172.90793736775717,50.44942391599761
mlp_qmix__N16__ring__seed6,mlp_qmix,coord_grid,6,2443,61100,65.0,25,0.5162995833333333,5.162461638450623,184.90491231282553,50.469057540991344
mlp_qmix__N16__ring__seed6,mlp_qmix,coord_grid,6,2444,61125,55.0,25,0.5161016666666667,10.2502076285226,157.20852552141463,50.49118058301974
mlp_qmix__N16__ring__seed6,mlp_qmix,coord_grid,6,2445,61150,68.0,25,0.5159037500000001,6.48379244407018,145.25196266174316,50.51153720798902
mlp_qmix__N16__ring__seed6,mlp_qmix,coord_grid,6,2446,61175,57.0,25,0.5157058333333333,8.652722040812174,143.6803534825643,50.532031457987614
mlp_qmix__N16__ring__seed6,mlp_qmix,coord_grid,6,2447,61200,53.0,25,0.5155079166666667,5.774570519725482,156.61967086791992,50.55182179098483
mlp_qmix__N16__ring__seed6,mlp_qmix,coord_grid,6,2448,61225,56.0,25,0.51531,6.60018915789468,183.65784781319755,50.57395729102427
mlp_qmix__N16__ring__seed6,mlp_qmix,coord_grid,6,2449,61250,68.0,25,0.5151120833333334,4.210369457801183,144.2422596613566,50.593778041016776
mlp_qmix__N16__ring__seed6,mlp_qmix,coord_grid,6,2450,61275,49.0,25,0.5149141666666666,6.068572133779526,173.17731539408365,50.61357729102019
mlp_qmix__N16__ring__seed6,mlp_qmix,coord_grid,6,2451,61300,68.0,25,0.51471625,10.115792433420816,120.43797810872395,50.63333783298731
mlp_qmix__N16__ring__seed6,mlp_qmix,coord_grid,6,2452,61325,56.0,25,0.5145183333333334,3.9816575390951976,84.3778623853411,50.65569204103667
mlp_qmix__N16__ring__seed6,mlp_qmix,coord_grid,6,2453,61350,61.0,25,0.5143204166666666,3.7076712052027383,65.53717803955078,50.67593179101823
mlp_qmix__N16__ring__seed6,mlp_qmix,coord_grid,6,2454,61375,47.0,25,0.5141225,9.073379268248877,75.26829560597737,50.695753999985754
mlp_qmix__N16__ring__seed6,mlp_qmix,coord_grid,6,2455,61400,71.0,25,0.5139245833333334,10.477568944295248,44.18502934773763,50.715751541021746
mlp_qmix__N16__ring__seed6,mlp_qmix,coord_grid,6,2456,61425,49.0,25,0.5137266666666667,7.901545763015747,46.77635029384068,50.73804929101607
mlp_qmix__N16__ring__seed6,mlp_qmix,coord_grid,6,2457,61450,55.0,25,0.5135287500000001,5.282387564579646,61.39756679534912,50.758272083010525
mlp_qmix__N16__ring__seed6,mlp_qmix,coord_grid,6,2458,61475,50.0,25,0.5133308333333334,6.754112382729848,52.56596612930298,50.77820499998052
mlp_qmix__N16__ring__seed6,mlp_qmix,coord_grid,6,2459,61500,47.0,25,0.5131329166666667,3.9010524849096933,120.51638730367024,50.79829504102236
mlp_qmix__N16__ring__seed6,mlp_qmix,coord_grid,6,2460,61525,60.0,25,0.5129349999999999,6.7821292621748785,202.4040243966239,50.820836333034094
mlp_qmix__N16__ring__seed6,mlp_qmix,coord_grid,6,2461,61550,50.0,25,0.5127370833333333,7.256851355234782,126.63625844319661,50.84103379101725
mlp_qmix__N16__ring__seed6,mlp_qmix,coord_grid,6,2462,61575,90.0,25,0.5125391666666668,3.782243460416794,69.67978858947754,50.86094849999063
mlp_qmix__N16__ring__seed6,mlp_qmix,coord_grid,6,2463,61600,65.0,25,0.51234125,8.789209758241972,45.94170347849528,50.88045433303341
mlp_qmix__N16__ring__seed6,mlp_qmix,coord_grid,6,2464,61625,77.0,25,0.5121433333333334,7.988646745681763,99.29493277413505,50.902004791016225
mlp_qmix__N16__ring__seed6,mlp_qmix,coord_grid,6,2465,61650,75.0,25,0.5119454166666667,6.717097659905751,64.32070350646973,50.92207041598158
mlp_qmix__N16__ring__seed6,mlp_qmix,coord_grid,6,2466,61675,64.0,25,0.5117475,5.294924974441528,72.53268464406331,50.94151462498121
mlp_qmix__N16__ring__seed6,mlp_qmix,coord_grid,6,2467,61700,54.0,25,0.5115495833333333,4.560336867968242,95.03729565938313,50.96167141600745
mlp_qmix__N16__ring__seed6,mlp_qmix,coord_grid,6,2468,61725,61.0,25,0.5113516666666666,5.34640999351229,105.31271743774414,50.98366462503327
mlp_qmix__N16__ring__seed6,mlp_qmix,coord_grid,6,2469,61750,69.0,25,0.5111537500000001,5.192774732907613,84.61639722188313,51.00361524999607
mlp_qmix__N16__ring__seed6,mlp_qmix,coord_grid,6,2470,61775,59.0,25,0.5109558333333333,2.9535937309265137,82.61490726470947,51.02460279100342
mlp_qmix__N16__ring__seed6,mlp_qmix,coord_grid,6,2471,61800,62.0,25,0.5107579166666667,6.831236203511556,91.80662027994792,51.04468774999259
mlp_qmix__N16__ring__seed6,mlp_qmix,coord_grid,6,2472,61825,62.0,25,0.51056,7.092498626027789,223.1242446899414,51.06693454098422
mlp_qmix__N16__ring__seed6,mlp_qmix,coord_grid,6,2473,61850,62.0,25,0.5103620833333333,6.3752631942431135,200.05444145202637,51.086532875022385
mlp_qmix__N16__ring__seed6,mlp_qmix,coord_grid,6,2474,61875,47.0,25,0.5101641666666668,6.421387116114299,125.98124758402507,51.106704832986
mlp_qmix__N16__ring__seed6,mlp_qmix,coord_grid,6,2475,61900,47.0,25,0.5099662500000001,10.110636949539185,75.75153541564941,51.12655745801749
mlp_qmix__N16__ring__seed6,mlp_qmix,coord_grid,6,2476,61925,57.0,25,0.5097683333333334,6.107316851615906,103.8851672581264,51.14845233300002
mlp_qmix__N16__ring__seed6,mlp_qmix,coord_grid,6,2477,61950,73.0,25,0.5095704166666666,4.712555597225825,92.06279945373535,51.16842354100663
mlp_qmix__N16__ring__seed6,mlp_qmix,coord_grid,6,2478,61975,54.0,25,0.5093725,4.567172894875209,63.200459480285645,51.188745499996
mlp_qmix__N16__ring__seed6,mlp_qmix,coord_grid,6,2479,62000,67.0,25,0.5091745833333334,6.179849565029144,68.3775577545166,51.20850145799341
mlp_qmix__N16__ring__seed6,mlp_qmix,coord_grid,6,2480,62025,75.0,25,0.5089766666666666,6.023484059742519,73.17121260506767,51.23108075000346
mlp_qmix__N16__ring__seed6,mlp_qmix,coord_grid,6,2481,62050,61.0,25,0.5087787500000001,10.906988620758057,77.12522141138713,51.25068983301753
mlp_qmix__N16__ring__seed6,mlp_qmix,coord_grid,6,2482,62075,63.0,25,0.5085808333333334,4.611394554376602,82.28066953023274,51.270804000028875
mlp_qmix__N16__ring__seed6,mlp_qmix,coord_grid,6,2483,62100,62.0,25,0.5083829166666667,1.5297215680281322,89.0621166229248,51.29233187501086
mlp_qmix__N16__ring__seed6,mlp_qmix,coord_grid,6,2484,62125,61.0,25,0.508185,6.8569307667868475,71.63930238996234,51.31743545801146
mlp_qmix__N16__ring__seed6,mlp_qmix,coord_grid,6,2485,62150,65.0,25,0.5079870833333333,2.9563036262989044,45.224101543426514,51.33920462499373
mlp_qmix__N16__ring__seed6,mlp_qmix,coord_grid,6,2486,62175,67.0,25,0.5077891666666667,7.741317311922709,84.41185887654622,51.35990799998399
mlp_qmix__N16__ring__seed6,mlp_qmix,coord_grid,6,2487,62200,64.0,25,0.5075912499999999,6.5031373997529345,156.70122241973877,51.38045154098654
mlp_qmix__N16__ring__seed6,mlp_qmix,coord_grid,6,2488,62225,86.0,25,0.5073933333333334,5.451031463486808,70.60727446419853,51.402684708009474
mlp_qmix__N16__ring__seed6,mlp_qmix,coord_grid,6,2489,62250,56.0,25,0.5071954166666667,5.531364152828853,71.33928298950195,51.422301165992394
mlp_qmix__N16__ring__seed6,mlp_qmix,coord_grid,6,2490,62275,87.0,25,0.5069975,9.387139638264975,131.12364196777344,51.443167874997016
mlp_qmix__N16__ring__seed6,mlp_qmix,coord_grid,6,2491,62300,79.0,25,0.5067995833333333,8.499841004610062,34.0463350613912,51.46302933298284
mlp_qmix__N16__ring__seed6,mlp_qmix,coord_grid,6,2492,62325,57.0,25,0.5066016666666667,7.935045514787946,182.22309929983956,51.48585162498057
mlp_qmix__N16__ring__seed6,mlp_qmix,coord_grid,6,2493,62350,41.0,25,0.50640375,4.740971614917119,105.28238677978516,51.50588458299171
mlp_qmix__N16__ring__seed6,mlp_qmix,coord_grid,6,2494,62375,49.0,25,0.5062058333333332,4.885132471720378,150.9811528523763,51.52589337498648
mlp_qmix__N16__ring__seed6,mlp_qmix,coord_grid,6,2495,62400,52.0,25,0.5060079166666667,11.148109038670858,107.95373725891113,51.546140625025146
mlp_qmix__N16__ring__seed6,mlp_qmix,coord_grid,6,2496,62425,65.0,25,0.5058100000000001,4.887031172003065,129.1894141605922,51.56870795803843
mlp_qmix__N16__ring__seed6,mlp_qmix,coord_grid,6,2497,62450,56.0,25,0.5056120833333333,7.863506495952606,142.62176132202148,51.58878533303505
mlp_qmix__N16__ring__seed6,mlp_qmix,coord_grid,6,2498,62475,70.0,25,0.5054141666666667,6.991880317529042,115.8632214864095,51.60880058299517
mlp_qmix__N16__ring__seed6,mlp_qmix,coord_grid,6,2499,62500,80.0,25,0.50521625,6.5049450397491455,155.21164004007974,51.62871245801216
mlp_qmix__N16__ring__seed6,mlp_qmix,coord_grid,6,2500,62525,66.0,25,0.5050183333333333,9.47074372427804,110.66033799307687,51.65108883299399
mlp_qmix__N16__ring__seed6,mlp_qmix,coord_grid,6,2501,62550,46.0,25,0.5048204166666667,7.351247489452362,149.29232788085938,51.67094774998259
mlp_qmix__N16__ring__seed6,mlp_qmix,coord_grid,6,2502,62575,77.0,25,0.5046225,3.4071381787459054,138.33421802520752,51.690823875018395
mlp_qmix__N16__ring__seed6,mlp_qmix,coord_grid,6,2503,62600,78.0,25,0.5044245833333334,4.596283982197444,76.07116762797038,51.71066583303036
mlp_qmix__N16__ring__seed6,mlp_qmix,coord_grid,6,2504,62625,41.0,25,0.5042266666666666,6.832631724221366,240.89103480747767,51.73333087499486
mlp_qmix__N16__ring__seed6,mlp_qmix,coord_grid,6,2505,62650,49.0,25,0.50402875,11.4089937210083,211.3465690612793,51.75344295799732
mlp_qmix__N16__ring__seed6,mlp_qmix,coord_grid,6,2506,62675,83.0,25,0.5038308333333334,5.948386490345001,151.48476918538412,51.77318566601025
mlp_qmix__N16__ring__seed6,mlp_qmix,coord_grid,6,2507,62700,58.0,25,0.5036329166666667,5.870444099108378,165.17513783772787,51.79379270802019
mlp_qmix__N16__ring__seed6,mlp_qmix,coord_grid,6,2508,62725,40.0,25,0.503435,7.817451511110578,137.11530194963728,51.81640529102879
mlp_qmix__N16__ring__seed6,mlp_qmix,coord_grid,6,2509,62750,72.0,25,0.5032370833333334,7.113540748755137,86.00194231669109,51.836725750006735
mlp_qmix__N16__ring__seed6,mlp_qmix,coord_grid,6,2510,62775,66.0,25,0.5030391666666667,5.518917351961136,69.45084842046101,51.856680583034176
mlp_qmix__N16__ring__seed6,mlp_qmix,coord_grid,6,2511,62800,57.0,25,0.5028412499999999,5.499530067046483,72.36903095245361,51.8767545830342
mlp_qmix__N16__ring__seed6,mlp_qmix,coord_grid,6,2512,62825,78.0,25,0.5026433333333333,5.576890570776803,108.39726638793945,51.8993011660059
mlp_qmix__N16__ring__seed6,mlp_qmix,coord_grid,6,2513,62850,63.0,25,0.5024454166666668,4.026972860097885,114.73058478037517,51.91936162498314
mlp_qmix__N16__ring__seed6,mlp_qmix,coord_grid,6,2514,62875,76.0,25,0.5022475,8.585023601849874,80.88552538553874,51.93976208299864
mlp_qmix__N16__ring__seed6,mlp_qmix,coord_grid,6,2515,62900,65.0,25,0.5020495833333334,4.704720417658488,37.194129943847656,51.95975600002566
mlp_qmix__N16__ring__seed6,mlp_qmix,coord_grid,6,2516,62925,77.0,25,0.5018516666666667,6.205648822443826,78.21947860717773,51.98205195798073
mlp_qmix__N16__ring__seed6,mlp_qmix,coord_grid,6,2517,62950,69.0,25,0.50165375,7.353412240743637,100.9410270055135,52.00201925000874
mlp_qmix__N16__ring__seed6,mlp_qmix,coord_grid,6,2518,62975,65.0,25,0.5014558333333333,8.737408677736918,59.20591767628988,52.02191187499557
mlp_qmix__N16__ring__seed6,mlp_qmix,coord_grid,6,2519,63000,55.0,25,0.5012579166666667,8.116573731104532,92.05416774749756,52.04146687500179
mlp_qmix__N16__ring__seed6,mlp_qmix,coord_grid,6,2520,63025,63.0,25,0.5010600000000001,5.7226254769733975,144.41474151611328,52.063591375015676
mlp_qmix__N16__ring__seed6,mlp_qmix,coord_grid,6,2521,63050,63.0,25,0.5008620833333333,5.739684581756592,120.92757034301758,52.083433374995366
mlp_qmix__N16__ring__seed6,mlp_qmix,coord_grid,6,2522,63075,64.0,25,0.5006641666666667,8.821904142697653,126.5901444753011,52.10342879098607
mlp_qmix__N16__ring__seed6,mlp_qmix,coord_grid,6,2523,63100,63.0,25,0.5004662500000001,8.852781693140665,133.0125300089518,52.12319437501719
mlp_qmix__N16__ring__seed6,mlp_qmix,coord_grid,6,2524,63125,62.0,25,0.5002683333333333,5.051373277391706,148.5683648245675,52.145794333016966
mlp_qmix__N16__ring__seed6,mlp_qmix,coord_grid,6,2525,63150,72.0,25,0.5000704166666666,7.324337919553121,121.71051120758057,52.16596399998525
mlp_qmix__N16__ring__seed6,mlp_qmix,coord_grid,6,2526,63175,70.0,25,0.49987250000000005,10.736806492010752,175.29554176330566,52.18568087503081
mlp_qmix__N16__ring__seed6,mlp_qmix,coord_grid,6,2527,63200,85.0,25,0.49967458333333337,4.710055927435557,84.89594141642253,52.20587216602871
mlp_qmix__N16__ring__seed6,mlp_qmix,coord_grid,6,2528,63225,75.0,25,0.4994766666666667,7.441588427339282,53.86697605678013,52.227822291024495
mlp_qmix__N16__ring__seed6,mlp_qmix,coord_grid,6,2529,63250,66.0,25,0.4992787500000001,7.966508696476619,114.46944681803386,52.247928541037254
mlp_qmix__N16__ring__seed6,mlp_qmix,coord_grid,6,2530,63275,90.0,25,0.4990808333333334,8.72789559761683,69.92747974395752,52.26770916598616
mlp_qmix__N16__ring__seed6,mlp_qmix,coord_grid,6,2531,63300,74.0,25,0.4988829166666666,9.055338541666666,157.75104777018228,52.28772612498142
mlp_qmix__N16__ring__seed6,mlp_qmix,coord_grid,6,2532,63325,60.0,25,0.49868500000000004,8.633229970932007,162.2392567225865,52.31023670802824
mlp_qmix__N16__ring__seed6,mlp_qmix,coord_grid,6,2533,63350,76.0,25,0.49848708333333336,10.526177008946737,133.45620473225912,52.33030154102016
mlp_qmix__N16__ring__seed6,mlp_qmix,coord_grid,6,2534,63375,81.0,25,0.49828916666666667,9.73550542195638,144.3678716023763,52.35101808299078
mlp_qmix__N16__ring__seed6,mlp_qmix,coord_grid,6,2535,63400,51.0,25,0.49809125,8.061901013056437,133.0826040903727,52.37161241599824
mlp_qmix__N16__ring__seed6,mlp_qmix,coord_grid,6,2536,63425,63.0,25,0.4978933333333334,8.517810889652797,203.18240683419364,52.394183875003364
mlp_qmix__N16__ring__seed6,mlp_qmix,coord_grid,6,2537,63450,75.0,25,0.4976954166666667,4.831430971622467,95.69700304667155,52.41422183299437
mlp_qmix__N16__ring__seed6,mlp_qmix,coord_grid,6,2538,63475,60.0,25,0.49749750000000004,7.669136464595795,146.66018040974936,52.434324665984605
mlp_qmix__N16__ring__seed6,mlp_qmix,coord_grid,6,2539,63500,68.0,25,0.49729958333333335,9.284441351890564,167.1365181605021,52.454168750031386
mlp_qmix__N16__ring__seed6,mlp_qmix,coord_grid,6,2540,63525,54.0,25,0.49710166666666666,7.552659477506365,172.93291473388672,52.47690650000004
mlp_qmix__N16__ring__seed6,mlp_qmix,coord_grid,6,2541,63550,70.0,25,0.49690375,7.978318810462952,208.26893615722656,52.49685029103421
mlp_qmix__N16__ring__seed6,mlp_qmix,coord_grid,6,2542,63575,63.0,25,0.4967058333333333,7.485599497954051,121.88992118835449,52.5166366660269
mlp_qmix__N16__ring__seed6,mlp_qmix,coord_grid,6,2543,63600,68.0,25,0.4965079166666667,5.8651231328646345,175.25615374247232,52.53652875003172
mlp_qmix__N16__ring__seed6,mlp_qmix,coord_grid,6,2544,63625,68.0,25,0.49631000000000003,8.55645067351205,130.54508808680944,52.55890620802529
mlp_qmix__N16__ring__seed6,mlp_qmix,coord_grid,6,2545,63650,55.0,25,0.49611208333333334,8.323669672012329,160.63581466674805,52.57904562499607
mlp_qmix__N16__ring__seed6,mlp_qmix,coord_grid,6,2546,63675,66.0,25,0.49591416666666677,9.146317462126413,132.7231070200602,52.59926633298164
mlp_qmix__N16__ring__seed6,mlp_qmix,coord_grid,6,2547,63700,74.0,25,0.4957162500000001,6.666310807069142,159.9912083943685,52.61903737502871
mlp_qmix__N16__ring__seed6,mlp_qmix,coord_grid,6,2548,63725,76.0,25,0.4955183333333333,7.209295783724103,139.5310832432338,52.64114437502576
mlp_qmix__N16__ring__seed6,mlp_qmix,coord_grid,6,2549,63750,67.0,25,0.4953204166666667,7.58278485139211,171.43659337361655,52.661161833035294
mlp_qmix__N16__ring__seed6,mlp_qmix,coord_grid,6,2550,63775,51.0,25,0.4951225,4.313308596611023,140.43546930948892,52.68092641601106
mlp_qmix__N16__ring__seed6,mlp_qmix,coord_grid,6,2551,63800,75.0,25,0.49492458333333333,9.170465310414633,163.18984349568686,52.70118954102509
mlp_qmix__N16__ring__seed6,mlp_qmix,coord_grid,6,2552,63825,72.0,25,0.49472666666666665,10.712541282176971,144.25439235142298,52.72359383298317
mlp_qmix__N16__ring__seed6,mlp_qmix,coord_grid,6,2553,63850,54.0,25,0.4945287500000001,5.831228693326314,118.54786237080891,52.74343620799482
mlp_qmix__N16__ring__seed6,mlp_qmix,coord_grid,6,2554,63875,67.0,25,0.4943308333333334,5.249946137269338,162.42063903808594,52.76331287500216
mlp_qmix__N16__ring__seed6,mlp_qmix,coord_grid,6,2555,63900,60.0,25,0.4941329166666667,7.60269300142924,153.09523391723633,52.78342829103349
mlp_qmix__N16__ring__seed6,mlp_qmix,coord_grid,6,2556,63925,62.0,25,0.4939350000000001,7.250080244881766,154.52564402988978,52.80627304100199
mlp_qmix__N16__ring__seed6,mlp_qmix,coord_grid,6,2557,63950,60.0,25,0.4937370833333333,5.297646800676982,169.86981296539307,52.826311375014484
mlp_qmix__N16__ring__seed6,mlp_qmix,coord_grid,6,2558,63975,77.0,25,0.49353916666666664,8.148488203684488,109.86901315053304,52.84707754099509
mlp_qmix__N16__ring__seed6,mlp_qmix,coord_grid,6,2559,64000,56.0,25,0.49334124999999995,4.021027197440465,77.6880423227946,52.86669112503296
mlp_qmix__N16__ring__seed6,mlp_qmix,coord_grid,6,2560,64025,66.0,25,0.4931433333333334,4.338053550039019,127.75784301757812,52.88953541603405
mlp_qmix__N16__ring__seed6,mlp_qmix,coord_grid,6,2561,64050,67.0,25,0.4929454166666667,5.745336065689723,101.56056594848633,52.90927775000455
mlp_qmix__N16__ring__seed6,mlp_qmix,coord_grid,6,2562,64075,72.0,25,0.4927475,9.689540376265844,114.7415402730306,52.929162374988664
mlp_qmix__N16__ring__seed6,mlp_qmix,coord_grid,6,2563,64100,60.0,25,0.49254958333333343,8.868880440791449,69.82866191864014,52.94887766602915
mlp_qmix__N16__ring__seed6,mlp_qmix,coord_grid,6,2564,64125,76.0,25,0.49235166666666674,5.626922530787332,61.06712804521833,52.97115720802685
mlp_qmix__N16__ring__seed6,mlp_qmix,coord_grid,6,2565,64150,66.0,25,0.49215375000000006,5.8195674022038775,125.41866238911946,52.991353458026424
mlp_qmix__N16__ring__seed6,mlp_qmix,coord_grid,6,2566,64175,63.0,25,0.49195583333333326,7.381401548782985,76.80279175440471,53.01118770800531
mlp_qmix__N16__ring__seed6,mlp_qmix,coord_grid,6,2567,64200,56.0,25,0.4917579166666667,6.4492291410764055,77.44358603159587,53.03127099998528
mlp_qmix__N16__ring__seed6,mlp_qmix,coord_grid,6,2568,64225,64.0,25,0.49156,8.56547841003963,191.11231940133231,53.05353550001746
mlp_qmix__N16__ring__seed6,mlp_qmix,coord_grid,6,2569,64250,81.0,25,0.4913620833333333,4.479583650827408,155.48610051472983,53.07384945801459
mlp_qmix__N16__ring__seed6,mlp_qmix,coord_grid,6,2570,64275,81.0,25,0.49116416666666673,6.66175361474355,212.4914919535319,53.09358762501506
mlp_qmix__N16__ring__seed6,mlp_qmix,coord_grid,6,2571,64300,62.0,25,0.49096625000000005,8.100421706835428,194.14757664998373,53.113294125010725
mlp_qmix__N16__ring__seed6,mlp_qmix,coord_grid,6,2572,64325,53.0,25,0.49076833333333336,6.529801624161856,220.99198423113143,53.135578125016764
mlp_qmix__N16__ring__seed6,mlp_qmix,coord_grid,6,2573,64350,70.0,25,0.4905704166666668,8.686671574910482,182.1356086730957,53.155256291036494
mlp_qmix__N16__ring__seed6,mlp_qmix,coord_grid,6,2574,64375,110.0,25,0.4903725,8.870586176713308,191.08912404378256,53.17526754102437
mlp_qmix__N16__ring__seed6,mlp_qmix,coord_grid,6,2575,64400,66.0,25,0.4901745833333333,7.1926615834236145,202.82838439941406,53.19494441599818
mlp_qmix__N16__ring__seed6,mlp_qmix,coord_grid,6,2576,64425,72.0,25,0.4899766666666666,4.212505732263837,226.04396384102958,53.21717883303063
mlp_qmix__N16__ring__seed6,mlp_qmix,coord_grid,6,2577,64450,59.0,25,0.48977875000000004,4.539133131504059,172.5589828491211,53.237013624981046
mlp_qmix__N16__ring__seed6,mlp_qmix,coord_grid,6,2578,64475,72.0,25,0.48958083333333335,13.954427083333334,187.87761815388998,53.25737766601378
mlp_qmix__N16__ring__seed6,mlp_qmix,coord_grid,6,2579,64500,67.0,25,0.48938291666666667,12.080702622731527,167.32412401835123,53.27743566600839
mlp_qmix__N16__ring__seed6,mlp_qmix,coord_grid,6,2580,64525,66.0,25,0.4891850000000001,7.213773437908718,219.1559077671596,53.299654000031296
mlp_qmix__N16__ring__seed6,mlp_qmix,coord_grid,6,2581,64550,75.0,25,0.4889870833333334,7.036253730456035,170.66985829671225,53.319754958036356
mlp_qmix__N16__ring__seed6,mlp_qmix,coord_grid,6,2582,64575,82.0,25,0.4887891666666667,7.841514120499293,174.4464511871338,53.340380540990736
mlp_qmix__N16__ring__seed6,mlp_qmix,coord_grid,6,2583,64600,88.0,25,0.4885912499999999,6.136422733465831,141.0644795099894,53.36066337500233
mlp_qmix__N16__ring__seed6,mlp_qmix,coord_grid,6,2584,64625,59.0,25,0.48839333333333335,4.6402032886232645,149.76802498953683,53.38301633298397
mlp_qmix__N16__ring__seed6,mlp_qmix,coord_grid,6,2585,64650,83.0,25,0.48819541666666666,6.5020483533541364,56.6615416208903,53.4030813749996
mlp_qmix__N16__ring__seed6,mlp_qmix,coord_grid,6,2586,64675,109.0,25,0.4879975,4.173208683729172,94.56988557179768,53.42302416602615
mlp_qmix__N16__ring__seed6,mlp_qmix,coord_grid,6,2587,64700,71.0,25,0.4877995833333334,3.3024752040704093,102.30312569936116,53.44295904098544
mlp_qmix__N16__ring__seed6,mlp_qmix,coord_grid,6,2588,64725,54.0,25,0.4876016666666667,5.885784251349313,116.60925674438477,53.46519554103725
mlp_qmix__N16__ring__seed6,mlp_qmix,coord_grid,6,2589,64750,66.0,25,0.48740375,7.086601555347443,155.77542559305826,53.485090083035175
mlp_qmix__N16__ring__seed6,mlp_qmix,coord_grid,6,2590,64775,67.0,25,0.48720583333333345,3.4096826016902924,98.28397178649902,53.505038125033025
mlp_qmix__N16__ring__seed6,mlp_qmix,coord_grid,6,2591,64800,44.0,25,0.48700791666666676,6.69296532869339,73.17869440714519,53.52502004103735
mlp_qmix__N16__ring__seed6,mlp_qmix,coord_grid,6,2592,64825,66.0,25,0.48680999999999996,8.614767440727778,143.3554207938058,53.54714400001103
mlp_qmix__N16__ring__seed6,mlp_qmix,coord_grid,6,2593,64850,66.0,25,0.4866120833333333,1.5145271321137745,47.31009737650553,53.56682945799548
mlp_qmix__N16__ring__seed6,mlp_qmix,coord_grid,6,2594,64875,58.0,25,0.4864141666666667,5.834330429633458,52.686299641927086,53.58661837503314
mlp_qmix__N16__ring__seed6,mlp_qmix,coord_grid,6,2595,64900,89.0,25,0.48621625,3.307990243037542,87.77377573649089,53.606485833006445
mlp_qmix__N16__ring__seed6,mlp_qmix,coord_grid,6,2596,64925,59.0,25,0.48601833333333333,6.640898619379316,106.9942866734096,53.62931416602805
mlp_qmix__N16__ring__seed6,mlp_qmix,coord_grid,6,2597,64950,82.0,25,0.48582041666666675,2.5611347456773124,135.79947916666666,53.649261332990136
mlp_qmix__N16__ring__seed6,mlp_qmix,coord_grid,6,2598,64975,66.0,25,0.48562250000000007,16.18883776664734,144.40118344624838,53.668935458001215
mlp_qmix__N16__ring__seed6,mlp_qmix,coord_grid,6,2599,65000,75.0,25,0.4854245833333334,6.535430540641149,47.87178421020508,53.68951466598082
mlp_qmix__N16__ring__seed6,mlp_qmix,coord_grid,6,2600,65025,54.0,25,0.4852266666666667,6.568864107131958,258.55322265625,53.712439083028585
mlp_qmix__N16__ring__seed6,mlp_qmix,coord_grid,6,2601,65050,76.0,25,0.48502875,9.760243872801462,151.28685315450033,53.73235254100291
mlp_qmix__N16__ring__seed6,mlp_qmix,coord_grid,6,2602,65075,48.0,25,0.4848308333333333,7.91005152463913,164.2367935180664,53.753844708029646
mlp_qmix__N16__ring__seed6,mlp_qmix,coord_grid,6,2603,65100,65.0,25,0.48463291666666664,7.86598539352417,174.9928410847982,53.77419470803579
mlp_qmix__N16__ring__seed6,mlp_qmix,coord_grid,6,2604,65125,95.0,25,0.48443500000000006,13.436217989240374,130.31446538652693,53.79725791601231
mlp_qmix__N16__ring__seed6,mlp_qmix,coord_grid,6,2605,65150,73.0,25,0.4842370833333334,7.923368821541469,155.1828409830729,53.81745758303441
mlp_qmix__N16__ring__seed6,mlp_qmix,coord_grid,6,2606,65175,90.0,25,0.4840391666666667,6.23269917567571,171.69859568277994,53.83825816598255
mlp_qmix__N16__ring__seed6,mlp_qmix,coord_grid,6,2607,65200,75.0,25,0.4838412500000001,6.9100491007169085,97.13422234853108,53.85812462499598
mlp_qmix__N16__ring__seed6,mlp_qmix,coord_grid,6,2608,65225,61.0,25,0.4836433333333334,5.962246417999268,81.67833627973285,53.88052729098126
mlp_qmix__N16__ring__seed6,mlp_qmix,coord_grid,6,2609,65250,70.0,25,0.4834454166666666,5.77742966512839,69.99563090006511,53.900582000031136
mlp_qmix__N16__ring__seed6,mlp_qmix,coord_grid,6,2610,65275,59.0,25,0.48324749999999994,8.674020340045294,115.47622489929199,53.92063279100694
mlp_qmix__N16__ring__seed6,mlp_qmix,coord_grid,6,2611,65300,68.0,25,0.48304958333333337,9.255643884340921,209.40380986531576,53.940665083006024
mlp_qmix__N16__ring__seed6,mlp_qmix,coord_grid,6,2612,65325,61.0,25,0.4828516666666667,7.465579603399549,209.08205468314034,53.96311250003055
mlp_qmix__N16__ring__seed6,mlp_qmix,coord_grid,6,2613,65350,77.0,25,0.48265375,9.361905892690023,121.00891176859538,53.98290879098931
mlp_qmix__N16__ring__seed6,mlp_qmix,coord_grid,6,2614,65375,76.0,25,0.4824558333333334,6.006988972425461,116.5926939646403,54.002699416014366
mlp_qmix__N16__ring__seed6,mlp_qmix,coord_grid,6,2615,65400,109.0,25,0.48225791666666673,4.193514267603557,126.16390609741211,54.02278183301678
mlp_qmix__N16__ring__seed6,mlp_qmix,coord_grid,6,2616,65425,80.0,25,0.48206000000000004,9.625170298985072,69.01910618373326,54.045367958024144
mlp_qmix__N16__ring__seed6,mlp_qmix,coord_grid,6,2617,65450,66.0,25,0.48186208333333336,5.075230797131856,100.41582330067952,54.06552654103143
mlp_qmix__N16__ring__seed6,mlp_qmix,coord_grid,6,2618,65475,71.0,25,0.48166416666666667,7.714177499214808,106.84415626525879,54.08536999998614
mlp_qmix__N16__ring__seed6,mlp_qmix,coord_grid,6,2619,65500,59.0,25,0.48146625,6.785967310269673,104.97247807184856,54.10509666602593
mlp_qmix__N16__ring__seed6,mlp_qmix,coord_grid,6,2620,65525,78.0,25,0.4812683333333333,10.952919734375817,56.43138122558594,54.12752341601299
mlp_qmix__N16__ring__seed6,mlp_qmix,coord_grid,6,2621,65550,82.0,25,0.4810704166666667,10.596646110216776,168.92539660135904,54.14753570803441
mlp_qmix__N16__ring__seed6,mlp_qmix,coord_grid,6,2622,65575,76.0,25,0.48087250000000004,7.943426052729289,159.9609088897705,54.16775995801436
mlp_qmix__N16__ring__seed6,mlp_qmix,coord_grid,6,2623,65600,85.0,25,0.48067458333333335,3.4962911307811737,143.95100816090903,54.18750524998177
mlp_qmix__N16__ring__seed6,mlp_qmix,coord_grid,6,2624,65625,67.0,25,0.4804766666666668,6.31116373198373,178.45121874128068,54.21047862502746
mlp_qmix__N16__ring__seed6,mlp_qmix,coord_grid,6,2625,65650,83.0,25,0.4802787500000001,7.027430524428685,148.39880434672037,54.2304395409883
mlp_qmix__N16__ring__seed6,mlp_qmix,coord_grid,6,2626,65675,86.0,25,0.4800808333333334,8.343472649653753,83.56316407521565,54.25080654100748
mlp_qmix__N16__ring__seed6,mlp_qmix,coord_grid,6,2627,65700,76.0,25,0.4798829166666666,7.900970220565796,121.29014142354329,54.270586291037034
mlp_qmix__N16__ring__seed6,mlp_qmix,coord_grid,6,2628,65725,92.0,25,0.47968500000000003,6.9652761561529974,162.42983409336634,54.29308633302571
mlp_qmix__N16__ring__seed6,mlp_qmix,coord_grid,6,2629,65750,85.0,25,0.47948708333333334,10.438333113988241,220.5298703511556,54.31274687498808
mlp_qmix__N16__ring__seed6,mlp_qmix,coord_grid,6,2630,65775,83.0,25,0.47928916666666666,8.641515493392944,209.31931749979654,54.332882791000884
mlp_qmix__N16__ring__seed6,mlp_qmix,coord_grid,6,2631,65800,77.0,25,0.4790912500000001,6.804278155167897,95.41058508555095,54.35385391599266
mlp_qmix__N16__ring__seed6,mlp_qmix,coord_grid,6,2632,65825,68.0,25,0.4788933333333334,8.691694072314672,241.32125200544084,54.37617608299479
mlp_qmix__N16__ring__seed6,mlp_qmix,coord_grid,6,2633,65850,68.0,25,0.4786954166666667,9.992896477381388,236.5319480895996,54.396188125014305
mlp_qmix__N16__ring__seed6,mlp_qmix,coord_grid,6,2634,65875,50.0,25,0.4784975,8.142374555269877,241.04818216959634,54.41694941598689
mlp_qmix__N16__ring__seed6,mlp_qmix,coord_grid,6,2635,65900,47.0,25,0.47829958333333333,11.74351398150126,216.65351231892905,54.436919083003886
mlp_qmix__N16__ring__seed6,mlp_qmix,coord_grid,6,2636,65925,51.0,25,0.47810166666666665,8.82642240183694,240.72643824986048,54.45931883301819
mlp_qmix__N16__ring__seed6,mlp_qmix,coord_grid,6,2637,65950,77.0,25,0.47790374999999996,9.816267331441244,234.64366912841797,54.47913758299546
mlp_qmix__N16__ring__seed6,mlp_qmix,coord_grid,6,2638,65975,58.0,25,0.4777058333333334,10.488722801208496,220.10386403401694,54.500153707980644
mlp_qmix__N16__ring__seed6,mlp_qmix,coord_grid,6,2639,66000,62.0,25,0.4775079166666667,8.900164544582367,130.05026245117188,54.52011008298723
mlp_qmix__N16__ring__seed6,mlp_qmix,coord_grid,6,2640,66025,70.0,25,0.47731,6.760604117597852,93.70457349504743,54.5422533749952
mlp_qmix__N16__ring__seed6,mlp_qmix,coord_grid,6,2641,66050,73.0,25,0.4771120833333333,7.837215503056844,110.8465461730957,54.56209383299574
mlp_qmix__N16__ring__seed6,mlp_qmix,coord_grid,6,2642,66075,83.0,25,0.47691416666666675,10.070137103398642,174.84941546122232,54.5818498749868
mlp_qmix__N16__ring__seed6,mlp_qmix,coord_grid,6,2643,66100,60.0,25,0.47671625000000006,7.828327894210815,227.23078536987305,54.60218329099007
mlp_qmix__N16__ring__seed6,mlp_qmix,coord_grid,6,2644,66125,70.0,25,0.47651833333333327,8.929642115320478,180.13331549508231,54.62510541599477
mlp_qmix__N16__ring__seed6,mlp_qmix,coord_grid,6,2645,66150,73.0,25,0.4763204166666667,5.897549112637837,221.8791987101237,54.64513000001898
mlp_qmix__N16__ring__seed6,mlp_qmix,coord_grid,6,2646,66175,62.0,25,0.4761225,14.759584585825602,210.29872767130533,54.665339790983126
mlp_qmix__N16__ring__seed6,mlp_qmix,coord_grid,6,2647,66200,92.0,25,0.4759245833333333,14.734622478485107,222.66122182210287,54.68516883300617
mlp_qmix__N16__ring__seed6,mlp_qmix,coord_grid,6,2648,66225,75.0,25,0.47572666666666674,11.169068881443568,192.4172810145787,54.70783324999502
mlp_qmix__N16__ring__seed6,mlp_qmix,coord_grid,6,2649,66250,77.0,25,0.47552875000000006,7.440401037534078,206.14340209960938,54.72797945799539
mlp_qmix__N16__ring__seed6,mlp_qmix,coord_grid,6,2650,66275,88.0,25,0.47533083333333337,9.311903099219004,181.53773625691733,54.748294416000135
mlp_qmix__N16__ring__seed6,mlp_qmix,coord_grid,6,2651,66300,68.0,25,0.4751329166666667,6.924067298571269,238.01825205485025,54.76821045798715
mlp_qmix__N16__ring__seed6,mlp_qmix,coord_grid,6,2652,66325,67.0,25,0.4749350000000001,4.3386931249073575,193.34188188825334,54.79095179098658
mlp_qmix__N16__ring__seed6,mlp_qmix,coord_grid,6,2653,66350,62.0,25,0.4747370833333333,13.769819299379984,180.04181671142578,54.810826540982816
mlp_qmix__N16__ring__seed6,mlp_qmix,coord_grid,6,2654,66375,72.0,25,0.4745391666666666,10.900866508483887,183.6781037648519,54.83065691601951
mlp_qmix__N16__ring__seed6,mlp_qmix,coord_grid,6,2655,66400,81.0,25,0.47434125000000005,7.764382421970367,221.78114573160806,54.85091854102211
mlp_qmix__N16__ring__seed6,mlp_qmix,coord_grid,6,2656,66425,77.0,25,0.47414333333333336,9.552738121577672,195.7794701712472,54.87338591599837
mlp_qmix__N16__ring__seed6,mlp_qmix,coord_grid,6,2657,66450,74.0,25,0.4739454166666667,7.415980786085129,146.74579334259033,54.89350758300861
mlp_qmix__N16__ring__seed6,mlp_qmix,coord_grid,6,2658,66475,76.0,25,0.4737475,6.0074083010355634,35.97644281387329,54.913281958026346
mlp_qmix__N16__ring__seed6,mlp_qmix,coord_grid,6,2659,66500,56.0,25,0.4735495833333334,8.60144587357839,76.91582107543945,54.933523958025035
mlp_qmix__N16__ring__seed6,mlp_qmix,coord_grid,6,2660,66525,75.0,25,0.4733516666666667,8.562506931168693,127.77878134591239,54.95580691599753
mlp_qmix__N16__ring__seed6,mlp_qmix,coord_grid,6,2661,66550,66.0,25,0.47315375000000004,12.605220158894857,140.4912888209025,54.97592454100959
mlp_qmix__N16__ring__seed6,mlp_qmix,coord_grid,6,2662,66575,75.0,25,0.47295583333333335,5.961020320653915,41.73043950398763,54.99592491600197
mlp_qmix__N16__ring__seed6,mlp_qmix,coord_grid,6,2663,66600,70.0,25,0.47275791666666667,6.819821705420812,59.59697278340658,55.01600070798304
mlp_qmix__N16__ring__seed6,mlp_qmix,coord_grid,6,2664,66625,88.0,25,0.47256,6.559277772903442,262.5394548688616,55.038519499998074
mlp_qmix__N16__ring__seed6,mlp_qmix,coord_grid,6,2665,66650,63.0,25,0.4723620833333334,7.8498881260554,235.0599308013916,55.05862666602479
mlp_qmix__N16__ring__seed6,mlp_qmix,coord_grid,6,2666,66675,76.0,25,0.4721641666666667,11.925765911738077,245.5458984375,55.07820408302359
mlp_qmix__N16__ring__seed6,mlp_qmix,coord_grid,6,2667,66700,68.0,25,0.47196625000000003,11.094062308470408,126.79299290974934,55.09820583299734
mlp_qmix__N16__ring__seed6,mlp_qmix,coord_grid,6,2668,66725,87.0,25,0.47176833333333335,11.52444246837071,85.40317835126605,55.12040316598723
mlp_qmix__N16__ring__seed6,mlp_qmix,coord_grid,6,2669,66750,67.0,25,0.47157041666666677,9.753402362267176,102.2244742711385,55.14031841600081
mlp_qmix__N16__ring__seed6,mlp_qmix,coord_grid,6,2670,66775,79.0,25,0.47137249999999997,10.584336260954538,68.40175247192383,55.16007383301621
mlp_qmix__N16__ring__seed6,mlp_qmix,coord_grid,6,2671,66800,77.0,25,0.4711745833333333,6.358142872651418,124.83246739705403,55.17984187498223
mlp_qmix__N16__ring__seed6,mlp_qmix,coord_grid,6,2672,66825,84.0,25,0.4709766666666667,11.260995047433036,163.56739262172155,55.20231804100331
mlp_qmix__N16__ring__seed6,mlp_qmix,coord_grid,6,2673,66850,90.0,25,0.47077875,10.947231928507486,148.8576202392578,55.22220916603692
mlp_qmix__N16__ring__seed6,mlp_qmix,coord_grid,6,2674,66875,90.0,25,0.47058083333333334,3.486648827791214,87.70380433400472,55.24303841602523
mlp_qmix__N16__ring__seed6,mlp_qmix,coord_grid,6,2675,66900,81.0,25,0.47038291666666665,7.12446133295695,56.03597068786621,55.26319750002585
mlp_qmix__N16__ring__seed6,mlp_qmix,coord_grid,6,2676,66925,67.0,25,0.4701850000000001,13.988297394343785,119.84915052141461,55.28537187498296
mlp_qmix__N16__ring__seed6,mlp_qmix,coord_grid,6,2677,66950,80.0,25,0.4699870833333334,13.439682960510254,78.87352339426677,55.305550958029926
mlp_qmix__N16__ring__seed6,mlp_qmix,coord_grid,6,2678,66975,77.0,25,0.4697891666666667,5.24909371137619,75.8924732208252,55.325575958006084
mlp_qmix__N16__ring__seed6,mlp_qmix,coord_grid,6,2679,67000,77.0,25,0.46959125,7.933764696121216,59.19950040181478,55.34538912499556
mlp_qmix__N16__ring__seed6,mlp_qmix,coord_grid,6,2680,67025,54.0,25,0.46939333333333333,8.607178313391548,106.37739290509906,55.368562415998895
mlp_qmix__N16__ring__seed6,mlp_qmix,coord_grid,6,2681,67050,65.0,25,0.46919541666666664,8.466411610444387,167.4774522781372,55.389097166014835
mlp_qmix__N16__ring__seed6,mlp_qmix,coord_grid,6,2682,67075,42.0,25,0.46899750000000007,6.458950916926066,155.3595314025879,55.40924566600006
mlp_qmix__N16__ring__seed6,mlp_qmix,coord_grid,6,2683,67100,88.0,25,0.4687995833333334,8.211292018493017,110.01405493418376,55.42910683300579
mlp_qmix__N16__ring__seed6,mlp_qmix,coord_grid,6,2684,67125,63.0,25,0.4686016666666667,11.22912619795118,167.12552642822266,55.45183391601313
mlp_qmix__N16__ring__seed6,mlp_qmix,coord_grid,6,2685,67150,58.0,25,0.46840375,9.24015998840332,167.24066225687662,55.47165129100904
mlp_qmix__N16__ring__seed6,mlp_qmix,coord_grid,6,2686,67175,86.0,25,0.46820583333333343,13.625148355960846,145.1649850209554,55.49147708300734
mlp_qmix__N16__ring__seed6,mlp_qmix,coord_grid,6,2687,67200,51.0,25,0.46800791666666675,8.546892603238424,181.04789034525552,55.511382916010916
mlp_qmix__N16__ring__seed6,mlp_qmix,coord_grid,6,2688,67225,68.0,25,0.46780999999999995,6.312054557459695,97.54683140345982,55.53392466600053
mlp_qmix__N16__ring__seed6,mlp_qmix,coord_grid,6,2689,67250,57.0,25,0.4676120833333334,5.197668194770813,74.93790404001872,55.55372558301315
mlp_qmix__N16__ring__seed6,mlp_qmix,coord_grid,6,2690,67275,65.0,25,0.4674141666666667,6.127120057741801,59.07657114664713,55.57399920799071
mlp_qmix__N16__ring__seed6,mlp_qmix,coord_grid,6,2691,67300,83.0,25,0.46721625,7.995795766512553,145.50303395589194,55.593955582997296
mlp_qmix__N16__ring__seed6,mlp_qmix,coord_grid,6,2692,67325,55.0,25,0.4670183333333333,4.801906790052142,139.60389573233468,55.61630412499653
mlp_qmix__N16__ring__seed6,mlp_qmix,coord_grid,6,2693,67350,73.0,25,0.46682041666666674,9.004045943419138,139.16882769266763,55.63661070802482
mlp_qmix__N16__ring__seed6,mlp_qmix,coord_grid,6,2694,67375,65.0,25,0.46662250000000005,8.855007807413736,70.36273034413655,55.65705508302199
mlp_qmix__N16__ring__seed6,mlp_qmix,coord_grid,6,2695,67400,77.0,25,0.46642458333333336,4.434800426165263,104.16711044311523,55.682149708038196
mlp_qmix__N16__ring__seed6,mlp_qmix,coord_grid,6,2696,67425,67.0,25,0.4662266666666667,5.966467729636601,135.94913482666016,55.70784049999202
mlp_qmix__N16__ring__seed6,mlp_qmix,coord_grid,6,2697,67450,91.0,25,0.46602875,6.2604560653368635,107.5156987508138,55.73127516603563
mlp_qmix__N16__ring__seed6,mlp_qmix,coord_grid,6,2698,67475,58.0,25,0.4658308333333333,7.204407607515653,47.160078048706055,55.75143699999899
mlp_qmix__N16__ring__seed6,mlp_qmix,coord_grid,6,2699,67500,85.0,25,0.46563291666666673,5.372820655504863,101.36277929941814,55.771814041014295
mlp_qmix__N16__ring__seed6,mlp_qmix,coord_grid,6,2700,67525,78.0,25,0.46543500000000004,6.369775950908661,102.48421560014997,55.794938041013665
mlp_qmix__N16__ring__seed6,mlp_qmix,coord_grid,6,2701,67550,70.0,25,0.46523708333333336,5.908838748931885,193.65942255655924,55.8150909160031
mlp_qmix__N16__ring__seed6,mlp_qmix,coord_grid,6,2702,67575,65.0,25,0.46503916666666667,9.500796556472778,145.21355756123862,55.8350961250253
mlp_qmix__N16__ring__seed6,mlp_qmix,coord_grid,6,2703,67600,79.0,25,0.4648412500000001,11.362086455027262,162.22441482543945,55.85581237502629
mlp_qmix__N16__ring__seed6,mlp_qmix,coord_grid,6,2704,67625,80.0,25,0.4646433333333334,9.439139246940613,93.05417360578265,55.8785432910081
mlp_qmix__N16__ring__seed6,mlp_qmix,coord_grid,6,2705,67650,77.0,25,0.4644454166666666,10.914810180664062,104.09385681152344,55.89844966598321
mlp_qmix__N16__ring__seed6,mlp_qmix,coord_grid,6,2706,67675,67.0,25,0.46424750000000004,8.271870056788126,123.84876378377278,55.91864541603718
mlp_qmix__N16__ring__seed6,mlp_qmix,coord_grid,6,2707,67700,53.0,25,0.46404958333333335,5.2499251166979475,225.44174003601074,55.9387379999971
mlp_qmix__N16__ring__seed6,mlp_qmix,coord_grid,6,2708,67725,79.0,25,0.46385166666666666,10.44986481325967,211.46277836390905,55.961477208009455
mlp_qmix__N16__ring__seed6,mlp_qmix,coord_grid,6,2709,67750,60.0,25,0.46365375,11.940742999315262,79.3895320892334,55.98155979102012
mlp_qmix__N16__ring__seed6,mlp_qmix,coord_grid,6,2710,67775,88.0,25,0.4634558333333334,4.362472941478093,46.325324058532715,56.001502875005826
mlp_qmix__N16__ring__seed6,mlp_qmix,coord_grid,6,2711,67800,90.0,25,0.4632579166666667,12.91232434908549,139.50156211853027,56.02165304101072
mlp_qmix__N16__ring__seed6,mlp_qmix,coord_grid,6,2712,67825,61.0,25,0.46306,8.877925736563546,142.0710928780692,56.04397629102459
mlp_qmix__N16__ring__seed6,mlp_qmix,coord_grid,6,2713,67850,75.0,25,0.46286208333333345,10.879821052153906,93.31827354431152,56.06377520802198
mlp_qmix__N16__ring__seed6,mlp_qmix,coord_grid,6,2714,67875,72.0,25,0.46266416666666665,11.099189599355062,127.97000726064046,56.0835064999992
mlp_qmix__N16__ring__seed6,mlp_qmix,coord_grid,6,2715,67900,92.0,25,0.46246624999999997,6.042382329702377,201.76762262980142,56.1038123749895
mlp_qmix__N16__ring__seed6,mlp_qmix,coord_grid,6,2716,67925,87.0,25,0.4622683333333333,6.290594765118191,106.37668364388603,56.126272541005164
mlp_qmix__N16__ring__seed6,mlp_qmix,coord_grid,6,2717,67950,70.0,25,0.4620704166666667,10.04527759552002,93.83618354797363,56.146337207988836
mlp_qmix__N16__ring__seed6,mlp_qmix,coord_grid,6,2718,67975,87.0,25,0.4618725,10.808158874511719,125.20509401957194,56.166528665984515
mlp_qmix__N16__ring__seed6,mlp_qmix,coord_grid,6,2719,68000,84.0,25,0.46167458333333333,8.122618069251379,75.5733642578125,56.18650362500921
mlp_qmix__N16__ring__seed6,mlp_qmix,coord_grid,6,2720,68025,38.0,25,0.46147666666666676,10.843709060123988,57.508836473737446,56.208918582997285
mlp_qmix__N16__ring__seed6,mlp_qmix,coord_grid,6,2721,68050,77.0,25,0.46127875000000007,9.936106046040853,57.0429884592692,56.22904991602991
mlp_qmix__N16__ring__seed6,mlp_qmix,coord_grid,6,2722,68075,91.0,25,0.4610808333333334,8.185415347417196,106.60503196716309,56.24903545802226
mlp_qmix__N16__ring__seed6,mlp_qmix,coord_grid,6,2723,68100,72.0,25,0.4608829166666667,7.391868362824122,119.6907335917155,56.26969874999486
mlp_qmix__N16__ring__seed6,mlp_qmix,coord_grid,6,2724,68125,63.0,25,0.460685,4.444463295595987,217.3441663469587,56.29380416602362
mlp_qmix__N16__ring__seed6,mlp_qmix,coord_grid,6,2725,68150,75.0,25,0.4604870833333333,6.278199036916097,115.86049842834473,56.314897250034846
mlp_qmix__N16__ring__seed6,mlp_qmix,coord_grid,6,2726,68175,85.0,25,0.46028916666666664,14.453226089477539,81.84371439615886,56.33572433301015
mlp_qmix__N16__ring__seed6,mlp_qmix,coord_grid,6,2727,68200,54.0,25,0.46009125000000006,7.157335082689921,89.05226834615071,56.35628725000424
mlp_qmix__N16__ring__seed6,mlp_qmix,coord_grid,6,2728,68225,67.0,25,0.4598933333333334,11.742207825183868,272.3993661063058,56.3800027500256
mlp_qmix__N16__ring__seed6,mlp_qmix,coord_grid,6,2729,68250,71.0,25,0.4596954166666667,4.738339751958847,136.4038667678833,56.40045783302048
mlp_qmix__N16__ring__seed6,mlp_qmix,coord_grid,6,2730,68275,102.0,25,0.4594975000000001,5.619351714849472,119.0486208597819,56.42011712503154
mlp_qmix__N16__ring__seed6,mlp_qmix,coord_grid,6,2731,68300,72.0,25,0.4592995833333333,9.24720428387324,78.63686911265056,56.44051212503109
mlp_qmix__N16__ring__seed6,mlp_qmix,coord_grid,6,2732,68325,71.0,25,0.45910166666666663,5.626689365931919,61.91079003470285,56.462940541037824
mlp_qmix__N16__ring__seed6,mlp_qmix,coord_grid,6,2733,68350,108.0,25,0.45890374999999994,12.954042593638102,52.5814011891683,56.48360070801573
mlp_qmix__N16__ring__seed6,mlp_qmix,coord_grid,6,2734,68375,91.0,25,0.45870583333333337,6.662320633729299,162.7386678059896,56.50376870803302
mlp_qmix__N16__ring__seed6,mlp_qmix,coord_grid,6,2735,68400,59.0,25,0.4585079166666667,9.267410029967627,53.42743810017904,56.52389466599561
mlp_qmix__N16__ring__seed6,mlp_qmix,coord_grid,6,2736,68425,77.0,25,0.45831,7.378429787499564,98.99974686758858,56.54665091598872
mlp_qmix__N16__ring__seed6,mlp_qmix,coord_grid,6,2737,68450,60.0,25,0.4581120833333334,5.498271773258845,80.53247292836507,56.566614374984056
mlp_qmix__N16__ring__seed6,mlp_qmix,coord_grid,6,2738,68475,52.0,25,0.45791416666666673,8.51685514052709,134.47494316101074,56.58675066602882
mlp_qmix__N16__ring__seed6,mlp_qmix,coord_grid,6,2739,68500,77.0,25,0.45771625000000005,4.755573680003484,131.6688575744629,56.60649704100797
mlp_qmix__N16__ring__seed6,mlp_qmix,coord_grid,6,2740,68525,68.0,25,0.45751833333333336,6.429218181541988,44.92242349897112,56.62918158300454
mlp_qmix__N16__ring__seed6,mlp_qmix,coord_grid,6,2741,68550,75.0,25,0.4573204166666667,5.609398106733958,98.90657997131348,56.65088912501233
mlp_qmix__N16__ring__seed6,mlp_qmix,coord_grid,6,2742,68575,63.0,25,0.4571225,9.1686998407046,60.834378242492676,56.671354332997
mlp_qmix__N16__ring__seed6,mlp_qmix,coord_grid,6,2743,68600,73.0,25,0.4569245833333333,4.801558663447698,160.0911521911621,56.69145133299753
mlp_qmix__N16__ring__seed6,mlp_qmix,coord_grid,6,2744,68625,91.0,25,0.4567266666666667,10.625566755022321,102.22586985996791,56.71465704101138
mlp_qmix__N16__ring__seed6,mlp_qmix,coord_grid,6,2745,68650,84.0,25,0.45652875000000004,12.335599819819132,154.9647979736328,56.734494083037134
mlp_qmix__N16__ring__seed6,mlp_qmix,coord_grid,6,2746,68675,96.0,25,0.45633083333333335,10.64557578166326,176.9873021443685,56.75470866600517
mlp_qmix__N16__ring__seed6,mlp_qmix,coord_grid,6,2747,68700,64.0,25,0.4561329166666668,8.45067791144053,137.75674311319986,56.77476008300437
mlp_qmix__N16__ring__seed6,mlp_qmix,coord_grid,6,2748,68725,65.0,25,0.4559350000000001,7.232193768024445,61.66251918247768,56.79748962499434
mlp_qmix__N16__ring__seed6,mlp_qmix,coord_grid,6,2749,68750,68.0,25,0.4557370833333333,4.752024968465169,101.61035537719727,56.81760979100363
mlp_qmix__N16__ring__seed6,mlp_qmix,coord_grid,6,2750,68775,72.0,25,0.4555391666666666,10.577708423137665,140.48920694986978,56.83746166602941
mlp_qmix__N16__ring__seed6,mlp_qmix,coord_grid,6,2751,68800,85.0,25,0.45534125000000003,8.389555275440216,228.06274795532227,56.8573292910005
mlp_qmix__N16__ring__seed6,mlp_qmix,coord_grid,6,2752,68825,64.0,25,0.45514333333333334,13.63589368547712,253.21072387695312,56.87949970801128
mlp_qmix__N16__ring__seed6,mlp_qmix,coord_grid,6,2753,68850,80.0,25,0.45494541666666666,10.736276606718699,178.03448613484701,56.89980766602093
mlp_qmix__N16__ring__seed6,mlp_qmix,coord_grid,6,2754,68875,64.0,25,0.4547475000000001,10.180828203757605,71.50864696502686,56.91959141602274
mlp_qmix__N16__ring__seed6,mlp_qmix,coord_grid,6,2755,68900,86.0,25,0.4545495833333334,10.268752415974935,100.64725748697917,56.939783332985826
mlp_qmix__N16__ring__seed6,mlp_qmix,coord_grid,6,2756,68925,73.0,25,0.4543516666666667,7.4165777904646735,105.09825570242745,56.96196141600376
mlp_qmix__N16__ring__seed6,mlp_qmix,coord_grid,6,2757,68950,89.0,25,0.45415375,8.22514134645462,101.90603605906169,56.982103708025534
mlp_qmix__N16__ring__seed6,mlp_qmix,coord_grid,6,2758,68975,81.0,25,0.45395583333333334,9.296467940012613,69.67309697469075,57.0021381250117
mlp_qmix__N16__ring__seed6,mlp_qmix,coord_grid,6,2759,69000,67.0,25,0.45375791666666665,8.595332344373068,158.81622314453125,57.0227629999863
mlp_qmix__N16__ring__seed6,mlp_qmix,coord_grid,6,2760,69025,64.0,25,0.45355999999999996,14.828733239855085,242.12598964146204,57.04486754100071
mlp_qmix__N16__ring__seed6,mlp_qmix,coord_grid,6,2761,69050,70.0,25,0.4533620833333334,7.788355489571889,172.6983985900879,57.065025124989916
mlp_qmix__N16__ring__seed6,mlp_qmix,coord_grid,6,2762,69075,78.0,25,0.4531641666666667,8.330565333366394,79.44706376393636,57.0847181660356
mlp_qmix__N16__ring__seed6,mlp_qmix,coord_grid,6,2763,69100,114.0,25,0.45296625,14.907318830490112,229.20233662923178,57.10413566598436
mlp_qmix__N16__ring__seed6,mlp_qmix,coord_grid,6,2764,69125,65.0,25,0.45276833333333344,7.437122668538775,231.68483352661133,57.12725145800505
mlp_qmix__N16__ring__seed6,mlp_qmix,coord_grid,6,2765,69150,81.0,25,0.45257041666666675,6.7040159205595655,118.44362258911133,57.14710079098586
mlp_qmix__N16__ring__seed6,mlp_qmix,coord_grid,6,2766,69175,84.0,25,0.45237249999999996,13.91156808535258,187.6163673400879,57.16752537502907
mlp_qmix__N16__ring__seed6,mlp_qmix,coord_grid,6,2767,69200,86.0,25,0.45217458333333327,5.60557038585345,77.19815158843994,57.187712332990486
mlp_qmix__N16__ring__seed6,mlp_qmix,coord_grid,6,2768,69225,73.0,25,0.4519766666666667,9.1685032418796,137.51899664742606,57.209979915991426
mlp_qmix__N16__ring__seed6,mlp_qmix,coord_grid,6,2769,69250,61.0,25,0.45177875,10.034838120142618,217.35152435302734,57.23053158301627
mlp_qmix__N16__ring__seed6,mlp_qmix,coord_grid,6,2770,69275,72.0,25,0.4515808333333333,13.375058670838675,138.8361021677653,57.25047800003085
mlp_qmix__N16__ring__seed6,mlp_qmix,coord_grid,6,2771,69300,81.0,25,0.45138291666666674,11.37966775894165,84.94118245442708,57.27032179100206
mlp_qmix__N16__ring__seed6,mlp_qmix,coord_grid,6,2772,69325,82.0,25,0.45118500000000006,8.309151240757533,113.42307145254952,57.292763540986925
mlp_qmix__N16__ring__seed6,mlp_qmix,coord_grid,6,2773,69350,74.0,25,0.45098708333333337,10.502838432788849,129.61349646250406,57.31273100001272
mlp_qmix__N16__ring__seed6,mlp_qmix,coord_grid,6,2774,69375,63.0,25,0.4507891666666668,10.36838173866272,137.0319004058838,57.33254270802718
mlp_qmix__N16__ring__seed6,mlp_qmix,coord_grid,6,2775,69400,96.0,25,0.45059125,5.768865883350372,145.83383178710938,57.3525192909874
mlp_qmix__N16__ring__seed6,mlp_qmix,coord_grid,6,2776,69425,63.0,25,0.4503933333333333,10.668793559074402,83.95949935913086,57.375021249987185
mlp_qmix__N16__ring__seed6,mlp_qmix,coord_grid,6,2777,69450,79.0,25,0.4501954166666666,11.279584676027298,71.53196716308594,57.396257125015836
mlp_qmix__N16__ring__seed6,mlp_qmix,coord_grid,6,2778,69475,64.0,25,0.44999750000000005,4.763802617788315,156.5208854675293,57.416585957980715
mlp_qmix__N16__ring__seed6,mlp_qmix,coord_grid,6,2779,69500,93.0,25,0.44979958333333336,10.706403394540152,159.4552787144979,57.43677112500882
mlp_qmix__N16__ring__seed6,mlp_qmix,coord_grid,6,2780,69525,79.0,25,0.4496016666666667,13.489128351211548,167.86829539707728,57.45955374999903
mlp_qmix__N16__ring__seed6,mlp_qmix,coord_grid,6,2781,69550,115.0,25,0.4494037500000001,11.739181359608969,186.03160985310873,57.47952737502055
mlp_qmix__N16__ring__seed6,mlp_qmix,coord_grid,6,2782,69575,49.0,25,0.4492058333333334,7.692585349082947,161.90554555257162,57.49932612502016
mlp_qmix__N16__ring__seed6,mlp_qmix,coord_grid,6,2783,69600,63.0,25,0.44900791666666673,7.849530776341756,166.95377667744955,57.51919770799577
mlp_qmix__N16__ring__seed6,mlp_qmix,coord_grid,6,2784,69625,67.0,25,0.44880999999999993,11.117709270545415,189.07182121276855,57.541202416003216
mlp_qmix__N16__ring__seed6,mlp_qmix,coord_grid,6,2785,69650,88.0,25,0.44861208333333336,6.631840487321218,148.14531135559082,57.56117595802061
mlp_qmix__N16__ring__seed6,mlp_qmix,coord_grid,6,2786,69675,88.0,25,0.44841416666666667,10.902453263600668,204.13229751586914,57.58101883303607
mlp_qmix__N16__ring__seed6,mlp_qmix,coord_grid,6,2787,69700,65.0,25,0.44821625,8.620689113934835,238.87481753031412,57.60109312500572
mlp_qmix__N16__ring__seed6,mlp_qmix,coord_grid,6,2788,69725,79.0,25,0.4480183333333334,5.0684573990958075,144.85122135707311,57.62354025000241
mlp_qmix__N16__ring__seed6,mlp_qmix,coord_grid,6,2789,69750,79.0,25,0.4478204166666667,7.470560709635417,88.1261339187622,57.64298683300149
mlp_qmix__N16__ring__seed6,mlp_qmix,coord_grid,6,2790,69775,65.0,25,0.44762250000000003,12.370424032211304,105.90785376230876,57.662974082981236
mlp_qmix__N16__ring__seed6,mlp_qmix,coord_grid,6,2791,69800,87.0,25,0.44742458333333335,3.6766143143177032,92.34615484873454,57.683510125032626
mlp_qmix__N16__ring__seed6,mlp_qmix,coord_grid,6,2792,69825,79.0,25,0.44722666666666666,11.734541296958923,231.86689104352678,57.70612383302068
mlp_qmix__N16__ring__seed6,mlp_qmix,coord_grid,6,2793,69850,71.0,25,0.44702875,11.494067827860514,134.02776972452799,57.726233041030355
mlp_qmix__N16__ring__seed6,mlp_qmix,coord_grid,6,2794,69875,103.0,25,0.4468308333333333,6.7338976462682085,143.72973664601645,57.74598145799246
mlp_qmix__N16__ring__seed6,mlp_qmix,coord_grid,6,2795,69900,70.0,25,0.4466329166666667,6.6794631977876024,126.99554030100505,57.76602591603296
mlp_qmix__N16__ring__seed6,mlp_qmix,coord_grid,6,2796,69925,68.0,25,0.446435,10.581688812800817,227.2220916748047,57.78867658303352
mlp_qmix__N16__ring__seed6,mlp_qmix,coord_grid,6,2797,69950,50.0,25,0.44623708333333334,7.739476561546326,228.9722671508789,57.809956457989756
mlp_qmix__N16__ring__seed6,mlp_qmix,coord_grid,6,2798,69975,54.0,25,0.44603916666666676,3.0472838977972665,155.8724848429362,57.83000787498895
mlp_qmix__N16__ring__seed6,mlp_qmix,coord_grid,6,2799,70000,44.0,25,0.4458412500000001,3.756794512271881,114.87326049804688,57.850516957987566
mlp_qmix__N16__ring__seed6,mlp_qmix,coord_grid,6,2800,70025,51.0,25,0.4456433333333334,8.268461363656181,84.54772976466587,57.87284145801095
mlp_qmix__N16__ring__seed6,mlp_qmix,coord_grid,6,2801,70050,88.0,25,0.4454454166666666,8.146472215652466,176.98859469095865,57.89303866599221
mlp_qmix__N16__ring__seed6,mlp_qmix,coord_grid,6,2802,70075,90.0,25,0.4452475,8.861675600210825,170.35418764750162,57.91314766602591
mlp_qmix__N16__ring__seed6,mlp_qmix,coord_grid,6,2803,70100,83.0,25,0.44504958333333333,5.7167961696783705,119.7734956741333,57.933129207987804
mlp_qmix__N16__ring__seed6,mlp_qmix,coord_grid,6,2804,70125,73.0,25,0.44485166666666665,8.826835223606654,183.4835466657366,57.955715249991044
mlp_qmix__N16__ring__seed6,mlp_qmix,coord_grid,6,2805,70150,94.0,25,0.44465375000000007,7.773520449797313,126.79814275105794,57.97568525001407
mlp_qmix__N16__ring__seed6,mlp_qmix,coord_grid,6,2806,70175,68.0,25,0.4444558333333334,9.109580079714457,197.3407122294108,57.995610625017434
mlp_qmix__N16__ring__seed6,mlp_qmix,coord_grid,6,2807,70200,70.0,25,0.4442579166666667,7.057436645030975,172.74508666992188,58.015481624985114
mlp_qmix__N16__ring__seed6,mlp_qmix,coord_grid,6,2808,70225,65.0,25,0.44406,8.56520768574306,168.9221899850028,58.03790170798311
mlp_qmix__N16__ring__seed6,mlp_qmix,coord_grid,6,2809,70250,83.0,25,0.44386208333333343,11.787376701831818,140.1944808959961,58.05805245798547
mlp_qmix__N16__ring__seed6,mlp_qmix,coord_grid,6,2810,70275,77.0,25,0.44366416666666664,6.241043666998546,222.4753189086914,58.078151916037314
mlp_qmix__N16__ring__seed6,mlp_qmix,coord_grid,6,2811,70300,56.0,25,0.44346624999999995,10.890352884928385,180.27915318806967,58.09803004103014
mlp_qmix__N16__ring__seed6,mlp_qmix,coord_grid,6,2812,70325,74.0,25,0.4432683333333334,9.406651905604772,165.66545922415597,58.12051387503743
mlp_qmix__N16__ring__seed6,mlp_qmix,coord_grid,6,2813,70350,67.0,25,0.4430704166666667,7.022943635781606,223.11169052124023,58.14048691600328
mlp_qmix__N16__ring__seed6,mlp_qmix,coord_grid,6,2814,70375,81.0,25,0.4428725,8.628468612829844,131.69201882680258,58.160280083015095
mlp_qmix__N16__ring__seed6,mlp_qmix,coord_grid,6,2815,70400,70.0,25,0.4426745833333334,9.013413627942404,226.00355784098306,58.18011308298446
mlp_qmix__N16__ring__seed6,mlp_qmix,coord_grid,6,2816,70425,85.0,25,0.44247666666666674,7.356026836803982,79.83277566092355,58.20252404100029
mlp_qmix__N16__ring__seed6,mlp_qmix,coord_grid,6,2817,70450,94.0,25,0.44227875000000005,13.586594263712565,158.71808942159018,58.22221887501655
mlp_qmix__N16__ring__seed6,mlp_qmix,coord_grid,6,2818,70475,75.0,25,0.44208083333333337,5.153402576843898,186.2363567352295,58.2421911660349
mlp_qmix__N16__ring__seed6,mlp_qmix,coord_grid,6,2819,70500,73.0,25,0.4418829166666667,9.964673042297363,245.84136327107748,58.26198133302387
mlp_qmix__N16__ring__seed6,mlp_qmix,coord_grid,6,2820,70525,74.0,25,0.441685,9.311436763831548,142.3495979309082,58.284536999999546
mlp_qmix__N16__ring__seed6,mlp_qmix,coord_grid,6,2821,70550,78.0,25,0.4414870833333333,7.804710586865743,146.49330298105875,58.304577915987466
mlp_qmix__N16__ring__seed6,mlp_qmix,coord_grid,6,2822,70575,77.0,25,0.44128916666666673,5.747368633747101,107.96901321411133,58.324574875005055
mlp_qmix__N16__ring__seed6,mlp_qmix,coord_grid,6,2823,70600,88.0,25,0.44109125000000005,12.740559816360474,140.38725916544595,58.344850082998164
mlp_qmix__N16__ring__seed6,mlp_qmix,coord_grid,6,2824,70625,84.0,25,0.44089333333333336,7.14716603074755,184.20169830322266,58.36781237501418
mlp_qmix__N16__ring__seed6,mlp_qmix,coord_grid,6,2825,70650,95.0,25,0.4406954166666667,6.415633887052536,214.46166229248047,58.38861362502212
mlp_qmix__N16__ring__seed6,mlp_qmix,coord_grid,6,2826,70675,72.0,25,0.4404975000000001,5.798631856838862,109.79883257548015,58.40869508299511
mlp_qmix__N16__ring__seed6,mlp_qmix,coord_grid,6,2827,70700,101.0,25,0.4402995833333333,7.736806869506836,147.36385345458984,58.42888845800189
mlp_qmix__N16__ring__seed6,mlp_qmix,coord_grid,6,2828,70725,76.0,25,0.4401016666666666,4.5428299733570645,180.51879555838448,58.45084345800569
mlp_qmix__N16__ring__seed6,mlp_qmix,coord_grid,6,2829,70750,66.0,25,0.43990375000000004,6.676661163568497,97.78118928273518,58.4711595409899
mlp_qmix__N16__ring__seed6,mlp_qmix,coord_grid,6,2830,70775,80.0,25,0.43970583333333335,7.590614358584086,97.16222826639812,58.491291958023794
mlp_qmix__N16__ring__seed6,mlp_qmix,coord_grid,6,2831,70800,101.0,25,0.43950791666666666,11.556130011876425,66.37565739949544,58.511491207988
mlp_qmix__N16__ring__seed6,mlp_qmix,coord_grid,6,2832,70825,81.0,25,0.4393100000000001,10.190799295902252,143.21687643868583,58.533833499997854
mlp_qmix__N16__ring__seed6,mlp_qmix,coord_grid,6,2833,70850,64.0,25,0.4391120833333334,9.683005402485529,137.37815030415854,58.55345666600624
mlp_qmix__N16__ring__seed6,mlp_qmix,coord_grid,6,2834,70875,94.0,25,0.4389141666666667,12.710943698883057,135.0276838938395,58.57337812503101
mlp_qmix__N16__ring__seed6,mlp_qmix,coord_grid,6,2835,70900,95.0,25,0.43871625000000003,8.22327427069346,202.30591201782227,58.59319083299488
mlp_qmix__N16__ring__seed6,mlp_qmix,coord_grid,6,2836,70925,88.0,25,0.43851833333333334,7.709932804107666,162.02801786150252,58.615220625011716
mlp_qmix__N16__ring__seed6,mlp_qmix,coord_grid,6,2837,70950,83.0,25,0.43832041666666666,12.561069011688232,139.01358858744302,58.63510233303532
mlp_qmix__N16__ring__seed6,mlp_qmix,coord_grid,6,2838,70975,63.0,25,0.43812249999999997,3.8193665146827698,113.66772778828938,58.65467050002189
mlp_qmix__N16__ring__seed6,mlp_qmix,coord_grid,6,2839,71000,81.0,25,0.4379245833333334,11.657130479812622,129.3562135696411,58.674956375034526
mlp_qmix__N16__ring__seed6,mlp_qmix,coord_grid,6,2840,71025,86.0,25,0.4377266666666667,6.063685502324786,180.1951675415039,58.69702616601717
mlp_qmix__N16__ring__seed6,mlp_qmix,coord_grid,6,2841,71050,74.0,25,0.43752875,8.122727433840433,219.77341969807944,58.71682208299171
mlp_qmix__N16__ring__seed6,mlp_qmix,coord_grid,6,2842,71075,76.0,25,0.43733083333333334,5.068498273690541,189.8785057067871,58.7373472910258
mlp_qmix__N16__ring__seed6,mlp_qmix,coord_grid,6,2843,71100,80.0,25,0.43713291666666676,8.099008818467459,218.56375122070312,58.75743179098936
mlp_qmix__N16__ring__seed6,mlp_qmix,coord_grid,6,2844,71125,92.0,25,0.4369350000000001,10.237582445144653,159.78182983398438,58.78007495799102
mlp_qmix__N16__ring__seed6,mlp_qmix,coord_grid,6,2845,71150,85.0,25,0.4367370833333333,7.019958833853404,195.7437712351481,58.79995279101422
mlp_qmix__N16__ring__seed6,mlp_qmix,coord_grid,6,2846,71175,78.0,25,0.4365391666666667,8.108473698298136,190.02444140116373,58.81993583298754
mlp_qmix__N16__ring__seed6,mlp_qmix,coord_grid,6,2847,71200,73.0,25,0.43634125,6.301062901814778,201.05498377482095,58.8394118330325
mlp_qmix__N16__ring__seed6,mlp_qmix,coord_grid,6,2848,71225,78.0,25,0.4361433333333333,11.990382535117012,169.99783870152064,58.861613999994006
mlp_qmix__N16__ring__seed6,mlp_qmix,coord_grid,6,2849,71250,85.0,25,0.43594541666666675,9.71008531252543,160.64110565185547,58.881587749987375
mlp_qmix__N16__ring__seed6,mlp_qmix,coord_grid,6,2850,71275,88.0,25,0.43574750000000007,9.119934876759848,210.217892964681,58.90178941603517
mlp_qmix__N16__ring__seed6,mlp_qmix,coord_grid,6,2851,71300,88.0,25,0.4355495833333334,8.759682476520538,148.0431162516276,58.92150641599437
mlp_qmix__N16__ring__seed6,mlp_qmix,coord_grid,6,2852,71325,97.0,25,0.4353516666666667,9.353327521256038,170.72546713692802,58.94390120799653
mlp_qmix__N16__ring__seed6,mlp_qmix,coord_grid,6,2853,71350,75.0,25,0.43515375,9.86995036403338,180.21753438313803,58.963813166017644
mlp_qmix__N16__ring__seed6,mlp_qmix,coord_grid,6,2854,71375,75.0,25,0.4349558333333333,9.94208319981893,191.95029576619467,58.98385025002062
mlp_qmix__N16__ring__seed6,mlp_qmix,coord_grid,6,2855,71400,84.0,25,0.43475791666666663,10.899667203426361,172.4822146097819,59.004019125015475
mlp_qmix__N16__ring__seed6,mlp_qmix,coord_grid,6,2856,71425,93.0,25,0.43456000000000006,5.974070225443159,256.1871337890625,59.02615508303279
mlp_qmix__N16__ring__seed6,mlp_qmix,coord_grid,6,2857,71450,63.0,25,0.43436208333333337,14.847378253936768,91.88452466328938,59.04601420799736
mlp_qmix__N16__ring__seed6,mlp_qmix,coord_grid,6,2858,71475,94.0,25,0.4341641666666667,6.122098247210185,140.91541290283203,59.06611408299068
mlp_qmix__N16__ring__seed6,mlp_qmix,coord_grid,6,2859,71500,89.0,25,0.43396625,4.088099618752797,172.4178148905436,59.08612595801242
mlp_qmix__N16__ring__seed6,mlp_qmix,coord_grid,6,2860,71525,98.0,25,0.4337683333333334,10.635024206978935,203.91613551548548,59.1085469580139
mlp_qmix__N16__ring__seed6,mlp_qmix,coord_grid,6,2861,71550,86.0,25,0.43357041666666674,16.745076497395832,76.45045026143391,59.128556333016604
mlp_qmix__N16__ring__seed6,mlp_qmix,coord_grid,6,2862,71575,90.0,25,0.43337249999999994,18.01029364267985,164.67418479919434,59.1486822910374
mlp_qmix__N16__ring__seed6,mlp_qmix,coord_grid,6,2863,71600,76.0,25,0.43317458333333336,9.960373441378275,128.79250812530518,59.169017957989126
mlp_qmix__N16__ring__seed6,mlp_qmix,coord_grid,6,2864,71625,81.0,25,0.4329766666666667,10.34026915686471,128.04286520821708,59.191267125017475
mlp_qmix__N16__ring__seed6,mlp_qmix,coord_grid,6,2865,71650,84.0,25,0.43277875,7.882831176122029,106.95161088307698,59.21147179102991
mlp_qmix__N16__ring__seed6,mlp_qmix,coord_grid,6,2866,71675,77.0,25,0.4325808333333333,9.016683797041575,150.19731076558432,59.23147912498098
mlp_qmix__N16__ring__seed6,mlp_qmix,coord_grid,6,2867,71700,72.0,25,0.43238291666666673,9.12514845530192,191.1870403289795,59.25135924998904
mlp_qmix__N16__ring__seed6,mlp_qmix,coord_grid,6,2868,71725,86.0,25,0.43218500000000004,8.145254935537066,227.97650582449776,59.273670458002016
mlp_qmix__N16__ring__seed6,mlp_qmix,coord_grid,6,2869,71750,94.0,25,0.43198708333333335,5.19165833791097,165.76841386159262,59.293284000013955
mlp_qmix__N16__ring__seed6,mlp_qmix,coord_grid,6,2870,71775,83.0,25,0.4317891666666668,7.30536820491155,199.38250923156738,59.31303320801817
mlp_qmix__N16__ring__seed6,mlp_qmix,coord_grid,6,2871,71800,88.0,25,0.43159125,6.989845454692841,182.80214309692383,59.33326662500622
mlp_qmix__N16__ring__seed6,mlp_qmix,coord_grid,6,2872,71825,69.0,25,0.4313933333333333,10.749485748154777,182.3696504320417,59.355982540990226
mlp_qmix__N16__ring__seed6,mlp_qmix,coord_grid,6,2873,71850,96.0,25,0.4311954166666667,10.029537200927734,154.19278208414713,59.37592487502843
mlp_qmix__N16__ring__seed6,mlp_qmix,coord_grid,6,2874,71875,94.0,25,0.43099750000000003,11.966538965702057,148.71617221832275,59.39718712499598
mlp_qmix__N16__ring__seed6,mlp_qmix,coord_grid,6,2875,71900,67.0,25,0.43079958333333335,6.893253107865651,130.6490103403727,59.41734450001968
mlp_qmix__N16__ring__seed6,mlp_qmix,coord_grid,6,2876,71925,69.0,25,0.43060166666666666,8.653315203530449,133.37645258222307,59.440427666006144
mlp_qmix__N16__ring__seed6,mlp_qmix,coord_grid,6,2877,71950,93.0,25,0.4304037500000001,9.045007050037384,121.01812680562337,59.46101729100337
mlp_qmix__N16__ring__seed6,mlp_qmix,coord_grid,6,2878,71975,95.0,25,0.4302058333333334,9.155540406703949,137.2133026123047,59.481228333024774
mlp_qmix__N16__ring__seed6,mlp_qmix,coord_grid,6,2879,72000,98.0,25,0.4300079166666667,11.844698588053385,38.34660402933756,59.50084550003521
mlp_qmix__N16__ring__seed6,mlp_qmix,coord_grid,6,2880,72025,83.0,25,0.42981,11.09223474775042,57.24841499328613,59.523826458025724
mlp_qmix__N16__ring__seed6,mlp_qmix,coord_grid,6,2881,72050,78.0,25,0.42961208333333334,7.864708364009857,81.67857487996419,59.543672500003595
mlp_qmix__N16__ring__seed6,mlp_qmix,coord_grid,6,2882,72075,63.0,25,0.42941416666666665,8.997798631588617,152.86937777201334,59.56377462501405
mlp_qmix__N16__ring__seed6,mlp_qmix,coord_grid,6,2883,72100,58.0,25,0.42921624999999997,11.967389166355133,168.06895701090494,59.584049625031184
mlp_qmix__N16__ring__seed6,mlp_qmix,coord_grid,6,2884,72125,79.0,25,0.4290183333333334,8.734285116195679,150.387939453125,59.60670087498147
mlp_qmix__N16__ring__seed6,mlp_qmix,coord_grid,6,2885,72150,51.0,25,0.4288204166666667,10.67341144879659,101.40884558359782,59.62651883298531
mlp_qmix__N16__ring__seed6,mlp_qmix,coord_grid,6,2886,72175,67.0,25,0.4286225,9.325835148493448,213.53130213419595,59.64633508300176
mlp_qmix__N16__ring__seed6,mlp_qmix,coord_grid,6,2887,72200,94.0,25,0.42842458333333344,11.759739438692728,236.83757336934408,59.6666350410087
mlp_qmix__N16__ring__seed6,mlp_qmix,coord_grid,6,2888,72225,91.0,25,0.42822666666666664,10.262266090938024,285.8393304007394,59.69079779100139
mlp_qmix__N16__ring__seed6,mlp_qmix,coord_grid,6,2889,72250,56.0,25,0.42802874999999996,9.593962222337723,199.5374387105306,59.71106020803563
mlp_qmix__N16__ring__seed6,mlp_qmix,coord_grid,6,2890,72275,89.0,25,0.4278308333333334,7.293590188026428,186.4646250406901,59.73187175003113
mlp_qmix__N16__ring__seed6,mlp_qmix,coord_grid,6,2891,72300,76.0,25,0.4276329166666667,3.109912931919098,165.92995007832846,59.752235874999315
mlp_qmix__N16__ring__seed6,mlp_qmix,coord_grid,6,2892,72325,55.0,25,0.427435,8.946035930088588,155.59108189174108,59.77469241601648
mlp_qmix__N16__ring__seed6,mlp_qmix,coord_grid,6,2893,72350,65.0,25,0.4272370833333333,9.180263777573904,114.91679128011067,59.794891875004396
mlp_qmix__N16__ring__seed6,mlp_qmix,coord_grid,6,2894,72375,81.0,25,0.42703916666666675,8.05008868376414,141.85617065429688,59.81524237501435
mlp_qmix__N16__ring__seed6,mlp_qmix,coord_grid,6,2895,72400,82.0,25,0.42684125000000006,9.192377974589666,149.34245808919272,59.83541954099201
mlp_qmix__N16__ring__seed6,mlp_qmix,coord_grid,6,2896,72425,96.0,25,0.4266433333333334,12.55646104472024,154.2282360621861,59.85812275001081
mlp_qmix__N16__ring__seed6,mlp_qmix,coord_grid,6,2897,72450,89.0,25,0.4264454166666667,14.241530060768127,119.45681953430176,59.87871100002667
mlp_qmix__N16__ring__seed6,mlp_qmix,coord_grid,6,2898,72475,78.0,25,0.4262475,12.401248315970102,136.23573557535806,59.898791250016075
mlp_qmix__N16__ring__seed6,mlp_qmix,coord_grid,6,2899,72500,103.0,25,0.4260495833333333,8.222327272097269,162.59961064656576,59.91864279098809
mlp_qmix__N16__ring__seed6,mlp_qmix,coord_grid,6,2900,72525,97.0,25,0.42585166666666663,8.908095530101232,127.38979993547711,59.94108912500087
mlp_qmix__N16__ring__seed6,mlp_qmix,coord_grid,6,2901,72550,89.0,25,0.42565375000000005,13.377569625775019,140.59429295857748,59.961226291023195
mlp_qmix__N16__ring__seed6,mlp_qmix,coord_grid,6,2902,72575,91.0,25,0.42545583333333337,11.337760130564371,133.86382261912027,59.98350595799275
mlp_qmix__N16__ring__seed6,mlp_qmix,coord_grid,6,2903,72600,108.0,25,0.4252579166666667,10.484310110410055,183.47376664479575,60.003612541011535
mlp_qmix__N16__ring__seed6,mlp_qmix,coord_grid,6,2904,72625,71.0,25,0.4250600000000001,13.436828749520439,114.3740907396589,60.0258837500005
mlp_qmix__N16__ring__seed6,mlp_qmix,coord_grid,6,2905,72650,68.0,25,0.4248620833333334,9.149827629327774,123.14985529581706,60.04616491601337
mlp_qmix__N16__ring__seed6,mlp_qmix,coord_grid,6,2906,72675,77.0,25,0.4246641666666666,5.629911184310913,267.9912465413411,60.06612345803296
mlp_qmix__N16__ring__seed6,mlp_qmix,coord_grid,6,2907,72700,75.0,25,0.42446625000000004,9.249030272165934,134.55419286092123,60.08635883301031
mlp_qmix__N16__ring__seed6,mlp_qmix,coord_grid,6,2908,72725,88.0,25,0.42426833333333336,8.826943508216313,113.97965022495815,60.10888262500521
mlp_qmix__N16__ring__seed6,mlp_qmix,coord_grid,6,2909,72750,90.0,25,0.42407041666666667,9.29325250784556,129.35502560933432,60.129129874985665
mlp_qmix__N16__ring__seed6,mlp_qmix,coord_grid,6,2910,72775,64.0,25,0.4238725,11.333321501811346,108.58808549245198,60.149640916031785
mlp_qmix__N16__ring__seed6,mlp_qmix,coord_grid,6,2911,72800,66.0,25,0.4236745833333334,9.177638928095499,146.45915349324545,60.17014358303277
mlp_qmix__N16__ring__seed6,mlp_qmix,coord_grid,6,2912,72825,51.0,25,0.4234766666666667,12.561287420136589,143.89635304042272,60.19307391601615
mlp_qmix__N16__ring__seed6,mlp_qmix,coord_grid,6,2913,72850,65.0,25,0.42327875000000004,4.977093776067098,118.81900469462077,60.21311858302215
mlp_qmix__N16__ring__seed6,mlp_qmix,coord_grid,6,2914,72875,85.0,25,0.42308083333333335,9.00668939948082,79.2252082824707,60.23313025000971
mlp_qmix__N16__ring__seed6,mlp_qmix,coord_grid,6,2915,72900,79.0,25,0.42288291666666666,9.036019464333853,88.53360684712727,60.25385224999627
mlp_qmix__N16__ring__seed6,mlp_qmix,coord_grid,6,2916,72925,106.0,25,0.422685,6.267934790679386,119.05400494166783,60.27681379101705
mlp_qmix__N16__ring__seed6,mlp_qmix,coord_grid,6,2917,72950,99.0,25,0.4224870833333333,8.632240454355875,235.43682098388672,60.296921458037104
mlp_qmix__N16__ring__seed6,mlp_qmix,coord_grid,6,2918,72975,91.0,25,0.4222891666666667,9.140702684720358,137.83559036254883,60.316759457986336
mlp_qmix__N16__ring__seed6,mlp_qmix,coord_grid,6,2919,73000,87.0,25,0.42209125000000003,14.22797687848409,88.00272909800212,60.337182832998224
mlp_qmix__N16__ring__seed6,mlp_qmix,coord_grid,6,2920,73025,107.0,25,0.42189333333333334,11.45684632233211,216.47391864231653,60.35981312498916
mlp_qmix__N16__ring__seed6,mlp_qmix,coord_grid,6,2921,73050,53.0,25,0.42169541666666677,13.066234717766443,207.52124659220377,60.37973012501607
mlp_qmix__N16__ring__seed6,mlp_qmix,coord_grid,6,2922,73075,89.0,25,0.4214975000000001,12.70751682917277,132.72768433888754,60.399525750020985
mlp_qmix__N16__ring__seed6,mlp_qmix,coord_grid,6,2923,73100,90.0,25,0.4212995833333333,5.228603790203731,165.7166951497396,60.4194534579874
mlp_qmix__N16__ring__seed6,mlp_qmix,coord_grid,6,2924,73125,97.0,25,0.4211016666666667,13.35581110204969,232.14369746616907,60.4414142909809
mlp_qmix__N16__ring__seed6,mlp_qmix,coord_grid,6,2925,73150,70.0,25,0.42090375,11.349838376045227,254.47432899475098,60.46143495803699
mlp_qmix__N16__ring__seed6,mlp_qmix,coord_grid,6,2926,73175,76.0,25,0.42070583333333333,10.778654098510742,207.38533210754395,60.48109170800308
mlp_qmix__N16__ring__seed6,mlp_qmix,coord_grid,6,2927,73200,99.0,25,0.42050791666666665,10.391466756661734,84.47197373708089,60.50096154102357
mlp_qmix__N16__ring__seed6,mlp_qmix,coord_grid,6,2928,73225,80.0,25,0.4203100000000001,14.496085907731738,94.50509289332798,60.52349333302118
mlp_qmix__N16__ring__seed6,mlp_qmix,coord_grid,6,2929,73250,66.0,25,0.4201120833333334,12.31952174504598,94.55535316467285,60.54357079102192
mlp_qmix__N16__ring__seed6,mlp_qmix,coord_grid,6,2930,73275,80.0,25,0.4199141666666667,9.469621479511261,115.10647074381511,60.563163958024234
mlp_qmix__N16__ring__seed6,mlp_qmix,coord_grid,6,2931,73300,71.0,25,0.4197162500000001,8.398604035377502,135.94275093078613,60.58287366601871
mlp_qmix__N16__ring__seed6,mlp_qmix,coord_grid,6,2932,73325,65.0,25,0.4195183333333333,11.057535103389196,148.0336412702288,60.60551945801126
mlp_qmix__N16__ring__seed6,mlp_qmix,coord_grid,6,2933,73350,51.0,25,0.41932041666666664,10.373805393775305,85.71963628133138,60.625542291032616
mlp_qmix__N16__ring__seed6,mlp_qmix,coord_grid,6,2934,73375,105.0,25,0.41912249999999995,9.389397869507471,119.81267547607422,60.645167833019514
mlp_qmix__N16__ring__seed6,mlp_qmix,coord_grid,6,2935,73400,89.0,25,0.4189245833333334,5.185277183850606,145.6057809193929,60.66511366603663
mlp_qmix__N16__ring__seed6,mlp_qmix,coord_grid,6,2936,73425,78.0,25,0.4187266666666667,7.250174011502947,128.1359705243792,60.687452458019834
mlp_qmix__N16__ring__seed6,mlp_qmix,coord_grid,6,2937,73450,103.0,25,0.41852875,8.809508562088013,234.03133265177408,60.707597957982216
mlp_qmix__N16__ring__seed6,mlp_qmix,coord_grid,6,2938,73475,68.0,25,0.41833083333333343,7.360830952723821,146.0262155532837,60.72753091598861
mlp_qmix__N16__ring__seed6,mlp_qmix,coord_grid,6,2939,73500,76.0,25,0.41813291666666674,12.646065533161163,133.31157811482748,60.74701804103097
mlp_qmix__N16__ring__seed6,mlp_qmix,coord_grid,6,2940,73525,78.0,25,0.41793500000000006,10.15477100440434,161.7312752859933,60.769678957993165
mlp_qmix__N16__ring__seed6,mlp_qmix,coord_grid,6,2941,73550,85.0,25,0.41773708333333326,11.02979310353597,258.4838002522786,60.78970320802182
mlp_qmix__N16__ring__seed6,mlp_qmix,coord_grid,6,2942,73575,95.0,25,0.4175391666666667,10.465491582949957,142.84625244140625,60.80995066603646
mlp_qmix__N16__ring__seed6,mlp_qmix,coord_grid,6,2943,73600,74.0,25,0.41734125,11.454095602035522,87.56509208679199,60.829723457980435
mlp_qmix__N16__ring__seed6,mlp_qmix,coord_grid,6,2944,73625,64.0,25,0.4171433333333333,11.754973564829145,116.36962454659599,60.852379958028905
mlp_qmix__N16__ring__seed6,mlp_qmix,coord_grid,6,2945,73650,92.0,25,0.41694541666666673,4.209995667139689,111.60624186197917,60.87275191600202
mlp_qmix__N16__ring__seed6,mlp_qmix,coord_grid,6,2946,73675,79.0,25,0.41674750000000005,6.653095672527949,222.02019119262695,60.89311770803761
mlp_qmix__N16__ring__seed6,mlp_qmix,coord_grid,6,2947,73700,95.0,25,0.41654958333333336,10.7557000319163,181.10507329305014,60.91305974998977
mlp_qmix__N16__ring__seed6,mlp_qmix,coord_grid,6,2948,73725,92.0,25,0.4163516666666668,10.81182725940432,112.09752573285785,60.93542704102583
mlp_qmix__N16__ring__seed6,mlp_qmix,coord_grid,6,2949,73750,77.0,25,0.41615375,10.287075837453207,79.78693962097168,60.955151750007644
mlp_qmix__N16__ring__seed6,mlp_qmix,coord_grid,6,2950,73775,74.0,25,0.4159558333333333,9.652277837196985,161.51088333129883,60.975250916031655
mlp_qmix__N16__ring__seed6,mlp_qmix,coord_grid,6,2951,73800,89.0,25,0.4157579166666666,12.864485740661621,182.30036958058676,60.99614779098192
mlp_qmix__N16__ring__seed6,mlp_qmix,coord_grid,6,2952,73825,101.0,25,0.41556000000000004,10.656577450888497,289.35378401620045,61.01857016602298
mlp_qmix__N16__ring__seed6,mlp_qmix,coord_grid,6,2953,73850,91.0,25,0.41536208333333335,9.400984744230906,264.08887672424316,61.03860591602279
mlp_qmix__N16__ring__seed6,mlp_qmix,coord_grid,6,2954,73875,95.0,25,0.41516416666666667,5.135703017314275,115.85875447591145,61.059693499992136
mlp_qmix__N16__ring__seed6,mlp_qmix,coord_grid,6,2955,73900,56.0,25,0.4149662500000001,8.30191558599472,70.53530820210774,61.07970900001237
mlp_qmix__N16__ring__seed6,mlp_qmix,coord_grid,6,2956,73925,105.0,25,0.4147683333333334,10.939654988901955,129.09261757986886,61.101760749996174
mlp_qmix__N16__ring__seed6,mlp_qmix,coord_grid,6,2957,73950,73.0,25,0.4145704166666667,9.686796396970749,172.7054074605306,61.12146316602593
mlp_qmix__N16__ring__seed6,mlp_qmix,coord_grid,6,2958,73975,94.0,25,0.4143724999999999,10.992434104283651,213.57734362284342,61.142410125001334
mlp_qmix__N16__ring__seed6,mlp_qmix,coord_grid,6,2959,74000,99.0,25,0.41417458333333335,9.380209823449453,90.48661200205485,61.16273983300198
mlp_qmix__N16__ring__seed6,mlp_qmix,coord_grid,6,2960,74025,86.0,25,0.41397666666666666,4.504189005919865,100.58533477783203,61.18560041603632
mlp_qmix__N16__ring__seed6,mlp_qmix,coord_grid,6,2961,74050,95.0,25,0.41377875,4.422654499610265,226.09965006510416,61.20586666598683
mlp_qmix__N16__ring__seed6,mlp_qmix,coord_grid,6,2962,74075,105.0,25,0.4135808333333334,9.868467648824057,193.10573132832846,61.22581920801895
mlp_qmix__N16__ring__seed6,mlp_qmix,coord_grid,6,2963,74100,94.0,25,0.4133829166666667,8.200501600901285,141.46269035339355,61.24589537503198
mlp_qmix__N16__ring__seed6,mlp_qmix,coord_grid,6,2964,74125,110.0,25,0.413185,9.947488163198743,108.3791994367327,61.26837383303791
mlp_qmix__N16__ring__seed6,mlp_qmix,coord_grid,6,2965,74150,71.0,25,0.41298708333333345,11.417385498682657,73.56951586405437,61.289901249983814
mlp_qmix__N16__ring__seed6,mlp_qmix,coord_grid,6,2966,74175,90.0,25,0.41278916666666676,7.359484275182088,148.69315020243326,61.31312662502751
mlp_qmix__N16__ring__seed6,mlp_qmix,coord_grid,6,2967,74200,71.0,25,0.41259124999999996,12.075332323710123,231.25337982177734,61.3343362500309
mlp_qmix__N16__ring__seed6,mlp_qmix,coord_grid,6,2968,74225,98.0,25,0.4123933333333333,7.358547278812954,170.0959916796003,61.35718341602478
mlp_qmix__N16__ring__seed6,mlp_qmix,coord_grid,6,2969,74250,106.0,25,0.4121954166666667,14.702353477478027,82.85782114664714,61.37763162498595
mlp_qmix__N16__ring__seed6,mlp_qmix,coord_grid,6,2970,74275,104.0,25,0.4119975,8.215988318125406,109.2393029530843,61.39736533298856
mlp_qmix__N16__ring__seed6,mlp_qmix,coord_grid,6,2971,74300,84.0,25,0.41179958333333333,10.52078914642334,111.4322624206543,61.41748716600705
mlp_qmix__N16__ring__seed6,mlp_qmix,coord_grid,6,2972,74325,85.0,25,0.41160166666666675,15.539853657994952,86.89650235857282,61.439921665994916
mlp_qmix__N16__ring__seed6,mlp_qmix,coord_grid,6,2973,74350,89.0,25,0.41140375000000007,6.253716001907985,73.54478327433269,61.45995762501843
mlp_qmix__N16__ring__seed6,mlp_qmix,coord_grid,6,2974,74375,48.0,25,0.4112058333333334,3.97458623846372,55.201324462890625,61.48000266600866
mlp_qmix__N16__ring__seed6,mlp_qmix,coord_grid,6,2975,74400,77.0,25,0.4110079166666667,6.134733706712723,104.71357568105061,61.50019450002583
mlp_qmix__N16__ring__seed6,mlp_qmix,coord_grid,6,2976,74425,71.0,25,0.41081,8.360672065189906,179.48521968296595,61.52296416601166
mlp_qmix__N16__ring__seed6,mlp_qmix,coord_grid,6,2977,74450,72.0,25,0.4106120833333333,8.034937063852945,207.11892064412436,61.54287366598146
mlp_qmix__N16__ring__seed6,mlp_qmix,coord_grid,6,2978,74475,60.0,25,0.41041416666666664,11.56249483426412,85.43489042917888,61.562069791019894
mlp_qmix__N16__ring__seed6,mlp_qmix,coord_grid,6,2979,74500,88.0,25,0.41021625000000006,9.226620435714722,78.49800777435303,61.582559790986124
mlp_qmix__N16__ring__seed6,mlp_qmix,coord_grid,6,2980,74525,70.0,25,0.4100183333333334,7.307053736277989,130.86464391435896,61.60533512500115
mlp_qmix__N16__ring__seed6,mlp_qmix,coord_grid,6,2981,74550,79.0,25,0.4098204166666667,7.4668074150880175,164.59391911824545,61.625097165990155
mlp_qmix__N16__ring__seed6,mlp_qmix,coord_grid,6,2982,74575,96.0,25,0.4096225000000001,8.40945585568746,161.68651707967123,61.64502162503777
mlp_qmix__N16__ring__seed6,mlp_qmix,coord_grid,6,2983,74600,101.0,25,0.4094245833333334,10.652086098988852,139.40040079752603,61.66505341598531
mlp_qmix__N16__ring__seed6,mlp_qmix,coord_grid,6,2984,74625,80.0,25,0.4092266666666666,12.887902702604022,305.9111633300781,61.687553916010074
mlp_qmix__N16__ring__seed6,mlp_qmix,coord_grid,6,2985,74650,77.0,25,0.40902874999999994,11.347534716129303,312.7357228597005,61.707248333026655
mlp_qmix__N16__ring__seed6,mlp_qmix,coord_grid,6,2986,74675,72.0,25,0.40883083333333337,9.187007824579874,304.2803077697754,61.72702316602226
mlp_qmix__N16__ring__seed6,mlp_qmix,coord_grid,6,2987,74700,101.0,25,0.4086329166666667,14.207570433616638,272.4302101135254,61.74642470799154
mlp_qmix__N16__ring__seed6,mlp_qmix,coord_grid,6,2988,74725,104.0,25,0.408435,9.266069173812866,308.1208392551967,61.76922862499487
mlp_qmix__N16__ring__seed6,mlp_qmix,coord_grid,6,2989,74750,122.0,25,0.4082370833333334,19.800321102142334,290.3990249633789,61.789216790988576
mlp_qmix__N16__ring__seed6,mlp_qmix,coord_grid,6,2990,74775,88.0,25,0.40803916666666673,9.120644330978394,310.21883328755695,61.808955916028935
mlp_qmix__N16__ring__seed6,mlp_qmix,coord_grid,6,2991,74800,88.0,25,0.40784125000000004,9.006289740403494,295.20657475789386,61.82858600001782
mlp_qmix__N16__ring__seed6,mlp_qmix,coord_grid,6,2992,74825,68.0,25,0.40764333333333336,14.215182031903948,184.94805308750696,61.85059987503337
mlp_qmix__N16__ring__seed6,mlp_qmix,coord_grid,6,2993,74850,92.0,25,0.40744541666666667,13.917200326919556,98.9668156305949,61.87087745801546
mlp_qmix__N16__ring__seed6,mlp_qmix,coord_grid,6,2994,74875,81.0,25,0.4072475,8.724498053391775,173.87860202789307,61.8918240829953
mlp_qmix__N16__ring__seed6,mlp_qmix,coord_grid,6,2995,74900,73.0,25,0.4070495833333333,4.77937513589859,218.0023339589437,61.91175987501629
mlp_qmix__N16__ring__seed6,mlp_qmix,coord_grid,6,2996,74925,85.0,25,0.4068516666666667,12.130676661218915,152.7151107788086,61.9343274999992
mlp_qmix__N16__ring__seed6,mlp_qmix,coord_grid,6,2997,74950,72.0,25,0.40665375000000004,8.536693582932154,96.35932159423828,61.95447470800718
mlp_qmix__N16__ring__seed6,mlp_qmix,coord_grid,6,2998,74975,79.0,25,0.40645583333333335,11.775180329879126,126.42016633351643,61.97434187500039
mlp_qmix__N16__ring__seed6,mlp_qmix,coord_grid,6,2999,75000,97.0,25,0.4062579166666668,13.986443281173706,129.70244916280112,61.994227415998466
mlp_qmix__N16__ring__seed6,mlp_qmix,coord_grid,6,3000,75025,105.0,25,0.4060600000000001,9.104261875152588,255.27212742396765,62.01683291600784
mlp_qmix__N16__ring__seed6,mlp_qmix,coord_grid,6,3001,75050,104.0,25,0.4058620833333334,9.915889660517374,153.83290799458823,62.03655775001971
mlp_qmix__N16__ring__seed6,mlp_qmix,coord_grid,6,3002,75075,83.0,25,0.4056641666666666,5.798226714134216,247.49700800577799,62.056652416009456
mlp_qmix__N16__ring__seed6,mlp_qmix,coord_grid,6,3003,75100,90.0,25,0.40546625000000003,13.035614341497421,179.35225041707358,62.07727145799436
mlp_qmix__N16__ring__seed6,mlp_qmix,coord_grid,6,3004,75125,66.0,25,0.40526833333333334,13.476070063454765,222.45638929094588,62.09978945803596
mlp_qmix__N16__ring__seed6,mlp_qmix,coord_grid,6,3005,75150,86.0,25,0.40507041666666666,6.500025292237599,120.20269552866618,62.119583250023425
mlp_qmix__N16__ring__seed6,mlp_qmix,coord_grid,6,3006,75175,71.0,25,0.4048725000000001,10.86203302939733,120.14233525594075,62.13946254103212
mlp_qmix__N16__ring__seed6,mlp_qmix,coord_grid,6,3007,75200,99.0,25,0.4046745833333334,12.416259288787842,244.15511067708334,62.15913629101124
mlp_qmix__N16__ring__seed6,mlp_qmix,coord_grid,6,3008,75225,48.0,25,0.4044766666666667,7.635678904397147,154.47391755240304,62.18170845799614
mlp_qmix__N16__ring__seed6,mlp_qmix,coord_grid,6,3009,75250,72.0,25,0.40427875,8.563531557718912,117.6502046585083,62.20124945801217
mlp_qmix__N16__ring__seed6,mlp_qmix,coord_grid,6,3010,75275,70.0,25,0.40408083333333344,16.266359249750774,175.8949737548828,62.22098325000843
mlp_qmix__N16__ring__seed6,mlp_qmix,coord_grid,6,3011,75300,103.0,25,0.40388291666666665,9.66529377301534,139.71355183919272,62.241150916030165
mlp_qmix__N16__ring__seed6,mlp_qmix,coord_grid,6,3012,75325,135.0,25,0.40368499999999996,8.435691935675484,119.87301417759487,62.263161165989004
mlp_qmix__N16__ring__seed6,mlp_qmix,coord_grid,6,3013,75350,93.0,25,0.4034870833333334,7.5896386702855425,156.82743326822916,62.283221833000425
mlp_qmix__N16__ring__seed6,mlp_qmix,coord_grid,6,3014,75375,73.0,25,0.4032891666666667,11.625827630360922,104.22091547648112,62.303332249983214
mlp_qmix__N16__ring__seed6,mlp_qmix,coord_grid,6,3015,75400,78.0,25,0.40309125,11.804300228754679,176.8517017364502,62.32375275000231
mlp_qmix__N16__ring__seed6,mlp_qmix,coord_grid,6,3016,75425,85.0,25,0.4028933333333333,10.545513442584447,263.16544669015065,62.34661141602555
mlp_qmix__N16__ring__seed6,mlp_qmix,coord_grid,6,3017,75450,87.0,25,0.40269541666666675,5.336177567640941,147.17326800028482,62.366558791021816
mlp_qmix__N16__ring__seed6,mlp_qmix,coord_grid,6,3018,75475,92.0,25,0.40249750000000006,7.599023312330246,169.49824714660645,62.386707166035194
mlp_qmix__N16__ring__seed6,mlp_qmix,coord_grid,6,3019,75500,98.0,25,0.4022995833333334,8.59319794178009,107.35032335917155,62.40659450000385
mlp_qmix__N16__ring__seed6,mlp_qmix,coord_grid,6,3020,75525,99.0,25,0.4021016666666667,11.435062433992114,165.95834732055664,62.42900775000453
mlp_qmix__N16__ring__seed6,mlp_qmix,coord_grid,6,3021,75550,92.0,25,0.40190375,5.349910269180934,191.3420778910319,62.449322500033304
mlp_qmix__N16__ring__seed6,mlp_qmix,coord_grid,6,3022,75575,97.0,25,0.4017058333333333,6.5880651871363325,168.77828216552734,62.469298999989405
mlp_qmix__N16__ring__seed6,mlp_qmix,coord_grid,6,3023,75600,84.0,25,0.40150791666666674,10.683806498845419,86.50570583343506,62.4892150000087
mlp_qmix__N16__ring__seed6,mlp_qmix,coord_grid,6,3024,75625,106.0,25,0.40131000000000006,12.619958528450557,181.44417272295271,62.51130995800486
mlp_qmix__N16__ring__seed6,mlp_qmix,coord_grid,6,3025,75650,94.0,25,0.40111208333333337,4.984033524990082,264.5449803670247,62.53106145799393
mlp_qmix__N16__ring__seed6,mlp_qmix,coord_grid,6,3026,75675,72.0,25,0.4009141666666667,12.826102435588837,246.33736419677734,62.550611415994354
mlp_qmix__N16__ring__seed6,mlp_qmix,coord_grid,6,3027,75700,72.0,25,0.4007162500000001,10.53411098321279,257.6330871582031,62.57075637503294
mlp_qmix__N16__ring__seed6,mlp_qmix,coord_grid,6,3028,75725,86.0,25,0.4005183333333333,10.51629706791469,288.90771048409596,62.59322170802625
mlp_qmix__N16__ring__seed6,mlp_qmix,coord_grid,6,3029,75750,96.0,25,0.4003204166666666,10.481791973114014,289.5718409220378,62.61322812503204
mlp_qmix__N16__ring__seed6,mlp_qmix,coord_grid,6,3030,75775,105.0,25,0.40012250000000005,8.945440590381622,170.88348706563315,62.632971499988344
mlp_qmix__N16__ring__seed6,mlp_qmix,coord_grid,6,3031,75800,91.0,25,0.39992458333333336,9.086177666982016,223.78130849202475,62.65295412502019
mlp_qmix__N16__ring__seed6,mlp_qmix,coord_grid,6,3032,75825,84.0,25,0.3997266666666667,14.156749316624232,129.52667454310827,62.67563125002198
mlp_qmix__N16__ring__seed6,mlp_qmix,coord_grid,6,3033,75850,108.0,25,0.39952875,8.608908931414286,179.58980433146158,62.69561020802939
mlp_qmix__N16__ring__seed6,mlp_qmix,coord_grid,6,3034,75875,82.0,25,0.3993308333333334,7.564939955870311,108.02687486012776,62.715623249998316
mlp_qmix__N16__ring__seed6,mlp_qmix,coord_grid,6,3035,75900,102.0,25,0.3991329166666667,9.6325792769591,121.5717290242513,62.735785333032254
mlp_qmix__N16__ring__seed6,mlp_qmix,coord_grid,6,3036,75925,110.0,25,0.39893500000000004,10.095690173762184,107.01982607160296,62.75977150001563
mlp_qmix__N16__ring__seed6,mlp_qmix,coord_grid,6,3037,75950,79.0,25,0.39873708333333335,11.801781525214514,123.57477442423503,62.78065633302322
mlp_qmix__N16__ring__seed6,mlp_qmix,coord_grid,6,3038,75975,105.0,25,0.39853916666666667,10.783734142780304,122.67365264892578,62.802366374991834
mlp_qmix__N16__ring__seed6,mlp_qmix,coord_grid,6,3039,76000,88.0,25,0.39834125,9.103430291016897,265.57642618815106,62.825870708038565
mlp_qmix__N16__ring__seed6,mlp_qmix,coord_grid,6,3040,76025,85.0,25,0.3981433333333334,10.708150931767054,180.2794292994908,62.853099833009765
mlp_qmix__N16__ring__seed6,mlp_qmix,coord_grid,6,3041,76050,85.0,25,0.3979454166666667,11.822657346725464,107.2033878962199,62.87566791602876
mlp_qmix__N16__ring__seed6,mlp_qmix,coord_grid,6,3042,76075,88.0,25,0.39774750000000003,6.724040587743123,204.25089073181152,62.898481791024096
mlp_qmix__N16__ring__seed6,mlp_qmix,coord_grid,6,3043,76100,104.0,25,0.39754958333333335,7.53308434287707,129.8448216120402,62.92044562502997
mlp_qmix__N16__ring__seed6,mlp_qmix,coord_grid,6,3044,76125,80.0,25,0.39735166666666677,3.8404052002089366,173.97548348563058,62.944611457991414
mlp_qmix__N16__ring__seed6,mlp_qmix,coord_grid,6,3045,76150,79.0,25,0.3971537500000001,11.908203879992167,118.18284543355306,62.96732500003418
mlp_qmix__N16__ring__seed6,mlp_qmix,coord_grid,6,3046,76175,81.0,25,0.3969558333333333,7.574065228303273,118.21307309468587,62.98922375001712
mlp_qmix__N16__ring__seed6,mlp_qmix,coord_grid,6,3047,76200,75.0,25,0.3967579166666667,9.95803435643514,138.02465438842773,63.011429790989496
mlp_qmix__N16__ring__seed6,mlp_qmix,coord_grid,6,3048,76225,105.0,25,0.39656,11.255519696644374,194.9143398829869,63.036391041008756
mlp_qmix__N16__ring__seed6,mlp_qmix,coord_grid,6,3049,76250,108.0,25,0.39636208333333334,9.177192827065786,242.07753626505533,63.05849875003332
mlp_qmix__N16__ring__seed6,mlp_qmix,coord_grid,6,3050,76275,95.0,25,0.39616416666666665,6.744470278422038,189.02308464050293,63.08036441600416
mlp_qmix__N16__ring__seed6,mlp_qmix,coord_grid,6,3051,76300,85.0,25,0.3959662500000001,7.994239270687103,233.71937306722006,63.10203445801744
mlp_qmix__N16__ring__seed6,mlp_qmix,coord_grid,6,3052,76325,81.0,25,0.3957683333333334,8.952826023101807,169.88621738978796,63.126334958011284
mlp_qmix__N16__ring__seed6,mlp_qmix,coord_grid,6,3053,76350,86.0,25,0.3955704166666667,16.0297372341156,229.45460510253906,63.14857558300719
mlp_qmix__N16__ring__seed6,mlp_qmix,coord_grid,6,3054,76375,92.0,25,0.3953725,7.908398012320201,217.38786824544272,63.17059054103447
mlp_qmix__N16__ring__seed6,mlp_qmix,coord_grid,6,3055,76400,105.0,25,0.39517458333333333,9.210568090279898,251.7778409322103,63.19170229102019
mlp_qmix__N16__ring__seed6,mlp_qmix,coord_grid,6,3056,76425,86.0,25,0.39497666666666664,14.489768190043312,177.7783933367048,63.214252582984045
mlp_qmix__N16__ring__seed6,mlp_qmix,coord_grid,6,3057,76450,87.0,25,0.39477875000000007,11.576169629891714,263.1535339355469,63.23454470798606
mlp_qmix__N16__ring__seed6,mlp_qmix,coord_grid,6,3058,76475,69.0,25,0.3945808333333334,10.332688570022583,212.31645234425864,63.25475404103054
mlp_qmix__N16__ring__seed6,mlp_qmix,coord_grid,6,3059,76500,87.0,25,0.3943829166666667,9.626353820164999,237.89905738830566,63.27494795800885
mlp_qmix__N16__ring__seed6,mlp_qmix,coord_grid,6,3060,76525,116.0,25,0.394185,12.462331669671196,280.7629939488002,63.297682958014775
mlp_qmix__N16__ring__seed6,mlp_qmix,coord_grid,6,3061,76550,71.0,25,0.39398708333333343,8.650829354921976,284.2431004842122,63.317886291013565
mlp_qmix__N16__ring__seed6,mlp_qmix,coord_grid,6,3062,76575,64.0,25,0.39378916666666675,8.43895772099495,255.73121897379556,63.33861491602147
mlp_qmix__N16__ring__seed6,mlp_qmix,coord_grid,6,3063,76600,86.0,25,0.39359124999999995,10.089981635411581,288.3356475830078,63.35881645802874
mlp_qmix__N16__ring__seed6,mlp_qmix,coord_grid,6,3064,76625,64.0,25,0.3933933333333334,6.809354407446725,141.00928933279855,63.38284045801265
mlp_qmix__N16__ring__seed6,mlp_qmix,coord_grid,6,3065,76650,104.0,25,0.3931954166666667,12.13828190167745,117.9822489420573,63.402908832998946
mlp_qmix__N16__ring__seed6,mlp_qmix,coord_grid,6,3066,76675,79.0,25,0.3929975,8.96703827381134,192.11740811665854,63.42343395802891
mlp_qmix__N16__ring__seed6,mlp_qmix,coord_grid,6,3067,76700,78.0,25,0.3927995833333333,10.232709606488546,221.98893864949545,63.4448218329926
mlp_qmix__N16__ring__seed6,mlp_qmix,coord_grid,6,3068,76725,75.0,25,0.39260166666666674,11.160398636545453,215.53915895734514,63.467628750018775
mlp_qmix__N16__ring__seed6,mlp_qmix,coord_grid,6,3069,76750,99.0,25,0.39240375000000005,4.416306565205256,176.6406389872233,63.488633333006874
mlp_qmix__N16__ring__seed6,mlp_qmix,coord_grid,6,3070,76775,102.0,25,0.39220583333333336,12.454396565755209,173.63844998677573,63.50950283301063
mlp_qmix__N16__ring__seed6,mlp_qmix,coord_grid,6,3071,76800,120.0,25,0.3920079166666668,9.887697696685791,88.7985741297404,63.53034400002798
mlp_qmix__N16__ring__seed6,mlp_qmix,coord_grid,6,3072,76825,73.0,25,0.39181,8.605802689279828,109.97219249180385,63.55284520803252
mlp_qmix__N16__ring__seed6,mlp_qmix,coord_grid,6,3073,76850,66.0,25,0.3916120833333333,13.568051973978678,194.4250857035319,63.57369683298748
mlp_qmix__N16__ring__seed6,mlp_qmix,coord_grid,6,3074,76875,78.0,25,0.39141416666666673,12.39392614364624,209.42432149251303,63.593820000009146
mlp_qmix__N16__ring__seed6,mlp_qmix,coord_grid,6,3075,76900,125.0,25,0.39121625000000004,9.037190794944763,207.9449520111084,63.61402462498518
mlp_qmix__N16__ring__seed6,mlp_qmix,coord_grid,6,3076,76925,74.0,25,0.39101833333333336,13.729466438293457,169.48088182721818,63.63692058302695
mlp_qmix__N16__ring__seed6,mlp_qmix,coord_grid,6,3077,76950,84.0,25,0.39082041666666667,5.916872600714366,229.37969144185385,63.65676137502305
mlp_qmix__N16__ring__seed6,mlp_qmix,coord_grid,6,3078,76975,95.0,25,0.3906225000000001,11.083074341217676,137.02841472625732,63.677015500026755
mlp_qmix__N16__ring__seed6,mlp_qmix,coord_grid,6,3079,77000,79.0,25,0.3904245833333334,8.84431877732277,156.56235790252686,63.6970878749853
mlp_qmix__N16__ring__seed6,mlp_qmix,coord_grid,6,3080,77025,108.0,25,0.3902266666666667,10.622921875544957,326.51731709071566,63.719707583019044
mlp_qmix__N16__ring__seed6,mlp_qmix,coord_grid,6,3081,77050,95.0,25,0.39002875000000004,12.783043384552002,303.1236820220947,63.739922791020945
mlp_qmix__N16__ring__seed6,mlp_qmix,coord_grid,6,3082,77075,95.0,25,0.38983083333333335,7.934057414531708,181.1454734802246,63.7599508750136
mlp_qmix__N16__ring__seed6,mlp_qmix,coord_grid,6,3083,77100,78.0,25,0.38963291666666666,13.11202605565389,278.0238723754883,63.77976591599872
mlp_qmix__N16__ring__seed6,mlp_qmix,coord_grid,6,3084,77125,92.0,25,0.389435,9.404782499585833,232.5267573765346,63.80282966600498
mlp_qmix__N16__ring__seed6,mlp_qmix,coord_grid,6,3085,77150,119.0,25,0.3892370833333334,8.127101997534433,193.4649969736735,63.82431762502529
mlp_qmix__N16__ring__seed6,mlp_qmix,coord_grid,6,3086,77175,109.0,25,0.3890391666666667,4.412622521320979,120.71366500854492,63.845535333035514
mlp_qmix__N16__ring__seed6,mlp_qmix,coord_grid,6,3087,77200,110.0,25,0.38884125,11.72340969244639,212.38342793782553,63.865795416000765
mlp_qmix__N16__ring__seed6,mlp_qmix,coord_grid,6,3088,77225,120.0,25,0.38864333333333345,10.038347056933812,147.6730068751744,63.88846200000262
mlp_qmix__N16__ring__seed6,mlp_qmix,coord_grid,6,3089,77250,107.0,25,0.38844541666666665,12.317686021327972,112.9786745707194,63.90876787499292
mlp_qmix__N16__ring__seed6,mlp_qmix,coord_grid,6,3090,77275,79.0,25,0.38824749999999997,16.084673086802166,112.10831133524577,63.93000175000634
mlp_qmix__N16__ring__seed6,mlp_qmix,coord_grid,6,3091,77300,110.0,25,0.3880495833333333,10.065938025712967,78.3357884089152,63.95045520801796
mlp_qmix__N16__ring__seed6,mlp_qmix,coord_grid,6,3092,77325,87.0,25,0.3878516666666667,7.951586416789463,156.00242287772042,63.972948166017886
mlp_qmix__N16__ring__seed6,mlp_qmix,coord_grid,6,3093,77350,69.0,25,0.38765375,6.882727245489757,188.24239603678384,63.99327220802661
mlp_qmix__N16__ring__seed6,mlp_qmix,coord_grid,6,3094,77375,87.0,25,0.38745583333333333,5.619147280852,128.11409759521484,64.01299833302619
mlp_qmix__N16__ring__seed6,mlp_qmix,coord_grid,6,3095,77400,74.0,25,0.38725791666666676,4.5564219156901045,172.57223892211914,64.03334254102083
mlp_qmix__N16__ring__seed6,mlp_qmix,coord_grid,6,3096,77425,108.0,25,0.38706000000000007,5.972344126020159,159.08143506731307,64.0563963750028
mlp_qmix__N16__ring__seed6,mlp_qmix,coord_grid,6,3097,77450,71.0,25,0.3868620833333334,11.479165901740393,155.0985247294108,64.07649804098764
mlp_qmix__N16__ring__seed6,mlp_qmix,coord_grid,6,3098,77475,65.0,25,0.3866641666666667,12.636752525965372,124.97495492299397,64.09648254100466
mlp_qmix__N16__ring__seed6,mlp_qmix,coord_grid,6,3099,77500,104.0,25,0.38646625,13.977916737397512,207.7739404042562,64.11629808298312
mlp_qmix__N16__ring__seed6,mlp_qmix,coord_grid,6,3100,77525,95.0,25,0.3862683333333333,15.487003496715001,286.64378029959545,64.1388034580159
mlp_qmix__N16__ring__seed6,mlp_qmix,coord_grid,6,3101,77550,91.0,25,0.38607041666666664,19.073973258336384,269.8727289835612,64.15888912498485
mlp_qmix__N16__ring__seed6,mlp_qmix,coord_grid,6,3102,77575,140.0,25,0.38587250000000006,12.429254621267319,122.43073336283366,64.17883845802862
mlp_qmix__N16__ring__seed6,mlp_qmix,coord_grid,6,3103,77600,69.0,25,0.3856745833333334,11.285938064257303,113.45951334635417,64.19875995803159
mlp_qmix__N16__ring__seed6,mlp_qmix,coord_grid,6,3104,77625,96.0,25,0.3854766666666667,8.76567302431379,89.0972513471331,64.22125095798401
mlp_qmix__N16__ring__seed6,mlp_qmix,coord_grid,6,3105,77650,74.0,25,0.3852787500000001,14.45903346935908,87.56703186035156,64.24100166599965
mlp_qmix__N16__ring__seed6,mlp_qmix,coord_grid,6,3106,77675,100.0,25,0.3850808333333334,10.218969583511353,176.24983024597168,64.26105308299884
mlp_qmix__N16__ring__seed6,mlp_qmix,coord_grid,6,3107,77700,91.0,25,0.38488291666666663,7.92766793568929,158.238795598348,64.28083900001366
mlp_qmix__N16__ring__seed6,mlp_qmix,coord_grid,6,3108,77725,68.0,25,0.38468499999999994,6.787834874221256,96.07472092764718,64.3026940000127
mlp_qmix__N16__ring__seed6,mlp_qmix,coord_grid,6,3109,77750,128.0,25,0.38448708333333337,12.509618878364563,151.78900051116943,64.32259433303261
mlp_qmix__N16__ring__seed6,mlp_qmix,coord_grid,6,3110,77775,129.0,25,0.3842891666666667,10.128504743178686,157.7813278834025,64.3427918329835
mlp_qmix__N16__ring__seed6,mlp_qmix,coord_grid,6,3111,77800,82.0,25,0.38409125,12.330408344666163,111.57345008850098,64.36304916598601
mlp_qmix__N16__ring__seed6,mlp_qmix,coord_grid,6,3112,77825,90.0,25,0.3838933333333334,10.54862448147365,223.60745893205916,64.38542183302343
mlp_qmix__N16__ring__seed6,mlp_qmix,coord_grid,6,3113,77850,101.0,25,0.38369541666666673,7.3702243367830915,255.19391695658365,64.4063356249826
mlp_qmix__N16__ring__seed6,mlp_qmix,coord_grid,6,3114,77875,80.0,25,0.38349750000000005,9.443871855735779,201.25751622517905,64.4266969159944
mlp_qmix__N16__ring__seed6,mlp_qmix,coord_grid,6,3115,77900,103.0,25,0.38329958333333336,7.196567157904307,232.1351687113444,64.44757474999642
mlp_qmix__N16__ring__seed6,mlp_qmix,coord_grid,6,3116,77925,76.0,25,0.3831016666666667,14.573090587343488,221.36770629882812,64.47024545801105
mlp_qmix__N16__ring__seed6,mlp_qmix,coord_grid,6,3117,77950,82.0,25,0.38290375,17.513041814168293,132.98562049865723,64.49025312502636
mlp_qmix__N16__ring__seed6,mlp_qmix,coord_grid,6,3118,77975,115.0,25,0.3827058333333333,12.855658868948618,192.5235341389974,64.50990754098166
mlp_qmix__N16__ring__seed6,mlp_qmix,coord_grid,6,3119,78000,92.0,25,0.3825079166666667,11.584079086780548,135.89841842651367,64.5299624580075
mlp_qmix__N16__ring__seed6,mlp_qmix,coord_grid,6,3120,78025,110.0,25,0.38231000000000004,13.030689018113273,109.9294902256557,64.5530156660243
mlp_qmix__N16__ring__seed6,mlp_qmix,coord_grid,6,3121,78050,111.0,25,0.38211208333333335,12.683775027592977,152.95639928181967,64.57300558302086
mlp_qmix__N16__ring__seed6,mlp_qmix,coord_grid,6,3122,78075,118.0,25,0.3819141666666668,10.24179039398829,157.50885264078775,64.59300095803337
mlp_qmix__N16__ring__seed6,mlp_qmix,coord_grid,6,3123,78100,134.0,25,0.3817162500000001,11.520256499449411,118.42969067891438,64.61266016599257
mlp_qmix__N16__ring__seed6,mlp_qmix,coord_grid,6,3124,78125,105.0,25,0.3815183333333333,6.980759220463889,109.11914116995675,64.63496329099871
mlp_qmix__N16__ring__seed6,mlp_qmix,coord_grid,6,3125,78150,84.0,25,0.3813204166666666,10.952619314193726,278.9920069376628,64.65506362501765
mlp_qmix__N16__ring__seed6,mlp_qmix,coord_grid,6,3126,78175,98.0,25,0.38112250000000003,14.187862475713095,198.189377784729,64.67546154098818
mlp_qmix__N16__ring__seed6,mlp_qmix,coord_grid,6,3127,78200,94.0,25,0.38092458333333334,12.164612174034119,273.175350189209,64.69547379098367
mlp_qmix__N16__ring__seed6,mlp_qmix,coord_grid,6,3128,78225,97.0,25,0.38072666666666666,12.162365777151924,202.0550755092076,64.71784879098414
mlp_qmix__N16__ring__seed6,mlp_qmix,coord_grid,6,3129,78250,68.0,25,0.3805287500000001,14.405365109443665,271.33901596069336,64.73765691602603
mlp_qmix__N16__ring__seed6,mlp_qmix,coord_grid,6,3130,78275,94.0,25,0.3803308333333334,8.580842753251394,249.1758944193522,64.75738604099024
mlp_qmix__N16__ring__seed6,mlp_qmix,coord_grid,6,3131,78300,89.0,25,0.3801329166666667,7.343957543373108,255.80570602416992,64.77734654099913
mlp_qmix__N16__ring__seed6,mlp_qmix,coord_grid,6,3132,78325,76.0,25,0.37993500000000013,8.239363857678004,239.38666207449776,64.7998349579866
mlp_qmix__N16__ring__seed6,mlp_qmix,coord_grid,6,3133,78350,90.0,25,0.37973708333333334,9.549615025520325,251.60450871785483,64.81889112503268
mlp_qmix__N16__ring__seed6,mlp_qmix,coord_grid,6,3134,78375,85.0,25,0.37953916666666665,16.64293336868286,218.8473154703776,64.83886658301344
mlp_qmix__N16__ring__seed6,mlp_qmix,coord_grid,6,3135,78400,120.0,25,0.37934124999999996,10.455077727635702,215.27858861287436,64.8603218329954
mlp_qmix__N16__ring__seed6,mlp_qmix,coord_grid,6,3136,78425,105.0,25,0.3791433333333334,15.568568076406207,240.04271697998047,64.88259908300824
mlp_qmix__N16__ring__seed6,mlp_qmix,coord_grid,6,3137,78450,95.0,25,0.3789454166666667,12.823803424835205,203.27993520100912,64.9025730410358
mlp_qmix__N16__ring__seed6,mlp_qmix,coord_grid,6,3138,78475,79.0,25,0.3787475,11.984363714853922,261.35837809244794,64.92348566598957
mlp_qmix__N16__ring__seed6,mlp_qmix,coord_grid,6,3139,78500,95.0,25,0.37854958333333344,10.637484709421793,156.31884225209555,64.94346329098335
mlp_qmix__N16__ring__seed6,mlp_qmix,coord_grid,6,3140,78525,81.0,25,0.37835166666666675,11.083856088774544,153.55351311819894,64.96588475001045
mlp_qmix__N16__ring__seed6,mlp_qmix,coord_grid,6,3141,78550,65.0,25,0.37815375000000007,8.186234633127848,185.3812026977539,64.98554562503705
mlp_qmix__N16__ring__seed6,mlp_qmix,coord_grid,6,3142,78575,85.0,25,0.37795583333333327,11.594950318336487,146.33871587117514,65.00557504099561
mlp_qmix__N16__ring__seed6,mlp_qmix,coord_grid,6,3143,78600,93.0,25,0.3777579166666667,10.37779132525126,128.3639097213745,65.026001500024
mlp_qmix__N16__ring__seed6,mlp_qmix,coord_grid,6,3144,78625,92.0,25,0.37756,14.704623631068639,347.18815176827565,65.04829595802585
mlp_qmix__N16__ring__seed6,mlp_qmix,coord_grid,6,3145,78650,76.0,25,0.3773620833333333,14.816414395968119,277.9073486328125,65.06908991601085
mlp_qmix__N16__ring__seed6,mlp_qmix,coord_grid,6,3146,78675,92.0,25,0.37716416666666674,11.667241354783377,173.00113232930502,65.08916266600136
mlp_qmix__N16__ring__seed6,mlp_qmix,coord_grid,6,3147,78700,75.0,25,0.37696625000000006,16.28278334935506,139.41171900431314,65.10882833303185
mlp_qmix__N16__ring__seed6,mlp_qmix,coord_grid,6,3148,78725,105.0,25,0.37676833333333337,7.868488047804151,58.70237513950893,65.13100666599348
mlp_qmix__N16__ring__seed6,mlp_qmix,coord_grid,6,3149,78750,102.0,25,0.3765704166666668,10.391584326823553,111.05560302734375,65.15094437502557
mlp_qmix__N16__ring__seed6,mlp_qmix,coord_grid,6,3150,78775,92.0,25,0.3763725,10.326077580451965,136.75878270467123,65.1710205830168
mlp_qmix__N16__ring__seed6,mlp_qmix,coord_grid,6,3151,78800,87.0,25,0.3761745833333333,13.057986915111542,172.91164557139078,65.19097633298952
mlp_qmix__N16__ring__seed6,mlp_qmix,coord_grid,6,3152,78825,98.0,25,0.3759766666666666,13.42440836770194,191.7229952130999,65.21378920803545
mlp_qmix__N16__ring__seed6,mlp_qmix,coord_grid,6,3153,78850,95.0,25,0.37577875000000005,7.376465439796448,262.03429158528644,65.23375270800898
mlp_qmix__N16__ring__seed6,mlp_qmix,coord_grid,6,3154,78875,77.0,25,0.37558083333333336,7.318865180015564,209.92682011922201,65.25361554103438
mlp_qmix__N16__ring__seed6,mlp_qmix,coord_grid,6,3155,78900,73.0,25,0.3753829166666667,9.508657932281494,218.86502265930176,65.27382516599027
mlp_qmix__N16__ring__seed6,mlp_qmix,coord_grid,6,3156,78925,78.0,25,0.3751850000000001,6.990693696907589,157.7832739693778,65.2974032080383
mlp_qmix__N16__ring__seed6,mlp_qmix,coord_grid,6,3157,78950,102.0,25,0.3749870833333334,6.800890525182088,127.29633649190266,65.31772308301879
mlp_qmix__N16__ring__seed6,mlp_qmix,coord_grid,6,3158,78975,106.0,25,0.37478916666666673,9.711158633232117,236.91251118977866,65.33790183300152
mlp_qmix__N16__ring__seed6,mlp_qmix,coord_grid,6,3159,79000,96.0,25,0.37459124999999993,10.420708119869232,174.62074120839438,65.35737529100152
mlp_qmix__N16__ring__seed6,mlp_qmix,coord_grid,6,3160,79025,100.0,25,0.37439333333333336,12.615157910755702,225.8613796234131,65.37963633303298
mlp_qmix__N16__ring__seed6,mlp_qmix,coord_grid,6,3161,79050,103.0,25,0.37419541666666667,13.151180903116861,225.42560386657715,65.39975408301689
mlp_qmix__N16__ring__seed6,mlp_qmix,coord_grid,6,3162,79075,71.0,25,0.3739975,14.047465940316519,181.72076288859049,65.41957224998623
mlp_qmix__N16__ring__seed6,mlp_qmix,coord_grid,6,3163,79100,92.0,25,0.3737995833333334,6.788401861985524,71.97091770172119,65.4401365829981
mlp_qmix__N16__ring__seed6,mlp_qmix,coord_grid,6,3164,79125,99.0,25,0.3736016666666667,15.349370070866176,152.55281012398856,65.46242141601397
mlp_qmix__N16__ring__seed6,mlp_qmix,coord_grid,6,3165,79150,100.0,25,0.37340375000000003,7.553740243117015,241.04231452941895,65.48248679103563
mlp_qmix__N16__ring__seed6,mlp_qmix,coord_grid,6,3166,79175,93.0,25,0.37320583333333335,14.848630249500275,304.0401128133138,65.50271579099353
mlp_qmix__N16__ring__seed6,mlp_qmix,coord_grid,6,3167,79200,125.0,25,0.3730079166666668,9.246410926183065,318.9591013590495,65.52267924998887
mlp_qmix__N16__ring__seed6,mlp_qmix,coord_grid,6,3168,79225,112.0,25,0.37281,12.159359659467425,317.47240556989397,65.54535504098749
mlp_qmix__N16__ring__seed6,mlp_qmix,coord_grid,6,3169,79250,99.0,25,0.3726120833333333,9.008967717488607,257.8732509613037,65.56529929098906
mlp_qmix__N16__ring__seed6,mlp_qmix,coord_grid,6,3170,79275,115.0,25,0.3724141666666667,9.879591047763824,265.6436487833659,65.58525954099605
mlp_qmix__N16__ring__seed6,mlp_qmix,coord_grid,6,3171,79300,85.0,25,0.37221625,11.684419353803,306.33448791503906,65.60519083298277
mlp_qmix__N16__ring__seed6,mlp_qmix,coord_grid,6,3172,79325,94.0,25,0.37201833333333334,11.169263192585536,304.8757978166853,65.6276145830052
mlp_qmix__N16__ring__seed6,mlp_qmix,coord_grid,6,3173,79350,92.0,25,0.37182041666666676,8.654630899429321,267.1768849690755,65.64738262502942
mlp_qmix__N16__ring__seed6,mlp_qmix,coord_grid,6,3174,79375,92.0,25,0.3716225000000001,18.5428360303243,301.8740692138672,65.6674628329929
mlp_qmix__N16__ring__seed6,mlp_qmix,coord_grid,6,3175,79400,85.0,25,0.3714245833333334,7.924569765726726,324.0559145609538,65.68782024999382
mlp_qmix__N16__ring__seed6,mlp_qmix,coord_grid,6,3176,79425,104.0,25,0.3712266666666667,5.710046989577157,315.22242954799106,65.71038524998585
mlp_qmix__N16__ring__seed6,mlp_qmix,coord_grid,6,3177,79450,87.0,25,0.37102875,17.125677426656086,211.08142598470053,65.73051720799413
mlp_qmix__N16__ring__seed6,mlp_qmix,coord_grid,6,3178,79475,102.0,25,0.37083083333333333,7.110102067391078,124.82284164428711,65.75038762501208
mlp_qmix__N16__ring__seed6,mlp_qmix,coord_grid,6,3179,79500,101.0,25,0.37063291666666665,7.171691358089447,170.2018903096517,65.7722440410289
mlp_qmix__N16__ring__seed6,mlp_qmix,coord_grid,6,3180,79525,120.0,25,0.37043500000000007,11.065159661429268,272.15211595807756,65.79571791598573
mlp_qmix__N16__ring__seed6,mlp_qmix,coord_grid,6,3181,79550,122.0,25,0.3702370833333334,12.77179459730784,265.89899222056073,65.81900095799938
mlp_qmix__N16__ring__seed6,mlp_qmix,coord_grid,6,3182,79575,92.0,25,0.3700391666666667,7.031594216823578,316.6746190388997,65.83916741603753
mlp_qmix__N16__ring__seed6,mlp_qmix,coord_grid,6,3183,79600,64.0,25,0.36984125,7.993300954500834,285.29186121622723,65.85888483299641
mlp_qmix__N16__ring__seed6,mlp_qmix,coord_grid,6,3184,79625,100.0,25,0.36964333333333343,6.47373366355896,339.99053737095426,65.88197437499184
mlp_qmix__N16__ring__seed6,mlp_qmix,coord_grid,6,3185,79650,104.0,25,0.36944541666666664,16.08212153116862,236.63419977823892,65.90185070800362
mlp_qmix__N16__ring__seed6,mlp_qmix,coord_grid,6,3186,79675,114.0,25,0.36924749999999995,8.28521599372228,339.7880350748698,65.92175758298254
mlp_qmix__N16__ring__seed6,mlp_qmix,coord_grid,6,3187,79700,106.0,25,0.3690495833333334,15.21541198094686,282.1742286682129,65.94179004098987
mlp_qmix__N16__ring__seed6,mlp_qmix,coord_grid,6,3188,79725,87.0,25,0.3688516666666667,9.435617685317993,330.35370091029574,65.96393675002037
mlp_qmix__N16__ring__seed6,mlp_qmix,coord_grid,6,3189,79750,78.0,25,0.36865375,10.295326550801596,232.1233695348104,65.98419991601259
mlp_qmix__N16__ring__seed6,mlp_qmix,coord_grid,6,3190,79775,91.0,25,0.3684558333333334,10.095360159873962,270.5717658996582,66.00392233300954
mlp_qmix__N16__ring__seed6,mlp_qmix,coord_grid,6,3191,79800,99.0,25,0.36825791666666674,10.804089069366455,315.03638712565106,66.02369720803108
mlp_qmix__N16__ring__seed6,mlp_qmix,coord_grid,6,3192,79825,86.0,25,0.36806000000000005,19.50972310134343,240.9715085710798,66.04621749999933
mlp_qmix__N16__ring__seed6,mlp_qmix,coord_grid,6,3193,79850,78.0,25,0.36786208333333337,6.024978697299957,134.53220303853354,66.06631066603586
mlp_qmix__N16__ring__seed6,mlp_qmix,coord_grid,6,3194,79875,81.0,25,0.3676641666666667,14.65825867652893,186.86191590627035,66.08724195801187
mlp_qmix__N16__ring__seed6,mlp_qmix,coord_grid,6,3195,79900,83.0,25,0.36746625,12.393448293209076,189.3708356221517,66.10734329099068
mlp_qmix__N16__ring__seed6,mlp_qmix,coord_grid,6,3196,79925,120.0,25,0.3672683333333333,18.259726864951,283.6989277430943,66.1299401660217
mlp_qmix__N16__ring__seed6,mlp_qmix,coord_grid,6,3197,79950,72.0,25,0.36707041666666673,6.7782086332639055,231.07260449727377,66.14961445803056
mlp_qmix__N16__ring__seed6,mlp_qmix,coord_grid,6,3198,79975,90.0,25,0.36687250000000005,6.2289402186870575,202.0270118713379,66.1695453330176
mlp_qmix__N16__ring__seed6,mlp_qmix,coord_grid,6,3199,80000,85.0,25,0.36667458333333336,12.458379487196604,188.34460258483887,66.18927208299283
mlp_qmix__N16__ring__seed6,mlp_qmix,coord_grid,6,3200,80025,122.0,25,0.3664766666666667,13.161734649113246,228.4469381059919,66.21162433299469
mlp_qmix__N16__ring__seed6,mlp_qmix,coord_grid,6,3201,80050,88.0,25,0.3662787500000001,9.62856928507487,147.75058364868164,66.23143716598861
mlp_qmix__N16__ring__seed6,mlp_qmix,coord_grid,6,3202,80075,103.0,25,0.3660808333333334,4.511448562145233,71.54557609558105,66.25104954099515
mlp_qmix__N16__ring__seed6,mlp_qmix,coord_grid,6,3203,80100,87.0,25,0.3658829166666666,15.064013242721558,293.4422467549642,66.27085966599407
mlp_qmix__N16__ring__seed6,mlp_qmix,coord_grid,6,3204,80125,84.0,25,0.36568500000000004,7.560181788035801,332.03745814732144,66.29313658300089
mlp_qmix__N16__ring__seed6,mlp_qmix,coord_grid,6,3205,80150,88.0,25,0.36548708333333335,7.508426745732625,241.4837474822998,66.31316404102836
mlp_qmix__N16__ring__seed6,mlp_qmix,coord_grid,6,3206,80175,87.0,25,0.36528916666666666,6.185767064491908,192.9741710027059,66.33296758303186
mlp_qmix__N16__ring__seed6,mlp_qmix,coord_grid,6,3207,80200,87.0,25,0.3650912500000001,19.24479071299235,102.87300936381023,66.35320645803586
mlp_qmix__N16__ring__seed6,mlp_qmix,coord_grid,6,3208,80225,81.0,25,0.3648933333333334,13.65816695349557,342.7749568394252,66.37562937499024
mlp_qmix__N16__ring__seed6,mlp_qmix,coord_grid,6,3209,80250,67.0,25,0.3646954166666667,11.735799074172974,347.95616912841797,66.39545729098609
mlp_qmix__N16__ring__seed6,mlp_qmix,coord_grid,6,3210,80275,106.0,25,0.36449750000000003,17.66780964533488,347.38586680094403,66.41516820801189
mlp_qmix__N16__ring__seed6,mlp_qmix,coord_grid,6,3211,80300,94.0,25,0.36429958333333334,10.159825325012207,209.6240463256836,66.43536733300425
mlp_qmix__N16__ring__seed6,mlp_qmix,coord_grid,6,3212,80325,87.0,25,0.36410166666666666,9.685784697532654,172.63769258771623,66.45780570799252
mlp_qmix__N16__ring__seed6,mlp_qmix,coord_grid,6,3213,80350,94.0,25,0.36390374999999997,11.989652653535208,88.04175027211507,66.47825879103038
mlp_qmix__N16__ring__seed6,mlp_qmix,coord_grid,6,3214,80375,79.0,25,0.3637058333333334,14.320493698120117,91.66343561808269,66.49838529102271
mlp_qmix__N16__ring__seed6,mlp_qmix,coord_grid,6,3215,80400,99.0,25,0.3635079166666667,12.2955371538798,110.28589121500652,66.51821266603656
mlp_qmix__N16__ring__seed6,mlp_qmix,coord_grid,6,3216,80425,125.0,25,0.36331,6.221799356596811,109.91954803466797,66.54056470800424
mlp_qmix__N16__ring__seed6,mlp_qmix,coord_grid,6,3217,80450,105.0,25,0.36311208333333334,10.930124282836914,169.21681340535483,66.56066583300708
mlp_qmix__N16__ring__seed6,mlp_qmix,coord_grid,6,3218,80475,80.0,25,0.36291416666666676,10.809864600499472,151.46043904622397,66.58101133303717
mlp_qmix__N16__ring__seed6,mlp_qmix,coord_grid,6,3219,80500,81.0,25,0.3627162500000001,10.855461438496908,144.14792188008627,66.60078587499447
mlp_qmix__N16__ring__seed6,mlp_qmix,coord_grid,6,3220,80525,101.0,25,0.3625183333333333,12.584334237234932,151.51952035086495,66.6234841250116
mlp_qmix__N16__ring__seed6,mlp_qmix,coord_grid,6,3221,80550,109.0,25,0.3623204166666667,8.367685854434967,209.43533325195312,66.64349258301081
mlp_qmix__N16__ring__seed6,mlp_qmix,coord_grid,6,3222,80575,81.0,25,0.3621225,9.617468992869059,160.9414037068685,66.66355495800963
mlp_qmix__N16__ring__seed6,mlp_qmix,coord_grid,6,3223,80600,106.0,25,0.3619245833333333,6.044814328352611,190.82926813761392,66.68350558303064
mlp_qmix__N16__ring__seed6,mlp_qmix,coord_grid,6,3224,80625,92.0,25,0.36172666666666675,8.262817961829048,158.68639210292272,66.70587233302649
mlp_qmix__N16__ring__seed6,mlp_qmix,coord_grid,6,3225,80650,133.0,25,0.36152875000000007,9.163047671318054,299.58987553914386,66.72568941599457
mlp_qmix__N16__ring__seed6,mlp_qmix,coord_grid,6,3226,80675,78.0,25,0.3613308333333334,9.849820574124655,318.13487497965497,66.74562708300073
mlp_qmix__N16__ring__seed6,mlp_qmix,coord_grid,6,3227,80700,101.0,25,0.3611329166666667,13.685805479685465,228.8207575480143,66.76572187501006
mlp_qmix__N16__ring__seed6,mlp_qmix,coord_grid,6,3228,80725,89.0,25,0.3609350000000001,7.29008914743151,158.99880273001534,66.78800233302172
mlp_qmix__N16__ring__seed6,mlp_qmix,coord_grid,6,3229,80750,108.0,25,0.3607370833333333,10.872883160909018,161.6078904469808,66.80797354102833
mlp_qmix__N16__ring__seed6,mlp_qmix,coord_grid,6,3230,80775,75.0,25,0.36053916666666663,14.578049759070078,187.8466650644938,66.82747525000013
mlp_qmix__N16__ring__seed6,mlp_qmix,coord_grid,6,3231,80800,80.0,25,0.36034125000000006,6.786300301551819,278.7903289794922,66.84836758300662
mlp_qmix__N16__ring__seed6,mlp_qmix,coord_grid,6,3232,80825,112.0,25,0.36014333333333337,10.698554720197405,270.66431427001953,66.87066266598413
mlp_qmix__N16__ring__seed6,mlp_qmix,coord_grid,6,3233,80850,86.0,25,0.3599454166666667,8.303220013777414,337.19199625651044,66.89082716603298
mlp_qmix__N16__ring__seed6,mlp_qmix,coord_grid,6,3234,80875,105.0,25,0.3597475,13.227080523967743,315.3533935546875,66.9104532910278
mlp_qmix__N16__ring__seed6,mlp_qmix,coord_grid,6,3235,80900,61.0,25,0.3595495833333334,6.222715159257253,157.01727294921875,66.93001608300256
mlp_qmix__N16__ring__seed6,mlp_qmix,coord_grid,6,3236,80925,121.0,25,0.35935166666666674,9.32004291670663,121.90400423322406,66.95217933302047
mlp_qmix__N16__ring__seed6,mlp_qmix,coord_grid,6,3237,80950,78.0,25,0.35915375000000005,12.971152067184448,304.8461062113444,66.97202270798152
mlp_qmix__N16__ring__seed6,mlp_qmix,coord_grid,6,3238,80975,67.0,25,0.35895583333333336,10.970577587683996,166.48942693074545,66.99167708301684
mlp_qmix__N16__ring__seed6,mlp_qmix,coord_grid,6,3239,81000,76.0,25,0.3587579166666667,8.432333797216415,141.61731592814127,67.01245991600445
mlp_qmix__N16__ring__seed6,mlp_qmix,coord_grid,6,3240,81025,126.0,25,0.35856,12.682694571358818,353.4441920689174,67.03493866603822
mlp_qmix__N16__ring__seed6,mlp_qmix,coord_grid,6,3241,81050,68.0,25,0.3583620833333333,10.20511461297671,336.7945861816406,67.05463066598168
mlp_qmix__N16__ring__seed6,mlp_qmix,coord_grid,6,3242,81075,102.0,25,0.35816416666666673,12.686569849650065,328.0704485575358,67.07454937498551
mlp_qmix__N16__ring__seed6,mlp_qmix,coord_grid,6,3243,81100,109.0,25,0.35796625000000004,9.073200861612955,342.9994767506917,67.09459108300507
mlp_qmix__N16__ring__seed6,mlp_qmix,coord_grid,6,3244,81125,96.0,25,0.35776833333333335,14.645937170301165,325.9502923148019,67.11712312500458
mlp_qmix__N16__ring__seed6,mlp_qmix,coord_grid,6,3245,81150,96.0,25,0.3575704166666668,14.075688620408377,350.63936614990234,67.13761325000087
mlp_qmix__N16__ring__seed6,mlp_qmix,coord_grid,6,3246,81175,85.0,25,0.3573725,6.545295894145966,199.16139221191406,67.15750720800133
mlp_qmix__N16__ring__seed6,mlp_qmix,coord_grid,6,3247,81200,75.0,25,0.3571745833333333,14.78271315495173,135.59581089019775,67.1772023329977
mlp_qmix__N16__ring__seed6,mlp_qmix,coord_grid,6,3248,81225,85.0,25,0.3569766666666667,7.756596377917698,242.18365042550224,67.19933691603364
mlp_qmix__N16__ring__seed6,mlp_qmix,coord_grid,6,3249,81250,101.0,25,0.35677875000000003,7.643419186274211,242.19049517313638,67.21927645802498
mlp_qmix__N16__ring__seed6,mlp_qmix,coord_grid,6,3250,81275,101.0,25,0.35658083333333335,12.32839322090149,198.03791427612305,67.23996220802655
mlp_qmix__N16__ring__seed6,mlp_qmix,coord_grid,6,3251,81300,93.0,25,0.35638291666666666,7.287714918454488,167.20100911458334,67.25984487502137
mlp_qmix__N16__ring__seed6,mlp_qmix,coord_grid,6,3252,81325,103.0,25,0.3561850000000001,8.46718726839338,177.89820534842355,67.28225874999771
mlp_qmix__N16__ring__seed6,mlp_qmix,coord_grid,6,3253,81350,82.0,25,0.3559870833333334,16.050326665242512,160.81400299072266,67.30240300000878
mlp_qmix__N16__ring__seed6,mlp_qmix,coord_grid,6,3254,81375,125.0,25,0.3557891666666667,9.769209623336792,144.81970596313477,67.32195975002833
mlp_qmix__N16__ring__seed6,mlp_qmix,coord_grid,6,3255,81400,124.0,25,0.35559125,9.662052989006042,181.68835830688477,67.34199791599531
mlp_qmix__N16__ring__seed6,mlp_qmix,coord_grid,6,3256,81425,63.0,25,0.35539333333333334,8.53334276165281,182.01893179757255,67.36476912500802
mlp_qmix__N16__ring__seed6,mlp_qmix,coord_grid,6,3257,81450,91.0,25,0.35519541666666665,12.195266882578531,114.85477352142334,67.38456266600406
mlp_qmix__N16__ring__seed6,mlp_qmix,coord_grid,6,3258,81475,110.0,25,0.35499749999999997,12.238388299942017,151.95594596862793,67.40456433303189
mlp_qmix__N16__ring__seed6,mlp_qmix,coord_grid,6,3259,81500,103.0,25,0.3547995833333334,9.86297901471456,173.92766316731772,67.4242859579972
mlp_qmix__N16__ring__seed6,mlp_qmix,coord_grid,6,3260,81525,126.0,25,0.3546016666666667,9.856448744024549,198.90424455915178,67.44632595800795
mlp_qmix__N16__ring__seed6,mlp_qmix,coord_grid,6,3261,81550,152.0,25,0.35440375,11.080479284127554,164.13704045613608,67.46627270802855
mlp_qmix__N16__ring__seed6,mlp_qmix,coord_grid,6,3262,81575,99.0,25,0.35420583333333344,4.877489407857259,171.36936569213867,67.48608333303127
mlp_qmix__N16__ring__seed6,mlp_qmix,coord_grid,6,3263,81600,91.0,25,0.35400791666666676,15.98789898554484,183.35167948404947,67.50611516600475
mlp_qmix__N16__ring__seed6,mlp_qmix,coord_grid,6,3264,81625,124.0,25,0.35380999999999996,12.79773507799421,169.01392364501953,67.528737790999
mlp_qmix__N16__ring__seed6,mlp_qmix,coord_grid,6,3265,81650,99.0,25,0.3536120833333334,16.211578845977783,153.93517049153647,67.54891179100377
mlp_qmix__N16__ring__seed6,mlp_qmix,coord_grid,6,3266,81675,134.0,25,0.3534141666666667,14.05548526843389,285.24735260009766,67.56922429101542
mlp_qmix__N16__ring__seed6,mlp_qmix,coord_grid,6,3267,81700,84.0,25,0.35321625,14.0463973681132,248.38352076212564,67.58869991602842
mlp_qmix__N16__ring__seed6,mlp_qmix,coord_grid,6,3268,81725,92.0,25,0.3530183333333333,13.298883438110352,244.0631583077567,67.61120174999814
mlp_qmix__N16__ring__seed6,mlp_qmix,coord_grid,6,3269,81750,85.0,25,0.35282041666666675,11.274011651674906,205.46752802530924,67.63090350001585
mlp_qmix__N16__ring__seed6,mlp_qmix,coord_grid,6,3270,81775,90.0,25,0.35262250000000006,7.47531529267629,123.32331657409668,67.65083724999567
mlp_qmix__N16__ring__seed6,mlp_qmix,coord_grid,6,3271,81800,97.0,25,0.3524245833333334,4.955083668231964,198.6161429087321,67.67139337502886
mlp_qmix__N16__ring__seed6,mlp_qmix,coord_grid,6,3272,81825,92.0,25,0.3522266666666667,14.092050892966133,313.044913155692,67.69393833301729
mlp_qmix__N16__ring__seed6,mlp_qmix,coord_grid,6,3273,81850,113.0,25,0.35202875,8.683164278666178,170.31684239705405,67.71383395802695
mlp_qmix__N16__ring__seed6,mlp_qmix,coord_grid,6,3274,81875,75.0,25,0.3518308333333333,14.95672881603241,108.64972178141277,67.73371025000233
mlp_qmix__N16__ring__seed6,mlp_qmix,coord_grid,6,3275,81900,124.0,25,0.35163291666666663,9.916173537572226,169.5511563618978,67.75335691601504
mlp_qmix__N16__ring__seed6,mlp_qmix,coord_grid,6,3276,81925,60.0,25,0.35143500000000005,7.764392818723406,209.86382239205497,67.77559904102236
mlp_qmix__N16__ring__seed6,mlp_qmix,coord_grid,6,3277,81950,136.0,25,0.35123708333333337,7.506119926770528,164.65920893351236,67.79585170798237
mlp_qmix__N16__ring__seed6,mlp_qmix,coord_grid,6,3278,81975,91.0,25,0.3510391666666667,10.117641568183899,177.16931025187174,67.81596550001996
mlp_qmix__N16__ring__seed6,mlp_qmix,coord_grid,6,3279,82000,102.0,25,0.3508412500000001,11.378748456637064,168.9228998819987,67.83591179101495
mlp_qmix__N16__ring__seed6,mlp_qmix,coord_grid,6,3280,82025,108.0,25,0.3506433333333334,5.548626678330558,205.50113133021765,67.85832758300239
mlp_qmix__N16__ring__seed6,mlp_qmix,coord_grid,6,3281,82050,92.0,25,0.3504454166666666,6.1700301965077715,149.32599131266275,67.87841404101346
mlp_qmix__N16__ring__seed6,mlp_qmix,coord_grid,6,3282,82075,96.0,25,0.35024750000000004,7.305148681004842,154.55225118001303,67.89782837498933
mlp_qmix__N16__ring__seed6,mlp_qmix,coord_grid,6,3283,82100,99.0,25,0.35004958333333336,9.955180486043295,208.36414210001627,67.91784354101401
mlp_qmix__N16__ring__seed6,mlp_qmix,coord_grid,6,3284,82125,98.0,25,0.34985166666666667,12.011244578020912,165.50641305106026,67.94100495800376
mlp_qmix__N16__ring__seed6,mlp_qmix,coord_grid,6,3285,82150,84.0,25,0.34965375,6.943799257278442,328.88775126139325,67.96109195798635
mlp_qmix__N16__ring__seed6,mlp_qmix,coord_grid,6,3286,82175,83.0,25,0.3494558333333334,7.740023156007131,250.90810902913412,67.98096775001613
mlp_qmix__N16__ring__seed6,mlp_qmix,coord_grid,6,3287,82200,104.0,25,0.3492579166666667,14.138728141784668,256.8962395985921,68.00135945802322
mlp_qmix__N16__ring__seed6,mlp_qmix,coord_grid,6,3288,82225,67.0,25,0.34906000000000004,12.10493334702083,231.89268493652344,68.02337329101283
mlp_qmix__N16__ring__seed6,mlp_qmix,coord_grid,6,3289,82250,85.0,25,0.34886208333333346,10.420728325843811,274.8418909708659,68.04342599998927
mlp_qmix__N16__ring__seed6,mlp_qmix,coord_grid,6,3290,82275,90.0,25,0.34866416666666666,12.453039685885111,217.3332862854004,68.06321912503336
mlp_qmix__N16__ring__seed6,mlp_qmix,coord_grid,6,3291,82300,103.0,25,0.34846625,9.120575865109762,268.49169031778973,68.08310508303111
mlp_qmix__N16__ring__seed6,mlp_qmix,coord_grid,6,3292,82325,98.0,25,0.3482683333333333,12.946233800479344,139.01845114571708,68.1062364160316
mlp_qmix__N16__ring__seed6,mlp_qmix,coord_grid,6,3293,82350,94.0,25,0.3480704166666667,8.850180606047312,228.89776611328125,68.12627158302348
mlp_qmix__N16__ring__seed6,mlp_qmix,coord_grid,6,3294,82375,120.0,25,0.34787250000000003,7.764624377091725,244.37714831034342,68.14603033300955
mlp_qmix__N16__ring__seed6,mlp_qmix,coord_grid,6,3295,82400,106.0,25,0.34767458333333334,10.31598941485087,283.40440622965497,68.16673141601495
mlp_qmix__N16__ring__seed6,mlp_qmix,coord_grid,6,3296,82425,97.0,25,0.34747666666666677,12.343314238956996,273.9099371773856,68.18932816601591
mlp_qmix__N16__ring__seed6,mlp_qmix,coord_grid,6,3297,82450,127.0,25,0.3472787500000001,5.257603943347931,265.06424713134766,68.20892679103417
mlp_qmix__N16__ring__seed6,mlp_qmix,coord_grid,6,3298,82475,105.0,25,0.3470808333333334,14.025457700093588,275.0769348144531,68.2283860000316
mlp_qmix__N16__ring__seed6,mlp_qmix,coord_grid,6,3299,82500,66.0,25,0.3468829166666667,7.509872277577718,228.79741541544595,68.2487230830011
mlp_qmix__N16__ring__seed6,mlp_qmix,coord_grid,6,3300,82525,96.0,25,0.346685,7.9802926778793335,284.85396902901783,68.27152779098833
mlp_qmix__N16__ring__seed6,mlp_qmix,coord_grid,6,3301,82550,73.0,25,0.34648708333333333,7.55466765165329,225.78674697875977,68.29152495798189
mlp_qmix__N16__ring__seed6,mlp_qmix,coord_grid,6,3302,82575,98.0,25,0.34628916666666665,12.964545488357544,292.9655507405599,68.3114736659918
mlp_qmix__N16__ring__seed6,mlp_qmix,coord_grid,6,3303,82600,103.0,25,0.3460912500000001,10.04321285088857,221.89195124308267,68.33171970798867
mlp_qmix__N16__ring__seed6,mlp_qmix,coord_grid,6,3304,82625,80.0,25,0.3458933333333334,13.628365652901786,246.45587594168526,68.3537959579844
mlp_qmix__N16__ring__seed6,mlp_qmix,coord_grid,6,3305,82650,78.0,25,0.3456954166666667,8.834027270476023,146.8499050140381,68.37391374999424
mlp_qmix__N16__ring__seed6,mlp_qmix,coord_grid,6,3306,82675,95.0,25,0.3454975000000001,15.090976496537527,137.44039916992188,68.39356454100925
mlp_qmix__N16__ring__seed6,mlp_qmix,coord_grid,6,3307,82700,91.0,25,0.3452995833333333,11.37618014216423,138.55106258392334,68.41358587500872
mlp_qmix__N16__ring__seed6,mlp_qmix,coord_grid,6,3308,82725,126.0,25,0.34510166666666664,11.832384518214635,121.19912528991699,68.43592070799787
mlp_qmix__N16__ring__seed6,mlp_qmix,coord_grid,6,3309,82750,93.0,25,0.34490374999999995,12.562195082505545,147.09100532531738,68.45580591598991
mlp_qmix__N16__ring__seed6,mlp_qmix,coord_grid,6,3310,82775,94.0,25,0.3447058333333334,19.01418302456538,127.69123140970866,68.47584729100345
mlp_qmix__N16__ring__seed6,mlp_qmix,coord_grid,6,3311,82800,100.0,25,0.3445079166666667,7.652898967266083,185.09733708699545,68.49556862498866
mlp_qmix__N16__ring__seed6,mlp_qmix,coord_grid,6,3312,82825,80.0,25,0.34431,12.721500311579023,241.4507598876953,68.5177822500118
mlp_qmix__N16__ring__seed6,mlp_qmix,coord_grid,6,3313,82850,81.0,25,0.34411208333333343,18.02869502703349,357.7250779469808,68.53803479101043
mlp_qmix__N16__ring__seed6,mlp_qmix,coord_grid,6,3314,82875,86.0,25,0.34391416666666674,17.209163188934326,290.60104115804035,68.5577003750368
mlp_qmix__N16__ring__seed6,mlp_qmix,coord_grid,6,3315,82900,87.0,25,0.34371625000000006,12.417471696933111,312.43531036376953,68.57755420799367
mlp_qmix__N16__ring__seed6,mlp_qmix,coord_grid,6,3316,82925,77.0,25,0.34351833333333326,8.169027294431414,273.49850845336914,68.6008619160275
mlp_qmix__N16__ring__seed6,mlp_qmix,coord_grid,6,3317,82950,91.0,25,0.3433204166666667,11.448627173900604,203.70368576049805,68.62075066601392
mlp_qmix__N16__ring__seed6,mlp_qmix,coord_grid,6,3318,82975,97.0,25,0.3431225,8.647853483756384,69.37466494242351,68.64050416601822
mlp_qmix__N16__ring__seed6,mlp_qmix,coord_grid,6,3319,83000,111.0,25,0.3429245833333333,8.681080520153046,169.5759646097819,68.65984254103387
mlp_qmix__N16__ring__seed6,mlp_qmix,coord_grid,6,3320,83025,118.0,25,0.34272666666666673,13.237671715872628,167.24471827915735,68.6820147500257
mlp_qmix__N16__ring__seed6,mlp_qmix,coord_grid,6,3321,83050,98.0,25,0.34252875000000005,12.062273740768433,267.40834045410156,68.70216012501623
mlp_qmix__N16__ring__seed6,mlp_qmix,coord_grid,6,3322,83075,59.0,25,0.34233083333333336,10.14503272374471,146.63651402791342,68.72157633298775
mlp_qmix__N16__ring__seed6,mlp_qmix,coord_grid,6,3323,83100,100.0,25,0.3421329166666668,6.453552703062694,209.176295598348,68.7416337080067
mlp_qmix__N16__ring__seed6,mlp_qmix,coord_grid,6,3324,83125,108.0,25,0.3419350000000001,17.46168463570731,132.91517203194755,68.76381979102734
mlp_qmix__N16__ring__seed6,mlp_qmix,coord_grid,6,3325,83150,108.0,25,0.3417370833333333,10.284062047799429,229.69383748372397,68.78361991600832
mlp_qmix__N16__ring__seed6,mlp_qmix,coord_grid,6,3326,83175,123.0,25,0.3415391666666666,19.632577260335285,271.3122151692708,68.80347495799651
mlp_qmix__N16__ring__seed6,mlp_qmix,coord_grid,6,3327,83200,116.0,25,0.34134125000000004,6.084966699282329,93.19332059224446,68.82312095799716
mlp_qmix__N16__ring__seed6,mlp_qmix,coord_grid,6,3328,83225,130.0,25,0.34114333333333335,6.754004231521061,185.91593878609794,68.84582200000295
mlp_qmix__N16__ring__seed6,mlp_qmix,coord_grid,6,3329,83250,107.0,25,0.34094541666666667,10.86780732870102,292.0383898417155,68.86575037502917
mlp_qmix__N16__ring__seed6,mlp_qmix,coord_grid,6,3330,83275,71.0,25,0.3407475000000001,8.90470266342163,218.32226435343424,68.88551575003657
mlp_qmix__N16__ring__seed6,mlp_qmix,coord_grid,6,3331,83300,109.0,25,0.3405495833333334,20.215579986572266,164.25109990437826,68.90520995802945
mlp_qmix__N16__ring__seed6,mlp_qmix,coord_grid,6,3332,83325,89.0,25,0.3403516666666667,7.811728409358433,178.8116569519043,68.92701241601026
mlp_qmix__N16__ring__seed6,mlp_qmix,coord_grid,6,3333,83350,99.0,25,0.34015375000000003,12.008817275365194,211.4053192138672,68.94674658303848
mlp_qmix__N16__ring__seed6,mlp_qmix,coord_grid,6,3334,83375,101.0,25,0.33995583333333335,14.25719157854716,232.68997446695963,68.96654987498187
mlp_qmix__N16__ring__seed6,mlp_qmix,coord_grid,6,3335,83400,109.0,25,0.33975791666666666,16.445255200068157,141.53313700358072,68.98795987502672
mlp_qmix__N16__ring__seed6,mlp_qmix,coord_grid,6,3336,83425,133.0,25,0.33956,10.13778304202216,167.54800415039062,69.01067537500057
mlp_qmix__N16__ring__seed6,mlp_qmix,coord_grid,6,3337,83450,99.0,25,0.3393620833333334,12.634649485349655,140.8789612452189,69.03077225002926
mlp_qmix__N16__ring__seed6,mlp_qmix,coord_grid,6,3338,83475,91.0,25,0.3391641666666667,11.427371144294739,174.58268356323242,69.05074341600994
mlp_qmix__N16__ring__seed6,mlp_qmix,coord_grid,6,3339,83500,130.0,25,0.33896625,10.284941891829172,176.41796429951987,69.07087316602701
mlp_qmix__N16__ring__seed6,mlp_qmix,coord_grid,6,3340,83525,90.0,25,0.33876833333333345,14.296004516737801,132.86731665475028,69.09293779102154
mlp_qmix__N16__ring__seed6,mlp_qmix,coord_grid,6,3341,83550,101.0,25,0.33857041666666676,6.434996714194615,219.11671447753906,69.11274212499848
mlp_qmix__N16__ring__seed6,mlp_qmix,coord_grid,6,3342,83575,109.0,25,0.33837249999999996,12.567516803741455,329.49740473429364,69.13295524998102
mlp_qmix__N16__ring__seed6,mlp_qmix,coord_grid,6,3343,83600,131.0,25,0.3381745833333333,7.671322961648305,320.5153668721517,69.1529222499812
mlp_qmix__N16__ring__seed6,mlp_qmix,coord_grid,6,3344,83625,78.0,25,0.3379766666666667,10.146438905170985,197.04691096714564,69.17524166603107
mlp_qmix__N16__ring__seed6,mlp_qmix,coord_grid,6,3345,83650,106.0,25,0.33777875,5.076321403185527,193.92963536580405,69.1952279160032
mlp_qmix__N16__ring__seed6,mlp_qmix,coord_grid,6,3346,83675,79.0,25,0.33758083333333333,9.009499867757162,210.71692276000977,69.21523858298315
mlp_qmix__N16__ring__seed6,mlp_qmix,coord_grid,6,3347,83700,139.0,25,0.33738291666666675,8.268804589907328,282.77893829345703,69.2351684999885
mlp_qmix__N16__ring__seed6,mlp_qmix,coord_grid,6,3348,83725,109.0,25,0.33718500000000007,13.139798845563616,94.6739022391183,69.25810849998379
mlp_qmix__N16__ring__seed6,mlp_qmix,coord_grid,6,3349,83750,105.0,25,0.3369870833333334,11.436759998401007,121.11339505513509,69.27818416600348
mlp_qmix__N16__ring__seed6,mlp_qmix,coord_grid,6,3350,83775,110.0,25,0.3367891666666667,12.76892868677775,196.77287419637045,69.2980312500149
mlp_qmix__N16__ring__seed6,mlp_qmix,coord_grid,6,3351,83800,98.0,25,0.33659125,12.760649939378103,188.09861755371094,69.31740254099714
mlp_qmix__N16__ring__seed6,mlp_qmix,coord_grid,6,3352,83825,112.0,25,0.3363933333333333,10.000377595424652,213.53115844726562,69.33982379100053
mlp_qmix__N16__ring__seed6,mlp_qmix,coord_grid,6,3353,83850,85.0,25,0.33619541666666664,12.730504115422567,191.98314921061197,69.35985645803157
mlp_qmix__N16__ring__seed6,mlp_qmix,coord_grid,6,3354,83875,112.0,25,0.33599750000000006,12.619098563989004,191.68002955118814,69.37966270803008
mlp_qmix__N16__ring__seed6,mlp_qmix,coord_grid,6,3355,83900,98.0,25,0.3357995833333334,14.004989624023438,188.26812616984049,69.3994677910232
mlp_qmix__N16__ring__seed6,mlp_qmix,coord_grid,6,3356,83925,89.0,25,0.3356016666666667,14.509359870638166,170.3975786481585,69.42159254098078
mlp_qmix__N16__ring__seed6,mlp_qmix,coord_grid,6,3357,83950,75.0,25,0.3354037500000001,8.898252656062445,219.85235341389975,69.44162212498486
mlp_qmix__N16__ring__seed6,mlp_qmix,coord_grid,6,3358,83975,107.0,25,0.3352058333333334,15.29285717010498,143.795628229777,69.46165129099973
mlp_qmix__N16__ring__seed6,mlp_qmix,coord_grid,6,3359,84000,124.0,25,0.33500791666666674,10.164133071899414,189.7667668660482,69.48133500001859
mlp_qmix__N16__ring__seed6,mlp_qmix,coord_grid,6,3360,84025,137.0,25,0.33480999999999994,12.23731643812997,176.78416987827845,69.5035585410078
mlp_qmix__N16__ring__seed6,mlp_qmix,coord_grid,6,3361,84050,104.0,25,0.33461208333333337,12.772535423437754,171.27739588419595,69.52343445800943
mlp_qmix__N16__ring__seed6,mlp_qmix,coord_grid,6,3362,84075,112.0,25,0.3344141666666667,11.57018264134725,174.67682139078775,69.54280245798873
mlp_qmix__N16__ring__seed6,mlp_qmix,coord_grid,6,3363,84100,102.0,25,0.33421625,15.423203150431315,202.7351048787435,69.56240770802833
mlp_qmix__N16__ring__seed6,mlp_qmix,coord_grid,6,3364,84125,99.0,25,0.3340183333333334,8.940869927406311,186.25732421875,69.58500608301256
mlp_qmix__N16__ring__seed6,mlp_qmix,coord_grid,6,3365,84150,107.0,25,0.33382041666666673,12.704388300577799,209.80506388346353,69.6050240410259
mlp_qmix__N16__ring__seed6,mlp_qmix,coord_grid,6,3366,84175,127.0,25,0.33362250000000004,8.863613545894623,141.53080876668295,69.62498954101466
mlp_qmix__N16__ring__seed6,mlp_qmix,coord_grid,6,3367,84200,73.0,25,0.33342458333333336,12.722121079762777,222.32122802734375,69.64480537502095
mlp_qmix__N16__ring__seed6,mlp_qmix,coord_grid,6,3368,84225,110.0,25,0.33322666666666667,10.705955045563835,288.73094940185547,69.66707937500905
mlp_qmix__N16__ring__seed6,mlp_qmix,coord_grid,6,3369,84250,90.0,25,0.33302875,12.036120653152466,279.8814697265625,69.68711541598896
mlp_qmix__N16__ring__seed6,mlp_qmix,coord_grid,6,3370,84275,84.0,25,0.3328308333333333,18.703187664349873,253.40307585398355,69.70702129101846
mlp_qmix__N16__ring__seed6,mlp_qmix,coord_grid,6,3371,84300,94.0,25,0.3326329166666667,4.813513199488322,107.95786031087239,69.72728200000711
mlp_qmix__N16__ring__seed6,mlp_qmix,coord_grid,6,3372,84325,85.0,25,0.33243500000000004,13.582829517977578,107.41944285801479,69.7494459580048
mlp_qmix__N16__ring__seed6,mlp_qmix,coord_grid,6,3373,84350,99.0,25,0.33223708333333335,9.165754814942678,151.3607858022054,69.76946525002131
mlp_qmix__N16__ring__seed6,mlp_qmix,coord_grid,6,3374,84375,90.0,25,0.3320391666666668,9.10861619313558,153.69675509134927,69.79066558298655
mlp_qmix__N16__ring__seed6,mlp_qmix,coord_grid,6,3375,84400,178.0,25,0.3318412500000001,6.559631049633026,187.67782974243164,69.8108731660177
mlp_qmix__N16__ring__seed6,mlp_qmix,coord_grid,6,3376,84425,119.0,25,0.3316433333333334,16.33779239654541,269.0081274850028,69.83328850002727
mlp_qmix__N16__ring__seed6,mlp_qmix,coord_grid,6,3377,84450,126.0,25,0.3314454166666666,15.804115851720175,172.5393498738607,69.85338462499203
mlp_qmix__N16__ring__seed6,mlp_qmix,coord_grid,6,3378,84475,146.0,25,0.33124750000000003,12.851785411437353,116.46746253967285,69.87293975002831
mlp_qmix__N16__ring__seed6,mlp_qmix,coord_grid,6,3379,84500,117.0,25,0.33104958333333334,14.56491470336914,254.9079844156901,69.89238487498369
mlp_qmix__N16__ring__seed6,mlp_qmix,coord_grid,6,3380,84525,87.0,25,0.33085166666666666,9.675572071756635,255.41411781311035,69.91470108303474
mlp_qmix__N16__ring__seed6,mlp_qmix,coord_grid,6,3381,84550,103.0,25,0.3306537500000001,8.94586557149887,135.4297103881836,69.93486362503609
mlp_qmix__N16__ring__seed6,mlp_qmix,coord_grid,6,3382,84575,93.0,25,0.3304558333333334,9.446561316649118,239.1007874806722,69.95481675001793
mlp_qmix__N16__ring__seed6,mlp_qmix,coord_grid,6,3383,84600,104.0,25,0.3302579166666667,13.458164076010386,248.59902954101562,69.97435475001112
mlp_qmix__N16__ring__seed6,mlp_qmix,coord_grid,6,3384,84625,90.0,25,0.33006,12.452965532030378,152.87610735212053,69.99680970801273
mlp_qmix__N16__ring__seed6,mlp_qmix,coord_grid,6,3385,84650,91.0,25,0.32986208333333344,8.71238342920939,60.588348070780434,70.01676575001329
mlp_qmix__N16__ring__seed6,mlp_qmix,coord_grid,6,3386,84675,98.0,25,0.32966416666666665,9.071112136046091,157.20765495300293,70.03756637498736
mlp_qmix__N16__ring__seed6,mlp_qmix,coord_grid,6,3387,84700,148.0,25,0.32946624999999996,10.591641942660013,270.52357482910156,70.05759112501983
mlp_qmix__N16__ring__seed6,mlp_qmix,coord_grid,6,3388,84725,114.0,25,0.3292683333333334,12.748243468148369,236.49278368268693,70.07984516600845
mlp_qmix__N16__ring__seed6,mlp_qmix,coord_grid,6,3389,84750,134.0,25,0.3290704166666667,9.481568018595377,229.47695096333823,70.09954858303536
mlp_qmix__N16__ring__seed6,mlp_qmix,coord_grid,6,3390,84775,93.0,25,0.3288725,18.695888996124268,246.4963404337565,70.11906879098387
mlp_qmix__N16__ring__seed6,mlp_qmix,coord_grid,6,3391,84800,122.0,25,0.3286745833333333,4.120528737703959,282.45258076985675,70.13898308301577
mlp_qmix__N16__ring__seed6,mlp_qmix,coord_grid,6,3392,84825,94.0,25,0.32847666666666675,13.908888220787048,256.9404809134347,70.1614852080238
mlp_qmix__N16__ring__seed6,mlp_qmix,coord_grid,6,3393,84850,104.0,25,0.32827875000000006,13.375729143619537,312.6571350097656,70.18119575001765
mlp_qmix__N16__ring__seed6,mlp_qmix,coord_grid,6,3394,84875,87.0,25,0.3280808333333334,10.612397213776907,269.296449025472,70.20123029098613
mlp_qmix__N16__ring__seed6,mlp_qmix,coord_grid,6,3395,84900,120.0,25,0.3278829166666667,16.212199370066326,309.3467254638672,70.22116066602757
mlp_qmix__N16__ring__seed6,mlp_qmix,coord_grid,6,3396,84925,83.0,25,0.327685,12.76391179221017,269.9285420009068,70.24403187498683
mlp_qmix__N16__ring__seed6,mlp_qmix,coord_grid,6,3397,84950,100.0,25,0.3274870833333333,11.007058928410212,310.07032267252606,70.26413895800943
mlp_qmix__N16__ring__seed6,mlp_qmix,coord_grid,6,3398,84975,89.0,25,0.32728916666666674,10.576182305812836,195.70268058776855,70.28529025003081
mlp_qmix__N16__ring__seed6,mlp_qmix,coord_grid,6,3399,85000,93.0,25,0.32709125000000006,8.980736494064331,166.2458356221517,70.3065313330153
mlp_qmix__N16__ring__seed6,mlp_qmix,coord_grid,6,3400,85025,90.0,25,0.32689333333333337,14.857690436499459,289.75563049316406,70.32989008299774
mlp_qmix__N16__ring__seed6,mlp_qmix,coord_grid,6,3401,85050,120.0,25,0.3266954166666667,10.532112846771875,166.85798454284668,70.35046154103475
mlp_qmix__N16__ring__seed6,mlp_qmix,coord_grid,6,3402,85075,74.0,25,0.3264975000000001,8.640571673711142,302.2450472513835,70.37019762501586
mlp_qmix__N16__ring__seed6,mlp_qmix,coord_grid,6,3403,85100,92.0,25,0.3262995833333333,9.542890707651773,259.70284271240234,70.39019920799183
mlp_qmix__N16__ring__seed6,mlp_qmix,coord_grid,6,3404,85125,95.0,25,0.3261016666666666,10.968646492276873,330.1286359514509,70.41215941600967
mlp_qmix__N16__ring__seed6,mlp_qmix,coord_grid,6,3405,85150,126.0,25,0.32590375000000005,10.645328998565674,150.3103815714518,70.4321613329812
mlp_qmix__N16__ring__seed6,mlp_qmix,coord_grid,6,3406,85175,101.0,25,0.32570583333333336,15.50101532538732,69.10586484273274,70.45223316602642
mlp_qmix__N16__ring__seed6,mlp_qmix,coord_grid,6,3407,85200,150.0,25,0.3255079166666667,9.528433680534363,279.17598724365234,70.47227224998642
mlp_qmix__N16__ring__seed6,mlp_qmix,coord_grid,6,3408,85225,104.0,25,0.32531,11.394023878233773,166.51805932181222,70.49437412503175
mlp_qmix__N16__ring__seed6,mlp_qmix,coord_grid,6,3409,85250,113.0,25,0.3251120833333334,14.231826861699423,131.6199105580648,70.51435404102085
mlp_qmix__N16__ring__seed6,mlp_qmix,coord_grid,6,3410,85275,118.0,25,0.3249141666666667,7.643908937772115,149.7407480875651,70.53442795801675
mlp_qmix__N16__ring__seed6,mlp_qmix,coord_grid,6,3411,85300,116.0,25,0.32471625000000004,12.986833890279135,113.19501622517903,70.55440529098269
mlp_qmix__N16__ring__seed6,mlp_qmix,coord_grid,6,3412,85325,129.0,25,0.32451833333333335,8.204768708774022,252.6999680655343,70.57720829098253
mlp_qmix__N16__ring__seed6,mlp_qmix,coord_grid,6,3413,85350,97.0,25,0.32432041666666667,15.06950161854426,273.9205487569173,70.59694275003858
mlp_qmix__N16__ring__seed6,mlp_qmix,coord_grid,6,3414,85375,114.0,25,0.3241225,12.938968340555826,128.06429640452066,70.61750983301317
mlp_qmix__N16__ring__seed6,mlp_qmix,coord_grid,6,3415,85400,139.0,25,0.3239245833333334,14.322741905848185,148.50425084431967,70.63732687500305
mlp_qmix__N16__ring__seed6,mlp_qmix,coord_grid,6,3416,85425,155.0,25,0.3237266666666667,16.08668691771371,209.98589379446847,70.65924854099285
mlp_qmix__N16__ring__seed6,mlp_qmix,coord_grid,6,3417,85450,94.0,25,0.32352875000000003,10.455954174200693,166.79640007019043,70.67889516602736
mlp_qmix__N16__ring__seed6,mlp_qmix,coord_grid,6,3418,85475,126.0,25,0.32333083333333335,11.913434664408365,199.54217020670572,70.69898083299631
mlp_qmix__N16__ring__seed6,mlp_qmix,coord_grid,6,3419,85500,118.0,25,0.32313291666666677,17.242119312286377,194.96464157104492,70.7190373330377
mlp_qmix__N16__ring__seed6,mlp_qmix,coord_grid,6,3420,85525,110.0,25,0.3229350000000001,7.938287462506976,182.7224633353097,70.74122395802988
mlp_qmix__N16__ring__seed6,mlp_qmix,coord_grid,6,3421,85550,98.0,25,0.3227370833333333,10.519145061572393,182.65178807576498,70.76123566599563
mlp_qmix__N16__ring__seed6,mlp_qmix,coord_grid,6,3422,85575,93.0,25,0.3225391666666667,7.697485665480296,114.93850962320964,70.78195341600804
mlp_qmix__N16__ring__seed6,mlp_qmix,coord_grid,6,3423,85600,116.0,25,0.32234125,11.670109570026398,96.08439222971599,70.80201887502335
mlp_qmix__N16__ring__seed6,mlp_qmix,coord_grid,6,3424,85625,80.0,25,0.32214333333333334,12.784119963645935,169.6450756617955,70.82431508303853
mlp_qmix__N16__ring__seed6,mlp_qmix,coord_grid,6,3425,85650,68.0,25,0.32194541666666665,9.799523870150248,284.0296885172526,70.8438685410074
mlp_qmix__N16__ring__seed6,mlp_qmix,coord_grid,6,3426,85675,59.0,25,0.3217475000000001,7.950270672639211,170.64724349975586,70.86382266599685
mlp_qmix__N16__ring__seed6,mlp_qmix,coord_grid,6,3427,85700,117.0,25,0.3215495833333334,10.817395230134329,227.24840545654297,70.88389708299655
mlp_qmix__N16__ring__seed6,mlp_qmix,coord_grid,6,3428,85725,150.0,25,0.3213516666666667,15.069066030638558,309.58896037510465,70.9061499160016
mlp_qmix__N16__ring__seed6,mlp_qmix,coord_grid,6,3429,85750,95.0,25,0.32115375,14.199244141578674,314.67220306396484,70.92648920801003
mlp_qmix__N16__ring__seed6,mlp_qmix,coord_grid,6,3430,85775,83.0,25,0.32095583333333333,10.6212490995725,245.23285929361978,70.9462051250157
mlp_qmix__N16__ring__seed6,mlp_qmix,coord_grid,6,3431,85800,103.0,25,0.32075791666666664,16.975666522979736,129.14372952779135,70.96643283299636
mlp_qmix__N16__ring__seed6,mlp_qmix,coord_grid,6,3432,85825,144.0,25,0.32056000000000007,10.735893079212733,374.9152592250279,70.98987625003792
mlp_qmix__N16__ring__seed6,mlp_qmix,coord_grid,6,3433,85850,147.0,25,0.3203620833333334,4.677562117576599,301.8348083496094,71.01001299999189
mlp_qmix__N16__ring__seed6,mlp_qmix,coord_grid,6,3434,85875,113.0,25,0.3201641666666667,10.53943932056427,372.7698720296224,71.02991466602543
mlp_qmix__N16__ring__seed6,mlp_qmix,coord_grid,6,3435,85900,110.0,25,0.31996625,12.91681694984436,343.4587224324544,71.04943441599607
mlp_qmix__N16__ring__seed6,mlp_qmix,coord_grid,6,3436,85925,120.0,25,0.31976833333333343,13.853563853672572,380.07648794991627,71.07134983298602
mlp_qmix__N16__ring__seed6,mlp_qmix,coord_grid,6,3437,85950,150.0,25,0.31957041666666675,12.904693832000097,302.0372314453125,71.09133433300303
mlp_qmix__N16__ring__seed6,mlp_qmix,coord_grid,6,3438,85975,102.0,25,0.31937249999999995,12.889465669790903,327.8512655893962,71.11084912501974
mlp_qmix__N16__ring__seed6,mlp_qmix,coord_grid,6,3439,86000,111.0,25,0.3191745833333334,8.21278315782547,278.40784962972003,71.13085025001783
mlp_qmix__N16__ring__seed6,mlp_qmix,coord_grid,6,3440,86025,82.0,25,0.3189766666666667,6.967823301042829,131.42197935921806,71.15409008302959
mlp_qmix__N16__ring__seed6,mlp_qmix,coord_grid,6,3441,86050,112.0,25,0.31877875,11.918441414833069,126.24653307596843,71.17441924999002
mlp_qmix__N16__ring__seed6,mlp_qmix,coord_grid,6,3442,86075,103.0,25,0.3185808333333333,10.876824925343195,236.39788182576498,71.19429150002543
mlp_qmix__N16__ring__seed6,mlp_qmix,coord_grid,6,3443,86100,92.0,25,0.31838291666666674,13.42072465022405,163.854372660319,71.21418258303311
mlp_qmix__N16__ring__seed6,mlp_qmix,coord_grid,6,3444,86125,116.0,25,0.31818500000000005,11.215046405792236,292.7149320329939,71.23637379100546
mlp_qmix__N16__ring__seed6,mlp_qmix,coord_grid,6,3445,86150,93.0,25,0.31798708333333336,13.558869043986002,210.01149050394693,71.2565012910054
mlp_qmix__N16__ring__seed6,mlp_qmix,coord_grid,6,3446,86175,110.0,25,0.3177891666666668,6.5858495732148485,169.40335273742676,71.27653816598468
mlp_qmix__N16__ring__seed6,mlp_qmix,coord_grid,6,3447,86200,113.0,25,0.31759125,7.832064072291057,148.89837201436362,71.2967190410127
mlp_qmix__N16__ring__seed6,mlp_qmix,coord_grid,6,3448,86225,138.0,25,0.3173933333333333,10.39583512714931,138.5610798427037,71.31894837500295
mlp_qmix__N16__ring__seed6,mlp_qmix,coord_grid,6,3449,86250,85.0,25,0.31719541666666673,14.967641731103262,195.4053783416748,71.33893912500935
mlp_qmix__N16__ring__seed6,mlp_qmix,coord_grid,6,3450,86275,95.0,25,0.31699750000000004,16.358846843242645,217.0064779917399,71.35841475002235
mlp_qmix__N16__ring__seed6,mlp_qmix,coord_grid,6,3451,86300,94.0,25,0.31679958333333336,10.635967572530111,149.81323687235513,71.37870079098502
mlp_qmix__N16__ring__seed6,mlp_qmix,coord_grid,6,3452,86325,99.0,25,0.31660166666666667,16.287751453263418,145.01430783952986,71.40072500001406
mlp_qmix__N16__ring__seed6,mlp_qmix,coord_grid,6,3453,86350,166.0,25,0.3164037500000001,1.2557882368564606,168.44855753580728,71.42068266600836
mlp_qmix__N16__ring__seed6,mlp_qmix,coord_grid,6,3454,86375,135.0,25,0.3162058333333334,6.55938059091568,187.94784800211588,71.44053641601931
mlp_qmix__N16__ring__seed6,mlp_qmix,coord_grid,6,3455,86400,108.0,25,0.3160079166666667,15.964118818442026,109.5216236114502,71.46081041602883
mlp_qmix__N16__ring__seed6,mlp_qmix,coord_grid,6,3456,86425,90.0,25,0.31581000000000004,11.495756370680672,139.54602268763952,71.4829225410358
mlp_qmix__N16__ring__seed6,mlp_qmix,coord_grid,6,3457,86450,82.0,25,0.31561208333333335,6.52887366215388,97.82374827067058,71.50313587498385
mlp_qmix__N16__ring__seed6,mlp_qmix,coord_grid,6,3458,86475,95.0,25,0.31541416666666666,9.189246813456217,116.42766443888347,71.52219720801804
mlp_qmix__N16__ring__seed6,mlp_qmix,coord_grid,6,3459,86500,171.0,25,0.31521625,10.592987378438314,118.17697461446126,71.54215450002812
mlp_qmix__N16__ring__seed6,mlp_qmix,coord_grid,6,3460,86525,144.0,25,0.3150183333333334,6.4316167661121915,236.41867610386439,71.56436729099369
mlp_qmix__N16__ring__seed6,mlp_qmix,coord_grid,6,3461,86550,89.0,25,0.3148204166666667,9.465123275915781,373.6352233886719,71.58431908302009
mlp_qmix__N16__ring__seed6,mlp_qmix,coord_grid,6,3462,86575,84.0,25,0.3146225,15.236513137817383,266.2359670003255,71.60399529099232
mlp_qmix__N16__ring__seed6,mlp_qmix,coord_grid,6,3463,86600,85.0,25,0.31442458333333345,9.205979814132055,158.04951604207358,71.62388612498762
mlp_qmix__N16__ring__seed6,mlp_qmix,coord_grid,6,3464,86625,115.0,25,0.31422666666666665,14.514145408357892,252.79670933314733,71.64612187503371
mlp_qmix__N16__ring__seed6,mlp_qmix,coord_grid,6,3465,86650,99.0,25,0.31402874999999997,10.180884202321371,357.3515446980794,71.66646083298838
mlp_qmix__N16__ring__seed6,mlp_qmix,coord_grid,6,3466,86675,120.0,25,0.3138308333333333,6.689749717712402,196.4790064493815,71.68650758301374
mlp_qmix__N16__ring__seed6,mlp_qmix,coord_grid,6,3467,86700,124.0,25,0.3136329166666667,16.648475766181946,231.89783223470053,71.7063584580319
mlp_qmix__N16__ring__seed6,mlp_qmix,coord_grid,6,3468,86725,154.0,25,0.313435,13.355499080249242,266.659542628697,71.72865750000346
mlp_qmix__N16__ring__seed6,mlp_qmix,coord_grid,6,3469,86750,104.0,25,0.31323708333333333,9.262023111184439,108.66070810953777,71.7488921660115
mlp_qmix__N16__ring__seed6,mlp_qmix,coord_grid,6,3470,86775,139.0,25,0.31303916666666676,17.015937606493633,317.0464274088542,71.76865591603564
mlp_qmix__N16__ring__seed6,mlp_qmix,coord_grid,6,3471,86800,117.0,25,0.31284125000000007,12.445817947387695,264.09157371520996,71.7894143750309
mlp_qmix__N16__ring__seed6,mlp_qmix,coord_grid,6,3472,86825,94.0,25,0.3126433333333334,11.341880185263497,327.2420174734933,71.81185037503019
mlp_qmix__N16__ring__seed6,mlp_qmix,coord_grid,6,3473,86850,97.0,25,0.3124454166666667,4.267565389474233,266.6651776631673,71.8317086250172
mlp_qmix__N16__ring__seed6,mlp_qmix,coord_grid,6,3474,86875,102.0,25,0.3122475,7.287049154440562,275.6182390848796,71.85154833301203
mlp_qmix__N16__ring__seed6,mlp_qmix,coord_grid,6,3475,86900,111.0,25,0.3120495833333333,7.026720464229584,253.09305572509766,71.87142129102722
mlp_qmix__N16__ring__seed6,mlp_qmix,coord_grid,6,3476,86925,113.0,25,0.31185166666666664,3.9358119453702654,277.37608555385043,71.89380437502405
mlp_qmix__N16__ring__seed6,mlp_qmix,coord_grid,6,3477,86950,105.0,25,0.31165375000000006,19.32685899734497,263.794682820638,71.91344041598495
mlp_qmix__N16__ring__seed6,mlp_qmix,coord_grid,6,3478,86975,133.0,25,0.3114558333333334,13.986071983973185,301.32447306315106,71.9332099580206
mlp_qmix__N16__ring__seed6,mlp_qmix,coord_grid,6,3479,87000,112.0,25,0.3112579166666667,11.32175749540329,318.26664479573566,71.95418800000334
mlp_qmix__N16__ring__seed6,mlp_qmix,coord_grid,6,3480,87025,103.0,25,0.3110600000000001,16.80027198791504,242.26005663190568,71.97638120799093
mlp_qmix__N16__ring__seed6,mlp_qmix,coord_grid,6,3481,87050,87.0,25,0.3108620833333334,15.267928083737692,285.841313680013,71.99640295800054
mlp_qmix__N16__ring__seed6,mlp_qmix,coord_grid,6,3482,87075,95.0,25,0.31066416666666663,18.04665931065877,229.11992263793945,72.01657512498787
mlp_qmix__N16__ring__seed6,mlp_qmix,coord_grid,6,3483,87100,106.0,25,0.31046624999999994,15.18016250928243,248.84916051228842,72.03612958302256
mlp_qmix__N16__ring__seed6,mlp_qmix,coord_grid,6,3484,87125,132.0,25,0.31026833333333337,13.406746115003314,215.01558358328683,72.05917841603514
mlp_qmix__N16__ring__seed6,mlp_qmix,coord_grid,6,3485,87150,79.0,25,0.3100704166666667,5.641107817490895,245.04943466186523,72.0795777500025
mlp_qmix__N16__ring__seed6,mlp_qmix,coord_grid,6,3486,87175,135.0,25,0.3098725,10.939497033754984,225.95171801249185,72.0996558330371
mlp_qmix__N16__ring__seed6,mlp_qmix,coord_grid,6,3487,87200,153.0,25,0.3096745833333334,8.372210363547007,246.60781860351562,72.11970787501195
mlp_qmix__N16__ring__seed6,mlp_qmix,coord_grid,6,3488,87225,93.0,25,0.30947666666666673,12.132378884724208,281.7769535609654,72.1419183749822
mlp_qmix__N16__ring__seed6,mlp_qmix,coord_grid,6,3489,87250,102.0,25,0.30927875000000005,14.951870799064636,220.6231206258138,72.16209745802917
mlp_qmix__N16__ring__seed6,mlp_qmix,coord_grid,6,3490,87275,114.0,25,0.30908083333333336,22.18390401204427,243.50387064615884,72.1821613329812
mlp_qmix__N16__ring__seed6,mlp_qmix,coord_grid,6,3491,87300,92.0,25,0.3088829166666667,9.610584219296774,280.0026550292969,72.20198112499202
mlp_qmix__N16__ring__seed6,mlp_qmix,coord_grid,6,3492,87325,116.0,25,0.308685,8.696737016950335,301.2894832066127,72.22429458302213
mlp_qmix__N16__ring__seed6,mlp_qmix,coord_grid,6,3493,87350,124.0,25,0.3084870833333333,13.712365766366323,289.4887949625651,72.24468445801176
mlp_qmix__N16__ring__seed6,mlp_qmix,coord_grid,6,3494,87375,127.0,25,0.3082891666666667,12.631037394205729,310.42690022786456,72.26454758300679
mlp_qmix__N16__ring__seed6,mlp_qmix,coord_grid,6,3495,87400,126.0,25,0.30809125000000004,9.72591413060824,258.14831288655597,72.28443254099693
mlp_qmix__N16__ring__seed6,mlp_qmix,coord_grid,6,3496,87425,149.0,25,0.30789333333333335,13.745699439729963,405.82779584612166,72.3070189160062
mlp_qmix__N16__ring__seed6,mlp_qmix,coord_grid,6,3497,87450,105.0,25,0.3076954166666668,14.323960781097412,340.20136578877765,72.32680558302673
mlp_qmix__N16__ring__seed6,mlp_qmix,coord_grid,6,3498,87475,122.0,25,0.3074975000000001,16.66877822081248,378.48327382405597,72.34663595800521
mlp_qmix__N16__ring__seed6,mlp_qmix,coord_grid,6,3499,87500,104.0,25,0.3072995833333333,13.671948035558065,341.34986941019696,72.36617062502773
mlp_qmix__N16__ring__seed6,mlp_qmix,coord_grid,6,3500,87525,107.0,25,0.3071016666666666,11.167257419654302,261.88714381626676,72.38862675003475
mlp_qmix__N16__ring__seed6,mlp_qmix,coord_grid,6,3501,87550,108.0,25,0.30690375000000003,12.417036175727844,210.3571548461914,72.40869329101406
mlp_qmix__N16__ring__seed6,mlp_qmix,coord_grid,6,3502,87575,98.0,25,0.30670583333333334,14.83858229716619,167.97253036499023,72.42819208302535
mlp_qmix__N16__ring__seed6,mlp_qmix,coord_grid,6,3503,87600,103.0,25,0.30650791666666666,13.656170090039572,136.26908111572266,72.44786150002619
mlp_qmix__N16__ring__seed6,mlp_qmix,coord_grid,6,3504,87625,92.0,25,0.3063100000000001,9.506646411759514,196.42133222307478,72.47878408298129
mlp_qmix__N16__ring__seed6,mlp_qmix,coord_grid,6,3505,87650,95.0,25,0.3061120833333334,12.304627339045206,174.73414103190103,72.53827916603768
mlp_qmix__N16__ring__seed6,mlp_qmix,coord_grid,6,3506,87675,108.0,25,0.3059141666666667,13.087582190831503,295.22264099121094,72.56052354100393
mlp_qmix__N16__ring__seed6,mlp_qmix,coord_grid,6,3507,87700,135.0,25,0.30571625000000013,12.437118927637735,222.1321678161621,72.58297704102006
mlp_qmix__N16__ring__seed6,mlp_qmix,coord_grid,6,3508,87725,153.0,25,0.30551833333333334,13.784704991749354,344.88663809640065,72.60765445802826
mlp_qmix__N16__ring__seed6,mlp_qmix,coord_grid,6,3509,87750,138.0,25,0.30532041666666665,13.652477900187174,360.0392316182454,72.62846954102861
mlp_qmix__N16__ring__seed6,mlp_qmix,coord_grid,6,3510,87775,140.0,25,0.30512249999999996,8.937224527200064,345.52003224690753,72.65292137500364
mlp_qmix__N16__ring__seed6,mlp_qmix,coord_grid,6,3511,87800,123.0,25,0.3049245833333334,16.032453854878742,376.5103988647461,72.67636450001737
mlp_qmix__N16__ring__seed6,mlp_qmix,coord_grid,6,3512,87825,125.0,25,0.3047266666666667,11.57304951122829,342.30853053501676,72.70277358300518
mlp_qmix__N16__ring__seed6,mlp_qmix,coord_grid,6,3513,87850,137.0,25,0.30452875,9.303367475668589,112.13223393758138,72.72634458303219
mlp_qmix__N16__ring__seed6,mlp_qmix,coord_grid,6,3514,87875,80.0,25,0.30433083333333344,6.952847838401794,193.25581423441568,72.74938779103104
mlp_qmix__N16__ring__seed6,mlp_qmix,coord_grid,6,3515,87900,88.0,25,0.30413291666666675,6.591348111629486,49.883453369140625,72.77301195799373
mlp_qmix__N16__ring__seed6,mlp_qmix,coord_grid,6,3516,87925,101.0,25,0.30393500000000007,10.798690455300468,178.25951385498047,72.79870054102503
mlp_qmix__N16__ring__seed6,mlp_qmix,coord_grid,6,3517,87950,87.0,25,0.30373708333333327,9.746337234973907,175.82738049825033,72.82099854102125
mlp_qmix__N16__ring__seed6,mlp_qmix,coord_grid,6,3518,87975,94.0,25,0.3035391666666667,7.901744524637858,96.61124038696289,72.84211016603513
mlp_qmix__N16__ring__seed6,mlp_qmix,coord_grid,6,3519,88000,100.0,25,0.30334125,8.009711603323618,157.78010177612305,72.86315679101972
mlp_qmix__N16__ring__seed6,mlp_qmix,coord_grid,6,3520,88025,123.0,25,0.3031433333333333,10.695536647524152,211.4526765005929,72.8861599160009
mlp_qmix__N16__ring__seed6,mlp_qmix,coord_grid,6,3521,88050,149.0,25,0.30294541666666674,12.339460094769796,191.01822153727213,72.90653970802668
mlp_qmix__N16__ring__seed6,mlp_qmix,coord_grid,6,3522,88075,159.0,25,0.30274750000000006,14.936916371186575,146.16949717203775,72.92707504099235
mlp_qmix__N16__ring__seed6,mlp_qmix,coord_grid,6,3523,88100,124.0,25,0.30254958333333337,20.654086132844288,219.53060658772787,72.9481111660134
mlp_qmix__N16__ring__seed6,mlp_qmix,coord_grid,6,3524,88125,114.0,25,0.3023516666666668,11.598935229437691,119.91257694789341,72.97101191600086
mlp_qmix__N16__ring__seed6,mlp_qmix,coord_grid,6,3525,88150,95.0,25,0.30215375,14.311294237772623,314.3859507242839,72.99146925000241
mlp_qmix__N16__ring__seed6,mlp_qmix,coord_grid,6,3526,88175,78.0,25,0.3019558333333333,12.302100121974945,192.50561904907227,73.01151808298891
mlp_qmix__N16__ring__seed6,mlp_qmix,coord_grid,6,3527,88200,124.0,25,0.3017579166666666,15.519080320994059,317.8169759114583,73.03186679101782
mlp_qmix__N16__ring__seed6,mlp_qmix,coord_grid,6,3528,88225,122.0,25,0.30156000000000005,12.50809976032802,373.5770775931222,73.05427487503039
mlp_qmix__N16__ring__seed6,mlp_qmix,coord_grid,6,3529,88250,137.0,25,0.30136208333333336,14.129047910372416,246.24179903666177,73.07473908300744
mlp_qmix__N16__ring__seed6,mlp_qmix,coord_grid,6,3530,88275,78.0,25,0.3011641666666667,6.582881400982539,86.02164141337077,73.09454937500414
mlp_qmix__N16__ring__seed6,mlp_qmix,coord_grid,6,3531,88300,115.0,25,0.3009662500000001,18.046547730763752,212.50813674926758,73.11488350003492
mlp_qmix__N16__ring__seed6,mlp_qmix,coord_grid,6,3532,88325,117.0,25,0.3007683333333334,15.452990668160576,229.52978842599052,73.13720941601787
mlp_qmix__N16__ring__seed6,mlp_qmix,coord_grid,6,3533,88350,129.0,25,0.30057041666666673,11.052305658658346,175.80813852945963,73.1569804159808
mlp_qmix__N16__ring__seed6,mlp_qmix,coord_grid,6,3534,88375,115.0,25,0.30037249999999993,16.5557714899381,189.3955217997233,73.17692599998554
mlp_qmix__N16__ring__seed6,mlp_qmix,coord_grid,6,3535,88400,101.0,25,0.30017458333333336,17.988619407018025,243.3016014099121,73.19693933299277
mlp_qmix__N16__ring__seed6,mlp_qmix,coord_grid,6,3536,88425,107.0,25,0.29997666666666667,9.534735577447075,198.61843163626534,73.21919820801122
mlp_qmix__N16__ring__seed6,mlp_qmix,coord_grid,6,3537,88450,92.0,25,0.29977875,9.505627691745758,209.44937896728516,73.23901908303378
mlp_qmix__N16__ring__seed6,mlp_qmix,coord_grid,6,3538,88475,106.0,25,0.2995808333333334,5.505534529685974,207.9878298441569,73.25906666601077
mlp_qmix__N16__ring__seed6,mlp_qmix,coord_grid,6,3539,88500,115.0,25,0.2993829166666667,10.875020662943522,210.2254206339518,73.27891950000776
mlp_qmix__N16__ring__seed6,mlp_qmix,coord_grid,6,3540,88525,84.0,25,0.29918500000000003,15.550240414483207,216.80948039463587,73.30124008300481
mlp_qmix__N16__ring__seed6,mlp_qmix,coord_grid,6,3541,88550,106.0,25,0.29898708333333335,10.501172522703806,321.88769658406574,73.3215362909832
mlp_qmix__N16__ring__seed6,mlp_qmix,coord_grid,6,3542,88575,113.0,25,0.2987891666666668,13.71910031636556,376.0367889404297,73.34176495799329
mlp_qmix__N16__ring__seed6,mlp_qmix,coord_grid,6,3543,88600,83.0,25,0.29859125,10.464021444320679,364.822514851888,73.36182762501994
mlp_qmix__N16__ring__seed6,mlp_qmix,coord_grid,6,3544,88625,118.0,25,0.2983933333333333,8.309406876564026,339.8841552734375,73.384041332989
mlp_qmix__N16__ring__seed6,mlp_qmix,coord_grid,6,3545,88650,127.0,25,0.2981954166666667,16.15471903483073,348.8188591003418,73.40412529098103
mlp_qmix__N16__ring__seed6,mlp_qmix,coord_grid,6,3546,88675,86.0,25,0.2979975,19.038359483083088,354.86880111694336,73.42391041602241
mlp_qmix__N16__ring__seed6,mlp_qmix,coord_grid,6,3547,88700,112.0,25,0.29779958333333334,13.172921895980835,354.18712107340497,73.44389824999962
mlp_qmix__N16__ring__seed6,mlp_qmix,coord_grid,6,3548,88725,86.0,25,0.29760166666666676,9.235752531460353,310.8018123081752,73.46658645803109
mlp_qmix__N16__ring__seed6,mlp_qmix,coord_grid,6,3549,88750,105.0,25,0.2974037500000001,10.6511679093043,359.1104329427083,73.48663379100617
mlp_qmix__N16__ring__seed6,mlp_qmix,coord_grid,6,3550,88775,137.0,25,0.2972058333333334,9.29408872127533,368.55102284749347,73.50660491600865
mlp_qmix__N16__ring__seed6,mlp_qmix,coord_grid,6,3551,88800,129.0,25,0.2970079166666667,13.243846933046976,328.6206334431966,73.52657487499528
mlp_qmix__N16__ring__seed6,mlp_qmix,coord_grid,6,3552,88825,109.0,25,0.29681,11.67744507108416,315.40815298897877,73.54877774999477
mlp_qmix__N16__ring__seed6,mlp_qmix,coord_grid,6,3553,88850,112.0,25,0.29661208333333333,17.304843584696453,298.8322925567627,73.56947787501849
mlp_qmix__N16__ring__seed6,mlp_qmix,coord_grid,6,3554,88875,112.0,25,0.29641416666666665,17.582508732875187,105.754576365153,73.5895912499982
mlp_qmix__N16__ring__seed6,mlp_qmix,coord_grid,6,3555,88900,151.0,25,0.29621625000000007,9.374529192845026,189.55150731404623,73.60961337498156
mlp_qmix__N16__ring__seed6,mlp_qmix,coord_grid,6,3556,88925,124.0,25,0.2960183333333334,10.95042109489441,196.12980270385742,73.63210254098522
mlp_qmix__N16__ring__seed6,mlp_qmix,coord_grid,6,3557,88950,122.0,25,0.2958204166666667,12.271459341049194,78.1484785079956,73.65208170801634
mlp_qmix__N16__ring__seed6,mlp_qmix,coord_grid,6,3558,88975,116.0,25,0.2956225,10.85061905781428,132.03558444976807,73.67220766603714
mlp_qmix__N16__ring__seed6,mlp_qmix,coord_grid,6,3559,89000,107.0,25,0.29542458333333343,5.399830996990204,197.32063420613608,73.69255929102656
mlp_qmix__N16__ring__seed6,mlp_qmix,coord_grid,6,3560,89025,103.0,25,0.29522666666666664,17.477908406938827,406.0150713239397,73.7148887499934
mlp_qmix__N16__ring__seed6,mlp_qmix,coord_grid,6,3561,89050,98.0,25,0.29502874999999995,9.496596932411194,388.31076939900714,73.73469254100928
mlp_qmix__N16__ring__seed6,mlp_qmix,coord_grid,6,3562,89075,106.0,25,0.2948308333333334,15.811555703481039,387.075688680013,73.75501233298564
mlp_qmix__N16__ring__seed6,mlp_qmix,coord_grid,6,3563,89100,107.0,25,0.2946329166666667,11.743002285559973,365.4040056864421,73.77468695800053
mlp_qmix__N16__ring__seed6,mlp_qmix,coord_grid,6,3564,89125,159.0,25,0.294435,11.129817077091761,316.815247126988,73.797056875017
mlp_qmix__N16__ring__seed6,mlp_qmix,coord_grid,6,3565,89150,149.0,25,0.2942370833333334,16.16377039750417,319.3236668904622,73.8172587500303
mlp_qmix__N16__ring__seed6,mlp_qmix,coord_grid,6,3566,89175,106.0,25,0.29403916666666674,16.860987504323322,387.1199595133464,73.8371602499974
mlp_qmix__N16__ring__seed6,mlp_qmix,coord_grid,6,3567,89200,147.0,25,0.29384125000000005,21.526074171066284,266.3269399007161,73.85742541600484
mlp_qmix__N16__ring__seed6,mlp_qmix,coord_grid,6,3568,89225,88.0,25,0.29364333333333337,7.151183034692492,166.485230582101,73.88004887499847
mlp_qmix__N16__ring__seed6,mlp_qmix,coord_grid,6,3569,89250,155.0,25,0.2934454166666667,15.526196618874868,213.03755569458008,73.9002015410224
mlp_qmix__N16__ring__seed6,mlp_qmix,coord_grid,6,3570,89275,104.0,25,0.2932475,13.434453328450521,321.1604537963867,73.92000062501756
mlp_qmix__N16__ring__seed6,mlp_qmix,coord_grid,6,3571,89300,88.0,25,0.2930495833333333,9.657870719830195,147.39046223958334,73.94044395798119
mlp_qmix__N16__ring__seed6,mlp_qmix,coord_grid,6,3572,89325,113.0,25,0.29285166666666673,8.582575355257307,168.80782863071985,73.96304941602284
mlp_qmix__N16__ring__seed6,mlp_qmix,coord_grid,6,3573,89350,97.0,25,0.29265375000000005,21.19704230626424,219.28399276733398,73.98265329102287
mlp_qmix__N16__ring__seed6,mlp_qmix,coord_grid,6,3574,89375,130.0,25,0.29245583333333336,13.80981441338857,341.09229405721027,74.00288529100362
mlp_qmix__N16__ring__seed6,mlp_qmix,coord_grid,6,3575,89400,90.0,25,0.2922579166666667,13.317670305569967,268.91236241658527,74.02276216598693
mlp_qmix__N16__ring__seed6,mlp_qmix,coord_grid,6,3576,89425,144.0,25,0.2920600000000001,7.918676631791251,275.04959869384766,74.04488533298718
mlp_qmix__N16__ring__seed6,mlp_qmix,coord_grid,6,3577,89450,152.0,25,0.2918620833333334,11.291535059611002,365.0746650695801,74.06508333300008
mlp_qmix__N16__ring__seed6,mlp_qmix,coord_grid,6,3578,89475,151.0,25,0.2916641666666666,18.65613289674123,290.3261121114095,74.08505270798923
mlp_qmix__N16__ring__seed6,mlp_qmix,coord_grid,6,3579,89500,137.0,25,0.29146625000000004,11.047064304351807,150.1308790842692,74.10494741599541
mlp_qmix__N16__ring__seed6,mlp_qmix,coord_grid,6,3580,89525,118.0,25,0.29126833333333335,3.680291840008327,170.67000906808036,74.12743395799771
mlp_qmix__N16__ring__seed6,mlp_qmix,coord_grid,6,3581,89550,129.0,25,0.29107041666666666,8.049820005893707,126.49150466918945,74.14748691598652
mlp_qmix__N16__ring__seed6,mlp_qmix,coord_grid,6,3582,89575,112.0,25,0.2908725000000001,10.980253010988235,128.95219612121582,74.16742908302695
mlp_qmix__N16__ring__seed6,mlp_qmix,coord_grid,6,3583,89600,110.0,25,0.2906745833333334,9.435836533705393,110.77418645222981,74.18749579100404
mlp_qmix__N16__ring__seed6,mlp_qmix,coord_grid,6,3584,89625,96.0,25,0.2904766666666667,13.913581439426967,318.95101574489047,74.20957895799074
mlp_qmix__N16__ring__seed6,mlp_qmix,coord_grid,6,3585,89650,97.0,25,0.29027875000000003,12.768697957197825,229.80007680257162,74.22997091599973
mlp_qmix__N16__ring__seed6,mlp_qmix,coord_grid,6,3586,89675,91.0,25,0.29008083333333334,16.124984343846638,274.11649894714355,74.24969420803245
mlp_qmix__N16__ring__seed6,mlp_qmix,coord_grid,6,3587,89700,81.0,25,0.28988291666666666,12.918369253476461,245.2976303100586,74.26993316598237
mlp_qmix__N16__ring__seed6,mlp_qmix,coord_grid,6,3588,89725,102.0,25,0.28968499999999997,21.14358467715127,273.04468427385603,74.29252220800845
mlp_qmix__N16__ring__seed6,mlp_qmix,coord_grid,6,3589,89750,104.0,25,0.2894870833333334,12.925149917602539,264.0231005350749,74.31242491601733
mlp_qmix__N16__ring__seed6,mlp_qmix,coord_grid,6,3590,89775,82.0,25,0.2892891666666667,17.11961619059245,260.0931040445964,74.33226966601796
mlp_qmix__N16__ring__seed6,mlp_qmix,coord_grid,6,3591,89800,128.0,25,0.28909125,14.431890169779459,326.5054626464844,74.35243962501409
mlp_qmix__N16__ring__seed6,mlp_qmix,coord_grid,6,3592,89825,139.0,25,0.28889333333333334,12.636940053531102,182.01682799203056,74.37465779099148
mlp_qmix__N16__ring__seed6,mlp_qmix,coord_grid,6,3593,89850,129.0,25,0.28869541666666676,8.552145640055338,272.47283935546875,74.39524587499909
mlp_qmix__N16__ring__seed6,mlp_qmix,coord_grid,6,3594,89875,114.0,25,0.2884975000000001,14.010311156511307,207.7917022705078,74.41507333301706
mlp_qmix__N16__ring__seed6,mlp_qmix,coord_grid,6,3595,89900,174.0,25,0.2882995833333333,13.601082762082418,303.9094460805257,74.43468220799696
mlp_qmix__N16__ring__seed6,mlp_qmix,coord_grid,6,3596,89925,78.0,25,0.2881016666666667,14.759756360735212,343.3557357788086,74.45691687503131
mlp_qmix__N16__ring__seed6,mlp_qmix,coord_grid,6,3597,89950,94.0,25,0.28790375,14.398093263308207,244.89505767822266,74.47660425002687
mlp_qmix__N16__ring__seed6,mlp_qmix,coord_grid,6,3598,89975,94.0,25,0.2877058333333333,12.422256837288538,118.02155590057373,74.49622358300257
mlp_qmix__N16__ring__seed6,mlp_qmix,coord_grid,6,3599,90000,150.0,25,0.28750791666666675,14.154419779777527,152.6558574040731,74.515821375011
mlp_qmix__N16__ring__seed6,mlp_qmix,coord_grid,6,3600,90025,137.0,25,0.28731000000000007,13.843863623482841,264.8589984348842,74.5376905000303
mlp_qmix__N16__ring__seed6,mlp_qmix,coord_grid,6,3601,90050,151.0,25,0.2871120833333334,10.282944480578104,273.74672444661456,74.55791608302388
mlp_qmix__N16__ring__seed6,mlp_qmix,coord_grid,6,3602,90075,136.0,25,0.2869141666666667,18.22914457321167,160.74904759724936,74.57787270803237
mlp_qmix__N16__ring__seed6,mlp_qmix,coord_grid,6,3603,90100,121.0,25,0.2867162500000001,14.13770580291748,141.77569897969565,74.59798470803071
mlp_qmix__N16__ring__seed6,mlp_qmix,coord_grid,6,3604,90125,99.0,25,0.2865183333333333,17.414741158485413,229.04894529070174,74.62037800002145
mlp_qmix__N16__ring__seed6,mlp_qmix,coord_grid,6,3605,90150,110.0,25,0.28632041666666663,15.704430182774862,183.7536964416504,74.64015129103791
mlp_qmix__N16__ring__seed6,mlp_qmix,coord_grid,6,3606,90175,91.0,25,0.28612250000000006,13.18317985534668,297.27432505289715,74.6601023330004
mlp_qmix__N16__ring__seed6,mlp_qmix,coord_grid,6,3607,90200,102.0,25,0.28592458333333337,9.980100313822428,278.9550323486328,74.67994829098461
mlp_qmix__N16__ring__seed6,mlp_qmix,coord_grid,6,3608,90225,112.0,25,0.2857266666666667,12.673822896821159,296.41223689488004,74.70222404098604
mlp_qmix__N16__ring__seed6,mlp_qmix,coord_grid,6,3609,90250,151.0,25,0.28552875,12.796030879020691,234.25343449910483,74.72219970799051
mlp_qmix__N16__ring__seed6,mlp_qmix,coord_grid,6,3610,90275,154.0,25,0.2853308333333334,7.371695518493652,279.3187967936198,74.74198350001825
mlp_qmix__N16__ring__seed6,mlp_qmix,coord_grid,6,3611,90300,160.0,25,0.28513291666666674,4.664866318305333,295.74754587809247,74.76176825002767
mlp_qmix__N16__ring__seed6,mlp_qmix,coord_grid,6,3612,90325,137.0,25,0.28493500000000005,7.6289171150752475,227.20605523245675,74.7842539580306
mlp_qmix__N16__ring__seed6,mlp_qmix,coord_grid,6,3613,90350,121.0,25,0.28473708333333336,19.60046148300171,202.0461893081665,74.80443925003055
mlp_qmix__N16__ring__seed6,mlp_qmix,coord_grid,6,3614,90375,134.0,25,0.2845391666666667,11.202730337778727,176.17840703328451,74.824303875037
mlp_qmix__N16__ring__seed6,mlp_qmix,coord_grid,6,3615,90400,97.0,25,0.28434125,12.806477228800455,192.26398340861002,74.84420245798538
mlp_qmix__N16__ring__seed6,mlp_qmix,coord_grid,6,3616,90425,112.0,25,0.2841433333333333,11.005104609898158,222.37474931989397,74.8664056250127
mlp_qmix__N16__ring__seed6,mlp_qmix,coord_grid,6,3617,90450,91.0,25,0.28394541666666673,6.883807361125946,177.31400934855142,74.88623220799491
mlp_qmix__N16__ring__seed6,mlp_qmix,coord_grid,6,3618,90475,130.0,25,0.28374750000000004,15.344523270924887,100.28269577026367,74.90636183298193
mlp_qmix__N16__ring__seed6,mlp_qmix,coord_grid,6,3619,90500,124.0,25,0.28354958333333335,9.722739537556967,191.50748825073242,74.92676100000972
mlp_qmix__N16__ring__seed6,mlp_qmix,coord_grid,6,3620,90525,120.0,25,0.2833516666666668,10.857601846967425,310.02540588378906,74.94932341598906
mlp_qmix__N16__ring__seed6,mlp_qmix,coord_grid,6,3621,90550,107.0,25,0.2831537500000001,15.517101605733236,387.77708435058594,74.96938125003362
mlp_qmix__N16__ring__seed6,mlp_qmix,coord_grid,6,3622,90575,107.0,25,0.2829558333333333,15.221412062644958,345.30301157633465,74.98947566602146
mlp_qmix__N16__ring__seed6,mlp_qmix,coord_grid,6,3623,90600,134.0,25,0.2827579166666667,10.941439032554626,360.54947662353516,75.00945083302213
mlp_qmix__N16__ring__seed6,mlp_qmix,coord_grid,6,3624,90625,79.0,25,0.28256000000000003,14.868214028222221,435.9638235909598,75.03226841602009
mlp_qmix__N16__ring__seed6,mlp_qmix,coord_grid,6,3625,90650,150.0,25,0.28236208333333335,12.32608183224996,350.64983622233075,75.05231125000864
mlp_qmix__N16__ring__seed6,mlp_qmix,coord_grid,6,3626,90675,136.0,25,0.28216416666666666,13.248950779438019,279.92127227783203,75.07223662501201
mlp_qmix__N16__ring__seed6,mlp_qmix,coord_grid,6,3627,90700,128.0,25,0.2819662500000001,18.715729395548504,196.20770994822183,75.09172575001139
mlp_qmix__N16__ring__seed6,mlp_qmix,coord_grid,6,3628,90725,111.0,25,0.2817683333333334,11.904251371111188,320.2079097202846,75.11561729101231
mlp_qmix__N16__ring__seed6,mlp_qmix,coord_grid,6,3629,90750,102.0,25,0.2815704166666667,13.840637683868408,395.21607971191406,75.13564774999395
mlp_qmix__N16__ring__seed6,mlp_qmix,coord_grid,6,3630,90775,116.0,25,0.2813725,16.430564165115356,400.5429751078288,75.15564841602463
mlp_qmix__N16__ring__seed6,mlp_qmix,coord_grid,6,3631,90800,115.0,25,0.28117458333333334,7.24798583984375,388.3727086385091,75.17551104101585
mlp_qmix__N16__ring__seed6,mlp_qmix,coord_grid,6,3632,90825,148.0,25,0.28097666666666665,10.301764224256788,229.71876743861608,75.19819129101234
mlp_qmix__N16__ring__seed6,mlp_qmix,coord_grid,6,3633,90850,156.0,25,0.28077874999999997,12.770065605640411,149.1264330546061,75.21851416601567
mlp_qmix__N16__ring__seed6,mlp_qmix,coord_grid,6,3634,90875,186.0,25,0.2805808333333334,10.072454770406088,189.43819300333658,75.23876220802777
mlp_qmix__N16__ring__seed6,mlp_qmix,coord_grid,6,3635,90900,132.0,25,0.2803829166666667,13.113422075907389,231.6507797241211,75.25861483300105
mlp_qmix__N16__ring__seed6,mlp_qmix,coord_grid,6,3636,90925,196.0,25,0.280185,11.245676551546369,214.04468427385603,75.28218529099831
mlp_qmix__N16__ring__seed6,mlp_qmix,coord_grid,6,3637,90950,108.0,25,0.27998708333333344,15.654832303524017,184.41045506795248,75.30368041602196
mlp_qmix__N16__ring__seed6,mlp_qmix,coord_grid,6,3638,90975,97.0,25,0.27978916666666676,16.90924946467082,198.4044189453125,75.32582033303333
mlp_qmix__N16__ring__seed6,mlp_qmix,coord_grid,6,3639,91000,131.0,25,0.27959124999999996,18.959913313388824,225.77258491516113,75.34545050002635
mlp_qmix__N16__ring__seed6,mlp_qmix,coord_grid,6,3640,91025,99.0,25,0.2793933333333334,10.003153937203544,137.4264428274972,75.36780358303804
mlp_qmix__N16__ring__seed6,mlp_qmix,coord_grid,6,3641,91050,173.0,25,0.2791954166666667,15.659850239753723,137.48989486694336,75.38835662498605
mlp_qmix__N16__ring__seed6,mlp_qmix,coord_grid,6,3642,91075,153.0,25,0.2789975,7.389081120491028,261.3238385518392,75.409376333002
mlp_qmix__N16__ring__seed6,mlp_qmix,coord_grid,6,3643,91100,117.0,25,0.2787995833333333,12.463054100672403,376.448237101237,75.4293963329983
mlp_qmix__N16__ring__seed6,mlp_qmix,coord_grid,6,3644,91125,124.0,25,0.27860166666666675,7.867634671075003,254.1499742780413,75.4517593330238
mlp_qmix__N16__ring__seed6,mlp_qmix,coord_grid,6,3645,91150,135.0,25,0.27840375000000006,9.976755758126577,140.9540532430013,75.47169433301315
mlp_qmix__N16__ring__seed6,mlp_qmix,coord_grid,6,3646,91175,142.0,25,0.2782058333333334,15.135074655214945,337.82409413655597,75.49181775003672
mlp_qmix__N16__ring__seed6,mlp_qmix,coord_grid,6,3647,91200,122.0,25,0.2780079166666668,15.978107134501139,164.26940759023032,75.51176116598072
mlp_qmix__N16__ring__seed6,mlp_qmix,coord_grid,6,3648,91225,150.0,25,0.27781,14.802194493157524,114.53184563773019,75.53424666600768
mlp_qmix__N16__ring__seed6,mlp_qmix,coord_grid,6,3649,91250,132.0,25,0.2776120833333333,9.786004463831583,86.74496841430664,75.55436312500387
mlp_qmix__N16__ring__seed6,mlp_qmix,coord_grid,6,3650,91275,141.0,25,0.27741416666666663,15.685451368490854,156.92142168680826,75.576138000004
mlp_qmix__N16__ring__seed6,mlp_qmix,coord_grid,6,3651,91300,102.0,25,0.27721625000000005,12.963266452153524,179.28539276123047,75.59645987499971
mlp_qmix__N16__ring__seed6,mlp_qmix,coord_grid,6,3652,91325,116.0,25,0.27701833333333337,6.302478568894522,235.20909827096122,75.61891462502535
mlp_qmix__N16__ring__seed6,mlp_qmix,coord_grid,6,3653,91350,149.0,25,0.2768204166666667,11.246879736582438,163.1764233907064,75.63888141600182
mlp_qmix__N16__ring__seed6,mlp_qmix,coord_grid,6,3654,91375,159.0,25,0.2766225000000001,10.16180314620336,248.22223981221518,75.65843362500891
mlp_qmix__N16__ring__seed6,mlp_qmix,coord_grid,6,3655,91400,123.0,25,0.2764245833333334,11.427962094545364,143.22471936543783,75.67849116603611
mlp_qmix__N16__ring__seed6,mlp_qmix,coord_grid,6,3656,91425,119.0,25,0.27622666666666673,10.772463713373456,319.04894583565846,75.70103629102232
mlp_qmix__N16__ring__seed6,mlp_qmix,coord_grid,6,3657,91450,145.0,25,0.27602875000000004,14.343506952126821,222.12799135843912,75.7210808750242
mlp_qmix__N16__ring__seed6,mlp_qmix,coord_grid,6,3658,91475,120.0,25,0.27583083333333336,12.980224331219992,148.76898415883383,75.7409019159968
mlp_qmix__N16__ring__seed6,mlp_qmix,coord_grid,6,3659,91500,43.0,25,0.27563291666666667,18.984078248341877,263.6432189941406,75.76095249998616
mlp_qmix__N16__ring__seed6,mlp_qmix,coord_grid,6,3660,91525,135.0,25,0.275435,13.688179288591657,120.2139151436942,75.78320087498287
mlp_qmix__N16__ring__seed6,mlp_qmix,coord_grid,6,3661,91550,119.0,25,0.2752370833333334,11.77436331907908,259.20643615722656,75.8029934160295
mlp_qmix__N16__ring__seed6,mlp_qmix,coord_grid,6,3662,91575,122.0,25,0.2750391666666667,15.909063339233398,202.84772491455078,75.82300124998437
mlp_qmix__N16__ring__seed6,mlp_qmix,coord_grid,6,3663,91600,134.0,25,0.27484125000000004,8.541000425815582,183.8051617940267,75.84340162499575
mlp_qmix__N16__ring__seed6,mlp_qmix,coord_grid,6,3664,91625,136.0,25,0.27464333333333346,14.93570624079023,357.4311305454799,75.86597129103029
mlp_qmix__N16__ring__seed6,mlp_qmix,coord_grid,6,3665,91650,114.0,25,0.27444541666666666,18.44658311208089,351.61266326904297,75.88592183298897
mlp_qmix__N16__ring__seed6,mlp_qmix,coord_grid,6,3666,91675,115.0,25,0.2742475,10.849013050397238,272.3159631093343,75.90681262500584
mlp_qmix__N16__ring__seed6,mlp_qmix,coord_grid,6,3667,91700,131.0,25,0.2740495833333333,9.854331652323404,104.31238873799641,75.9281404580106
mlp_qmix__N16__ring__seed6,mlp_qmix,coord_grid,6,3668,91725,97.0,25,0.2738516666666667,9.284096768924169,264.5250810895647,75.95029008301208
mlp_qmix__N16__ring__seed6,mlp_qmix,coord_grid,6,3669,91750,114.0,25,0.27365375000000003,11.714961667855581,179.63828214009604,75.97028250002768
mlp_qmix__N16__ring__seed6,mlp_qmix,coord_grid,6,3670,91775,79.0,25,0.27345583333333334,9.071683645248413,227.66567611694336,75.99031349999132
mlp_qmix__N16__ring__seed6,mlp_qmix,coord_grid,6,3671,91800,101.0,25,0.27325791666666677,10.682013829549154,361.3309148152669,76.01084100001026
mlp_qmix__N16__ring__seed6,mlp_qmix,coord_grid,6,3672,91825,135.0,25,0.2730600000000001,16.91700448308672,268.9161180768694,76.03292816603789
mlp_qmix__N16__ring__seed6,mlp_qmix,coord_grid,6,3673,91850,124.0,25,0.2728620833333334,13.419894059499105,310.1219024658203,76.05332433298463
mlp_qmix__N16__ring__seed6,mlp_qmix,coord_grid,6,3674,91875,87.0,25,0.2726641666666667,16.428737183411915,296.57277425130206,76.07314254099037
mlp_qmix__N16__ring__seed6,mlp_qmix,coord_grid,6,3675,91900,171.0,25,0.27246625,11.700435479482016,168.93535868326822,76.09300283301855
mlp_qmix__N16__ring__seed6,mlp_qmix,coord_grid,6,3676,91925,65.0,25,0.27226833333333333,16.208248615264893,73.8553603036063,76.11513304099208
mlp_qmix__N16__ring__seed6,mlp_qmix,coord_grid,6,3677,91950,109.0,25,0.27207041666666665,13.075503329435984,163.61323038736978,76.13459079101449
mlp_qmix__N16__ring__seed6,mlp_qmix,coord_grid,6,3678,91975,155.0,25,0.2718725000000001,18.990593473116558,200.25131225585938,76.15432850003708
mlp_qmix__N16__ring__seed6,mlp_qmix,coord_grid,6,3679,92000,174.0,25,0.2716745833333334,18.954866409301758,163.64441617329916,76.17461820802419
mlp_qmix__N16__ring__seed6,mlp_qmix,coord_grid,6,3680,92025,162.0,25,0.2714766666666667,11.313292486327034,134.04293605259485,76.19717879098607
mlp_qmix__N16__ring__seed6,mlp_qmix,coord_grid,6,3681,92050,120.0,25,0.2712787500000001,11.798937737941742,220.12575403849283,76.21713225002168
mlp_qmix__N16__ring__seed6,mlp_qmix,coord_grid,6,3682,92075,108.0,25,0.27108083333333344,11.517072359720865,114.37385813395183,76.23747699998785
mlp_qmix__N16__ring__seed6,mlp_qmix,coord_grid,6,3683,92100,166.0,25,0.27088291666666664,17.0268894135952,82.25689888000488,76.25752608303446
mlp_qmix__N16__ring__seed6,mlp_qmix,coord_grid,6,3684,92125,128.0,25,0.27068499999999995,7.868776832308088,279.0676007952009,76.28012783301529
mlp_qmix__N16__ring__seed6,mlp_qmix,coord_grid,6,3685,92150,125.0,25,0.2704870833333334,6.066556612650554,305.535405476888,76.29996416601352
mlp_qmix__N16__ring__seed6,mlp_qmix,coord_grid,6,3686,92175,92.0,25,0.2702891666666667,15.013927102088928,296.22126388549805,76.32076137501281
mlp_qmix__N16__ring__seed6,mlp_qmix,coord_grid,6,3687,92200,124.0,25,0.27009125,10.066796561082205,188.64270973205566,76.34120729099959
mlp_qmix__N16__ring__seed6,mlp_qmix,coord_grid,6,3688,92225,125.0,25,0.26989333333333343,20.06431634085519,425.90929739815846,76.36385937500745
mlp_qmix__N16__ring__seed6,mlp_qmix,coord_grid,6,3689,92250,90.0,25,0.26969541666666674,14.795536041259766,113.15464464823405,76.38386462500785
mlp_qmix__N16__ring__seed6,mlp_qmix,coord_grid,6,3690,92275,127.0,25,0.26949750000000006,7.206795334815979,171.2708943684896,76.40388258302119
mlp_qmix__N16__ring__seed6,mlp_qmix,coord_grid,6,3691,92300,122.0,25,0.26929958333333337,22.468071619669598,187.5255037943522,76.4239722500206
mlp_qmix__N16__ring__seed6,mlp_qmix,coord_grid,6,3692,92325,126.0,25,0.2691016666666667,8.969201275280543,109.40127290998187,76.44653420802206
mlp_qmix__N16__ring__seed6,mlp_qmix,coord_grid,6,3693,92350,123.0,25,0.26890375,13.317749281724295,150.47401428222656,76.4667565000127
mlp_qmix__N16__ring__seed6,mlp_qmix,coord_grid,6,3694,92375,132.0,25,0.2687058333333333,5.96704504887263,203.1314442952474,76.48660854098853
mlp_qmix__N16__ring__seed6,mlp_qmix,coord_grid,6,3695,92400,121.0,25,0.26850791666666673,11.719353576501211,171.34745407104492,76.50667237502057
mlp_qmix__N16__ring__seed6,mlp_qmix,coord_grid,6,3696,92425,103.0,25,0.26831000000000005,16.586797731263296,152.07546506609236,76.52915662503801
mlp_qmix__N16__ring__seed6,mlp_qmix,coord_grid,6,3697,92450,144.0,25,0.26811208333333336,4.059954583644867,112.84279314676921,76.54918216599617
mlp_qmix__N16__ring__seed6,mlp_qmix,coord_grid,6,3698,92475,105.0,25,0.2679141666666668,13.025241017341614,112.08880933125813,76.56926354102325
mlp_qmix__N16__ring__seed6,mlp_qmix,coord_grid,6,3699,92500,113.0,25,0.2677162500000001,12.699292043844858,370.9707489013672,76.58909208298428
mlp_qmix__N16__ring__seed6,mlp_qmix,coord_grid,6,3700,92525,108.0,25,0.2675183333333333,15.575506261416844,224.38352421351843,76.61219845799496
mlp_qmix__N16__ring__seed6,mlp_qmix,coord_grid,6,3701,92550,110.0,25,0.2673204166666666,17.734227856000263,113.3754825592041,76.63240208302159
mlp_qmix__N16__ring__seed6,mlp_qmix,coord_grid,6,3702,92575,112.0,25,0.26712250000000004,16.334128856658936,153.46114857991537,76.65324862499256
mlp_qmix__N16__ring__seed6,mlp_qmix,coord_grid,6,3703,92600,112.0,25,0.26692458333333335,17.76829783121745,107.34252166748047,76.67323141603265
mlp_qmix__N16__ring__seed6,mlp_qmix,coord_grid,6,3704,92625,108.0,25,0.26672666666666667,13.098336458206177,245.72395978655135,76.69569891598076
mlp_qmix__N16__ring__seed6,mlp_qmix,coord_grid,6,3705,92650,112.0,25,0.2665287500000001,14.859564622243246,167.94845898946127,76.71539850003319
mlp_qmix__N16__ring__seed6,mlp_qmix,coord_grid,6,3706,92675,115.0,25,0.2663308333333334,15.215801497300466,270.6372947692871,76.73538945801556
mlp_qmix__N16__ring__seed6,mlp_qmix,coord_grid,6,3707,92700,91.0,25,0.2661329166666667,9.655916094779968,297.22400665283203,76.75495887501165
mlp_qmix__N16__ring__seed6,mlp_qmix,coord_grid,6,3708,92725,112.0,25,0.26593500000000003,10.286069665636335,130.6319912501744,76.77725558303064
mlp_qmix__N16__ring__seed6,mlp_qmix,coord_grid,6,3709,92750,127.0,25,0.26573708333333335,15.12173048655192,267.77387619018555,76.79719979100628
mlp_qmix__N16__ring__seed6,mlp_qmix,coord_grid,6,3710,92775,134.0,25,0.26553916666666666,6.416541536649068,307.25145785013837,76.817036500026
mlp_qmix__N16__ring__seed6,mlp_qmix,coord_grid,6,3711,92800,165.0,25,0.26534125,9.290831565856934,277.12091700236004,76.83683512499556
mlp_qmix__N16__ring__seed6,mlp_qmix,coord_grid,6,3712,92825,118.0,25,0.2651433333333334,10.672184978212629,295.8607646397182,76.85905666602775
mlp_qmix__N16__ring__seed6,mlp_qmix,coord_grid,6,3713,92850,110.0,25,0.2649454166666667,17.975181182225544,221.92898559570312,76.87858645798406
mlp_qmix__N16__ring__seed6,mlp_qmix,coord_grid,6,3714,92875,113.0,25,0.2647475,16.420436481634777,246.71154912312826,76.89864329103148
mlp_qmix__N16__ring__seed6,mlp_qmix,coord_grid,6,3715,92900,117.0,25,0.26454958333333345,17.865717887878418,210.0843505859375,76.91884616599418
mlp_qmix__N16__ring__seed6,mlp_qmix,coord_grid,6,3716,92925,107.0,25,0.26435166666666676,9.203763723373413,424.0912519182478,76.94138529099291
mlp_qmix__N16__ring__seed6,mlp_qmix,coord_grid,6,3717,92950,136.0,25,0.2641537500000001,5.6512095133463545,390.7127151489258,76.96149962500203
mlp_qmix__N16__ring__seed6,mlp_qmix,coord_grid,6,3718,92975,105.0,25,0.2639558333333333,19.13230816523234,365.3787384033203,76.98132337501738
mlp_qmix__N16__ring__seed6,mlp_qmix,coord_grid,6,3719,93000,120.0,25,0.2637579166666667,9.053645034631094,306.03807830810547,77.00137087499024
mlp_qmix__N16__ring__seed6,mlp_qmix,coord_grid,6,3720,93025,80.0,25,0.26356,15.491834368024554,375.3188569205148,77.02388683299068
mlp_qmix__N16__ring__seed6,mlp_qmix,coord_grid,6,3721,93050,102.0,25,0.26336208333333333,17.045156995455425,308.16684277852374,77.04373825003859
mlp_qmix__N16__ring__seed6,mlp_qmix,coord_grid,6,3722,93075,104.0,25,0.26316416666666675,7.78317787249883,235.85381825764975,77.06337970803725
mlp_qmix__N16__ring__seed6,mlp_qmix,coord_grid,6,3723,93100,104.0,25,0.26296625000000007,11.689480145772299,346.49322573343915,77.08343524998054
mlp_qmix__N16__ring__seed6,mlp_qmix,coord_grid,6,3724,93125,105.0,25,0.2627683333333334,12.385435496057783,294.01534271240234,77.10581525001908
mlp_qmix__N16__ring__seed6,mlp_qmix,coord_grid,6,3725,93150,117.0,25,0.2625704166666667,13.298728664716085,114.14412689208984,77.12557666603243
mlp_qmix__N16__ring__seed6,mlp_qmix,coord_grid,6,3726,93175,120.0,25,0.2623725,14.961537818113962,244.17015329996744,77.14546983299078
mlp_qmix__N16__ring__seed6,mlp_qmix,coord_grid,6,3727,93200,112.0,25,0.2621745833333333,8.782910923163096,177.1425437927246,77.16539241600549
mlp_qmix__N16__ring__seed6,mlp_qmix,coord_grid,6,3728,93225,125.0,25,0.26197666666666664,11.52667612688882,115.80127225603376,77.18772912502754
mlp_qmix__N16__ring__seed6,mlp_qmix,coord_grid,6,3729,93250,171.0,25,0.26177875000000006,10.94717276096344,278.1244354248047,77.20762716600439
mlp_qmix__N16__ring__seed6,mlp_qmix,coord_grid,6,3730,93275,69.0,25,0.2615808333333334,20.470584114392597,357.6356420516968,77.2274553750176
mlp_qmix__N16__ring__seed6,mlp_qmix,coord_grid,6,3731,93300,109.0,25,0.2613829166666667,9.647894521554312,339.57467397054035,77.24751591600943
mlp_qmix__N16__ring__seed6,mlp_qmix,coord_grid,6,3732,93325,114.0,25,0.2611850000000001,10.48255661555699,257.0613250732422,77.2698642500327
mlp_qmix__N16__ring__seed6,mlp_qmix,coord_grid,6,3733,93350,123.0,25,0.2609870833333334,7.894332051277161,311.24423853556317,77.28979670803528
mlp_qmix__N16__ring__seed6,mlp_qmix,coord_grid,6,3734,93375,156.0,25,0.26078916666666674,12.357870737711588,316.08824666341144,77.31000691599911
mlp_qmix__N16__ring__seed6,mlp_qmix,coord_grid,6,3735,93400,66.0,25,0.26059124999999994,12.488231420516968,300.2755521138509,77.32978708302835
mlp_qmix__N16__ring__seed6,mlp_qmix,coord_grid,6,3736,93425,117.0,25,0.26039333333333337,16.305218083517893,322.54641505650113,77.35245329100871
mlp_qmix__N16__ring__seed6,mlp_qmix,coord_grid,6,3737,93450,95.0,25,0.2601954166666667,15.288601239522299,310.8033091227214,77.37261387502076
mlp_qmix__N16__ring__seed6,mlp_qmix,coord_grid,6,3738,93475,155.0,25,0.2599975,16.885541280110676,361.79491170247394,77.39250116603216
mlp_qmix__N16__ring__seed6,mlp_qmix,coord_grid,6,3739,93500,172.0,25,0.2597995833333334,10.552221457163492,222.10734049479166,77.41356208303478
mlp_qmix__N16__ring__seed6,mlp_qmix,coord_grid,6,3740,93525,112.0,25,0.25960166666666673,13.031169312340873,188.4725298200335,77.43571283301571
mlp_qmix__N16__ring__seed6,mlp_qmix,coord_grid,6,3741,93550,144.0,25,0.25940375000000004,6.1215245723724365,230.15901819864908,77.45601974998135
mlp_qmix__N16__ring__seed6,mlp_qmix,coord_grid,6,3742,93575,102.0,25,0.25920583333333336,17.878204186757404,85.35942300160725,77.47591866599396
mlp_qmix__N16__ring__seed6,mlp_qmix,coord_grid,6,3743,93600,124.0,25,0.2590079166666668,5.775688548882802,184.55000686645508,77.4958686659811
mlp_qmix__N16__ring__seed6,mlp_qmix,coord_grid,6,3744,93625,96.0,25,0.25881,13.30397471359798,213.86688014439173,77.51834591600345
mlp_qmix__N16__ring__seed6,mlp_qmix,coord_grid,6,3745,93650,95.0,25,0.2586120833333333,11.95885682106018,142.5826816558838,77.53812033298891
mlp_qmix__N16__ring__seed6,mlp_qmix,coord_grid,6,3746,93675,147.0,25,0.2584141666666667,18.220473686854046,298.76450220743817,77.55791016598232
mlp_qmix__N16__ring__seed6,mlp_qmix,coord_grid,6,3747,93700,123.0,25,0.25821625000000004,18.538071791330974,318.1228205362956,77.5779951250297
mlp_qmix__N16__ring__seed6,mlp_qmix,coord_grid,6,3748,93725,148.0,25,0.25801833333333335,13.614463329315186,315.9407076154436,77.60017225000774
mlp_qmix__N16__ring__seed6,mlp_qmix,coord_grid,6,3749,93750,175.0,25,0.2578204166666668,15.441892504692078,282.8548177083333,77.62021641602041
mlp_qmix__N16__ring__seed6,mlp_qmix,coord_grid,6,3750,93775,173.0,25,0.2576225000000001,7.738983591397603,344.5718078613281,77.639845083002
mlp_qmix__N16__ring__seed6,mlp_qmix,coord_grid,6,3751,93800,192.0,25,0.2574245833333334,19.936144828796387,308.4349085489909,77.66000737500144
mlp_qmix__N16__ring__seed6,mlp_qmix,coord_grid,6,3752,93825,182.0,25,0.2572266666666667,20.368091106414795,401.9715053013393,77.68240016599884
mlp_qmix__N16__ring__seed6,mlp_qmix,coord_grid,6,3753,93850,180.0,25,0.25702875000000003,14.715138157208761,384.9283167521159,77.70517266599927
mlp_qmix__N16__ring__seed6,mlp_qmix,coord_grid,6,3754,93875,185.0,25,0.25683083333333334,10.350794712702433,183.17790730794272,77.72834612498991
mlp_qmix__N16__ring__seed6,mlp_qmix,coord_grid,6,3755,93900,111.0,25,0.25663291666666666,13.485385437806448,172.908904393514,77.75124312500702
mlp_qmix__N16__ring__seed6,mlp_qmix,coord_grid,6,3756,93925,106.0,25,0.2564350000000001,7.82753312587738,158.60934557233537,77.77625024999725
mlp_qmix__N16__ring__seed6,mlp_qmix,coord_grid,6,3757,93950,101.0,25,0.2562370833333334,17.80639721949895,184.733029683431,77.79642199998489
mlp_qmix__N16__ring__seed6,mlp_qmix,coord_grid,6,3758,93975,110.0,25,0.2560391666666667,4.150450030962626,154.7691338857015,77.81656000000658
mlp_qmix__N16__ring__seed6,mlp_qmix,coord_grid,6,3759,94000,125.0,25,0.25584125,8.771636664867401,113.66482607523601,77.83709387498675
mlp_qmix__N16__ring__seed6,mlp_qmix,coord_grid,6,3760,94025,127.0,25,0.25564333333333344,8.117592019694191,239.40553283691406,77.86157125001773
mlp_qmix__N16__ring__seed6,mlp_qmix,coord_grid,6,3761,94050,148.0,25,0.25544541666666665,11.11906067530314,359.439936319987,77.88300437503494
mlp_qmix__N16__ring__seed6,mlp_qmix,coord_grid,6,3762,94075,139.0,25,0.25524749999999996,15.194280624389648,390.0845692952474,77.90446099999826
mlp_qmix__N16__ring__seed6,mlp_qmix,coord_grid,6,3763,94100,86.0,25,0.2550495833333334,20.882743040720623,378.44283803304035,77.92531379102729
mlp_qmix__N16__ring__seed6,mlp_qmix,coord_grid,6,3764,94125,139.0,25,0.2548516666666667,17.560958555766515,311.5173775809152,77.94915983302053
mlp_qmix__N16__ring__seed6,mlp_qmix,coord_grid,6,3765,94150,154.0,25,0.25465375,8.745523452758789,184.61603673299155,77.97400787501829
mlp_qmix__N16__ring__seed6,mlp_qmix,coord_grid,6,3766,94175,122.0,25,0.2544558333333333,13.498507161935171,139.12066427866617,77.99647612503031
mlp_qmix__N16__ring__seed6,mlp_qmix,coord_grid,6,3767,94200,113.0,25,0.25425791666666675,18.54844872156779,263.4064706166585,78.0189199160086
mlp_qmix__N16__ring__seed6,mlp_qmix,coord_grid,6,3768,94225,103.0,25,0.25406000000000006,21.39443220411028,392.8671657017299,78.04321645799791
mlp_qmix__N16__ring__seed6,mlp_qmix,coord_grid,6,3769,94250,118.0,25,0.2538620833333334,20.319947679837544,352.9717216491699,78.06508487503743
mlp_qmix__N16__ring__seed6,mlp_qmix,coord_grid,6,3770,94275,125.0,25,0.2536641666666667,13.497217754522959,149.2192579905192,78.08623166603502
mlp_qmix__N16__ring__seed6,mlp_qmix,coord_grid,6,3771,94300,99.0,25,0.25346625,10.527969121932983,242.72212092081705,78.10766962502385
mlp_qmix__N16__ring__seed6,mlp_qmix,coord_grid,6,3772,94325,136.0,25,0.2532683333333333,17.10769808292389,204.92979213169642,78.13039933302207
mlp_qmix__N16__ring__seed6,mlp_qmix,coord_grid,6,3773,94350,124.0,25,0.25307041666666674,19.72357400258382,162.47590319315592,78.15085124998586
mlp_qmix__N16__ring__seed6,mlp_qmix,coord_grid,6,3774,94375,101.0,25,0.25287250000000006,13.281566242376963,102.26758003234863,78.17232637503184
mlp_qmix__N16__ring__seed6,mlp_qmix,coord_grid,6,3775,94400,175.0,25,0.25267458333333337,16.320306817690533,121.17904790242513,78.19310695800232
mlp_qmix__N16__ring__seed6,mlp_qmix,coord_grid,6,3776,94425,145.0,25,0.2524766666666667,11.347169825008937,367.8231855119978,78.21581204101676
mlp_qmix__N16__ring__seed6,mlp_qmix,coord_grid,6,3777,94450,85.0,25,0.2522787500000001,13.089293758074442,337.5491129557292,78.23646870802622
mlp_qmix__N16__ring__seed6,mlp_qmix,coord_grid,6,3778,94475,109.0,25,0.2520808333333334,10.979400018850962,418.2257270812988,78.25758033298189
mlp_qmix__N16__ring__seed6,mlp_qmix,coord_grid,6,3779,94500,125.0,25,0.2518829166666666,10.720641811688742,259.5564702351888,78.27896424999926
mlp_qmix__N16__ring__seed6,mlp_qmix,coord_grid,6,3780,94525,142.0,25,0.25168500000000005,14.276908959661212,119.81718117850167,78.30258779099677
mlp_qmix__N16__ring__seed6,mlp_qmix,coord_grid,6,3781,94550,124.0,25,0.25148708333333336,10.372840722401937,175.7193285624186,78.32511620799778
mlp_qmix__N16__ring__seed6,mlp_qmix,coord_grid,6,3782,94575,120.0,25,0.2512891666666667,8.499368250370026,358.5936101277669,78.34741400001803
mlp_qmix__N16__ring__seed6,mlp_qmix,coord_grid,6,3783,94600,89.0,25,0.25109125,10.423938870429993,396.0179901123047,78.36931587499566
mlp_qmix__N16__ring__seed6,mlp_qmix,coord_grid,6,3784,94625,97.0,25,0.2508933333333334,10.724500690187726,333.6735807146345,78.39271762501448
mlp_qmix__N16__ring__seed6,mlp_qmix,coord_grid,6,3785,94650,93.0,25,0.2506954166666667,10.801898320515951,219.83863957722983,78.41440424998291
mlp_qmix__N16__ring__seed6,mlp_qmix,coord_grid,6,3786,94675,176.0,25,0.25049750000000004,10.782348136107126,257.7484130859375,78.43489366600988
mlp_qmix__N16__ring__seed6,mlp_qmix,coord_grid,6,3787,94700,211.0,25,0.25029958333333335,12.446983098983765,273.24290466308594,78.4566641250276
mlp_qmix__N16__ring__seed6,mlp_qmix,coord_grid,6,3788,94725,162.0,25,0.25010166666666667,10.781983154160637,198.15677206856864,78.47975100000622
mlp_qmix__N16__ring__seed6,mlp_qmix,coord_grid,6,3789,94750,148.0,25,0.24990374999999998,12.211712896823883,195.2984301249186,78.50056945800316
mlp_qmix__N16__ring__seed6,mlp_qmix,coord_grid,6,3790,94775,134.0,25,0.2497058333333334,12.26128182808558,243.70333862304688,78.52181900001597
mlp_qmix__N16__ring__seed6,mlp_qmix,coord_grid,6,3791,94800,140.0,25,0.24950791666666672,16.94896788398425,173.63125356038412,78.5419922079891
mlp_qmix__N16__ring__seed6,mlp_qmix,coord_grid,6,3792,94825,192.0,25,0.24931000000000003,17.08795484474727,331.16704177856445,78.5646928329952
mlp_qmix__N16__ring__seed6,mlp_qmix,coord_grid,6,3793,94850,141.0,25,0.24911208333333335,9.547042489051819,249.41724141438803,78.58481108298292
mlp_qmix__N16__ring__seed6,mlp_qmix,coord_grid,6,3794,94875,169.0,25,0.24891416666666677,14.342127323150635,318.47238032023114,78.60475445800694
mlp_qmix__N16__ring__seed6,mlp_qmix,coord_grid,6,3795,94900,141.0,25,0.24871625000000008,7.870365500450134,239.75690905253092,78.6246962500154
mlp_qmix__N16__ring__seed6,mlp_qmix,coord_grid,6,3796,94925,112.0,25,0.24851833333333329,7.940764103616987,107.96281950814384,78.64709558303002
mlp_qmix__N16__ring__seed6,mlp_qmix,coord_grid,6,3797,94950,113.0,25,0.2483204166666667,12.490341484546661,265.8767776489258,78.66696537501412
mlp_qmix__N16__ring__seed6,mlp_qmix,coord_grid,6,3798,94975,110.0,25,0.24812250000000002,21.591776847839355,247.26175435384116,78.68758883298142
mlp_qmix__N16__ring__seed6,mlp_qmix,coord_grid,6,3799,95000,114.0,25,0.24792458333333334,13.870234310626984,243.69102986653647,78.70809729100438
mlp_qmix__N16__ring__seed6,mlp_qmix,coord_grid,6,3800,95025,138.0,25,0.24772666666666665,10.857389398983546,175.3274290902274,78.73043862503255
mlp_qmix__N16__ring__seed6,mlp_qmix,coord_grid,6,3801,95050,162.0,25,0.24752875000000008,13.809414704640707,254.167111714681,78.75018199998885
mlp_qmix__N16__ring__seed6,mlp_qmix,coord_grid,6,3802,95075,156.0,25,0.2473308333333334,15.441230098406473,218.73340606689453,78.77100716601126
mlp_qmix__N16__ring__seed6,mlp_qmix,coord_grid,6,3803,95100,157.0,25,0.2471329166666667,9.079540034135183,119.66962750752766,78.79164337500697
mlp_qmix__N16__ring__seed6,mlp_qmix,coord_grid,6,3804,95125,90.0,25,0.24693500000000013,19.91629409790039,215.89205496651786,78.81418545800261
mlp_qmix__N16__ring__seed6,mlp_qmix,coord_grid,6,3805,95150,134.0,25,0.24673708333333333,9.238282084465027,243.24763997395834,78.83439591602655
mlp_qmix__N16__ring__seed6,mlp_qmix,coord_grid,6,3806,95175,132.0,25,0.24653916666666664,15.473461349805197,202.49526596069336,78.85443187499186
mlp_qmix__N16__ring__seed6,mlp_qmix,coord_grid,6,3807,95200,120.0,25,0.24634125000000007,15.447311331828436,188.35242907206217,78.87413900002139
mlp_qmix__N16__ring__seed6,mlp_qmix,coord_grid,6,3808,95225,142.0,25,0.24614333333333338,10.586225824696678,155.72140611921037,78.8962988749845
mlp_qmix__N16__ring__seed6,mlp_qmix,coord_grid,6,3809,95250,155.0,25,0.2459454166666667,18.54109223683675,148.5919287999471,78.91629083303269
mlp_qmix__N16__ring__seed6,mlp_qmix,coord_grid,6,3810,95275,134.0,25,0.2457475,15.600301742553711,237.09251912434897,78.93674904102227
mlp_qmix__N16__ring__seed6,mlp_qmix,coord_grid,6,3811,95300,114.0,25,0.24554958333333343,4.4938163956006365,120.11220328013103,78.95696912502171
mlp_qmix__N16__ring__seed6,mlp_qmix,coord_grid,6,3812,95325,92.0,25,0.24535166666666675,13.691127708980016,241.78934478759766,78.97998420801014
mlp_qmix__N16__ring__seed6,mlp_qmix,coord_grid,6,3813,95350,157.0,25,0.24515375000000006,17.49808152516683,284.44117736816406,79.00026012503076
mlp_qmix__N16__ring__seed6,mlp_qmix,coord_grid,6,3814,95375,131.0,25,0.24495583333333337,12.970277527968088,330.62339274088544,79.02055687498068
mlp_qmix__N16__ring__seed6,mlp_qmix,coord_grid,6,3815,95400,150.0,25,0.24475791666666669,11.017854154109955,272.53243764241535,79.04076987499138
mlp_qmix__N16__ring__seed6,mlp_qmix,coord_grid,6,3816,95425,173.0,25,0.24456,20.594217709132604,505.550537109375,79.06355016602902
mlp_qmix__N16__ring__seed6,mlp_qmix,coord_grid,6,3817,95450,144.0,25,0.2443620833333333,25.66760238011678,433.2759094238281,79.08362820802722
mlp_qmix__N16__ring__seed6,mlp_qmix,coord_grid,6,3818,95475,111.0,25,0.24416416666666674,17.774978160858154,454.5525385538737,79.10336495802039
mlp_qmix__N16__ring__seed6,mlp_qmix,coord_grid,6,3819,95500,135.0,25,0.24396625000000005,14.49074532588323,318.2870101928711,79.12338462501066
mlp_qmix__N16__ring__seed6,mlp_qmix,coord_grid,6,3820,95525,182.0,25,0.24376833333333336,13.691927415984017,166.47403390066964,79.14551995799411
mlp_qmix__N16__ring__seed6,mlp_qmix,coord_grid,6,3821,95550,98.0,25,0.2435704166666668,11.040288845698038,234.04987970987955,79.16485091601498
mlp_qmix__N16__ring__seed6,mlp_qmix,coord_grid,6,3822,95575,110.0,25,0.2433725,14.313540240128836,186.43737157185873,79.18623312498676
mlp_qmix__N16__ring__seed6,mlp_qmix,coord_grid,6,3823,95600,157.0,25,0.2431745833333333,20.576634565989178,105.1523265838623,79.20674624998355
mlp_qmix__N16__ring__seed6,mlp_qmix,coord_grid,6,3824,95625,186.0,25,0.24297666666666673,17.93058463505336,213.16857092721122,79.22971870802576
mlp_qmix__N16__ring__seed6,mlp_qmix,coord_grid,6,3825,95650,179.0,25,0.24277875000000004,8.338457783063253,255.91659800211588,79.2499811660382
mlp_qmix__N16__ring__seed6,mlp_qmix,coord_grid,6,3826,95675,157.0,25,0.24258083333333336,11.703152775764465,297.8135223388672,79.27019816602115
mlp_qmix__N16__ring__seed6,mlp_qmix,coord_grid,6,3827,95700,144.0,25,0.24238291666666667,23.037654399871826,298.00078709920246,79.28978908300633
mlp_qmix__N16__ring__seed6,mlp_qmix,coord_grid,6,3828,95725,153.0,25,0.2421850000000001,12.477651357650757,219.96564483642578,79.31270229100483
mlp_qmix__N16__ring__seed6,mlp_qmix,coord_grid,6,3829,95750,119.0,25,0.2419870833333334,6.534493863582611,244.73648325602213,79.33237754099537
mlp_qmix__N16__ring__seed6,mlp_qmix,coord_grid,6,3830,95775,153.0,25,0.24178916666666672,14.043458491563797,96.21728134155273,79.3527777910349
mlp_qmix__N16__ring__seed6,mlp_qmix,coord_grid,6,3831,95800,91.0,25,0.24159125000000004,14.173430800437927,193.25109354654947,79.37251716601895
mlp_qmix__N16__ring__seed6,mlp_qmix,coord_grid,6,3832,95825,126.0,25,0.24139333333333335,12.656103628022331,307.11796133858815,79.39466987503693
mlp_qmix__N16__ring__seed6,mlp_qmix,coord_grid,6,3833,95850,105.0,25,0.24119541666666666,6.91941221555074,317.19896443684894,79.41535720799584
mlp_qmix__N16__ring__seed6,mlp_qmix,coord_grid,6,3834,95875,123.0,25,0.24099749999999998,14.858168601989746,343.6553332010905,79.43541074998211
mlp_qmix__N16__ring__seed6,mlp_qmix,coord_grid,6,3835,95900,86.0,25,0.2407995833333334,13.267565409342447,335.4457499186198,79.45546316599939
mlp_qmix__N16__ring__seed6,mlp_qmix,coord_grid,6,3836,95925,146.0,25,0.2406016666666667,12.793709533555168,270.0751277378627,79.47792512498563
mlp_qmix__N16__ring__seed6,mlp_qmix,coord_grid,6,3837,95950,123.0,25,0.24040375000000003,19.527549346288044,312.5502395629883,79.49765708303312
mlp_qmix__N16__ring__seed6,mlp_qmix,coord_grid,6,3838,95975,212.0,25,0.24020583333333345,11.213777422904968,217.96935399373373,79.5175817499985
mlp_qmix__N16__ring__seed6,mlp_qmix,coord_grid,6,3839,96000,145.0,25,0.24000791666666677,16.09227164586385,245.87783559163412,79.53810720803449
mlp_qmix__N16__ring__seed6,mlp_qmix,coord_grid,6,3840,96025,173.0,25,0.23980999999999997,13.806145429611206,390.69585255214145,79.56087783299154
mlp_qmix__N16__ring__seed6,mlp_qmix,coord_grid,6,3841,96050,190.0,25,0.23961208333333328,14.073315401872,439.5854034423828,79.58069191599498
mlp_qmix__N16__ring__seed6,mlp_qmix,coord_grid,6,3842,96075,184.0,25,0.2394141666666667,23.631504853566486,398.13837178548175,79.60162825003499
mlp_qmix__N16__ring__seed6,mlp_qmix,coord_grid,6,3843,96100,184.0,25,0.23921625000000002,13.731285095214844,356.45499420166016,79.62160304101417
mlp_qmix__N16__ring__seed6,mlp_qmix,coord_grid,6,3844,96125,149.0,25,0.23901833333333333,13.255834358079094,347.85486221313477,79.64400079101324
mlp_qmix__N16__ring__seed6,mlp_qmix,coord_grid,6,3845,96150,172.0,25,0.23882041666666676,10.873870760202408,194.32056935628256,79.66473954101093
mlp_qmix__N16__ring__seed6,mlp_qmix,coord_grid,6,3846,96175,150.0,25,0.23862250000000007,10.828506330649057,143.43226178487143,79.68468629103154
mlp_qmix__N16__ring__seed6,mlp_qmix,coord_grid,6,3847,96200,166.0,25,0.23842458333333338,22.52488120396932,190.1938819885254,79.70484150003176
mlp_qmix__N16__ring__seed6,mlp_qmix,coord_grid,6,3848,96225,181.0,25,0.2382266666666667,12.000094890594482,473.9263240269252,79.72759733302519
mlp_qmix__N16__ring__seed6,mlp_qmix,coord_grid,6,3849,96250,168.0,25,0.23802875,4.961666564146678,287.0141487121582,79.74739725003019
mlp_qmix__N16__ring__seed6,mlp_qmix,coord_grid,6,3850,96275,189.0,25,0.23783083333333332,13.016018688678741,251.98139508565268,79.76809025002876
mlp_qmix__N16__ring__seed6,mlp_qmix,coord_grid,6,3851,96300,178.0,25,0.23763291666666664,11.662700613339743,357.50299580891925,79.79041075002169
mlp_qmix__N16__ring__seed6,mlp_qmix,coord_grid,6,3852,96325,151.0,25,0.23743500000000006,7.64572160584586,334.7594315665109,79.81626004102873
mlp_qmix__N16__ring__seed6,mlp_qmix,coord_grid,6,3853,96350,128.0,25,0.23723708333333338,13.574912130832672,391.09763590494794,79.83651091600768
mlp_qmix__N16__ring__seed6,mlp_qmix,coord_grid,6,3854,96375,149.0,25,0.2370391666666667,13.199779947598776,291.02133051554364,79.85641316598048
mlp_qmix__N16__ring__seed6,mlp_qmix,coord_grid,6,3855,96400,110.0,25,0.23684125000000011,16.949639320373535,395.32075754801434,79.87686283298535
mlp_qmix__N16__ring__seed6,mlp_qmix,coord_grid,6,3856,96425,138.0,25,0.23664333333333343,11.42181248324258,312.58775329589844,79.89914741599932
mlp_qmix__N16__ring__seed6,mlp_qmix,coord_grid,6,3857,96450,122.0,25,0.23644541666666663,14.914145151774088,337.10719045003253,79.91920050000772
mlp_qmix__N16__ring__seed6,mlp_qmix,coord_grid,6,3858,96475,165.0,25,0.23624749999999994,18.455156803131104,357.9534200032552,79.93912591598928
mlp_qmix__N16__ring__seed6,mlp_qmix,coord_grid,6,3859,96500,118.0,25,0.23604958333333337,13.497812688350677,317.8052698771159,79.95885579101741
mlp_qmix__N16__ring__seed6,mlp_qmix,coord_grid,6,3860,96525,180.0,25,0.23585166666666668,19.829729795455933,325.350099836077,79.98150370799704
mlp_qmix__N16__ring__seed6,mlp_qmix,coord_grid,6,3861,96550,186.0,25,0.23565375,10.146677732467651,337.48398717244464,80.00152029102901
mlp_qmix__N16__ring__seed6,mlp_qmix,coord_grid,6,3862,96575,163.0,25,0.23545583333333342,13.45493092139562,375.18946075439453,80.02152833301807
mlp_qmix__N16__ring__seed6,mlp_qmix,coord_grid,6,3863,96600,162.0,25,0.23525791666666673,13.13173015912374,308.21635818481445,80.04159212502418
mlp_qmix__N16__ring__seed6,mlp_qmix,coord_grid,6,3864,96625,151.0,25,0.23506000000000005,16.042788812092372,379.9992893763951,80.06410566600971
mlp_qmix__N16__ring__seed6,mlp_qmix,coord_grid,6,3865,96650,203.0,25,0.23486208333333347,14.693238000075022,274.19786580403644,80.08418366598198
mlp_qmix__N16__ring__seed6,mlp_qmix,coord_grid,6,3866,96675,181.0,25,0.23466416666666667,21.156572182973225,196.7276382446289,80.1039826250053
mlp_qmix__N16__ring__seed6,mlp_qmix,coord_grid,6,3867,96700,164.0,25,0.23446625,16.03304421901703,182.9601198832194,80.12411675002659
mlp_qmix__N16__ring__seed6,mlp_qmix,coord_grid,6,3868,96725,133.0,25,0.2342683333333333,9.819079518318176,240.0456417628697,80.14737679099198
mlp_qmix__N16__ring__seed6,mlp_qmix,coord_grid,6,3869,96750,107.0,25,0.23407041666666673,9.874260028203329,257.2244389851888,80.1672144579934
mlp_qmix__N16__ring__seed6,mlp_qmix,coord_grid,6,3870,96775,174.0,25,0.23387250000000004,12.667916337649027,182.95846303304037,80.18844624998746
mlp_qmix__N16__ring__seed6,mlp_qmix,coord_grid,6,3871,96800,134.0,25,0.23367458333333335,12.869712193806967,227.89465999603271,80.20857062499272
mlp_qmix__N16__ring__seed6,mlp_qmix,coord_grid,6,3872,96825,75.0,25,0.23347666666666678,18.070547035762242,175.7211548941476,80.23110899998574
mlp_qmix__N16__ring__seed6,mlp_qmix,coord_grid,6,3873,96850,145.0,25,0.2332787500000001,9.533387541770935,160.49005190531412,80.25124733301345
mlp_qmix__N16__ring__seed6,mlp_qmix,coord_grid,6,3874,96875,110.0,25,0.2330808333333334,14.332075198491415,172.96350860595703,80.27135495800758
mlp_qmix__N16__ring__seed6,mlp_qmix,coord_grid,6,3875,96900,116.0,25,0.2328829166666666,19.396968523661297,253.70790100097656,80.29148829099722
mlp_qmix__N16__ring__seed6,mlp_qmix,coord_grid,6,3876,96925,162.0,25,0.23268500000000003,8.302666170256478,133.30682046072823,80.31397195800673
mlp_qmix__N16__ring__seed6,mlp_qmix,coord_grid,6,3877,96950,166.0,25,0.23248708333333334,12.780030449231466,197.14039738972983,80.33436700003222
mlp_qmix__N16__ring__seed6,mlp_qmix,coord_grid,6,3878,96975,138.0,25,0.23228916666666666,21.069158911705017,152.68592643737793,80.35415683302563
mlp_qmix__N16__ring__seed6,mlp_qmix,coord_grid,6,3879,97000,170.0,25,0.23209125000000008,9.820336679617563,319.6055501302083,80.37460404098965
mlp_qmix__N16__ring__seed6,mlp_qmix,coord_grid,6,3880,97025,105.0,25,0.2318933333333334,8.999416283198766,458.7806919642857,80.3974889999954
mlp_qmix__N16__ring__seed6,mlp_qmix,coord_grid,6,3881,97050,111.0,25,0.2316954166666667,25.08019558588664,273.34910583496094,80.41910574998474
mlp_qmix__N16__ring__seed6,mlp_qmix,coord_grid,6,3882,97075,115.0,25,0.23149750000000013,9.838338096936544,220.92943382263184,80.43988587503554
mlp_qmix__N16__ring__seed6,mlp_qmix,coord_grid,6,3883,97100,109.0,25,0.23129958333333334,6.481338262557983,225.26098124186197,80.46021229098551
mlp_qmix__N16__ring__seed6,mlp_qmix,coord_grid,6,3884,97125,181.0,25,0.23110166666666665,11.552704657827105,234.0179955618722,80.48261216602987
mlp_qmix__N16__ring__seed6,mlp_qmix,coord_grid,6,3885,97150,180.0,25,0.23090374999999996,14.786890089511871,302.94764200846356,80.50301583303371
mlp_qmix__N16__ring__seed6,mlp_qmix,coord_grid,6,3886,97175,155.0,25,0.2307058333333334,21.302784601847332,220.777956644694,80.5230742910062
mlp_qmix__N16__ring__seed6,mlp_qmix,coord_grid,6,3887,97200,166.0,25,0.2305079166666667,8.147877295811972,282.4828135172526,80.54336004098877
mlp_qmix__N16__ring__seed6,mlp_qmix,coord_grid,6,3888,97225,186.0,25,0.23031000000000001,10.15755193574088,177.23798261369978,80.56602625001688
mlp_qmix__N16__ring__seed6,mlp_qmix,coord_grid,6,3889,97250,199.0,25,0.23011208333333344,19.60443862279256,216.81547037760416,80.58802470803494
mlp_qmix__N16__ring__seed6,mlp_qmix,coord_grid,6,3890,97275,185.0,25,0.22991416666666675,13.348832110563913,273.3850288391113,80.61047675000736
mlp_qmix__N16__ring__seed6,mlp_qmix,coord_grid,6,3891,97300,85.0,25,0.22971625000000007,13.271621624628702,266.1223398844401,80.63130474998616
mlp_qmix__N16__ring__seed6,mlp_qmix,coord_grid,6,3892,97325,106.0,25,0.22951833333333327,10.178115282739912,242.55708748953683,80.65393454098376
mlp_qmix__N16__ring__seed6,mlp_qmix,coord_grid,6,3893,97350,117.0,25,0.2293204166666667,13.116691629091898,284.94067128499347,80.67511270800605
mlp_qmix__N16__ring__seed6,mlp_qmix,coord_grid,6,3894,97375,123.0,25,0.2291225,8.09639314810435,252.97546513875326,80.69517854100559
mlp_qmix__N16__ring__seed6,mlp_qmix,coord_grid,6,3895,97400,188.0,25,0.22892458333333332,17.944369852542877,256.6925684611003,80.71616204100428
mlp_qmix__N16__ring__seed6,mlp_qmix,coord_grid,6,3896,97425,134.0,25,0.22872666666666674,17.077393089021957,147.15896769932337,80.74018358299509
mlp_qmix__N16__ring__seed6,mlp_qmix,coord_grid,6,3897,97450,126.0,25,0.22852875000000006,9.313419083754221,94.68106778462727,80.76173808303429
mlp_qmix__N16__ring__seed6,mlp_qmix,coord_grid,6,3898,97475,186.0,25,0.22833083333333337,16.169723014036816,152.2052059173584,80.78243616601685
mlp_qmix__N16__ring__seed6,mlp_qmix,coord_grid,6,3899,97500,149.0,25,0.2281329166666668,4.63749897480011,151.25642204284668,80.80279879103182
mlp_qmix__N16__ring__seed6,mlp_qmix,coord_grid,6,3900,97525,150.0,25,0.2279350000000001,11.35605343750545,137.4609206063407,80.825273458031
mlp_qmix__N16__ring__seed6,mlp_qmix,coord_grid,6,3901,97550,170.0,25,0.2277370833333333,12.901578028996786,151.62254206339517,80.84520595800132
mlp_qmix__N16__ring__seed6,mlp_qmix,coord_grid,6,3902,97575,176.0,25,0.22753916666666663,16.27820634841919,126.33354568481445,80.86545041599311
mlp_qmix__N16__ring__seed6,mlp_qmix,coord_grid,6,3903,97600,160.0,25,0.22734125000000005,13.160335034132004,193.54114977518717,80.88558458298212
mlp_qmix__N16__ring__seed6,mlp_qmix,coord_grid,6,3904,97625,107.0,25,0.22714333333333336,10.183699403490339,205.89474759783064,80.90820962499129
mlp_qmix__N16__ring__seed6,mlp_qmix,coord_grid,6,3905,97650,164.0,25,0.22694541666666668,11.417634030183157,166.55680974324545,80.92894591600634
mlp_qmix__N16__ring__seed6,mlp_qmix,coord_grid,6,3906,97675,162.0,25,0.2267475000000001,16.494985938072205,275.3265266418457,80.9491745409905
mlp_qmix__N16__ring__seed6,mlp_qmix,coord_grid,6,3907,97700,186.0,25,0.22654958333333342,15.331432660420736,348.01312828063965,80.96924237499479
mlp_qmix__N16__ring__seed6,mlp_qmix,coord_grid,6,3908,97725,105.0,25,0.22635166666666673,11.732735088893346,284.65565381731307,80.9917239160277
mlp_qmix__N16__ring__seed6,mlp_qmix,coord_grid,6,3909,97750,147.0,25,0.22615375000000004,19.868927478790283,156.2262217203776,81.01208399998723
mlp_qmix__N16__ring__seed6,mlp_qmix,coord_grid,6,3910,97775,178.0,25,0.22595583333333336,16.220433950424194,129.3326562245687,81.03246645798208
mlp_qmix__N16__ring__seed6,mlp_qmix,coord_grid,6,3911,97800,155.0,25,0.22575791666666667,19.66718928019206,245.59104919433594,81.05278466601158
mlp_qmix__N16__ring__seed6,mlp_qmix,coord_grid,6,3912,97825,134.0,25,0.22555999999999998,15.678583434649877,474.2487226213728,81.07520133303478
mlp_qmix__N16__ring__seed6,mlp_qmix,coord_grid,6,3913,97850,87.0,25,0.2253620833333334,15.665149092674255,494.2022755940755,81.0954431660357
mlp_qmix__N16__ring__seed6,mlp_qmix,coord_grid,6,3914,97875,69.0,25,0.22516416666666672,12.302156209945679,310.31236521402997,81.11538079101592
mlp_qmix__N16__ring__seed6,mlp_qmix,coord_grid,6,3915,97900,79.0,25,0.22496625000000003,13.665492733319601,258.4413007100423,81.13545216602506
mlp_qmix__N16__ring__seed6,mlp_qmix,coord_grid,6,3916,97925,110.0,25,0.22476833333333335,16.486677442278182,305.21570260184154,81.15815762500279
mlp_qmix__N16__ring__seed6,mlp_qmix,coord_grid,6,3917,97950,117.0,25,0.22457041666666677,20.519739985466003,394.100102742513,81.17923016601708
mlp_qmix__N16__ring__seed6,mlp_qmix,coord_grid,6,3918,97975,160.0,25,0.22437249999999997,15.248001416524252,320.1478576660156,81.19911633303855
mlp_qmix__N16__ring__seed6,mlp_qmix,coord_grid,6,3919,98000,104.0,25,0.2241745833333333,10.403111775716146,364.37373606363934,81.22008637501858
mlp_qmix__N16__ring__seed6,mlp_qmix,coord_grid,6,3920,98025,108.0,25,0.2239766666666667,14.876601610864912,314.22019740513394,81.24260220798897
mlp_qmix__N16__ring__seed6,mlp_qmix,coord_grid,6,3921,98050,126.0,25,0.22377875000000003,10.184827586015066,352.8440678914388,81.26324125000974
mlp_qmix__N16__ring__seed6,mlp_qmix,coord_grid,6,3922,98075,124.0,25,0.22358083333333334,10.543439745903015,297.46510950724286,81.28417720802827
mlp_qmix__N16__ring__seed6,mlp_qmix,coord_grid,6,3923,98100,174.0,25,0.22338291666666676,16.824775377909344,296.5214703877767,81.30447558301967
mlp_qmix__N16__ring__seed6,mlp_qmix,coord_grid,6,3924,98125,127.0,25,0.22318500000000008,10.714210186685834,357.26963915143693,81.3270485830144
mlp_qmix__N16__ring__seed6,mlp_qmix,coord_grid,6,3925,98150,120.0,25,0.2229870833333334,21.64344521363576,223.97361946105957,81.34750187501777
mlp_qmix__N16__ring__seed6,mlp_qmix,coord_grid,6,3926,98175,89.0,25,0.2227891666666667,21.751716017723083,289.78600629170734,81.36723583302228
mlp_qmix__N16__ring__seed6,mlp_qmix,coord_grid,6,3927,98200,107.0,25,0.22259125000000002,16.72715179125468,247.01605415344238,81.38758333300939
mlp_qmix__N16__ring__seed6,mlp_qmix,coord_grid,6,3928,98225,151.0,25,0.22239333333333333,19.603037357330322,364.68846021379744,81.41028000001097
mlp_qmix__N16__ring__seed6,mlp_qmix,coord_grid,6,3929,98250,140.0,25,0.22219541666666665,6.754787385463715,222.0193608601888,81.43021025002236
mlp_qmix__N16__ring__seed6,mlp_qmix,coord_grid,6,3930,98275,124.0,25,0.22199750000000007,13.025152703126272,140.7490437825521,81.45000254100887
mlp_qmix__N16__ring__seed6,mlp_qmix,coord_grid,6,3931,98300,52.0,25,0.22179958333333338,16.363392273585003,137.15542221069336,81.47022737498628
mlp_qmix__N16__ring__seed6,mlp_qmix,coord_grid,6,3932,98325,88.0,25,0.2216016666666667,14.748023441859655,278.0745255606515,81.49320595798781
mlp_qmix__N16__ring__seed6,mlp_qmix,coord_grid,6,3933,98350,108.0,25,0.22140375,23.488352874914806,203.6615161895752,81.5129439579905
mlp_qmix__N16__ring__seed6,mlp_qmix,coord_grid,6,3934,98375,155.0,25,0.22120583333333343,19.560681184132893,126.32822545369466,81.53261087503051
mlp_qmix__N16__ring__seed6,mlp_qmix,coord_grid,6,3935,98400,94.0,25,0.22100791666666675,8.130152622858683,159.07454427083334,81.55278554098913
mlp_qmix__N16__ring__seed6,mlp_qmix,coord_grid,6,3936,98425,100.0,25,0.22080999999999995,10.073491147586278,193.4167218889509,81.57509425003082
mlp_qmix__N16__ring__seed6,mlp_qmix,coord_grid,6,3937,98450,118.0,25,0.22061208333333338,16.554747660954792,192.4130605061849,81.5950992500293
mlp_qmix__N16__ring__seed6,mlp_qmix,coord_grid,6,3938,98475,198.0,25,0.2204141666666667,13.433423717816671,234.87089729309082,81.61473154101986
mlp_qmix__N16__ring__seed6,mlp_qmix,coord_grid,6,3939,98500,171.0,25,0.22021625,20.176397641499836,228.60466766357422,81.63474358298117
mlp_qmix__N16__ring__seed6,mlp_qmix,coord_grid,6,3940,98525,177.0,25,0.22001833333333343,11.630070158413478,232.27181461879186,81.65695029101335
mlp_qmix__N16__ring__seed6,mlp_qmix,coord_grid,6,3941,98550,154.0,25,0.21982041666666674,8.481809794902802,328.5065689086914,81.67656824999722
mlp_qmix__N16__ring__seed6,mlp_qmix,coord_grid,6,3942,98575,180.0,25,0.21962250000000005,12.412230332692465,385.29646428426105,81.69588070799364
mlp_qmix__N16__ring__seed6,mlp_qmix,coord_grid,6,3943,98600,119.0,25,0.21942458333333337,17.735049883524578,389.5635172526042,81.71606404101476
mlp_qmix__N16__ring__seed6,mlp_qmix,coord_grid,6,3944,98625,111.0,25,0.21922666666666668,16.844479935509817,388.14221627371654,81.74029537499882
mlp_qmix__N16__ring__seed6,mlp_qmix,coord_grid,6,3945,98650,112.0,25,0.21902875,14.732815821965536,375.4361979166667,81.76041691598948
mlp_qmix__N16__ring__seed6,mlp_qmix,coord_grid,6,3946,98675,84.0,25,0.2188308333333333,8.39733882745107,434.5443878173828,81.78038145799655
mlp_qmix__N16__ring__seed6,mlp_qmix,coord_grid,6,3947,98700,131.0,25,0.21863291666666673,18.047924200693767,426.2889912923177,81.80050612502964
mlp_qmix__N16__ring__seed6,mlp_qmix,coord_grid,6,3948,98725,126.0,25,0.21843500000000005,14.075153827667236,376.43875776018416,81.82282150001265
mlp_qmix__N16__ring__seed6,mlp_qmix,coord_grid,6,3949,98750,154.0,25,0.21823708333333336,16.34614924589793,407.99459584554035,81.84299345803447
mlp_qmix__N16__ring__seed6,mlp_qmix,coord_grid,6,3950,98775,164.0,25,0.21803916666666667,14.896329959233602,421.9665120442708,81.86444366601063
mlp_qmix__N16__ring__seed6,mlp_qmix,coord_grid,6,3951,98800,162.0,25,0.2178412500000001,15.059276024500528,439.5343602498372,81.88450379099231
mlp_qmix__N16__ring__seed6,mlp_qmix,coord_grid,6,3952,98825,159.0,25,0.2176433333333334,19.81737184524536,407.9244188581194,81.90686791599728
mlp_qmix__N16__ring__seed6,mlp_qmix,coord_grid,6,3953,98850,114.0,25,0.2174454166666666,9.199330051740011,375.4450098673503,81.92689975001849
mlp_qmix__N16__ring__seed6,mlp_qmix,coord_grid,6,3954,98875,115.0,25,0.21724750000000004,17.76151506106059,398.1673762003581,81.94673312501982
mlp_qmix__N16__ring__seed6,mlp_qmix,coord_grid,6,3955,98900,97.0,25,0.21704958333333335,17.69249951839447,379.4198939005534,81.96670458302833
mlp_qmix__N16__ring__seed6,mlp_qmix,coord_grid,6,3956,98925,150.0,25,0.21685166666666666,19.898771626608713,344.2834151131766,81.98990650003543
mlp_qmix__N16__ring__seed6,mlp_qmix,coord_grid,6,3957,98950,155.0,25,0.2166537500000001,10.745043635368347,351.22571818033856,82.01036025001667
mlp_qmix__N16__ring__seed6,mlp_qmix,coord_grid,6,3958,98975,161.0,25,0.2164558333333334,9.859130799770355,121.9813798268636,82.0304330830113
mlp_qmix__N16__ring__seed6,mlp_qmix,coord_grid,6,3959,99000,153.0,25,0.21625791666666672,9.852683305740356,123.9191296895345,82.05028779100394
mlp_qmix__N16__ring__seed6,mlp_qmix,coord_grid,6,3960,99025,138.0,25,0.21606000000000003,11.481027603149414,124.24522399902344,82.07390266598668
mlp_qmix__N16__ring__seed6,mlp_qmix,coord_grid,6,3961,99050,100.0,25,0.21586208333333345,13.193234304587046,106.81061744689941,82.09406595799373
mlp_qmix__N16__ring__seed6,mlp_qmix,coord_grid,6,3962,99075,188.0,25,0.21566416666666666,14.994373758633932,208.79752095540366,82.11406920803711
mlp_qmix__N16__ring__seed6,mlp_qmix,coord_grid,6,3963,99100,157.0,25,0.21546624999999997,14.400664528210958,326.9622548421224,82.1342505000066
mlp_qmix__N16__ring__seed6,mlp_qmix,coord_grid,6,3964,99125,157.0,25,0.2152683333333334,17.609552604811533,399.7291521344866,82.1565206249943
mlp_qmix__N16__ring__seed6,mlp_qmix,coord_grid,6,3965,99150,174.0,25,0.2150704166666667,18.487896064917248,241.5469716389974,82.17727550002746
mlp_qmix__N16__ring__seed6,mlp_qmix,coord_grid,6,3966,99175,158.0,25,0.21487250000000002,21.614836533864338,114.7483901977539,82.19877754099434
mlp_qmix__N16__ring__seed6,mlp_qmix,coord_grid,6,3967,99200,133.0,25,0.21467458333333334,11.637848317623138,186.3444118499756,82.21926558302948
mlp_qmix__N16__ring__seed6,mlp_qmix,coord_grid,6,3968,99225,151.0,25,0.21447666666666676,14.733668054853167,259.48900822230746,82.24192150001181
mlp_qmix__N16__ring__seed6,mlp_qmix,coord_grid,6,3969,99250,138.0,25,0.21427875000000007,11.927046855290731,165.69936815897623,82.26314891601214
mlp_qmix__N16__ring__seed6,mlp_qmix,coord_grid,6,3970,99275,124.0,25,0.2140808333333334,15.126141866048178,204.58772659301758,82.28341170802014
mlp_qmix__N16__ring__seed6,mlp_qmix,coord_grid,6,3971,99300,154.0,25,0.2138829166666667,13.547353188196817,284.3746229807536,82.30380229098955
mlp_qmix__N16__ring__seed6,mlp_qmix,coord_grid,6,3972,99325,171.0,25,0.213685,19.624489205224172,347.60719462803434,82.32588025002042
mlp_qmix__N16__ring__seed6,mlp_qmix,coord_grid,6,3973,99350,197.0,25,0.21348708333333333,13.688610851764679,283.97890218098956,82.34590020799078
mlp_qmix__N16__ring__seed6,mlp_qmix,coord_grid,6,3974,99375,179.0,25,0.21328916666666675,17.160221477349598,334.4752705891927,82.3654199159937
mlp_qmix__N16__ring__seed6,mlp_qmix,coord_grid,6,3975,99400,114.0,25,0.21309125000000007,10.098756591478983,283.6969216664632,82.38579429098172
mlp_qmix__N16__ring__seed6,mlp_qmix,coord_grid,6,3976,99425,188.0,25,0.21289333333333338,17.152235984802246,376.09888131277904,82.40827175002778
mlp_qmix__N16__ring__seed6,mlp_qmix,coord_grid,6,3977,99450,185.0,25,0.2126954166666667,13.75275351603826,221.2028268178304,82.42791941598989
mlp_qmix__N16__ring__seed6,mlp_qmix,coord_grid,6,3978,99475,110.0,25,0.21249750000000012,15.44638999303182,290.2593803405762,82.44831095798872
mlp_qmix__N16__ring__seed6,mlp_qmix,coord_grid,6,3979,99500,142.0,25,0.21229958333333332,17.10499308506648,252.1962973276774,82.46905758301727
mlp_qmix__N16__ring__seed6,mlp_qmix,coord_grid,6,3980,99525,166.0,25,0.21210166666666663,27.990322487694876,146.41108322143555,82.4913074580254
mlp_qmix__N16__ring__seed6,mlp_qmix,coord_grid,6,3981,99550,150.0,25,0.21190375000000006,14.144720474878946,348.85129737854004,82.51117679098388
mlp_qmix__N16__ring__seed6,mlp_qmix,coord_grid,6,3982,99575,108.0,25,0.21170583333333337,9.012386282285055,335.0515836079915,82.53126991598401
mlp_qmix__N16__ring__seed6,mlp_qmix,coord_grid,6,3983,99600,138.0,25,0.21150791666666668,15.905965268611908,337.77526728312176,82.5510775410221
mlp_qmix__N16__ring__seed6,mlp_qmix,coord_grid,6,3984,99625,160.0,25,0.21131,17.118195056915283,291.7590498243059,82.57363916601753
mlp_qmix__N16__ring__seed6,mlp_qmix,coord_grid,6,3985,99650,147.0,25,0.21111208333333342,25.845347086588543,184.84262466430664,82.59368504100712
mlp_qmix__N16__ring__seed6,mlp_qmix,coord_grid,6,3986,99675,123.0,25,0.21091416666666674,15.755126734574636,296.50190989176434,82.61360229103593
mlp_qmix__N16__ring__seed6,mlp_qmix,coord_grid,6,3987,99700,156.0,25,0.21071625000000005,17.40784188111623,266.24578348795575,82.63322008302202
mlp_qmix__N16__ring__seed6,mlp_qmix,coord_grid,6,3988,99725,157.0,25,0.21051833333333336,19.9748318535941,380.8282034737723,82.65549283300061
mlp_qmix__N16__ring__seed6,mlp_qmix,coord_grid,6,3989,99750,126.0,25,0.21032041666666668,21.55277220408122,387.76282501220703,82.6759317080141
mlp_qmix__N16__ring__seed6,mlp_qmix,coord_grid,6,3990,99775,147.0,25,0.2101225,19.020640691121418,417.17466163635254,82.695909416012
mlp_qmix__N16__ring__seed6,mlp_qmix,coord_grid,6,3991,99800,118.0,25,0.2099245833333333,17.252243439356487,435.99350992838544,82.71600537502673
mlp_qmix__N16__ring__seed6,mlp_qmix,coord_grid,6,3992,99825,124.0,25,0.20972666666666673,25.86862277984619,350.4310869489397,82.73846570798196
mlp_qmix__N16__ring__seed6,mlp_qmix,coord_grid,6,3993,99850,131.0,25,0.20952875000000004,12.233466267585754,359.8249206542969,82.75798100000247
mlp_qmix__N16__ring__seed6,mlp_qmix,coord_grid,6,3994,99875,135.0,25,0.20933083333333335,14.122749586900076,248.31382433573404,82.77782095799921
mlp_qmix__N16__ring__seed6,mlp_qmix,coord_grid,6,3995,99900,197.0,25,0.20913291666666678,17.039407690366108,215.56643040974936,82.79799808299867
mlp_qmix__N16__ring__seed6,mlp_qmix,coord_grid,6,3996,99925,176.0,25,0.2089350000000001,19.001107249941146,182.90830448695593,82.81999799999176
mlp_qmix__N16__ring__seed6,mlp_qmix,coord_grid,6,3997,99950,140.0,25,0.2087370833333333,20.8348495165507,287.28428141276044,82.83998562500346
mlp_qmix__N16__ring__seed6,mlp_qmix,coord_grid,6,3998,99975,111.0,25,0.20853916666666672,8.706661383310953,255.91715367635092,82.85997420799686
mlp_qmix__N16__ring__seed6,mlp_qmix,coord_grid,6,3999,100000,140.0,25,0.20834125000000003,6.731823066870372,180.2275161743164,82.88004766602535
mlp_qmix__N16__ring__seed6,mlp_qmix,coord_grid,6,4000,100025,95.0,25,0.20814333333333335,13.513605526515416,222.5381840297154,82.90253050002502
mlp_qmix__N16__ring__seed6,mlp_qmix,coord_grid,6,4001,100050,123.0,25,0.20794541666666666,15.24047346909841,236.1935691833496,82.92236191598931
mlp_qmix__N16__ring__seed6,mlp_qmix,coord_grid,6,4002,100075,227.0,25,0.20774750000000008,22.207231203715008,253.06723912556967,82.94224270799896
mlp_qmix__N16__ring__seed6,mlp_qmix,coord_grid,6,4003,100100,197.0,25,0.2075495833333334,10.185789207617441,172.03112888336182,82.96221004100516
mlp_qmix__N16__ring__seed6,mlp_qmix,coord_grid,6,4004,100125,171.0,25,0.2073516666666667,22.73818370274135,308.2095217023577,82.9846386249992
mlp_qmix__N16__ring__seed6,mlp_qmix,coord_grid,6,4005,100150,89.0,25,0.20715375000000003,12.601505875587463,318.87318420410156,83.00539191602729
mlp_qmix__N16__ring__seed6,mlp_qmix,coord_grid,6,4006,100175,154.0,25,0.20695583333333334,25.475779116153717,107.52060445149739,83.02561908302596
mlp_qmix__N16__ring__seed6,mlp_qmix,coord_grid,6,4007,100200,109.0,25,0.20675791666666665,15.42514075835546,216.7573610941569,83.04575070802821
mlp_qmix__N16__ring__seed6,mlp_qmix,coord_grid,6,4008,100225,156.0,25,0.20655999999999997,21.116329261234828,438.5364205496652,83.06755058298586
mlp_qmix__N16__ring__seed6,mlp_qmix,coord_grid,6,4009,100250,172.0,25,0.2063620833333334,13.605557839075724,132.86178906758627,83.08720058301697
mlp_qmix__N16__ring__seed6,mlp_qmix,coord_grid,6,4010,100275,172.0,25,0.2061641666666667,15.391590674718222,138.03081258138022,83.10705691599287
mlp_qmix__N16__ring__seed6,mlp_qmix,coord_grid,6,4011,100300,198.0,25,0.20596625000000002,12.872177203496298,393.7504704793294,83.12715245800791
mlp_qmix__N16__ring__seed6,mlp_qmix,coord_grid,6,4012,100325,124.0,25,0.20576833333333344,15.290190969194684,250.78236716134208,83.14945820800494
mlp_qmix__N16__ring__seed6,mlp_qmix,coord_grid,6,4013,100350,183.0,25,0.20557041666666676,8.762131790320078,242.2833569844564,83.16957112500677
mlp_qmix__N16__ring__seed6,mlp_qmix,coord_grid,6,4014,100375,128.0,25,0.20537249999999996,16.178136626879375,339.4828275044759,83.18963391601574
mlp_qmix__N16__ring__seed6,mlp_qmix,coord_grid,6,4015,100400,139.0,25,0.20517458333333338,11.977108558019003,217.88373565673828,83.20983754098415
mlp_qmix__N16__ring__seed6,mlp_qmix,coord_grid,6,4016,100425,166.0,25,0.2049766666666667,18.16870301110404,222.7525122506278,83.23232704098336
mlp_qmix__N16__ring__seed6,mlp_qmix,coord_grid,6,4017,100450,180.0,25,0.20477875,14.545335332552591,350.8259086608887,83.25228729099035
mlp_qmix__N16__ring__seed6,mlp_qmix,coord_grid,6,4018,100475,77.0,25,0.20458083333333332,15.349604407946268,196.33099110921225,83.27258558303583
mlp_qmix__N16__ring__seed6,mlp_qmix,coord_grid,6,4019,100500,169.0,25,0.20438291666666675,20.764516234397888,195.70222091674805,83.2925133749959
mlp_qmix__N16__ring__seed6,mlp_qmix,coord_grid,6,4020,100525,136.0,25,0.20418500000000006,15.230973482131958,288.9169921875,83.31496250000782
mlp_qmix__N16__ring__seed6,mlp_qmix,coord_grid,6,4021,100550,109.0,25,0.20398708333333337,21.620965401331585,406.2670504252116,83.33482925000135
mlp_qmix__N16__ring__seed6,mlp_qmix,coord_grid,6,4022,100575,108.0,25,0.2037891666666668,21.989739457766216,425.1919530232747,83.35459975001868
mlp_qmix__N16__ring__seed6,mlp_qmix,coord_grid,6,4023,100600,110.0,25,0.20359125,14.036752919356028,332.2904968261719,83.37452520802617
mlp_qmix__N16__ring__seed6,mlp_qmix,coord_grid,6,4024,100625,122.0,25,0.20339333333333331,10.725865057536534,230.75905282156808,83.39865704101976
mlp_qmix__N16__ring__seed6,mlp_qmix,coord_grid,6,4025,100650,201.0,25,0.20319541666666663,23.84113089243571,403.42420196533203,83.4185726250289
mlp_qmix__N16__ring__seed6,mlp_qmix,coord_grid,6,4026,100675,185.0,25,0.20299750000000005,13.42522637049357,411.9770088195801,83.43852670799242
mlp_qmix__N16__ring__seed6,mlp_qmix,coord_grid,6,4027,100700,217.0,25,0.20279958333333337,10.027691622575125,449.3480173746745,83.45867695799097
mlp_qmix__N16__ring__seed6,mlp_qmix,coord_grid,6,4028,100725,137.0,25,0.20260166666666668,7.732465812138149,460.855954851423,83.48093145800522
mlp_qmix__N16__ring__seed6,mlp_qmix,coord_grid,6,4029,100750,109.0,25,0.2024037500000001,11.203443348407745,328.59808413187665,83.5007985830307
mlp_qmix__N16__ring__seed6,mlp_qmix,coord_grid,6,4030,100775,183.0,25,0.20220583333333342,13.79676866531372,162.37391726175943,83.52081066602841
mlp_qmix__N16__ring__seed6,mlp_qmix,coord_grid,6,4031,100800,159.0,25,0.20200791666666673,25.726110021273296,212.57705688476562,83.54097045800881
mlp_qmix__N16__ring__seed6,mlp_qmix,coord_grid,6,4032,100825,166.0,25,0.20181000000000004,13.374162895338875,127.09018434797015,83.56326079100836
mlp_qmix__N16__ring__seed6,mlp_qmix,coord_grid,6,4033,100850,201.0,25,0.20161208333333336,18.72016179561615,209.30448786417642,83.58361704100389
mlp_qmix__N16__ring__seed6,mlp_qmix,coord_grid,6,4034,100875,172.0,25,0.20141416666666667,12.016803681850433,136.01670710245767,83.60362641600659
mlp_qmix__N16__ring__seed6,mlp_qmix,coord_grid,6,4035,100900,134.0,25,0.20121624999999999,12.402899146080017,289.8713843027751,83.62367258302402
mlp_qmix__N16__ring__seed6,mlp_qmix,coord_grid,6,4036,100925,181.0,25,0.2010183333333334,21.11459629876273,278.45753696986606,83.64608404098544
mlp_qmix__N16__ring__seed6,mlp_qmix,coord_grid,6,4037,100950,150.0,25,0.20082041666666672,11.800376494725546,399.79015350341797,83.66604887502035
mlp_qmix__N16__ring__seed6,mlp_qmix,coord_grid,6,4038,100975,190.0,25,0.20062250000000004,15.016533772150675,378.72516377766925,83.68597779102856
mlp_qmix__N16__ring__seed6,mlp_qmix,coord_grid,6,4039,101000,136.0,25,0.20042458333333346,13.275105913480123,376.5813738505046,83.70638183300616
mlp_qmix__N16__ring__seed6,mlp_qmix,coord_grid,6,4040,101025,141.0,25,0.20022666666666666,23.934661184038436,450.75579833984375,83.72869412502041
mlp_qmix__N16__ring__seed6,mlp_qmix,coord_grid,6,4041,101050,204.0,25,0.20002874999999998,10.337264239788055,257.43325996398926,83.74845045799157
mlp_qmix__N16__ring__seed6,mlp_qmix,coord_grid,6,4042,101075,161.0,25,0.1998308333333333,10.195058445135752,188.08381366729736,83.76938037498621
mlp_qmix__N16__ring__seed6,mlp_qmix,coord_grid,6,4043,101100,162.0,25,0.19963291666666672,25.99280909697215,223.17072041829428,83.78929745801724
mlp_qmix__N16__ring__seed6,mlp_qmix,coord_grid,6,4044,101125,163.0,25,0.19943500000000003,13.529303925377983,303.2858210972377,83.8118288749829
mlp_qmix__N16__ring__seed6,mlp_qmix,coord_grid,6,4045,101150,161.0,25,0.19923708333333334,16.975661277770996,108.84655888875325,83.8317722909851
mlp_qmix__N16__ring__seed6,mlp_qmix,coord_grid,6,4046,101175,186.0,25,0.19903916666666677,20.852389971415203,273.13727315266925,83.85188758303411
mlp_qmix__N16__ring__seed6,mlp_qmix,coord_grid,6,4047,101200,149.0,25,0.19884125000000008,10.203187346458435,192.43879826863608,83.87158141599502
mlp_qmix__N16__ring__seed6,mlp_qmix,coord_grid,6,4048,101225,205.0,25,0.1986433333333334,21.329965012414114,371.23975045340404,83.89394933299627
mlp_qmix__N16__ring__seed6,mlp_qmix,coord_grid,6,4049,101250,140.0,25,0.1984454166666667,6.07908680041631,387.68225288391113,83.91384466603631
mlp_qmix__N16__ring__seed6,mlp_qmix,coord_grid,6,4050,101275,119.0,25,0.19824750000000002,12.510966221491495,362.463129679362,83.93408141599502
mlp_qmix__N16__ring__seed6,mlp_qmix,coord_grid,6,4051,101300,105.0,25,0.19804958333333333,14.116808195908865,283.0528284708659,83.9537185410154
mlp_qmix__N16__ring__seed6,mlp_qmix,coord_grid,6,4052,101325,131.0,25,0.19785166666666665,8.055528402328491,352.0672182355608,83.97688675002428
mlp_qmix__N16__ring__seed6,mlp_qmix,coord_grid,6,4053,101350,97.0,25,0.19765375000000007,12.51835564772288,323.3200276692708,83.99644141603494
mlp_qmix__N16__ring__seed6,mlp_qmix,coord_grid,6,4054,101375,102.0,25,0.19745583333333339,10.245160420735678,237.59913317362467,84.01636866602348
mlp_qmix__N16__ring__seed6,mlp_qmix,coord_grid,6,4055,101400,217.0,25,0.1972579166666667,15.184152444203695,184.4998598098755,84.03650254098466
mlp_qmix__N16__ring__seed6,mlp_qmix,coord_grid,6,4056,101425,184.0,25,0.19706000000000012,13.624765464237758,299.23659569876537,84.05897737498162
mlp_qmix__N16__ring__seed6,mlp_qmix,coord_grid,6,4057,101450,165.0,25,0.19686208333333344,15.62332558631897,191.51451365152994,84.07893912500003
mlp_qmix__N16__ring__seed6,mlp_qmix,coord_grid,6,4058,101475,208.0,25,0.19666416666666664,7.574668765068054,397.86570739746094,84.09853720798856
mlp_qmix__N16__ring__seed6,mlp_qmix,coord_grid,6,4059,101500,162.0,25,0.19646624999999995,14.167644063631693,316.6949234008789,84.11823725001886
mlp_qmix__N16__ring__seed6,mlp_qmix,coord_grid,6,4060,101525,114.0,25,0.19626833333333338,13.52826966558184,250.12757437569755,84.14018354099244
mlp_qmix__N16__ring__seed6,mlp_qmix,coord_grid,6,4061,101550,164.0,25,0.1960704166666667,21.683095653851826,380.59240595499676,84.15992695803288
mlp_qmix__N16__ring__seed6,mlp_qmix,coord_grid,6,4062,101575,124.0,25,0.1958725,31.457252343495686,332.82117589314777,84.17981250002049
mlp_qmix__N16__ring__seed6,mlp_qmix,coord_grid,6,4063,101600,123.0,25,0.19567458333333343,17.481492241223652,335.8698393503825,84.19933825003682
mlp_qmix__N16__ring__seed6,mlp_qmix,coord_grid,6,4064,101625,168.0,25,0.19547666666666674,11.809900505202156,128.11711284092493,84.2213300410076
mlp_qmix__N16__ring__seed6,mlp_qmix,coord_grid,6,4065,101650,191.0,25,0.19527875000000006,14.368790825208029,361.64718373616535,84.24111166602233
mlp_qmix__N16__ring__seed6,mlp_qmix,coord_grid,6,4066,101675,188.0,25,0.19508083333333337,13.73248686393102,261.9497489929199,84.2607066250057
mlp_qmix__N16__ring__seed6,mlp_qmix,coord_grid,6,4067,101700,150.0,25,0.19488291666666668,6.8598881761233015,166.8456827799479,84.2818989160005
mlp_qmix__N16__ring__seed6,mlp_qmix,coord_grid,6,4068,101725,237.0,25,0.194685,19.23660625730242,168.32519258771623,84.30796541599557
mlp_qmix__N16__ring__seed6,mlp_qmix,coord_grid,6,4069,101750,133.0,25,0.1944870833333333,17.301785171031952,218.42717043558756,84.32907220802736
mlp_qmix__N16__ring__seed6,mlp_qmix,coord_grid,6,4070,101775,198.0,25,0.19428916666666673,13.82770303885142,252.5848128000895,84.34940041601658
mlp_qmix__N16__ring__seed6,mlp_qmix,coord_grid,6,4071,101800,180.0,25,0.19409125000000005,33.16419792175293,311.17553838094074,84.36958820803557
mlp_qmix__N16__ring__seed6,mlp_qmix,coord_grid,6,4072,101825,171.0,25,0.19389333333333336,21.012851851327078,443.93265642438615,84.39297804102534
mlp_qmix__N16__ring__seed6,mlp_qmix,coord_grid,6,4073,101850,225.0,25,0.1936954166666668,23.249168078104656,324.36162694295246,84.41291920799995
mlp_qmix__N16__ring__seed6,mlp_qmix,coord_grid,6,4074,101875,218.0,25,0.1934975000000001,18.110455473264057,408.8209940592448,84.43283520801924
mlp_qmix__N16__ring__seed6,mlp_qmix,coord_grid,6,4075,101900,109.0,25,0.1932995833333333,13.971641500790914,235.54044342041016,84.45294141600607
mlp_qmix__N16__ring__seed6,mlp_qmix,coord_grid,6,4076,101925,145.0,25,0.19310166666666662,18.235210725239344,218.94717952183314,84.4753141659894
mlp_qmix__N16__ring__seed6,mlp_qmix,coord_grid,6,4077,101950,243.0,25,0.19290375000000004,12.049138605594635,205.167724609375,84.49544504098594
mlp_qmix__N16__ring__seed6,mlp_qmix,coord_grid,6,4078,101975,162.0,25,0.19270583333333335,17.521037101745605,257.1118634541829,84.51578141603386
mlp_qmix__N16__ring__seed6,mlp_qmix,coord_grid,6,4079,102000,175.0,25,0.19250791666666667,19.068171819051106,245.24771118164062,84.53570675000083
mlp_qmix__N16__ring__seed6,mlp_qmix,coord_grid,6,4080,102025,168.0,25,0.1923100000000001,9.014441881861005,172.79305485316686,84.55947974999435
mlp_qmix__N16__ring__seed6,mlp_qmix,coord_grid,6,4081,102050,193.0,25,0.1921120833333334,15.468528628349304,168.41144816080728,84.57981512503466
mlp_qmix__N16__ring__seed6,mlp_qmix,coord_grid,6,4082,102075,146.0,25,0.19191416666666672,14.34520024061203,246.785914738973,84.59966350003378
mlp_qmix__N16__ring__seed6,mlp_qmix,coord_grid,6,4083,102100,191.0,25,0.19171625000000003,12.3083283106486,299.22752888997394,84.61961187503766
mlp_qmix__N16__ring__seed6,mlp_qmix,coord_grid,6,4084,102125,212.0,25,0.19151833333333335,20.58589611734663,359.0956464494978,84.64231537503656
mlp_qmix__N16__ring__seed6,mlp_qmix,coord_grid,6,4085,102150,135.0,25,0.19132041666666666,12.246034542719523,281.65552775065106,84.66228858300019
mlp_qmix__N16__ring__seed6,mlp_qmix,coord_grid,6,4086,102175,192.0,25,0.19112249999999997,12.655818859736124,266.4788564046224,84.68236045801314
mlp_qmix__N16__ring__seed6,mlp_qmix,coord_grid,6,4087,102200,165.0,25,0.1909245833333334,20.502058664957683,389.5591417948405,84.7028824579902
mlp_qmix__N16__ring__seed6,mlp_qmix,coord_grid,6,4088,102225,116.0,25,0.1907266666666667,16.481739010129655,445.0790361676897,84.72596683300799
mlp_qmix__N16__ring__seed6,mlp_qmix,coord_grid,6,4089,102250,139.0,25,0.19052875000000002,8.654843409856161,450.3780822753906,84.74585829098942
mlp_qmix__N16__ring__seed6,mlp_qmix,coord_grid,6,4090,102275,191.0,25,0.19033083333333345,16.719768285751343,430.2886606852214,84.76596200000495
mlp_qmix__N16__ring__seed6,mlp_qmix,coord_grid,6,4091,102300,205.0,25,0.19013291666666676,16.59791322549184,378.9254430135091,84.78615487500792
mlp_qmix__N16__ring__seed6,mlp_qmix,coord_grid,6,4092,102325,195.0,25,0.18993500000000008,16.57578945159912,467.30211094447543,84.80829225003254
mlp_qmix__N16__ring__seed6,mlp_qmix,coord_grid,6,4093,102350,206.0,25,0.18973708333333328,20.277042468388874,448.79759852091473,84.82826841599308
mlp_qmix__N16__ring__seed6,mlp_qmix,coord_grid,6,4094,102375,123.0,25,0.1895391666666667,18.453705469767254,417.9300842285156,84.84810283302795
mlp_qmix__N16__ring__seed6,mlp_qmix,coord_grid,6,4095,102400,126.0,25,0.18934125000000002,19.790430585543316,352.5588499704997,84.86800791602582
mlp_qmix__N16__ring__seed6,mlp_qmix,coord_grid,6,4096,102425,121.0,25,0.18914333333333333,13.800363949366979,195.7353640965053,84.89020558301127
mlp_qmix__N16__ring__seed6,mlp_qmix,coord_grid,6,4097,102450,191.0,25,0.18894541666666675,21.7965513865153,400.58598200480145,84.9114312910242
mlp_qmix__N16__ring__seed6,mlp_qmix,coord_grid,6,4098,102475,176.0,25,0.18874750000000007,8.650353272755941,162.45756022135416,84.93130283302162
mlp_qmix__N16__ring__seed6,mlp_qmix,coord_grid,6,4099,102500,125.0,25,0.18854958333333338,25.85621456305186,171.13519350687662,84.951637457998
mlp_qmix__N16__ring__seed6,mlp_qmix,coord_grid,6,4100,102525,180.0,25,0.1883516666666667,11.170435803277153,365.4647129603795,84.9739665830275
mlp_qmix__N16__ring__seed6,mlp_qmix,coord_grid,6,4101,102550,143.0,25,0.18815375,7.3974917729695635,306.8045705159505,84.99391712498618
mlp_qmix__N16__ring__seed6,mlp_qmix,coord_grid,6,4102,102575,162.0,25,0.18795583333333332,13.9858078956604,135.26519902547201,85.0139717910206
mlp_qmix__N16__ring__seed6,mlp_qmix,coord_grid,6,4103,102600,237.0,25,0.18775791666666664,12.354214052359263,253.36667760213217,85.0341743750032
mlp_qmix__N16__ring__seed6,mlp_qmix,coord_grid,6,4104,102625,180.0,25,0.18756000000000006,10.315275294440132,386.4309114728655,85.0568970409804
mlp_qmix__N16__ring__seed6,mlp_qmix,coord_grid,6,4105,102650,192.0,25,0.18736208333333337,8.934164583683014,299.264923731486,85.07675045798533
mlp_qmix__N16__ring__seed6,mlp_qmix,coord_grid,6,4106,102675,130.0,25,0.1871641666666667,19.611679593722027,307.7369321187337,85.09613387502031
mlp_qmix__N16__ring__seed6,mlp_qmix,coord_grid,6,4107,102700,115.0,25,0.1869662500000001,14.186973015467325,235.5443344116211,85.1161319160019
mlp_qmix__N16__ring__seed6,mlp_qmix,coord_grid,6,4108,102725,164.0,25,0.18676833333333343,13.807261432920184,189.10044751848494,85.13843341602478
mlp_qmix__N16__ring__seed6,mlp_qmix,coord_grid,6,4109,102750,168.0,25,0.18657041666666674,8.80373771985372,183.22053146362305,85.15847195801325
mlp_qmix__N16__ring__seed6,mlp_qmix,coord_grid,6,4110,102775,102.0,25,0.18637249999999994,19.402677694956463,171.02074178059897,85.17837608302943
mlp_qmix__N16__ring__seed6,mlp_qmix,coord_grid,6,4111,102800,151.0,25,0.18617458333333337,14.956339200337728,300.09624099731445,85.19866950000869
mlp_qmix__N16__ring__seed6,mlp_qmix,coord_grid,6,4112,102825,232.0,25,0.18597666666666668,14.63902017048427,342.2318442208426,85.2209827080369
mlp_qmix__N16__ring__seed6,mlp_qmix,coord_grid,6,4113,102850,221.0,25,0.18577875,14.254250804583231,273.0424041748047,85.24116824998055
mlp_qmix__N16__ring__seed6,mlp_qmix,coord_grid,6,4114,102875,240.0,25,0.18558083333333342,13.129108111063639,379.0328509012858,85.26104891602881
mlp_qmix__N16__ring__seed6,mlp_qmix,coord_grid,6,4115,102900,213.0,25,0.18538291666666673,14.504498958587646,284.4453601837158,85.28083170799073
mlp_qmix__N16__ring__seed6,mlp_qmix,coord_grid,6,4116,102925,160.0,25,0.18518500000000004,18.948032106672013,390.01159232003346,85.30307070800336
mlp_qmix__N16__ring__seed6,mlp_qmix,coord_grid,6,4117,102950,181.0,25,0.18498708333333336,14.640497386455536,351.4791793823242,85.32284737500595
mlp_qmix__N16__ring__seed6,mlp_qmix,coord_grid,6,4118,102975,194.0,25,0.18478916666666678,14.742544929186503,344.58302815755206,85.34236383298412
mlp_qmix__N16__ring__seed6,mlp_qmix,coord_grid,6,4119,103000,182.0,25,0.18459124999999998,12.974970559279123,360.49710337320965,85.36253670800943
mlp_qmix__N16__ring__seed6,mlp_qmix,coord_grid,6,4120,103025,193.0,25,0.1843933333333333,16.76846901008061,153.01563426426478,85.38486483303132
mlp_qmix__N16__ring__seed6,mlp_qmix,coord_grid,6,4121,103050,187.0,25,0.18419541666666672,16.095048268636067,270.86015701293945,85.4048710410134
mlp_qmix__N16__ring__seed6,mlp_qmix,coord_grid,6,4122,103075,230.0,25,0.18399750000000004,14.025062044461569,234.5723737080892,85.42475499998545
mlp_qmix__N16__ring__seed6,mlp_qmix,coord_grid,6,4123,103100,171.0,25,0.18379958333333335,12.515428125858307,263.94421513875324,85.44448158302112
mlp_qmix__N16__ring__seed6,mlp_qmix,coord_grid,6,4124,103125,149.0,25,0.18360166666666677,9.747401339667183,265.732410975865,85.46656045800773
mlp_qmix__N16__ring__seed6,mlp_qmix,coord_grid,6,4125,103150,158.0,25,0.1834037500000001,17.626311143239338,210.97078959147134,85.48664091603132
mlp_qmix__N16__ring__seed6,mlp_qmix,coord_grid,6,4126,103175,243.0,25,0.1832058333333334,8.653771221637726,219.2945925394694,85.50638916599564
mlp_qmix__N16__ring__seed6,mlp_qmix,coord_grid,6,4127,103200,215.0,25,0.18300791666666671,19.948562304178875,333.3739706675212,85.52713008300634
mlp_qmix__N16__ring__seed6,mlp_qmix,coord_grid,6,4128,103225,198.0,25,0.18281000000000003,17.563415220805577,324.00770895821705,85.54959879099624
mlp_qmix__N16__ring__seed6,mlp_qmix,coord_grid,6,4129,103250,130.0,25,0.18261208333333334,14.591308454672495,408.65135955810547,85.57083445799071
mlp_qmix__N16__ring__seed6,mlp_qmix,coord_grid,6,4130,103275,118.0,25,0.18241416666666666,11.093735416730246,343.7913347880046,85.59082454099553
mlp_qmix__N16__ring__seed6,mlp_qmix,coord_grid,6,4131,103300,158.0,25,0.18221625000000008,27.153024832407635,404.37796783447266,85.61114558298141
mlp_qmix__N16__ring__seed6,mlp_qmix,coord_grid,6,4132,103325,211.0,25,0.1820183333333334,12.621554476874215,281.98932211739674,85.63343175000045
mlp_qmix__N16__ring__seed6,mlp_qmix,coord_grid,6,4133,103350,107.0,25,0.1818204166666667,15.741760929425558,177.87170918782553,85.65319325000746
mlp_qmix__N16__ring__seed6,mlp_qmix,coord_grid,6,4134,103375,138.0,25,0.18162250000000002,15.583915452162424,137.11511039733887,85.67312012502225
mlp_qmix__N16__ring__seed6,mlp_qmix,coord_grid,6,4135,103400,98.0,25,0.18142458333333344,23.386036078135174,205.4753278096517,85.69279150001239
mlp_qmix__N16__ring__seed6,mlp_qmix,coord_grid,6,4136,103425,217.0,25,0.18122666666666665,18.82363373892648,475.25647408621654,85.71524120803224
mlp_qmix__N16__ring__seed6,mlp_qmix,coord_grid,6,4137,103450,115.0,25,0.18102874999999996,17.725981454054516,440.56385040283203,85.73550158302533
mlp_qmix__N16__ring__seed6,mlp_qmix,coord_grid,6,4138,103475,212.0,25,0.18083083333333339,20.16875473658244,309.2128715515137,85.75565683300374
mlp_qmix__N16__ring__seed6,mlp_qmix,coord_grid,6,4139,103500,226.0,25,0.1806329166666667,20.675255457560223,415.9991277058919,85.77582141599851
mlp_qmix__N16__ring__seed6,mlp_qmix,coord_grid,6,4140,103525,127.0,25,0.180435,20.21355015890939,242.3860593523298,85.79777524998644
mlp_qmix__N16__ring__seed6,mlp_qmix,coord_grid,6,4141,103550,182.0,25,0.18023708333333333,17.893518030643463,215.01429303487143,85.81781541602686
mlp_qmix__N16__ring__seed6,mlp_qmix,coord_grid,6,4142,103575,125.0,25,0.18003916666666675,21.50013569990794,211.14715067545572,85.83795908303
mlp_qmix__N16__ring__seed6,mlp_qmix,coord_grid,6,4143,103600,147.0,25,0.17984125000000006,8.98899014790853,300.48011271158856,85.85764741600724
mlp_qmix__N16__ring__seed6,mlp_qmix,coord_grid,6,4144,103625,214.0,25,0.17964333333333338,16.995870658329554,208.67166791643416,85.8803087080014
mlp_qmix__N16__ring__seed6,mlp_qmix,coord_grid,6,4145,103650,216.0,25,0.1794454166666667,16.27137913306554,253.49368540445963,85.89989066601265
mlp_qmix__N16__ring__seed6,mlp_qmix,coord_grid,6,4146,103675,215.0,25,0.1792475,23.159990628560383,416.7099965413411,85.92015058302786
mlp_qmix__N16__ring__seed6,mlp_qmix,coord_grid,6,4147,103700,162.0,25,0.17904958333333332,12.365060647328695,461.6226437886556,85.93988454103237
mlp_qmix__N16__ring__seed6,mlp_qmix,coord_grid,6,4148,103725,210.0,25,0.17885166666666674,15.332548465047564,431.87145560128346,85.96225854102522
mlp_qmix__N16__ring__seed6,mlp_qmix,coord_grid,6,4149,103750,234.0,25,0.17865375000000006,13.91088080406189,422.7690124511719,85.98215187498135
mlp_qmix__N16__ring__seed6,mlp_qmix,coord_grid,6,4150,103775,244.0,25,0.17845583333333337,15.738507231076559,437.9885991414388,86.00213945802534
mlp_qmix__N16__ring__seed6,mlp_qmix,coord_grid,6,4151,103800,248.0,25,0.17825791666666668,17.235031366348267,407.6934127807617,86.02215874998365
mlp_qmix__N16__ring__seed6,mlp_qmix,coord_grid,6,4152,103825,183.0,25,0.1780600000000001,10.929550698825292,200.0122582571847,86.04416466603288
mlp_qmix__N16__ring__seed6,mlp_qmix,coord_grid,6,4153,103850,179.0,25,0.17786208333333342,12.544468601544699,156.35595512390137,86.06399150000652
mlp_qmix__N16__ring__seed6,mlp_qmix,coord_grid,6,4154,103875,197.0,25,0.17766416666666662,13.885984480381012,112.02274322509766,86.08356137498049
mlp_qmix__N16__ring__seed6,mlp_qmix,coord_grid,6,4155,103900,182.0,25,0.17746625000000005,19.902157564957935,275.3901875813802,86.10357929102611
mlp_qmix__N16__ring__seed6,mlp_qmix,coord_grid,6,4156,103925,195.0,25,0.17726833333333336,18.632170847484044,133.7784036908831,86.12652862502728
mlp_qmix__N16__ring__seed6,mlp_qmix,coord_grid,6,4157,103950,258.0,25,0.17707041666666667,14.928279757499695,315.9447708129883,86.14649066602578
mlp_qmix__N16__ring__seed6,mlp_qmix,coord_grid,6,4158,103975,192.0,25,0.1768725,17.48118742307027,453.3931350708008,86.16693254100392
mlp_qmix__N16__ring__seed6,mlp_qmix,coord_grid,6,4159,104000,95.0,25,0.1766745833333334,18.008532802263897,169.0260270436605,86.18695441598538
mlp_qmix__N16__ring__seed6,mlp_qmix,coord_grid,6,4160,104025,94.0,25,0.17647666666666673,15.564859083720616,152.80847930908203,86.20947308302857
mlp_qmix__N16__ring__seed6,mlp_qmix,coord_grid,6,4161,104050,249.0,25,0.17627875000000004,12.193652510643005,108.84735171000163,86.22943679103628
mlp_qmix__N16__ring__seed6,mlp_qmix,coord_grid,6,4162,104075,190.0,25,0.17608083333333335,19.85274855295817,169.31827036539713,86.24898629100062
mlp_qmix__N16__ring__seed6,mlp_qmix,coord_grid,6,4163,104100,156.0,25,0.17588291666666667,10.511518518129984,152.61799303690592,86.26888645801228
mlp_qmix__N16__ring__seed6,mlp_qmix,coord_grid,6,4164,104125,249.0,25,0.17568499999999998,16.822357961109706,111.40992300851005,86.29110141599085
mlp_qmix__N16__ring__seed6,mlp_qmix,coord_grid,6,4165,104150,124.0,25,0.1754870833333334,17.951650540033977,303.46616808573407,86.31118279101793
mlp_qmix__N16__ring__seed6,mlp_qmix,coord_grid,6,4166,104175,149.0,25,0.17528916666666672,8.695973515510559,116.64372380574544,86.3308404579875
mlp_qmix__N16__ring__seed6,mlp_qmix,coord_grid,6,4167,104200,196.0,25,0.17509125000000003,12.847514430681864,289.0337766011556,86.35149337502662
mlp_qmix__N16__ring__seed6,mlp_qmix,coord_grid,6,4168,104225,117.0,25,0.17489333333333335,13.838452066693987,372.0699986049107,86.37379774998408
mlp_qmix__N16__ring__seed6,mlp_qmix,coord_grid,6,4169,104250,175.0,25,0.17469541666666677,17.47780458132426,438.69748942057294,86.39360279100947
mlp_qmix__N16__ring__seed6,mlp_qmix,coord_grid,6,4170,104275,178.0,25,0.17449750000000008,15.049473841985067,362.8159713745117,86.41310270800022
mlp_qmix__N16__ring__seed6,mlp_qmix,coord_grid,6,4171,104300,175.0,25,0.17429958333333329,18.394378662109375,196.25780804951987,86.43332866602577
mlp_qmix__N16__ring__seed6,mlp_qmix,coord_grid,6,4172,104325,120.0,25,0.1741016666666667,14.343687193734306,220.13821247645788,86.45572900003754
mlp_qmix__N16__ring__seed6,mlp_qmix,coord_grid,6,4173,104350,195.0,25,0.17390375000000002,12.68840511639913,131.17147827148438,86.47552383301081
mlp_qmix__N16__ring__seed6,mlp_qmix,coord_grid,6,4174,104375,125.0,25,0.17370583333333334,13.112002531687418,199.26301956176758,86.49524012499023
mlp_qmix__N16__ring__seed6,mlp_qmix,coord_grid,6,4175,104400,165.0,25,0.17350791666666665,11.879831790924072,381.36377334594727,86.51494620798621
mlp_qmix__N16__ring__seed6,mlp_qmix,coord_grid,6,4176,104425,91.0,25,0.17331000000000008,18.509784119469778,359.06133706229076,86.53748212498613
mlp_qmix__N16__ring__seed6,mlp_qmix,coord_grid,6,4177,104450,160.0,25,0.1731120833333334,16.72357432047526,511.5388641357422,86.55727462499635
mlp_qmix__N16__ring__seed6,mlp_qmix,coord_grid,6,4178,104475,178.0,25,0.1729141666666667,29.021968364715576,426.32276662190753,86.57706462498754
mlp_qmix__N16__ring__seed6,mlp_qmix,coord_grid,6,4179,104500,266.0,25,0.17271625000000013,18.53854936361313,192.32569885253906,86.59672066598432
mlp_qmix__N16__ring__seed6,mlp_qmix,coord_grid,6,4180,104525,160.0,25,0.17251833333333333,16.31517035620553,322.67696271623885,86.61930570803815
mlp_qmix__N16__ring__seed6,mlp_qmix,coord_grid,6,4181,104550,176.0,25,0.17232041666666664,14.403238932291666,125.36124356587727,86.63947362499312
mlp_qmix__N16__ring__seed6,mlp_qmix,coord_grid,6,4182,104575,144.0,25,0.17212250000000007,14.422723829746246,105.91140937805176,86.65968770801555
mlp_qmix__N16__ring__seed6,mlp_qmix,coord_grid,6,4183,104600,163.0,25,0.17192458333333338,22.172780990600586,218.73276646931967,86.67935475002741
mlp_qmix__N16__ring__seed6,mlp_qmix,coord_grid,6,4184,104625,120.0,25,0.1717266666666667,23.613965477262223,174.27631405421667,86.70172883302439
mlp_qmix__N16__ring__seed6,mlp_qmix,coord_grid,6,4185,104650,126.0,25,0.17152875,14.713936626911163,197.08983039855957,86.72141195798758
mlp_qmix__N16__ring__seed6,mlp_qmix,coord_grid,6,4186,104675,189.0,25,0.17133083333333343,14.502818504969278,106.8284142812093,86.74147825001273
mlp_qmix__N16__ring__seed6,mlp_qmix,coord_grid,6,4187,104700,112.0,25,0.17113291666666675,16.466498514016468,155.1383457183838,86.76136945799226
mlp_qmix__N16__ring__seed6,mlp_qmix,coord_grid,6,4188,104725,195.0,25,0.17093500000000006,22.376521962029592,301.2802189418248,86.7836561659933
mlp_qmix__N16__ring__seed6,mlp_qmix,coord_grid,6,4189,104750,187.0,25,0.17073708333333337,14.456903139750162,468.55736033121747,86.80373283301014
mlp_qmix__N16__ring__seed6,mlp_qmix,coord_grid,6,4190,104775,130.0,25,0.17053916666666669,14.185061872005463,387.44518280029297,86.82321687502554
mlp_qmix__N16__ring__seed6,mlp_qmix,coord_grid,6,4191,104800,134.0,25,0.17034125,16.286406358083088,451.454839070638,86.84360633301549
mlp_qmix__N16__ring__seed6,mlp_qmix,coord_grid,6,4192,104825,144.0,25,0.1701433333333333,13.97219181060791,391.9599151611328,86.86650462500984
mlp_qmix__N16__ring__seed6,mlp_qmix,coord_grid,6,4193,104850,110.0,25,0.16994541666666674,18.041433175404865,460.67791748046875,86.8862940830295
mlp_qmix__N16__ring__seed6,mlp_qmix,coord_grid,6,4194,104875,158.0,25,0.16974750000000005,16.257464090983074,434.53105608622235,86.90638649999164
mlp_qmix__N16__ring__seed6,mlp_qmix,coord_grid,6,4195,104900,169.0,25,0.16954958333333336,14.527792612711588,458.07765197753906,86.92639537499053
mlp_qmix__N16__ring__seed6,mlp_qmix,coord_grid,6,4196,104925,151.0,25,0.1693516666666668,18.60332921573094,406.92636707850863,86.94852879102109
mlp_qmix__N16__ring__seed6,mlp_qmix,coord_grid,6,4197,104950,181.0,25,0.16915375,12.807183722654978,244.93170293172201,86.96863054099958
mlp_qmix__N16__ring__seed6,mlp_qmix,coord_grid,6,4198,104975,250.0,25,0.1689558333333333,11.187325497468313,204.6205266316732,86.98857929103542
mlp_qmix__N16__ring__seed6,mlp_qmix,coord_grid,6,4199,105000,208.0,25,0.16875791666666673,23.623711109161377,91.23381423950195,87.0093610000331
mlp_qmix__N16__ring__seed6,mlp_qmix,coord_grid,6,4200,105025,115.0,25,0.16856000000000004,24.08635970524379,407.0945031302316,87.03182274999563
mlp_qmix__N16__ring__seed6,mlp_qmix,coord_grid,6,4201,105050,122.0,25,0.16836208333333336,27.18232266108195,337.53282165527344,87.05221945798257
mlp_qmix__N16__ring__seed6,mlp_qmix,coord_grid,6,4202,105075,181.0,25,0.16816416666666667,9.108025232950846,200.6939608256022,87.07196949998615
mlp_qmix__N16__ring__seed6,mlp_qmix,coord_grid,6,4203,105100,165.0,25,0.1679662500000001,9.45962389310201,295.67199961344403,87.09140174998902
mlp_qmix__N16__ring__seed6,mlp_qmix,coord_grid,6,4204,105125,171.0,25,0.1677683333333334,20.770725114004954,127.6976296561105,87.11384362500394
mlp_qmix__N16__ring__seed6,mlp_qmix,coord_grid,6,4205,105150,147.0,25,0.16757041666666672,17.474140405654907,329.79048919677734,87.13367820798885
mlp_qmix__N16__ring__seed6,mlp_qmix,coord_grid,6,4206,105175,128.0,25,0.16737250000000004,13.44836793343226,355.49290720621747,87.1535945829819
mlp_qmix__N16__ring__seed6,mlp_qmix,coord_grid,6,4207,105200,209.0,25,0.16717458333333335,10.275062362353006,381.38484954833984,87.17340516601689
mlp_qmix__N16__ring__seed6,mlp_qmix,coord_grid,6,4208,105225,180.0,25,0.16697666666666666,19.857109206063406,296.75209263392856,87.19551212503575
mlp_qmix__N16__ring__seed6,mlp_qmix,coord_grid,6,4209,105250,143.0,25,0.16677874999999998,17.47783549626668,363.35684967041016,87.2154846250196
mlp_qmix__N16__ring__seed6,mlp_qmix,coord_grid,6,4210,105275,146.0,25,0.1665808333333334,11.223002115885416,189.21874237060547,87.23523824999575
mlp_qmix__N16__ring__seed6,mlp_qmix,coord_grid,6,4211,105300,248.0,25,0.1663829166666667,19.062342405319214,312.7071787516276,87.25488075002795
mlp_qmix__N16__ring__seed6,mlp_qmix,coord_grid,6,4212,105325,210.0,25,0.16618500000000003,12.839012793132238,154.10603550502233,87.27707487501903
mlp_qmix__N16__ring__seed6,mlp_qmix,coord_grid,6,4213,105350,206.0,25,0.16598708333333345,20.52394692103068,208.0635019938151,87.29712066601496
mlp_qmix__N16__ring__seed6,mlp_qmix,coord_grid,6,4214,105375,139.0,25,0.16578916666666677,19.58569057782491,384.9288558959961,87.31692441599444
mlp_qmix__N16__ring__seed6,mlp_qmix,coord_grid,6,4215,105400,96.0,25,0.16559124999999997,20.632874369621277,248.36339569091797,87.33678137499373
mlp_qmix__N16__ring__seed6,mlp_qmix,coord_grid,6,4216,105425,143.0,25,0.16539333333333328,11.7084093945367,304.19997950962613,87.35881025000708
mlp_qmix__N16__ring__seed6,mlp_qmix,coord_grid,6,4217,105450,149.0,25,0.1651954166666667,20.719484011332195,277.19166374206543,87.37836883298587
mlp_qmix__N16__ring__seed6,mlp_qmix,coord_grid,6,4218,105475,206.0,25,0.16499750000000002,25.99233929316203,162.9511604309082,87.39875879103784
mlp_qmix__N16__ring__seed6,mlp_qmix,coord_grid,6,4219,105500,267.0,25,0.16479958333333333,12.23993976910909,433.50357818603516,87.4187508749892
mlp_qmix__N16__ring__seed6,mlp_qmix,coord_grid,6,4220,105525,243.0,25,0.16460166666666676,11.84578810419355,282.7422637939453,87.44118466600776
mlp_qmix__N16__ring__seed6,mlp_qmix,coord_grid,6,4221,105550,245.0,25,0.16440375000000007,13.373077611128489,282.94726117451984,87.46139770798618
mlp_qmix__N16__ring__seed6,mlp_qmix,coord_grid,6,4222,105575,204.0,25,0.16420583333333338,21.25650930404663,355.39172617594403,87.48130533302901
mlp_qmix__N16__ring__seed6,mlp_qmix,coord_grid,6,4223,105600,193.0,25,0.1640079166666668,15.624837160110474,314.3351313273112,87.50128829100868
mlp_qmix__N16__ring__seed6,mlp_qmix,coord_grid,6,4224,105625,153.0,25,0.16381,16.938239812850952,388.56024169921875,87.5239267910365
mlp_qmix__N16__ring__seed6,mlp_qmix,coord_grid,6,4225,105650,128.0,25,0.16361208333333332,20.48414985338847,251.7381738026937,87.54346245800843
mlp_qmix__N16__ring__seed6,mlp_qmix,coord_grid,6,4226,105675,159.0,25,0.16341416666666664,20.042423248291016,419.7087860107422,87.56465045799268
mlp_qmix__N16__ring__seed6,mlp_qmix,coord_grid,6,4227,105700,158.0,25,0.16321625000000006,21.1113228003184,275.26515515645343,87.58505120803602
mlp_qmix__N16__ring__seed6,mlp_qmix,coord_grid,6,4228,105725,265.0,25,0.16301833333333338,19.822793006896973,341.50130571637834,87.60711625003023
mlp_qmix__N16__ring__seed6,mlp_qmix,coord_grid,6,4229,105750,203.0,25,0.1628204166666667,15.985753774642944,397.5753421783447,87.6270177080296
mlp_qmix__N16__ring__seed6,mlp_qmix,coord_grid,6,4230,105775,171.0,25,0.16262250000000011,21.292001565297443,289.1348927815755,87.64677945803851
mlp_qmix__N16__ring__seed6,mlp_qmix,coord_grid,6,4231,105800,162.0,25,0.16242458333333343,9.43761694431305,219.05495961507162,87.66736562503502
mlp_qmix__N16__ring__seed6,mlp_qmix,coord_grid,6,4232,105825,131.0,25,0.16222666666666674,15.670985903058734,550.6523295811245,87.6899532499956
mlp_qmix__N16__ring__seed6,mlp_qmix,coord_grid,6,4233,105850,193.0,25,0.16202874999999994,18.774729371070862,448.0728810628255,87.7100288750371
mlp_qmix__N16__ring__seed6,mlp_qmix,coord_grid,6,4234,105875,227.0,25,0.16183083333333337,16.44360826412837,418.61766815185547,87.72994537500199
mlp_qmix__N16__ring__seed6,mlp_qmix,coord_grid,6,4235,105900,217.0,25,0.16163291666666668,15.22383185227712,503.10582478841144,87.75004095799522
mlp_qmix__N16__ring__seed6,mlp_qmix,coord_grid,6,4236,105925,230.0,25,0.161435,15.281204734529767,294.09827314104353,87.77560437499778
mlp_qmix__N16__ring__seed6,mlp_qmix,coord_grid,6,4237,105950,258.0,25,0.16123708333333342,17.0044483145078,163.40981992085776,87.79609512502793
mlp_qmix__N16__ring__seed6,mlp_qmix,coord_grid,6,4238,105975,210.0,25,0.16103916666666673,13.737471381823221,294.59681638081867,87.81684666598449
mlp_qmix__N16__ring__seed6,mlp_qmix,coord_grid,6,4239,106000,189.0,25,0.16084125000000005,19.587283492088318,284.23249944051105,87.8372381660156
mlp_qmix__N16__ring__seed6,mlp_qmix,coord_grid,6,4240,106025,226.0,25,0.16064333333333347,17.112809317452566,345.26724025181363,87.85965683299582
mlp_qmix__N16__ring__seed6,mlp_qmix,coord_grid,6,4241,106050,259.0,25,0.16044541666666667,12.375416278839111,382.9196027119954,87.87973091599997
mlp_qmix__N16__ring__seed6,mlp_qmix,coord_grid,6,4242,106075,221.0,25,0.1602475,14.209543943405151,332.5807240804036,87.89973587502027
mlp_qmix__N16__ring__seed6,mlp_qmix,coord_grid,6,4243,106100,139.0,25,0.1600495833333333,17.762407163778942,337.34975560506183,87.91984408302233
mlp_qmix__N16__ring__seed6,mlp_qmix,coord_grid,6,4244,106125,113.0,25,0.15985166666666673,21.542712415967667,259.97926439557756,87.94279329100391
mlp_qmix__N16__ring__seed6,mlp_qmix,coord_grid,6,4245,106150,218.0,25,0.15965375000000004,17.734918276468914,327.6104265848796,87.96361045801314
mlp_qmix__N16__ring__seed6,mlp_qmix,coord_grid,6,4246,106175,126.0,25,0.15945583333333335,15.862346529960632,391.144536336263,87.98373758298112
mlp_qmix__N16__ring__seed6,mlp_qmix,coord_grid,6,4247,106200,189.0,25,0.15925791666666678,17.296597401301067,270.6970043182373,88.0040431250236
mlp_qmix__N16__ring__seed6,mlp_qmix,coord_grid,6,4248,106225,174.0,25,0.1590600000000001,19.82847019604274,231.87572043282645,88.02682337502483
mlp_qmix__N16__ring__seed6,mlp_qmix,coord_grid,6,4249,106250,182.0,25,0.1588620833333334,23.772387584050495,358.108637491862,88.0474789160071
mlp_qmix__N16__ring__seed6,mlp_qmix,coord_grid,6,4250,106275,105.0,25,0.1586641666666666,11.548575023810068,231.9552682240804,88.06761079101125
mlp_qmix__N16__ring__seed6,mlp_qmix,coord_grid,6,4251,106300,138.0,25,0.15846625000000003,11.587723731994629,230.73122914632162,88.08747216599295
mlp_qmix__N16__ring__seed6,mlp_qmix,coord_grid,6,4252,106325,106.0,25,0.15826833333333334,11.751022015299116,235.23686817714147,88.11000208300538
mlp_qmix__N16__ring__seed6,mlp_qmix,coord_grid,6,4253,106350,138.0,25,0.15807041666666666,20.958142181237537,116.92566045125325,88.13003020803444
mlp_qmix__N16__ring__seed6,mlp_qmix,coord_grid,6,4254,106375,247.0,25,0.15787250000000008,22.556528786818188,124.64606666564941,88.1500849580043
mlp_qmix__N16__ring__seed6,mlp_qmix,coord_grid,6,4255,106400,254.0,25,0.1576745833333334,17.6716654698054,320.60512924194336,88.1696529579931
mlp_qmix__N16__ring__seed6,mlp_qmix,coord_grid,6,4256,106425,210.0,25,0.1574766666666667,12.494824477604457,322.2921654837472,88.19220404099906
mlp_qmix__N16__ring__seed6,mlp_qmix,coord_grid,6,4257,106450,193.0,25,0.15727875000000013,5.904648939768474,198.33375930786133,88.21234066598117
mlp_qmix__N16__ring__seed6,mlp_qmix,coord_grid,6,4258,106475,233.0,25,0.15708083333333345,24.765186707178753,180.94078381856283,88.23262733302545
mlp_qmix__N16__ring__seed6,mlp_qmix,coord_grid,6,4259,106500,178.0,25,0.15688291666666665,11.878539443016052,287.9197858174642,88.25244570802897
mlp_qmix__N16__ring__seed6,mlp_qmix,coord_grid,6,4260,106525,152.0,25,0.15668499999999996,18.98719576426915,344.56626565115795,88.27529366599629
mlp_qmix__N16__ring__seed6,mlp_qmix,coord_grid,6,4261,106550,142.0,25,0.1564870833333334,15.683981776237488,339.17480087280273,88.29546504101017
mlp_qmix__N16__ring__seed6,mlp_qmix,coord_grid,6,4262,106575,168.0,25,0.1562891666666667,12.528094828128815,394.9411875406901,88.31575925002107
mlp_qmix__N16__ring__seed6,mlp_qmix,coord_grid,6,4263,106600,138.0,25,0.15609125000000001,18.83478331565857,380.8578364054362,88.33578991598915
mlp_qmix__N16__ring__seed6,mlp_qmix,coord_grid,6,4264,106625,85.0,25,0.15589333333333344,13.366098233631678,544.9045671735491,88.35831066599349
mlp_qmix__N16__ring__seed6,mlp_qmix,coord_grid,6,4265,106650,148.0,25,0.15569541666666675,13.151515245437622,476.17564392089844,88.37854091601912
mlp_qmix__N16__ring__seed6,mlp_qmix,coord_grid,6,4266,106675,204.0,25,0.15549750000000007,22.439508477846783,416.0198809305827,88.39873612503288
mlp_qmix__N16__ring__seed6,mlp_qmix,coord_grid,6,4267,106700,182.0,25,0.15529958333333338,20.945839405059814,399.00035603841144,88.41869062499609
mlp_qmix__N16__ring__seed6,mlp_qmix,coord_grid,6,4268,106725,216.0,25,0.1551016666666667,13.776808943067278,188.41007123674666,88.44180100003723
mlp_qmix__N16__ring__seed6,mlp_qmix,coord_grid,6,4269,106750,206.0,25,0.15490375,17.733479102452595,223.9526735941569,88.46224120800616
mlp_qmix__N16__ring__seed6,mlp_qmix,coord_grid,6,4270,106775,242.0,25,0.15470583333333332,23.44217598438263,209.84908739725748,88.48241145798238
mlp_qmix__N16__ring__seed6,mlp_qmix,coord_grid,6,4271,106800,269.0,25,0.15450791666666674,16.67062970002492,460.21454366048175,88.50244816602208
mlp_qmix__N16__ring__seed6,mlp_qmix,coord_grid,6,4272,106825,247.0,25,0.15431000000000006,14.358591863087245,368.6443895612444,88.52492816600716
mlp_qmix__N16__ring__seed6,mlp_qmix,coord_grid,6,4273,106850,251.0,25,0.15411208333333337,16.426524599393208,386.7120170593262,88.54522162501235
mlp_qmix__N16__ring__seed6,mlp_qmix,coord_grid,6,4274,106875,239.0,25,0.1539141666666668,14.142174442609152,329.8197733561198,88.56510029098717
mlp_qmix__N16__ring__seed6,mlp_qmix,coord_grid,6,4275,106900,267.0,25,0.1537162500000001,12.17361585299174,277.5383491516113,88.58506650000345
mlp_qmix__N16__ring__seed6,mlp_qmix,coord_grid,6,4276,106925,301.0,25,0.1535183333333333,24.12162733078003,303.5289094107492,88.60744512500241
mlp_qmix__N16__ring__seed6,mlp_qmix,coord_grid,6,4277,106950,214.0,25,0.15332041666666663,20.653844197591145,445.56580352783203,88.62734079099027
mlp_qmix__N16__ring__seed6,mlp_qmix,coord_grid,6,4278,106975,227.0,25,0.15312250000000005,15.897467335065206,247.71855290730795,88.64718704100233
mlp_qmix__N16__ring__seed6,mlp_qmix,coord_grid,6,4279,107000,228.0,25,0.15292458333333336,16.05977423985799,264.4444936116536,88.66699058300583
mlp_qmix__N16__ring__seed6,mlp_qmix,coord_grid,6,4280,107025,283.0,25,0.15272666666666668,25.56658431461879,238.9258575439453,88.68956908298424
mlp_qmix__N16__ring__seed6,mlp_qmix,coord_grid,6,4281,107050,204.0,25,0.1525287500000001,22.212039550145466,321.13625780741376,88.70994825003436
mlp_qmix__N16__ring__seed6,mlp_qmix,coord_grid,6,4282,107075,261.0,25,0.15233083333333342,23.56924835840861,201.05268796284994,88.72990362503333
mlp_qmix__N16__ring__seed6,mlp_qmix,coord_grid,6,4283,107100,181.0,25,0.15213291666666673,19.736634373664856,175.22358640034994,88.74984420801047
mlp_qmix__N16__ring__seed6,mlp_qmix,coord_grid,6,4284,107125,191.0,25,0.15193500000000004,16.899339267185756,145.75307083129883,88.77166875003604
mlp_qmix__N16__ring__seed6,mlp_qmix,coord_grid,6,4285,107150,264.0,25,0.15173708333333336,17.545406103134155,239.9042002360026,88.79083691601409
mlp_qmix__N16__ring__seed6,mlp_qmix,coord_grid,6,4286,107175,268.0,25,0.15153916666666667,8.112072825431824,221.07037862141928,88.81114050000906
mlp_qmix__N16__ring__seed6,mlp_qmix,coord_grid,6,4287,107200,254.0,25,0.15134124999999998,19.306334495544434,212.27870814005533,88.8310864160303
mlp_qmix__N16__ring__seed6,mlp_qmix,coord_grid,6,4288,107225,135.0,25,0.1511433333333334,16.92926296166011,133.40387398856026,88.85399750003126
mlp_qmix__N16__ring__seed6,mlp_qmix,coord_grid,6,4289,107250,241.0,25,0.15094541666666672,15.741692622502645,208.050319035848,88.87405770801706
mlp_qmix__N16__ring__seed6,mlp_qmix,coord_grid,6,4290,107275,221.0,25,0.15074750000000003,15.576492309570312,177.3675390879313,88.89447654102696
mlp_qmix__N16__ring__seed6,mlp_qmix,coord_grid,6,4291,107300,167.0,25,0.15054958333333335,11.84351803859075,113.313783009847,88.91419129102724
mlp_qmix__N16__ring__seed6,mlp_qmix,coord_grid,6,4292,107325,246.0,25,0.15035166666666677,17.186193466186523,223.88568932669503,88.93648954102537
mlp_qmix__N16__ring__seed6,mlp_qmix,coord_grid,6,4293,107350,236.0,25,0.15015375000000009,17.910450140635174,276.17885716756183,88.95610729098553
mlp_qmix__N16__ring__seed6,mlp_qmix,coord_grid,6,4294,107375,212.0,25,0.1499558333333333,9.898569285869598,204.3848876953125,88.97618441603845
mlp_qmix__N16__ring__seed6,mlp_qmix,coord_grid,6,4295,107400,211.0,25,0.1497579166666667,16.479390462239582,369.41114552815753,88.99634345801314
mlp_qmix__N16__ring__seed6,mlp_qmix,coord_grid,6,4296,107425,242.0,25,0.14956000000000003,17.766786336898804,552.292214529855,89.01899758301442
mlp_qmix__N16__ring__seed6,mlp_qmix,coord_grid,6,4297,107450,242.0,25,0.14936208333333334,25.883570512135822,383.6361338297526,89.03925858298317
mlp_qmix__N16__ring__seed6,mlp_qmix,coord_grid,6,4298,107475,200.0,25,0.14916416666666676,19.931499759356182,291.4994093577067,89.05905237502884
mlp_qmix__N16__ring__seed6,mlp_qmix,coord_grid,6,4299,107500,212.0,25,0.14896625000000008,11.997046113014221,308.94926198323566,89.0789656250272
mlp_qmix__N16__ring__seed6,mlp_qmix,coord_grid,6,4300,107525,265.0,25,0.1487683333333334,7.5425847087587625,301.42495455060686,89.10134120803559
mlp_qmix__N16__ring__seed6,mlp_qmix,coord_grid,6,4301,107550,236.0,25,0.1485704166666667,20.01975655555725,308.91815185546875,89.12133662501583
mlp_qmix__N16__ring__seed6,mlp_qmix,coord_grid,6,4302,107575,235.0,25,0.14837250000000002,12.18435283501943,270.3780695597331,89.14114591601538
mlp_qmix__N16__ring__seed6,mlp_qmix,coord_grid,6,4303,107600,221.0,25,0.14817458333333333,19.539141952991486,178.35736338297525,89.16075429099146
mlp_qmix__N16__ring__seed6,mlp_qmix,coord_grid,6,4304,107625,264.0,25,0.14797666666666665,17.38570581163679,322.91614042009627,89.18361858301796
mlp_qmix__N16__ring__seed6,mlp_qmix,coord_grid,6,4305,107650,235.0,25,0.14777875000000007,16.468722999095917,388.0769271850586,89.20338349998929
mlp_qmix__N16__ring__seed6,mlp_qmix,coord_grid,6,4306,107675,223.0,25,0.14758083333333338,14.427176833152771,326.7797266642253,89.2243576250039
mlp_qmix__N16__ring__seed6,mlp_qmix,coord_grid,6,4307,107700,240.0,25,0.1473829166666667,11.442094961802164,154.76983515421549,89.24498800002038
mlp_qmix__N16__ring__seed6,mlp_qmix,coord_grid,6,4308,107725,108.0,25,0.147185,14.015410831996373,276.26596341814314,89.268058207992
mlp_qmix__N16__ring__seed6,mlp_qmix,coord_grid,6,4309,107750,102.0,25,0.14698708333333343,11.871212522188822,265.3651072184245,89.28872825001599
mlp_qmix__N16__ring__seed6,mlp_qmix,coord_grid,6,4310,107775,146.0,25,0.14678916666666675,15.889431158701578,283.69167455037433,89.31194566603517
mlp_qmix__N16__ring__seed6,mlp_qmix,coord_grid,6,4311,107800,215.0,25,0.14659124999999995,11.880893230438232,239.534543355306,89.33282633300405
mlp_qmix__N16__ring__seed6,mlp_qmix,coord_grid,6,4312,107825,220.0,25,0.14639333333333338,17.033300127301896,223.958372933524,89.35536545800278
mlp_qmix__N16__ring__seed6,mlp_qmix,coord_grid,6,4313,107850,284.0,25,0.1461954166666667,27.138708750406902,173.3701114654541,89.37635866599157
mlp_qmix__N16__ring__seed6,mlp_qmix,coord_grid,6,4314,107875,168.0,25,0.1459975,12.258283714453379,337.38224538167316,89.39647162501933
mlp_qmix__N16__ring__seed6,mlp_qmix,coord_grid,6,4315,107900,142.0,25,0.14579958333333343,16.87908124923706,386.45974985758465,89.41635379102081
mlp_qmix__N16__ring__seed6,mlp_qmix,coord_grid,6,4316,107925,160.0,25,0.14560166666666674,17.287267361368453,295.01579720633373,89.43851283303229
mlp_qmix__N16__ring__seed6,mlp_qmix,coord_grid,6,4317,107950,284.0,25,0.14540375000000005,18.33457414309184,405.791264851888,89.45815808302723
mlp_qmix__N16__ring__seed6,mlp_qmix,coord_grid,6,4318,107975,242.0,25,0.14520583333333337,17.83780288696289,304.5948060353597,89.47836129099596
mlp_qmix__N16__ring__seed6,mlp_qmix,coord_grid,6,4319,108000,281.0,25,0.1450079166666668,15.725319385528564,175.29830042521158,89.49801174999448
mlp_qmix__N16__ring__seed6,mlp_qmix,coord_grid,6,4320,108025,101.0,25,0.14481,21.13179452078683,347.06856427873885,89.52083354099886
mlp_qmix__N16__ring__seed6,mlp_qmix,coord_grid,6,4321,108050,97.0,25,0.1446120833333333,19.69347834587097,253.15718777974448,89.54067275003763
mlp_qmix__N16__ring__seed6,mlp_qmix,coord_grid,6,4322,108075,237.0,25,0.14441416666666673,19.828082223733265,312.06937917073566,89.56184154102812
mlp_qmix__N16__ring__seed6,mlp_qmix,coord_grid,6,4323,108100,250.0,25,0.14421625000000005,19.651424666245777,265.24817021687824,89.5820242909831
mlp_qmix__N16__ring__seed6,mlp_qmix,coord_grid,6,4324,108125,242.0,25,0.14401833333333336,6.8497447456632345,181.17320578438895,89.60439304099418
mlp_qmix__N16__ring__seed6,mlp_qmix,coord_grid,6,4325,108150,95.0,25,0.14382041666666667,17.49130916595459,214.62619908650717,89.62445729103638
mlp_qmix__N16__ring__seed6,mlp_qmix,coord_grid,6,4326,108175,116.0,25,0.1436225000000001,17.796641906102497,262.31312052408856,89.64416208298644
mlp_qmix__N16__ring__seed6,mlp_qmix,coord_grid,6,4327,108200,284.0,25,0.1434245833333334,25.648933231830597,189.0777963002523,89.66472091601463
mlp_qmix__N16__ring__seed6,mlp_qmix,coord_grid,6,4328,108225,220.0,25,0.14322666666666672,20.83889525277274,523.3599984305246,89.68703241599724
mlp_qmix__N16__ring__seed6,mlp_qmix,coord_grid,6,4329,108250,219.0,25,0.14302875000000004,18.863685568173725,373.3352394104004,89.70743325003423
mlp_qmix__N16__ring__seed6,mlp_qmix,coord_grid,6,4330,108275,185.0,25,0.14283083333333335,16.906224250793457,413.19221750895184,89.72741024999414
mlp_qmix__N16__ring__seed6,mlp_qmix,coord_grid,6,4331,108300,232.0,25,0.14263291666666666,15.356345295906067,142.66862996419272,89.7474892080063
mlp_qmix__N16__ring__seed6,mlp_qmix,coord_grid,6,4332,108325,298.0,25,0.1424350000000001,14.95921688420432,395.0148664202009,89.76989041600609
mlp_qmix__N16__ring__seed6,mlp_qmix,coord_grid,6,4333,108350,251.0,25,0.1422370833333334,20.154176235198975,282.93065643310547,89.79080520803109
mlp_qmix__N16__ring__seed6,mlp_qmix,coord_grid,6,4334,108375,238.0,25,0.14203916666666672,17.771341959635418,275.95703125,89.81196633301442
mlp_qmix__N16__ring__seed6,mlp_qmix,coord_grid,6,4335,108400,221.0,25,0.14184125000000003,26.162670135498047,311.6060841878255,89.83188287500525
mlp_qmix__N16__ring__seed6,mlp_qmix,coord_grid,6,4336,108425,230.0,25,0.14164333333333345,24.554900305611746,278.58556583949496,89.85439112503082
mlp_qmix__N16__ring__seed6,mlp_qmix,coord_grid,6,4337,108450,253.0,25,0.14144541666666666,18.892545382181805,379.8250077565511,89.87436329101911
mlp_qmix__N16__ring__seed6,mlp_qmix,coord_grid,6,4338,108475,216.0,25,0.14124749999999997,19.928252935409546,200.46984163920084,89.89471662498545
mlp_qmix__N16__ring__seed6,mlp_qmix,coord_grid,6,4339,108500,299.0,25,0.1410495833333334,21.294960737228394,468.4223937988281,89.91458862501895
mlp_qmix__N16__ring__seed6,mlp_qmix,coord_grid,6,4340,108525,246.0,25,0.1408516666666667,19.579281500407628,283.91699818202426,89.93689908302622
mlp_qmix__N16__ring__seed6,mlp_qmix,coord_grid,6,4341,108550,249.0,25,0.14065375000000002,21.713348229726154,185.43346977233887,89.957058583037
mlp_qmix__N16__ring__seed6,mlp_qmix,coord_grid,6,4342,108575,220.0,25,0.14045583333333334,14.309311151504517,305.0161781311035,89.97677837498486
mlp_qmix__N16__ring__seed6,mlp_qmix,coord_grid,6,4343,108600,232.0,25,0.14025791666666676,8.078262110551199,264.8510519663493,89.99712654098403
mlp_qmix__N16__ring__seed6,mlp_qmix,coord_grid,6,4344,108625,249.0,25,0.14006000000000007,27.32645743233817,459.67201014927457,90.01963683299255
mlp_qmix__N16__ring__seed6,mlp_qmix,coord_grid,6,4345,108650,246.0,25,0.1398620833333334,11.903284271558126,529.9897104899088,90.03962375002448
mlp_qmix__N16__ring__seed6,mlp_qmix,coord_grid,6,4346,108675,232.0,25,0.1396641666666667,18.37037404378255,386.07733154296875,90.05989737500204
mlp_qmix__N16__ring__seed6,mlp_qmix,coord_grid,6,4347,108700,231.0,25,0.13946625,19.87495156129201,166.08627700805664,90.07974937499966
mlp_qmix__N16__ring__seed6,mlp_qmix,coord_grid,6,4348,108725,208.0,25,0.13926833333333333,21.22232334954398,319.41496712820873,90.10197550000157
mlp_qmix__N16__ring__seed6,mlp_qmix,coord_grid,6,4349,108750,175.0,25,0.13907041666666675,10.687130451202393,376.58044179280597,90.1229131250293
mlp_qmix__N16__ring__seed6,mlp_qmix,coord_grid,6,4350,108775,280.0,25,0.13887250000000007,14.744935830434164,425.1383921305339,90.14277612499427
mlp_qmix__N16__ring__seed6,mlp_qmix,coord_grid,6,4351,108800,161.0,25,0.13867458333333338,18.18312156200409,360.653564453125,90.1630320000113
mlp_qmix__N16__ring__seed6,mlp_qmix,coord_grid,6,4352,108825,229.0,25,0.1384766666666667,8.31187617778778,505.2518048967634,90.1908319159993
mlp_qmix__N16__ring__seed6,mlp_qmix,coord_grid,6,4353,108850,308.0,25,0.13827875000000012,24.08667866388957,261.57018661499023,90.21789020800497
mlp_qmix__N16__ring__seed6,mlp_qmix,coord_grid,6,4354,108875,273.0,25,0.13808083333333343,14.153541564941406,286.7210578918457,90.24422308302019
mlp_qmix__N16__ring__seed6,mlp_qmix,coord_grid,6,4355,108900,243.0,25,0.13788291666666663,17.583696802457172,178.30941263834634,90.27008175000083
mlp_qmix__N16__ring__seed6,mlp_qmix,coord_grid,6,4356,108925,261.0,25,0.13768500000000006,14.13046933923449,324.23434666224887,90.30244854098419
mlp_qmix__N16__ring__seed6,mlp_qmix,coord_grid,6,4357,108950,213.0,25,0.13748708333333337,16.369481086730957,330.32111104329425,90.33662524999818
mlp_qmix__N16__ring__seed6,mlp_qmix,coord_grid,6,4358,108975,188.0,25,0.13728916666666668,13.795785566171011,212.2526766459147,90.36435849999543
mlp_qmix__N16__ring__seed6,mlp_qmix,coord_grid,6,4359,109000,101.0,25,0.13709125,17.734361688296,158.46470896402994,90.38845537498128
mlp_qmix__N16__ring__seed6,mlp_qmix,coord_grid,6,4360,109025,214.0,25,0.13689333333333342,18.453370094299316,585.892800467355,90.41768866602797
mlp_qmix__N16__ring__seed6,mlp_qmix,coord_grid,6,4361,109050,194.0,25,0.13669541666666674,18.466797908147175,224.4324162801107,90.44351524999365
mlp_qmix__N16__ring__seed6,mlp_qmix,coord_grid,6,4362,109075,264.0,25,0.13649750000000005,18.02457284927368,181.52443567911783,90.47134054102935
mlp_qmix__N16__ring__seed6,mlp_qmix,coord_grid,6,4363,109100,204.0,25,0.13629958333333336,18.509381612141926,309.24011357625324,90.4929498329875
mlp_qmix__N16__ring__seed6,mlp_qmix,coord_grid,6,4364,109125,165.0,25,0.13610166666666668,15.682351265634809,195.37242671421595,90.51540199998999
mlp_qmix__N16__ring__seed6,mlp_qmix,coord_grid,6,4365,109150,197.0,25,0.13590375,14.286016583442688,362.75867970784503,90.53531404101523
mlp_qmix__N16__ring__seed6,mlp_qmix,coord_grid,6,4366,109175,207.0,25,0.1357058333333333,26.596312204996746,382.2056630452474,90.55509441602044
mlp_qmix__N16__ring__seed6,mlp_qmix,coord_grid,6,4367,109200,188.0,25,0.13550791666666673,16.98004166285197,444.1936747233073,90.57490250002593
mlp_qmix__N16__ring__seed6,mlp_qmix,coord_grid,6,4368,109225,179.0,25,0.13531000000000004,16.50017057146345,412.7999376569475,90.5969957500347
mlp_qmix__N16__ring__seed6,mlp_qmix,coord_grid,6,4369,109250,180.0,25,0.13511208333333335,25.172011295954388,439.07244364420575,90.61669966601767
mlp_qmix__N16__ring__seed6,mlp_qmix,coord_grid,6,4370,109275,204.0,25,0.13491416666666678,16.70266803105672,387.6561991373698,90.63640225003473
mlp_qmix__N16__ring__seed6,mlp_qmix,coord_grid,6,4371,109300,193.0,25,0.1347162500000001,20.906227747599285,394.41386159261066,90.65583029098343
mlp_qmix__N16__ring__seed6,mlp_qmix,coord_grid,6,4372,109325,217.0,25,0.1345183333333333,25.204643317631312,422.65382603236606,90.67787091602804
mlp_qmix__N16__ring__seed6,mlp_qmix,coord_grid,6,4373,109350,254.0,25,0.13432041666666672,12.140508135159811,292.6932894388835,90.69738791603595
mlp_qmix__N16__ring__seed6,mlp_qmix,coord_grid,6,4374,109375,248.0,25,0.13412250000000003,12.260339379310608,309.4652182261149,90.7170402079937
mlp_qmix__N16__ring__seed6,mlp_qmix,coord_grid,6,4375,109400,207.0,25,0.13392458333333335,16.28661807378133,237.0131098429362,90.73664920800366
mlp_qmix__N16__ring__seed6,mlp_qmix,coord_grid,6,4376,109425,164.0,25,0.13372666666666666,18.175517899649485,362.0726405552455,90.75826124998275
mlp_qmix__N16__ring__seed6,mlp_qmix,coord_grid,6,4377,109450,172.0,25,0.13352875000000008,16.383875846862793,305.6741542816162,90.77792558301007
mlp_qmix__N16__ring__seed6,mlp_qmix,coord_grid,6,4378,109475,218.0,25,0.1333308333333334,14.667541364828745,370.2129313151042,90.79705191601533
mlp_qmix__N16__ring__seed6,mlp_qmix,coord_grid,6,4379,109500,244.0,25,0.1331329166666667,24.893231908480328,333.9370346069336,90.8166324159829
mlp_qmix__N16__ring__seed6,mlp_qmix,coord_grid,6,4380,109525,261.0,25,0.13293500000000014,14.378099237169538,378.36823599679127,90.83870283298893
mlp_qmix__N16__ring__seed6,mlp_qmix,coord_grid,6,4381,109550,270.0,25,0.13273708333333334,14.096751193205515,244.97357813517252,90.85811379103689
mlp_qmix__N16__ring__seed6,mlp_qmix,coord_grid,6,4382,109575,202.0,25,0.13253916666666665,11.861835479736328,241.58541933695474,90.8777340829838
mlp_qmix__N16__ring__seed6,mlp_qmix,coord_grid,6,4383,109600,184.0,25,0.13234124999999997,12.162570575873056,285.71371332804364,90.89734424999915
mlp_qmix__N16__ring__seed6,mlp_qmix,coord_grid,6,4384,109625,169.0,25,0.1321433333333334,28.36824836049761,324.43626512799943,90.91916629101615
mlp_qmix__N16__ring__seed6,mlp_qmix,coord_grid,6,4385,109650,236.0,25,0.1319454166666667,24.07144045829773,247.73264185587564,90.9385428330279
mlp_qmix__N16__ring__seed6,mlp_qmix,coord_grid,6,4386,109675,248.0,25,0.13174750000000002,20.461139897505443,234.04315948486328,90.9582472500042
mlp_qmix__N16__ring__seed6,mlp_qmix,coord_grid,6,4387,109700,247.0,25,0.13154958333333344,14.868222832679749,427.37391153971356,90.97768504102714
mlp_qmix__N16__ring__seed6,mlp_qmix,coord_grid,6,4388,109725,273.0,25,0.13135166666666676,16.785725661686488,475.8247331891741,90.9999884160352
mlp_qmix__N16__ring__seed6,mlp_qmix,coord_grid,6,4389,109750,211.0,25,0.13115375000000007,16.464259167512257,300.03606033325195,91.02002570801415
mlp_qmix__N16__ring__seed6,mlp_qmix,coord_grid,6,4390,109775,242.0,25,0.13095583333333338,26.28537607192993,317.3143679300944,91.03991216601571
mlp_qmix__N16__ring__seed6,mlp_qmix,coord_grid,6,4391,109800,244.0,25,0.1307579166666667,14.020111242930094,266.2516117095947,91.0597577500157
mlp_qmix__N16__ring__seed6,mlp_qmix,coord_grid,6,4392,109825,247.0,25,0.13056,17.892425196511404,487.03931971958707,91.08166841603816
mlp_qmix__N16__ring__seed6,mlp_qmix,coord_grid,6,4393,109850,253.0,25,0.13036208333333332,27.365209738413494,346.550776163737,91.10127262503374
mlp_qmix__N16__ring__seed6,mlp_qmix,coord_grid,6,4394,109875,257.0,25,0.13016416666666675,19.26675236225128,426.0610860188802,91.12086279102368
mlp_qmix__N16__ring__seed6,mlp_qmix,coord_grid,6,4395,109900,244.0,25,0.12996625000000006,26.764771620432537,230.37140528361002,91.14074670802802
mlp_qmix__N16__ring__seed6,mlp_qmix,coord_grid,6,4396,109925,188.0,25,0.12976833333333337,18.11200019291469,331.1978214808873,91.16315812501125
mlp_qmix__N16__ring__seed6,mlp_qmix,coord_grid,6,4397,109950,215.0,25,0.1295704166666668,11.668421308199564,453.93089930216473,91.18300554098096
mlp_qmix__N16__ring__seed6,mlp_qmix,coord_grid,6,4398,109975,243.0,25,0.1293725,22.97438375155131,549.4586435953776,91.20253662503092
mlp_qmix__N16__ring__seed6,mlp_qmix,coord_grid,6,4399,110000,283.0,25,0.12917458333333331,27.24255895614624,363.573003133138,91.22211304103257
mlp_qmix__N16__ring__seed6,mlp_qmix,coord_grid,6,4400,110025,240.0,25,0.12897666666666663,13.04685298034123,334.721802847726,91.24432412500028
mlp_qmix__N16__ring__seed6,mlp_qmix,coord_grid,6,4401,110050,294.0,25,0.12877875000000005,19.860655268033344,498.8154652913411,91.2640012500342
mlp_qmix__N16__ring__seed6,mlp_qmix,coord_grid,6,4402,110075,156.0,25,0.12858083333333337,18.5335435072581,545.8500417073568,91.28349791601067
mlp_qmix__N16__ring__seed6,mlp_qmix,coord_grid,6,4403,110100,252.0,25,0.12838291666666668,18.980308334032696,347.01513353983563,91.30306304100668
mlp_qmix__N16__ring__seed6,mlp_qmix,coord_grid,6,4404,110125,260.0,25,0.1281850000000001,23.141602073396957,245.6313580104283,91.32517433300382
mlp_qmix__N16__ring__seed6,mlp_qmix,coord_grid,6,4405,110150,212.0,25,0.12798708333333342,28.592901925245922,210.36427942911783,91.34476566599915
mlp_qmix__N16__ring__seed6,mlp_qmix,coord_grid,6,4406,110175,249.0,25,0.12778916666666673,14.436835130055746,308.51527913411456,91.36456554103643
mlp_qmix__N16__ring__seed6,mlp_qmix,coord_grid,6,4407,110200,219.0,25,0.12759125000000004,26.562777082125347,165.2214444478353,91.38431233301526
mlp_qmix__N16__ring__seed6,mlp_qmix,coord_grid,6,4408,110225,200.0,25,0.12739333333333336,28.298611777169363,183.16416658673967,91.40707766602281
mlp_qmix__N16__ring__seed6,mlp_qmix,coord_grid,6,4409,110250,275.0,25,0.12719541666666667,18.936713457107544,300.90986251831055,91.4272115000058
mlp_qmix__N16__ring__seed6,mlp_qmix,coord_grid,6,4410,110275,249.0,25,0.12699749999999999,26.83683454990387,341.5323537190755,91.44700891600223
mlp_qmix__N16__ring__seed6,mlp_qmix,coord_grid,6,4411,110300,307.0,25,0.1267995833333334,17.44089158376058,422.8016293843587,91.47653441602597
mlp_qmix__N16__ring__seed6,mlp_qmix,coord_grid,6,4412,110325,282.0,25,0.12660166666666672,23.242592028209142,454.9135992867606,91.50848141603637
mlp_qmix__N16__ring__seed6,mlp_qmix,coord_grid,6,4413,110350,227.0,25,0.12640375000000004,18.997023542722065,333.75700759887695,91.53926620801212
mlp_qmix__N16__ring__seed6,mlp_qmix,coord_grid,6,4414,110375,226.0,25,0.12620583333333346,20.36066770553589,144.39005279541016,91.56321024999488
mlp_qmix__N16__ring__seed6,mlp_qmix,coord_grid,6,4415,110400,305.0,25,0.12600791666666677,22.93416968981425,192.4531987508138,91.5867607499822
mlp_qmix__N16__ring__seed6,mlp_qmix,coord_grid,6,4416,110425,252.0,25,0.12580999999999998,12.570227895464216,173.06868144444056,91.61312870803522
mlp_qmix__N16__ring__seed6,mlp_qmix,coord_grid,6,4417,110450,235.0,25,0.1256120833333333,29.67008129755656,337.44652875264484,91.63329683302436
mlp_qmix__N16__ring__seed6,mlp_qmix,coord_grid,6,4418,110475,250.0,25,0.12541416666666672,14.629941503206888,540.639170328776,91.65345841599628
mlp_qmix__N16__ring__seed6,mlp_qmix,coord_grid,6,4419,110500,148.0,25,0.12521625000000003,19.589152216911316,447.81956990559894,91.67340870801127
mlp_qmix__N16__ring__seed6,mlp_qmix,coord_grid,6,4420,110525,240.0,25,0.12501833333333334,24.052567992891586,394.11356571742465,91.69635708298301
mlp_qmix__N16__ring__seed6,mlp_qmix,coord_grid,6,4421,110550,269.0,25,0.12482041666666677,17.355440815289814,424.0003306070964,91.71598895802163
mlp_qmix__N16__ring__seed6,mlp_qmix,coord_grid,6,4422,110575,219.0,25,0.12462250000000008,14.129151503245035,253.99908192952475,91.73679254099261
mlp_qmix__N16__ring__seed6,mlp_qmix,coord_grid,6,4423,110600,270.0,25,0.1244245833333334,20.791659116744995,230.56822967529297,91.75668520800536
mlp_qmix__N16__ring__seed6,mlp_qmix,coord_grid,6,4424,110625,231.0,25,0.12422666666666671,18.107740810939244,545.6350228445871,91.77891074999934
mlp_qmix__N16__ring__seed6,mlp_qmix,coord_grid,6,4425,110650,275.0,25,0.12402875000000002,22.81798432270686,337.9204508463542,91.79979879100574
mlp_qmix__N16__ring__seed6,mlp_qmix,coord_grid,6,4426,110675,275.0,25,0.12383083333333333,14.478007713953653,279.53619893391925,91.82032516598701
mlp_qmix__N16__ring__seed6,mlp_qmix,coord_grid,6,4427,110700,263.0,25,0.12363291666666665,15.740821599960327,483.9828338623047,91.84100904100342
mlp_qmix__N16__ring__seed6,mlp_qmix,coord_grid,6,4428,110725,298.0,25,0.12343500000000007,18.107370410646713,328.7805949619838,91.86439591599628
mlp_qmix__N16__ring__seed6,mlp_qmix,coord_grid,6,4429,110750,304.0,25,0.12323708333333339,17.62249191602071,500.72581481933594,91.88576066598762
mlp_qmix__N16__ring__seed6,mlp_qmix,coord_grid,6,4430,110775,307.0,25,0.1230391666666667,22.975831349690754,344.19854799906415,91.90758562501287
mlp_qmix__N16__ring__seed6,mlp_qmix,coord_grid,6,4431,110800,273.0,25,0.12284125000000012,20.52201048533122,111.93461354573567,91.93001504102722
mlp_qmix__N16__ring__seed6,mlp_qmix,coord_grid,6,4432,110825,304.0,25,0.12264333333333344,18.24523660114833,293.43879263741627,91.95401833299547
mlp_qmix__N16__ring__seed6,mlp_qmix,coord_grid,6,4433,110850,227.0,25,0.12244541666666664,20.66576236486435,237.77185567220053,91.9746875410201
mlp_qmix__N16__ring__seed6,mlp_qmix,coord_grid,6,4434,110875,253.0,25,0.12224749999999995,17.265466690063477,407.02378845214844,91.99574429099448
mlp_qmix__N16__ring__seed6,mlp_qmix,coord_grid,6,4435,110900,259.0,25,0.12204958333333338,21.488294283548992,429.9762725830078,92.0161986250314
mlp_qmix__N16__ring__seed6,mlp_qmix,coord_grid,6,4436,110925,257.0,25,0.12185166666666669,13.336568508829389,373.3771209716797,92.04281233303482
mlp_qmix__N16__ring__seed6,mlp_qmix,coord_grid,6,4437,110950,171.0,25,0.12165375,19.515862623850506,428.8001403808594,92.06781233299989
mlp_qmix__N16__ring__seed6,mlp_qmix,coord_grid,6,4438,110975,218.0,25,0.12145583333333343,16.834957877794903,275.1879247029622,92.09285041602561
mlp_qmix__N16__ring__seed6,mlp_qmix,coord_grid,6,4439,111000,242.0,25,0.12125791666666674,22.569663008054096,164.79608790079752,92.11836712498916
mlp_qmix__N16__ring__seed6,mlp_qmix,coord_grid,6,4440,111025,283.0,25,0.12106000000000006,12.569032805306572,251.2864510672433,92.14385929098353
mlp_qmix__N16__ring__seed6,mlp_qmix,coord_grid,6,4441,111050,281.0,25,0.12086208333333337,14.539891143639883,248.40901565551758,92.166178125015
mlp_qmix__N16__ring__seed6,mlp_qmix,coord_grid,6,4442,111075,219.0,25,0.12066416666666668,8.046664834022522,153.29906527201334,92.1892342499923
mlp_qmix__N16__ring__seed6,mlp_qmix,coord_grid,6,4443,111100,257.0,25,0.12046625,16.263354380925495,141.83685620625815,92.21138512500329
mlp_qmix__N16__ring__seed6,mlp_qmix,coord_grid,6,4444,111125,256.0,25,0.12026833333333331,37.491373198372976,241.83973039899553,92.23586320801405
mlp_qmix__N16__ring__seed6,mlp_qmix,coord_grid,6,4445,111150,256.0,25,0.12007041666666673,19.788262844085693,528.5756505330404,92.25721275003161
mlp_qmix__N16__ring__seed6,mlp_qmix,coord_grid,6,4446,111175,197.0,25,0.11987250000000005,12.631523410479227,374.22085825602215,92.27816558303311
mlp_qmix__N16__ring__seed6,mlp_qmix,coord_grid,6,4447,111200,231.0,25,0.11967458333333336,26.729249477386475,250.2401911417643,92.29875100002391
mlp_qmix__N16__ring__seed6,mlp_qmix,coord_grid,6,4448,111225,260.0,25,0.11947666666666679,27.041745832988195,204.3968244280134,92.32519237499218
mlp_qmix__N16__ring__seed6,mlp_qmix,coord_grid,6,4449,111250,283.0,25,0.1192787500000001,18.62466820081075,305.6223856608073,92.3499278749805
mlp_qmix__N16__ring__seed6,mlp_qmix,coord_grid,6,4450,111275,248.0,25,0.11908083333333341,16.700070639451344,286.7010320027669,92.3740181659814
mlp_qmix__N16__ring__seed6,mlp_qmix,coord_grid,6,4451,111300,208.0,25,0.11888291666666662,12.509907523790995,306.4078432718913,92.39678466599435
mlp_qmix__N16__ring__seed6,mlp_qmix,coord_grid,6,4452,111325,297.0,25,0.11868500000000004,11.071380461965289,339.617189679827,92.4213819160359
mlp_qmix__N16__ring__seed6,mlp_qmix,coord_grid,6,4453,111350,296.0,25,0.11848708333333335,18.54081066449483,261.5700340270996,92.44263487501303
mlp_qmix__N16__ring__seed6,mlp_qmix,coord_grid,6,4454,111375,285.0,25,0.11828916666666667,31.35514783859253,261.76710510253906,92.46492208301788
mlp_qmix__N16__ring__seed6,mlp_qmix,coord_grid,6,4455,111400,269.0,25,0.11809125000000009,8.00517108043035,193.13558705647787,92.48727583303116
mlp_qmix__N16__ring__seed6,mlp_qmix,coord_grid,6,4456,111425,303.0,25,0.1178933333333334,23.787020649228776,524.8053392682757,92.51113387499936
mlp_qmix__N16__ring__seed6,mlp_qmix,coord_grid,6,4457,111450,291.0,25,0.11769541666666672,15.577181458473206,383.2349446614583,92.53289895801572
mlp_qmix__N16__ring__seed6,mlp_qmix,coord_grid,6,4458,111475,279.0,25,0.11749750000000003,16.868802547454834,596.2822825113932,92.55362633301411
mlp_qmix__N16__ring__seed6,mlp_qmix,coord_grid,6,4459,111500,279.0,25,0.11729958333333335,27.8006219069163,279.91308848063153,92.57393916603178
mlp_qmix__N16__ring__seed6,mlp_qmix,coord_grid,6,4460,111525,272.0,25,0.11710166666666666,16.372675435883657,240.50502613612585,92.60067904100288
mlp_qmix__N16__ring__seed6,mlp_qmix,coord_grid,6,4461,111550,309.0,25,0.11690374999999997,33.17633819580078,552.3887100219727,92.62608354102122
mlp_qmix__N16__ring__seed6,mlp_qmix,coord_grid,6,4462,111575,259.0,25,0.1167058333333334,24.400036176045734,498.315912882487,92.65210216603009
mlp_qmix__N16__ring__seed6,mlp_qmix,coord_grid,6,4463,111600,285.0,25,0.11650791666666671,12.557907342910767,532.1200695037842,92.67690225003753
mlp_qmix__N16__ring__seed6,mlp_qmix,coord_grid,6,4464,111625,274.0,25,0.11631000000000002,17.820284911564418,486.37858145577565,92.70065125002293
mlp_qmix__N16__ring__seed6,mlp_qmix,coord_grid,6,4465,111650,256.0,25,0.11611208333333345,12.401567618052164,514.4875717163086,92.72285033302614
mlp_qmix__N16__ring__seed6,mlp_qmix,coord_grid,6,4466,111675,270.0,25,0.11591416666666676,24.395829677581787,499.1804962158203,92.74476575001609
mlp_qmix__N16__ring__seed6,mlp_qmix,coord_grid,6,4467,111700,300.0,25,0.11571625000000008,30.46699313322703,348.05935796101886,92.766432250035
mlp_qmix__N16__ring__seed6,mlp_qmix,coord_grid,6,4468,111725,220.0,25,0.11551833333333328,16.92453224318368,400.7379041399275,92.79018191603245
mlp_qmix__N16__ring__seed6,mlp_qmix,coord_grid,6,4469,111750,254.0,25,0.1153204166666667,9.3378932873408,508.7986551920573,92.8110637079808
mlp_qmix__N16__ring__seed6,mlp_qmix,coord_grid,6,4470,111775,268.0,25,0.11512250000000002,16.841588815053303,184.92706807454428,92.83151400001952
mlp_qmix__N16__ring__seed6,mlp_qmix,coord_grid,6,4471,111800,184.0,25,0.11492458333333333,23.131152470906574,221.79009119669595,92.85419391602045
mlp_qmix__N16__ring__seed6,mlp_qmix,coord_grid,6,4472,111825,240.0,25,0.11472666666666675,16.285884073802404,143.53283963884627,92.88160158303799
mlp_qmix__N16__ring__seed6,mlp_qmix,coord_grid,6,4473,111850,274.0,25,0.11452875000000007,27.226080497105915,258.64616775512695,92.90591866598697
mlp_qmix__N16__ring__seed6,mlp_qmix,coord_grid,6,4474,111875,277.0,25,0.11433083333333338,8.527874688307444,213.98029772440592,92.92960470798425
mlp_qmix__N16__ring__seed6,mlp_qmix,coord_grid,6,4475,111900,238.0,25,0.1141329166666667,27.373932162920635,200.7517204284668,92.95422312500887
mlp_qmix__N16__ring__seed6,mlp_qmix,coord_grid,6,4476,111925,249.0,25,0.11393500000000012,25.28099516459874,174.31546783447266,92.97784549999051
mlp_qmix__N16__ring__seed6,mlp_qmix,coord_grid,6,4477,111950,243.0,25,0.11373708333333332,21.19664176305135,203.98130989074707,93.00111258303514
mlp_qmix__N16__ring__seed6,mlp_qmix,coord_grid,6,4478,111975,181.0,25,0.11353916666666664,23.49856134255727,303.6896095275879,93.02239487500628
mlp_qmix__N16__ring__seed6,mlp_qmix,coord_grid,6,4479,112000,224.0,25,0.11334125000000006,14.376446505387625,157.93457539876303,93.04409379098797
mlp_qmix__N16__ring__seed6,mlp_qmix,coord_grid,6,4480,112025,290.0,25,0.11314333333333337,9.317652549062457,184.80999101911272,93.06763720803428
mlp_qmix__N16__ring__seed6,mlp_qmix,coord_grid,6,4481,112050,237.0,25,0.11294541666666669,21.193814754486084,188.33913358052573,93.08825020800577
mlp_qmix__N16__ring__seed6,mlp_qmix,coord_grid,6,4482,112075,279.0,25,0.11274750000000011,20.574545323848724,202.09418614705405,93.10799445799785
mlp_qmix__N16__ring__seed6,mlp_qmix,coord_grid,6,4483,112100,263.0,25,0.11254958333333343,20.858938376108807,249.9152628580729,93.1311520410236
mlp_qmix__N16__ring__seed6,mlp_qmix,coord_grid,6,4484,112125,245.0,25,0.11235166666666674,18.141009620257787,184.68285260881697,93.15939745801734
mlp_qmix__N16__ring__seed6,mlp_qmix,coord_grid,6,4485,112150,184.0,25,0.11215375000000005,29.099088350931805,166.84196599324545,93.18570591602474
mlp_qmix__N16__ring__seed6,mlp_qmix,coord_grid,6,4486,112175,281.0,25,0.11195583333333337,23.307572682698567,282.0633939107259,93.210009582981
mlp_qmix__N16__ring__seed6,mlp_qmix,coord_grid,6,4487,112200,293.0,25,0.11175791666666668,11.455567081769308,476.3149350484212,93.23177079099696
mlp_qmix__N16__ring__seed6,mlp_qmix,coord_grid,6,4488,112225,270.0,25,0.11155999999999999,11.108719434056963,471.6220921107701,93.25639012502506
mlp_qmix__N16__ring__seed6,mlp_qmix,coord_grid,6,4489,112250,280.0,25,0.11136208333333342,15.160281161467234,290.4826075236003,93.27780116599752
mlp_qmix__N16__ring__seed6,mlp_qmix,coord_grid,6,4490,112275,306.0,25,0.11116416666666673,19.087266385555267,237.72137896219888,93.29826125002
mlp_qmix__N16__ring__seed6,mlp_qmix,coord_grid,6,4491,112300,284.0,25,0.11096625000000004,21.985011021296184,377.0984649658203,93.31861900002696
mlp_qmix__N16__ring__seed6,mlp_qmix,coord_grid,6,4492,112325,226.0,25,0.11076833333333336,26.86981643949236,274.6661900111607,93.34186737501295
mlp_qmix__N16__ring__seed6,mlp_qmix,coord_grid,6,4493,112350,291.0,25,0.11057041666666678,22.99468235174815,450.34082412719727,93.36711074999766
mlp_qmix__N16__ring__seed6,mlp_qmix,coord_grid,6,4494,112375,249.0,25,0.11037249999999998,24.360994617144268,345.60800043741864,93.39214004098903
mlp_qmix__N16__ring__seed6,mlp_qmix,coord_grid,6,4495,112400,181.0,25,0.1101745833333333,21.58208131790161,242.90842946370444,93.41332483303268
mlp_qmix__N16__ring__seed6,mlp_qmix,coord_grid,6,4496,112425,280.0,25,0.10997666666666672,18.672096320561,206.51873888288225,93.43692449998343
mlp_qmix__N16__ring__seed6,mlp_qmix,coord_grid,6,4497,112450,227.0,25,0.10977875000000004,19.295427123705547,192.86757151285806,93.45822800003225
mlp_qmix__N16__ring__seed6,mlp_qmix,coord_grid,6,4498,112475,293.0,25,0.10958083333333335,21.681822856267292,174.7521292368571,93.4802053750027
mlp_qmix__N16__ring__seed6,mlp_qmix,coord_grid,6,4499,112500,286.0,25,0.10938291666666677,17.513263026873272,297.08326466878253,93.50129400001606
mlp_qmix__N16__ring__seed6,mlp_qmix,coord_grid,6,4500,112525,286.0,25,0.10918500000000009,15.05480568749564,212.85838426862443,93.52523999998812
mlp_qmix__N16__ring__seed6,mlp_qmix,coord_grid,6,4501,112550,264.0,25,0.1089870833333334,26.2804692586263,275.1596914927165,93.54604158300208
mlp_qmix__N16__ring__seed6,mlp_qmix,coord_grid,6,4502,112575,255.0,25,0.10878916666666671,9.877974907557169,522.8740081787109,93.56665029103169
mlp_qmix__N16__ring__seed6,mlp_qmix,coord_grid,6,4503,112600,239.0,25,0.10859125000000003,22.221935470898945,356.70652262369794,93.58657412498724
mlp_qmix__N16__ring__seed6,mlp_qmix,coord_grid,6,4504,112625,260.0,25,0.10839333333333334,25.93207277570452,501.20636204310824,93.60962408303749
mlp_qmix__N16__ring__seed6,mlp_qmix,coord_grid,6,4505,112650,297.0,25,0.10819541666666666,20.257452567418415,492.01836649576825,93.63131249998696
mlp_qmix__N16__ring__seed6,mlp_qmix,coord_grid,6,4506,112675,200.0,25,0.10799750000000008,11.482196768124899,401.1758575439453,93.65259079099633
mlp_qmix__N16__ring__seed6,mlp_qmix,coord_grid,6,4507,112700,262.0,25,0.10779958333333339,8.578705549240112,224.6727383931478,93.6748772910214
mlp_qmix__N16__ring__seed6,mlp_qmix,coord_grid,6,4508,112725,205.0,25,0.1076016666666667,24.887463978358678,572.0719604492188,93.69918116601184
mlp_qmix__N16__ring__seed6,mlp_qmix,coord_grid,6,4509,112750,271.0,25,0.10740375000000002,19.87082914511363,361.1068344116211,93.72032412502449
mlp_qmix__N16__ring__seed6,mlp_qmix,coord_grid,6,4510,112775,306.0,25,0.10720583333333344,18.059217135111492,426.57285435994464,93.74158541602083
mlp_qmix__N16__ring__seed6,mlp_qmix,coord_grid,6,4511,112800,269.0,25,0.10700791666666676,19.363386551539104,225.97821426391602,93.76262245798716
mlp_qmix__N16__ring__seed6,mlp_qmix,coord_grid,6,4512,112825,294.0,25,0.10680999999999996,26.14029778753008,271.63772092546736,93.78692149999551
mlp_qmix__N16__ring__seed6,mlp_qmix,coord_grid,6,4513,112850,299.0,25,0.10661208333333339,19.785142362117767,334.51634724934894,93.81156866601668
mlp_qmix__N16__ring__seed6,mlp_qmix,coord_grid,6,4514,112875,246.0,25,0.1064141666666667,19.62533664703369,267.39280192057294,93.83239891601261
mlp_qmix__N16__ring__seed6,mlp_qmix,coord_grid,6,4515,112900,238.0,25,0.10621625000000001,19.41826844215393,254.81536356608072,93.85293616598938
mlp_qmix__N16__ring__seed6,mlp_qmix,coord_grid,6,4516,112925,276.0,25,0.10601833333333333,17.161279848643712,400.0363562447684,93.87534512503771
mlp_qmix__N16__ring__seed6,mlp_qmix,coord_grid,6,4517,112950,271.0,25,0.10582041666666675,17.59255599975586,317.6394265492757,93.8963020000374
mlp_qmix__N16__ring__seed6,mlp_qmix,coord_grid,6,4518,112975,225.0,25,0.10562250000000006,23.867334485054016,201.4873218536377,93.91671029099962
mlp_qmix__N16__ring__seed6,mlp_qmix,coord_grid,6,4519,113000,281.0,25,0.10542458333333338,17.628731727600098,480.39669545491535,93.93782824999653
mlp_qmix__N16__ring__seed6,mlp_qmix,coord_grid,6,4520,113025,280.0,25,0.10522666666666669,23.458967890058243,586.9450770786831,93.96214662498096
mlp_qmix__N16__ring__seed6,mlp_qmix,coord_grid,6,4521,113050,267.0,25,0.10502875,26.71024266878764,279.536802927653,93.98292858299101
mlp_qmix__N16__ring__seed6,mlp_qmix,coord_grid,6,4522,113075,281.0,25,0.10483083333333332,13.451174557209015,349.78879674275714,94.00361258303747
mlp_qmix__N16__ring__seed6,mlp_qmix,coord_grid,6,4523,113100,276.0,25,0.10463291666666674,12.847489833831787,201.5539182027181,94.02402958302991
mlp_qmix__N16__ring__seed6,mlp_qmix,coord_grid,6,4524,113125,269.0,25,0.10443500000000006,24.523908615112305,230.88455418178015,94.04756154102506
mlp_qmix__N16__ring__seed6,mlp_qmix,coord_grid,6,4525,113150,279.0,25,0.10423708333333337,15.162853082021078,159.9102751413981,94.06816737499321
mlp_qmix__N16__ring__seed6,mlp_qmix,coord_grid,6,4526,113175,282.0,25,0.10403916666666668,11.001919686794281,287.74020767211914,94.08875112503301
mlp_qmix__N16__ring__seed6,mlp_qmix,coord_grid,6,4527,113200,272.0,25,0.10384125000000011,22.41692129770915,567.9577153523763,94.10956283303676
mlp_qmix__N16__ring__seed6,mlp_qmix,coord_grid,6,4528,113225,250.0,25,0.10364333333333342,11.481660570417132,551.539792742048,94.13335095799994
mlp_qmix__N16__ring__seed6,mlp_qmix,coord_grid,6,4529,113250,285.0,25,0.10344541666666662,26.144249359766643,557.0873006184896,94.15401599998586
mlp_qmix__N16__ring__seed6,mlp_qmix,coord_grid,6,4530,113275,261.0,25,0.10324750000000005,19.116777976353962,572.6546401977539,94.17447270802222
mlp_qmix__N16__ring__seed6,mlp_qmix,coord_grid,6,4531,113300,278.0,25,0.10304958333333336,27.779646396636963,492.3469746907552,94.19510262500262
mlp_qmix__N16__ring__seed6,mlp_qmix,coord_grid,6,4532,113325,290.0,25,0.10285166666666667,20.861444813864573,543.3245413643973,94.21844804100692
mlp_qmix__N16__ring__seed6,mlp_qmix,coord_grid,6,4533,113350,281.0,25,0.10265374999999999,21.3285178343455,541.6770222981771,94.23922854103148
mlp_qmix__N16__ring__seed6,mlp_qmix,coord_grid,6,4534,113375,251.0,25,0.10245583333333341,26.91162347793579,313.997953414917,94.25985191599466
mlp_qmix__N16__ring__seed6,mlp_qmix,coord_grid,6,4535,113400,240.0,25,0.10225791666666673,14.56101886431376,511.3595682779948,94.28064829099458
mlp_qmix__N16__ring__seed6,mlp_qmix,coord_grid,6,4536,113425,302.0,25,0.10206000000000004,26.34409809112549,489.0691108703613,94.30407287500566
mlp_qmix__N16__ring__seed6,mlp_qmix,coord_grid,6,4537,113450,256.0,25,0.10186208333333346,24.351942141850788,260.1319224039714,94.32482099998742
mlp_qmix__N16__ring__seed6,mlp_qmix,coord_grid,6,4538,113475,250.0,25,0.10166416666666667,17.653170307477314,227.7789510091146,94.34579329099506
mlp_qmix__N16__ring__seed6,mlp_qmix,coord_grid,6,4539,113500,270.0,25,0.10146624999999998,17.500684181849163,202.28093592325845,94.36614825000288
mlp_qmix__N16__ring__seed6,mlp_qmix,coord_grid,6,4540,113525,250.0,25,0.1012683333333334,13.945483616420201,345.96811076572965,94.38911420799559
mlp_qmix__N16__ring__seed6,mlp_qmix,coord_grid,6,4541,113550,312.0,25,0.10107041666666672,18.70569594701131,461.0208435058594,94.40954424999654
mlp_qmix__N16__ring__seed6,mlp_qmix,coord_grid,6,4542,113575,313.0,25,0.10087250000000003,13.684064547220865,438.00448354085285,94.43023683299543
mlp_qmix__N16__ring__seed6,mlp_qmix,coord_grid,6,4543,113600,236.0,25,0.10067458333333335,20.723766088485718,454.40008544921875,94.45119337498909
mlp_qmix__N16__ring__seed6,mlp_qmix,coord_grid,6,4544,113625,291.0,25,0.10047666666666677,23.676759447370255,453.09114728655135,94.47446845803643
mlp_qmix__N16__ring__seed6,mlp_qmix,coord_grid,6,4545,113650,238.0,25,0.10027875000000008,20.393057862917583,377.26354090372723,94.49495320802089
mlp_qmix__N16__ring__seed6,mlp_qmix,coord_grid,6,4546,113675,288.0,25,0.1000808333333334,26.855021794637043,384.07545216878253,94.51511087501422
mlp_qmix__N16__ring__seed6,mlp_qmix,coord_grid,6,4547,113700,317.0,25,0.09988291666666671,19.454882462819416,133.8678118387858,94.53825537499506
mlp_qmix__N16__ring__seed6,mlp_qmix,coord_grid,6,4548,113725,260.0,25,0.09968500000000002,15.176644359316144,213.93608202253068,94.56130125001073
mlp_qmix__N16__ring__seed6,mlp_qmix,coord_grid,6,4549,113750,262.0,25,0.09948708333333334,25.393241107463837,484.056889851888,94.58243970799958
mlp_qmix__N16__ring__seed6,mlp_qmix,coord_grid,6,4550,113775,237.0,25,0.09928916666666665,24.63678177197774,340.68170674641925,94.60362591600278
mlp_qmix__N16__ring__seed6,mlp_qmix,coord_grid,6,4551,113800,287.0,25,0.09909125000000008,18.786664962768555,554.5882771809896,94.62443370802794
mlp_qmix__N16__ring__seed6,mlp_qmix,coord_grid,6,4552,113825,290.0,25,0.09889333333333339,18.007988112313406,625.0211835588727,94.6479924999876
mlp_qmix__N16__ring__seed6,mlp_qmix,coord_grid,6,4553,113850,298.0,25,0.0986954166666667,14.358948310216268,478.6385078430176,94.66947166598402
mlp_qmix__N16__ring__seed6,mlp_qmix,coord_grid,6,4554,113875,275.0,25,0.09849750000000013,20.242893775304157,374.9323476155599,94.69341566599905
mlp_qmix__N16__ring__seed6,mlp_qmix,coord_grid,6,4555,113900,274.0,25,0.09829958333333333,34.003973642985024,370.1081797281901,94.71716591599397
mlp_qmix__N16__ring__seed6,mlp_qmix,coord_grid,6,4556,113925,257.0,25,0.09810166666666664,12.567366923604693,449.2816696166992,94.74268308299361
mlp_qmix__N16__ring__seed6,mlp_qmix,coord_grid,6,4557,113950,292.0,25,0.09790375000000007,15.497857133547464,202.61590830485025,94.76364970800932
mlp_qmix__N16__ring__seed6,mlp_qmix,coord_grid,6,4558,113975,296.0,25,0.09770583333333338,15.931040724118551,348.61767450968426,94.78448124998249
mlp_qmix__N16__ring__seed6,mlp_qmix,coord_grid,6,4559,114000,287.0,25,0.0975079166666667,17.455557922522228,499.8352559407552,94.80753141600871
mlp_qmix__N16__ring__seed6,mlp_qmix,coord_grid,6,4560,114025,287.0,25,0.09731000000000001,17.640732628958567,227.86174883161272,94.83100945799379
mlp_qmix__N16__ring__seed6,mlp_qmix,coord_grid,6,4561,114050,252.0,25,0.09711208333333343,24.863394776980083,159.97921880086264,94.85104316601064
mlp_qmix__N16__ring__seed6,mlp_qmix,coord_grid,6,4562,114075,309.0,25,0.09691416666666675,13.810723861058554,374.1148630777995,94.87097583303694
mlp_qmix__N16__ring__seed6,mlp_qmix,coord_grid,6,4563,114100,311.0,25,0.09671625000000006,13.753660003344217,283.8904342651367,94.89114529098151
mlp_qmix__N16__ring__seed6,mlp_qmix,coord_grid,6,4564,114125,287.0,25,0.09651833333333337,17.756580659321376,267.6606783185686,94.91371458303183
mlp_qmix__N16__ring__seed6,mlp_qmix,coord_grid,6,4565,114150,278.0,25,0.09632041666666669,28.73061513900757,228.76629638671875,94.93415295798331
mlp_qmix__N16__ring__seed6,mlp_qmix,coord_grid,6,4566,114175,305.0,25,0.0961225,24.717554330825806,308.21199862162274,94.95515824999893
mlp_qmix__N16__ring__seed6,mlp_qmix,coord_grid,6,4567,114200,303.0,25,0.09592458333333331,9.991427302360535,520.4484939575195,94.97585862502456
mlp_qmix__N16__ring__seed6,mlp_qmix,coord_grid,6,4568,114225,294.0,25,0.09572666666666674,18.142163702419825,414.5891015189035,94.99883645802038
mlp_qmix__N16__ring__seed6,mlp_qmix,coord_grid,6,4569,114250,291.0,25,0.09552875000000005,20.769421299298603,410.0455792744954,95.01964808302
mlp_qmix__N16__ring__seed6,mlp_qmix,coord_grid,6,4570,114275,289.0,25,0.09533083333333336,18.437079707781475,375.75824610392254,95.04176045802888
mlp_qmix__N16__ring__seed6,mlp_qmix,coord_grid,6,4571,114300,244.0,25,0.09513291666666679,23.317086537679035,434.61610921223956,95.06226600002265
mlp_qmix__N16__ring__seed6,mlp_qmix,coord_grid,6,4572,114325,292.0,25,0.0949350000000001,24.390210219791957,439.4336820329939,95.08591033302946
mlp_qmix__N16__ring__seed6,mlp_qmix,coord_grid,6,4573,114350,256.0,25,0.0947370833333333,15.986164251963297,649.363026936849,95.10655637498712
mlp_qmix__N16__ring__seed6,mlp_qmix,coord_grid,6,4574,114375,243.0,25,0.09453916666666673,20.532563368479412,317.64950434366864,95.12735908298055
mlp_qmix__N16__ring__seed6,mlp_qmix,coord_grid,6,4575,114400,270.0,25,0.09434125000000004,13.61854350566864,326.0297342936198,95.14745579101145
mlp_qmix__N16__ring__seed6,mlp_qmix,coord_grid,6,4576,114425,299.0,25,0.09414333333333336,11.873389516557966,284.46170697893416,95.17046716599725
mlp_qmix__N16__ring__seed6,mlp_qmix,coord_grid,6,4577,114450,286.0,25,0.09394541666666667,22.374577124913532,250.28698603312174,95.19085762498435
mlp_qmix__N16__ring__seed6,mlp_qmix,coord_grid,6,4578,114475,320.0,25,0.0937475000000001,6.888503630956014,414.5500844319661,95.21013816603227
mlp_qmix__N16__ring__seed6,mlp_qmix,coord_grid,6,4579,114500,310.0,25,0.09354958333333341,31.506336847941082,315.20634206136066,95.23027425003238
mlp_qmix__N16__ring__seed6,mlp_qmix,coord_grid,6,4580,114525,308.0,25,0.09335166666666672,20.317915541785105,514.7819213867188,95.25562558299862
mlp_qmix__N16__ring__seed6,mlp_qmix,coord_grid,6,4581,114550,297.0,25,0.09315375000000004,25.569525718688965,477.7392756144206,95.27956133300904
mlp_qmix__N16__ring__seed6,mlp_qmix,coord_grid,6,4582,114575,285.0,25,0.09295583333333335,15.832008798917135,344.5452887217204,95.3031702080043
mlp_qmix__N16__ring__seed6,mlp_qmix,coord_grid,6,4583,114600,286.0,25,0.09275791666666666,28.77636589606603,373.5465825398763,95.32810783298919
mlp_qmix__N16__ring__seed6,mlp_qmix,coord_grid,6,4584,114625,259.0,25,0.09255999999999998,19.84510592051915,642.53073992048,95.35270562500227
mlp_qmix__N16__ring__seed6,mlp_qmix,coord_grid,6,4585,114650,301.0,25,0.0923620833333334,10.99210532506307,675.8103230794271,95.37584954098566
mlp_qmix__N16__ring__seed6,mlp_qmix,coord_grid,6,4586,114675,325.0,25,0.09216416666666671,17.479751745859783,555.3548889160156,95.39725970802829
mlp_qmix__N16__ring__seed6,mlp_qmix,coord_grid,6,4587,114700,322.0,25,0.09196625000000003,19.026033401489258,411.61982981363934,95.41868233302375
mlp_qmix__N16__ring__seed6,mlp_qmix,coord_grid,6,4588,114725,248.0,25,0.09176833333333345,34.351711579731536,481.3606698172433,95.44283008301863
mlp_qmix__N16__ring__seed6,mlp_qmix,coord_grid,6,4589,114750,279.0,25,0.09157041666666677,16.479909539222717,427.9905077616374,95.46434395801043
mlp_qmix__N16__ring__seed6,mlp_qmix,coord_grid,6,4590,114775,349.0,25,0.09137249999999997,30.231398979822796,435.67398325602215,95.48533112503355
mlp_qmix__N16__ring__seed6,mlp_qmix,coord_grid,6,4591,114800,311.0,25,0.09117458333333328,18.07247018814087,278.44403584798175,95.50537854101276
mlp_qmix__N16__ring__seed6,mlp_qmix,coord_grid,6,4592,114825,324.0,25,0.0909766666666667,11.960675171443395,196.84188188825334,95.53264587500598
mlp_qmix__N16__ring__seed6,mlp_qmix,coord_grid,6,4593,114850,283.0,25,0.09077875000000002,27.77915636698405,394.6873588562012,95.55628529103706
mlp_qmix__N16__ring__seed6,mlp_qmix,coord_grid,6,4594,114875,312.0,25,0.09058083333333333,14.79578709602356,515.6446736653646,95.5816515830229
mlp_qmix__N16__ring__seed6,mlp_qmix,coord_grid,6,4595,114900,296.0,25,0.09038291666666676,27.524335622787476,343.4073206583659,95.60572325001704
mlp_qmix__N16__ring__seed6,mlp_qmix,coord_grid,6,4596,114925,306.0,25,0.09018500000000007,12.267564398901802,286.01903751918246,95.63098108302802
mlp_qmix__N16__ring__seed6,mlp_qmix,coord_grid,6,4597,114950,301.0,25,0.08998708333333338,13.554780125617981,341.30670801798504,95.6526160829817
mlp_qmix__N16__ring__seed6,mlp_qmix,coord_grid,6,4598,114975,306.0,25,0.08978916666666681,21.891067663828533,502.17842864990234,95.67516975000035
mlp_qmix__N16__ring__seed6,mlp_qmix,coord_grid,6,4599,115000,268.0,25,0.08959125000000001,23.480042298634846,656.6979217529297,95.69677933299681
mlp_qmix__N16__ring__seed6,mlp_qmix,coord_grid,6,4600,115025,320.0,25,0.08939333333333332,20.040569475718907,369.7338169642857,95.72070116602117
mlp_qmix__N16__ring__seed6,mlp_qmix,coord_grid,6,4601,115050,257.0,25,0.08919541666666664,34.244330644607544,287.6467997233073,95.74107754102442
mlp_qmix__N16__ring__seed6,mlp_qmix,coord_grid,6,4602,115075,278.0,25,0.08899750000000006,31.626273155212402,238.51589965820312,95.76098437502515
mlp_qmix__N16__ring__seed6,mlp_qmix,coord_grid,6,4603,115100,300.0,25,0.08879958333333338,20.286699891090393,365.3565979003906,95.78041695803404
mlp_qmix__N16__ring__seed6,mlp_qmix,coord_grid,6,4604,115125,264.0,25,0.08860166666666669,20.21732861655099,394.9597418648856,95.80548233300215
mlp_qmix__N16__ring__seed6,mlp_qmix,coord_grid,6,4605,115150,276.0,25,0.08840375000000011,16.234533031781513,386.4183120727539,95.83093912503682
mlp_qmix__N16__ring__seed6,mlp_qmix,coord_grid,6,4606,115175,289.0,25,0.08820583333333343,27.005639533201855,213.9722728729248,95.85396450001281
mlp_qmix__N16__ring__seed6,mlp_qmix,coord_grid,6,4607,115200,308.0,25,0.08800791666666674,9.575766205787659,378.17011006673175,95.8776300830068
mlp_qmix__N16__ring__seed6,mlp_qmix,coord_grid,6,4608,115225,259.0,25,0.08780999999999994,19.900922502790177,599.6687861851284,95.90145583299454
mlp_qmix__N16__ring__seed6,mlp_qmix,coord_grid,6,4609,115250,297.0,25,0.08761208333333337,29.607547283172607,560.5478274027506,95.92473704100121
mlp_qmix__N16__ring__seed6,mlp_qmix,coord_grid,6,4610,115275,270.0,25,0.08741416666666668,21.849994659423828,511.50130971272785,95.94651612499729
mlp_qmix__N16__ring__seed6,mlp_qmix,coord_grid,6,4611,115300,307.0,25,0.08721625,23.337228337923687,347.995849609375,95.96793070802232
mlp_qmix__N16__ring__seed6,mlp_qmix,coord_grid,6,4612,115325,317.0,25,0.08701833333333342,22.163150991712296,394.53627232142856,95.99171737500001
mlp_qmix__N16__ring__seed6,mlp_qmix,coord_grid,6,4613,115350,301.0,25,0.08682041666666673,18.888143181800842,541.0126647949219,96.01282933301991
mlp_qmix__N16__ring__seed6,mlp_qmix,coord_grid,6,4614,115375,292.0,25,0.08662250000000005,19.152652223904926,493.7808100382487,96.03314041602425
mlp_qmix__N16__ring__seed6,mlp_qmix,coord_grid,6,4615,115400,309.0,25,0.08642458333333347,20.608817259470623,239.8680076599121,96.05577516602352
mlp_qmix__N16__ring__seed6,mlp_qmix,coord_grid,6,4616,115425,317.0,25,0.08622666666666667,31.072965621948242,624.3941846575055,96.08349504100624
mlp_qmix__N16__ring__seed6,mlp_qmix,coord_grid,6,4617,115450,240.0,25,0.08602874999999999,34.30036282539368,549.5596516927084,96.10821354098152
mlp_qmix__N16__ring__seed6,mlp_qmix,coord_grid,6,4618,115475,87.0,25,0.0858308333333333,13.327459335327148,587.2582702636719,96.13137162500061
mlp_qmix__N16__ring__seed6,mlp_qmix,coord_grid,6,4619,115500,246.0,25,0.08563291666666673,20.633703867594402,586.3741353352865,96.15492808300769
mlp_qmix__N16__ring__seed6,mlp_qmix,coord_grid,6,4620,115525,200.0,25,0.08543500000000004,24.844456570489065,418.716132572719,96.17852187500102
mlp_qmix__N16__ring__seed6,mlp_qmix,coord_grid,6,4621,115550,307.0,25,0.08523708333333335,11.121666034062704,220.6194305419922,96.20102116599446
mlp_qmix__N16__ring__seed6,mlp_qmix,coord_grid,6,4622,115575,287.0,25,0.08503916666666678,22.87871785958608,223.01150258382162,96.22294729098212
mlp_qmix__N16__ring__seed6,mlp_qmix,coord_grid,6,4623,115600,296.0,25,0.08484125000000009,25.22110430399577,214.3496576944987,96.2446516660275
mlp_qmix__N16__ring__seed6,mlp_qmix,coord_grid,6,4624,115625,316.0,25,0.0846433333333334,11.894015891211373,261.2482169015067,96.26793429098325
mlp_qmix__N16__ring__seed6,mlp_qmix,coord_grid,6,4625,115650,308.0,25,0.0844454166666666,28.14724318186442,351.8585942586263,96.28781254100613
mlp_qmix__N16__ring__seed6,mlp_qmix,coord_grid,6,4626,115675,288.0,25,0.08424750000000003,23.107734719912212,320.51024119059247,96.30799258302432
mlp_qmix__N16__ring__seed6,mlp_qmix,coord_grid,6,4627,115700,302.0,25,0.08404958333333334,14.998005946477255,539.3483632405599,96.33154845802346
mlp_qmix__N16__ring__seed6,mlp_qmix,coord_grid,6,4628,115725,272.0,25,0.08385166666666666,22.41484989438738,398.48600333077565,96.35983462503646
mlp_qmix__N16__ring__seed6,mlp_qmix,coord_grid,6,4629,115750,305.0,25,0.08365375000000008,30.43173384666443,301.44916915893555,96.38532775000203
mlp_qmix__N16__ring__seed6,mlp_qmix,coord_grid,6,4630,115775,295.0,25,0.0834558333333334,13.734304547309875,341.9310760498047,96.40957520803204
mlp_qmix__N16__ring__seed6,mlp_qmix,coord_grid,6,4631,115800,275.0,25,0.08325791666666671,21.20557455221812,437.3622233072917,96.42981204099488
mlp_qmix__N16__ring__seed6,mlp_qmix,coord_grid,6,4632,115825,256.0,25,0.08306000000000013,22.14892884663173,266.5323916843959,96.4537980830064
mlp_qmix__N16__ring__seed6,mlp_qmix,coord_grid,6,4633,115850,318.0,25,0.08286208333333345,23.141728421052296,360.5873031616211,96.47495275002439
mlp_qmix__N16__ring__seed6,mlp_qmix,coord_grid,6,4634,115875,297.0,25,0.08266416666666665,18.137469867865246,162.71115811665854,96.49620375002269
mlp_qmix__N16__ring__seed6,mlp_qmix,coord_grid,6,4635,115900,315.0,25,0.08246624999999996,14.18182917435964,430.8132019042969,96.5173184160376
mlp_qmix__N16__ring__seed6,mlp_qmix,coord_grid,6,4636,115925,301.0,25,0.08226833333333339,31.98224081311907,249.7224235534668,96.54189758299617
mlp_qmix__N16__ring__seed6,mlp_qmix,coord_grid,6,4637,115950,280.0,25,0.0820704166666667,16.439422527949016,275.37635294596356,96.56760466599371
mlp_qmix__N16__ring__seed6,mlp_qmix,coord_grid,6,4638,115975,276.0,25,0.08187250000000001,35.86087290445963,433.5243275960286,96.59187587501947
mlp_qmix__N16__ring__seed6,mlp_qmix,coord_grid,6,4639,116000,314.0,25,0.08167458333333344,30.812161207199097,438.96138254801434,96.61360183299985
mlp_qmix__N16__ring__seed6,mlp_qmix,coord_grid,6,4640,116025,296.0,25,0.08147666666666675,22.84289285114833,475.1145978655134,96.63793199998327
mlp_qmix__N16__ring__seed6,mlp_qmix,coord_grid,6,4641,116050,305.0,25,0.08127875000000007,27.368187844753265,195.42528851826987,96.65937716601184
mlp_qmix__N16__ring__seed6,mlp_qmix,coord_grid,6,4642,116075,306.0,25,0.08108083333333338,21.01203489303589,357.34494400024414,96.68110770802014
mlp_qmix__N16__ring__seed6,mlp_qmix,coord_grid,6,4643,116100,318.0,25,0.0808829166666667,16.07940177122752,308.3647689819336,96.70263062498998
mlp_qmix__N16__ring__seed6,mlp_qmix,coord_grid,6,4644,116125,310.0,25,0.080685,26.403747286115372,380.3979797363281,96.72654266603058
mlp_qmix__N16__ring__seed6,mlp_qmix,coord_grid,6,4645,116150,331.0,25,0.08048708333333332,25.464830080668133,412.91932169596356,96.74698950001039
mlp_qmix__N16__ring__seed6,mlp_qmix,coord_grid,6,4646,116175,303.0,25,0.08028916666666674,32.0794407526652,307.24326451619464,96.76713637501234
mlp_qmix__N16__ring__seed6,mlp_qmix,coord_grid,6,4647,116200,313.0,25,0.08009125000000006,16.366368889808655,406.8114522298177,96.78816841600928
mlp_qmix__N16__ring__seed6,mlp_qmix,coord_grid,6,4648,116225,300.0,25,0.07989333333333337,26.12371723992484,521.920414515904,96.81137591600418
mlp_qmix__N16__ring__seed6,mlp_qmix,coord_grid,6,4649,116250,297.0,25,0.0796954166666668,14.242548505465189,306.10252888997394,96.83312095800648
mlp_qmix__N16__ring__seed6,mlp_qmix,coord_grid,6,4650,116275,304.0,25,0.07949750000000011,16.228252311547596,271.30627822875977,96.85456624999642
mlp_qmix__N16__ring__seed6,mlp_qmix,coord_grid,6,4651,116300,302.0,25,0.07929958333333331,23.712926149368286,378.02395884195965,96.87609045801219
mlp_qmix__N16__ring__seed6,mlp_qmix,coord_grid,6,4652,116325,310.0,25,0.07910166666666663,16.642101969037736,400.41380528041293,96.89957950002281
mlp_qmix__N16__ring__seed6,mlp_qmix,coord_grid,6,4653,116350,313.0,25,0.07890375000000005,18.464387714862823,191.39983622233072,96.92004991602153
mlp_qmix__N16__ring__seed6,mlp_qmix,coord_grid,6,4654,116375,293.0,25,0.07870583333333336,20.883359750111897,250.11472829182944,96.94058233301621
mlp_qmix__N16__ring__seed6,mlp_qmix,coord_grid,6,4655,116400,322.0,25,0.07850791666666668,27.736836910247803,210.1858927408854,96.96088245802093
mlp_qmix__N16__ring__seed6,mlp_qmix,coord_grid,6,4656,116425,320.0,25,0.0783100000000001,26.471810511180333,337.91031973702565,96.98312991601415
mlp_qmix__N16__ring__seed6,mlp_qmix,coord_grid,6,4657,116450,324.0,25,0.07811208333333342,23.780986467997234,368.124750773112,97.00323762500193
mlp_qmix__N16__ring__seed6,mlp_qmix,coord_grid,6,4658,116475,308.0,25,0.07791416666666673,16.246974150339764,157.97977193196616,97.0228525410057
mlp_qmix__N16__ring__seed6,mlp_qmix,coord_grid,6,4659,116500,324.0,25,0.07771625000000004,27.850221633911133,161.15457598368326,97.04328924999572
mlp_qmix__N16__ring__seed6,mlp_qmix,coord_grid,6,4660,116525,318.0,25,0.07751833333333336,26.819003786359513,304.76232310703824,97.06644504098222
mlp_qmix__N16__ring__seed6,mlp_qmix,coord_grid,6,4661,116550,319.0,25,0.07732041666666667,12.33830984433492,715.3238677978516,97.08656420803163
mlp_qmix__N16__ring__seed6,mlp_qmix,coord_grid,6,4662,116575,324.0,25,0.07712249999999998,18.653464317321777,638.2010599772135,97.1066828329931
mlp_qmix__N16__ring__seed6,mlp_qmix,coord_grid,6,4663,116600,317.0,25,0.07692458333333341,14.960326155026754,529.6605758666992,97.12730366602773
mlp_qmix__N16__ring__seed6,mlp_qmix,coord_grid,6,4664,116625,324.0,25,0.07672666666666672,22.41202470234462,242.83351244245256,97.15103558299597
mlp_qmix__N16__ring__seed6,mlp_qmix,coord_grid,6,4665,116650,321.0,25,0.07652875000000003,14.069143533706665,296.8074137369792,97.17171429103473
mlp_qmix__N16__ring__seed6,mlp_qmix,coord_grid,6,4666,116675,308.0,25,0.07633083333333335,26.119449615478516,285.9247220357259,97.19183220801642
mlp_qmix__N16__ring__seed6,mlp_qmix,coord_grid,6,4667,116700,332.0,25,0.07613291666666677,23.544786771138508,264.5612487792969,97.21193120803218
mlp_qmix__N16__ring__seed6,mlp_qmix,coord_grid,6,4668,116725,316.0,25,0.07593500000000009,29.841537645884923,564.5540597098214,97.234685500036
mlp_qmix__N16__ring__seed6,mlp_qmix,coord_grid,6,4669,116750,330.0,25,0.07573708333333329,19.45058790842692,488.1394462585449,97.25462366599822
mlp_qmix__N16__ring__seed6,mlp_qmix,coord_grid,6,4670,116775,334.0,25,0.07553916666666671,24.426427284876507,514.3628667195638,97.27443341602338
mlp_qmix__N16__ring__seed6,mlp_qmix,coord_grid,6,4671,116800,325.0,25,0.07534125000000003,21.584991614023846,471.1383870442708,97.29422258300474
mlp_qmix__N16__ring__seed6,mlp_qmix,coord_grid,6,4672,116825,296.0,25,0.07514333333333334,29.287594897406443,485.4287370954241,97.3159859580337
mlp_qmix__N16__ring__seed6,mlp_qmix,coord_grid,6,4673,116850,313.0,25,0.07494541666666676,14.780458450317383,482.4793395996094,97.33603308303282
mlp_qmix__N16__ring__seed6,mlp_qmix,coord_grid,6,4674,116875,327.0,25,0.07474750000000008,26.73007361094157,453.0818150838216,97.35587949998444
mlp_qmix__N16__ring__seed6,mlp_qmix,coord_grid,6,4675,116900,326.0,25,0.07454958333333339,17.043264865875244,447.97202555338544,97.37604741600808
mlp_qmix__N16__ring__seed6,mlp_qmix,coord_grid,6,4676,116925,334.0,25,0.0743516666666667,21.016437802995956,527.9097246442523,97.3982687080279
mlp_qmix__N16__ring__seed6,mlp_qmix,coord_grid,6,4677,116950,335.0,25,0.07415375000000002,24.559566577275593,520.0721486409506,97.4181428750162
mlp_qmix__N16__ring__seed6,mlp_qmix,coord_grid,6,4678,116975,314.0,25,0.07395583333333333,14.582620978355408,467.577143351237,97.43916354101384
mlp_qmix__N16__ring__seed6,mlp_qmix,coord_grid,6,4679,117000,306.0,25,0.07375791666666665,8.052488525708517,544.7824325561523,97.45927237498108
mlp_qmix__N16__ring__seed6,mlp_qmix,coord_grid,6,4680,117025,317.0,25,0.07356000000000007,31.812801429203578,604.0286145891462,97.48195774998749
mlp_qmix__N16__ring__seed6,mlp_qmix,coord_grid,6,4681,117050,302.0,25,0.07336208333333338,17.921287695566814,551.8471775054932,97.50201875000494
mlp_qmix__N16__ring__seed6,mlp_qmix,coord_grid,6,4682,117075,279.0,25,0.0731641666666667,15.692818840344747,518.9183756510416,97.52237041603075
mlp_qmix__N16__ring__seed6,mlp_qmix,coord_grid,6,4683,117100,317.0,25,0.07296625000000001,20.255769729614258,534.4221140543619,97.54301541601308
mlp_qmix__N16__ring__seed6,mlp_qmix,coord_grid,6,4684,117125,292.0,25,0.07276833333333343,29.842244148254395,450.30152893066406,97.56585574999917
mlp_qmix__N16__ring__seed6,mlp_qmix,coord_grid,6,4685,117150,314.0,25,0.07257041666666675,36.891539573669434,489.23683166503906,97.58662000001641
mlp_qmix__N16__ring__seed6,mlp_qmix,coord_grid,6,4686,117175,294.0,25,0.07237249999999995,14.37099572022756,275.8389727274577,97.60659087501699
mlp_qmix__N16__ring__seed6,mlp_qmix,coord_grid,6,4687,117200,242.0,25,0.07217458333333338,9.785819490750631,404.1828753153483,97.62660545803374
mlp_qmix__N16__ring__seed6,mlp_qmix,coord_grid,6,4688,117225,310.0,25,0.07197666666666669,19.085522515433176,448.06708853585377,97.64927904098295
mlp_qmix__N16__ring__seed6,mlp_qmix,coord_grid,6,4689,117250,316.0,25,0.07177875,17.673362334569294,537.1276295979818,97.66951591602992
mlp_qmix__N16__ring__seed6,mlp_qmix,coord_grid,6,4690,117275,271.0,25,0.07158083333333343,36.81032737096151,492.60186258951825,97.69024891598383
mlp_qmix__N16__ring__seed6,mlp_qmix,coord_grid,6,4691,117300,292.0,25,0.07138291666666674,21.991289059321087,347.8905487060547,97.71034270798555
mlp_qmix__N16__ring__seed6,mlp_qmix,coord_grid,6,4692,117325,317.0,25,0.07118500000000005,18.837328706468856,314.3482360839844,97.73225375002949
mlp_qmix__N16__ring__seed6,mlp_qmix,coord_grid,6,4693,117350,290.0,25,0.07098708333333337,15.00202202796936,425.78369140625,97.75251870800275
mlp_qmix__N16__ring__seed6,mlp_qmix,coord_grid,6,4694,117375,328.0,25,0.07078916666666679,17.503535866737366,410.6250813802083,97.77272787498077
mlp_qmix__N16__ring__seed6,mlp_qmix,coord_grid,6,4695,117400,337.0,25,0.07059125,23.509322822093964,246.49512227376303,97.79264233302092
mlp_qmix__N16__ring__seed6,mlp_qmix,coord_grid,6,4696,117425,312.0,25,0.07039333333333331,23.32368094580514,352.16461508614674,97.81473049998749
mlp_qmix__N16__ring__seed6,mlp_qmix,coord_grid,6,4697,117450,321.0,25,0.07019541666666673,19.131882190704346,338.95039621988934,97.83475774998078
mlp_qmix__N16__ring__seed6,mlp_qmix,coord_grid,6,4698,117475,320.0,25,0.06999750000000005,16.554970026016235,568.468822479248,97.85498275002465
mlp_qmix__N16__ring__seed6,mlp_qmix,coord_grid,6,4699,117500,327.0,25,0.06979958333333336,28.678829511006672,590.9915517171224,97.8753393330262
mlp_qmix__N16__ring__seed6,mlp_qmix,coord_grid,6,4700,117525,295.0,25,0.06960166666666667,25.990638630730764,452.0268075125558,97.89770270802546
mlp_qmix__N16__ring__seed6,mlp_qmix,coord_grid,6,4701,117550,291.0,25,0.0694037500000001,23.8786776860555,291.9516830444336,97.91755170800025
mlp_qmix__N16__ring__seed6,mlp_qmix,coord_grid,6,4702,117575,332.0,25,0.06920583333333341,21.69738248984019,250.80517705281576,97.93723754101666
mlp_qmix__N16__ring__seed6,mlp_qmix,coord_grid,6,4703,117600,322.0,25,0.06900791666666672,26.341569264729817,317.6469370524089,97.95711904100608
mlp_qmix__N16__ring__seed6,mlp_qmix,coord_grid,6,4704,117625,293.0,25,0.06881000000000004,31.47197369166783,442.3016139439174,97.9792907499941
mlp_qmix__N16__ring__seed6,mlp_qmix,coord_grid,6,4705,117650,292.0,25,0.06861208333333335,19.186273336410522,346.99744923909503,97.99939837498823
mlp_qmix__N16__ring__seed6,mlp_qmix,coord_grid,6,4706,117675,298.0,25,0.06841416666666666,16.797222018241882,328.9098714192708,98.01965387503151
mlp_qmix__N16__ring__seed6,mlp_qmix,coord_grid,6,4707,117700,334.0,25,0.06821625000000009,29.18538196881612,432.04063924153644,98.03972454101313
mlp_qmix__N16__ring__seed6,mlp_qmix,coord_grid,6,4708,117725,330.0,25,0.0680183333333334,26.92454869406564,565.3684338160923,98.06234212499112
mlp_qmix__N16__ring__seed6,mlp_qmix,coord_grid,6,4709,117750,338.0,25,0.06782041666666672,23.949859221776325,377.2110417683919,98.08253508299822
mlp_qmix__N16__ring__seed6,mlp_qmix,coord_grid,6,4710,117775,322.0,25,0.06762250000000003,14.436424255371094,269.24718221028644,98.10318800003733
mlp_qmix__N16__ring__seed6,mlp_qmix,coord_grid,6,4711,117800,314.0,25,0.06742458333333345,19.254419287045796,319.07311884562176,98.12343704100931
mlp_qmix__N16__ring__seed6,mlp_qmix,coord_grid,6,4712,117825,299.0,25,0.06722666666666666,20.044629641941615,734.5641980852399,98.14587404101621
mlp_qmix__N16__ring__seed6,mlp_qmix,coord_grid,6,4713,117850,315.0,25,0.06702874999999997,24.778528928756714,738.0823923746744,98.16608774999622
mlp_qmix__N16__ring__seed6,mlp_qmix,coord_grid,6,4714,117875,348.0,25,0.0668308333333334,12.630766669909159,425.57887268066406,98.18585012498079
mlp_qmix__N16__ring__seed6,mlp_qmix,coord_grid,6,4715,117900,319.0,25,0.06663291666666671,29.433690071105957,314.8266957600911,98.2058928750339
mlp_qmix__N16__ring__seed6,mlp_qmix,coord_grid,6,4716,117925,327.0,25,0.06643500000000002,11.342263323920113,448.66742161342074,98.22828170802677
mlp_qmix__N16__ring__seed6,mlp_qmix,coord_grid,6,4717,117950,330.0,25,0.06623708333333334,10.02379290262858,437.8112983703613,98.24826862500049
mlp_qmix__N16__ring__seed6,mlp_qmix,coord_grid,6,4718,117975,281.0,25,0.06603916666666676,24.427426119645435,349.53980509440106,98.26831929100445
mlp_qmix__N16__ring__seed6,mlp_qmix,coord_grid,6,4719,118000,330.0,25,0.06584125000000007,9.640365680058798,399.78139241536456,98.2892274580081
mlp_qmix__N16__ring__seed6,mlp_qmix,coord_grid,6,4720,118025,326.0,25,0.06564333333333339,19.148393954549515,203.53853934151786,98.31251083302777
mlp_qmix__N16__ring__seed6,mlp_qmix,coord_grid,6,4721,118050,297.0,25,0.0654454166666667,17.69598150253296,379.13457743326825,98.33298495801864
mlp_qmix__N16__ring__seed6,mlp_qmix,coord_grid,6,4722,118075,318.0,25,0.06524750000000001,13.457194646199545,668.4805348714193,98.35322600003565
mlp_qmix__N16__ring__seed6,mlp_qmix,coord_grid,6,4723,118100,314.0,25,0.06504958333333333,27.238798181215923,415.90777587890625,98.37367695802823
mlp_qmix__N16__ring__seed6,mlp_qmix,coord_grid,6,4724,118125,312.0,25,0.06485166666666675,19.898843356541224,448.260498046875,98.39708962501027
mlp_qmix__N16__ring__seed6,mlp_qmix,coord_grid,6,4725,118150,312.0,25,0.06465375000000007,22.73488962650299,533.6987584431967,98.41681195801357
mlp_qmix__N16__ring__seed6,mlp_qmix,coord_grid,6,4726,118175,314.0,25,0.06445583333333338,30.14923294385274,549.0406239827474,98.43709066603333
mlp_qmix__N16__ring__seed6,mlp_qmix,coord_grid,6,4727,118200,325.0,25,0.06425791666666669,27.302463213602703,352.86278406778973,98.45704737503547
mlp_qmix__N16__ring__seed6,mlp_qmix,coord_grid,6,4728,118225,329.0,25,0.06406000000000012,25.555210658482142,309.44944654192244,98.47968375001801
mlp_qmix__N16__ring__seed6,mlp_qmix,coord_grid,6,4729,118250,297.0,25,0.06386208333333343,27.3336607615153,439.19161224365234,98.49967270798516
mlp_qmix__N16__ring__seed6,mlp_qmix,coord_grid,6,4730,118275,324.0,25,0.06366416666666663,20.58384637037913,438.7521718343099,98.51971362502081
mlp_qmix__N16__ring__seed6,mlp_qmix,coord_grid,6,4731,118300,333.0,25,0.06346625000000006,37.528964042663574,557.5110270182291,98.53973787499126
mlp_qmix__N16__ring__seed6,mlp_qmix,coord_grid,6,4732,118325,327.0,25,0.06326833333333337,22.601018735340663,556.6080551147461,98.56315533298766
mlp_qmix__N16__ring__seed6,mlp_qmix,coord_grid,6,4733,118350,321.0,25,0.06307041666666668,17.37242555618286,394.4211057027181,98.58286366600078
mlp_qmix__N16__ring__seed6,mlp_qmix,coord_grid,6,4734,118375,290.0,25,0.0628725,30.602999369303387,539.8218434651693,98.60245241603116
mlp_qmix__N16__ring__seed6,mlp_qmix,coord_grid,6,4735,118400,332.0,25,0.06267458333333342,41.915083249409996,379.123530069987,98.62246854102705
mlp_qmix__N16__ring__seed6,mlp_qmix,coord_grid,6,4736,118425,333.0,25,0.062476666666666736,25.51255852835519,268.59342411586215,98.64519354101503
mlp_qmix__N16__ring__seed6,mlp_qmix,coord_grid,6,4737,118450,331.0,25,0.06227875000000005,21.969627300898235,220.26938501993814,98.6651558750309
mlp_qmix__N16__ring__seed6,mlp_qmix,coord_grid,6,4738,118475,305.0,25,0.06208083333333336,24.382128596305847,294.185541788737,98.68491420801729
mlp_qmix__N16__ring__seed6,mlp_qmix,coord_grid,6,4739,118500,290.0,25,0.061882916666666676,21.857972383499146,285.0868657430013,98.70514954102691
mlp_qmix__N16__ring__seed6,mlp_qmix,coord_grid,6,4740,118525,328.0,25,0.06168499999999999,36.17511504037039,208.54112352643693,98.72756941599073
mlp_qmix__N16__ring__seed6,mlp_qmix,coord_grid,6,4741,118550,328.0,25,0.0614870833333333,24.99533748626709,307.2501614888509,98.74734841601457
mlp_qmix__N16__ring__seed6,mlp_qmix,coord_grid,6,4742,118575,306.0,25,0.06128916666666673,22.740467190742493,364.1879399617513,98.76717216602992
mlp_qmix__N16__ring__seed6,mlp_qmix,coord_grid,6,4743,118600,326.0,25,0.06109125000000004,17.648871223131817,493.5410461425781,98.7872198750265
mlp_qmix__N16__ring__seed6,mlp_qmix,coord_grid,6,4744,118625,312.0,25,0.060893333333333355,26.3743040902274,665.3437412806919,98.80981662502745
mlp_qmix__N16__ring__seed6,mlp_qmix,coord_grid,6,4745,118650,315.0,25,0.06069541666666678,18.27773133913676,574.6785532633463,98.82997700001579
mlp_qmix__N16__ring__seed6,mlp_qmix,coord_grid,6,4746,118675,305.0,25,0.06049750000000009,15.13873839378357,448.6062418619792,98.8497460000217
mlp_qmix__N16__ring__seed6,mlp_qmix,coord_grid,6,4747,118700,308.0,25,0.060299583333333295,27.02743625640869,614.5664265950521,98.86953816603636
mlp_qmix__N16__ring__seed6,mlp_qmix,coord_grid,6,4748,118725,313.0,25,0.06010166666666672,27.008625030517578,526.941540309361,98.8922811250086
mlp_qmix__N16__ring__seed6,mlp_qmix,coord_grid,6,4749,118750,307.0,25,0.05990375000000003,13.395179231961569,493.34748458862305,98.91210491600214
mlp_qmix__N16__ring__seed6,mlp_qmix,coord_grid,6,4750,118775,321.0,25,0.05970583333333335,20.57097927729289,420.6638870239258,98.93212837498868
mlp_qmix__N16__ring__seed6,mlp_qmix,coord_grid,6,4751,118800,319.0,25,0.05950791666666666,12.192071815331778,259.8600031534831,98.95220587501535
mlp_qmix__N16__ring__seed6,mlp_qmix,coord_grid,6,4752,118825,335.0,25,0.059310000000000085,28.276960849761963,195.1668532235282,98.97446387499804
mlp_qmix__N16__ring__seed6,mlp_qmix,coord_grid,6,4753,118850,303.0,25,0.0591120833333334,17.928797324498493,400.2633107503255,98.99425083299866
mlp_qmix__N16__ring__seed6,mlp_qmix,coord_grid,6,4754,118875,296.0,25,0.05891416666666671,24.40679144859314,165.28544807434082,99.0139572910266
mlp_qmix__N16__ring__seed6,mlp_qmix,coord_grid,6,4755,118900,336.0,25,0.058716250000000136,17.863776246706646,383.42683664957684,99.03409862500848
mlp_qmix__N16__ring__seed6,mlp_qmix,coord_grid,6,4756,118925,307.0,25,0.05851833333333334,30.584881373814174,225.6067635672433,99.0562234580284
mlp_qmix__N16__ring__seed6,mlp_qmix,coord_grid,6,4757,118950,325.0,25,0.05832041666666665,22.340789159138996,220.79132843017578,99.07714399998076
mlp_qmix__N16__ring__seed6,mlp_qmix,coord_grid,6,4758,118975,346.0,25,0.058122499999999966,30.43203004201253,407.84655634562176,99.09705450001638
mlp_qmix__N16__ring__seed6,mlp_qmix,coord_grid,6,4759,119000,324.0,25,0.05792458333333339,20.101232409477234,272.8933270772298,99.1169972079806
mlp_qmix__N16__ring__seed6,mlp_qmix,coord_grid,6,4760,119025,326.0,25,0.057726666666666704,17.599028961999075,472.6421225411551,99.1393035830115
mlp_qmix__N16__ring__seed6,mlp_qmix,coord_grid,6,4761,119050,326.0,25,0.05752875000000002,30.49447786808014,481.57493082682294,99.15976216603303
mlp_qmix__N16__ring__seed6,mlp_qmix,coord_grid,6,4762,119075,337.0,25,0.05733083333333344,17.570780018965404,397.5354639689128,99.17950712499442
mlp_qmix__N16__ring__seed6,mlp_qmix,coord_grid,6,4763,119100,336.0,25,0.057132916666666755,22.601991534233093,381.96756235758465,99.1992814160185
mlp_qmix__N16__ring__seed6,mlp_qmix,coord_grid,6,4764,119125,308.0,25,0.05693500000000007,17.79197653702327,439.73072378976,99.2219929160201
mlp_qmix__N16__ring__seed6,mlp_qmix,coord_grid,6,4765,119150,317.0,25,0.05673708333333338,28.179990927378338,529.8601811726888,99.24206887499895
mlp_qmix__N16__ring__seed6,mlp_qmix,coord_grid,6,4766,119175,336.0,25,0.056539166666666696,13.04641350110372,461.0515543619792,99.26201925001806
mlp_qmix__N16__ring__seed6,mlp_qmix,coord_grid,6,4767,119200,326.0,25,0.05634125000000001,31.68053086598714,588.0996882120768,99.28168883302715
mlp_qmix__N16__ring__seed6,mlp_qmix,coord_grid,6,4768,119225,319.0,25,0.05614333333333332,14.107308523995536,498.68321010044644,99.3043445830117
mlp_qmix__N16__ring__seed6,mlp_qmix,coord_grid,6,4769,119250,326.0,25,0.05594541666666675,16.322370052337646,606.3809865315756,99.32416737498716
mlp_qmix__N16__ring__seed6,mlp_qmix,coord_grid,6,4770,119275,346.0,25,0.05574750000000006,22.914122263590496,621.9115435282389,99.34402612503618
mlp_qmix__N16__ring__seed6,mlp_qmix,coord_grid,6,4771,119300,330.0,25,0.055549583333333374,28.21340747674306,446.6090482076009,99.36352275003446
mlp_qmix__N16__ring__seed6,mlp_qmix,coord_grid,6,4772,119325,326.0,25,0.0553516666666668,24.906698840005056,703.2490888323102,99.38657787500415
mlp_qmix__N16__ring__seed6,mlp_qmix,coord_grid,6,4773,119350,323.0,25,0.05515375,20.33473805586497,383.04920196533203,99.40656949998811
mlp_qmix__N16__ring__seed6,mlp_qmix,coord_grid,6,4774,119375,323.0,25,0.054955833333333315,30.288782437642414,505.34605662027997,99.42686341598164
mlp_qmix__N16__ring__seed6,mlp_qmix,coord_grid,6,4775,119400,321.0,25,0.05475791666666663,28.750298182169598,571.6560211181641,99.44837425003061
mlp_qmix__N16__ring__seed6,mlp_qmix,coord_grid,6,4776,119425,314.0,25,0.05456000000000005,21.43165479387556,815.3028302873884,99.4712134579895
mlp_qmix__N16__ring__seed6,mlp_qmix,coord_grid,6,4777,119450,341.0,25,0.054362083333333366,31.039048353830974,528.5218556722006,99.49123804102419
mlp_qmix__N16__ring__seed6,mlp_qmix,coord_grid,6,4778,119475,326.0,25,0.05416416666666668,45.41108274459839,335.0080935160319,99.51116120803636
mlp_qmix__N16__ring__seed6,mlp_qmix,coord_grid,6,4779,119500,338.0,25,0.053966250000000104,25.32054901123047,300.67725372314453,99.53104508301476
mlp_qmix__N16__ring__seed6,mlp_qmix,coord_grid,6,4780,119525,312.0,25,0.05376833333333342,31.781233957835607,565.7562364850726,99.55432895803824
mlp_qmix__N16__ring__seed6,mlp_qmix,coord_grid,6,4781,119550,319.0,25,0.05357041666666673,18.644113938013714,570.1342976888021,99.57436149998102
mlp_qmix__N16__ring__seed6,mlp_qmix,coord_grid,6,4782,119575,319.0,25,0.053372500000000045,25.762244701385498,437.3652979532878,99.59441575000528
mlp_qmix__N16__ring__seed6,mlp_qmix,coord_grid,6,4783,119600,335.0,25,0.05317458333333336,38.57185490926107,363.2913462320964,99.61404300003778
mlp_qmix__N16__ring__seed6,mlp_qmix,coord_grid,6,4784,119625,330.0,25,0.05297666666666667,24.61167173726218,439.9671870640346,99.63669441599632
mlp_qmix__N16__ring__seed6,mlp_qmix,coord_grid,6,4785,119650,340.0,25,0.052778749999999985,22.480640788873036,329.11124420166016,99.6566621660022
mlp_qmix__N16__ring__seed6,mlp_qmix,coord_grid,6,4786,119675,311.0,25,0.05258083333333341,28.13479232788086,406.1156946818034,99.67690670798765
mlp_qmix__N16__ring__seed6,mlp_qmix,coord_grid,6,4787,119700,334.0,25,0.05238291666666672,20.41893966992696,357.7271779378255,99.69662195799174
mlp_qmix__N16__ring__seed6,mlp_qmix,coord_grid,6,4788,119725,341.0,25,0.05218500000000004,17.501294340406144,329.0177710396903,99.71924125001533
mlp_qmix__N16__ring__seed6,mlp_qmix,coord_grid,6,4789,119750,335.0,25,0.05198708333333346,15.893585006395975,482.57337697347003,99.7393787910114
mlp_qmix__N16__ring__seed6,mlp_qmix,coord_grid,6,4790,119775,342.0,25,0.051789166666666775,15.369549910227457,508.9189643859863,99.75891629100079
mlp_qmix__N16__ring__seed6,mlp_qmix,coord_grid,6,4791,119800,354.0,25,0.05159124999999998,17.636586050192516,303.3778127034505,99.77875908301212
mlp_qmix__N16__ring__seed6,mlp_qmix,coord_grid,6,4792,119825,325.0,25,0.05139333333333329,20.23812907082694,454.32796696254184,99.80080783303129
mlp_qmix__N16__ring__seed6,mlp_qmix,coord_grid,6,4793,119850,340.0,25,0.051195416666666715,26.973939895629883,639.4944814046224,99.82052045798628
mlp_qmix__N16__ring__seed6,mlp_qmix,coord_grid,6,4794,119875,333.0,25,0.05099750000000003,18.217680772145588,445.6038004557292,99.84051275003003
mlp_qmix__N16__ring__seed6,mlp_qmix,coord_grid,6,4795,119900,344.0,25,0.05079958333333334,11.611561258633932,622.8918965657552,99.86060150002595
mlp_qmix__N16__ring__seed6,mlp_qmix,coord_grid,6,4796,119925,341.0,25,0.05060166666666677,27.17296062197004,678.7423204694476,99.88271129102213
mlp_qmix__N16__ring__seed6,mlp_qmix,coord_grid,6,4797,119950,352.0,25,0.05040375000000008,15.507983525594076,462.1730372111003,99.90336941601709
mlp_qmix__N16__ring__seed6,mlp_qmix,coord_grid,6,4798,119975,337.0,25,0.050205833333333394,32.75647099812826,245.42142486572266,99.92341608303832
mlp_qmix__N16__ring__seed6,mlp_qmix,coord_grid,6,4799,120000,318.0,25,0.05000791666666671,17.994240125020344,519.6026306152344,99.94387037499109
mlp_qmix__N16__ring__seed6,mlp_qmix,coord_grid,6,4800,120025,324.0,25,0.050000000000000044,26.170686176845006,222.2353504725865,99.96664970798884
mlp_qmix__N16__ring__seed6,mlp_qmix,coord_grid,6,4801,120050,336.0,25,0.050000000000000044,17.842111786206562,432.8191375732422,99.98659754102118
mlp_qmix__N16__ring__seed6,mlp_qmix,coord_grid,6,4802,120075,335.0,25,0.050000000000000044,18.474940458933514,528.6590347290039,100.00688870798331
mlp_qmix__N16__ring__seed6,mlp_qmix,coord_grid,6,4803,120100,314.0,25,0.050000000000000044,21.24592928091685,579.7671229044596,100.02693720802199
mlp_qmix__N16__ring__seed6,mlp_qmix,coord_grid,6,4804,120125,331.0,25,0.050000000000000044,29.533869198390416,510.475577218192,100.05020562501159
mlp_qmix__N16__ring__seed6,mlp_qmix,coord_grid,6,4805,120150,330.0,25,0.050000000000000044,20.323877692222595,461.79114532470703,100.06969025003491
mlp_qmix__N16__ring__seed6,mlp_qmix,coord_grid,6,4806,120175,324.0,25,0.050000000000000044,17.772071838378906,367.94190470377606,100.08958437503316
mlp_qmix__N16__ring__seed6,mlp_qmix,coord_grid,6,4807,120200,333.0,25,0.050000000000000044,22.692915042241413,305.0871416727702,100.10952220798936
mlp_qmix__N16__ring__seed6,mlp_qmix,coord_grid,6,4808,120225,333.0,25,0.050000000000000044,19.82204273768834,831.8308192661831,100.13191945798462
mlp_qmix__N16__ring__seed6,mlp_qmix,coord_grid,6,4809,120250,314.0,25,0.050000000000000044,19.13645549615224,592.9350992838541,100.15231670800131
mlp_qmix__N16__ring__seed6,mlp_qmix,coord_grid,6,4810,120275,333.0,25,0.050000000000000044,25.886545181274414,390.64746348063153,100.17256025003735
mlp_qmix__N16__ring__seed6,mlp_qmix,coord_grid,6,4811,120300,326.0,25,0.050000000000000044,27.920464833577473,199.9313824971517,100.1923881249968
mlp_qmix__N16__ring__seed6,mlp_qmix,coord_grid,6,4812,120325,337.0,25,0.050000000000000044,45.459957122802734,360.81464712960377,100.21716612501768
mlp_qmix__N16__ring__seed6,mlp_qmix,coord_grid,6,4813,120350,347.0,25,0.050000000000000044,9.836209535598755,203.81583786010742,100.23796970798867
mlp_qmix__N16__ring__seed6,mlp_qmix,coord_grid,6,4814,120375,342.0,25,0.050000000000000044,25.412469546000164,165.8265609741211,100.25800508301472
mlp_qmix__N16__ring__seed6,mlp_qmix,coord_grid,6,4815,120400,321.0,25,0.050000000000000044,10.078099509080252,262.0420621236165,100.27782441599993
mlp_qmix__N16__ring__seed6,mlp_qmix,coord_grid,6,4816,120425,346.0,25,0.050000000000000044,28.36267420223781,561.3179081508091,100.30016870802501
mlp_qmix__N16__ring__seed6,mlp_qmix,coord_grid,6,4817,120450,297.0,25,0.050000000000000044,34.04345667362213,438.24079513549805,100.32101837499067
mlp_qmix__N16__ring__seed6,mlp_qmix,coord_grid,6,4818,120475,335.0,25,0.050000000000000044,21.00252193212509,406.8543701171875,100.34087175002787
mlp_qmix__N16__ring__seed6,mlp_qmix,coord_grid,6,4819,120500,321.0,25,0.050000000000000044,15.103209614753723,242.49042256673178,100.36068199999863
mlp_qmix__N16__ring__seed6,mlp_qmix,coord_grid,6,4820,120525,332.0,25,0.050000000000000044,25.03038001060486,449.9240046909877,100.383064499998
mlp_qmix__N16__ring__seed6,mlp_qmix,coord_grid,6,4821,120550,304.0,25,0.050000000000000044,24.64021162192027,696.6807200113932,100.40254058298888
mlp_qmix__N16__ring__seed6,mlp_qmix,coord_grid,6,4822,120575,330.0,25,0.050000000000000044,31.041841705640156,372.1547393798828,100.4226054159808
mlp_qmix__N16__ring__seed6,mlp_qmix,coord_grid,6,4823,120600,321.0,25,0.050000000000000044,25.906028827031452,415.1886800130208,100.44337204098701
mlp_qmix__N16__ring__seed6,mlp_qmix,coord_grid,6,4824,120625,352.0,25,0.050000000000000044,24.685903447014944,370.95877511160717,100.46567941602552
mlp_qmix__N16__ring__seed6,mlp_qmix,coord_grid,6,4825,120650,341.0,25,0.050000000000000044,22.950846314430237,343.41009012858075,100.48547620803583
mlp_qmix__N16__ring__seed6,mlp_qmix,coord_grid,6,4826,120675,338.0,25,0.050000000000000044,26.392871379852295,515.8398132324219,100.50565054098843
mlp_qmix__N16__ring__seed6,mlp_qmix,coord_grid,6,4827,120700,335.0,25,0.050000000000000044,23.274580399195354,468.1264012654622,100.52549212501617
mlp_qmix__N16__ring__seed6,mlp_qmix,coord_grid,6,4828,120725,321.0,25,0.050000000000000044,13.48903659411839,447.62464904785156,100.54738100001123
mlp_qmix__N16__ring__seed6,mlp_qmix,coord_grid,6,4829,120750,340.0,25,0.050000000000000044,15.161892771720886,262.57312266031903,100.56858295801794
mlp_qmix__N16__ring__seed6,mlp_qmix,coord_grid,6,4830,120775,328.0,25,0.050000000000000044,17.893356760342915,231.40329360961914,100.58874629100319
mlp_qmix__N16__ring__seed6,mlp_qmix,coord_grid,6,4831,120800,339.0,25,0.050000000000000044,17.773325443267822,253.49326451619467,100.60874358302681
mlp_qmix__N16__ring__seed6,mlp_qmix,coord_grid,6,4832,120825,342.0,25,0.050000000000000044,15.33339730330876,226.677369253976,100.63118470803602
mlp_qmix__N16__ring__seed6,mlp_qmix,coord_grid,6,4833,120850,333.0,25,0.050000000000000044,15.058896958827972,225.40017573038736,100.65177545801271
mlp_qmix__N16__ring__seed6,mlp_qmix,coord_grid,6,4834,120875,317.0,25,0.050000000000000044,17.904855291048687,403.47908782958984,100.6718694579904
mlp_qmix__N16__ring__seed6,mlp_qmix,coord_grid,6,4835,120900,337.0,25,0.050000000000000044,36.6066326101621,455.29043833414715,100.69173108303221
mlp_qmix__N16__ring__seed6,mlp_qmix,coord_grid,6,4836,120925,317.0,25,0.050000000000000044,22.66093478884016,411.8980691092355,100.71401541598607
mlp_qmix__N16__ring__seed6,mlp_qmix,coord_grid,6,4837,120950,339.0,25,0.050000000000000044,31.003766377766926,285.26170349121094,100.73436033300823
mlp_qmix__N16__ring__seed6,mlp_qmix,coord_grid,6,4838,120975,339.0,25,0.050000000000000044,18.001354376475017,458.4225107828776,100.75422987499041
mlp_qmix__N16__ring__seed6,mlp_qmix,coord_grid,6,4839,121000,343.0,25,0.050000000000000044,18.39928952852885,612.0635375976562,100.77440354099963
mlp_qmix__N16__ring__seed6,mlp_qmix,coord_grid,6,4840,121025,337.0,25,0.050000000000000044,25.186261653900146,732.7827889578683,100.79665874998318
mlp_qmix__N16__ring__seed6,mlp_qmix,coord_grid,6,4841,121050,316.0,25,0.050000000000000044,29.9905203183492,625.1956481933594,100.8173992499942
mlp_qmix__N16__ring__seed6,mlp_qmix,coord_grid,6,4842,121075,311.0,25,0.050000000000000044,30.41680892308553,676.8505477905273,100.83732412499376
mlp_qmix__N16__ring__seed6,mlp_qmix,coord_grid,6,4843,121100,323.0,25,0.050000000000000044,35.63687705993652,669.2150751749674,100.8574422079837
mlp_qmix__N16__ring__seed6,mlp_qmix,coord_grid,6,4844,121125,338.0,25,0.050000000000000044,16.826715878077916,589.1026000976562,100.87970500002848
mlp_qmix__N16__ring__seed6,mlp_qmix,coord_grid,6,4845,121150,345.0,25,0.050000000000000044,27.295726736386616,693.5065511067709,100.90087645803578
mlp_qmix__N16__ring__seed6,mlp_qmix,coord_grid,6,4846,121175,350.0,25,0.050000000000000044,26.66172746817271,513.9499460856119,100.92095708299894
mlp_qmix__N16__ring__seed6,mlp_qmix,coord_grid,6,4847,121200,328.0,25,0.050000000000000044,24.15286163489024,466.08360544840497,100.94106737500988
mlp_qmix__N16__ring__seed6,mlp_qmix,coord_grid,6,4848,121225,327.0,25,0.050000000000000044,12.182290758405413,595.1204790387835,100.9634193329839
mlp_qmix__N16__ring__seed6,mlp_qmix,coord_grid,6,4849,121250,339.0,25,0.050000000000000044,33.80845864613851,673.0042978922526,100.98269924998749
mlp_qmix__N16__ring__seed6,mlp_qmix,coord_grid,6,4850,121275,343.0,25,0.050000000000000044,24.342854380607605,544.4132639567057,101.00257845799206
mlp_qmix__N16__ring__seed6,mlp_qmix,coord_grid,6,4851,121300,323.0,25,0.050000000000000044,23.274942656358082,227.41999435424805,101.0224824580364
mlp_qmix__N16__ring__seed6,mlp_qmix,coord_grid,6,4852,121325,341.0,25,0.050000000000000044,22.906115191323416,527.4341561453683,101.04509695799788
mlp_qmix__N16__ring__seed6,mlp_qmix,coord_grid,6,4853,121350,338.0,25,0.050000000000000044,20.65493396917979,267.6470896402995,101.06509416602785
mlp_qmix__N16__ring__seed6,mlp_qmix,coord_grid,6,4854,121375,345.0,25,0.050000000000000044,16.004735668500263,663.3189798990885,101.08494970801985
mlp_qmix__N16__ring__seed6,mlp_qmix,coord_grid,6,4855,121400,349.0,25,0.050000000000000044,23.316521247227985,383.99662017822266,101.10513420798816
mlp_qmix__N16__ring__seed6,mlp_qmix,coord_grid,6,4856,121425,307.0,25,0.050000000000000044,22.847320096833364,451.52972739083424,101.12714745802805
mlp_qmix__N16__ring__seed6,mlp_qmix,coord_grid,6,4857,121450,334.0,25,0.050000000000000044,31.71909523010254,408.9305165608724,101.14753175002988
mlp_qmix__N16__ring__seed6,mlp_qmix,coord_grid,6,4858,121475,325.0,25,0.050000000000000044,21.11752486228943,491.0726267496745,101.16774045798229
mlp_qmix__N16__ring__seed6,mlp_qmix,coord_grid,6,4859,121500,345.0,25,0.050000000000000044,4.902626673380534,467.5324986775716,101.18766787502682
mlp_qmix__N16__ring__seed6,mlp_qmix,coord_grid,6,4860,121525,331.0,25,0.050000000000000044,20.55406357560839,554.6292920793805,101.21037724998314
mlp_qmix__N16__ring__seed6,mlp_qmix,coord_grid,6,4861,121550,339.0,25,0.050000000000000044,36.88150533040365,405.38528569539386,101.23065366601804
mlp_qmix__N16__ring__seed6,mlp_qmix,coord_grid,6,4862,121575,342.0,25,0.050000000000000044,20.7958957751592,370.5019785563151,101.25059850001708
mlp_qmix__N16__ring__seed6,mlp_qmix,coord_grid,6,4863,121600,342.0,25,0.050000000000000044,21.53020143508911,548.611686706543,101.27066924999235
mlp_qmix__N16__ring__seed6,mlp_qmix,coord_grid,6,4864,121625,308.0,25,0.050000000000000044,29.262420654296875,672.0081852504185,101.29272529098671
mlp_qmix__N16__ring__seed6,mlp_qmix,coord_grid,6,4865,121650,309.0,25,0.050000000000000044,16.85050868988037,642.9258677164713,101.31298791599693
mlp_qmix__N16__ring__seed6,mlp_qmix,coord_grid,6,4866,121675,338.0,25,0.050000000000000044,26.033464272816975,682.0949300130209,101.33289512502961
mlp_qmix__N16__ring__seed6,mlp_qmix,coord_grid,6,4867,121700,315.0,25,0.050000000000000044,28.992330312728882,732.0391031901041,101.35288266598945
mlp_qmix__N16__ring__seed6,mlp_qmix,coord_grid,6,4868,121725,324.0,25,0.050000000000000044,23.659481048583984,470.1491481236049,101.37542720802594
mlp_qmix__N16__ring__seed6,mlp_qmix,coord_grid,6,4869,121750,326.0,25,0.050000000000000044,26.249165813128155,349.12255605061847,101.39549399999669
mlp_qmix__N16__ring__seed6,mlp_qmix,coord_grid,6,4870,121775,340.0,25,0.050000000000000044,26.084458430608112,195.5494473775228,101.415300749999
mlp_qmix__N16__ring__seed6,mlp_qmix,coord_grid,6,4871,121800,260.0,25,0.050000000000000044,35.115504582722984,509.8225555419922,101.43546316598076
mlp_qmix__N16__ring__seed6,mlp_qmix,coord_grid,6,4872,121825,343.0,25,0.050000000000000044,22.75197798865182,786.6089521135602,101.45782820798922
mlp_qmix__N16__ring__seed6,mlp_qmix,coord_grid,6,4873,121850,318.0,25,0.050000000000000044,20.123512585957844,621.0230458577474,101.47767637501238
mlp_qmix__N16__ring__seed6,mlp_qmix,coord_grid,6,4874,121875,299.0,25,0.050000000000000044,15.128059347470602,691.7121073404948,101.49737441603793
mlp_qmix__N16__ring__seed6,mlp_qmix,coord_grid,6,4875,121900,302.0,25,0.050000000000000044,43.45923678080241,338.83482615152997,101.51715545798652
mlp_qmix__N16__ring__seed6,mlp_qmix,coord_grid,6,4876,121925,340.0,25,0.050000000000000044,23.63592485019139,546.4488242013114,101.5397459579981
mlp_qmix__N16__ring__seed6,mlp_qmix,coord_grid,6,4877,121950,313.0,25,0.050000000000000044,34.91755326588949,605.9909922281901,101.55952204100322
mlp_qmix__N16__ring__seed6,mlp_qmix,coord_grid,6,4878,121975,329.0,25,0.050000000000000044,35.04537304242452,543.1245524088541,101.5805062080035
mlp_qmix__N16__ring__seed6,mlp_qmix,coord_grid,6,4879,122000,305.0,25,0.050000000000000044,34.999502658843994,548.8965657552084,101.60034950001864
mlp_qmix__N16__ring__seed6,mlp_qmix,coord_grid,6,4880,122025,310.0,25,0.050000000000000044,18.52911135128566,485.02441842215404,101.62291966599878
mlp_qmix__N16__ring__seed6,mlp_qmix,coord_grid,6,4881,122050,351.0,25,0.050000000000000044,21.03391108910243,609.1700897216797,101.64303087501321
mlp_qmix__N16__ring__seed6,mlp_qmix,coord_grid,6,4882,122075,334.0,25,0.050000000000000044,18.411808848381042,509.1180191040039,101.66303091601003
mlp_qmix__N16__ring__seed6,mlp_qmix,coord_grid,6,4883,122100,325.0,25,0.050000000000000044,23.639819105466206,264.5450617472331,101.68415033299243
mlp_qmix__N16__ring__seed6,mlp_qmix,coord_grid,6,4884,122125,343.0,25,0.050000000000000044,36.84498405456543,335.70184544154574,101.70659925002838
mlp_qmix__N16__ring__seed6,mlp_qmix,coord_grid,6,4885,122150,318.0,25,0.050000000000000044,29.756572087605793,637.6782811482748,101.72691808303352
mlp_qmix__N16__ring__seed6,mlp_qmix,coord_grid,6,4886,122175,325.0,25,0.050000000000000044,27.97898244857788,702.9521535237631,101.74688333302038
mlp_qmix__N16__ring__seed6,mlp_qmix,coord_grid,6,4887,122200,316.0,25,0.050000000000000044,13.088013629118601,536.5325997670492,101.76663212501444
mlp_qmix__N16__ring__seed6,mlp_qmix,coord_grid,6,4888,122225,339.0,25,0.050000000000000044,14.397237130573817,542.6320953369141,101.78898616600782
mlp_qmix__N16__ring__seed6,mlp_qmix,coord_grid,6,4889,122250,334.0,25,0.050000000000000044,17.959386467933655,740.4582964579264,101.80930437502684
mlp_qmix__N16__ring__seed6,mlp_qmix,coord_grid,6,4890,122275,330.0,25,0.050000000000000044,35.159483909606934,784.1935679117838,101.8294500830234
mlp_qmix__N16__ring__seed6,mlp_qmix,coord_grid,6,4891,122300,329.0,25,0.050000000000000044,19.19475754102071,522.9506149291992,101.84867525001755
mlp_qmix__N16__ring__seed6,mlp_qmix,coord_grid,6,4892,122325,328.0,25,0.050000000000000044,30.020976747785294,425.9997024536133,101.87095595803112
mlp_qmix__N16__ring__seed6,mlp_qmix,coord_grid,6,4893,122350,330.0,25,0.050000000000000044,27.30227565765381,524.422233581543,101.89076608303003
mlp_qmix__N16__ring__seed6,mlp_qmix,coord_grid,6,4894,122375,333.0,25,0.050000000000000044,15.720672210057577,448.659917195638,101.91117687500082
mlp_qmix__N16__ring__seed6,mlp_qmix,coord_grid,6,4895,122400,322.0,25,0.050000000000000044,26.466097911198933,286.561274210612,101.93095275002997
mlp_qmix__N16__ring__seed6,mlp_qmix,coord_grid,6,4896,122425,321.0,25,0.050000000000000044,23.37819262913295,519.1300048828125,101.95352754101623
mlp_qmix__N16__ring__seed6,mlp_qmix,coord_grid,6,4897,122450,338.0,25,0.050000000000000044,33.926651318868004,800.6864369710287,101.97368970798561
mlp_qmix__N16__ring__seed6,mlp_qmix,coord_grid,6,4898,122475,320.0,25,0.050000000000000044,15.88200056552887,491.7659746805827,101.99357450002572
mlp_qmix__N16__ring__seed6,mlp_qmix,coord_grid,6,4899,122500,337.0,25,0.050000000000000044,24.849560618400574,657.7821044921875,102.0135906250216
mlp_qmix__N16__ring__seed6,mlp_qmix,coord_grid,6,4900,122525,342.0,25,0.050000000000000044,18.305060505867004,362.0819396972656,102.03578708303394
mlp_qmix__N16__ring__seed6,mlp_qmix,coord_grid,6,4901,122550,343.0,25,0.050000000000000044,22.734889268875122,709.1803283691406,102.05582279100781
mlp_qmix__N16__ring__seed6,mlp_qmix,coord_grid,6,4902,122575,339.0,25,0.050000000000000044,16.481658081213634,535.7059809366862,102.07579304103274
mlp_qmix__N16__ring__seed6,mlp_qmix,coord_grid,6,4903,122600,337.0,25,0.050000000000000044,23.58129048347473,356.8225390116374,102.0954124580021
mlp_qmix__N16__ring__seed6,mlp_qmix,coord_grid,6,4904,122625,349.0,25,0.050000000000000044,24.457292556762695,866.2916782924107,102.11810554098338
mlp_qmix__N16__ring__seed6,mlp_qmix,coord_grid,6,4905,122650,343.0,25,0.050000000000000044,25.768474857012432,632.8832194010416,102.13838866603328
mlp_qmix__N16__ring__seed6,mlp_qmix,coord_grid,6,4906,122675,347.0,25,0.050000000000000044,24.83582027753194,519.4404424031576,102.15785575000336
mlp_qmix__N16__ring__seed6,mlp_qmix,coord_grid,6,4907,122700,337.0,25,0.050000000000000044,34.366135597229004,696.5912335713705,102.17774404102238
mlp_qmix__N16__ring__seed6,mlp_qmix,coord_grid,6,4908,122725,326.0,25,0.050000000000000044,24.65355713026864,764.3460431780134,102.20028062502388
mlp_qmix__N16__ring__seed6,mlp_qmix,coord_grid,6,4909,122750,334.0,25,0.050000000000000044,14.543366928895315,803.1300506591797,102.22022016602568
mlp_qmix__N16__ring__seed6,mlp_qmix,coord_grid,6,4910,122775,330.0,25,0.050000000000000044,19.624476671218872,599.6466954549154,102.24032691598404
mlp_qmix__N16__ring__seed6,mlp_qmix,coord_grid,6,4911,122800,334.0,25,0.050000000000000044,9.10551393032074,769.9884338378906,102.26028541603591
mlp_qmix__N16__ring__seed6,mlp_qmix,coord_grid,6,4912,122825,342.0,25,0.050000000000000044,33.94139044625418,747.7024797712054,102.28223666601116
mlp_qmix__N16__ring__seed6,mlp_qmix,coord_grid,6,4913,122850,331.0,25,0.050000000000000044,31.439887126286823,788.5264689127604,102.30206758301938
mlp_qmix__N16__ring__seed6,mlp_qmix,coord_grid,6,4914,122875,322.0,25,0.050000000000000044,13.925133228302002,688.699228922526,102.32165162498131
mlp_qmix__N16__ring__seed6,mlp_qmix,coord_grid,6,4915,122900,318.0,25,0.050000000000000044,28.472856104373932,808.589853922526,102.34182245802367
mlp_qmix__N16__ring__seed6,mlp_qmix,coord_grid,6,4916,122925,322.0,25,0.050000000000000044,19.776439258030482,745.6097237723214,102.36407854099525
mlp_qmix__N16__ring__seed6,mlp_qmix,coord_grid,6,4917,122950,301.0,25,0.050000000000000044,22.421843489011128,730.4603525797526,102.38364887499483
mlp_qmix__N16__ring__seed6,mlp_qmix,coord_grid,6,4918,122975,333.0,25,0.050000000000000044,22.750252445538838,679.3440856933594,102.4036407499807
mlp_qmix__N16__ring__seed6,mlp_qmix,coord_grid,6,4919,123000,335.0,25,0.050000000000000044,22.61803396542867,711.6701202392578,102.42369324999163
mlp_qmix__N16__ring__seed6,mlp_qmix,coord_grid,6,4920,123025,338.0,25,0.050000000000000044,36.54548828942435,714.6091657366071,102.44608866603812
mlp_qmix__N16__ring__seed6,mlp_qmix,coord_grid,6,4921,123050,316.0,25,0.050000000000000044,22.180988629659016,686.2732238769531,102.46609200001694
mlp_qmix__N16__ring__seed6,mlp_qmix,coord_grid,6,4922,123075,335.0,25,0.050000000000000044,17.220034380753834,736.6834818522135,102.48580870800652
mlp_qmix__N16__ring__seed6,mlp_qmix,coord_grid,6,4923,123100,334.0,25,0.050000000000000044,16.85491673151652,710.8491719563802,102.50644933298463
mlp_qmix__N16__ring__seed6,mlp_qmix,coord_grid,6,4924,123125,307.0,25,0.050000000000000044,29.441431181771414,730.9945024762835,102.5287670409889
mlp_qmix__N16__ring__seed6,mlp_qmix,coord_grid,6,4925,123150,291.0,25,0.050000000000000044,33.60408083597819,690.6179656982422,102.54857754101977
mlp_qmix__N16__ring__seed6,mlp_qmix,coord_grid,6,4926,123175,339.0,25,0.050000000000000044,16.971226791540783,699.9938659667969,102.5689354580245
mlp_qmix__N16__ring__seed6,mlp_qmix,coord_grid,6,4927,123200,316.0,25,0.050000000000000044,25.355685512224834,707.010264078776,102.5889450830291
mlp_qmix__N16__ring__seed6,mlp_qmix,coord_grid,6,4928,123225,352.0,25,0.050000000000000044,26.532177312033518,617.2385973249163,102.61119058303302
mlp_qmix__N16__ring__seed6,mlp_qmix,coord_grid,6,4929,123250,329.0,25,0.050000000000000044,20.384525140126545,772.1667073567709,102.63107204099651
mlp_qmix__N16__ring__seed6,mlp_qmix,coord_grid,6,4930,123275,334.0,25,0.050000000000000044,35.90753205617269,620.5462697347006,102.65103441599058
mlp_qmix__N16__ring__seed6,mlp_qmix,coord_grid,6,4931,123300,329.0,25,0.050000000000000044,25.688044548034668,772.6043701171875,102.67082679102896
mlp_qmix__N16__ring__seed6,mlp_qmix,coord_grid,6,4932,123325,340.0,25,0.050000000000000044,24.68685790470668,736.795144217355,102.69296383298934
mlp_qmix__N16__ring__seed6,mlp_qmix,coord_grid,6,4933,123350,341.0,25,0.050000000000000044,28.61743911107381,683.1504974365234,102.71295066602761
mlp_qmix__N16__ring__seed6,mlp_qmix,coord_grid,6,4934,123375,339.0,25,0.050000000000000044,42.107290267944336,730.5291798909506,102.73275220801588
mlp_qmix__N16__ring__seed6,mlp_qmix,coord_grid,6,4935,123400,343.0,25,0.050000000000000044,16.979984958966572,716.2018737792969,102.7527616249863
mlp_qmix__N16__ring__seed6,mlp_qmix,coord_grid,6,4936,123425,337.0,25,0.050000000000000044,39.97724424089704,870.9821515764509,102.77504854102153
mlp_qmix__N16__ring__seed6,mlp_qmix,coord_grid,6,4937,123450,355.0,25,0.050000000000000044,32.397963205973305,789.9504597981771,102.79491333302576
mlp_qmix__N16__ring__seed6,mlp_qmix,coord_grid,6,4938,123475,320.0,25,0.050000000000000044,21.890738288561504,825.1465937296549,102.81450600002427
mlp_qmix__N16__ring__seed6,mlp_qmix,coord_grid,6,4939,123500,323.0,25,0.050000000000000044,45.94987646738688,640.0089365641276,102.83427808299894
mlp_qmix__N16__ring__seed6,mlp_qmix,coord_grid,6,4940,123525,337.0,25,0.050000000000000044,22.728221348353795,755.7627563476562,102.85653175000334
mlp_qmix__N16__ring__seed6,mlp_qmix,coord_grid,6,4941,123550,339.0,25,0.050000000000000044,22.488250811894734,560.2993774414062,102.87702362501295
mlp_qmix__N16__ring__seed6,mlp_qmix,coord_grid,6,4942,123575,350.0,25,0.050000000000000044,27.46445655822754,781.9599227905273,102.89679804100888
mlp_qmix__N16__ring__seed6,mlp_qmix,coord_grid,6,4943,123600,334.0,25,0.050000000000000044,21.745250860850017,883.7468922932943,102.91734004102182
mlp_qmix__N16__ring__seed6,mlp_qmix,coord_grid,6,4944,123625,331.0,25,0.050000000000000044,33.485125167029246,519.7072361537388,102.93972583301365
mlp_qmix__N16__ring__seed6,mlp_qmix,coord_grid,6,4945,123650,336.0,25,0.050000000000000044,24.38977066675822,320.8012218475342,102.96072733303299
mlp_qmix__N16__ring__seed6,mlp_qmix,coord_grid,6,4946,123675,329.0,25,0.050000000000000044,21.9625407854716,493.4295832316081,102.9808823330095
mlp_qmix__N16__ring__seed6,mlp_qmix,coord_grid,6,4947,123700,322.0,25,0.050000000000000044,7.881800214449565,525.5509185791016,103.00059533299645
mlp_qmix__N16__ring__seed6,mlp_qmix,coord_grid,6,4948,123725,347.0,25,0.050000000000000044,21.170087218284607,425.22306169782365,103.0228856250178
mlp_qmix__N16__ring__seed6,mlp_qmix,coord_grid,6,4949,123750,348.0,25,0.050000000000000044,31.524339119593304,691.7785466512045,103.04243354103528
mlp_qmix__N16__ring__seed6,mlp_qmix,coord_grid,6,4950,123775,339.0,25,0.050000000000000044,16.858182231585186,503.2679265340169,103.0627851249883
mlp_qmix__N16__ring__seed6,mlp_qmix,coord_grid,6,4951,123800,350.0,25,0.050000000000000044,28.34812359015147,689.270367940267,103.08288787503261
mlp_qmix__N16__ring__seed6,mlp_qmix,coord_grid,6,4952,123825,325.0,25,0.050000000000000044,29.240423474993026,513.8190176827567,103.10615029098699
mlp_qmix__N16__ring__seed6,mlp_qmix,coord_grid,6,4953,123850,340.0,25,0.050000000000000044,17.069158136844635,503.2037531534831,103.12621970800683
mlp_qmix__N16__ring__seed6,mlp_qmix,coord_grid,6,4954,123875,320.0,25,0.050000000000000044,19.30063311258952,388.037810643514,103.14595395798096
mlp_qmix__N16__ring__seed6,mlp_qmix,coord_grid,6,4955,123900,345.0,25,0.050000000000000044,16.050323247909546,468.83935419718426,103.16590545803774
mlp_qmix__N16__ring__seed6,mlp_qmix,coord_grid,6,4956,123925,311.0,25,0.050000000000000044,33.09046227591379,386.51438794817244,103.18854395800736
mlp_qmix__N16__ring__seed6,mlp_qmix,coord_grid,6,4957,123950,329.0,25,0.050000000000000044,44.57178497314453,564.3837534586588,103.2091696250136
mlp_qmix__N16__ring__seed6,mlp_qmix,coord_grid,6,4958,123975,338.0,25,0.050000000000000044,22.0178701877594,614.966542561849,103.229230500001
mlp_qmix__N16__ring__seed6,mlp_qmix,coord_grid,6,4959,124000,331.0,25,0.050000000000000044,23.502567052841187,755.7856241861979,103.24942445801571
mlp_qmix__N16__ring__seed6,mlp_qmix,coord_grid,6,4960,124025,326.0,25,0.050000000000000044,18.13728404045105,837.7287161690848,103.27280716603855
mlp_qmix__N16__ring__seed6,mlp_qmix,coord_grid,6,4961,124050,335.0,25,0.050000000000000044,24.03746811548869,744.6998901367188,103.29454737500055
mlp_qmix__N16__ring__seed6,mlp_qmix,coord_grid,6,4962,124075,322.0,25,0.050000000000000044,24.863070090611775,568.2316869099935,103.31739162502345
mlp_qmix__N16__ring__seed6,mlp_qmix,coord_grid,6,4963,124100,336.0,25,0.050000000000000044,19.137336214383442,446.6600621541341,103.3378877909854
mlp_qmix__N16__ring__seed6,mlp_qmix,coord_grid,6,4964,124125,337.0,25,0.050000000000000044,18.724589245659963,491.91212572370256,103.36022933298955
mlp_qmix__N16__ring__seed6,mlp_qmix,coord_grid,6,4965,124150,337.0,25,0.050000000000000044,18.37993868192037,329.98864618937176,103.3801962499856
mlp_qmix__N16__ring__seed6,mlp_qmix,coord_grid,6,4966,124175,348.0,25,0.050000000000000044,21.352990945180256,271.4090754191081,103.4003132910002
mlp_qmix__N16__ring__seed6,mlp_qmix,coord_grid,6,4967,124200,321.0,25,0.050000000000000044,8.234724879264832,518.3533655802408,103.42133329098579
mlp_qmix__N16__ring__seed6,mlp_qmix,coord_grid,6,4968,124225,339.0,25,0.050000000000000044,25.11041988645281,899.2200317382812,103.44405874999939
mlp_qmix__N16__ring__seed6,mlp_qmix,coord_grid,6,4969,124250,329.0,25,0.050000000000000044,26.17048931121826,670.0032704671224,103.46413124998799
mlp_qmix__N16__ring__seed6,mlp_qmix,coord_grid,6,4970,124275,328.0,25,0.050000000000000044,27.73539423942566,462.57924397786456,103.48393133300124
mlp_qmix__N16__ring__seed6,mlp_qmix,coord_grid,6,4971,124300,346.0,25,0.050000000000000044,25.401867270469666,536.8176116943359,103.50368437502766
mlp_qmix__N16__ring__seed6,mlp_qmix,coord_grid,6,4972,124325,353.0,25,0.050000000000000044,24.70638910361699,564.6376560756138,103.52594162500463
mlp_qmix__N16__ring__seed6,mlp_qmix,coord_grid,6,4973,124350,348.0,25,0.050000000000000044,29.276013056437176,680.7656911214193,103.54620087501826
mlp_qmix__N16__ring__seed6,mlp_qmix,coord_grid,6,4974,124375,346.0,25,0.050000000000000044,31.64872431755066,636.1676495869955,103.56627812498482
mlp_qmix__N16__ring__seed6,mlp_qmix,coord_grid,6,4975,124400,328.0,25,0.050000000000000044,19.304488440354664,515.2362391153971,103.58737491600914
mlp_qmix__N16__ring__seed6,mlp_qmix,coord_grid,6,4976,124425,327.0,25,0.050000000000000044,33.95007310594831,392.7070835658482,103.60980354098137
mlp_qmix__N16__ring__seed6,mlp_qmix,coord_grid,6,4977,124450,318.0,25,0.050000000000000044,16.69978928565979,526.9781773885092,103.63005754101323
mlp_qmix__N16__ring__seed6,mlp_qmix,coord_grid,6,4978,124475,334.0,25,0.050000000000000044,33.3846506079038,339.4769452412923,103.65022612502798
mlp_qmix__N16__ring__seed6,mlp_qmix,coord_grid,6,4979,124500,323.0,25,0.050000000000000044,28.09008280436198,602.0406951904297,103.66996079101227
mlp_qmix__N16__ring__seed6,mlp_qmix,coord_grid,6,4980,124525,352.0,25,0.050000000000000044,41.6421469279698,478.9419261387416,103.69217062502867
mlp_qmix__N16__ring__seed6,mlp_qmix,coord_grid,6,4981,124550,320.0,25,0.050000000000000044,21.624135831991833,813.0100555419922,103.71215149998898
mlp_qmix__N16__ring__seed6,mlp_qmix,coord_grid,6,4982,124575,303.0,25,0.050000000000000044,38.46833403905233,708.0453948974609,103.73220566601958
mlp_qmix__N16__ring__seed6,mlp_qmix,coord_grid,6,4983,124600,321.0,25,0.050000000000000044,44.29539489746094,679.374153137207,103.75198083301075
mlp_qmix__N16__ring__seed6,mlp_qmix,coord_grid,6,4984,124625,331.0,25,0.050000000000000044,23.240652288709367,781.8594927106585,103.77444712503348
mlp_qmix__N16__ring__seed6,mlp_qmix,coord_grid,6,4985,124650,317.0,25,0.050000000000000044,20.03028255701065,774.8944396972656,103.79474687500624
mlp_qmix__N16__ring__seed6,mlp_qmix,coord_grid,6,4986,124675,351.0,25,0.050000000000000044,38.10725212097168,756.8794148763021,103.81441166601144
mlp_qmix__N16__ring__seed6,mlp_qmix,coord_grid,6,4987,124700,331.0,25,0.050000000000000044,31.754199345906574,698.6134465535482,103.8345556660206
mlp_qmix__N16__ring__seed6,mlp_qmix,coord_grid,6,4988,124725,331.0,25,0.050000000000000044,24.9154954297202,746.9905831473214,103.85678154102061
mlp_qmix__N16__ring__seed6,mlp_qmix,coord_grid,6,4989,124750,350.0,25,0.050000000000000044,16.536304255326588,805.4552968343099,103.8769011250115
mlp_qmix__N16__ring__seed6,mlp_qmix,coord_grid,6,4990,124775,341.0,25,0.050000000000000044,22.550418615341187,869.9184519449869,103.89649970800383
mlp_qmix__N16__ring__seed6,mlp_qmix,coord_grid,6,4991,124800,340.0,25,0.050000000000000044,17.982765237490337,686.0604197184244,103.91656500002136
mlp_qmix__N16__ring__seed6,mlp_qmix,coord_grid,6,4992,124825,356.0,25,0.050000000000000044,20.982709203447616,817.4536045619419,103.93865912500769
mlp_qmix__N16__ring__seed6,mlp_qmix,coord_grid,6,4993,124850,323.0,25,0.050000000000000044,25.873661080996197,533.1707356770834,103.95925483299652
mlp_qmix__N16__ring__seed6,mlp_qmix,coord_grid,6,4994,124875,329.0,25,0.050000000000000044,19.68576834599177,646.3230845133463,103.97951533301966
mlp_qmix__N16__ring__seed6,mlp_qmix,coord_grid,6,4995,124900,335.0,25,0.050000000000000044,7.813630779584249,533.6408437093099,103.9991825830075
mlp_qmix__N16__ring__seed6,mlp_qmix,coord_grid,6,4996,124925,337.0,25,0.050000000000000044,21.491289240973337,271.3281566074916,104.0216815409949
mlp_qmix__N16__ring__seed6,mlp_qmix,coord_grid,6,4997,124950,329.0,25,0.050000000000000044,17.47399107615153,637.2851486206055,104.04169566603377
mlp_qmix__N16__ring__seed6,mlp_qmix,coord_grid,6,4998,124975,331.0,25,0.050000000000000044,28.334128220876057,525.6494496663412,104.06174949998967
mlp_qmix__N16__ring__seed6,mlp_qmix,coord_grid,6,4999,125000,335.0,25,0.050000000000000044,19.220348199208576,435.8945948282878,104.08170408301521
mlp_qmix__N16__ring__seed6,mlp_qmix,coord_grid,6,5000,125025,347.0,25,0.050000000000000044,31.584237371172225,956.4476143973214,104.10431450000033
mlp_qmix__N16__ring__seed6,mlp_qmix,coord_grid,6,5001,125050,336.0,25,0.050000000000000044,23.110824426015217,676.6027781168619,104.12430187501013
mlp_qmix__N16__ring__seed6,mlp_qmix,coord_grid,6,5002,125075,338.0,25,0.050000000000000044,32.773987809816994,846.5487874348959,104.14416870800778
mlp_qmix__N16__ring__seed6,mlp_qmix,coord_grid,6,5003,125100,323.0,25,0.050000000000000044,40.20526885986328,500.17315165201825,104.1640032909927
mlp_qmix__N16__ring__seed6,mlp_qmix,coord_grid,6,5004,125125,361.0,25,0.050000000000000044,20.219614114080155,593.1504009791782,104.18624900002033
mlp_qmix__N16__ring__seed6,mlp_qmix,coord_grid,6,5005,125150,332.0,25,0.050000000000000044,34.65312830607096,453.9564717610677,104.20627454103669
mlp_qmix__N16__ring__seed6,mlp_qmix,coord_grid,6,5006,125175,323.0,25,0.050000000000000044,13.446404675642649,353.66869099934894,104.22595041600289
mlp_qmix__N16__ring__seed6,mlp_qmix,coord_grid,6,5007,125200,317.0,25,0.050000000000000044,34.94424478212992,498.28705342610675,104.24615708302008
mlp_qmix__N16__ring__seed6,mlp_qmix,coord_grid,6,5008,125225,326.0,25,0.050000000000000044,20.077086653028214,660.626447405134,104.26951445802115
mlp_qmix__N16__ring__seed6,mlp_qmix,coord_grid,6,5009,125250,333.0,25,0.050000000000000044,7.9076038002967834,575.6580352783203,104.2894369160058
mlp_qmix__N16__ring__seed6,mlp_qmix,coord_grid,6,5010,125275,335.0,25,0.050000000000000044,26.175280570983887,630.3597132364908,104.3094477080158
mlp_qmix__N16__ring__seed6,mlp_qmix,coord_grid,6,5011,125300,321.0,25,0.050000000000000044,46.74871222178141,629.5691833496094,104.32931358303176
mlp_qmix__N16__ring__seed6,mlp_qmix,coord_grid,6,5012,125325,308.0,25,0.050000000000000044,34.51739093235561,463.73377990722656,104.35230149998097
mlp_qmix__N16__ring__seed6,mlp_qmix,coord_grid,6,5013,125350,324.0,25,0.050000000000000044,43.259774923324585,531.8827184041342,104.37209866603371
mlp_qmix__N16__ring__seed6,mlp_qmix,coord_grid,6,5014,125375,330.0,25,0.050000000000000044,16.96438644329707,491.99458567301434,104.39220929099247
mlp_qmix__N16__ring__seed6,mlp_qmix,coord_grid,6,5015,125400,333.0,25,0.050000000000000044,28.604339857896168,668.5211283365885,104.41196945798583
mlp_qmix__N16__ring__seed6,mlp_qmix,coord_grid,6,5016,125425,330.0,25,0.050000000000000044,32.51140907832554,683.4612339564732,104.4344343750272
mlp_qmix__N16__ring__seed6,mlp_qmix,coord_grid,6,5017,125450,342.0,25,0.050000000000000044,25.657792190710705,596.1549173990885,104.4539528330206
mlp_qmix__N16__ring__seed6,mlp_qmix,coord_grid,6,5018,125475,328.0,25,0.050000000000000044,37.83418114980062,769.1714070638021,104.47388375003356
mlp_qmix__N16__ring__seed6,mlp_qmix,coord_grid,6,5019,125500,334.0,25,0.050000000000000044,25.574717938899994,464.60682169596356,104.49366891599493
mlp_qmix__N16__ring__seed6,mlp_qmix,coord_grid,6,5020,125525,335.0,25,0.050000000000000044,22.315459728240967,552.3858620779855,104.51580658298917
mlp_qmix__N16__ring__seed6,mlp_qmix,coord_grid,6,5021,125550,332.0,25,0.050000000000000044,16.776805420716602,621.172841389974,104.5358607500093
mlp_qmix__N16__ring__seed6,mlp_qmix,coord_grid,6,5022,125575,326.0,25,0.050000000000000044,16.999546070893604,529.6662546793619,104.55555858300067
mlp_qmix__N16__ring__seed6,mlp_qmix,coord_grid,6,5023,125600,340.0,25,0.050000000000000044,28.88201181093852,692.6255569458008,104.57537600002252
mlp_qmix__N16__ring__seed6,mlp_qmix,coord_grid,6,5024,125625,339.0,25,0.050000000000000044,19.698305130004883,617.9425550188337,104.59849262499483
mlp_qmix__N16__ring__seed6,mlp_qmix,coord_grid,6,5025,125650,329.0,25,0.050000000000000044,10.62952866156896,398.42417399088544,104.61790975002805
mlp_qmix__N16__ring__seed6,mlp_qmix,coord_grid,6,5026,125675,343.0,25,0.050000000000000044,22.176183501879375,250.72959899902344,104.6380774580175
mlp_qmix__N16__ring__seed6,mlp_qmix,coord_grid,6,5027,125700,315.0,25,0.050000000000000044,20.77198068300883,675.673199971517,104.65838466602145
mlp_qmix__N16__ring__seed6,mlp_qmix,coord_grid,6,5028,125725,317.0,25,0.050000000000000044,24.79811998776027,811.4051906040737,104.68087291601114
mlp_qmix__N16__ring__seed6,mlp_qmix,coord_grid,6,5029,125750,344.0,25,0.050000000000000044,27.179274638493855,551.2834523518881,104.70092800003476
mlp_qmix__N16__ring__seed6,mlp_qmix,coord_grid,6,5030,125775,343.0,25,0.050000000000000044,23.012876451015472,589.5780309041342,104.72130645799916
mlp_qmix__N16__ring__seed6,mlp_qmix,coord_grid,6,5031,125800,322.0,25,0.050000000000000044,26.472556630770367,594.2861022949219,104.74177379102912
mlp_qmix__N16__ring__seed6,mlp_qmix,coord_grid,6,5032,125825,334.0,25,0.050000000000000044,43.36616134643555,869.6805681501116,104.7641033330001
mlp_qmix__N16__ring__seed6,mlp_qmix,coord_grid,6,5033,125850,329.0,25,0.050000000000000044,29.944783608118694,790.644297281901,104.78386208298616
mlp_qmix__N16__ring__seed6,mlp_qmix,coord_grid,6,5034,125875,324.0,25,0.050000000000000044,30.152002652486164,981.0275268554688,104.80428600002779
mlp_qmix__N16__ring__seed6,mlp_qmix,coord_grid,6,5035,125900,311.0,25,0.050000000000000044,12.378282904624939,635.0579719543457,104.82443470798898
mlp_qmix__N16__ring__seed6,mlp_qmix,coord_grid,6,5036,125925,333.0,25,0.050000000000000044,30.186772210257395,495.53409903390065,104.84644166601356
mlp_qmix__N16__ring__seed6,mlp_qmix,coord_grid,6,5037,125950,338.0,25,0.050000000000000044,19.7197621067365,231.95502599080405,104.86645029101055
mlp_qmix__N16__ring__seed6,mlp_qmix,coord_grid,6,5038,125975,327.0,25,0.050000000000000044,23.341338872909546,464.3840815226237,104.88644991599722
mlp_qmix__N16__ring__seed6,mlp_qmix,coord_grid,6,5039,126000,337.0,25,0.050000000000000044,19.8830881913503,570.000348409017,104.90650895802537
mlp_qmix__N16__ring__seed6,mlp_qmix,coord_grid,6,5040,126025,326.0,25,0.050000000000000044,12.130774429866246,382.48616899762834,104.92935191601282
mlp_qmix__N16__ring__seed6,mlp_qmix,coord_grid,6,5041,126050,328.0,25,0.050000000000000044,22.986619889736176,448.45647684733075,104.94912558299256
mlp_qmix__N16__ring__seed6,mlp_qmix,coord_grid,6,5042,126075,321.0,25,0.050000000000000044,20.27067995071411,535.1656150817871,104.96909083303763
mlp_qmix__N16__ring__seed6,mlp_qmix,coord_grid,6,5043,126100,334.0,25,0.050000000000000044,25.82249854008357,433.1143112182617,104.98938345798524
mlp_qmix__N16__ring__seed6,mlp_qmix,coord_grid,6,5044,126125,340.0,25,0.050000000000000044,32.77015682629177,473.37643541608537,105.0116295000189
mlp_qmix__N16__ring__seed6,mlp_qmix,coord_grid,6,5045,126150,334.0,25,0.050000000000000044,26.15686583518982,610.0979919433594,105.0317214159877
mlp_qmix__N16__ring__seed6,mlp_qmix,coord_grid,6,5046,126175,342.0,25,0.050000000000000044,17.663117567698162,678.6213506062826,105.0524233750184
mlp_qmix__N16__ring__seed6,mlp_qmix,coord_grid,6,5047,126200,318.0,25,0.050000000000000044,42.34823099772135,838.3957316080729,105.0724197080126
mlp_qmix__N16__ring__seed6,mlp_qmix,coord_grid,6,5048,126225,333.0,25,0.050000000000000044,15.614419766834803,563.0367867606027,105.09489245800069
mlp_qmix__N16__ring__seed6,mlp_qmix,coord_grid,6,5049,126250,323.0,25,0.050000000000000044,19.681272864341736,318.2366536458333,105.11483758303802
mlp_qmix__N16__ring__seed6,mlp_qmix,coord_grid,6,5050,126275,348.0,25,0.050000000000000044,40.531962394714355,459.80213673909503,105.13474358298117
mlp_qmix__N16__ring__seed6,mlp_qmix,coord_grid,6,5051,126300,343.0,25,0.050000000000000044,22.295644124348957,834.2741165161133,105.15487095800927
mlp_qmix__N16__ring__seed6,mlp_qmix,coord_grid,6,5052,126325,312.0,25,0.050000000000000044,38.1188850402832,778.3546142578125,105.17730158299673
mlp_qmix__N16__ring__seed6,mlp_qmix,coord_grid,6,5053,126350,332.0,25,0.050000000000000044,45.57367451985677,742.3098678588867,105.19702008302556
mlp_qmix__N16__ring__seed6,mlp_qmix,coord_grid,6,5054,126375,353.0,25,0.050000000000000044,11.384783029556274,569.3013280232748,105.21710770798381
mlp_qmix__N16__ring__seed6,mlp_qmix,coord_grid,6,5055,126400,340.0,25,0.050000000000000044,32.3822508653005,611.4048627217611,105.2370009580045
mlp_qmix__N16__ring__seed6,mlp_qmix,coord_grid,6,5056,126425,342.0,25,0.050000000000000044,19.877280746187484,339.0636476789202,105.25938966602553
mlp_qmix__N16__ring__seed6,mlp_qmix,coord_grid,6,5057,126450,319.0,25,0.050000000000000044,26.264047423998516,542.3906707763672,105.27951441600453
mlp_qmix__N16__ring__seed6,mlp_qmix,coord_grid,6,5058,126475,346.0,25,0.050000000000000044,29.108480135599773,460.5587615966797,105.29916654102271
mlp_qmix__N16__ring__seed6,mlp_qmix,coord_grid,6,5059,126500,332.0,25,0.050000000000000044,19.214897116025288,419.9627456665039,105.31921737501398
mlp_qmix__N16__ring__seed6,mlp_qmix,coord_grid,6,5060,126525,328.0,25,0.050000000000000044,24.819894245692662,365.27508326939176,105.34142800001428
mlp_qmix__N16__ring__seed6,mlp_qmix,coord_grid,6,5061,126550,344.0,25,0.050000000000000044,11.0087362130483,326.3135757446289,105.36121841601562
mlp_qmix__N16__ring__seed6,mlp_qmix,coord_grid,6,5062,126575,331.0,25,0.050000000000000044,28.9148592154185,504.26944732666016,105.38086070801364
mlp_qmix__N16__ring__seed6,mlp_qmix,coord_grid,6,5063,126600,330.0,25,0.050000000000000044,32.3849413394928,728.1606585184733,105.40107641601935
mlp_qmix__N16__ring__seed6,mlp_qmix,coord_grid,6,5064,126625,339.0,25,0.050000000000000044,23.412772383008683,1037.878897530692,105.42333750001853
mlp_qmix__N16__ring__seed6,mlp_qmix,coord_grid,6,5065,126650,340.0,25,0.050000000000000044,28.110912164052326,818.325937906901,105.44320570799755
mlp_qmix__N16__ring__seed6,mlp_qmix,coord_grid,6,5066,126675,347.0,25,0.050000000000000044,31.953930854797363,931.000966389974,105.46302450000076
mlp_qmix__N16__ring__seed6,mlp_qmix,coord_grid,6,5067,126700,329.0,25,0.050000000000000044,20.809579173723858,976.6069132486979,105.48247479100246
mlp_qmix__N16__ring__seed6,mlp_qmix,coord_grid,6,5068,126725,336.0,25,0.050000000000000044,26.51565953663417,893.6844482421875,105.50514333299361
mlp_qmix__N16__ring__seed6,mlp_qmix,coord_grid,6,5069,126750,323.0,25,0.050000000000000044,44.449476877848305,990.0365397135416,105.52512229100103
mlp_qmix__N16__ring__seed6,mlp_qmix,coord_grid,6,5070,126775,335.0,25,0.050000000000000044,37.97149467468262,830.7984670003256,105.54506362503162
mlp_qmix__N16__ring__seed6,mlp_qmix,coord_grid,6,5071,126800,333.0,25,0.050000000000000044,20.661938667297363,895.0178604125977,105.56547620799392
mlp_qmix__N16__ring__seed6,mlp_qmix,coord_grid,6,5072,126825,340.0,25,0.050000000000000044,30.985091073172434,973.8460780552456,105.588581582997
mlp_qmix__N16__ring__seed6,mlp_qmix,coord_grid,6,5073,126850,318.0,25,0.050000000000000044,20.73044204711914,651.4346211751302,105.60891708300915
mlp_qmix__N16__ring__seed6,mlp_qmix,coord_grid,6,5074,126875,342.0,25,0.050000000000000044,17.28326670328776,468.1695251464844,105.62872691603843
mlp_qmix__N16__ring__seed6,mlp_qmix,coord_grid,6,5075,126900,340.0,25,0.050000000000000044,25.8709051211675,343.43030675252277,105.64893262501573
mlp_qmix__N16__ring__seed6,mlp_qmix,coord_grid,6,5076,126925,316.0,25,0.050000000000000044,20.226048742021835,283.186046055385,105.67131945799338
mlp_qmix__N16__ring__seed6,mlp_qmix,coord_grid,6,5077,126950,345.0,25,0.050000000000000044,17.360052863756817,610.3633168538412,105.6911864579888
mlp_qmix__N16__ring__seed6,mlp_qmix,coord_grid,6,5078,126975,330.0,25,0.050000000000000044,11.1956560810407,265.07235399882,105.71155804098817
mlp_qmix__N16__ring__seed6,mlp_qmix,coord_grid,6,5079,127000,325.0,25,0.050000000000000044,26.499734302361805,519.6418507893881,105.73163175000809
mlp_qmix__N16__ring__seed6,mlp_qmix,coord_grid,6,5080,127025,323.0,25,0.050000000000000044,20.56132732118879,528.589593069894,105.75412829098059
mlp_qmix__N16__ring__seed6,mlp_qmix,coord_grid,6,5081,127050,329.0,25,0.050000000000000044,40.214371840159096,818.8431091308594,105.77528512501158
mlp_qmix__N16__ring__seed6,mlp_qmix,coord_grid,6,5082,127075,346.0,25,0.050000000000000044,15.66493844985962,833.7898356119791,105.79518933303189
mlp_qmix__N16__ring__seed6,mlp_qmix,coord_grid,6,5083,127100,339.0,25,0.050000000000000044,18.48150396347046,803.9025370279948,105.81519179098541
mlp_qmix__N16__ring__seed6,mlp_qmix,coord_grid,6,5084,127125,317.0,25,0.050000000000000044,35.14301708766392,797.3791765485491,105.83799562498461
mlp_qmix__N16__ring__seed6,mlp_qmix,coord_grid,6,5085,127150,336.0,25,0.050000000000000044,39.71741517384847,768.6210021972656,105.85758633300429
mlp_qmix__N16__ring__seed6,mlp_qmix,coord_grid,6,5086,127175,343.0,25,0.050000000000000044,21.70934573809306,771.1823577880859,105.87745479098521
mlp_qmix__N16__ring__seed6,mlp_qmix,coord_grid,6,5087,127200,315.0,25,0.050000000000000044,30.934624910354614,877.832265218099,105.8975235830294
mlp_qmix__N16__ring__seed6,mlp_qmix,coord_grid,6,5088,127225,343.0,25,0.050000000000000044,24.335230486733572,795.72458757673,105.92003587499494
mlp_qmix__N16__ring__seed6,mlp_qmix,coord_grid,6,5089,127250,350.0,25,0.050000000000000044,12.616155505180359,858.1943766276041,105.9404386249953
mlp_qmix__N16__ring__seed6,mlp_qmix,coord_grid,6,5090,127275,347.0,25,0.050000000000000044,31.130600094795227,955.6233317057291,105.96066745801363
mlp_qmix__N16__ring__seed6,mlp_qmix,coord_grid,6,5091,127300,332.0,25,0.050000000000000044,31.106644074122112,934.1758728027344,105.9806985000032
mlp_qmix__N16__ring__seed6,mlp_qmix,coord_grid,6,5092,127325,349.0,25,0.050000000000000044,11.269669600895472,806.5999232700893,106.00258683302673
mlp_qmix__N16__ring__seed6,mlp_qmix,coord_grid,6,5093,127350,321.0,25,0.050000000000000044,39.469859759012856,772.2352396647135,106.02249866601778
mlp_qmix__N16__ring__seed6,mlp_qmix,coord_grid,6,5094,127375,320.0,25,0.050000000000000044,24.653246243794758,898.0094095865885,106.04324204102159
mlp_qmix__N16__ring__seed6,mlp_qmix,coord_grid,6,5095,127400,341.0,25,0.050000000000000044,24.282917936642963,814.2817535400391,106.06372162501793
mlp_qmix__N16__ring__seed6,mlp_qmix,coord_grid,6,5096,127425,334.0,25,0.050000000000000044,38.035360608782085,973.1907523018973,106.08607479103375
mlp_qmix__N16__ring__seed6,mlp_qmix,coord_grid,6,5097,127450,334.0,25,0.050000000000000044,19.504276911417644,967.2390340169271,106.10558045801008
mlp_qmix__N16__ring__seed6,mlp_qmix,coord_grid,6,5098,127475,329.0,25,0.050000000000000044,26.950705528259277,542.4497299194336,106.12483629101189
mlp_qmix__N16__ring__seed6,mlp_qmix,coord_grid,6,5099,127500,348.0,25,0.050000000000000044,11.601836999257406,599.2506459554037,106.14478387503186
mlp_qmix__N16__ring__seed6,mlp_qmix,coord_grid,6,5100,127525,339.0,25,0.050000000000000044,15.210568393979754,606.9875248500279,106.16745516599622
mlp_qmix__N16__ring__seed6,mlp_qmix,coord_grid,6,5101,127550,340.0,25,0.050000000000000044,11.986969838539759,712.3388519287109,106.18740325002
mlp_qmix__N16__ring__seed6,mlp_qmix,coord_grid,6,5102,127575,357.0,25,0.050000000000000044,27.386990229288738,902.7120564778646,106.20706312498078
mlp_qmix__N16__ring__seed6,mlp_qmix,coord_grid,6,5103,127600,348.0,25,0.050000000000000044,35.22617689768473,411.3512318929036,106.22666841599857
mlp_qmix__N16__ring__seed6,mlp_qmix,coord_grid,6,5104,127625,349.0,25,0.050000000000000044,17.70682328087943,438.336049761091,106.24919462500839
mlp_qmix__N16__ring__seed6,mlp_qmix,coord_grid,6,5105,127650,352.0,25,0.050000000000000044,29.10065237681071,400.39072545369464,106.26904337498127
mlp_qmix__N16__ring__seed6,mlp_qmix,coord_grid,6,5106,127675,308.0,25,0.050000000000000044,27.082437256971996,543.0075467427572,106.28874729102245
mlp_qmix__N16__ring__seed6,mlp_qmix,coord_grid,6,5107,127700,330.0,25,0.050000000000000044,32.88680374622345,520.3435109456381,106.30865379102761
mlp_qmix__N16__ring__seed6,mlp_qmix,coord_grid,6,5108,127725,322.0,25,0.050000000000000044,12.7426997252873,569.1045717511859,106.33074762503384
mlp_qmix__N16__ring__seed6,mlp_qmix,coord_grid,6,5109,127750,337.0,25,0.050000000000000044,29.70836744705836,650.5749003092448,106.3503629580373
mlp_qmix__N16__ring__seed6,mlp_qmix,coord_grid,6,5110,127775,333.0,25,0.050000000000000044,26.790705879529316,602.9615732828776,106.37051466602134
mlp_qmix__N16__ring__seed6,mlp_qmix,coord_grid,6,5111,127800,311.0,25,0.050000000000000044,22.83790636062622,301.3450063069661,106.39046891598264
mlp_qmix__N16__ring__seed6,mlp_qmix,coord_grid,6,5112,127825,329.0,25,0.050000000000000044,41.24943889890398,374.6881801060268,106.4128567079897
mlp_qmix__N16__ring__seed6,mlp_qmix,coord_grid,6,5113,127850,344.0,25,0.050000000000000044,29.205822825431824,504.59532674153644,106.4323122909991
mlp_qmix__N16__ring__seed6,mlp_qmix,coord_grid,6,5114,127875,323.0,25,0.050000000000000044,26.10996623833974,379.8465983072917,106.45231058303034
mlp_qmix__N16__ring__seed6,mlp_qmix,coord_grid,6,5115,127900,327.0,25,0.050000000000000044,23.21404864390691,384.3410135904948,106.47232229099609
mlp_qmix__N16__ring__seed6,mlp_qmix,coord_grid,6,5116,127925,330.0,25,0.050000000000000044,33.715221234730315,481.99925449916293,106.49465929099824
mlp_qmix__N16__ring__seed6,mlp_qmix,coord_grid,6,5117,127950,352.0,25,0.050000000000000044,23.07303621371587,237.24296696980795,106.51441387500381
mlp_qmix__N16__ring__seed6,mlp_qmix,coord_grid,6,5118,127975,346.0,25,0.050000000000000044,17.782925367355347,608.7402547200521,106.53441349999048
mlp_qmix__N16__ring__seed6,mlp_qmix,coord_grid,6,5119,128000,325.0,25,0.050000000000000044,20.966469327608745,600.8283767700195,106.55409729102394
mlp_qmix__N16__ring__seed6,mlp_qmix,coord_grid,6,5120,128025,339.0,25,0.050000000000000044,23.24548966544015,676.4346095493862,106.5768202500185
mlp_qmix__N16__ring__seed6,mlp_qmix,coord_grid,6,5121,128050,328.0,25,0.050000000000000044,15.336434205373129,714.2665850321451,106.59731808298966
mlp_qmix__N16__ring__seed6,mlp_qmix,coord_grid,6,5122,128075,335.0,25,0.050000000000000044,36.09030131498972,877.8327382405599,106.61709925002651
mlp_qmix__N16__ring__seed6,mlp_qmix,coord_grid,6,5123,128100,337.0,25,0.050000000000000044,31.782615105311077,970.8623758951823,106.63736575003713
mlp_qmix__N16__ring__seed6,mlp_qmix,coord_grid,6,5124,128125,322.0,25,0.050000000000000044,31.099899291992188,989.9602137974331,106.65960729098879
mlp_qmix__N16__ring__seed6,mlp_qmix,coord_grid,6,5125,128150,350.0,25,0.050000000000000044,37.108639081319176,711.6710535685221,106.67936787498184
mlp_qmix__N16__ring__seed6,mlp_qmix,coord_grid,6,5126,128175,339.0,25,0.050000000000000044,22.03985806306203,803.2736358642578,106.69956545799505
mlp_qmix__N16__ring__seed6,mlp_qmix,coord_grid,6,5127,128200,330.0,25,0.050000000000000044,15.31441072622935,768.6102040608724,106.71937308303313
mlp_qmix__N16__ring__seed6,mlp_qmix,coord_grid,6,5128,128225,334.0,25,0.050000000000000044,48.86317116873605,1020.4688371930804,106.74171791598201
mlp_qmix__N16__ring__seed6,mlp_qmix,coord_grid,6,5129,128250,336.0,25,0.050000000000000044,34.685348192850746,827.6678670247396,106.76150462502846
mlp_qmix__N16__ring__seed6,mlp_qmix,coord_grid,6,5130,128275,343.0,25,0.050000000000000044,27.33550218741099,636.6430829366049,106.78151837503538
mlp_qmix__N16__ring__seed6,mlp_qmix,coord_grid,6,5131,128300,342.0,25,0.050000000000000044,18.797964493433636,733.3110326131185,106.80134545802139
mlp_qmix__N16__ring__seed6,mlp_qmix,coord_grid,6,5132,128325,342.0,25,0.050000000000000044,33.13253290312631,856.713625226702,106.82340745802503
mlp_qmix__N16__ring__seed6,mlp_qmix,coord_grid,6,5133,128350,337.0,25,0.050000000000000044,8.581996778647104,584.6579971313477,106.84316462499555
mlp_qmix__N16__ring__seed6,mlp_qmix,coord_grid,6,5134,128375,336.0,25,0.050000000000000044,26.263017336527508,294.42079798380536,106.86347245803336
mlp_qmix__N16__ring__seed6,mlp_qmix,coord_grid,6,5135,128400,344.0,25,0.050000000000000044,39.4459437529246,467.5363260904948,106.88322087499546
mlp_qmix__N16__ring__seed6,mlp_qmix,coord_grid,6,5136,128425,319.0,25,0.050000000000000044,20.365836211613246,963.3665161132812,106.90522320801392
mlp_qmix__N16__ring__seed6,mlp_qmix,coord_grid,6,5137,128450,343.0,25,0.050000000000000044,9.32428910334905,777.7541554768881,106.92578583303839
mlp_qmix__N16__ring__seed6,mlp_qmix,coord_grid,6,5138,128475,332.0,25,0.050000000000000044,29.331913153330486,880.5916697184244,106.94749500002945
mlp_qmix__N16__ring__seed6,mlp_qmix,coord_grid,6,5139,128500,342.0,25,0.050000000000000044,30.833187421162922,815.7975819905599,106.96861608303152
mlp_qmix__N16__ring__seed6,mlp_qmix,coord_grid,6,5140,128525,313.0,25,0.050000000000000044,18.006861209869385,979.365705217634,106.99134408298414
mlp_qmix__N16__ring__seed6,mlp_qmix,coord_grid,6,5141,128550,350.0,25,0.050000000000000044,30.775734901428223,657.0363718668619,107.01130758301588
mlp_qmix__N16__ring__seed6,mlp_qmix,coord_grid,6,5142,128575,334.0,25,0.050000000000000044,33.52193748950958,607.0435981750488,107.03164616599679
mlp_qmix__N16__ring__seed6,mlp_qmix,coord_grid,6,5143,128600,329.0,25,0.050000000000000044,14.83683999379476,625.5856781005859,107.05263033299707
mlp_qmix__N16__ring__seed6,mlp_qmix,coord_grid,6,5144,128625,330.0,25,0.050000000000000044,27.276656917163304,643.391115461077,107.07516333303647
mlp_qmix__N16__ring__seed6,mlp_qmix,coord_grid,6,5145,128650,331.0,25,0.050000000000000044,25.435694058736164,800.2933502197266,107.09512391599128
mlp_qmix__N16__ring__seed6,mlp_qmix,coord_grid,6,5146,128675,347.0,25,0.050000000000000044,33.17601299285889,583.5692418416342,107.11492929101223
mlp_qmix__N16__ring__seed6,mlp_qmix,coord_grid,6,5147,128700,347.0,25,0.050000000000000044,30.122611165046692,595.0216649373373,107.1347061250126
mlp_qmix__N16__ring__seed6,mlp_qmix,coord_grid,6,5148,128725,346.0,25,0.050000000000000044,28.840291704450333,933.3650163922991,107.15710183302872
mlp_qmix__N16__ring__seed6,mlp_qmix,coord_grid,6,5149,128750,331.0,25,0.050000000000000044,14.566704909006754,464.4783992767334,107.17703999998048
mlp_qmix__N16__ring__seed6,mlp_qmix,coord_grid,6,5150,128775,324.0,25,0.050000000000000044,27.11725616455078,762.4148254394531,107.1967396659893
mlp_qmix__N16__ring__seed6,mlp_qmix,coord_grid,6,5151,128800,335.0,25,0.050000000000000044,33.43098930517832,533.5954538981119,107.2166425830219
mlp_qmix__N16__ring__seed6,mlp_qmix,coord_grid,6,5152,128825,333.0,25,0.050000000000000044,17.642457263810293,546.948112487793,107.23946104099741
mlp_qmix__N16__ring__seed6,mlp_qmix,coord_grid,6,5153,128850,316.0,25,0.050000000000000044,33.559624552726746,759.0173034667969,107.25962941598846
mlp_qmix__N16__ring__seed6,mlp_qmix,coord_grid,6,5154,128875,331.0,25,0.050000000000000044,33.019344766934715,362.3596051534017,107.27956808300223
mlp_qmix__N16__ring__seed6,mlp_qmix,coord_grid,6,5155,128900,336.0,25,0.050000000000000044,11.068051099777222,339.86064020792645,107.30032920802478
mlp_qmix__N16__ring__seed6,mlp_qmix,coord_grid,6,5156,128925,347.0,25,0.050000000000000044,37.58540371486119,726.8885323660714,107.32296183303697
mlp_qmix__N16__ring__seed6,mlp_qmix,coord_grid,6,5157,128950,335.0,25,0.050000000000000044,15.485589822133383,729.7051671346029,107.34348866599612
mlp_qmix__N16__ring__seed6,mlp_qmix,coord_grid,6,5158,128975,332.0,25,0.050000000000000044,40.47502326965332,617.402416229248,107.36403058300493
mlp_qmix__N16__ring__seed6,mlp_qmix,coord_grid,6,5159,129000,337.0,25,0.050000000000000044,17.681673685709637,561.245501200358,107.3846343330224
mlp_qmix__N16__ring__seed6,mlp_qmix,coord_grid,6,5160,129025,315.0,25,0.050000000000000044,25.54352699007307,1070.7170148577009,107.40712095802883
mlp_qmix__N16__ring__seed6,mlp_qmix,coord_grid,6,5161,129050,338.0,25,0.050000000000000044,38.542036374409996,889.0265808105469,107.42676708300132
mlp_qmix__N16__ring__seed6,mlp_qmix,coord_grid,6,5162,129075,340.0,25,0.050000000000000044,24.782543818155926,775.9364115397135,107.44670500000939
mlp_qmix__N16__ring__seed6,mlp_qmix,coord_grid,6,5163,129100,339.0,25,0.050000000000000044,31.5280925432841,785.2725575764974,107.46679720800603
mlp_qmix__N16__ring__seed6,mlp_qmix,coord_grid,6,5164,129125,336.0,25,0.050000000000000044,32.77965818132673,689.5870012555804,107.48940525000216
mlp_qmix__N16__ring__seed6,mlp_qmix,coord_grid,6,5165,129150,349.0,25,0.050000000000000044,18.686924934387207,791.5419591267904,107.50898929103278
mlp_qmix__N16__ring__seed6,mlp_qmix,coord_grid,6,5166,129175,347.0,25,0.050000000000000044,28.24230233828227,786.6218566894531,107.53033179102931
mlp_qmix__N16__ring__seed6,mlp_qmix,coord_grid,6,5167,129200,347.0,25,0.050000000000000044,45.23530797163645,679.5528291066488,107.54990879102843
mlp_qmix__N16__ring__seed6,mlp_qmix,coord_grid,6,5168,129225,334.0,25,0.050000000000000044,16.552490064076014,624.8867623465402,107.57210766599746
mlp_qmix__N16__ring__seed6,mlp_qmix,coord_grid,6,5169,129250,317.0,25,0.050000000000000044,34.66273641586304,707.4309844970703,107.5920135829947
mlp_qmix__N16__ring__seed6,mlp_qmix,coord_grid,6,5170,129275,343.0,25,0.050000000000000044,18.494533757368725,713.8063659667969,107.61338737502228
mlp_qmix__N16__ring__seed6,mlp_qmix,coord_grid,6,5171,129300,337.0,25,0.050000000000000044,24.205790519714355,961.0848592122396,107.63327099999879
mlp_qmix__N16__ring__seed6,mlp_qmix,coord_grid,6,5172,129325,319.0,25,0.050000000000000044,21.19412578855242,630.9791652134487,107.6559245410026
mlp_qmix__N16__ring__seed6,mlp_qmix,coord_grid,6,5173,129350,346.0,25,0.050000000000000044,38.099376360575356,739.2097905476888,107.67608395800926
mlp_qmix__N16__ring__seed6,mlp_qmix,coord_grid,6,5174,129375,333.0,25,0.050000000000000044,28.76824168364207,706.3578898111979,107.69509350002045
mlp_qmix__N16__ring__seed6,mlp_qmix,coord_grid,6,5175,129400,322.0,25,0.050000000000000044,22.116703669230144,843.5941467285156,107.71525237499736
mlp_qmix__N16__ring__seed6,mlp_qmix,coord_grid,6,5176,129425,348.0,25,0.050000000000000044,32.863971608025686,617.8138275146484,107.73786049999762
mlp_qmix__N16__ring__seed6,mlp_qmix,coord_grid,6,5177,129450,333.0,25,0.050000000000000044,34.25290687878927,517.2828267415365,107.75802258303156
mlp_qmix__N16__ring__seed6,mlp_qmix,coord_grid,6,5178,129475,331.0,25,0.050000000000000044,31.246183077494305,655.8970184326172,107.77787133300444
mlp_qmix__N16__ring__seed6,mlp_qmix,coord_grid,6,5179,129500,323.0,25,0.050000000000000044,14.46971227725347,450.21958923339844,107.79807954101125
mlp_qmix__N16__ring__seed6,mlp_qmix,coord_grid,6,5180,129525,323.0,25,0.050000000000000044,38.560215200696675,739.5119105747768,107.820475540997
mlp_qmix__N16__ring__seed6,mlp_qmix,coord_grid,6,5181,129550,331.0,25,0.050000000000000044,25.56134255727132,897.5927530924479,107.84031454101205
mlp_qmix__N16__ring__seed6,mlp_qmix,coord_grid,6,5182,129575,338.0,25,0.050000000000000044,39.05351503690084,976.4444986979166,107.86002383299638
mlp_qmix__N16__ring__seed6,mlp_qmix,coord_grid,6,5183,129600,334.0,25,0.050000000000000044,25.990429600079853,918.7426452636719,107.87970966601279
mlp_qmix__N16__ring__seed6,mlp_qmix,coord_grid,6,5184,129625,339.0,25,0.050000000000000044,19.717821632112777,804.347431727818,107.9023933330318
mlp_qmix__N16__ring__seed6,mlp_qmix,coord_grid,6,5185,129650,329.0,25,0.050000000000000044,20.4179101785024,936.6140492757162,107.92252154101152
mlp_qmix__N16__ring__seed6,mlp_qmix,coord_grid,6,5186,129675,356.0,25,0.050000000000000044,34.22275217374166,510.4643732706706,107.94278525002301
mlp_qmix__N16__ring__seed6,mlp_qmix,coord_grid,6,5187,129700,357.0,25,0.050000000000000044,34.2672955195109,622.5126202901205,107.96271733299363
mlp_qmix__N16__ring__seed6,mlp_qmix,coord_grid,6,5188,129725,343.0,25,0.050000000000000044,28.86395365851266,909.79831804548,107.9854901250219
mlp_qmix__N16__ring__seed6,mlp_qmix,coord_grid,6,5189,129750,346.0,25,0.050000000000000044,23.17002495129903,820.7259140014648,108.00551041599829
mlp_qmix__N16__ring__seed6,mlp_qmix,coord_grid,6,5190,129775,316.0,25,0.050000000000000044,33.05246766408285,949.4827728271484,108.0251505409833
mlp_qmix__N16__ring__seed6,mlp_qmix,coord_grid,6,5191,129800,334.0,25,0.050000000000000044,37.69300885995229,606.6482086181641,108.04540720803197
mlp_qmix__N16__ring__seed6,mlp_qmix,coord_grid,6,5192,129825,346.0,25,0.050000000000000044,40.570280347551616,1016.1326032366071,108.06775724998442
mlp_qmix__N16__ring__seed6,mlp_qmix,coord_grid,6,5193,129850,326.0,25,0.050000000000000044,26.14098842938741,928.4110310872396,108.08747862500604
mlp_qmix__N16__ring__seed6,mlp_qmix,coord_grid,6,5194,129875,342.0,25,0.050000000000000044,20.675896008809406,885.9821980794271,108.10706424998352
mlp_qmix__N16__ring__seed6,mlp_qmix,coord_grid,6,5195,129900,346.0,25,0.050000000000000044,20.50283169746399,884.9179534912109,108.1268438330153
mlp_qmix__N16__ring__seed6,mlp_qmix,coord_grid,6,5196,129925,338.0,25,0.050000000000000044,19.143744383539474,794.3340105329241,108.14908533298876
mlp_qmix__N16__ring__seed6,mlp_qmix,coord_grid,6,5197,129950,310.0,25,0.050000000000000044,18.037965794404347,415.8768997192383,108.16936141601764
mlp_qmix__N16__ring__seed6,mlp_qmix,coord_grid,6,5198,129975,344.0,25,0.050000000000000044,15.940015276273092,960.6766459147135,108.18922970799031
mlp_qmix__N16__ring__seed6,mlp_qmix,coord_grid,6,5199,130000,329.0,25,0.050000000000000044,44.45809268951416,676.9133173624674,108.20921908301534
mlp_qmix__N16__ring__seed6,mlp_qmix,coord_grid,6,5200,130025,334.0,25,0.050000000000000044,27.385388442448207,652.7179827008929,108.2315735410084
mlp_qmix__N16__ring__seed6,mlp_qmix,coord_grid,6,5201,130050,353.0,25,0.050000000000000044,18.83194677035014,822.8889973958334,108.25173512502806
mlp_qmix__N16__ring__seed6,mlp_qmix,coord_grid,6,5202,130075,332.0,25,0.050000000000000044,34.97917159398397,841.1322428385416,108.2719497079961
mlp_qmix__N16__ring__seed6,mlp_qmix,coord_grid,6,5203,130100,344.0,25,0.050000000000000044,34.64502271016439,630.0051027933756,108.29352000000654
mlp_qmix__N16__ring__seed6,mlp_qmix,coord_grid,6,5204,130125,331.0,25,0.050000000000000044,16.014760937009537,745.6106240408761,108.31833008298418
mlp_qmix__N16__ring__seed6,mlp_qmix,coord_grid,6,5205,130150,328.0,25,0.050000000000000044,28.4788844982783,622.1857961018881,108.33853241603356
mlp_qmix__N16__ring__seed6,mlp_qmix,coord_grid,6,5206,130175,336.0,25,0.050000000000000044,25.169830322265625,715.9202677408854,108.3584248329862
mlp_qmix__N16__ring__seed6,mlp_qmix,coord_grid,6,5207,130200,333.0,25,0.050000000000000044,28.526437441507976,827.6243184407552,108.37875791598344
mlp_qmix__N16__ring__seed6,mlp_qmix,coord_grid,6,5208,130225,342.0,25,0.050000000000000044,35.77666022096361,733.0567278180804,108.40123816602863
mlp_qmix__N16__ring__seed6,mlp_qmix,coord_grid,6,5209,130250,315.0,25,0.050000000000000044,39.493751207987465,874.0770352681478,108.42160070798127
mlp_qmix__N16__ring__seed6,mlp_qmix,coord_grid,6,5210,130275,336.0,25,0.050000000000000044,29.10382652282715,840.0956471761068,108.44150541600538
mlp_qmix__N16__ring__seed6,mlp_qmix,coord_grid,6,5211,130300,330.0,25,0.050000000000000044,29.810929934183758,977.4224853515625,108.46148037503008
mlp_qmix__N16__ring__seed6,mlp_qmix,coord_grid,6,5212,130325,329.0,25,0.050000000000000044,25.608216081346786,915.9411272321429,108.48416662501404
mlp_qmix__N16__ring__seed6,mlp_qmix,coord_grid,6,5213,130350,331.0,25,0.050000000000000044,20.123199144999187,856.8799489339193,108.50407025002642
mlp_qmix__N16__ring__seed6,mlp_qmix,coord_grid,6,5214,130375,339.0,25,0.050000000000000044,16.114423036575317,865.8108622233073,108.52388024999527
mlp_qmix__N16__ring__seed6,mlp_qmix,coord_grid,6,5215,130400,332.0,25,0.050000000000000044,29.602291425069172,952.884043375651,108.54419824999059
mlp_qmix__N16__ring__seed6,mlp_qmix,coord_grid,6,5216,130425,336.0,25,0.050000000000000044,20.931525094168528,918.4342585972378,108.56654087500647
mlp_qmix__N16__ring__seed6,mlp_qmix,coord_grid,6,5217,130450,350.0,25,0.050000000000000044,25.99342441558838,931.3405965169271,108.5865394580178
mlp_qmix__N16__ring__seed6,mlp_qmix,coord_grid,6,5218,130475,344.0,25,0.050000000000000044,36.46788183848063,1014.4925028483073,108.60787875001552
mlp_qmix__N16__ring__seed6,mlp_qmix,coord_grid,6,5219,130500,336.0,25,0.050000000000000044,26.370847702026367,955.6665344238281,108.62810312502552
mlp_qmix__N16__ring__seed6,mlp_qmix,coord_grid,6,5220,130525,330.0,25,0.050000000000000044,31.492956127439225,959.1152954101562,108.65066479099914
mlp_qmix__N16__ring__seed6,mlp_qmix,coord_grid,6,5221,130550,339.0,25,0.050000000000000044,29.12388026714325,777.8241373697916,108.67057487502461
mlp_qmix__N16__ring__seed6,mlp_qmix,coord_grid,6,5222,130575,340.0,25,0.050000000000000044,23.955297748247784,948.7210286458334,108.69029562501237
mlp_qmix__N16__ring__seed6,mlp_qmix,coord_grid,6,5223,130600,313.0,25,0.050000000000000044,22.780050834019978,825.2854309082031,108.71034245798364
mlp_qmix__N16__ring__seed6,mlp_qmix,coord_grid,6,5224,130625,349.0,25,0.050000000000000044,27.064643689564296,912.3855263846261,108.73258883302333
mlp_qmix__N16__ring__seed6,mlp_qmix,coord_grid,6,5225,130650,344.0,25,0.050000000000000044,38.29649639129639,676.0883026123047,108.75238374999026
mlp_qmix__N16__ring__seed6,mlp_qmix,coord_grid,6,5226,130675,346.0,25,0.050000000000000044,28.045804401238758,439.4285596211751,108.7724662499968
mlp_qmix__N16__ring__seed6,mlp_qmix,coord_grid,6,5227,130700,349.0,25,0.050000000000000044,21.9375555117925,713.0636952718099,108.79228987498209
mlp_qmix__N16__ring__seed6,mlp_qmix,coord_grid,6,5228,130725,346.0,25,0.050000000000000044,26.916024838175094,456.2401907784598,108.81462595798075
mlp_qmix__N16__ring__seed6,mlp_qmix,coord_grid,6,5229,130750,332.0,25,0.050000000000000044,21.777866621812183,670.3010787963867,108.8342734160251
mlp_qmix__N16__ring__seed6,mlp_qmix,coord_grid,6,5230,130775,323.0,25,0.050000000000000044,28.88750712076823,702.7457122802734,108.85394795803586
mlp_qmix__N16__ring__seed6,mlp_qmix,coord_grid,6,5231,130800,324.0,25,0.050000000000000044,24.897191882133484,628.3720347086588,108.87363829102833
mlp_qmix__N16__ring__seed6,mlp_qmix,coord_grid,6,5232,130825,349.0,25,0.050000000000000044,32.77276168550764,499.43710545131137,108.89599799999269
mlp_qmix__N16__ring__seed6,mlp_qmix,coord_grid,6,5233,130850,333.0,25,0.050000000000000044,31.307333687941235,473.64893849690753,108.91611641598865
mlp_qmix__N16__ring__seed6,mlp_qmix,coord_grid,6,5234,130875,337.0,25,0.050000000000000044,41.09340953826904,629.1072540283203,108.93636054103263
mlp_qmix__N16__ring__seed6,mlp_qmix,coord_grid,6,5235,130900,338.0,25,0.050000000000000044,44.63711325327555,503.37302652994794,108.95728899998358
mlp_qmix__N16__ring__seed6,mlp_qmix,coord_grid,6,5236,130925,355.0,25,0.050000000000000044,24.094453896795,594.0158429827009,108.98018720798427
mlp_qmix__N16__ring__seed6,mlp_qmix,coord_grid,6,5237,130950,344.0,25,0.050000000000000044,28.02746836344401,526.273541768392,109.00002845801646
mlp_qmix__N16__ring__seed6,mlp_qmix,coord_grid,6,5238,130975,344.0,25,0.050000000000000044,24.781908810138702,496.9856135050456,109.01965658302652
mlp_qmix__N16__ring__seed6,mlp_qmix,coord_grid,6,5239,131000,308.0,25,0.050000000000000044,38.87718232472738,729.8382822672526,109.03934966598172
mlp_qmix__N16__ring__seed6,mlp_qmix,coord_grid,6,5240,131025,338.0,25,0.050000000000000044,30.505974769592285,694.7923453194754,109.06188295799075
mlp_qmix__N16__ring__seed6,mlp_qmix,coord_grid,6,5241,131050,329.0,25,0.050000000000000044,17.193711241086323,960.7890319824219,109.08181125001283
mlp_qmix__N16__ring__seed6,mlp_qmix,coord_grid,6,5242,131075,336.0,25,0.050000000000000044,42.77019166946411,843.5011545817057,109.10141900001327
mlp_qmix__N16__ring__seed6,mlp_qmix,coord_grid,6,5243,131100,342.0,25,0.050000000000000044,37.87272302309672,576.0705210367838,109.12131524999859
mlp_qmix__N16__ring__seed6,mlp_qmix,coord_grid,6,5244,131125,330.0,25,0.050000000000000044,18.755843809672765,497.864011492048,109.14356670802226
mlp_qmix__N16__ring__seed6,mlp_qmix,coord_grid,6,5245,131150,332.0,25,0.050000000000000044,28.172781070073444,545.3104095458984,109.16302666603588
mlp_qmix__N16__ring__seed6,mlp_qmix,coord_grid,6,5246,131175,332.0,25,0.050000000000000044,18.481054445107777,628.7236735026041,109.1831974160159
mlp_qmix__N16__ring__seed6,mlp_qmix,coord_grid,6,5247,131200,340.0,25,0.050000000000000044,28.59257898728053,791.3474833170573,109.20267187501304
mlp_qmix__N16__ring__seed6,mlp_qmix,coord_grid,6,5248,131225,332.0,25,0.050000000000000044,24.611710820879257,601.7549754551479,109.22573583299527
mlp_qmix__N16__ring__seed6,mlp_qmix,coord_grid,6,5249,131250,355.0,25,0.050000000000000044,36.4138118426005,872.6030731201172,109.24596604099497
mlp_qmix__N16__ring__seed6,mlp_qmix,coord_grid,6,5250,131275,351.0,25,0.050000000000000044,26.992493708928425,981.9316711425781,109.26616741600446
mlp_qmix__N16__ring__seed6,mlp_qmix,coord_grid,6,5251,131300,336.0,25,0.050000000000000044,19.666549404462177,836.7857818603516,109.28620629099896
mlp_qmix__N16__ring__seed6,mlp_qmix,coord_grid,6,5252,131325,340.0,25,0.050000000000000044,26.70025634765625,1010.2285417829241,109.3089417500305
mlp_qmix__N16__ring__seed6,mlp_qmix,coord_grid,6,5253,131350,340.0,25,0.050000000000000044,26.24155004819234,903.3079528808594,109.32896041602362
mlp_qmix__N16__ring__seed6,mlp_qmix,coord_grid,6,5254,131375,344.0,25,0.050000000000000044,23.561737934748333,1037.0995076497395,109.34932333300821
mlp_qmix__N16__ring__seed6,mlp_qmix,coord_grid,6,5255,131400,327.0,25,0.050000000000000044,33.084963162740074,1009.9678649902344,109.36949183302931
mlp_qmix__N16__ring__seed6,mlp_qmix,coord_grid,6,5256,131425,328.0,25,0.050000000000000044,25.06544235774449,1021.9197910853794,109.39171520801028
mlp_qmix__N16__ring__seed6,mlp_qmix,coord_grid,6,5257,131450,319.0,25,0.050000000000000044,24.457814693450928,1086.1530151367188,109.4118904999923
mlp_qmix__N16__ring__seed6,mlp_qmix,coord_grid,6,5258,131475,329.0,25,0.050000000000000044,33.975088119506836,1159.576904296875,109.43171470798552
mlp_qmix__N16__ring__seed6,mlp_qmix,coord_grid,6,5259,131500,329.0,25,0.050000000000000044,37.55079364776611,927.0990905761719,109.4514947910211
mlp_qmix__N16__ring__seed6,mlp_qmix,coord_grid,6,5260,131525,335.0,25,0.050000000000000044,33.60634849752699,877.2017735072544,109.4739571249811
mlp_qmix__N16__ring__seed6,mlp_qmix,coord_grid,6,5261,131550,343.0,25,0.050000000000000044,38.17587582270304,912.0644022623698,109.49396604101639
mlp_qmix__N16__ring__seed6,mlp_qmix,coord_grid,6,5262,131575,330.0,25,0.050000000000000044,25.77379600207011,1071.8338216145833,109.51395795802819
mlp_qmix__N16__ring__seed6,mlp_qmix,coord_grid,6,5263,131600,357.0,25,0.050000000000000044,23.46049976348877,952.9578552246094,109.53370454098331
mlp_qmix__N16__ring__seed6,mlp_qmix,coord_grid,6,5264,131625,334.0,25,0.050000000000000044,21.916500738688878,656.3226765223911,109.55606466601603
mlp_qmix__N16__ring__seed6,mlp_qmix,coord_grid,6,5265,131650,354.0,25,0.050000000000000044,21.750913222630818,630.8889389038086,109.57690470799571
mlp_qmix__N16__ring__seed6,mlp_qmix,coord_grid,6,5266,131675,339.0,25,0.050000000000000044,36.42303687334061,788.8647282918295,109.59672987501835
mlp_qmix__N16__ring__seed6,mlp_qmix,coord_grid,6,5267,131700,337.0,25,0.050000000000000044,35.40140628814697,736.531504313151,109.61740345798898
mlp_qmix__N16__ring__seed6,mlp_qmix,coord_grid,6,5268,131725,329.0,25,0.050000000000000044,28.80653292792184,841.9371512276786,109.64029433298856
mlp_qmix__N16__ring__seed6,mlp_qmix,coord_grid,6,5269,131750,336.0,25,0.050000000000000044,25.157643775145214,561.9495747884115,109.66022645798512
mlp_qmix__N16__ring__seed6,mlp_qmix,coord_grid,6,5270,131775,347.0,25,0.050000000000000044,31.55830228328705,738.4535013834635,109.68012983299559
mlp_qmix__N16__ring__seed6,mlp_qmix,coord_grid,6,5271,131800,332.0,25,0.050000000000000044,4.80067719022433,407.36835861206055,109.69982500001788
mlp_qmix__N16__ring__seed6,mlp_qmix,coord_grid,6,5272,131825,345.0,25,0.050000000000000044,7.0993622200829645,343.80803353445873,109.72175458300626
mlp_qmix__N16__ring__seed6,mlp_qmix,coord_grid,6,5273,131850,344.0,25,0.050000000000000044,29.35459566116333,982.2955118815104,109.74212541599991
mlp_qmix__N16__ring__seed6,mlp_qmix,coord_grid,6,5274,131875,335.0,25,0.050000000000000044,28.24430735905965,569.9561131795248,109.76218029099982
mlp_qmix__N16__ring__seed6,mlp_qmix,coord_grid,6,5275,131900,318.0,25,0.050000000000000044,25.17402132352193,573.3567403157552,109.78223741601687
mlp_qmix__N16__ring__seed6,mlp_qmix,coord_grid,6,5276,131925,352.0,25,0.050000000000000044,30.48256928580148,469.8065185546875,109.80470041598892
mlp_qmix__N16__ring__seed6,mlp_qmix,coord_grid,6,5277,131950,344.0,25,0.050000000000000044,15.66416205962499,883.9474385579427,109.82443929102737
mlp_qmix__N16__ring__seed6,mlp_qmix,coord_grid,6,5278,131975,328.0,25,0.050000000000000044,32.147631327311196,828.732655843099,109.84450312500121
mlp_qmix__N16__ring__seed6,mlp_qmix,coord_grid,6,5279,132000,335.0,25,0.050000000000000044,28.75931739807129,860.2055308024088,109.86441395798465
mlp_qmix__N16__ring__seed6,mlp_qmix,coord_grid,6,5280,132025,349.0,25,0.050000000000000044,13.721081631524223,782.0131759643555,109.8867724580341
mlp_qmix__N16__ring__seed6,mlp_qmix,coord_grid,6,5281,132050,340.0,25,0.050000000000000044,19.245916207631428,967.9466145833334,109.9066613750183
mlp_qmix__N16__ring__seed6,mlp_qmix,coord_grid,6,5282,132075,332.0,25,0.050000000000000044,29.15583924452464,925.6870422363281,109.92659804102732
mlp_qmix__N16__ring__seed6,mlp_qmix,coord_grid,6,5283,132100,322.0,25,0.050000000000000044,24.781501720348995,427.0960006713867,109.94644662499195
mlp_qmix__N16__ring__seed6,mlp_qmix,coord_grid,6,5284,132125,338.0,25,0.050000000000000044,25.54677391052246,846.9668557303293,109.96910074999323
mlp_qmix__N16__ring__seed6,mlp_qmix,coord_grid,6,5285,132150,332.0,25,0.050000000000000044,25.47446523110072,685.8400166829427,109.98982416599756
mlp_qmix__N16__ring__seed6,mlp_qmix,coord_grid,6,5286,132175,342.0,25,0.050000000000000044,45.576326529184975,782.8128712972006,110.00947699998505
mlp_qmix__N16__ring__seed6,mlp_qmix,coord_grid,6,5287,132200,345.0,25,0.050000000000000044,15.856503109137217,903.1562906901041,110.02964983298443
mlp_qmix__N16__ring__seed6,mlp_qmix,coord_grid,6,5288,132225,329.0,25,0.050000000000000044,35.39367321559361,973.0249938964844,110.05214625003282
mlp_qmix__N16__ring__seed6,mlp_qmix,coord_grid,6,5289,132250,339.0,25,0.050000000000000044,35.180500984191895,1091.1088256835938,110.07239612500416
mlp_qmix__N16__ring__seed6,mlp_qmix,coord_grid,6,5290,132275,345.0,25,0.050000000000000044,33.14503173033396,932.8035380045573,110.0927647909848
mlp_qmix__N16__ring__seed6,mlp_qmix,coord_grid,6,5291,132300,322.0,25,0.050000000000000044,38.215919176737465,1007.2494252522787,110.11277479102137
mlp_qmix__N16__ring__seed6,mlp_qmix,coord_grid,6,5292,132325,319.0,25,0.050000000000000044,34.810727732522146,993.4573102678571,110.13545258302474
mlp_qmix__N16__ring__seed6,mlp_qmix,coord_grid,6,5293,132350,355.0,25,0.050000000000000044,37.94332981109619,1106.515380859375,110.15524674998596
mlp_qmix__N16__ring__seed6,mlp_qmix,coord_grid,6,5294,132375,360.0,25,0.050000000000000044,19.905169367790222,907.153818766276,110.17628004099242
mlp_qmix__N16__ring__seed6,mlp_qmix,coord_grid,6,5295,132400,341.0,25,0.050000000000000044,20.30407561858495,972.516367594401,110.19635820802068
mlp_qmix__N16__ring__seed6,mlp_qmix,coord_grid,6,5296,132425,332.0,25,0.050000000000000044,27.07593563624791,1182.96431187221,110.21884616598254
mlp_qmix__N16__ring__seed6,mlp_qmix,coord_grid,6,5297,132450,336.0,25,0.050000000000000044,48.04127152760824,1066.7638041178386,110.23855395801365
mlp_qmix__N16__ring__seed6,mlp_qmix,coord_grid,6,5298,132475,339.0,25,0.050000000000000044,24.11745818456014,1042.3939208984375,110.25837291602511
mlp_qmix__N16__ring__seed6,mlp_qmix,coord_grid,6,5299,132500,341.0,25,0.050000000000000044,33.58487447102865,872.0088195800781,110.27865620801458
mlp_qmix__N16__ring__seed6,mlp_qmix,coord_grid,6,5300,132525,315.0,25,0.050000000000000044,47.86098970685686,1084.4910539899554,110.30106695799623
mlp_qmix__N16__ring__seed6,mlp_qmix,coord_grid,6,5301,132550,331.0,25,0.050000000000000044,20.115599393844604,1069.5770365397136,110.3215616249945
mlp_qmix__N16__ring__seed6,mlp_qmix,coord_grid,6,5302,132575,359.0,25,0.050000000000000044,44.55881647268931,1076.9537658691406,110.34173145802924
mlp_qmix__N16__ring__seed6,mlp_qmix,coord_grid,6,5303,132600,345.0,25,0.050000000000000044,20.647586941719055,1039.9935607910156,110.36149583302904
mlp_qmix__N16__ring__seed6,mlp_qmix,coord_grid,6,5304,132625,335.0,25,0.050000000000000044,37.85423312868391,968.8134852818081,110.38465541601181
mlp_qmix__N16__ring__seed6,mlp_qmix,coord_grid,6,5305,132650,334.0,25,0.050000000000000044,47.82004419962565,1105.4815470377605,110.40433162503177
mlp_qmix__N16__ring__seed6,mlp_qmix,coord_grid,6,5306,132675,334.0,25,0.050000000000000044,20.03495196501414,1050.7666117350261,110.42448262503603
mlp_qmix__N16__ring__seed6,mlp_qmix,coord_grid,6,5307,132700,339.0,25,0.050000000000000044,34.5886564652125,1155.5215555826824,110.4441816250328
mlp_qmix__N16__ring__seed6,mlp_qmix,coord_grid,6,5308,132725,330.0,25,0.050000000000000044,26.050596850258962,910.5456673758371,110.46655354101676
mlp_qmix__N16__ring__seed6,mlp_qmix,coord_grid,6,5309,132750,325.0,25,0.050000000000000044,12.408276597658793,703.8527272542318,110.4873581660213
mlp_qmix__N16__ring__seed6,mlp_qmix,coord_grid,6,5310,132775,337.0,25,0.050000000000000044,32.47076471646627,690.5437380472819,110.50747266598046
mlp_qmix__N16__ring__seed6,mlp_qmix,coord_grid,6,5311,132800,341.0,25,0.050000000000000044,33.73464126388232,857.7838033040365,110.52728995803045
mlp_qmix__N16__ring__seed6,mlp_qmix,coord_grid,6,5312,132825,338.0,25,0.050000000000000044,41.69916609355381,1097.1422380719866,110.54969958303263
mlp_qmix__N16__ring__seed6,mlp_qmix,coord_grid,6,5313,132850,338.0,25,0.050000000000000044,30.374353686968487,966.8434753417969,110.5696302910219
mlp_qmix__N16__ring__seed6,mlp_qmix,coord_grid,6,5314,132875,357.0,25,0.050000000000000044,30.60443651676178,1062.9068400065105,110.58963404101087
mlp_qmix__N16__ring__seed6,mlp_qmix,coord_grid,6,5315,132900,327.0,25,0.050000000000000044,24.334537665049236,1062.5054626464844,110.60981670801993
mlp_qmix__N16__ring__seed6,mlp_qmix,coord_grid,6,5316,132925,318.0,25,0.050000000000000044,32.06957813671657,956.6826259068081,110.6331346250372
mlp_qmix__N16__ring__seed6,mlp_qmix,coord_grid,6,5317,132950,340.0,25,0.050000000000000044,38.19626394907633,1140.7901204427083,110.65341720799915
mlp_qmix__N16__ring__seed6,mlp_qmix,coord_grid,6,5318,132975,352.0,25,0.050000000000000044,20.079550345738728,1066.2991841634114,110.6735995830386
mlp_qmix__N16__ring__seed6,mlp_qmix,coord_grid,6,5319,133000,347.0,25,0.050000000000000044,24.616419434547424,1063.0085347493489,110.69378054101253
mlp_qmix__N16__ring__seed6,mlp_qmix,coord_grid,6,5320,133025,339.0,25,0.050000000000000044,41.94919640677316,1130.6472342354912,110.71622112498153
mlp_qmix__N16__ring__seed6,mlp_qmix,coord_grid,6,5321,133050,364.0,25,0.050000000000000044,39.25047175089518,1130.7167460123699,110.73596895800438
mlp_qmix__N16__ring__seed6,mlp_qmix,coord_grid,6,5322,133075,347.0,25,0.050000000000000044,32.52196075518926,649.6487375895182,110.7556209579925
mlp_qmix__N16__ring__seed6,mlp_qmix,coord_grid,6,5323,133100,339.0,25,0.050000000000000044,29.57262674967448,734.2038815816244,110.7753608750063
mlp_qmix__N16__ring__seed6,mlp_qmix,coord_grid,6,5324,133125,329.0,25,0.050000000000000044,20.08775656563895,870.4349190848214,110.79774304101011
mlp_qmix__N16__ring__seed6,mlp_qmix,coord_grid,6,5325,133150,334.0,25,0.050000000000000044,15.392185946305593,589.3274663289388,110.81761362502584
mlp_qmix__N16__ring__seed6,mlp_qmix,coord_grid,6,5326,133175,327.0,25,0.050000000000000044,19.008923947811127,656.4664560953776,110.83760391600663
mlp_qmix__N16__ring__seed6,mlp_qmix,coord_grid,6,5327,133200,343.0,25,0.050000000000000044,18.88340961933136,697.0930379231771,110.85832524998114
mlp_qmix__N16__ring__seed6,mlp_qmix,coord_grid,6,5328,133225,344.0,25,0.050000000000000044,40.034826840673176,488.4217289515904,110.88042391603813
mlp_qmix__N16__ring__seed6,mlp_qmix,coord_grid,6,5329,133250,337.0,25,0.050000000000000044,40.62540149688721,905.7950286865234,110.9001011250075
mlp_qmix__N16__ring__seed6,mlp_qmix,coord_grid,6,5330,133275,339.0,25,0.050000000000000044,43.540794372558594,812.3262176513672,110.92021374998149
mlp_qmix__N16__ring__seed6,mlp_qmix,coord_grid,6,5331,133300,335.0,25,0.050000000000000044,33.5506534576416,849.9971669514974,110.94010804098798
mlp_qmix__N16__ring__seed6,mlp_qmix,coord_grid,6,5332,133325,347.0,25,0.050000000000000044,25.277026414871216,470.02322278703963,110.96265712502645
mlp_qmix__N16__ring__seed6,mlp_qmix,coord_grid,6,5333,133350,348.0,25,0.050000000000000044,43.16316423813502,602.9414520263672,110.98258216603426
mlp_qmix__N16__ring__seed6,mlp_qmix,coord_grid,6,5334,133375,324.0,25,0.050000000000000044,19.535830716292065,868.6574757893881,111.00258208299056
mlp_qmix__N16__ring__seed6,mlp_qmix,coord_grid,6,5335,133400,336.0,25,0.050000000000000044,21.6977676153183,272.0590934753418,111.02222754101967
mlp_qmix__N16__ring__seed6,mlp_qmix,coord_grid,6,5336,133425,330.0,25,0.050000000000000044,22.60175939968654,716.0836116245815,111.04457875003573
mlp_qmix__N16__ring__seed6,mlp_qmix,coord_grid,6,5337,133450,315.0,25,0.050000000000000044,40.09211130936941,960.4408365885416,111.06487724999897
mlp_qmix__N16__ring__seed6,mlp_qmix,coord_grid,6,5338,133475,310.0,25,0.050000000000000044,47.35863689581553,858.5799967447916,111.0848390830215
mlp_qmix__N16__ring__seed6,mlp_qmix,coord_grid,6,5339,133500,337.0,25,0.050000000000000044,29.83098907272021,810.1812184651693,111.10457795800176
mlp_qmix__N16__ring__seed6,mlp_qmix,coord_grid,6,5340,133525,336.0,25,0.050000000000000044,25.397652677127294,702.6395459856305,111.12639895803295
mlp_qmix__N16__ring__seed6,mlp_qmix,coord_grid,6,5341,133550,339.0,25,0.050000000000000044,25.55669327576955,755.6683705647787,111.14712062501349
mlp_qmix__N16__ring__seed6,mlp_qmix,coord_grid,6,5342,133575,340.0,25,0.050000000000000044,25.60608458518982,810.515879313151,111.16707137500634
mlp_qmix__N16__ring__seed6,mlp_qmix,coord_grid,6,5343,133600,355.0,25,0.050000000000000044,18.4878053466479,680.5288899739584,111.18713012500666
mlp_qmix__N16__ring__seed6,mlp_qmix,coord_grid,6,5344,133625,341.0,25,0.050000000000000044,28.120316284043447,668.0022321428571,111.21064816601574
mlp_qmix__N16__ring__seed6,mlp_qmix,coord_grid,6,5345,133650,363.0,25,0.050000000000000044,28.978238880634308,672.7695744832357,111.23087470798055
mlp_qmix__N16__ring__seed6,mlp_qmix,coord_grid,6,5346,133675,337.0,25,0.050000000000000044,32.23783624172211,674.6183115641276,111.25061320798704
mlp_qmix__N16__ring__seed6,mlp_qmix,coord_grid,6,5347,133700,328.0,25,0.050000000000000044,25.906357904275257,814.1311289469401,111.27083699998911
mlp_qmix__N16__ring__seed6,mlp_qmix,coord_grid,6,5348,133725,355.0,25,0.050000000000000044,20.386920179639542,864.2143096923828,111.29347700002836
mlp_qmix__N16__ring__seed6,mlp_qmix,coord_grid,6,5349,133750,320.0,25,0.050000000000000044,23.828460534413654,948.954345703125,111.31330370798241
mlp_qmix__N16__ring__seed6,mlp_qmix,coord_grid,6,5350,133775,338.0,25,0.050000000000000044,23.163430611292522,1107.472880045573,111.33276429102989
mlp_qmix__N16__ring__seed6,mlp_qmix,coord_grid,6,5351,133800,328.0,25,0.050000000000000044,27.560779253641766,1092.3502400716145,111.35271120799007
mlp_qmix__N16__ring__seed6,mlp_qmix,coord_grid,6,5352,133825,340.0,25,0.050000000000000044,43.613888604300364,964.2257516043527,111.37545624998165
mlp_qmix__N16__ring__seed6,mlp_qmix,coord_grid,6,5353,133850,323.0,25,0.050000000000000044,42.26989301045736,980.9955902099609,111.39549600001192
mlp_qmix__N16__ring__seed6,mlp_qmix,coord_grid,6,5354,133875,338.0,25,0.050000000000000044,33.4422744512558,618.7833658854166,111.41640458302572
mlp_qmix__N16__ring__seed6,mlp_qmix,coord_grid,6,5355,133900,321.0,25,0.050000000000000044,45.16359221935272,937.4712727864584,111.43642958300188
mlp_qmix__N16__ring__seed6,mlp_qmix,coord_grid,6,5356,133925,323.0,25,0.050000000000000044,20.036789502416337,694.9000156947544,111.45908570801839
mlp_qmix__N16__ring__seed6,mlp_qmix,coord_grid,6,5357,133950,337.0,25,0.050000000000000044,23.422577331463497,814.5149230957031,111.47906395798782
mlp_qmix__N16__ring__seed6,mlp_qmix,coord_grid,6,5358,133975,340.0,25,0.050000000000000044,23.8059850136439,940.3836771647135,111.49913862498943
mlp_qmix__N16__ring__seed6,mlp_qmix,coord_grid,6,5359,134000,341.0,25,0.050000000000000044,23.556726058324177,1000.2584330240885,111.519034500001
mlp_qmix__N16__ring__seed6,mlp_qmix,coord_grid,6,5360,134025,334.0,25,0.050000000000000044,41.56129595211574,930.5759190150669,111.54092891601613
mlp_qmix__N16__ring__seed6,mlp_qmix,coord_grid,6,5361,134050,344.0,25,0.050000000000000044,20.119253476460774,1042.615254720052,111.56093279103516
mlp_qmix__N16__ring__seed6,mlp_qmix,coord_grid,6,5362,134075,334.0,25,0.050000000000000044,37.830379486083984,1008.1267649332682,111.58074000000488
mlp_qmix__N16__ring__seed6,mlp_qmix,coord_grid,6,5363,134100,330.0,25,0.050000000000000044,16.357515533765156,1130.3275451660156,111.60079183301423
mlp_qmix__N16__ring__seed6,mlp_qmix,coord_grid,6,5364,134125,346.0,25,0.050000000000000044,20.40595644712448,976.996830531529,111.6243922500289
mlp_qmix__N16__ring__seed6,mlp_qmix,coord_grid,6,5365,134150,333.0,25,0.050000000000000044,19.98413227001826,952.8839721679688,111.64536912500625
mlp_qmix__N16__ring__seed6,mlp_qmix,coord_grid,6,5366,134175,338.0,25,0.050000000000000044,30.924356778462727,956.2886098225912,111.66565904102754
mlp_qmix__N16__ring__seed6,mlp_qmix,coord_grid,6,5367,134200,347.0,25,0.050000000000000044,30.681476910909016,1023.0819091796875,111.68555283301976
mlp_qmix__N16__ring__seed6,mlp_qmix,coord_grid,6,5368,134225,347.0,25,0.050000000000000044,26.768367597035,899.3934413364956,111.70773254102096
mlp_qmix__N16__ring__seed6,mlp_qmix,coord_grid,6,5369,134250,348.0,25,0.050000000000000044,27.13726258277893,1008.3390096028646,111.7278573330259
mlp_qmix__N16__ring__seed6,mlp_qmix,coord_grid,6,5370,134275,351.0,25,0.050000000000000044,20.20495931307475,1040.3682250976562,111.7474909159937
mlp_qmix__N16__ring__seed6,mlp_qmix,coord_grid,6,5371,134300,349.0,25,0.050000000000000044,26.731919010480244,991.4077453613281,111.76733383303508
mlp_qmix__N16__ring__seed6,mlp_qmix,coord_grid,6,5372,134325,334.0,25,0.050000000000000044,32.876175062997,997.2770211356027,111.78950908302795
mlp_qmix__N16__ring__seed6,mlp_qmix,coord_grid,6,5373,134350,340.0,25,0.050000000000000044,30.453937848409016,984.4933166503906,111.80947124998784
mlp_qmix__N16__ring__seed6,mlp_qmix,coord_grid,6,5374,134375,339.0,25,0.050000000000000044,34.319957971572876,969.2419942220052,111.82931158301653
mlp_qmix__N16__ring__seed6,mlp_qmix,coord_grid,6,5375,134400,347.0,25,0.050000000000000044,30.58189368247986,1044.6342264811199,111.84898587502539
mlp_qmix__N16__ring__seed6,mlp_qmix,coord_grid,6,5376,134425,334.0,25,0.050000000000000044,19.69298776558467,556.6390206473214,111.8712352910079
mlp_qmix__N16__ring__seed6,mlp_qmix,coord_grid,6,5377,134450,337.0,25,0.050000000000000044,36.66216723124186,547.7739054361979,111.89081291598268
mlp_qmix__N16__ring__seed6,mlp_qmix,coord_grid,6,5378,134475,331.0,25,0.050000000000000044,16.218740900357563,764.5793304443359,111.91079466603696
mlp_qmix__N16__ring__seed6,mlp_qmix,coord_grid,6,5379,134500,341.0,25,0.050000000000000044,34.33772818247477,1094.5422871907551,111.93075729103293
mlp_qmix__N16__ring__seed6,mlp_qmix,coord_grid,6,5380,134525,353.0,25,0.050000000000000044,29.523383855819702,970.5786568777902,111.95299820799846
mlp_qmix__N16__ring__seed6,mlp_qmix,coord_grid,6,5381,134550,327.0,25,0.050000000000000044,27.120850563049316,1043.4447631835938,111.97336858301423
mlp_qmix__N16__ring__seed6,mlp_qmix,coord_grid,6,5382,134575,344.0,25,0.050000000000000044,27.388044675191242,1153.7051188151042,111.9946345409844
mlp_qmix__N16__ring__seed6,mlp_qmix,coord_grid,6,5383,134600,336.0,25,0.050000000000000044,23.643018404642742,974.0406036376953,112.01481966598658
mlp_qmix__N16__ring__seed6,mlp_qmix,coord_grid,6,5384,134625,334.0,25,0.050000000000000044,24.94787440981184,1142.6106218610491,112.03706287499517
mlp_qmix__N16__ring__seed6,mlp_qmix,coord_grid,6,5385,134650,344.0,25,0.050000000000000044,37.1086794535319,1171.0915018717449,112.05676466599107
mlp_qmix__N16__ring__seed6,mlp_qmix,coord_grid,6,5386,134675,330.0,25,0.050000000000000044,56.935089429219566,1036.4515279134114,112.07663516601315
mlp_qmix__N16__ring__seed6,mlp_qmix,coord_grid,6,5387,134700,324.0,25,0.050000000000000044,19.012264013290405,1236.9184672037761,112.09682316600811
mlp_qmix__N16__ring__seed6,mlp_qmix,coord_grid,6,5388,134725,337.0,25,0.050000000000000044,34.49847480228969,1103.024379185268,112.1191428329912
mlp_qmix__N16__ring__seed6,mlp_qmix,coord_grid,6,5389,134750,330.0,25,0.050000000000000044,15.311291019121805,1104.7625325520833,112.1391708329902
mlp_qmix__N16__ring__seed6,mlp_qmix,coord_grid,6,5390,134775,339.0,25,0.050000000000000044,30.636780579884846,825.3332316080729,112.15960862499196
mlp_qmix__N16__ring__seed6,mlp_qmix,coord_grid,6,5391,134800,333.0,25,0.050000000000000044,30.13930118083954,797.60205078125,112.17943758302135
mlp_qmix__N16__ring__seed6,mlp_qmix,coord_grid,6,5392,134825,317.0,25,0.050000000000000044,35.584480217524934,744.881343296596,112.20185474999016
mlp_qmix__N16__ring__seed6,mlp_qmix,coord_grid,6,5393,134850,334.0,25,0.050000000000000044,19.306737979253132,499.2063840230306,112.22191612498136
mlp_qmix__N16__ring__seed6,mlp_qmix,coord_grid,6,5394,134875,327.0,25,0.050000000000000044,28.79973379770915,1114.6981099446614,112.24184199998854
mlp_qmix__N16__ring__seed6,mlp_qmix,coord_grid,6,5395,134900,318.0,25,0.050000000000000044,32.767754554748535,1063.2167154947917,112.26147712499369
mlp_qmix__N16__ring__seed6,mlp_qmix,coord_grid,6,5396,134925,326.0,25,0.050000000000000044,22.519485201154435,1118.499799455915,112.28418033302296
mlp_qmix__N16__ring__seed6,mlp_qmix,coord_grid,6,5397,134950,312.0,25,0.050000000000000044,28.562253435452778,980.6550089518229,112.3045784580172
mlp_qmix__N16__ring__seed6,mlp_qmix,coord_grid,6,5398,134975,334.0,25,0.050000000000000044,24.4324692885081,873.4509963989258,112.3242267909809
mlp_qmix__N16__ring__seed6,mlp_qmix,coord_grid,6,5399,135000,341.0,25,0.050000000000000044,31.48994552095731,831.0059331258138,112.34387337503722
mlp_qmix__N16__ring__seed6,mlp_qmix,coord_grid,6,5400,135025,332.0,25,0.050000000000000044,36.41196492740086,899.2173363821847,112.36595204100013
mlp_qmix__N16__ring__seed6,mlp_qmix,coord_grid,6,5401,135050,323.0,25,0.050000000000000044,38.5072857538859,1041.31298828125,112.38537912501488
mlp_qmix__N16__ring__seed6,mlp_qmix,coord_grid,6,5402,135075,327.0,25,0.050000000000000044,34.51627524693807,918.3415069580078,112.40536666603293
mlp_qmix__N16__ring__seed6,mlp_qmix,coord_grid,6,5403,135100,331.0,25,0.050000000000000044,27.684905886650085,939.2572886149088,112.42533754103351
mlp_qmix__N16__ring__seed6,mlp_qmix,coord_grid,6,5404,135125,345.0,25,0.050000000000000044,18.104674884251185,970.6628679547991,112.44756104098633
mlp_qmix__N16__ring__seed6,mlp_qmix,coord_grid,6,5405,135150,340.0,25,0.050000000000000044,9.590038895606995,1070.6222635904949,112.46788025001297
mlp_qmix__N16__ring__seed6,mlp_qmix,coord_grid,6,5406,135175,336.0,25,0.050000000000000044,31.1370423634847,1003.0518697102865,112.48786741599906
mlp_qmix__N16__ring__seed6,mlp_qmix,coord_grid,6,5407,135200,337.0,25,0.050000000000000044,38.34194918473562,1012.4826253255209,112.50694350001868
mlp_qmix__N16__ring__seed6,mlp_qmix,coord_grid,6,5408,135225,341.0,25,0.050000000000000044,30.536037308829172,1020.108646937779,112.53020249999827
mlp_qmix__N16__ring__seed6,mlp_qmix,coord_grid,6,5409,135250,331.0,25,0.050000000000000044,27.583810885747273,1014.77734375,112.55014499998651
mlp_qmix__N16__ring__seed6,mlp_qmix,coord_grid,6,5410,135275,337.0,25,0.050000000000000044,27.370193978150684,1043.5347188313801,112.57004662498366
mlp_qmix__N16__ring__seed6,mlp_qmix,coord_grid,6,5411,135300,335.0,25,0.050000000000000044,31.36002939939499,1073.4027913411458,112.58999958302593
mlp_qmix__N16__ring__seed6,mlp_qmix,coord_grid,6,5412,135325,331.0,25,0.050000000000000044,11.498567921774727,1062.2553013392858,112.61184929101728
mlp_qmix__N16__ring__seed6,mlp_qmix,coord_grid,6,5413,135350,332.0,25,0.050000000000000044,16.809982260068256,1066.4634908040364,112.63190516602481
mlp_qmix__N16__ring__seed6,mlp_qmix,coord_grid,6,5414,135375,346.0,25,0.050000000000000044,20.642409563064575,1186.0329182942708,112.65236341598211
mlp_qmix__N16__ring__seed6,mlp_qmix,coord_grid,6,5415,135400,332.0,25,0.050000000000000044,41.96063741048177,974.9681905110677,112.67257654102286
mlp_qmix__N16__ring__seed6,mlp_qmix,coord_grid,6,5416,135425,353.0,25,0.050000000000000044,55.42901284354074,1081.9950212751116,112.69538554101018
mlp_qmix__N16__ring__seed6,mlp_qmix,coord_grid,6,5417,135450,334.0,25,0.050000000000000044,31.417183876037598,931.7395680745443,112.71537837502547
mlp_qmix__N16__ring__seed6,mlp_qmix,coord_grid,6,5418,135475,341.0,25,0.050000000000000044,38.649637242158256,785.6269887288412,112.73510729102418
mlp_qmix__N16__ring__seed6,mlp_qmix,coord_grid,6,5419,135500,330.0,25,0.050000000000000044,31.17364811897278,670.8949508666992,112.75483500002883
mlp_qmix__N16__ring__seed6,mlp_qmix,coord_grid,6,5420,135525,342.0,25,0.050000000000000044,32.83894453729902,822.3909214564732,112.77722300001187
mlp_qmix__N16__ring__seed6,mlp_qmix,coord_grid,6,5421,135550,349.0,25,0.050000000000000044,27.062652786572773,728.9321492513021,112.79755716602085
mlp_qmix__N16__ring__seed6,mlp_qmix,coord_grid,6,5422,135575,335.0,25,0.050000000000000044,64.62724876403809,905.8421910603842,112.81785004102858
mlp_qmix__N16__ring__seed6,mlp_qmix,coord_grid,6,5423,135600,335.0,25,0.050000000000000044,34.52430087327957,647.621452331543,112.83773016603664
mlp_qmix__N16__ring__seed6,mlp_qmix,coord_grid,6,5424,135625,347.0,25,0.050000000000000044,24.5542539869036,1091.337441580636,112.86004312499426
mlp_qmix__N16__ring__seed6,mlp_qmix,coord_grid,6,5425,135650,326.0,25,0.050000000000000044,26.939754327138264,715.8899586995443,112.8798219159944
mlp_qmix__N16__ring__seed6,mlp_qmix,coord_grid,6,5426,135675,331.0,25,0.050000000000000044,12.90014668305715,936.4680938720703,112.89939425000921
mlp_qmix__N16__ring__seed6,mlp_qmix,coord_grid,6,5427,135700,323.0,25,0.050000000000000044,38.40276590983073,1165.4366455078125,112.9193915000069
mlp_qmix__N16__ring__seed6,mlp_qmix,coord_grid,6,5428,135725,356.0,25,0.050000000000000044,27.86887230191912,1325.2184535435267,112.9416050830041
mlp_qmix__N16__ring__seed6,mlp_qmix,coord_grid,6,5429,135750,329.0,25,0.050000000000000044,43.911195715268455,997.8432693481445,112.96117312501883
mlp_qmix__N16__ring__seed6,mlp_qmix,coord_grid,6,5430,135775,325.0,25,0.050000000000000044,20.819163819154102,894.7790222167969,112.98263808299089
mlp_qmix__N16__ring__seed6,mlp_qmix,coord_grid,6,5431,135800,330.0,25,0.050000000000000044,46.70988814036051,802.9798634847006,113.00291816599201
mlp_qmix__N16__ring__seed6,mlp_qmix,coord_grid,6,5432,135825,330.0,25,0.050000000000000044,32.99460295268467,684.6195090157645,113.02591045800364
mlp_qmix__N16__ring__seed6,mlp_qmix,coord_grid,6,5433,135850,337.0,25,0.050000000000000044,33.70250209172567,1258.8486328125,113.04572945798282
mlp_qmix__N16__ring__seed6,mlp_qmix,coord_grid,6,5434,135875,343.0,25,0.050000000000000044,47.28853702545166,1181.8041585286458,113.06604058301309
mlp_qmix__N16__ring__seed6,mlp_qmix,coord_grid,6,5435,135900,339.0,25,0.050000000000000044,47.489532152811684,1113.7632548014324,113.08599712501746
mlp_qmix__N16__ring__seed6,mlp_qmix,coord_grid,6,5436,135925,334.0,25,0.050000000000000044,39.03816147361483,555.1379852294922,113.10805004101712
mlp_qmix__N16__ring__seed6,mlp_qmix,coord_grid,6,5437,135950,333.0,25,0.050000000000000044,36.25834981600443,1145.0791982014973,113.128046791011
mlp_qmix__N16__ring__seed6,mlp_qmix,coord_grid,6,5438,135975,329.0,25,0.050000000000000044,32.81933307647705,1105.5906677246094,113.14774120802758
mlp_qmix__N16__ring__seed6,mlp_qmix,coord_grid,6,5439,136000,331.0,25,0.050000000000000044,29.37662200133006,1063.062479654948,113.16763425001409
mlp_qmix__N16__ring__seed6,mlp_qmix,coord_grid,6,5440,136025,329.0,25,0.050000000000000044,43.686590739658904,1008.4763085501535,113.1900267500314
mlp_qmix__N16__ring__seed6,mlp_qmix,coord_grid,6,5441,136050,329.0,25,0.050000000000000044,33.161725560824074,1217.3996073404949,113.2096591250156
mlp_qmix__N16__ring__seed6,mlp_qmix,coord_grid,6,5442,136075,334.0,25,0.050000000000000044,18.215337713559467,1049.7793680826824,113.22998487501172
mlp_qmix__N16__ring__seed6,mlp_qmix,coord_grid,6,5443,136100,334.0,25,0.050000000000000044,29.439317226409912,1160.8711039225261,113.24984758300707
mlp_qmix__N16__ring__seed6,mlp_qmix,coord_grid,6,5444,136125,339.0,25,0.050000000000000044,25.75718252999442,1140.2672816685267,113.27336458303034
mlp_qmix__N16__ring__seed6,mlp_qmix,coord_grid,6,5445,136150,332.0,25,0.050000000000000044,53.98854160308838,1098.9487915039062,113.29478704102803
mlp_qmix__N16__ring__seed6,mlp_qmix,coord_grid,6,5446,136175,360.0,25,0.050000000000000044,26.19840868314107,1221.3405863444011,113.31820995802991
mlp_qmix__N16__ring__seed6,mlp_qmix,coord_grid,6,5447,136200,346.0,25,0.050000000000000044,21.40967740615209,1239.271260579427,113.33881962503074
mlp_qmix__N16__ring__seed6,mlp_qmix,coord_grid,6,5448,136225,344.0,25,0.050000000000000044,24.000108582632883,1348.6182512555804,113.3612872500089
mlp_qmix__N16__ring__seed6,mlp_qmix,coord_grid,6,5449,136250,329.0,25,0.050000000000000044,38.83340930938721,1216.9593709309895,113.38162429101067
mlp_qmix__N16__ring__seed6,mlp_qmix,coord_grid,6,5450,136275,329.0,25,0.050000000000000044,13.955282727877298,1373.0784912109375,113.40171312500024
mlp_qmix__N16__ring__seed6,mlp_qmix,coord_grid,6,5451,136300,327.0,25,0.050000000000000044,32.7885627746582,1246.3527425130208,113.42154474998824
mlp_qmix__N16__ring__seed6,mlp_qmix,coord_grid,6,5452,136325,347.0,25,0.050000000000000044,33.824868610927034,1207.31050327846,113.44378470798256
mlp_qmix__N16__ring__seed6,mlp_qmix,coord_grid,6,5453,136350,336.0,25,0.050000000000000044,20.87372197707494,1316.047139485677,113.46360854100203
mlp_qmix__N16__ring__seed6,mlp_qmix,coord_grid,6,5454,136375,340.0,25,0.050000000000000044,40.0643253326416,1307.4622395833333,113.48457395803416
mlp_qmix__N16__ring__seed6,mlp_qmix,coord_grid,6,5455,136400,317.0,25,0.050000000000000044,13.777210354804993,1248.612813313802,113.50509795802645
mlp_qmix__N16__ring__seed6,mlp_qmix,coord_grid,6,5456,136425,326.0,25,0.050000000000000044,44.22045135498047,1365.8123953683037,113.52776383300079
mlp_qmix__N16__ring__seed6,mlp_qmix,coord_grid,6,5457,136450,337.0,25,0.050000000000000044,41.81605847676595,1022.1488087972006,113.54797495802632
mlp_qmix__N16__ring__seed6,mlp_qmix,coord_grid,6,5458,136475,314.0,25,0.050000000000000044,58.71978727976481,1305.2381998697917,113.56763350003166
mlp_qmix__N16__ring__seed6,mlp_qmix,coord_grid,6,5459,136500,336.0,25,0.050000000000000044,28.483754873275757,1291.164306640625,113.587416666036
mlp_qmix__N16__ring__seed6,mlp_qmix,coord_grid,6,5460,136525,320.0,25,0.050000000000000044,29.689210210527694,1050.3214405604772,113.60940000001574
mlp_qmix__N16__ring__seed6,mlp_qmix,coord_grid,6,5461,136550,302.0,25,0.050000000000000044,14.948601524035135,1015.8026275634766,113.62884233298246
mlp_qmix__N16__ring__seed6,mlp_qmix,coord_grid,6,5462,136575,316.0,25,0.050000000000000044,9.80862041314443,999.1514485677084,113.64962008298608
mlp_qmix__N16__ring__seed6,mlp_qmix,coord_grid,6,5463,136600,325.0,25,0.050000000000000044,28.87718137105306,932.8642069498698,113.67023116600467
mlp_qmix__N16__ring__seed6,mlp_qmix,coord_grid,6,5464,136625,341.0,25,0.050000000000000044,37.9157988684518,1059.339804513114,113.69211400003405
mlp_qmix__N16__ring__seed6,mlp_qmix,coord_grid,6,5465,136650,340.0,25,0.050000000000000044,18.783708413441975,1248.0843098958333,113.7122202499886
mlp_qmix__N16__ring__seed6,mlp_qmix,coord_grid,6,5466,136675,350.0,25,0.050000000000000044,37.60716946919759,1216.3193054199219,113.73234124999726
mlp_qmix__N16__ring__seed6,mlp_qmix,coord_grid,6,5467,136700,348.0,25,0.050000000000000044,36.619452714920044,1127.2813618977864,113.75211875000969
mlp_qmix__N16__ring__seed6,mlp_qmix,coord_grid,6,5468,136725,341.0,25,0.050000000000000044,32.7855543409075,1297.7189243861608,113.77426995802671
mlp_qmix__N16__ring__seed6,mlp_qmix,coord_grid,6,5469,136750,323.0,25,0.050000000000000044,33.512301762898765,1128.8136800130208,113.79424437502166
mlp_qmix__N16__ring__seed6,mlp_qmix,coord_grid,6,5470,136775,310.0,25,0.050000000000000044,45.23546441396078,1187.6706848144531,113.81491220800672
mlp_qmix__N16__ring__seed6,mlp_qmix,coord_grid,6,5471,136800,337.0,25,0.050000000000000044,25.567943175633747,1161.6915283203125,113.83503279101569
mlp_qmix__N16__ring__seed6,mlp_qmix,coord_grid,6,5472,136825,329.0,25,0.050000000000000044,38.61852955818176,1057.7940564836774,113.85764370800462
mlp_qmix__N16__ring__seed6,mlp_qmix,coord_grid,6,5473,136850,341.0,25,0.050000000000000044,15.938666860262552,536.776471455892,113.87773362500593
mlp_qmix__N16__ring__seed6,mlp_qmix,coord_grid,6,5474,136875,328.0,25,0.050000000000000044,28.85216502348582,1163.0674540201824,113.89737466600491
mlp_qmix__N16__ring__seed6,mlp_qmix,coord_grid,6,5475,136900,333.0,25,0.050000000000000044,13.33283825715383,977.8470052083334,113.91797345801024
mlp_qmix__N16__ring__seed6,mlp_qmix,coord_grid,6,5476,136925,340.0,25,0.050000000000000044,33.83554264477321,1194.2837982177734,113.9407218330307
mlp_qmix__N16__ring__seed6,mlp_qmix,coord_grid,6,5477,136950,344.0,25,0.050000000000000044,36.87040003140768,1269.5582071940105,113.96051624999382
mlp_qmix__N16__ring__seed6,mlp_qmix,coord_grid,6,5478,136975,328.0,25,0.050000000000000044,29.795433282852173,1139.9677632649739,113.98097112501273
mlp_qmix__N16__ring__seed6,mlp_qmix,coord_grid,6,5479,137000,336.0,25,0.050000000000000044,16.454910029967625,920.2993672688802,114.00079837499652
mlp_qmix__N16__ring__seed6,mlp_qmix,coord_grid,6,5480,137025,335.0,25,0.050000000000000044,36.32396585600717,1116.045630318778,114.02300845802529
mlp_qmix__N16__ring__seed6,mlp_qmix,coord_grid,6,5481,137050,349.0,25,0.050000000000000044,36.06180667877197,900.8394775390625,114.04291345801903
mlp_qmix__N16__ring__seed6,mlp_qmix,coord_grid,6,5482,137075,330.0,25,0.050000000000000044,14.608779271443685,1117.5855305989583,114.06293437501881
mlp_qmix__N16__ring__seed6,mlp_qmix,coord_grid,6,5483,137100,330.0,25,0.050000000000000044,40.944701512654625,949.2863922119141,114.08292745798826
mlp_qmix__N16__ring__seed6,mlp_qmix,coord_grid,6,5484,137125,333.0,25,0.050000000000000044,28.657828739711217,1174.056352887835,114.10559066600399
mlp_qmix__N16__ring__seed6,mlp_qmix,coord_grid,6,5485,137150,334.0,25,0.050000000000000044,54.28396701812744,596.5298817952474,114.12574237503577
mlp_qmix__N16__ring__seed6,mlp_qmix,coord_grid,6,5486,137175,334.0,25,0.050000000000000044,43.16274110476176,786.4867960611979,114.14575570798479
mlp_qmix__N16__ring__seed6,mlp_qmix,coord_grid,6,5487,137200,332.0,25,0.050000000000000044,36.34699833393097,890.7612024943033,114.16547266603447
mlp_qmix__N16__ring__seed6,mlp_qmix,coord_grid,6,5488,137225,324.0,25,0.050000000000000044,35.961392402648926,1033.5068097795759,114.18858683301369
mlp_qmix__N16__ring__seed6,mlp_qmix,coord_grid,6,5489,137250,219.0,25,0.050000000000000044,41.96782112121582,1132.6712239583333,114.20838254102273
mlp_qmix__N16__ring__seed6,mlp_qmix,coord_grid,6,5490,137275,220.0,25,0.050000000000000044,28.555806159973145,672.6107737223307,114.22814316599397
mlp_qmix__N16__ring__seed6,mlp_qmix,coord_grid,6,5491,137300,334.0,25,0.050000000000000044,24.944875995318096,940.763355255127,114.24764825002057
mlp_qmix__N16__ring__seed6,mlp_qmix,coord_grid,6,5492,137325,334.0,25,0.050000000000000044,18.112799780709402,878.9048788888114,114.26946650003083
mlp_qmix__N16__ring__seed6,mlp_qmix,coord_grid,6,5493,137350,314.0,25,0.050000000000000044,28.878370602925617,985.822031656901,114.28930408303859
mlp_qmix__N16__ring__seed6,mlp_qmix,coord_grid,6,5494,137375,331.0,25,0.050000000000000044,21.286438465118408,837.487050374349,114.3089785000193
mlp_qmix__N16__ring__seed6,mlp_qmix,coord_grid,6,5495,137400,358.0,25,0.050000000000000044,50.50347359975179,651.280876159668,114.32869808300165
mlp_qmix__N16__ring__seed6,mlp_qmix,coord_grid,6,5496,137425,337.0,25,0.050000000000000044,25.897783313478744,1104.8018624441963,114.35117708303733
mlp_qmix__N16__ring__seed6,mlp_qmix,coord_grid,6,5497,137450,340.0,25,0.050000000000000044,45.6271448135376,1239.0626017252605,114.3709198749857
mlp_qmix__N16__ring__seed6,mlp_qmix,coord_grid,6,5498,137475,338.0,25,0.050000000000000044,20.420578559239704,794.4849090576172,114.39080516598187
mlp_qmix__N16__ring__seed6,mlp_qmix,coord_grid,6,5499,137500,320.0,25,0.050000000000000044,40.46154264609019,1027.1615943908691,114.41161424998427
mlp_qmix__N16__ring__seed6,mlp_qmix,coord_grid,6,5500,137525,338.0,25,0.050000000000000044,46.36555480957031,1218.1322283063616,114.43360641598701
mlp_qmix__N16__ring__seed6,mlp_qmix,coord_grid,6,5501,137550,331.0,25,0.050000000000000044,40.933619260787964,1272.2538655598958,114.45384850003757
mlp_qmix__N16__ring__seed6,mlp_qmix,coord_grid,6,5502,137575,337.0,25,0.050000000000000044,26.625342845916748,1309.2834879557292,114.47370912501356
mlp_qmix__N16__ring__seed6,mlp_qmix,coord_grid,6,5503,137600,335.0,25,0.050000000000000044,22.969271977742512,1236.9042460123699,114.49353924999014
mlp_qmix__N16__ring__seed6,mlp_qmix,coord_grid,6,5504,137625,337.0,25,0.050000000000000044,35.793925745146616,1194.671587262835,114.51585870800773
mlp_qmix__N16__ring__seed6,mlp_qmix,coord_grid,6,5505,137650,354.0,25,0.050000000000000044,26.909770170847576,1252.1051228841145,114.53585508302785
mlp_qmix__N16__ring__seed6,mlp_qmix,coord_grid,6,5506,137675,332.0,25,0.050000000000000044,44.91149775187174,1142.2484741210938,114.5556031659944
mlp_qmix__N16__ring__seed6,mlp_qmix,coord_grid,6,5507,137700,354.0,25,0.050000000000000044,37.88052749633789,1216.9532877604167,114.57535208301852
mlp_qmix__N16__ring__seed6,mlp_qmix,coord_grid,6,5508,137725,328.0,25,0.050000000000000044,16.67392877170018,1234.7251150948662,114.59729925001739
mlp_qmix__N16__ring__seed6,mlp_qmix,coord_grid,6,5509,137750,341.0,25,0.050000000000000044,19.347136576970417,1309.7892659505208,114.61737333302153
mlp_qmix__N16__ring__seed6,mlp_qmix,coord_grid,6,5510,137775,312.0,25,0.050000000000000044,29.922260383764904,1094.3711649576824,114.63725945801707
mlp_qmix__N16__ring__seed6,mlp_qmix,coord_grid,6,5511,137800,337.0,25,0.050000000000000044,24.689793527126312,841.5292561848959,114.65826308302348
mlp_qmix__N16__ring__seed6,mlp_qmix,coord_grid,6,5512,137825,341.0,25,0.050000000000000044,65.01236506870815,1220.967006138393,114.68087733298307
mlp_qmix__N16__ring__seed6,mlp_qmix,coord_grid,6,5513,137850,335.0,25,0.050000000000000044,31.93961962064107,1309.8555094401042,114.70122295798501
mlp_qmix__N16__ring__seed6,mlp_qmix,coord_grid,6,5514,137875,320.0,25,0.050000000000000044,20.505593518416088,822.1899007161459,114.72116345801624
mlp_qmix__N16__ring__seed6,mlp_qmix,coord_grid,6,5515,137900,312.0,25,0.050000000000000044,24.167368014653523,729.0412178039551,114.74079587502638
mlp_qmix__N16__ring__seed6,mlp_qmix,coord_grid,6,5516,137925,301.0,25,0.050000000000000044,21.110234686306544,737.2442299979074,114.76318783301394
mlp_qmix__N16__ring__seed6,mlp_qmix,coord_grid,6,5517,137950,334.0,25,0.050000000000000044,28.308040261268616,935.0592447916666,114.78299512498779
mlp_qmix__N16__ring__seed6,mlp_qmix,coord_grid,6,5518,137975,324.0,25,0.050000000000000044,40.26013227303823,951.6923573811849,114.8024543329957
mlp_qmix__N16__ring__seed6,mlp_qmix,coord_grid,6,5519,138000,332.0,25,0.050000000000000044,30.20172707239787,1052.3526713053386,114.82254791603191
mlp_qmix__N16__ring__seed6,mlp_qmix,coord_grid,6,5520,138025,342.0,25,0.050000000000000044,34.78545733860561,1033.4105050223213,114.84440150001319
mlp_qmix__N16__ring__seed6,mlp_qmix,coord_grid,6,5521,138050,337.0,25,0.050000000000000044,36.879421869913735,901.0840377807617,114.8647695829859
mlp_qmix__N16__ring__seed6,mlp_qmix,coord_grid,6,5522,138075,332.0,25,0.050000000000000044,50.35429700215658,1270.1103515625,114.8842749579926
mlp_qmix__N16__ring__seed6,mlp_qmix,coord_grid,6,5523,138100,343.0,25,0.050000000000000044,23.040035287539165,1129.4982604980469,114.90518412500387
mlp_qmix__N16__ring__seed6,mlp_qmix,coord_grid,6,5524,138125,270.0,25,0.050000000000000044,43.72315045765468,1143.149693080357,114.9277510829852
mlp_qmix__N16__ring__seed6,mlp_qmix,coord_grid,6,5525,138150,341.0,25,0.050000000000000044,28.54836122194926,1015.3562927246094,114.94784654100658
mlp_qmix__N16__ring__seed6,mlp_qmix,coord_grid,6,5526,138175,327.0,25,0.050000000000000044,43.30930312474569,690.064328511556,114.96798187500099
mlp_qmix__N16__ring__seed6,mlp_qmix,coord_grid,6,5527,138200,319.0,25,0.050000000000000044,24.67605096101761,903.7122141520182,114.98839512502309
mlp_qmix__N16__ring__seed6,mlp_qmix,coord_grid,6,5528,138225,343.0,25,0.050000000000000044,54.303373609270366,776.7302682059152,115.01105479098624
mlp_qmix__N16__ring__seed6,mlp_qmix,coord_grid,6,5529,138250,320.0,25,0.050000000000000044,28.198262135187786,839.3680928548177,115.03092495800229
mlp_qmix__N16__ring__seed6,mlp_qmix,coord_grid,6,5530,138275,312.0,25,0.050000000000000044,24.88940493265788,1183.9497884114583,115.05051937501412
mlp_qmix__N16__ring__seed6,mlp_qmix,coord_grid,6,5531,138300,343.0,25,0.050000000000000044,16.981464564800262,827.8443984985352,115.07053662498947
mlp_qmix__N16__ring__seed6,mlp_qmix,coord_grid,6,5532,138325,316.0,25,0.050000000000000044,41.107853753226145,948.7941545758929,115.0930351660354
mlp_qmix__N16__ring__seed6,mlp_qmix,coord_grid,6,5533,138350,321.0,25,0.050000000000000044,16.88692408800125,699.0016174316406,115.1128130829893
mlp_qmix__N16__ring__seed6,mlp_qmix,coord_grid,6,5534,138375,344.0,25,0.050000000000000044,27.45132761200269,1151.8772074381511,115.13269087503431
mlp_qmix__N16__ring__seed6,mlp_qmix,coord_grid,6,5535,138400,334.0,25,0.050000000000000044,29.456161578496296,1256.1195475260417,115.15237658302067
mlp_qmix__N16__ring__seed6,mlp_qmix,coord_grid,6,5536,138425,327.0,25,0.050000000000000044,47.38728417669024,1144.8956320626396,115.17466399999103
mlp_qmix__N16__ring__seed6,mlp_qmix,coord_grid,6,5537,138450,335.0,25,0.050000000000000044,25.334920525550842,1017.0861002604166,115.19493508298183
mlp_qmix__N16__ring__seed6,mlp_qmix,coord_grid,6,5538,138475,338.0,25,0.050000000000000044,26.176257809003193,1269.1944173177083,115.21503691602265
mlp_qmix__N16__ring__seed6,mlp_qmix,coord_grid,6,5539,138500,327.0,25,0.050000000000000044,53.11227162679037,1218.26318359375,115.23519641603343
mlp_qmix__N16__ring__seed6,mlp_qmix,coord_grid,6,5540,138525,344.0,25,0.050000000000000044,39.70998770850046,1217.6998639787946,115.25773983303225
mlp_qmix__N16__ring__seed6,mlp_qmix,coord_grid,6,5541,138550,322.0,25,0.050000000000000044,30.70210345586141,1238.871602376302,115.27766429103212
mlp_qmix__N16__ring__seed6,mlp_qmix,coord_grid,6,5542,138575,345.0,25,0.050000000000000044,22.07863159974416,1095.1326548258464,115.29797320801299
mlp_qmix__N16__ring__seed6,mlp_qmix,coord_grid,6,5543,138600,342.0,25,0.050000000000000044,44.17410087585449,912.5963083902994,115.31846199999563
mlp_qmix__N16__ring__seed6,mlp_qmix,coord_grid,6,5544,138625,327.0,25,0.050000000000000044,32.40318080357143,1372.344482421875,115.34079229098279
mlp_qmix__N16__ring__seed6,mlp_qmix,coord_grid,6,5545,138650,335.0,25,0.050000000000000044,25.471887191136677,855.7200736999512,115.36022812500596
mlp_qmix__N16__ring__seed6,mlp_qmix,coord_grid,6,5546,138675,330.0,25,0.050000000000000044,63.407423655192055,915.6957397460938,115.38107300002594
mlp_qmix__N16__ring__seed6,mlp_qmix,coord_grid,6,5547,138700,335.0,25,0.050000000000000044,20.704291721185047,947.9218546549479,115.4012868750142
mlp_qmix__N16__ring__seed6,mlp_qmix,coord_grid,6,5548,138725,339.0,25,0.050000000000000044,25.069114668028696,918.6289542061942,115.4235055409954
mlp_qmix__N16__ring__seed6,mlp_qmix,coord_grid,6,5549,138750,332.0,25,0.050000000000000044,24.024738331635792,1157.9763870239258,115.44329904101323
mlp_qmix__N16__ring__seed6,mlp_qmix,coord_grid,6,5550,138775,331.0,25,0.050000000000000044,34.08075873057047,1358.7239990234375,115.46298695803853
mlp_qmix__N16__ring__seed6,mlp_qmix,coord_grid,6,5551,138800,325.0,25,0.050000000000000044,20.046212474505108,1352.160135904948,115.48286225000629
mlp_qmix__N16__ring__seed6,mlp_qmix,coord_grid,6,5552,138825,350.0,25,0.050000000000000044,36.27622372763498,1232.0367954799108,115.50525462499354
mlp_qmix__N16__ring__seed6,mlp_qmix,coord_grid,6,5553,138850,320.0,25,0.050000000000000044,26.79204789797465,1283.594991048177,115.52515954099363
mlp_qmix__N16__ring__seed6,mlp_qmix,coord_grid,6,5554,138875,351.0,25,0.050000000000000044,23.397273699442547,1388.8272705078125,115.54598195798462
mlp_qmix__N16__ring__seed6,mlp_qmix,coord_grid,6,5555,138900,331.0,25,0.050000000000000044,22.377020299434662,1135.2872873942058,115.56589870800963
mlp_qmix__N16__ring__seed6,mlp_qmix,coord_grid,6,5556,138925,339.0,25,0.050000000000000044,25.509956445012772,1004.8437129429409,115.58812883298378
mlp_qmix__N16__ring__seed6,mlp_qmix,coord_grid,6,5557,138950,349.0,25,0.050000000000000044,39.97564587990443,852.0522308349609,115.60814987501362
mlp_qmix__N16__ring__seed6,mlp_qmix,coord_grid,6,5558,138975,353.0,25,0.050000000000000044,29.64470152060191,1089.4601542154949,115.62783195800148
mlp_qmix__N16__ring__seed6,mlp_qmix,coord_grid,6,5559,139000,335.0,25,0.050000000000000044,36.6674294869105,857.8716379801432,115.64819904102478
mlp_qmix__N16__ring__seed6,mlp_qmix,coord_grid,6,5560,139025,337.0,25,0.050000000000000044,18.5582914011819,868.5339987618582,115.67150950001087
mlp_qmix__N16__ring__seed6,mlp_qmix,coord_grid,6,5561,139050,339.0,25,0.050000000000000044,20.916082898775738,989.3116315205892,115.69183637498645
mlp_qmix__N16__ring__seed6,mlp_qmix,coord_grid,6,5562,139075,337.0,25,0.050000000000000044,20.57941264907519,960.6192423502604,115.71185600000899
mlp_qmix__N16__ring__seed6,mlp_qmix,coord_grid,6,5563,139100,346.0,25,0.050000000000000044,29.206953287124634,1090.613505045573,115.73151808301918
mlp_qmix__N16__ring__seed6,mlp_qmix,coord_grid,6,5564,139125,333.0,25,0.050000000000000044,51.47843708310808,1066.395743233817,115.75447091599926
mlp_qmix__N16__ring__seed6,mlp_qmix,coord_grid,6,5565,139150,331.0,25,0.050000000000000044,49.33108059565226,1064.0864995320637,115.77849958301522
mlp_qmix__N16__ring__seed6,mlp_qmix,coord_grid,6,5566,139175,340.0,25,0.050000000000000044,30.834096749623615,1137.6956787109375,115.8007178750122
mlp_qmix__N16__ring__seed6,mlp_qmix,coord_grid,6,5567,139200,341.0,25,0.050000000000000044,18.069855242967606,1172.8214009602864,115.82431674998952
mlp_qmix__N16__ring__seed6,mlp_qmix,coord_grid,6,5568,139225,333.0,25,0.050000000000000044,30.91270306280681,788.6991315569196,115.84805100003723
mlp_qmix__N16__ring__seed6,mlp_qmix,coord_grid,6,5569,139250,344.0,25,0.050000000000000044,28.518006881078083,764.7478866577148,115.86830562498653
mlp_qmix__N16__ring__seed6,mlp_qmix,coord_grid,6,5570,139275,343.0,25,0.050000000000000044,44.648081143697105,1196.0322774251301,115.88927908299956
mlp_qmix__N16__ring__seed6,mlp_qmix,coord_grid,6,5571,139300,347.0,25,0.050000000000000044,21.326059937477112,1093.4400126139324,115.90946270799031
mlp_qmix__N16__ring__seed6,mlp_qmix,coord_grid,6,5572,139325,312.0,25,0.050000000000000044,41.464696526527405,1034.999232700893,115.93275541602634
mlp_qmix__N16__ring__seed6,mlp_qmix,coord_grid,6,5573,139350,336.0,25,0.050000000000000044,21.585868040720623,1279.1764526367188,115.9528954999987
mlp_qmix__N16__ring__seed6,mlp_qmix,coord_grid,6,5574,139375,322.0,25,0.050000000000000044,21.376324951648712,1126.108907063802,115.97287891601445
mlp_qmix__N16__ring__seed6,mlp_qmix,coord_grid,6,5575,139400,334.0,25,0.050000000000000044,25.100529670715332,1135.2337544759114,115.99342320801225
mlp_qmix__N16__ring__seed6,mlp_qmix,coord_grid,6,5576,139425,329.0,25,0.050000000000000044,32.31024085623877,1352.23686000279,116.01590129098622
mlp_qmix__N16__ring__seed6,mlp_qmix,coord_grid,6,5577,139450,338.0,25,0.050000000000000044,35.02020295461019,1315.3302205403645,116.03597637498751
mlp_qmix__N16__ring__seed6,mlp_qmix,coord_grid,6,5578,139475,320.0,25,0.050000000000000044,33.30384953816732,1337.9782460530598,116.05590529099572
mlp_qmix__N16__ring__seed6,mlp_qmix,coord_grid,6,5579,139500,327.0,25,0.050000000000000044,49.02106793721517,1271.3585205078125,116.07675487501547
mlp_qmix__N16__ring__seed6,mlp_qmix,coord_grid,6,5580,139525,335.0,25,0.050000000000000044,30.042589443070547,1299.4549211774554,116.09893729101168
mlp_qmix__N16__ring__seed6,mlp_qmix,coord_grid,6,5581,139550,341.0,25,0.050000000000000044,54.34495449066162,1182.035151163737,116.11922375002177
mlp_qmix__N16__ring__seed6,mlp_qmix,coord_grid,6,5582,139575,328.0,25,0.050000000000000044,15.646881540616354,1430.9476928710938,116.13913150003646
mlp_qmix__N16__ring__seed6,mlp_qmix,coord_grid,6,5583,139600,344.0,25,0.050000000000000044,15.247054298718771,1200.1320292154949,116.15867229102878
mlp_qmix__N16__ring__seed6,mlp_qmix,coord_grid,6,5584,139625,326.0,25,0.050000000000000044,37.07112489427839,1122.8406742640905,116.18068454100285
mlp_qmix__N16__ring__seed6,mlp_qmix,coord_grid,6,5585,139650,338.0,25,0.050000000000000044,31.62724717458089,1234.1695302327473,116.20064129098319
mlp_qmix__N16__ring__seed6,mlp_qmix,coord_grid,6,5586,139675,346.0,25,0.050000000000000044,28.253453890482586,1347.3685607910156,116.22071204101667
mlp_qmix__N16__ring__seed6,mlp_qmix,coord_grid,6,5587,139700,339.0,25,0.050000000000000044,21.30982716878255,960.6103515625,116.24059787503211
mlp_qmix__N16__ring__seed6,mlp_qmix,coord_grid,6,5588,139725,350.0,25,0.050000000000000044,48.62092135633741,975.2230758666992,116.26287974999286
mlp_qmix__N16__ring__seed6,mlp_qmix,coord_grid,6,5589,139750,323.0,25,0.050000000000000044,18.43352864185969,1053.1908416748047,116.28297933301656
mlp_qmix__N16__ring__seed6,mlp_qmix,coord_grid,6,5590,139775,337.0,25,0.050000000000000044,20.380531549453735,1356.6389973958333,116.30277966603171
mlp_qmix__N16__ring__seed6,mlp_qmix,coord_grid,6,5591,139800,326.0,25,0.050000000000000044,41.120865186055504,989.6158091227213,116.32269520801492
mlp_qmix__N16__ring__seed6,mlp_qmix,coord_grid,6,5592,139825,334.0,25,0.050000000000000044,19.210917932646616,1214.1647077287946,116.34477012499701
mlp_qmix__N16__ring__seed6,mlp_qmix,coord_grid,6,5593,139850,346.0,25,0.050000000000000044,25.09547694524129,971.9797337849935,116.36450591601897
mlp_qmix__N16__ring__seed6,mlp_qmix,coord_grid,6,5594,139875,337.0,25,0.050000000000000044,33.97330101331075,1098.0171381632488,116.384707833
mlp_qmix__N16__ring__seed6,mlp_qmix,coord_grid,6,5595,139900,313.0,25,0.050000000000000044,23.68387285868327,1377.822245279948,116.40442479099147
mlp_qmix__N16__ring__seed6,mlp_qmix,coord_grid,6,5596,139925,308.0,25,0.050000000000000044,40.52649818147932,1196.4829624720983,116.42664812499424
mlp_qmix__N16__ring__seed6,mlp_qmix,coord_grid,6,5597,139950,339.0,25,0.050000000000000044,42.480340441068016,1368.4253336588542,116.44732787500834
mlp_qmix__N16__ring__seed6,mlp_qmix,coord_grid,6,5598,139975,335.0,25,0.050000000000000044,50.61165165901184,1274.1337280273438,116.46706150000682
mlp_qmix__N16__ring__seed6,mlp_qmix,coord_grid,6,5599,140000,332.0,25,0.050000000000000044,19.886397222677868,1230.0959777832031,116.4871584160137
mlp_qmix__N16__ring__seed6,mlp_qmix,coord_grid,6,5600,140025,331.0,25,0.050000000000000044,43.544489179338726,1260.0443028041295,116.5100957499817
mlp_qmix__N16__ring__seed6,mlp_qmix,coord_grid,6,5601,140050,321.0,25,0.050000000000000044,31.0580917596817,1303.6920572916667,116.52996695798356
mlp_qmix__N16__ring__seed6,mlp_qmix,coord_grid,6,5602,140075,330.0,25,0.050000000000000044,34.260334054629006,1230.5524495442708,116.54996675002621
mlp_qmix__N16__ring__seed6,mlp_qmix,coord_grid,6,5603,140100,321.0,25,0.050000000000000044,31.7973534266154,1388.5517985026042,116.57002454099711
mlp_qmix__N16__ring__seed6,mlp_qmix,coord_grid,6,5604,140125,335.0,25,0.050000000000000044,37.2304619380406,1395.5142647879463,116.59226524998667
mlp_qmix__N16__ring__seed6,mlp_qmix,coord_grid,6,5605,140150,342.0,25,0.050000000000000044,62.39471022288004,1328.2217305501301,116.61211129103322
mlp_qmix__N16__ring__seed6,mlp_qmix,coord_grid,6,5606,140175,330.0,25,0.050000000000000044,34.58284600575765,1336.230000813802,116.6318613330368
mlp_qmix__N16__ring__seed6,mlp_qmix,coord_grid,6,5607,140200,347.0,25,0.050000000000000044,16.04127637545268,1360.3598225911458,116.65200016601011
mlp_qmix__N16__ring__seed6,mlp_qmix,coord_grid,6,5608,140225,328.0,25,0.050000000000000044,24.379340853009904,1469.2223946707588,116.67526799999177
mlp_qmix__N16__ring__seed6,mlp_qmix,coord_grid,6,5609,140250,330.0,25,0.050000000000000044,30.507625500361126,1332.3213907877605,116.69553729100153
mlp_qmix__N16__ring__seed6,mlp_qmix,coord_grid,6,5610,140275,330.0,25,0.050000000000000044,36.48539765675863,1186.3764165242512,116.71565116598504
mlp_qmix__N16__ring__seed6,mlp_qmix,coord_grid,6,5611,140300,341.0,25,0.050000000000000044,27.88241704305013,1371.5786539713542,116.7356130410335
mlp_qmix__N16__ring__seed6,mlp_qmix,coord_grid,6,5612,140325,332.0,25,0.050000000000000044,39.7937479700361,1185.1231427873884,116.75763854099205
mlp_qmix__N16__ring__seed6,mlp_qmix,coord_grid,6,5613,140350,336.0,25,0.050000000000000044,30.42077695329984,939.929759979248,116.77763729100116
mlp_qmix__N16__ring__seed6,mlp_qmix,coord_grid,6,5614,140375,323.0,25,0.050000000000000044,26.78795810540517,935.4683125813802,116.79745616600849
mlp_qmix__N16__ring__seed6,mlp_qmix,coord_grid,6,5615,140400,336.0,25,0.050000000000000044,50.170169035593666,993.2829081217448,116.81748758303002
mlp_qmix__N16__ring__seed6,mlp_qmix,coord_grid,6,5616,140425,338.0,25,0.050000000000000044,20.709322418485367,1288.0136893136162,116.839922166022
mlp_qmix__N16__ring__seed6,mlp_qmix,coord_grid,6,5617,140450,356.0,25,0.050000000000000044,37.881862004597984,1215.4609476725261,116.86032758298097
mlp_qmix__N16__ring__seed6,mlp_qmix,coord_grid,6,5618,140475,326.0,25,0.050000000000000044,37.27341488997141,848.010393778483,116.88060437503736
mlp_qmix__N16__ring__seed6,mlp_qmix,coord_grid,6,5619,140500,335.0,25,0.050000000000000044,24.31217770775159,708.5786819458008,116.90032308298396
mlp_qmix__N16__ring__seed6,mlp_qmix,coord_grid,6,5620,140525,336.0,25,0.050000000000000044,41.573159847940715,901.1383623395648,116.92280679102987
mlp_qmix__N16__ring__seed6,mlp_qmix,coord_grid,6,5621,140550,341.0,25,0.050000000000000044,41.7483762105306,1000.155881245931,116.94243745802669
mlp_qmix__N16__ring__seed6,mlp_qmix,coord_grid,6,5622,140575,313.0,25,0.050000000000000044,32.7940247853597,859.4579188028971,116.96244650002336
mlp_qmix__N16__ring__seed6,mlp_qmix,coord_grid,6,5623,140600,334.0,25,0.050000000000000044,28.86582448085149,636.4797617594401,116.98210837499937
mlp_qmix__N16__ring__seed6,mlp_qmix,coord_grid,6,5624,140625,355.0,25,0.050000000000000044,29.370691520827158,976.0017002650669,117.00479854102014
mlp_qmix__N16__ring__seed6,mlp_qmix,coord_grid,6,5625,140650,342.0,25,0.050000000000000044,36.617421785990395,1278.4973042805989,117.02509566600202
mlp_qmix__N16__ring__seed6,mlp_qmix,coord_grid,6,5626,140675,337.0,25,0.050000000000000044,48.989153842131294,1285.7965240478516,117.0453093330143
mlp_qmix__N16__ring__seed6,mlp_qmix,coord_grid,6,5627,140700,317.0,25,0.050000000000000044,40.89707191785177,881.6673482259115,117.0649646660313
mlp_qmix__N16__ring__seed6,mlp_qmix,coord_grid,6,5628,140725,345.0,25,0.050000000000000044,33.13276892048972,1128.194131033761,117.08666979102418
mlp_qmix__N16__ring__seed6,mlp_qmix,coord_grid,6,5629,140750,349.0,25,0.050000000000000044,28.667139848073322,820.1820017496744,117.10668433300452
mlp_qmix__N16__ring__seed6,mlp_qmix,coord_grid,6,5630,140775,319.0,25,0.050000000000000044,32.66309420267741,785.6612675984701,117.12653187499382
mlp_qmix__N16__ring__seed6,mlp_qmix,coord_grid,6,5631,140800,343.0,25,0.050000000000000044,17.283264855543774,983.0007680257162,117.14625691599213
mlp_qmix__N16__ring__seed6,mlp_qmix,coord_grid,6,5632,140825,335.0,25,0.050000000000000044,29.954530358314514,1153.0610133579798,117.16900166601408
mlp_qmix__N16__ring__seed6,mlp_qmix,coord_grid,6,5633,140850,339.0,25,0.050000000000000044,47.00021608670553,1230.3448282877605,117.18915758299408
mlp_qmix__N16__ring__seed6,mlp_qmix,coord_grid,6,5634,140875,331.0,25,0.050000000000000044,30.92598295211792,1149.5235646565754,117.20903312502196
mlp_qmix__N16__ring__seed6,mlp_qmix,coord_grid,6,5635,140900,348.0,25,0.050000000000000044,43.39061152935028,1381.4265747070312,117.2292073330027
mlp_qmix__N16__ring__seed6,mlp_qmix,coord_grid,6,5636,140925,339.0,25,0.050000000000000044,33.89721543448312,1355.938267299107,117.2518365830183
mlp_qmix__N16__ring__seed6,mlp_qmix,coord_grid,6,5637,140950,329.0,25,0.050000000000000044,31.714262048403423,1388.8924357096355,117.27140775002772
mlp_qmix__N16__ring__seed6,mlp_qmix,coord_grid,6,5638,140975,340.0,25,0.050000000000000044,15.52345754702886,1296.3046061197917,117.29256804101169
mlp_qmix__N16__ring__seed6,mlp_qmix,coord_grid,6,5639,141000,330.0,25,0.050000000000000044,39.432680447896324,1350.4796752929688,117.31271783303237
mlp_qmix__N16__ring__seed6,mlp_qmix,coord_grid,6,5640,141025,327.0,25,0.050000000000000044,41.46547589983259,1442.685023716518,117.33460574998753
mlp_qmix__N16__ring__seed6,mlp_qmix,coord_grid,6,5641,141050,332.0,25,0.050000000000000044,34.27522337436676,1160.9014180501301,117.35439691599458
mlp_qmix__N16__ring__seed6,mlp_qmix,coord_grid,6,5642,141075,346.0,25,0.050000000000000044,36.991416454315186,825.665854136149,117.37411883298773
mlp_qmix__N16__ring__seed6,mlp_qmix,coord_grid,6,5643,141100,311.0,25,0.050000000000000044,29.8431210120519,727.8973973592123,117.39387866598554
mlp_qmix__N16__ring__seed6,mlp_qmix,coord_grid,6,5644,141125,342.0,25,0.050000000000000044,49.36323775563921,897.511701311384,117.41644054098288
mlp_qmix__N16__ring__seed6,mlp_qmix,coord_grid,6,5645,141150,332.0,25,0.050000000000000044,28.087772289911907,1316.7425435384114,117.43647612503264
mlp_qmix__N16__ring__seed6,mlp_qmix,coord_grid,6,5646,141175,350.0,25,0.050000000000000044,31.147988716761272,1117.2549006144206,117.45611462503439
mlp_qmix__N16__ring__seed6,mlp_qmix,coord_grid,6,5647,141200,342.0,25,0.050000000000000044,28.186623414357502,1348.42626953125,117.47594525001477
mlp_qmix__N16__ring__seed6,mlp_qmix,coord_grid,6,5648,141225,317.0,25,0.050000000000000044,36.68716771262033,1199.8476300920759,117.4980546250008
mlp_qmix__N16__ring__seed6,mlp_qmix,coord_grid,6,5649,141250,347.0,25,0.050000000000000044,38.24641720453898,1247.8167622884114,117.51803529099561
mlp_qmix__N16__ring__seed6,mlp_qmix,coord_grid,6,5650,141275,335.0,25,0.050000000000000044,33.799797217051186,1214.944071451823,117.53778854099801
mlp_qmix__N16__ring__seed6,mlp_qmix,coord_grid,6,5651,141300,342.0,25,0.050000000000000044,33.79334306716919,969.1271413167318,117.55764904100215
mlp_qmix__N16__ring__seed6,mlp_qmix,coord_grid,6,5652,141325,358.0,25,0.050000000000000044,29.26855300154005,962.5650809151786,117.58010295801796
mlp_qmix__N16__ring__seed6,mlp_qmix,coord_grid,6,5653,141350,331.0,25,0.050000000000000044,37.78362508614858,1359.1190592447917,117.59977158298716
mlp_qmix__N16__ring__seed6,mlp_qmix,coord_grid,6,5654,141375,333.0,25,0.050000000000000044,33.98529561360677,1223.3566996256511,117.61965920799412
mlp_qmix__N16__ring__seed6,mlp_qmix,coord_grid,6,5655,141400,330.0,25,0.050000000000000044,41.50353749593099,1041.171137491862,117.63945658301236
mlp_qmix__N16__ring__seed6,mlp_qmix,coord_grid,6,5656,141425,349.0,25,0.050000000000000044,29.366403732981002,1177.379106794085,117.66168779099826
mlp_qmix__N16__ring__seed6,mlp_qmix,coord_grid,6,5657,141450,337.0,25,0.050000000000000044,34.14794143040975,1270.0798238118489,117.68245416600257
mlp_qmix__N16__ring__seed6,mlp_qmix,coord_grid,6,5658,141475,343.0,25,0.050000000000000044,20.693213999271393,738.1841990152994,117.70316004101187
mlp_qmix__N16__ring__seed6,mlp_qmix,coord_grid,6,5659,141500,322.0,25,0.050000000000000044,38.41079719861349,1248.3975931803386,117.72316041600425
mlp_qmix__N16__ring__seed6,mlp_qmix,coord_grid,6,5660,141525,334.0,25,0.050000000000000044,19.198330794061935,943.8161272321429,117.74531487503555
mlp_qmix__N16__ring__seed6,mlp_qmix,coord_grid,6,5661,141550,341.0,25,0.050000000000000044,37.01778314510981,729.2235641479492,117.76485820801463
mlp_qmix__N16__ring__seed6,mlp_qmix,coord_grid,6,5662,141575,360.0,25,0.050000000000000044,30.048827707767487,1179.8561503092449,117.78479524998693
mlp_qmix__N16__ring__seed6,mlp_qmix,coord_grid,6,5663,141600,335.0,25,0.050000000000000044,22.724870940049488,1164.2024841308594,117.80470862501534
mlp_qmix__N16__ring__seed6,mlp_qmix,coord_grid,6,5664,141625,333.0,25,0.050000000000000044,18.243476629257202,1380.0810285295759,117.82711025001481
mlp_qmix__N16__ring__seed6,mlp_qmix,coord_grid,6,5665,141650,334.0,25,0.050000000000000044,41.182616790135704,930.1623331705729,117.8473336250172
mlp_qmix__N16__ring__seed6,mlp_qmix,coord_grid,6,5666,141675,339.0,25,0.050000000000000044,26.561648587385815,1192.4538472493489,117.86732841603225
mlp_qmix__N16__ring__seed6,mlp_qmix,coord_grid,6,5667,141700,334.0,25,0.050000000000000044,34.103312253952026,1236.4546813964844,117.88735050003743
mlp_qmix__N16__ring__seed6,mlp_qmix,coord_grid,6,5668,141725,353.0,25,0.050000000000000044,19.236313734735763,1065.9159633091517,117.90977562498301
mlp_qmix__N16__ring__seed6,mlp_qmix,coord_grid,6,5669,141750,325.0,25,0.050000000000000044,33.77528158823649,1106.0340881347656,117.93015879101586
mlp_qmix__N16__ring__seed6,mlp_qmix,coord_grid,6,5670,141775,323.0,25,0.050000000000000044,18.104683180650074,1217.4897054036458,117.9501365830074
mlp_qmix__N16__ring__seed6,mlp_qmix,coord_grid,6,5671,141800,350.0,25,0.050000000000000044,49.54009532928467,1161.8365376790364,117.97023520799121
mlp_qmix__N16__ring__seed6,mlp_qmix,coord_grid,6,5672,141825,332.0,25,0.050000000000000044,34.44869940621512,1284.6449584960938,117.99246637499891
mlp_qmix__N16__ring__seed6,mlp_qmix,coord_grid,6,5673,141850,333.0,25,0.050000000000000044,29.149148106575012,1402.491434733073,118.012985999987
mlp_qmix__N16__ring__seed6,mlp_qmix,coord_grid,6,5674,141875,346.0,25,0.050000000000000044,22.427978585163753,943.8774159749349,118.03284758300288
mlp_qmix__N16__ring__seed6,mlp_qmix,coord_grid,6,5675,141900,342.0,25,0.050000000000000044,38.20422212282816,995.9916407267252,118.05243362503825
mlp_qmix__N16__ring__seed6,mlp_qmix,coord_grid,6,5676,141925,331.0,25,0.050000000000000044,34.34682035446167,1238.5867789132255,118.07473933300935
mlp_qmix__N16__ring__seed6,mlp_qmix,coord_grid,6,5677,141950,324.0,25,0.050000000000000044,14.64030901590983,1330.380162556966,118.09419883298688
mlp_qmix__N16__ring__seed6,mlp_qmix,coord_grid,6,5678,141975,327.0,25,0.050000000000000044,18.559845368067425,1481.010477701823,118.11370191600872
mlp_qmix__N16__ring__seed6,mlp_qmix,coord_grid,6,5679,142000,344.0,25,0.050000000000000044,38.48922252655029,1379.7669372558594,118.13366795802722
mlp_qmix__N16__ring__seed6,mlp_qmix,coord_grid,6,5680,142025,343.0,25,0.050000000000000044,28.402742862701416,1258.0119846888952,118.15712279098807
mlp_qmix__N16__ring__seed6,mlp_qmix,coord_grid,6,5681,142050,334.0,25,0.050000000000000044,52.72733497619629,1340.1039428710938,118.17751583299832
mlp_qmix__N16__ring__seed6,mlp_qmix,coord_grid,6,5682,142075,356.0,25,0.050000000000000044,30.908918738365173,1183.6250610351562,118.19717266602674
mlp_qmix__N16__ring__seed6,mlp_qmix,coord_grid,6,5683,142100,332.0,25,0.050000000000000044,26.832594374815624,1258.853006998698,118.21707179100486
mlp_qmix__N16__ring__seed6,mlp_qmix,coord_grid,6,5684,142125,326.0,25,0.050000000000000044,35.71230702740805,685.6828526088169,118.23943933303235
mlp_qmix__N16__ring__seed6,mlp_qmix,coord_grid,6,5685,142150,329.0,25,0.050000000000000044,9.599344849586487,1078.6976318359375,118.25934587500524
mlp_qmix__N16__ring__seed6,mlp_qmix,coord_grid,6,5686,142175,334.0,25,0.050000000000000044,37.71583751837412,763.9882558186849,118.28034054103773
mlp_qmix__N16__ring__seed6,mlp_qmix,coord_grid,6,5687,142200,353.0,25,0.050000000000000044,41.36666681369146,637.3794403076172,118.30351233301917
mlp_qmix__N16__ring__seed6,mlp_qmix,coord_grid,6,5688,142225,315.0,25,0.050000000000000044,47.51438784599304,1145.0768083844866,118.3280679580057
mlp_qmix__N16__ring__seed6,mlp_qmix,coord_grid,6,5689,142250,334.0,25,0.050000000000000044,22.449466069539387,1016.6332550048828,118.34823612502078
mlp_qmix__N16__ring__seed6,mlp_qmix,coord_grid,6,5690,142275,335.0,25,0.050000000000000044,26.143036047617596,1145.8832194010417,118.36832091602264
mlp_qmix__N16__ring__seed6,mlp_qmix,coord_grid,6,5691,142300,327.0,25,0.050000000000000044,39.548404375712074,1211.1061757405598,118.38852554099867
mlp_qmix__N16__ring__seed6,mlp_qmix,coord_grid,6,5692,142325,312.0,25,0.050000000000000044,36.47449394634792,1121.7390616280693,118.4111381249968
mlp_qmix__N16__ring__seed6,mlp_qmix,coord_grid,6,5693,142350,338.0,25,0.050000000000000044,44.950469652811684,1300.6155497233074,118.43103049998172
mlp_qmix__N16__ring__seed6,mlp_qmix,coord_grid,6,5694,142375,330.0,25,0.050000000000000044,15.300097187360128,1307.3726298014324,118.45125874999212
mlp_qmix__N16__ring__seed6,mlp_qmix,coord_grid,6,5695,142400,331.0,25,0.050000000000000044,20.903226375579834,1436.2743123372395,118.47135837498354
mlp_qmix__N16__ring__seed6,mlp_qmix,coord_grid,6,5696,142425,343.0,25,0.050000000000000044,27.862747362681798,1387.2794712611608,118.49449862499023
mlp_qmix__N16__ring__seed6,mlp_qmix,coord_grid,6,5697,142450,332.0,25,0.050000000000000044,28.233165740966797,1353.3561197916667,118.51485829101875
mlp_qmix__N16__ring__seed6,mlp_qmix,coord_grid,6,5698,142475,326.0,25,0.050000000000000044,24.000414619843166,1262.9845657348633,118.53480966598727
mlp_qmix__N16__ring__seed6,mlp_qmix,coord_grid,6,5699,142500,342.0,25,0.050000000000000044,27.194721221923828,1172.1466636657715,118.55476641602581
mlp_qmix__N16__ring__seed6,mlp_qmix,coord_grid,6,5700,142525,334.0,25,0.050000000000000044,21.05594171796526,1281.001451764788,118.57718337501865
mlp_qmix__N16__ring__seed6,mlp_qmix,coord_grid,6,5701,142550,329.0,25,0.050000000000000044,46.81689135233561,1034.4657033284504,118.59763054101495
mlp_qmix__N16__ring__seed6,mlp_qmix,coord_grid,6,5702,142575,336.0,25,0.050000000000000044,33.51125378410021,735.3602803548177,118.61762958299369
mlp_qmix__N16__ring__seed6,mlp_qmix,coord_grid,6,5703,142600,338.0,25,0.050000000000000044,26.347131212552387,1217.2338612874348,118.63832645799266
mlp_qmix__N16__ring__seed6,mlp_qmix,coord_grid,6,5704,142625,338.0,25,0.050000000000000044,26.5801386151995,1449.8188650948662,118.66040345799411
mlp_qmix__N16__ring__seed6,mlp_qmix,coord_grid,6,5705,142650,334.0,25,0.050000000000000044,42.30389789740244,1193.3101806640625,118.6810623750207
mlp_qmix__N16__ring__seed6,mlp_qmix,coord_grid,6,5706,142675,342.0,25,0.050000000000000044,42.47572453816732,1277.7332356770833,118.70118099998217
mlp_qmix__N16__ring__seed6,mlp_qmix,coord_grid,6,5707,142700,348.0,25,0.050000000000000044,26.61397249499957,1146.5756174723308,118.72112666600151
mlp_qmix__N16__ring__seed6,mlp_qmix,coord_grid,6,5708,142725,340.0,25,0.050000000000000044,35.57298281363079,672.458234514509,118.74342129100114
mlp_qmix__N16__ring__seed6,mlp_qmix,coord_grid,6,5709,142750,334.0,25,0.050000000000000044,25.76871206363042,1039.2953186035156,118.76384800003143
mlp_qmix__N16__ring__seed6,mlp_qmix,coord_grid,6,5710,142775,337.0,25,0.050000000000000044,34.773939311504364,1158.9061482747395,118.78332458302611
mlp_qmix__N16__ring__seed6,mlp_qmix,coord_grid,6,5711,142800,354.0,25,0.050000000000000044,28.92163395881653,1375.5518493652344,118.80377145798411
mlp_qmix__N16__ring__seed6,mlp_qmix,coord_grid,6,5712,142825,330.0,25,0.050000000000000044,33.98908710479736,1157.952157156808,118.82612437498756
mlp_qmix__N16__ring__seed6,mlp_qmix,coord_grid,6,5713,142850,345.0,25,0.050000000000000044,47.313808719317116,1027.1136144002278,118.84633091598516
mlp_qmix__N16__ring__seed6,mlp_qmix,coord_grid,6,5714,142875,337.0,25,0.050000000000000044,40.74250030517578,1396.216573079427,118.86639204103267
mlp_qmix__N16__ring__seed6,mlp_qmix,coord_grid,6,5715,142900,323.0,25,0.050000000000000044,25.74436162908872,822.2503204345703,118.88647808303358
mlp_qmix__N16__ring__seed6,mlp_qmix,coord_grid,6,5716,142925,331.0,25,0.050000000000000044,32.590512428964885,996.2550136021206,118.90879120799946
mlp_qmix__N16__ring__seed6,mlp_qmix,coord_grid,6,5717,142950,338.0,25,0.050000000000000044,38.49072992801666,1063.2468770345051,118.92893612501211
mlp_qmix__N16__ring__seed6,mlp_qmix,coord_grid,6,5718,142975,326.0,25,0.050000000000000044,26.851014991601307,1351.2511596679688,118.9489817499998
mlp_qmix__N16__ring__seed6,mlp_qmix,coord_grid,6,5719,143000,322.0,25,0.050000000000000044,34.76653448740641,1322.9107462565105,118.9687519579893
mlp_qmix__N16__ring__seed6,mlp_qmix,coord_grid,6,5720,143025,332.0,25,0.050000000000000044,20.08521839550563,1245.6665867396764,118.9912387499935
mlp_qmix__N16__ring__seed6,mlp_qmix,coord_grid,6,5721,143050,317.0,25,0.050000000000000044,37.53588581085205,1366.8052164713542,119.01140491600381
mlp_qmix__N16__ring__seed6,mlp_qmix,coord_grid,6,5722,143075,335.0,25,0.050000000000000044,29.813190003236134,982.1950556437174,119.03121587500209
mlp_qmix__N16__ring__seed6,mlp_qmix,coord_grid,6,5723,143100,343.0,25,0.050000000000000044,38.12679379185041,1137.9778645833333,119.05113254103344
mlp_qmix__N16__ring__seed6,mlp_qmix,coord_grid,6,5724,143125,351.0,25,0.050000000000000044,35.28544165406908,1313.7181658063616,119.07352379098302
mlp_qmix__N16__ring__seed6,mlp_qmix,coord_grid,6,5725,143150,345.0,25,0.050000000000000044,51.84515253702799,1302.0950215657551,119.09360779100098
mlp_qmix__N16__ring__seed6,mlp_qmix,coord_grid,6,5726,143175,347.0,25,0.050000000000000044,22.066121915976208,984.0522257486979,119.11371700000018
mlp_qmix__N16__ring__seed6,mlp_qmix,coord_grid,6,5727,143200,323.0,25,0.050000000000000044,39.790003379186,1280.9050572713215,119.13351541600423
mlp_qmix__N16__ring__seed6,mlp_qmix,coord_grid,6,5728,143225,331.0,25,0.050000000000000044,31.425734043121338,1372.6447928292412,119.15593662502943
mlp_qmix__N16__ring__seed6,mlp_qmix,coord_grid,6,5729,143250,308.0,25,0.050000000000000044,38.59922317663828,1139.8008728027344,119.17564012500225
mlp_qmix__N16__ring__seed6,mlp_qmix,coord_grid,6,5730,143275,326.0,25,0.050000000000000044,27.72398853302002,1063.3982772827148,119.19531741598621
mlp_qmix__N16__ring__seed6,mlp_qmix,coord_grid,6,5731,143300,326.0,25,0.050000000000000044,33.01891773939133,1376.9674479166667,119.21511579101207
mlp_qmix__N16__ring__seed6,mlp_qmix,coord_grid,6,5732,143325,337.0,25,0.050000000000000044,47.33308366366795,1020.2453046526227,119.2375516250031
mlp_qmix__N16__ring__seed6,mlp_qmix,coord_grid,6,5733,143350,326.0,25,0.050000000000000044,38.79706730445226,1307.1544189453125,119.2574659580132
mlp_qmix__N16__ring__seed6,mlp_qmix,coord_grid,6,5734,143375,326.0,25,0.050000000000000044,22.520761489868164,1264.477294921875,119.27715700003318
mlp_qmix__N16__ring__seed6,mlp_qmix,coord_grid,6,5735,143400,344.0,25,0.050000000000000044,26.598613262176514,1420.608662923177,119.29764679103391
mlp_qmix__N16__ring__seed6,mlp_qmix,coord_grid,6,5736,143425,331.0,25,0.050000000000000044,41.19741085597447,1476.5379638671875,119.3203270410304
mlp_qmix__N16__ring__seed6,mlp_qmix,coord_grid,6,5737,143450,349.0,25,0.050000000000000044,27.279869278271992,1481.7645060221355,119.34022950002691
mlp_qmix__N16__ring__seed6,mlp_qmix,coord_grid,6,5738,143475,343.0,25,0.050000000000000044,60.21953932444254,1370.7801717122395,119.36033087503165
mlp_qmix__N16__ring__seed6,mlp_qmix,coord_grid,6,5739,143500,329.0,25,0.050000000000000044,21.92062544822693,1406.198237101237,119.38055108301342
mlp_qmix__N16__ring__seed6,mlp_qmix,coord_grid,6,5740,143525,347.0,25,0.050000000000000044,65.49124472481864,1167.883786882673,119.40356637502555
mlp_qmix__N16__ring__seed6,mlp_qmix,coord_grid,6,5741,143550,350.0,25,0.050000000000000044,32.261458357175194,1310.589131673177,119.4235727909836
mlp_qmix__N16__ring__seed6,mlp_qmix,coord_grid,6,5742,143575,304.0,25,0.050000000000000044,40.96795618534088,1381.9514058430989,119.44337275001453
mlp_qmix__N16__ring__seed6,mlp_qmix,coord_grid,6,5743,143600,326.0,25,0.050000000000000044,45.23751163482666,1418.6935323079426,119.463372875005
mlp_qmix__N16__ring__seed6,mlp_qmix,coord_grid,6,5744,143625,347.0,25,0.050000000000000044,39.03399303981236,1429.3895089285713,119.48540458298521
mlp_qmix__N16__ring__seed6,mlp_qmix,coord_grid,6,5745,143650,331.0,25,0.050000000000000044,32.151343743006386,1253.135103861491,119.50491483299993
mlp_qmix__N16__ring__seed6,mlp_qmix,coord_grid,6,5746,143675,324.0,25,0.050000000000000044,37.93679936726888,1492.7386881510417,119.52499616600107
mlp_qmix__N16__ring__seed6,mlp_qmix,coord_grid,6,5747,143700,336.0,25,0.050000000000000044,40.48379053672155,1412.6928304036458,119.54493683303008
mlp_qmix__N16__ring__seed6,mlp_qmix,coord_grid,6,5748,143725,348.0,25,0.050000000000000044,46.266000168664114,1419.3333565848213,119.56761587498477
mlp_qmix__N16__ring__seed6,mlp_qmix,coord_grid,6,5749,143750,324.0,25,0.050000000000000044,60.054259618123375,1201.1857096354167,119.58801891602343
mlp_qmix__N16__ring__seed6,mlp_qmix,coord_grid,6,5750,143775,337.0,25,0.050000000000000044,53.119373083114624,1377.1308186848958,119.60799716599286
mlp_qmix__N16__ring__seed6,mlp_qmix,coord_grid,6,5751,143800,330.0,25,0.050000000000000044,20.00240220626195,1163.2847595214844,119.62761366600171
mlp_qmix__N16__ring__seed6,mlp_qmix,coord_grid,6,5752,143825,343.0,25,0.050000000000000044,38.88721111842564,1460.0487060546875,119.649938416027
mlp_qmix__N16__ring__seed6,mlp_qmix,coord_grid,6,5753,143850,338.0,25,0.050000000000000044,45.03934637705485,1477.148661295573,119.669918041036
mlp_qmix__N16__ring__seed6,mlp_qmix,coord_grid,6,5754,143875,332.0,25,0.050000000000000044,44.66786130269369,1280.060323079427,119.69086025003344
mlp_qmix__N16__ring__seed6,mlp_qmix,coord_grid,6,5755,143900,336.0,25,0.050000000000000044,36.45002434651057,1541.0943400065105,119.71092266601045
mlp_qmix__N16__ring__seed6,mlp_qmix,coord_grid,6,5756,143925,328.0,25,0.050000000000000044,35.65802824497223,1401.7680053710938,119.73320866603171
mlp_qmix__N16__ring__seed6,mlp_qmix,coord_grid,6,5757,143950,326.0,25,0.050000000000000044,16.05678641796112,1427.3494466145833,119.75306983303744
mlp_qmix__N16__ring__seed6,mlp_qmix,coord_grid,6,5758,143975,338.0,25,0.050000000000000044,28.9354674021403,1270.5406188964844,119.77250783302588
mlp_qmix__N16__ring__seed6,mlp_qmix,coord_grid,6,5759,144000,337.0,25,0.050000000000000044,36.4837736984094,1318.5784200032551,119.79243604099611
mlp_qmix__N16__ring__seed6,mlp_qmix,coord_grid,6,5760,144025,337.0,25,0.050000000000000044,46.22634642464774,1287.499991280692,119.8145423749811
mlp_qmix__N16__ring__seed6,mlp_qmix,coord_grid,6,5761,144050,349.0,25,0.050000000000000044,47.37142809232076,1152.8126042683919,119.83464712498244
mlp_qmix__N16__ring__seed6,mlp_qmix,coord_grid,6,5762,144075,337.0,25,0.050000000000000044,35.229102770487465,975.6185404459635,119.85501879098592
mlp_qmix__N16__ring__seed6,mlp_qmix,coord_grid,6,5763,144100,342.0,25,0.050000000000000044,30.107796569665272,1108.0686950683594,119.8758508330211
mlp_qmix__N16__ring__seed6,mlp_qmix,coord_grid,6,5764,144125,329.0,25,0.050000000000000044,25.7937336734363,865.6739327566964,119.89969624998048
mlp_qmix__N16__ring__seed6,mlp_qmix,coord_grid,6,5765,144150,332.0,25,0.050000000000000044,22.199292302131653,921.4321136474609,119.91995841602329
mlp_qmix__N16__ring__seed6,mlp_qmix,coord_grid,6,5766,144175,328.0,25,0.050000000000000044,22.03217053413391,851.7192306518555,119.93971141602378
mlp_qmix__N16__ring__seed6,mlp_qmix,coord_grid,6,5767,144200,327.0,25,0.050000000000000044,29.65256114800771,567.1062711079916,119.96008033299586
mlp_qmix__N16__ring__seed6,mlp_qmix,coord_grid,6,5768,144225,318.0,25,0.050000000000000044,30.884277479989187,1371.0921173095703,119.98232120799366
mlp_qmix__N16__ring__seed6,mlp_qmix,coord_grid,6,5769,144250,337.0,25,0.050000000000000044,46.92290178934733,848.415667215983,120.00319016602589
mlp_qmix__N16__ring__seed6,mlp_qmix,coord_grid,6,5770,144275,332.0,25,0.050000000000000044,18.24877866109212,784.2175305684408,120.02453879098175
mlp_qmix__N16__ring__seed6,mlp_qmix,coord_grid,6,5771,144300,334.0,25,0.050000000000000044,64.67482471466064,1061.2620226542156,120.04465833300492
mlp_qmix__N16__ring__seed6,mlp_qmix,coord_grid,6,5772,144325,198.0,25,0.050000000000000044,46.146563802446636,1020.6230076381138,120.0673792079906
mlp_qmix__N16__ring__seed6,mlp_qmix,coord_grid,6,5773,144350,311.0,25,0.050000000000000044,29.17381290594737,1502.0168863932292,120.08759449998615
mlp_qmix__N16__ring__seed6,mlp_qmix,coord_grid,6,5774,144375,346.0,25,0.050000000000000044,40.915269672870636,1331.1639200846355,120.10749712499091
mlp_qmix__N16__ring__seed6,mlp_qmix,coord_grid,6,5775,144400,344.0,25,0.050000000000000044,21.346277475357056,1507.5711669921875,120.12729224999202
mlp_qmix__N16__ring__seed6,mlp_qmix,coord_grid,6,5776,144425,349.0,25,0.050000000000000044,48.78229212760925,1224.0813729422432,120.14990254101576
mlp_qmix__N16__ring__seed6,mlp_qmix,coord_grid,6,5777,144450,338.0,25,0.050000000000000044,38.474496364593506,872.1070658365885,120.17127962503582
mlp_qmix__N16__ring__seed6,mlp_qmix,coord_grid,6,5778,144475,342.0,25,0.050000000000000044,50.64301198720932,1102.000956217448,120.19145879102871
mlp_qmix__N16__ring__seed6,mlp_qmix,coord_grid,6,5779,144500,339.0,25,0.050000000000000044,38.20499380429586,973.7100830078125,120.21129508299055
mlp_qmix__N16__ring__seed6,mlp_qmix,coord_grid,6,5780,144525,339.0,25,0.050000000000000044,27.3336044720241,1277.032723563058,120.23492733301828
mlp_qmix__N16__ring__seed6,mlp_qmix,coord_grid,6,5781,144550,352.0,25,0.050000000000000044,29.707874139149983,1500.3500366210938,120.25502541603055
mlp_qmix__N16__ring__seed6,mlp_qmix,coord_grid,6,5782,144575,330.0,25,0.050000000000000044,38.83122646808624,1088.2472534179688,120.27666391601088
mlp_qmix__N16__ring__seed6,mlp_qmix,coord_grid,6,5783,144600,328.0,25,0.050000000000000044,63.245983839035034,979.7471516927084,120.29766066599404
mlp_qmix__N16__ring__seed6,mlp_qmix,coord_grid,6,5784,144625,328.0,25,0.050000000000000044,47.45440053939819,1113.5239432198662,120.31994679098716
mlp_qmix__N16__ring__seed6,mlp_qmix,coord_grid,6,5785,144650,322.0,25,0.050000000000000044,23.169059693813324,1045.270118713379,120.33995104103815
mlp_qmix__N16__ring__seed6,mlp_qmix,coord_grid,6,5786,144675,346.0,25,0.050000000000000044,22.927882432937622,1232.6476949055989,120.359869582986
mlp_qmix__N16__ring__seed6,mlp_qmix,coord_grid,6,5787,144700,343.0,25,0.050000000000000044,22.03692849477132,1533.7927856445312,120.37974875001237
mlp_qmix__N16__ring__seed6,mlp_qmix,coord_grid,6,5788,144725,348.0,25,0.050000000000000044,33.845813155174255,1174.3818620954241,120.40191458299523
mlp_qmix__N16__ring__seed6,mlp_qmix,coord_grid,6,5789,144750,347.0,25,0.050000000000000044,22.306684245665867,1158.572026570638,120.42180679098237
mlp_qmix__N16__ring__seed6,mlp_qmix,coord_grid,6,5790,144775,337.0,25,0.050000000000000044,36.22754446665446,1207.1777884165447,120.44173575000605
mlp_qmix__N16__ring__seed6,mlp_qmix,coord_grid,6,5791,144800,320.0,25,0.050000000000000044,44.580637296040855,1156.8723042805989,120.46184116601944
mlp_qmix__N16__ring__seed6,mlp_qmix,coord_grid,6,5792,144825,340.0,25,0.050000000000000044,37.61807141985212,1324.1611546107702,120.4843692079885
mlp_qmix__N16__ring__seed6,mlp_qmix,coord_grid,6,5793,144850,334.0,25,0.050000000000000044,40.745412508646645,1424.6421305338542,120.50415112503106
mlp_qmix__N16__ring__seed6,mlp_qmix,coord_grid,6,5794,144875,327.0,25,0.050000000000000044,24.11173717180888,1323.2835591634114,120.52449745801277
mlp_qmix__N16__ring__seed6,mlp_qmix,coord_grid,6,5795,144900,333.0,25,0.050000000000000044,36.644969840844475,1414.0223592122395,120.54427150002448
mlp_qmix__N16__ring__seed6,mlp_qmix,coord_grid,6,5796,144925,330.0,25,0.050000000000000044,33.01705626079014,1492.8086983816963,120.56669350003358
mlp_qmix__N16__ring__seed6,mlp_qmix,coord_grid,6,5797,144950,332.0,25,0.050000000000000044,19.671300669511158,1348.5909322102864,120.58756925002672
mlp_qmix__N16__ring__seed6,mlp_qmix,coord_grid,6,5798,144975,326.0,25,0.050000000000000044,37.61455376942953,1568.101826985677,120.60753383301198
mlp_qmix__N16__ring__seed6,mlp_qmix,coord_grid,6,5799,145000,328.0,25,0.050000000000000044,49.41304488976797,1241.4079691569011,120.6277154579875
mlp_qmix__N16__ring__seed6,mlp_qmix,coord_grid,6,5800,145025,348.0,25,0.050000000000000044,23.586083344050817,1505.5149797712054,120.64991454099072
mlp_qmix__N16__ring__seed6,mlp_qmix,coord_grid,6,5801,145050,355.0,25,0.050000000000000044,36.022232373555504,1462.0425211588542,120.67012633301783
mlp_qmix__N16__ring__seed6,mlp_qmix,coord_grid,6,5802,145075,316.0,25,0.050000000000000044,23.635732968648274,1540.5179036458333,120.68988449999597
mlp_qmix__N16__ring__seed6,mlp_qmix,coord_grid,6,5803,145100,353.0,25,0.050000000000000044,45.07295640309652,1403.8176879882812,120.7102593749878
mlp_qmix__N16__ring__seed6,mlp_qmix,coord_grid,6,5804,145125,328.0,25,0.050000000000000044,19.350274545805796,1443.7266148158483,120.73334612499457
mlp_qmix__N16__ring__seed6,mlp_qmix,coord_grid,6,5805,145150,338.0,25,0.050000000000000044,27.5453173716863,1376.5616251627605,120.7532136660302
mlp_qmix__N16__ring__seed6,mlp_qmix,coord_grid,6,5806,145175,325.0,25,0.050000000000000044,23.38708007335663,1498.285868326823,120.77288375003263
mlp_qmix__N16__ring__seed6,mlp_qmix,coord_grid,6,5807,145200,349.0,25,0.050000000000000044,31.848365585009258,1368.6682942708333,120.79320445802296
mlp_qmix__N16__ring__seed6,mlp_qmix,coord_grid,6,5808,145225,332.0,25,0.050000000000000044,42.3473140171596,1386.3569946289062,120.81545295799151
mlp_qmix__N16__ring__seed6,mlp_qmix,coord_grid,6,5809,145250,328.0,25,0.050000000000000044,27.75232897202174,1430.0557657877605,120.83562729100231
mlp_qmix__N16__ring__seed6,mlp_qmix,coord_grid,6,5810,145275,332.0,25,0.050000000000000044,15.538694580396017,1331.7965189615886,120.85555008298252
mlp_qmix__N16__ring__seed6,mlp_qmix,coord_grid,6,5811,145300,340.0,25,0.050000000000000044,26.698842247327168,899.1372680664062,120.87577958300244
mlp_qmix__N16__ring__seed6,mlp_qmix,coord_grid,6,5812,145325,305.0,25,0.050000000000000044,29.750941046646663,874.7911071777344,120.89829329098575
mlp_qmix__N16__ring__seed6,mlp_qmix,coord_grid,6,5813,145350,314.0,25,0.050000000000000044,19.101681967576344,1261.0812276204426,120.91839987499407
mlp_qmix__N16__ring__seed6,mlp_qmix,coord_grid,6,5814,145375,325.0,25,0.050000000000000044,21.671661376953125,1351.3151156107585,120.93875554099213
mlp_qmix__N16__ring__seed6,mlp_qmix,coord_grid,6,5815,145400,329.0,25,0.050000000000000044,45.2338072458903,1261.848019917806,120.95890575001249
mlp_qmix__N16__ring__seed6,mlp_qmix,coord_grid,6,5816,145425,340.0,25,0.050000000000000044,29.449004922594344,1338.1978716169085,120.98124708299292
mlp_qmix__N16__ring__seed6,mlp_qmix,coord_grid,6,5817,145450,343.0,25,0.050000000000000044,46.7783558567365,1420.3955891927083,121.00240341603057
mlp_qmix__N16__ring__seed6,mlp_qmix,coord_grid,6,5818,145475,338.0,25,0.050000000000000044,39.94356589516004,1075.3561375935872,121.022367166006
mlp_qmix__N16__ring__seed6,mlp_qmix,coord_grid,6,5819,145500,337.0,25,0.050000000000000044,30.689581513404846,1002.2658843994141,121.04221625003265
mlp_qmix__N16__ring__seed6,mlp_qmix,coord_grid,6,5820,145525,325.0,25,0.050000000000000044,40.99722161463329,1128.37943812779,121.06457479100209
mlp_qmix__N16__ring__seed6,mlp_qmix,coord_grid,6,5821,145550,326.0,25,0.050000000000000044,36.73564434051514,1314.2360229492188,121.0846368750208
mlp_qmix__N16__ring__seed6,mlp_qmix,coord_grid,6,5822,145575,340.0,25,0.050000000000000044,25.893304030100506,1517.751708984375,121.10449845803669
mlp_qmix__N16__ring__seed6,mlp_qmix,coord_grid,6,5823,145600,351.0,25,0.050000000000000044,43.397397647301354,826.0665791829427,121.12504779099254
mlp_qmix__N16__ring__seed6,mlp_qmix,coord_grid,6,5824,145625,323.0,25,0.050000000000000044,27.75265003953661,1272.404096330915,121.1470677080215
mlp_qmix__N16__ring__seed6,mlp_qmix,coord_grid,6,5825,145650,342.0,25,0.050000000000000044,47.74359639485677,1057.977279663086,121.1667842080351
mlp_qmix__N16__ring__seed6,mlp_qmix,coord_grid,6,5826,145675,343.0,25,0.050000000000000044,44.35708540678024,1278.125956217448,121.18695233302424
mlp_qmix__N16__ring__seed6,mlp_qmix,coord_grid,6,5827,145700,352.0,25,0.050000000000000044,31.641451636950176,1400.004862467448,121.20668412500527
mlp_qmix__N16__ring__seed6,mlp_qmix,coord_grid,6,5828,145725,337.0,25,0.050000000000000044,36.46243643760681,1250.7720816476005,121.22902020800393
mlp_qmix__N16__ring__seed6,mlp_qmix,coord_grid,6,5829,145750,344.0,25,0.050000000000000044,49.42907329400381,1253.9234924316406,121.24879333301215
mlp_qmix__N16__ring__seed6,mlp_qmix,coord_grid,6,5830,145775,314.0,25,0.050000000000000044,36.23814264933268,1290.4213256835938,121.26859345799312
mlp_qmix__N16__ring__seed6,mlp_qmix,coord_grid,6,5831,145800,330.0,25,0.050000000000000044,15.175109366575876,1287.6526997884114,121.28836091601988
mlp_qmix__N16__ring__seed6,mlp_qmix,coord_grid,6,5832,145825,342.0,25,0.050000000000000044,44.107113225119456,1590.7481515066963,121.31045008299407
mlp_qmix__N16__ring__seed6,mlp_qmix,coord_grid,6,5833,145850,340.0,25,0.050000000000000044,18.25358517964681,1418.4099222819011,121.33052904100623
mlp_qmix__N16__ring__seed6,mlp_qmix,coord_grid,6,5834,145875,350.0,25,0.050000000000000044,32.691368301709495,1284.0965576171875,121.35073012503562
mlp_qmix__N16__ring__seed6,mlp_qmix,coord_grid,6,5835,145900,325.0,25,0.050000000000000044,49.165232022603355,1158.9699325561523,121.3709563750308
mlp_qmix__N16__ring__seed6,mlp_qmix,coord_grid,6,5836,145925,341.0,25,0.050000000000000044,58.359673908778596,1289.741459437779,121.39333937503397
mlp_qmix__N16__ring__seed6,mlp_qmix,coord_grid,6,5837,145950,343.0,25,0.050000000000000044,30.12762161095937,1525.0711466471355,121.4132172500249
mlp_qmix__N16__ring__seed6,mlp_qmix,coord_grid,6,5838,145975,336.0,25,0.050000000000000044,29.10047133763631,1528.7603556315105,121.43306516599841
mlp_qmix__N16__ring__seed6,mlp_qmix,coord_grid,6,5839,146000,324.0,25,0.050000000000000044,51.61320273081461,1500.3413696289062,121.45268604101148
mlp_qmix__N16__ring__seed6,mlp_qmix,coord_grid,6,5840,146025,321.0,25,0.050000000000000044,25.70149459157671,1527.9569266183037,121.47477341600461
mlp_qmix__N16__ring__seed6,mlp_qmix,coord_grid,6,5841,146050,332.0,25,0.050000000000000044,29.47620375951131,1474.6854858398438,121.4942593750311
mlp_qmix__N16__ring__seed6,mlp_qmix,coord_grid,6,5842,146075,340.0,25,0.050000000000000044,38.67228603363037,1587.8922729492188,121.51399825001135
mlp_qmix__N16__ring__seed6,mlp_qmix,coord_grid,6,5843,146100,330.0,25,0.050000000000000044,42.83366044362386,1495.8553873697917,121.53468041599263
mlp_qmix__N16__ring__seed6,mlp_qmix,coord_grid,6,5844,146125,359.0,25,0.050000000000000044,25.60541292599269,1414.3617640904017,121.55733062501531
mlp_qmix__N16__ring__seed6,mlp_qmix,coord_grid,6,5845,146150,314.0,25,0.050000000000000044,17.8073312441508,1367.879903157552,121.57709983299719
mlp_qmix__N16__ring__seed6,mlp_qmix,coord_grid,6,5846,146175,353.0,25,0.050000000000000044,36.01128782828649,1150.4860331217449,121.59709437499987
mlp_qmix__N16__ring__seed6,mlp_qmix,coord_grid,6,5847,146200,329.0,25,0.050000000000000044,50.32392374674479,1243.8440043131511,121.61681470798794
mlp_qmix__N16__ring__seed6,mlp_qmix,coord_grid,6,5848,146225,334.0,25,0.050000000000000044,22.717634269169398,1539.7129080636162,121.63911795802414
mlp_qmix__N16__ring__seed6,mlp_qmix,coord_grid,6,5849,146250,328.0,25,0.050000000000000044,17.281800111134846,1380.051040649414,121.65933995798696
mlp_qmix__N16__ring__seed6,mlp_qmix,coord_grid,6,5850,146275,331.0,25,0.050000000000000044,20.252504289150238,1173.0367889404297,121.67968579102308
mlp_qmix__N16__ring__seed6,mlp_qmix,coord_grid,6,5851,146300,342.0,25,0.050000000000000044,30.994873344898224,1157.9358215332031,121.69931370799895
mlp_qmix__N16__ring__seed6,mlp_qmix,coord_grid,6,5852,146325,349.0,25,0.050000000000000044,15.938720737184797,1034.1375776018415,121.72207012498984
mlp_qmix__N16__ring__seed6,mlp_qmix,coord_grid,6,5853,146350,339.0,25,0.050000000000000044,35.32145216067632,1056.3083394368489,121.74194383301074
mlp_qmix__N16__ring__seed6,mlp_qmix,coord_grid,6,5854,146375,334.0,25,0.050000000000000044,31.058272302150726,1049.103042602539,121.7620167080313
mlp_qmix__N16__ring__seed6,mlp_qmix,coord_grid,6,5855,146400,347.0,25,0.050000000000000044,36.08050791422526,1295.6979675292969,121.7818430000334
mlp_qmix__N16__ring__seed6,mlp_qmix,coord_grid,6,5856,146425,329.0,25,0.050000000000000044,31.394037451062882,1529.453412737165,121.80430329102091
mlp_qmix__N16__ring__seed6,mlp_qmix,coord_grid,6,5857,146450,338.0,25,0.050000000000000044,26.935824066400528,757.3405316670736,121.82402775000082
mlp_qmix__N16__ring__seed6,mlp_qmix,coord_grid,6,5858,146475,339.0,25,0.050000000000000044,45.17614936828613,1372.7479960123699,121.84401425003307
mlp_qmix__N16__ring__seed6,mlp_qmix,coord_grid,6,5859,146500,315.0,25,0.050000000000000044,32.7465713818868,1233.2700093587239,121.8638810000266
mlp_qmix__N16__ring__seed6,mlp_qmix,coord_grid,6,5860,146525,342.0,25,0.050000000000000044,17.40548041888646,1415.2623814174108,121.88597850000951
mlp_qmix__N16__ring__seed6,mlp_qmix,coord_grid,6,5861,146550,328.0,25,0.050000000000000044,35.60001150767008,1061.3279724121094,121.90593250002712
mlp_qmix__N16__ring__seed6,mlp_qmix,coord_grid,6,5862,146575,328.0,25,0.050000000000000044,31.033572753270466,893.201904296875,121.9259328750195
mlp_qmix__N16__ring__seed6,mlp_qmix,coord_grid,6,5863,146600,337.0,25,0.050000000000000044,34.29216047128042,1409.0120849609375,121.94615787500516
mlp_qmix__N16__ring__seed6,mlp_qmix,coord_grid,6,5864,146625,345.0,25,0.050000000000000044,29.09768840244838,1449.8807547433037,121.96854454098502
mlp_qmix__N16__ring__seed6,mlp_qmix,coord_grid,6,5865,146650,350.0,25,0.050000000000000044,23.01350709795952,1055.4404830932617,121.98862083302811
mlp_qmix__N16__ring__seed6,mlp_qmix,coord_grid,6,5866,146675,345.0,25,0.050000000000000044,52.92706139882406,615.3135884602865,122.00827845802996
mlp_qmix__N16__ring__seed6,mlp_qmix,coord_grid,6,5867,146700,343.0,25,0.050000000000000044,19.592663367589314,1074.0066782633464,122.02817629103083
mlp_qmix__N16__ring__seed6,mlp_qmix,coord_grid,6,5868,146725,334.0,25,0.050000000000000044,31.10732991354806,898.6236659458706,122.05082312499871
mlp_qmix__N16__ring__seed6,mlp_qmix,coord_grid,6,5869,146750,331.0,25,0.050000000000000044,33.57873956362406,1512.6306762695312,122.07093950000126
mlp_qmix__N16__ring__seed6,mlp_qmix,coord_grid,6,5870,146775,341.0,25,0.050000000000000044,25.808735688527424,1246.9686635335286,122.09079937502975
mlp_qmix__N16__ring__seed6,mlp_qmix,coord_grid,6,5871,146800,344.0,25,0.050000000000000044,42.76871077219645,1449.9520263671875,122.11071558302501
mlp_qmix__N16__ring__seed6,mlp_qmix,coord_grid,6,5872,146825,340.0,25,0.050000000000000044,47.22306377547128,1228.9637451171875,122.13283775001764
mlp_qmix__N16__ring__seed6,mlp_qmix,coord_grid,6,5873,146850,340.0,25,0.050000000000000044,29.902093172073364,1391.6873524983723,122.15283124998678
mlp_qmix__N16__ring__seed6,mlp_qmix,coord_grid,6,5874,146875,347.0,25,0.050000000000000044,39.222126960754395,1481.552734375,122.17265629098983
mlp_qmix__N16__ring__seed6,mlp_qmix,coord_grid,6,5875,146900,312.0,25,0.050000000000000044,6.587043762207031,1244.0192159016926,122.19265533302678
mlp_qmix__N16__ring__seed6,mlp_qmix,coord_grid,6,5876,146925,333.0,25,0.050000000000000044,57.14395093917847,1542.1024780273438,122.2150706659886
mlp_qmix__N16__ring__seed6,mlp_qmix,coord_grid,6,5877,146950,311.0,25,0.050000000000000044,36.67559401194254,1422.2281188964844,122.23509862500941
mlp_qmix__N16__ring__seed6,mlp_qmix,coord_grid,6,5878,146975,336.0,25,0.050000000000000044,33.561773935953774,1349.1795349121094,122.25528233300429
mlp_qmix__N16__ring__seed6,mlp_qmix,coord_grid,6,5879,147000,337.0,25,0.050000000000000044,56.36376412709554,1473.2454630533855,122.27508412499446
mlp_qmix__N16__ring__seed6,mlp_qmix,coord_grid,6,5880,147025,323.0,25,0.050000000000000044,44.72188745226179,1483.39892578125,122.29707445803797
mlp_qmix__N16__ring__seed6,mlp_qmix,coord_grid,6,5881,147050,337.0,25,0.050000000000000044,38.95943667491277,1536.501485188802,122.31685358303366
mlp_qmix__N16__ring__seed6,mlp_qmix,coord_grid,6,5882,147075,329.0,25,0.050000000000000044,45.04448207219442,1057.3824768066406,122.33665179100353
mlp_qmix__N16__ring__seed6,mlp_qmix,coord_grid,6,5883,147100,344.0,25,0.050000000000000044,24.791768809159596,1563.9413045247395,122.35735000000568
mlp_qmix__N16__ring__seed6,mlp_qmix,coord_grid,6,5884,147125,344.0,25,0.050000000000000044,12.623863850321088,1094.4825068882533,122.379899749998
mlp_qmix__N16__ring__seed6,mlp_qmix,coord_grid,6,5885,147150,343.0,25,0.050000000000000044,53.15323066711426,878.3371136983236,122.39964766602498
mlp_qmix__N16__ring__seed6,mlp_qmix,coord_grid,6,5886,147175,324.0,25,0.050000000000000044,35.873142878214516,1150.3517799377441,122.41940916603198
mlp_qmix__N16__ring__seed6,mlp_qmix,coord_grid,6,5887,147200,314.0,25,0.050000000000000044,36.28180758158366,1000.268798828125,122.43881658301689
mlp_qmix__N16__ring__seed6,mlp_qmix,coord_grid,6,5888,147225,348.0,25,0.050000000000000044,49.70778274536133,1085.3102329799108,122.46119862503838
mlp_qmix__N16__ring__seed6,mlp_qmix,coord_grid,6,5889,147250,324.0,25,0.050000000000000044,36.94354077180227,1138.5326538085938,122.48151983303251
mlp_qmix__N16__ring__seed6,mlp_qmix,coord_grid,6,5890,147275,310.0,25,0.050000000000000044,28.168836295604706,988.823964436849,122.50127629103372
mlp_qmix__N16__ring__seed6,mlp_qmix,coord_grid,6,5891,147300,329.0,25,0.050000000000000044,40.53628917535146,962.4571965535482,122.52113195799757
mlp_qmix__N16__ring__seed6,mlp_qmix,coord_grid,6,5892,147325,348.0,25,0.050000000000000044,27.737544936793192,1153.6402675083705,122.543431625003
mlp_qmix__N16__ring__seed6,mlp_qmix,coord_grid,6,5893,147350,347.0,25,0.050000000000000044,27.13290735085805,825.9931589762369,122.56350095802918
mlp_qmix__N16__ring__seed6,mlp_qmix,coord_grid,6,5894,147375,337.0,25,0.050000000000000044,31.81401030222575,1328.1326904296875,122.58377949998248
mlp_qmix__N16__ring__seed6,mlp_qmix,coord_grid,6,5895,147400,325.0,25,0.050000000000000044,23.01343806584676,1401.3438924153645,122.60417533299187
mlp_qmix__N16__ring__seed6,mlp_qmix,coord_grid,6,5896,147425,331.0,25,0.050000000000000044,53.433682032993865,1662.1176060267858,122.62656937498832
mlp_qmix__N16__ring__seed6,mlp_qmix,coord_grid,6,5897,147450,336.0,25,0.050000000000000044,16.475173711776733,1471.4615173339844,122.64616729103727
mlp_qmix__N16__ring__seed6,mlp_qmix,coord_grid,6,5898,147475,347.0,25,0.050000000000000044,45.488103687763214,996.5986531575521,122.6657692079898
mlp_qmix__N16__ring__seed6,mlp_qmix,coord_grid,6,5899,147500,331.0,25,0.050000000000000044,42.580135663350426,1254.3601710001628,122.68604308302747
mlp_qmix__N16__ring__seed6,mlp_qmix,coord_grid,6,5900,147525,326.0,25,0.050000000000000044,57.27218929358891,831.7024209158761,122.70836616598535
mlp_qmix__N16__ring__seed6,mlp_qmix,coord_grid,6,5901,147550,334.0,25,0.050000000000000044,42.08402899901072,1411.614969889323,122.728608000034
mlp_qmix__N16__ring__seed6,mlp_qmix,coord_grid,6,5902,147575,320.0,25,0.050000000000000044,32.22573677698771,1119.1286926269531,122.74834841600386
mlp_qmix__N16__ring__seed6,mlp_qmix,coord_grid,6,5903,147600,349.0,25,0.050000000000000044,27.516607145468395,1206.1884358723958,122.76853316603228
mlp_qmix__N16__ring__seed6,mlp_qmix,coord_grid,6,5904,147625,324.0,25,0.050000000000000044,42.36155564444406,985.7366463797433,122.79246741603129
mlp_qmix__N16__ring__seed6,mlp_qmix,coord_grid,6,5905,147650,333.0,25,0.050000000000000044,36.19114335378011,849.8791910807291,122.81484416598687
mlp_qmix__N16__ring__seed6,mlp_qmix,coord_grid,6,5906,147675,322.0,25,0.050000000000000044,43.23071428140005,1330.5173365275066,122.83569862501463
mlp_qmix__N16__ring__seed6,mlp_qmix,coord_grid,6,5907,147700,349.0,25,0.050000000000000044,17.717179377873737,1302.7562764485676,122.85572724998929
mlp_qmix__N16__ring__seed6,mlp_qmix,coord_grid,6,5908,147725,330.0,25,0.050000000000000044,25.436195611953735,1378.743150983538,122.87860325002111
mlp_qmix__N16__ring__seed6,mlp_qmix,coord_grid,6,5909,147750,333.0,25,0.050000000000000044,29.703059097131092,1338.3873697916667,122.89850045798812
mlp_qmix__N16__ring__seed6,mlp_qmix,coord_grid,6,5910,147775,340.0,25,0.050000000000000044,26.928662061691284,1566.8494873046875,122.91875254100887
mlp_qmix__N16__ring__seed6,mlp_qmix,coord_grid,6,5911,147800,354.0,25,0.050000000000000044,34.70686221122742,1466.1774088541667,122.93864283303265
mlp_qmix__N16__ring__seed6,mlp_qmix,coord_grid,6,5912,147825,348.0,25,0.050000000000000044,30.3689455304827,1530.250941685268,122.96066695800982
mlp_qmix__N16__ring__seed6,mlp_qmix,coord_grid,6,5913,147850,339.0,25,0.050000000000000044,36.1304505666097,1594.4635009765625,122.98080195800867
mlp_qmix__N16__ring__seed6,mlp_qmix,coord_grid,6,5914,147875,330.0,25,0.050000000000000044,65.6267322699229,1513.1674194335938,123.00088041601703
mlp_qmix__N16__ring__seed6,mlp_qmix,coord_grid,6,5915,147900,346.0,25,0.050000000000000044,32.45902029673258,1006.064951578776,123.02036954101641
mlp_qmix__N16__ring__seed6,mlp_qmix,coord_grid,6,5916,147925,323.0,25,0.050000000000000044,25.30340760094779,1381.7260437011719,123.04295758303488
mlp_qmix__N16__ring__seed6,mlp_qmix,coord_grid,6,5917,147950,337.0,25,0.050000000000000044,19.38553849856059,1212.1664072672527,123.06293141603237
mlp_qmix__N16__ring__seed6,mlp_qmix,coord_grid,6,5918,147975,352.0,25,0.050000000000000044,49.58562088012695,1133.9337768554688,123.08345325000118
mlp_qmix__N16__ring__seed6,mlp_qmix,coord_grid,6,5919,148000,345.0,25,0.050000000000000044,32.04659684499105,1019.0297546386719,123.10333483299473
mlp_qmix__N16__ring__seed6,mlp_qmix,coord_grid,6,5920,148025,331.0,25,0.050000000000000044,29.08193588256836,1403.075439453125,123.1266636250075
mlp_qmix__N16__ring__seed6,mlp_qmix,coord_grid,6,5921,148050,334.0,25,0.050000000000000044,45.42490895589193,992.4517517089844,123.14673266600585
mlp_qmix__N16__ring__seed6,mlp_qmix,coord_grid,6,5922,148075,349.0,25,0.050000000000000044,20.462257782618206,1365.2965189615886,123.16684837499633
mlp_qmix__N16__ring__seed6,mlp_qmix,coord_grid,6,5923,148100,323.0,25,0.050000000000000044,23.474836488564808,994.8942006429037,123.18683208298171
mlp_qmix__N16__ring__seed6,mlp_qmix,coord_grid,6,5924,148125,339.0,25,0.050000000000000044,40.50999632052013,1408.4867379324776,123.20915995800169
mlp_qmix__N16__ring__seed6,mlp_qmix,coord_grid,6,5925,148150,349.0,25,0.050000000000000044,49.11264507969221,804.0629730224609,123.22920770803466
mlp_qmix__N16__ring__seed6,mlp_qmix,coord_grid,6,5926,148175,328.0,25,0.050000000000000044,49.51934846242269,867.831891377767,123.24935133301187
mlp_qmix__N16__ring__seed6,mlp_qmix,coord_grid,6,5927,148200,323.0,25,0.050000000000000044,28.557083010673523,1260.7951354980469,123.26926666602958
mlp_qmix__N16__ring__seed6,mlp_qmix,coord_grid,6,5928,148225,335.0,25,0.050000000000000044,28.246161546025956,1627.5122767857142,123.2914756659884
mlp_qmix__N16__ring__seed6,mlp_qmix,coord_grid,6,5929,148250,331.0,25,0.050000000000000044,51.16839440663656,1208.2523447672527,123.3113340830314
mlp_qmix__N16__ring__seed6,mlp_qmix,coord_grid,6,5930,148275,325.0,25,0.050000000000000044,33.208399415016174,1051.2982889811199,123.33153362502344
mlp_qmix__N16__ring__seed6,mlp_qmix,coord_grid,6,5931,148300,326.0,25,0.050000000000000044,37.52704588572184,1281.5728658040364,123.35121649998473
mlp_qmix__N16__ring__seed6,mlp_qmix,coord_grid,6,5932,148325,343.0,25,0.050000000000000044,47.526436124529155,936.3633422851562,123.37341674999334
mlp_qmix__N16__ring__seed6,mlp_qmix,coord_grid,6,5933,148350,332.0,25,0.050000000000000044,50.40878454844157,816.2638397216797,123.39346029103035
mlp_qmix__N16__ring__seed6,mlp_qmix,coord_grid,6,5934,148375,326.0,25,0.050000000000000044,28.27392776807149,1175.3145243326824,123.41396729100961
mlp_qmix__N16__ring__seed6,mlp_qmix,coord_grid,6,5935,148400,326.0,25,0.050000000000000044,23.777366598447163,1149.0231475830078,123.43395133299055
mlp_qmix__N16__ring__seed6,mlp_qmix,coord_grid,6,5936,148425,334.0,25,0.050000000000000044,51.147796630859375,1258.795166015625,123.45620745798806
mlp_qmix__N16__ring__seed6,mlp_qmix,coord_grid,6,5937,148450,347.0,25,0.050000000000000044,19.92832921942075,1062.0850410461426,123.47607104101917
mlp_qmix__N16__ring__seed6,mlp_qmix,coord_grid,6,5938,148475,307.0,25,0.050000000000000044,25.170761168003082,1462.4749755859375,123.49599175003823
mlp_qmix__N16__ring__seed6,mlp_qmix,coord_grid,6,5939,148500,273.0,25,0.050000000000000044,33.174560169378914,967.3491770426432,123.5158586659818
mlp_qmix__N16__ring__seed6,mlp_qmix,coord_grid,6,5940,148525,341.0,25,0.050000000000000044,28.54298233985901,1222.15376499721,123.53822841600049
mlp_qmix__N16__ring__seed6,mlp_qmix,coord_grid,6,5941,148550,323.0,25,0.050000000000000044,41.405907978614174,876.8636995951334,123.5588844580343
mlp_qmix__N16__ring__seed6,mlp_qmix,coord_grid,6,5942,148575,326.0,25,0.050000000000000044,23.35452263553937,863.3124847412109,123.5787738750223
mlp_qmix__N16__ring__seed6,mlp_qmix,coord_grid,6,5943,148600,348.0,25,0.050000000000000044,28.501677354176838,1086.8863830566406,123.59891412500292
mlp_qmix__N16__ring__seed6,mlp_qmix,coord_grid,6,5944,148625,351.0,25,0.050000000000000044,32.268218415124075,1119.784912109375,123.62140733300475
mlp_qmix__N16__ring__seed6,mlp_qmix,coord_grid,6,5945,148650,337.0,25,0.050000000000000044,37.23337529102961,1153.382698059082,123.64114216598682
mlp_qmix__N16__ring__seed6,mlp_qmix,coord_grid,6,5946,148675,346.0,25,0.050000000000000044,32.5041909913222,717.2394053141276,123.66129529103637
mlp_qmix__N16__ring__seed6,mlp_qmix,coord_grid,6,5947,148700,340.0,25,0.050000000000000044,19.53616539637248,1111.3457616170247,123.68105187499896
mlp_qmix__N16__ring__seed6,mlp_qmix,coord_grid,6,5948,148725,335.0,25,0.050000000000000044,32.25755202770233,1151.9440046037946,123.70354875002522
mlp_qmix__N16__ring__seed6,mlp_qmix,coord_grid,6,5949,148750,342.0,25,0.050000000000000044,30.09612814585368,1433.4468790690105,123.72362591599813
mlp_qmix__N16__ring__seed6,mlp_qmix,coord_grid,6,5950,148775,341.0,25,0.050000000000000044,42.88753048578898,1493.5130615234375,123.74335591599811
mlp_qmix__N16__ring__seed6,mlp_qmix,coord_grid,6,5951,148800,319.0,25,0.050000000000000044,33.279396851857506,1062.9352518717449,123.76376275002258
mlp_qmix__N16__ring__seed6,mlp_qmix,coord_grid,6,5952,148825,343.0,25,0.050000000000000044,21.80653735569545,1588.7446463448662,123.78616716602119
mlp_qmix__N16__ring__seed6,mlp_qmix,coord_grid,6,5953,148850,323.0,25,0.050000000000000044,24.807784140110016,1571.75830078125,123.80764283298049
mlp_qmix__N16__ring__seed6,mlp_qmix,coord_grid,6,5954,148875,363.0,25,0.050000000000000044,7.273240447044373,1451.819091796875,123.82907687500119
mlp_qmix__N16__ring__seed6,mlp_qmix,coord_grid,6,5955,148900,345.0,25,0.050000000000000044,35.17737356821696,1424.5279337565105,123.84941895800875
mlp_qmix__N16__ring__seed6,mlp_qmix,coord_grid,6,5956,148925,347.0,25,0.050000000000000044,34.700121249471394,1421.9779227120537,123.87177316599991
mlp_qmix__N16__ring__seed6,mlp_qmix,coord_grid,6,5957,148950,327.0,25,0.050000000000000044,7.476321578025818,1335.0802307128906,123.89178937498946
mlp_qmix__N16__ring__seed6,mlp_qmix,coord_grid,6,5958,148975,333.0,25,0.050000000000000044,55.86552041769028,1432.7182210286458,123.91129625000758
mlp_qmix__N16__ring__seed6,mlp_qmix,coord_grid,6,5959,149000,322.0,25,0.050000000000000044,25.02503401041031,1568.8286539713542,123.93144462502096
mlp_qmix__N16__ring__seed6,mlp_qmix,coord_grid,6,5960,149025,321.0,25,0.050000000000000044,39.48187157085964,1639.015834263393,123.95391512499191
mlp_qmix__N16__ring__seed6,mlp_qmix,coord_grid,6,5961,149050,320.0,25,0.050000000000000044,52.18440729379654,1117.0291035970051,123.973649749998
mlp_qmix__N16__ring__seed6,mlp_qmix,coord_grid,6,5962,149075,333.0,25,0.050000000000000044,38.680140813191734,1531.9837849934895,123.99354158301139
mlp_qmix__N16__ring__seed6,mlp_qmix,coord_grid,6,5963,149100,328.0,25,0.050000000000000044,15.859255582094193,1224.8310852050781,124.01526479102904
mlp_qmix__N16__ring__seed6,mlp_qmix,coord_grid,6,5964,149125,345.0,25,0.050000000000000044,36.29657145908901,1252.1388288225446,124.03765133302659
mlp_qmix__N16__ring__seed6,mlp_qmix,coord_grid,6,5965,149150,323.0,25,0.050000000000000044,32.803578515847526,660.1750564575195,124.05765583302127
mlp_qmix__N16__ring__seed6,mlp_qmix,coord_grid,6,5966,149175,166.0,25,0.050000000000000044,11.467210988203684,843.9003067016602,124.07750216603745
mlp_qmix__N16__ring__seed6,mlp_qmix,coord_grid,6,5967,149200,341.0,25,0.050000000000000044,56.962385177612305,1251.368428548177,124.0975650830078
mlp_qmix__N16__ring__seed6,mlp_qmix,coord_grid,6,5968,149225,330.0,25,0.050000000000000044,32.75903763089861,1202.4024571010045,124.11996683303732
mlp_qmix__N16__ring__seed6,mlp_qmix,coord_grid,6,5969,149250,313.0,25,0.050000000000000044,50.35625328620275,856.521120707194,124.13956070801942
mlp_qmix__N16__ring__seed6,mlp_qmix,coord_grid,6,5970,149275,327.0,25,0.050000000000000044,27.88907100756963,913.5860366821289,124.15933866600972
mlp_qmix__N16__ring__seed6,mlp_qmix,coord_grid,6,5971,149300,352.0,25,0.050000000000000044,48.81373437245687,1619.6586100260417,124.17920675000641
mlp_qmix__N16__ring__seed6,mlp_qmix,coord_grid,6,5972,149325,344.0,25,0.050000000000000044,39.98335925170353,1354.6533846173968,124.201620790991
mlp_qmix__N16__ring__seed6,mlp_qmix,coord_grid,6,5973,149350,336.0,25,0.050000000000000044,39.00328346093496,1479.2641143798828,124.221323958016
mlp_qmix__N16__ring__seed6,mlp_qmix,coord_grid,6,5974,149375,336.0,25,0.050000000000000044,44.198052724202476,1647.2962036132812,124.24130066600628
mlp_qmix__N16__ring__seed6,mlp_qmix,coord_grid,6,5975,149400,343.0,25,0.050000000000000044,64.47505029042561,1559.4517618815105,124.26112608303083
mlp_qmix__N16__ring__seed6,mlp_qmix,coord_grid,6,5976,149425,322.0,25,0.050000000000000044,33.2831016268049,1334.4482683454241,124.28335816599429
mlp_qmix__N16__ring__seed6,mlp_qmix,coord_grid,6,5977,149450,321.0,25,0.050000000000000044,25.26817798614502,1549.217997233073,124.30370479100384
mlp_qmix__N16__ring__seed6,mlp_qmix,coord_grid,6,5978,149475,330.0,25,0.050000000000000044,38.84971618652344,1550.908467610677,124.32567987503717
mlp_qmix__N16__ring__seed6,mlp_qmix,coord_grid,6,5979,149500,347.0,25,0.050000000000000044,61.380105336507164,1388.4212951660156,124.34578187501756
mlp_qmix__N16__ring__seed6,mlp_qmix,coord_grid,6,5980,149525,336.0,25,0.050000000000000044,17.594352177211217,1701.649135044643,124.36854875000427
mlp_qmix__N16__ring__seed6,mlp_qmix,coord_grid,6,5981,149550,326.0,25,0.050000000000000044,60.37225349744161,1278.0777282714844,124.38854887499474
mlp_qmix__N16__ring__seed6,mlp_qmix,coord_grid,6,5982,149575,344.0,25,0.050000000000000044,32.47151301304499,818.4060312906901,124.4085583750275
mlp_qmix__N16__ring__seed6,mlp_qmix,coord_grid,6,5983,149600,329.0,25,0.050000000000000044,28.447376708189648,1068.492167154948,124.42841654102085
mlp_qmix__N16__ring__seed6,mlp_qmix,coord_grid,6,5984,149625,338.0,25,0.050000000000000044,22.488531606537954,1427.3336312430245,124.45070395799121
mlp_qmix__N16__ring__seed6,mlp_qmix,coord_grid,6,5985,149650,333.0,25,0.050000000000000044,59.952767292658486,856.7731768290201,124.47044437500881
mlp_qmix__N16__ring__seed6,mlp_qmix,coord_grid,6,5986,149675,336.0,25,0.050000000000000044,43.533806562423706,1578.5415649414062,124.49028316600015
mlp_qmix__N16__ring__seed6,mlp_qmix,coord_grid,6,5987,149700,334.0,25,0.050000000000000044,24.63562862078349,1175.5588111877441,124.51013549999334
mlp_qmix__N16__ring__seed6,mlp_qmix,coord_grid,6,5988,149725,344.0,25,0.050000000000000044,55.53387342180525,988.3857334681919,124.53236237500096
mlp_qmix__N16__ring__seed6,mlp_qmix,coord_grid,6,5989,149750,323.0,25,0.050000000000000044,25.511552373568218,1740.4922485351562,124.55219424999086
mlp_qmix__N16__ring__seed6,mlp_qmix,coord_grid,6,5990,149775,330.0,25,0.050000000000000044,66.07848187287648,1411.4749247233074,124.57377437502146
mlp_qmix__N16__ring__seed6,mlp_qmix,coord_grid,6,5991,149800,327.0,25,0.050000000000000044,39.071659088134766,1393.8837661743164,124.59382416598964
mlp_qmix__N16__ring__seed6,mlp_qmix,coord_grid,6,5992,149825,335.0,25,0.050000000000000044,41.30997657775879,1621.164297921317,124.61655720800627
mlp_qmix__N16__ring__seed6,mlp_qmix,coord_grid,6,5993,149850,356.0,25,0.050000000000000044,35.901397387186684,1342.3451232910156,124.63647199998377
mlp_qmix__N16__ring__seed6,mlp_qmix,coord_grid,6,5994,149875,334.0,25,0.050000000000000044,51.9154847462972,1550.8832499186199,124.65653741598362
mlp_qmix__N16__ring__seed6,mlp_qmix,coord_grid,6,5995,149900,317.0,25,0.050000000000000044,70.99943828582764,1549.2119954427083,124.67648495803587
mlp_qmix__N16__ring__seed6,mlp_qmix,coord_grid,6,5996,149925,338.0,25,0.050000000000000044,33.85043934413365,1590.0999232700892,124.69949037500191
mlp_qmix__N16__ring__seed6,mlp_qmix,coord_grid,6,5997,149950,326.0,25,0.050000000000000044,33.77906354268392,1320.3784586588542,124.71924208302516
mlp_qmix__N16__ring__seed6,mlp_qmix,coord_grid,6,5998,149975,344.0,25,0.050000000000000044,60.32538890838623,1092.7615356445312,124.73897300002864
mlp_qmix__N16__ring__seed6,mlp_qmix,coord_grid,6,5999,150000,320.0,25,0.050000000000000044,32.68573133150736,900.1800638834635,124.75898300000699
