run_id,algo,env,seed,episode,env_step,return,episode_len,epsilon,loss,grad_norm,wallclock_s
dgn_qmix__N4__ring__seed3,dgn_qmix,coord_grid,3,0,25,2.0,25,0.99981,,,0.0035828750114887953
dgn_qmix__N4__ring__seed3,dgn_qmix,coord_grid,3,1,50,5.0,25,0.9996120833333333,,,0.005771959025878459
dgn_qmix__N4__ring__seed3,dgn_qmix,coord_grid,3,2,75,3.0,25,0.9994141666666667,,,0.007420334033668041
dgn_qmix__N4__ring__seed3,dgn_qmix,coord_grid,3,3,100,1.0,25,0.99921625,,,0.009129750018473715
dgn_qmix__N4__ring__seed3,dgn_qmix,coord_grid,3,4,125,3.0,25,0.9990183333333333,,,0.010830125014763325
dgn_qmix__N4__ring__seed3,dgn_qmix,coord_grid,3,5,150,5.0,25,0.9988204166666667,,,0.012440624996088445
dgn_qmix__N4__ring__seed3,dgn_qmix,coord_grid,3,6,175,2.0,25,0.9986225,,,0.014028000005055219
dgn_qmix__N4__ring__seed3,dgn_qmix,coord_grid,3,7,200,8.0,25,0.9984245833333333,,,0.015678209019824862
dgn_qmix__N4__ring__seed3,dgn_qmix,coord_grid,3,8,225,4.0,25,0.9982266666666667,0.10300184200916972,0.4857001176902226,0.055666209023911506
dgn_qmix__N4__ring__seed3,dgn_qmix,coord_grid,3,9,250,4.0,25,0.99802875,0.07771752836803596,0.2559535677234332,0.08880700002191588
dgn_qmix__N4__ring__seed3,dgn_qmix,coord_grid,3,10,275,1.0,25,0.9978308333333333,0.06930297488967578,0.28030020991961163,0.12351179198594764
dgn_qmix__N4__ring__seed3,dgn_qmix,coord_grid,3,11,300,2.0,25,0.9976329166666666,0.08069706087311108,0.24102106193701425,0.15807350003160536
dgn_qmix__N4__ring__seed3,dgn_qmix,coord_grid,3,12,325,5.0,25,0.997435,0.05221584119967052,0.24536957911082677,0.1980784999905154
dgn_qmix__N4__ring__seed3,dgn_qmix,coord_grid,3,13,350,5.0,25,0.9972370833333334,0.07379536951581638,0.21773417542378107,0.23246616701362655
dgn_qmix__N4__ring__seed3,dgn_qmix,coord_grid,3,14,375,3.0,25,0.9970391666666667,0.06065825947249929,0.2002215509613355,0.2666508340043947
dgn_qmix__N4__ring__seed3,dgn_qmix,coord_grid,3,15,400,4.0,25,0.99684125,0.06705977395176888,0.20420396824677786,0.3010313750128262
dgn_qmix__N4__ring__seed3,dgn_qmix,coord_grid,3,16,425,8.0,25,0.9966433333333333,0.08720984389739377,0.21629890480211802,0.33951229200465605
dgn_qmix__N4__ring__seed3,dgn_qmix,coord_grid,3,17,450,3.0,25,0.9964454166666666,0.0984500062962373,0.2765412578980128,0.3736278750002384
dgn_qmix__N4__ring__seed3,dgn_qmix,coord_grid,3,18,475,2.0,25,0.9962475,0.09501360480984052,0.2806287656227748,0.4077652500127442
dgn_qmix__N4__ring__seed3,dgn_qmix,coord_grid,3,19,500,5.0,25,0.9960495833333334,0.08972739304105441,0.2137065753340721,0.4424377499963157
dgn_qmix__N4__ring__seed3,dgn_qmix,coord_grid,3,20,525,11.0,25,0.9958516666666667,0.09821666670697075,0.2590236876692091,0.4818653340335004
dgn_qmix__N4__ring__seed3,dgn_qmix,coord_grid,3,21,550,2.0,25,0.99565375,0.10180407265822093,0.21060234804948172,0.5183486249879934
dgn_qmix__N4__ring__seed3,dgn_qmix,coord_grid,3,22,575,2.0,25,0.9954558333333333,0.08948658220469952,0.2546805217862129,0.5528458750341088
dgn_qmix__N4__ring__seed3,dgn_qmix,coord_grid,3,23,600,9.0,25,0.9952579166666666,0.06345178869863351,0.2052613745133082,0.586626292031724
dgn_qmix__N4__ring__seed3,dgn_qmix,coord_grid,3,24,625,3.0,25,0.9950600000000001,0.08373640051909856,0.2095397561788559,0.6257359590381384
dgn_qmix__N4__ring__seed3,dgn_qmix,coord_grid,3,25,650,3.0,25,0.9948620833333334,0.08830024022608995,0.2546539803345998,0.6599811250343919
dgn_qmix__N4__ring__seed3,dgn_qmix,coord_grid,3,26,675,6.0,25,0.9946641666666667,0.08174950815737247,0.2591483344634374,0.6941309589892626
dgn_qmix__N4__ring__seed3,dgn_qmix,coord_grid,3,27,700,1.0,25,0.99446625,0.08381945018966992,0.2706622953216235,0.728255000023637
dgn_qmix__N4__ring__seed3,dgn_qmix,coord_grid,3,28,725,7.0,25,0.9942683333333333,0.09126396157911845,0.22755051297800882,0.7689644169877283
dgn_qmix__N4__ring__seed3,dgn_qmix,coord_grid,3,29,750,6.0,25,0.9940704166666666,0.06982890019814174,0.1909802258014679,0.8032064590370283
dgn_qmix__N4__ring__seed3,dgn_qmix,coord_grid,3,30,775,3.0,25,0.9938725,0.09850853371123473,0.2690574824810028,0.8372932919883169
dgn_qmix__N4__ring__seed3,dgn_qmix,coord_grid,3,31,800,5.0,25,0.9936745833333334,0.07400984068711598,0.21143858383099237,0.8725447920151055
dgn_qmix__N4__ring__seed3,dgn_qmix,coord_grid,3,32,825,2.0,25,0.9934766666666667,0.09207889544112342,0.2440731610570635,0.9119027919950895
dgn_qmix__N4__ring__seed3,dgn_qmix,coord_grid,3,33,850,5.0,25,0.99327875,0.07597943147023518,0.30245983352263767,0.9457699169870466
dgn_qmix__N4__ring__seed3,dgn_qmix,coord_grid,3,34,875,6.0,25,0.9930808333333333,0.07078517600893974,0.2483866736292839,0.9801232920144685
dgn_qmix__N4__ring__seed3,dgn_qmix,coord_grid,3,35,900,4.0,25,0.9928829166666666,0.06585079431533813,0.20412770410378775,1.0140809169970453
dgn_qmix__N4__ring__seed3,dgn_qmix,coord_grid,3,36,925,5.0,25,0.992685,0.08819506743124553,0.25454903713294436,1.0539182919892482
dgn_qmix__N4__ring__seed3,dgn_qmix,coord_grid,3,37,950,1.0,25,0.9924870833333334,0.07214043103158474,0.21049592395623526,1.088079834007658
dgn_qmix__N4__ring__seed3,dgn_qmix,coord_grid,3,38,975,3.0,25,0.9922891666666667,0.08107237766186397,0.2845190664132436,1.12171658402076
dgn_qmix__N4__ring__seed3,dgn_qmix,coord_grid,3,39,1000,1.0,25,0.99209125,0.09864690899848938,0.23707382380962372,1.156629667035304
dgn_qmix__N4__ring__seed3,dgn_qmix,coord_grid,3,40,1025,5.0,25,0.9918933333333333,0.08769182967288154,0.44635888934135437,1.1969122919836082
dgn_qmix__N4__ring__seed3,dgn_qmix,coord_grid,3,41,1050,8.0,25,0.9916954166666667,0.07250224302212398,0.3193424592415492,1.2304074590210803
dgn_qmix__N4__ring__seed3,dgn_qmix,coord_grid,3,42,1075,7.0,25,0.9914975,0.07990482511619727,0.2752646207809448,1.26483358402038
dgn_qmix__N4__ring__seed3,dgn_qmix,coord_grid,3,43,1100,5.0,25,0.9912995833333333,0.10196984900782506,0.2435762050251166,1.2984232500311919
dgn_qmix__N4__ring__seed3,dgn_qmix,coord_grid,3,44,1125,6.0,25,0.9911016666666667,0.07201079119529043,0.275784256202834,1.3386865420034155
dgn_qmix__N4__ring__seed3,dgn_qmix,coord_grid,3,45,1150,1.0,25,0.99090375,0.08587410859763622,0.19646272559960684,1.373074125032872
dgn_qmix__N4__ring__seed3,dgn_qmix,coord_grid,3,46,1175,2.0,25,0.9907058333333333,0.08955481586356957,0.2331808085242907,1.4069798749987967
dgn_qmix__N4__ring__seed3,dgn_qmix,coord_grid,3,47,1200,2.0,25,0.9905079166666667,0.09144997286299865,0.22893155366182327,1.4417314170277677
dgn_qmix__N4__ring__seed3,dgn_qmix,coord_grid,3,48,1225,7.0,25,0.99031,0.08869361983878273,0.22921108773776463,1.4808856670279056
dgn_qmix__N4__ring__seed3,dgn_qmix,coord_grid,3,49,1250,1.0,25,0.9901120833333333,0.09412403404712677,0.2934486319621404,1.51528175000567
dgn_qmix__N4__ring__seed3,dgn_qmix,coord_grid,3,50,1275,2.0,25,0.9899141666666667,0.09016684566934903,0.24509841203689575,1.5494467089883983
dgn_qmix__N4__ring__seed3,dgn_qmix,coord_grid,3,51,1300,3.0,25,0.98971625,0.0729175644616286,0.25375594198703766,1.5837420839816332
dgn_qmix__N4__ring__seed3,dgn_qmix,coord_grid,3,52,1325,1.0,25,0.9895183333333334,0.08597546177250999,0.2528848137174334,1.62326804199256
dgn_qmix__N4__ring__seed3,dgn_qmix,coord_grid,3,53,1350,3.0,25,0.9893204166666667,0.09868026648958524,0.3307185620069504,1.6574230419937521
dgn_qmix__N4__ring__seed3,dgn_qmix,coord_grid,3,54,1375,5.0,25,0.9891225,0.07932355565329392,0.24978421131769815,1.6912968750111759
dgn_qmix__N4__ring__seed3,dgn_qmix,coord_grid,3,55,1400,5.0,25,0.9889245833333333,0.09184555398921172,0.21062321215867996,1.7251782499952242
dgn_qmix__N4__ring__seed3,dgn_qmix,coord_grid,3,56,1425,18.0,25,0.9887266666666666,0.08669736236333847,0.2368036402123315,1.76449341699481
dgn_qmix__N4__ring__seed3,dgn_qmix,coord_grid,3,57,1450,7.0,25,0.98852875,0.11196581274271011,0.2294655665755272,1.7987384999869391
dgn_qmix__N4__ring__seed3,dgn_qmix,coord_grid,3,58,1475,3.0,25,0.9883308333333334,0.06631239565710227,0.21631618092457452,1.833150917023886
dgn_qmix__N4__ring__seed3,dgn_qmix,coord_grid,3,59,1500,4.0,25,0.9881329166666667,0.0817272358884414,0.2265600934624672,1.8669055420323275
dgn_qmix__N4__ring__seed3,dgn_qmix,coord_grid,3,60,1525,9.0,25,0.987935,0.0882946290075779,0.2827827015093395,1.9064778750180267
dgn_qmix__N4__ring__seed3,dgn_qmix,coord_grid,3,61,1550,1.0,25,0.9877370833333333,0.0865323506295681,0.2093049039443334,1.9405412090127356
dgn_qmix__N4__ring__seed3,dgn_qmix,coord_grid,3,62,1575,6.0,25,0.9875391666666666,0.07531191439678271,0.25590089708566666,1.9747176250093617
dgn_qmix__N4__ring__seed3,dgn_qmix,coord_grid,3,63,1600,2.0,25,0.98734125,0.0645839236676693,0.21966740737358728,2.0083537090104073
dgn_qmix__N4__ring__seed3,dgn_qmix,coord_grid,3,64,1625,2.0,25,0.9871433333333334,0.0907168175492968,0.22515763981001718,2.0478185419924557
dgn_qmix__N4__ring__seed3,dgn_qmix,coord_grid,3,65,1650,2.0,25,0.9869454166666667,0.08929150924086571,0.2779240012168884,2.0814924589940347
dgn_qmix__N4__ring__seed3,dgn_qmix,coord_grid,3,66,1675,8.0,25,0.9867475,0.09454677564402421,0.24545067052046457,2.1144139590323903
dgn_qmix__N4__ring__seed3,dgn_qmix,coord_grid,3,67,1700,1.0,25,0.9865495833333333,0.09018327854573727,0.2519160583615303,2.1502889590337873
dgn_qmix__N4__ring__seed3,dgn_qmix,coord_grid,3,68,1725,5.0,25,0.9863516666666666,0.10815067269972392,0.27019784280232023,2.190706167020835
dgn_qmix__N4__ring__seed3,dgn_qmix,coord_grid,3,69,1750,6.0,25,0.98615375,0.08113676620026429,0.24715092281500498,2.2252062920015305
dgn_qmix__N4__ring__seed3,dgn_qmix,coord_grid,3,70,1775,2.0,25,0.9859558333333334,0.08405287439624469,0.22426241636276245,2.2596769590163603
dgn_qmix__N4__ring__seed3,dgn_qmix,coord_grid,3,71,1800,2.0,25,0.9857579166666667,0.08890501161416371,0.3186257978280385,2.294591667014174
dgn_qmix__N4__ring__seed3,dgn_qmix,coord_grid,3,72,1825,2.0,25,0.98556,0.0934233127960137,0.45504510615553173,2.3349342920118943
dgn_qmix__N4__ring__seed3,dgn_qmix,coord_grid,3,73,1850,3.0,25,0.9853620833333333,0.11054980506499608,0.36003129929304123,2.3699351249961182
dgn_qmix__N4__ring__seed3,dgn_qmix,coord_grid,3,74,1875,4.0,25,0.9851641666666666,0.09291127820809682,0.34558812777201336,2.404532708984334
dgn_qmix__N4__ring__seed3,dgn_qmix,coord_grid,3,75,1900,6.0,25,0.98496625,0.09830137342214584,0.2533581927418709,2.438426042033825
dgn_qmix__N4__ring__seed3,dgn_qmix,coord_grid,3,76,1925,8.0,25,0.9847683333333334,0.08031409020934786,0.21096347272396088,2.478726292029023
dgn_qmix__N4__ring__seed3,dgn_qmix,coord_grid,3,77,1950,6.0,25,0.9845704166666667,0.07188188905517261,0.2278357744216919,2.513753874984104
dgn_qmix__N4__ring__seed3,dgn_qmix,coord_grid,3,78,1975,2.0,25,0.9843725,0.07200130820274353,0.2299885352452596,2.549336292024236
dgn_qmix__N4__ring__seed3,dgn_qmix,coord_grid,3,79,2000,5.0,25,0.9841745833333333,0.08551876991987228,0.21781782557566962,2.583675083995331
dgn_qmix__N4__ring__seed3,dgn_qmix,coord_grid,3,80,2025,4.0,25,0.9839766666666667,0.09541186051709312,0.29504772807870594,2.6256363340071402
dgn_qmix__N4__ring__seed3,dgn_qmix,coord_grid,3,81,2050,5.0,25,0.98377875,0.10124003390471141,0.28982808192571,2.660741458996199
dgn_qmix__N4__ring__seed3,dgn_qmix,coord_grid,3,82,2075,2.0,25,0.9835808333333333,0.08643743644158046,0.2383939598997434,2.697244792012498
dgn_qmix__N4__ring__seed3,dgn_qmix,coord_grid,3,83,2100,5.0,25,0.9833829166666667,0.10478448619445165,0.21800551563501358,2.7319467500201426
dgn_qmix__N4__ring__seed3,dgn_qmix,coord_grid,3,84,2125,6.0,25,0.983185,0.07605047204664775,0.2528372343097414,2.772672083985526
dgn_qmix__N4__ring__seed3,dgn_qmix,coord_grid,3,85,2150,5.0,25,0.9829870833333333,0.10314816484848659,0.22603227198123932,2.807048999995459
dgn_qmix__N4__ring__seed3,dgn_qmix,coord_grid,3,86,2175,3.0,25,0.9827891666666667,0.09180144965648651,0.22239373375972113,2.8408923340030015
dgn_qmix__N4__ring__seed3,dgn_qmix,coord_grid,3,87,2200,3.0,25,0.98259125,0.08316788698236148,0.24560427914063135,2.875288334034849
dgn_qmix__N4__ring__seed3,dgn_qmix,coord_grid,3,88,2225,0.0,25,0.9823933333333333,0.06138106329100473,0.2013938171522958,2.915937917015981
dgn_qmix__N4__ring__seed3,dgn_qmix,coord_grid,3,89,2250,2.0,25,0.9821954166666667,0.12485961740215619,0.37615826974312466,2.949693709029816
dgn_qmix__N4__ring__seed3,dgn_qmix,coord_grid,3,90,2275,5.0,25,0.9819975,0.09160176167885463,0.2743556921680768,2.9842692500096746
dgn_qmix__N4__ring__seed3,dgn_qmix,coord_grid,3,91,2300,7.0,25,0.9817995833333333,0.09671065832177798,0.26506325354178745,3.019375999982003
dgn_qmix__N4__ring__seed3,dgn_qmix,coord_grid,3,92,2325,2.0,25,0.9816016666666667,0.09858593344688416,0.24734152214867727,3.059046624985058
dgn_qmix__N4__ring__seed3,dgn_qmix,coord_grid,3,93,2350,5.0,25,0.98140375,0.09912461725374062,0.2756989002227783,3.0938251669867896
dgn_qmix__N4__ring__seed3,dgn_qmix,coord_grid,3,94,2375,0.0,25,0.9812058333333333,0.09577418677508831,0.2034157415231069,3.1296731249894947
dgn_qmix__N4__ring__seed3,dgn_qmix,coord_grid,3,95,2400,13.0,25,0.9810079166666666,0.09058783141275246,0.2361458664139112,3.165331750002224
dgn_qmix__N4__ring__seed3,dgn_qmix,coord_grid,3,96,2425,1.0,25,0.98081,0.08720010465809278,0.20327999549252646,3.205696958990302
dgn_qmix__N4__ring__seed3,dgn_qmix,coord_grid,3,97,2450,1.0,25,0.9806120833333334,0.0854201652109623,0.21935911600788435,3.239850124984514
dgn_qmix__N4__ring__seed3,dgn_qmix,coord_grid,3,98,2475,1.0,25,0.9804141666666667,0.09277524799108505,0.21040099983414015,3.2739225840196013
dgn_qmix__N4__ring__seed3,dgn_qmix,coord_grid,3,99,2500,2.0,25,0.98021625,0.10106941188375156,0.2857438648740451,3.3086512919981033
dgn_qmix__N4__ring__seed3,dgn_qmix,coord_grid,3,100,2525,6.0,25,0.9800183333333333,0.07958839886954852,0.22925630850451334,3.3489385420107283
dgn_qmix__N4__ring__seed3,dgn_qmix,coord_grid,3,101,2550,11.0,25,0.9798204166666666,0.09669721374909084,0.2934350073337555,3.3841533749946393
dgn_qmix__N4__ring__seed3,dgn_qmix,coord_grid,3,102,2575,4.0,25,0.9796225,0.08692157889405887,0.27270253002643585,3.419392667012289
dgn_qmix__N4__ring__seed3,dgn_qmix,coord_grid,3,103,2600,1.0,25,0.9794245833333334,0.08617853869994481,0.22696642577648163,3.4535905420198105
dgn_qmix__N4__ring__seed3,dgn_qmix,coord_grid,3,104,2625,2.0,25,0.9792266666666667,0.10103975449289594,0.4471536747046879,3.4942312500206754
dgn_qmix__N4__ring__seed3,dgn_qmix,coord_grid,3,105,2650,5.0,25,0.97902875,0.12093974153200786,0.379768172899882,3.528655375004746
dgn_qmix__N4__ring__seed3,dgn_qmix,coord_grid,3,106,2675,9.0,25,0.9788308333333333,0.11864525948961575,0.363246314227581,3.564082959026564
dgn_qmix__N4__ring__seed3,dgn_qmix,coord_grid,3,107,2700,4.0,25,0.9786329166666666,0.09360214695334435,0.39163368692000705,3.5994799170293845
dgn_qmix__N4__ring__seed3,dgn_qmix,coord_grid,3,108,2725,5.0,25,0.9784349999999999,0.0995367339679173,0.24195881613663264,3.639427334011998
dgn_qmix__N4__ring__seed3,dgn_qmix,coord_grid,3,109,2750,2.0,25,0.9782370833333334,0.10430533066391945,0.30138080567121506,3.6742606250336394
dgn_qmix__N4__ring__seed3,dgn_qmix,coord_grid,3,110,2775,7.0,25,0.9780391666666667,0.10904495293895404,0.2847050701578458,3.708677834016271
dgn_qmix__N4__ring__seed3,dgn_qmix,coord_grid,3,111,2800,7.0,25,0.97784125,0.06895314281185468,0.30490843082467717,3.7438214999856427
dgn_qmix__N4__ring__seed3,dgn_qmix,coord_grid,3,112,2825,5.0,25,0.9776433333333333,0.09078362371240344,0.211653043116842,3.7840084999916144
dgn_qmix__N4__ring__seed3,dgn_qmix,coord_grid,3,113,2850,2.0,25,0.9774454166666666,0.08818576236565907,0.22875853379567465,3.820043249987066
dgn_qmix__N4__ring__seed3,dgn_qmix,coord_grid,3,114,2875,1.0,25,0.9772475,0.07447407705088456,0.18756852050622305,3.856029291986488
dgn_qmix__N4__ring__seed3,dgn_qmix,coord_grid,3,115,2900,3.0,25,0.9770495833333334,0.09791823786993821,0.26437898849447566,3.8936409589950927
dgn_qmix__N4__ring__seed3,dgn_qmix,coord_grid,3,116,2925,3.0,25,0.9768516666666667,0.07738219999841281,0.22936861217021942,3.93465637502959
dgn_qmix__N4__ring__seed3,dgn_qmix,coord_grid,3,117,2950,7.0,25,0.97665375,0.07945778282980125,0.22971885899702707,3.969134250015486
dgn_qmix__N4__ring__seed3,dgn_qmix,coord_grid,3,118,2975,6.0,25,0.9764558333333333,0.09772123458484809,0.2951461374759674,4.004452041990589
dgn_qmix__N4__ring__seed3,dgn_qmix,coord_grid,3,119,3000,6.0,25,0.9762579166666667,0.0750958975404501,0.28854988018671673,4.0392074169940315
dgn_qmix__N4__ring__seed3,dgn_qmix,coord_grid,3,120,3025,3.0,25,0.97606,0.09455944810594831,0.2431954847914832,4.080215791997034
dgn_qmix__N4__ring__seed3,dgn_qmix,coord_grid,3,121,3050,5.0,25,0.9758620833333334,0.09471866860985756,0.2644152243932088,4.115696166991256
dgn_qmix__N4__ring__seed3,dgn_qmix,coord_grid,3,122,3075,0.0,25,0.9756641666666667,0.10576658075054486,0.27350067098935443,4.150594250007998
dgn_qmix__N4__ring__seed3,dgn_qmix,coord_grid,3,123,3100,2.0,25,0.97546625,0.07699042993287246,0.22539001454909643,4.1852534590289
dgn_qmix__N4__ring__seed3,dgn_qmix,coord_grid,3,124,3125,6.0,25,0.9752683333333333,0.0935373284987041,0.3006803946835654,4.226414459000807
dgn_qmix__N4__ring__seed3,dgn_qmix,coord_grid,3,125,3150,5.0,25,0.9750704166666667,0.08144837245345116,0.23981106281280518,4.26098333398113
dgn_qmix__N4__ring__seed3,dgn_qmix,coord_grid,3,126,3175,2.0,25,0.9748725,0.09170613313714664,0.2271465634306272,4.29535491700517
dgn_qmix__N4__ring__seed3,dgn_qmix,coord_grid,3,127,3200,1.0,25,0.9746745833333333,0.08239146135747433,0.19747913628816605,4.330487042025197
dgn_qmix__N4__ring__seed3,dgn_qmix,coord_grid,3,128,3225,6.0,25,0.9744766666666667,0.09437884150871209,0.32950447712625774,4.371805959031917
dgn_qmix__N4__ring__seed3,dgn_qmix,coord_grid,3,129,3250,5.0,25,0.97427875,0.09902627269426982,0.3063884700338046,4.4067312920233235
dgn_qmix__N4__ring__seed3,dgn_qmix,coord_grid,3,130,3275,7.0,25,0.9740808333333333,0.10126633197069168,0.292212409277757,4.440922084031627
dgn_qmix__N4__ring__seed3,dgn_qmix,coord_grid,3,131,3300,3.0,25,0.9738829166666667,0.09862691164016724,0.30247566600640613,4.4775953750358894
dgn_qmix__N4__ring__seed3,dgn_qmix,coord_grid,3,132,3325,6.0,25,0.973685,0.07539091312459537,0.26564921438694,4.519893458986189
dgn_qmix__N4__ring__seed3,dgn_qmix,coord_grid,3,133,3350,7.0,25,0.9734870833333333,0.09442643076181412,0.2790933425227801,4.555847959010862
dgn_qmix__N4__ring__seed3,dgn_qmix,coord_grid,3,134,3375,6.0,25,0.9732891666666666,0.07780745066702366,0.1902445356051127,4.591617250000127
dgn_qmix__N4__ring__seed3,dgn_qmix,coord_grid,3,135,3400,6.0,25,0.97309125,0.12423300370573997,0.2955220118165016,4.625660667021293
dgn_qmix__N4__ring__seed3,dgn_qmix,coord_grid,3,136,3425,2.0,25,0.9728933333333334,0.09279790946415492,0.43171118199825287,4.666317709023133
dgn_qmix__N4__ring__seed3,dgn_qmix,coord_grid,3,137,3450,3.0,25,0.9726954166666667,0.10751248647769292,0.22782627493143082,4.701201250019949
dgn_qmix__N4__ring__seed3,dgn_qmix,coord_grid,3,138,3475,3.0,25,0.9724975,0.0927060420314471,0.37721602618694305,4.735169916995801
dgn_qmix__N4__ring__seed3,dgn_qmix,coord_grid,3,139,3500,0.0,25,0.9722995833333333,0.11300279945135117,0.39759202549854916,4.770674584025983
dgn_qmix__N4__ring__seed3,dgn_qmix,coord_grid,3,140,3525,8.0,25,0.9721016666666666,0.09364265097039086,0.25385267606803347,4.810957709036302
dgn_qmix__N4__ring__seed3,dgn_qmix,coord_grid,3,141,3550,4.0,25,0.97190375,0.08339642236630122,0.22348332405090332,4.845961000013631
dgn_qmix__N4__ring__seed3,dgn_qmix,coord_grid,3,142,3575,7.0,25,0.9717058333333334,0.08330068240563075,0.2458825707435608,4.881185292033479
dgn_qmix__N4__ring__seed3,dgn_qmix,coord_grid,3,143,3600,4.0,25,0.9715079166666667,0.08678817624847095,0.2564994767308235,4.916880000033416
dgn_qmix__N4__ring__seed3,dgn_qmix,coord_grid,3,144,3625,1.0,25,0.97131,0.11283202256475176,0.3511816880532673,4.956280334037729
dgn_qmix__N4__ring__seed3,dgn_qmix,coord_grid,3,145,3650,6.0,25,0.9711120833333333,0.0816881600767374,0.361460343003273,4.99350541702006
dgn_qmix__N4__ring__seed3,dgn_qmix,coord_grid,3,146,3675,11.0,25,0.9709141666666666,0.11433879844844341,0.3154701068997383,5.029445709020365
dgn_qmix__N4__ring__seed3,dgn_qmix,coord_grid,3,147,3700,5.0,25,0.97071625,0.1228507049381733,0.2893821696440379,5.065077667008154
dgn_qmix__N4__ring__seed3,dgn_qmix,coord_grid,3,148,3725,3.0,25,0.9705183333333334,0.10135514395577568,0.2411476011787142,5.105136084021069
dgn_qmix__N4__ring__seed3,dgn_qmix,coord_grid,3,149,3750,3.0,25,0.9703204166666667,0.10719773732125759,0.3195939436554909,5.141055708983913
dgn_qmix__N4__ring__seed3,dgn_qmix,coord_grid,3,150,3775,4.0,25,0.9701225,0.09721742446223895,0.309390053153038,5.176346042018849
dgn_qmix__N4__ring__seed3,dgn_qmix,coord_grid,3,151,3800,2.0,25,0.9699245833333333,0.06470668533196051,0.29109341154495877,5.210324042011052
dgn_qmix__N4__ring__seed3,dgn_qmix,coord_grid,3,152,3825,4.0,25,0.9697266666666666,0.10598529768841607,0.3172890373638698,5.2494682089891285
dgn_qmix__N4__ring__seed3,dgn_qmix,coord_grid,3,153,3850,5.0,25,0.96952875,0.09677435706059138,0.301800678173701,5.28360970900394
dgn_qmix__N4__ring__seed3,dgn_qmix,coord_grid,3,154,3875,2.0,25,0.9693308333333334,0.07727425607542197,0.29982280482848483,5.317236667033285
dgn_qmix__N4__ring__seed3,dgn_qmix,coord_grid,3,155,3900,1.0,25,0.9691329166666667,0.0946524403989315,0.27215150992075604,5.351871458988171
dgn_qmix__N4__ring__seed3,dgn_qmix,coord_grid,3,156,3925,4.0,25,0.968935,0.08897691326481956,0.2768464471612658,5.392446417012252
dgn_qmix__N4__ring__seed3,dgn_qmix,coord_grid,3,157,3950,1.0,25,0.9687370833333333,0.08547527963916461,0.19886492813626924,5.426947542000562
dgn_qmix__N4__ring__seed3,dgn_qmix,coord_grid,3,158,3975,6.0,25,0.9685391666666666,0.09385689720511436,0.28904467696944874,5.462219999986701
dgn_qmix__N4__ring__seed3,dgn_qmix,coord_grid,3,159,4000,1.0,25,0.96834125,0.10778171941637993,0.31915927678346634,5.498700792028103
dgn_qmix__N4__ring__seed3,dgn_qmix,coord_grid,3,160,4025,2.0,25,0.9681433333333334,0.09376266439046178,0.25477828085422516,5.539583459030837
dgn_qmix__N4__ring__seed3,dgn_qmix,coord_grid,3,161,4050,3.0,25,0.9679454166666667,0.10046530328691006,0.26963550597429276,5.575030334002804
dgn_qmix__N4__ring__seed3,dgn_qmix,coord_grid,3,162,4075,3.0,25,0.9677475,0.06420867890119553,0.25081657121578854,5.610252459009644
dgn_qmix__N4__ring__seed3,dgn_qmix,coord_grid,3,163,4100,1.0,25,0.9675495833333333,0.07980142223338287,0.22417306651671728,5.646753459004685
dgn_qmix__N4__ring__seed3,dgn_qmix,coord_grid,3,164,4125,5.0,25,0.9673516666666667,0.07963160159332412,0.2367155041013445,5.689100000017788
dgn_qmix__N4__ring__seed3,dgn_qmix,coord_grid,3,165,4150,10.0,25,0.96715375,0.0976793859153986,0.30380843579769135,5.7239037090330385
dgn_qmix__N4__ring__seed3,dgn_qmix,coord_grid,3,166,4175,2.0,25,0.9669558333333333,0.08918066136538982,0.21874396006266275,5.759641291981097
dgn_qmix__N4__ring__seed3,dgn_qmix,coord_grid,3,167,4200,5.0,25,0.9667579166666667,0.0799997051556905,0.30398959418137866,5.794996791984886
dgn_qmix__N4__ring__seed3,dgn_qmix,coord_grid,3,168,4225,0.0,25,0.96656,0.12803915834852628,0.4705649358885629,5.835872584022582
dgn_qmix__N4__ring__seed3,dgn_qmix,coord_grid,3,169,4250,3.0,25,0.9663620833333333,0.11597265303134918,0.4346206734577815,5.8701915420242585
dgn_qmix__N4__ring__seed3,dgn_qmix,coord_grid,3,170,4275,5.0,25,0.9661641666666667,0.08670654272039731,0.3566368743777275,5.905419834016357
dgn_qmix__N4__ring__seed3,dgn_qmix,coord_grid,3,171,4300,1.0,25,0.96596625,0.10218264907598495,0.33244265615940094,5.94126812502509
dgn_qmix__N4__ring__seed3,dgn_qmix,coord_grid,3,172,4325,3.0,25,0.9657683333333333,0.06861520172762019,0.2438637763261795,5.982154667028226
dgn_qmix__N4__ring__seed3,dgn_qmix,coord_grid,3,173,4350,6.0,25,0.9655704166666667,0.0961960709343354,0.25765753785769147,6.015979541989509
dgn_qmix__N4__ring__seed3,dgn_qmix,coord_grid,3,174,4375,3.0,25,0.9653725,0.10034983232617378,0.26132053633530933,6.05116045899922
dgn_qmix__N4__ring__seed3,dgn_qmix,coord_grid,3,175,4400,4.0,25,0.9651745833333334,0.07164270865420501,0.2552115221818288,6.0880748750059865
dgn_qmix__N4__ring__seed3,dgn_qmix,coord_grid,3,176,4425,5.0,25,0.9649766666666667,0.07368315383791924,0.2704014309814998,6.128492749994621
dgn_qmix__N4__ring__seed3,dgn_qmix,coord_grid,3,177,4450,6.0,25,0.96477875,0.10890055199464162,0.3059074680010478,6.163663709012326
dgn_qmix__N4__ring__seed3,dgn_qmix,coord_grid,3,178,4475,4.0,25,0.9645808333333333,0.09441377595067024,0.23927491158246994,6.19878683402203
dgn_qmix__N4__ring__seed3,dgn_qmix,coord_grid,3,179,4500,1.0,25,0.9643829166666666,0.11648220817248027,0.29973745346069336,6.235282834037207
dgn_qmix__N4__ring__seed3,dgn_qmix,coord_grid,3,180,4525,5.0,25,0.964185,0.10568807061229434,0.29297358436243875,6.2742440000292845
dgn_qmix__N4__ring__seed3,dgn_qmix,coord_grid,3,181,4550,0.0,25,0.9639870833333334,0.08042432305713494,0.3814959054191907,6.3102463749819435
dgn_qmix__N4__ring__seed3,dgn_qmix,coord_grid,3,182,4575,2.0,25,0.9637891666666667,0.11663484573364258,0.3945860341191292,6.3445392090361565
dgn_qmix__N4__ring__seed3,dgn_qmix,coord_grid,3,183,4600,0.0,25,0.96359125,0.12016203378637631,0.3700555016597112,6.3793419590219855
dgn_qmix__N4__ring__seed3,dgn_qmix,coord_grid,3,184,4625,9.0,25,0.9633933333333333,0.11169064470699855,0.2892544035400663,6.420064750011079
dgn_qmix__N4__ring__seed3,dgn_qmix,coord_grid,3,185,4650,7.0,25,0.9631954166666666,0.09731816376248996,0.3948529362678528,6.4551354169962
dgn_qmix__N4__ring__seed3,dgn_qmix,coord_grid,3,186,4675,3.0,25,0.9629975,0.10122452179590861,0.2306652838985125,6.4894135420327075
dgn_qmix__N4__ring__seed3,dgn_qmix,coord_grid,3,187,4700,2.0,25,0.9627995833333334,0.10728344321250916,0.3374794175227483,6.5255017500021495
dgn_qmix__N4__ring__seed3,dgn_qmix,coord_grid,3,188,4725,6.0,25,0.9626016666666667,0.09068461720432554,0.2576380435909544,6.5663056669873185
dgn_qmix__N4__ring__seed3,dgn_qmix,coord_grid,3,189,4750,3.0,25,0.96240375,0.10338302391270797,0.3659186512231827,6.602259042032529
dgn_qmix__N4__ring__seed3,dgn_qmix,coord_grid,3,190,4775,4.0,25,0.9622058333333333,0.0917704248179992,0.29014482100804645,6.637670708994847
dgn_qmix__N4__ring__seed3,dgn_qmix,coord_grid,3,191,4800,4.0,25,0.9620079166666666,0.1077827624976635,0.39453940093517303,6.672058709023986
dgn_qmix__N4__ring__seed3,dgn_qmix,coord_grid,3,192,4825,10.0,25,0.96181,0.10163974815181323,0.38347447769982473,6.713014875014778
dgn_qmix__N4__ring__seed3,dgn_qmix,coord_grid,3,193,4850,5.0,25,0.9616120833333334,0.10406170288721721,0.2946205014983813,6.748306584020611
dgn_qmix__N4__ring__seed3,dgn_qmix,coord_grid,3,194,4875,6.0,25,0.9614141666666667,0.08004078641533852,0.22884979844093323,6.783405166992452
dgn_qmix__N4__ring__seed3,dgn_qmix,coord_grid,3,195,4900,2.0,25,0.96121625,0.0886502085874478,0.24241014818350473,6.818926209001802
dgn_qmix__N4__ring__seed3,dgn_qmix,coord_grid,3,196,4925,5.0,25,0.9610183333333333,0.10035584654126849,0.24287577612059458,6.859870999993291
dgn_qmix__N4__ring__seed3,dgn_qmix,coord_grid,3,197,4950,5.0,25,0.9608204166666666,0.08378389663994312,0.29624523719151813,6.895752916985657
dgn_qmix__N4__ring__seed3,dgn_qmix,coord_grid,3,198,4975,3.0,25,0.9606225,0.09995947405695915,0.24228616058826447,6.931602334021591
dgn_qmix__N4__ring__seed3,dgn_qmix,coord_grid,3,199,5000,3.0,25,0.9604245833333334,0.12241408228874207,0.44111498445272446,6.969070042017847
dgn_qmix__N4__ring__seed3,dgn_qmix,coord_grid,3,200,5025,2.0,25,0.9602266666666667,0.08169608909104552,0.45264457379068646,7.010296249995008
dgn_qmix__N4__ring__seed3,dgn_qmix,coord_grid,3,201,5050,3.0,25,0.96002875,0.09295307658612728,0.4557464097936948,7.044648542010691
dgn_qmix__N4__ring__seed3,dgn_qmix,coord_grid,3,202,5075,2.0,25,0.9598308333333333,0.11441813533504804,0.2745027889808019,7.079221667023376
dgn_qmix__N4__ring__seed3,dgn_qmix,coord_grid,3,203,5100,6.0,25,0.9596329166666666,0.12032849465807278,0.4671512072285016,7.115514874982182
dgn_qmix__N4__ring__seed3,dgn_qmix,coord_grid,3,204,5125,5.0,25,0.959435,0.10951181181839534,0.3474000096321106,7.157568124996033
dgn_qmix__N4__ring__seed3,dgn_qmix,coord_grid,3,205,5150,6.0,25,0.9592370833333334,0.09583518654108047,0.44580340137084323,7.1968316250131465
dgn_qmix__N4__ring__seed3,dgn_qmix,coord_grid,3,206,5175,4.0,25,0.9590391666666667,0.09443218323091666,0.4429258008797963,7.2323515840107575
dgn_qmix__N4__ring__seed3,dgn_qmix,coord_grid,3,207,5200,2.0,25,0.95884125,0.09198016797502835,0.2740717828273773,7.2687644170364365
dgn_qmix__N4__ring__seed3,dgn_qmix,coord_grid,3,208,5225,3.0,25,0.9586433333333333,0.10370194007243429,0.3222096030201231,7.310170167009346
dgn_qmix__N4__ring__seed3,dgn_qmix,coord_grid,3,209,5250,2.0,25,0.9584454166666667,0.1036213996509711,0.376019224524498,7.345367834030185
dgn_qmix__N4__ring__seed3,dgn_qmix,coord_grid,3,210,5275,2.0,25,0.9582475,0.12774991119901338,0.2952115560571353,7.381814167019911
dgn_qmix__N4__ring__seed3,dgn_qmix,coord_grid,3,211,5300,6.0,25,0.9580495833333333,0.10847039644916852,0.34414198497931164,7.416164625028614
dgn_qmix__N4__ring__seed3,dgn_qmix,coord_grid,3,212,5325,6.0,25,0.9578516666666667,0.10883340345961708,0.330906731741769,7.458368416992016
dgn_qmix__N4__ring__seed3,dgn_qmix,coord_grid,3,213,5350,6.0,25,0.95765375,0.08719692565500736,0.27540455013513565,7.494998375012074
dgn_qmix__N4__ring__seed3,dgn_qmix,coord_grid,3,214,5375,2.0,25,0.9574558333333333,0.09322257588307063,0.2676648845275243,7.530025916988961
dgn_qmix__N4__ring__seed3,dgn_qmix,coord_grid,3,215,5400,3.0,25,0.9572579166666667,0.09960506049295266,0.29875484357277554,7.564988291996997
dgn_qmix__N4__ring__seed3,dgn_qmix,coord_grid,3,216,5425,0.0,25,0.95706,0.11019171987261091,0.28468502845082966,7.605642459006049
dgn_qmix__N4__ring__seed3,dgn_qmix,coord_grid,3,217,5450,4.0,25,0.9568620833333333,0.13335298374295235,0.39823634177446365,7.641066792013589
dgn_qmix__N4__ring__seed3,dgn_qmix,coord_grid,3,218,5475,2.0,25,0.9566641666666666,0.1161465843518575,0.3019639203945796,7.677724959037732
dgn_qmix__N4__ring__seed3,dgn_qmix,coord_grid,3,219,5500,5.0,25,0.95646625,0.09493049730857213,0.32604625076055527,7.71203004202107
dgn_qmix__N4__ring__seed3,dgn_qmix,coord_grid,3,220,5525,3.0,25,0.9562683333333333,0.08739905245602131,0.3243593456489699,7.751982584013604
dgn_qmix__N4__ring__seed3,dgn_qmix,coord_grid,3,221,5550,2.0,25,0.9560704166666667,0.10004820177952449,0.31180573254823685,7.788595042016823
dgn_qmix__N4__ring__seed3,dgn_qmix,coord_grid,3,222,5575,6.0,25,0.9558725,0.13585959499080977,0.33419831097126007,7.823967874981463
dgn_qmix__N4__ring__seed3,dgn_qmix,coord_grid,3,223,5600,3.0,25,0.9556745833333333,0.11999751999974251,0.4574519495169322,7.859569041989744
dgn_qmix__N4__ring__seed3,dgn_qmix,coord_grid,3,224,5625,5.0,25,0.9554766666666666,0.09504341334104538,0.23623800490583693,7.900734625000041
dgn_qmix__N4__ring__seed3,dgn_qmix,coord_grid,3,225,5650,1.0,25,0.95527875,0.13234051937858263,0.31693410873413086,7.935575584007893
dgn_qmix__N4__ring__seed3,dgn_qmix,coord_grid,3,226,5675,3.0,25,0.9550808333333334,0.08591627329587936,0.3664876048763593,7.970318709034473
dgn_qmix__N4__ring__seed3,dgn_qmix,coord_grid,3,227,5700,6.0,25,0.9548829166666667,0.12059059987465541,0.33064889411131543,8.005033584020566
dgn_qmix__N4__ring__seed3,dgn_qmix,coord_grid,3,228,5725,3.0,25,0.954685,0.10074698179960251,0.3156485302107675,8.046044041984715
dgn_qmix__N4__ring__seed3,dgn_qmix,coord_grid,3,229,5750,9.0,25,0.9544870833333333,0.1101245532433192,0.389308196802934,8.08163545903517
dgn_qmix__N4__ring__seed3,dgn_qmix,coord_grid,3,230,5775,2.0,25,0.9542891666666666,0.0937269056836764,0.2500450387597084,8.117147249984555
dgn_qmix__N4__ring__seed3,dgn_qmix,coord_grid,3,231,5800,2.0,25,0.9540912500000001,0.10453944094479084,0.3876330430308978,8.154903833987191
dgn_qmix__N4__ring__seed3,dgn_qmix,coord_grid,3,232,5825,7.0,25,0.9538933333333334,0.13228881039789744,0.564543638910566,8.196453709038906
dgn_qmix__N4__ring__seed3,dgn_qmix,coord_grid,3,233,5850,8.0,25,0.9536954166666667,0.1258766452471415,0.5097460945447286,8.232898959016893
dgn_qmix__N4__ring__seed3,dgn_qmix,coord_grid,3,234,5875,3.0,25,0.9534975,0.11661492784818013,0.39016279329856235,8.2682340000174
dgn_qmix__N4__ring__seed3,dgn_qmix,coord_grid,3,235,5900,2.0,25,0.9532995833333333,0.11013650521636009,0.326405867934227,8.304898750036955
dgn_qmix__N4__ring__seed3,dgn_qmix,coord_grid,3,236,5925,2.0,25,0.9531016666666666,0.12166280512298856,0.388091504573822,8.345649917027913
dgn_qmix__N4__ring__seed3,dgn_qmix,coord_grid,3,237,5950,3.0,25,0.95290375,0.11972178022066753,0.3099318817257881,8.380263000028208
dgn_qmix__N4__ring__seed3,dgn_qmix,coord_grid,3,238,5975,2.0,25,0.9527058333333334,0.10729136317968369,0.3928360442320506,8.41609191702446
dgn_qmix__N4__ring__seed3,dgn_qmix,coord_grid,3,239,6000,2.0,25,0.9525079166666667,0.11698442200819652,0.4454503307739894,8.452465749986004
dgn_qmix__N4__ring__seed3,dgn_qmix,coord_grid,3,240,6025,7.0,25,0.95231,0.12845082793916976,0.41998874715396334,8.494733917003032
dgn_qmix__N4__ring__seed3,dgn_qmix,coord_grid,3,241,6050,2.0,25,0.9521120833333333,0.12182883297403653,0.403865081568559,8.53065070899902
dgn_qmix__N4__ring__seed3,dgn_qmix,coord_grid,3,242,6075,4.0,25,0.9519141666666666,0.10864618793129921,0.31162868688503903,8.566400791984051
dgn_qmix__N4__ring__seed3,dgn_qmix,coord_grid,3,243,6100,3.0,25,0.95171625,0.11639366174737613,0.43136701981226605,8.601821375021245
dgn_qmix__N4__ring__seed3,dgn_qmix,coord_grid,3,244,6125,5.0,25,0.9515183333333334,0.10410412986363683,0.46058460644313265,8.64233633398544
dgn_qmix__N4__ring__seed3,dgn_qmix,coord_grid,3,245,6150,7.0,25,0.9513204166666667,0.10978593615194161,0.22031352172295252,8.679813208989799
dgn_qmix__N4__ring__seed3,dgn_qmix,coord_grid,3,246,6175,5.0,25,0.9511225,0.11359314620494843,0.28204279144605,8.7169576670276
dgn_qmix__N4__ring__seed3,dgn_qmix,coord_grid,3,247,6200,2.0,25,0.9509245833333333,0.12420481815934181,0.3582191715637843,8.75369275000412
dgn_qmix__N4__ring__seed3,dgn_qmix,coord_grid,3,248,6225,2.0,25,0.9507266666666667,0.10302651034934181,0.33728436274187906,8.794595209008548
dgn_qmix__N4__ring__seed3,dgn_qmix,coord_grid,3,249,6250,1.0,25,0.95052875,0.10725232337911923,0.36797965069611865,8.830991625029128
dgn_qmix__N4__ring__seed3,dgn_qmix,coord_grid,3,250,6275,6.0,25,0.9503308333333333,0.10107418522238731,0.3707335740327835,8.868933458987158
dgn_qmix__N4__ring__seed3,dgn_qmix,coord_grid,3,251,6300,6.0,25,0.9501329166666667,0.11614210282762845,0.36242715020974475,8.908216541982256
dgn_qmix__N4__ring__seed3,dgn_qmix,coord_grid,3,252,6325,3.0,25,0.949935,0.12078875941889626,0.3396051696368626,8.949068041983992
dgn_qmix__N4__ring__seed3,dgn_qmix,coord_grid,3,253,6350,3.0,25,0.9497370833333333,0.09996034825841586,0.40056415398915607,8.985203250020277
dgn_qmix__N4__ring__seed3,dgn_qmix,coord_grid,3,254,6375,10.0,25,0.9495391666666667,0.12757143254081407,0.2828570952018102,9.020829333981965
dgn_qmix__N4__ring__seed3,dgn_qmix,coord_grid,3,255,6400,3.0,25,0.94934125,0.14449832340081534,0.48771316309769946,9.057588041992858
dgn_qmix__N4__ring__seed3,dgn_qmix,coord_grid,3,256,6425,9.0,25,0.9491433333333333,0.11675891120518957,0.2958012159381594,9.099764209007844
dgn_qmix__N4__ring__seed3,dgn_qmix,coord_grid,3,257,6450,17.0,25,0.9489454166666667,0.13646240284045538,0.4537971764802933,9.135607500036713
dgn_qmix__N4__ring__seed3,dgn_qmix,coord_grid,3,258,6475,4.0,25,0.9487475,0.09460591711103916,0.33945412933826447,9.170991541992407
dgn_qmix__N4__ring__seed3,dgn_qmix,coord_grid,3,259,6500,6.0,25,0.9485495833333333,0.10409342870116234,0.41149688760439557,9.20870116702281
dgn_qmix__N4__ring__seed3,dgn_qmix,coord_grid,3,260,6525,5.0,25,0.9483516666666667,0.11214494864855494,0.3435610277312143,9.250213792023715
dgn_qmix__N4__ring__seed3,dgn_qmix,coord_grid,3,261,6550,8.0,25,0.94815375,0.1340825818479061,0.301646629969279,9.286341709026601
dgn_qmix__N4__ring__seed3,dgn_qmix,coord_grid,3,262,6575,1.0,25,0.9479558333333333,0.104194941620032,0.3218898798028628,9.324081292026676
dgn_qmix__N4__ring__seed3,dgn_qmix,coord_grid,3,263,6600,5.0,25,0.9477579166666666,0.11494511117537816,0.32317965974410373,9.361915500019677
dgn_qmix__N4__ring__seed3,dgn_qmix,coord_grid,3,264,6625,6.0,25,0.94756,0.12741180881857872,0.5632517848696027,9.404796749993693
dgn_qmix__N4__ring__seed3,dgn_qmix,coord_grid,3,265,6650,7.0,25,0.9473620833333334,0.15666330605745316,0.6089946031570435,9.440417208999861
dgn_qmix__N4__ring__seed3,dgn_qmix,coord_grid,3,266,6675,4.0,25,0.9471641666666667,0.10888862175246079,0.32029785215854645,9.476319874986075
dgn_qmix__N4__ring__seed3,dgn_qmix,coord_grid,3,267,6700,3.0,25,0.94696625,0.13747865706682205,0.37863967567682266,9.512696625024546
dgn_qmix__N4__ring__seed3,dgn_qmix,coord_grid,3,268,6725,2.0,25,0.9467683333333333,0.11153858793633324,0.34531175451619284,9.555169667000882
dgn_qmix__N4__ring__seed3,dgn_qmix,coord_grid,3,269,6750,2.0,25,0.9465704166666666,0.12860105683406195,0.33654124041398364,9.590068041987251
dgn_qmix__N4__ring__seed3,dgn_qmix,coord_grid,3,270,6775,4.0,25,0.9463725000000001,0.13736988976597786,0.30779752880334854,9.626184833992738
dgn_qmix__N4__ring__seed3,dgn_qmix,coord_grid,3,271,6800,5.0,25,0.9461745833333334,0.1236379233499368,0.3564961329102516,9.662956958985887
dgn_qmix__N4__ring__seed3,dgn_qmix,coord_grid,3,272,6825,4.0,25,0.9459766666666667,0.12844240026814596,0.36014812546116964,9.703952000010759
dgn_qmix__N4__ring__seed3,dgn_qmix,coord_grid,3,273,6850,1.0,25,0.94577875,0.1641407236456871,0.3522460510333379,9.741130542010069
dgn_qmix__N4__ring__seed3,dgn_qmix,coord_grid,3,274,6875,3.0,25,0.9455808333333333,0.10610442298154037,0.3684983452161153,9.77730141702341
dgn_qmix__N4__ring__seed3,dgn_qmix,coord_grid,3,275,6900,5.0,25,0.9453829166666666,0.14732417091727257,0.4567098543047905,9.811389084032271
dgn_qmix__N4__ring__seed3,dgn_qmix,coord_grid,3,276,6925,1.0,25,0.945185,0.15305500477552414,0.35184969859463827,9.85296670900425
dgn_qmix__N4__ring__seed3,dgn_qmix,coord_grid,3,277,6950,1.0,25,0.9449870833333334,0.15930172304312387,0.5327456990877787,9.892248041986022
dgn_qmix__N4__ring__seed3,dgn_qmix,coord_grid,3,278,6975,6.0,25,0.9447891666666667,0.10861888652046521,0.5590147996942202,9.930379334022291
dgn_qmix__N4__ring__seed3,dgn_qmix,coord_grid,3,279,7000,1.0,25,0.94459125,0.12347947930296262,0.3309015805522601,9.96795858402038
dgn_qmix__N4__ring__seed3,dgn_qmix,coord_grid,3,280,7025,4.0,25,0.9443933333333333,0.1361177893621581,0.3713389422212328,10.009233292017598
dgn_qmix__N4__ring__seed3,dgn_qmix,coord_grid,3,281,7050,6.0,25,0.9441954166666666,0.08911039493978024,0.4370977779229482,10.046651749988087
dgn_qmix__N4__ring__seed3,dgn_qmix,coord_grid,3,282,7075,2.0,25,0.9439975,0.1222664142648379,0.37504371503988904,10.0824865840259
dgn_qmix__N4__ring__seed3,dgn_qmix,coord_grid,3,283,7100,8.0,25,0.9437995833333334,0.10278823785483837,0.4866417373220126,10.119364583981223
dgn_qmix__N4__ring__seed3,dgn_qmix,coord_grid,3,284,7125,4.0,25,0.9436016666666667,0.13057053302015578,0.38331683192934307,10.16104987502331
dgn_qmix__N4__ring__seed3,dgn_qmix,coord_grid,3,285,7150,9.0,25,0.94340375,0.15322516982754072,0.3914202153682709,10.196867167018354
dgn_qmix__N4__ring__seed3,dgn_qmix,coord_grid,3,286,7175,3.0,25,0.9432058333333333,0.10940729826688766,0.3712656150261561,10.23265270900447
dgn_qmix__N4__ring__seed3,dgn_qmix,coord_grid,3,287,7200,2.0,25,0.9430079166666667,0.14032250146071115,0.3946199342608452,10.269028584007174
dgn_qmix__N4__ring__seed3,dgn_qmix,coord_grid,3,288,7225,7.0,25,0.94281,0.11413205840757915,0.4294800694499697,10.309995124989655
dgn_qmix__N4__ring__seed3,dgn_qmix,coord_grid,3,289,7250,3.0,25,0.9426120833333334,0.12980133605500063,0.5438916981220245,10.34711866703583
dgn_qmix__N4__ring__seed3,dgn_qmix,coord_grid,3,290,7275,2.0,25,0.9424141666666667,0.1133489403873682,0.4442293991645177,10.381385874992702
dgn_qmix__N4__ring__seed3,dgn_qmix,coord_grid,3,291,7300,8.0,25,0.94221625,0.1424221626172463,0.44651344915231067,10.416242250008509
dgn_qmix__N4__ring__seed3,dgn_qmix,coord_grid,3,292,7325,4.0,25,0.9420183333333333,0.10438352184636253,0.32581100719315664,10.456899542012252
dgn_qmix__N4__ring__seed3,dgn_qmix,coord_grid,3,293,7350,6.0,25,0.9418204166666667,0.11839898054798444,0.47019478927055997,10.493841458985116
dgn_qmix__N4__ring__seed3,dgn_qmix,coord_grid,3,294,7375,3.0,25,0.9416225,0.11254611487189929,0.33399632573127747,10.529968624992762
dgn_qmix__N4__ring__seed3,dgn_qmix,coord_grid,3,295,7400,1.0,25,0.9414245833333333,0.11465723315874736,0.4529035488764445,10.566432667023037
dgn_qmix__N4__ring__seed3,dgn_qmix,coord_grid,3,296,7425,1.0,25,0.9412266666666667,0.1387464175266879,0.6015487568719047,10.609202084015124
dgn_qmix__N4__ring__seed3,dgn_qmix,coord_grid,3,297,7450,4.0,25,0.94102875,0.16546902308861414,0.7034642000993093,10.646358209021855
dgn_qmix__N4__ring__seed3,dgn_qmix,coord_grid,3,298,7475,0.0,25,0.9408308333333333,0.10169085239370663,0.5735426967342695,10.683682334027253
dgn_qmix__N4__ring__seed3,dgn_qmix,coord_grid,3,299,7500,5.0,25,0.9406329166666667,0.13672702386975288,0.576516163845857,10.719466959009878
dgn_qmix__N4__ring__seed3,dgn_qmix,coord_grid,3,300,7525,8.0,25,0.940435,0.13004866348845617,0.3883999117783138,10.761526666989084
dgn_qmix__N4__ring__seed3,dgn_qmix,coord_grid,3,301,7550,3.0,25,0.9402370833333333,0.12040319169561069,0.47849693646033603,10.79676495899912
dgn_qmix__N4__ring__seed3,dgn_qmix,coord_grid,3,302,7575,4.0,25,0.9400391666666666,0.13740699365735054,0.38509946316480637,10.83426358399447
dgn_qmix__N4__ring__seed3,dgn_qmix,coord_grid,3,303,7600,3.0,25,0.93984125,0.09929695352911949,0.35765429586172104,10.870293624990154
dgn_qmix__N4__ring__seed3,dgn_qmix,coord_grid,3,304,7625,3.0,25,0.9396433333333334,0.13589467533997127,0.4286205215113504,10.912149416981265
dgn_qmix__N4__ring__seed3,dgn_qmix,coord_grid,3,305,7650,2.0,25,0.9394454166666667,0.14822943260272345,0.4473712096611659,10.95003975002328
dgn_qmix__N4__ring__seed3,dgn_qmix,coord_grid,3,306,7675,6.0,25,0.9392475,0.17657734205325445,0.32705839226643246,10.985985584033187
dgn_qmix__N4__ring__seed3,dgn_qmix,coord_grid,3,307,7700,5.0,25,0.9390495833333333,0.1119605079293251,0.43787046521902084,11.023101542028598
dgn_qmix__N4__ring__seed3,dgn_qmix,coord_grid,3,308,7725,4.0,25,0.9388516666666666,0.11734833408679281,0.3889848930495126,11.06530625000596
dgn_qmix__N4__ring__seed3,dgn_qmix,coord_grid,3,309,7750,4.0,25,0.9386537500000001,0.14670283844073614,0.5781440883874893,11.10237145901192
dgn_qmix__N4__ring__seed3,dgn_qmix,coord_grid,3,310,7775,8.0,25,0.9384558333333334,0.1367996484041214,0.5885568062464396,11.142897084006108
dgn_qmix__N4__ring__seed3,dgn_qmix,coord_grid,3,311,7800,6.0,25,0.9382579166666667,0.15756564835707346,0.4418559819459915,11.183630709012505
dgn_qmix__N4__ring__seed3,dgn_qmix,coord_grid,3,312,7825,7.0,25,0.93806,0.11882277844207627,0.4577010103634426,11.227142209012527
dgn_qmix__N4__ring__seed3,dgn_qmix,coord_grid,3,313,7850,1.0,25,0.9378620833333333,0.1319290536145369,0.401167889436086,11.264011083985679
dgn_qmix__N4__ring__seed3,dgn_qmix,coord_grid,3,314,7875,4.0,25,0.9376641666666666,0.1397491656243801,0.4154831717411677,11.29876425000839
dgn_qmix__N4__ring__seed3,dgn_qmix,coord_grid,3,315,7900,2.0,25,0.9374662500000001,0.15069877728819847,0.43127650519212085,11.336424792010803
dgn_qmix__N4__ring__seed3,dgn_qmix,coord_grid,3,316,7925,0.0,25,0.9372683333333334,0.12046890067202705,0.4195361776011331,11.377798500005156
dgn_qmix__N4__ring__seed3,dgn_qmix,coord_grid,3,317,7950,3.0,25,0.9370704166666667,0.13345200940966606,0.37190577884515125,11.414658542023972
dgn_qmix__N4__ring__seed3,dgn_qmix,coord_grid,3,318,7975,5.0,25,0.9368725,0.1192207932472229,0.35139602422714233,11.452347042039037
dgn_qmix__N4__ring__seed3,dgn_qmix,coord_grid,3,319,8000,2.0,25,0.9366745833333333,0.10508334636688232,0.3491649677356084,11.490933959023096
dgn_qmix__N4__ring__seed3,dgn_qmix,coord_grid,3,320,8025,0.0,25,0.9364766666666666,0.12316951687846865,0.354612906064306,11.534490125020966
dgn_qmix__N4__ring__seed3,dgn_qmix,coord_grid,3,321,8050,0.0,25,0.93627875,0.1739103284974893,0.34341224034627277,11.574121167010162
dgn_qmix__N4__ring__seed3,dgn_qmix,coord_grid,3,322,8075,1.0,25,0.9360808333333334,0.12763852005203566,0.3611651460329692,11.60978525003884
dgn_qmix__N4__ring__seed3,dgn_qmix,coord_grid,3,323,8100,3.0,25,0.9358829166666667,0.09707999850312869,0.41695409764846164,11.646865791990422
dgn_qmix__N4__ring__seed3,dgn_qmix,coord_grid,3,324,8125,3.0,25,0.935685,0.14287144477878297,0.46970881308828083,11.689582291990519
dgn_qmix__N4__ring__seed3,dgn_qmix,coord_grid,3,325,8150,3.0,25,0.9354870833333333,0.14577249561746916,0.497494970758756,11.724713333998807
dgn_qmix__N4__ring__seed3,dgn_qmix,coord_grid,3,326,8175,8.0,25,0.9352891666666666,0.1381871998310089,0.44994698216517764,11.761183209018782
dgn_qmix__N4__ring__seed3,dgn_qmix,coord_grid,3,327,8200,5.0,25,0.93509125,0.1175604797899723,0.3072160581747691,11.796394917008001
dgn_qmix__N4__ring__seed3,dgn_qmix,coord_grid,3,328,8225,2.0,25,0.9348933333333334,0.1464861226933343,0.46628324474607197,11.837792959006038
dgn_qmix__N4__ring__seed3,dgn_qmix,coord_grid,3,329,8250,8.0,25,0.9346954166666667,0.11624002332488696,0.5501193255186081,11.877719334035646
dgn_qmix__N4__ring__seed3,dgn_qmix,coord_grid,3,330,8275,6.0,25,0.9344975,0.1520429098357757,0.3624173154433568,11.917057334037963
dgn_qmix__N4__ring__seed3,dgn_qmix,coord_grid,3,331,8300,4.0,25,0.9342995833333333,0.12577702974279723,0.4577569191654523,11.951964000007138
dgn_qmix__N4__ring__seed3,dgn_qmix,coord_grid,3,332,8325,5.0,25,0.9341016666666667,0.10497510113886424,0.3562358447483608,11.992370416992344
dgn_qmix__N4__ring__seed3,dgn_qmix,coord_grid,3,333,8350,6.0,25,0.93390375,0.11573547994097073,0.41351242115100223,12.028480125009082
dgn_qmix__N4__ring__seed3,dgn_qmix,coord_grid,3,334,8375,5.0,25,0.9337058333333333,0.1341988556087017,0.428095002969106,12.065516417031176
dgn_qmix__N4__ring__seed3,dgn_qmix,coord_grid,3,335,8400,2.0,25,0.9335079166666667,0.13082780006031194,0.35531463225682575,12.103005666984245
dgn_qmix__N4__ring__seed3,dgn_qmix,coord_grid,3,336,8425,5.0,25,0.93331,0.114963741174766,0.2571441893066679,12.146003334026318
dgn_qmix__N4__ring__seed3,dgn_qmix,coord_grid,3,337,8450,1.0,25,0.9331120833333333,0.11438042546312015,0.31718729188044864,12.182179375027772
dgn_qmix__N4__ring__seed3,dgn_qmix,coord_grid,3,338,8475,5.0,25,0.9329141666666667,0.1575338070591291,0.4624067048231761,12.218906624999363
dgn_qmix__N4__ring__seed3,dgn_qmix,coord_grid,3,339,8500,2.0,25,0.93271625,0.15339543670415878,0.39104921619097394,12.260548499994911
dgn_qmix__N4__ring__seed3,dgn_qmix,coord_grid,3,340,8525,7.0,25,0.9325183333333333,0.11100653346095767,0.4093681275844574,12.305739041999914
dgn_qmix__N4__ring__seed3,dgn_qmix,coord_grid,3,341,8550,3.0,25,0.9323204166666667,0.11354486271739006,0.40712827692429227,12.343372208997607
dgn_qmix__N4__ring__seed3,dgn_qmix,coord_grid,3,342,8575,4.0,25,0.9321225,0.12890692676107088,0.3120252415537834,12.380001834011637
dgn_qmix__N4__ring__seed3,dgn_qmix,coord_grid,3,343,8600,3.0,25,0.9319245833333334,0.16710076543192068,0.37687137226263684,12.416151334007736
dgn_qmix__N4__ring__seed3,dgn_qmix,coord_grid,3,344,8625,7.0,25,0.9317266666666667,0.12351063319614955,0.4782849890845163,12.459314999985509
dgn_qmix__N4__ring__seed3,dgn_qmix,coord_grid,3,345,8650,3.0,25,0.93152875,0.1629640758037567,0.40209951748450595,12.49636912503047
dgn_qmix__N4__ring__seed3,dgn_qmix,coord_grid,3,346,8675,3.0,25,0.9313308333333333,0.13139024997750917,0.3826030095418294,12.531391374999657
dgn_qmix__N4__ring__seed3,dgn_qmix,coord_grid,3,347,8700,2.0,25,0.9311329166666666,0.1344699840992689,0.32614174981911975,12.567786167026497
dgn_qmix__N4__ring__seed3,dgn_qmix,coord_grid,3,348,8725,2.0,25,0.930935,0.13679238834551402,0.4799314481871469,12.611280958983116
dgn_qmix__N4__ring__seed3,dgn_qmix,coord_grid,3,349,8750,5.0,25,0.9307370833333333,0.15728156392772993,0.3875376582145691,12.648504959011916
dgn_qmix__N4__ring__seed3,dgn_qmix,coord_grid,3,350,8775,2.0,25,0.9305391666666667,0.1621453935901324,0.4895823796590169,12.68487387499772
dgn_qmix__N4__ring__seed3,dgn_qmix,coord_grid,3,351,8800,7.0,25,0.93034125,0.11772516742348671,0.44340571761131287,12.7221856249962
dgn_qmix__N4__ring__seed3,dgn_qmix,coord_grid,3,352,8825,4.0,25,0.9301433333333333,0.115220664867333,0.3189570201294763,12.762169459019788
dgn_qmix__N4__ring__seed3,dgn_qmix,coord_grid,3,353,8850,5.0,25,0.9299454166666666,0.17443610479434332,0.4824034521977107,12.799983584030997
dgn_qmix__N4__ring__seed3,dgn_qmix,coord_grid,3,354,8875,9.0,25,0.9297475,0.1171598881483078,0.41869084040323895,12.837686999992002
dgn_qmix__N4__ring__seed3,dgn_qmix,coord_grid,3,355,8900,3.0,25,0.9295495833333334,0.15880614146590233,0.41297468294699985,12.875934958981816
dgn_qmix__N4__ring__seed3,dgn_qmix,coord_grid,3,356,8925,3.0,25,0.9293516666666667,0.14812779958759034,0.5184972201074872,12.91633425001055
dgn_qmix__N4__ring__seed3,dgn_qmix,coord_grid,3,357,8950,6.0,25,0.92915375,0.12404774129390717,0.515350341796875,12.954564541985746
dgn_qmix__N4__ring__seed3,dgn_qmix,coord_grid,3,358,8975,3.0,25,0.9289558333333333,0.14707588528593382,0.31143399079640705,12.990502917033155
dgn_qmix__N4__ring__seed3,dgn_qmix,coord_grid,3,359,9000,2.0,25,0.9287579166666666,0.13109657416741052,0.467526709040006,13.026650000014342
dgn_qmix__N4__ring__seed3,dgn_qmix,coord_grid,3,360,9025,8.0,25,0.92856,0.15498099529317447,0.6932082282645362,13.069808583997656
dgn_qmix__N4__ring__seed3,dgn_qmix,coord_grid,3,361,9050,4.0,25,0.9283620833333334,0.12870427096883455,0.5381057063738505,13.107325083983596
dgn_qmix__N4__ring__seed3,dgn_qmix,coord_grid,3,362,9075,6.0,25,0.9281641666666667,0.1363680139183998,0.369684636592865,13.144459500035737
dgn_qmix__N4__ring__seed3,dgn_qmix,coord_grid,3,363,9100,4.0,25,0.92796625,0.12975874294837317,0.4123455782731374,13.179742167005315
dgn_qmix__N4__ring__seed3,dgn_qmix,coord_grid,3,364,9125,2.0,25,0.9277683333333333,0.18144303879567555,0.43358130753040314,13.221888625004794
dgn_qmix__N4__ring__seed3,dgn_qmix,coord_grid,3,365,9150,7.0,25,0.9275704166666667,0.1231220376988252,0.4831518580516179,13.258011542027816
dgn_qmix__N4__ring__seed3,dgn_qmix,coord_grid,3,366,9175,7.0,25,0.9273725,0.15564587091406187,0.4521410713593165,13.294740999990609
dgn_qmix__N4__ring__seed3,dgn_qmix,coord_grid,3,367,9200,2.0,25,0.9271745833333334,0.1403608483572801,0.41580389191706973,13.332136959012132
dgn_qmix__N4__ring__seed3,dgn_qmix,coord_grid,3,368,9225,4.0,25,0.9269766666666667,0.1574771510703223,0.4535034682069506,13.373414334026165
dgn_qmix__N4__ring__seed3,dgn_qmix,coord_grid,3,369,9250,2.0,25,0.92677875,0.13372677067915598,0.5214353203773499,13.409009416995104
dgn_qmix__N4__ring__seed3,dgn_qmix,coord_grid,3,370,9275,3.0,25,0.9265808333333333,0.12291723613937695,0.49973107874393463,13.44624591700267
dgn_qmix__N4__ring__seed3,dgn_qmix,coord_grid,3,371,9300,6.0,25,0.9263829166666666,0.09791557056208451,0.23979930331309637,13.483222167007625
dgn_qmix__N4__ring__seed3,dgn_qmix,coord_grid,3,372,9325,5.0,25,0.926185,0.1281562623168741,0.4680398681334087,13.524686167016625
dgn_qmix__N4__ring__seed3,dgn_qmix,coord_grid,3,373,9350,9.0,25,0.9259870833333333,0.12140069156885147,0.4105912198623021,13.560328333987854
dgn_qmix__N4__ring__seed3,dgn_qmix,coord_grid,3,374,9375,3.0,25,0.9257891666666667,0.1287780279914538,0.30506810545921326,13.597024874994531
dgn_qmix__N4__ring__seed3,dgn_qmix,coord_grid,3,375,9400,1.0,25,0.92559125,0.15862829983234406,0.41608820855617523,13.633214334025979
dgn_qmix__N4__ring__seed3,dgn_qmix,coord_grid,3,376,9425,1.0,25,0.9253933333333333,0.12365824729204178,0.3467824969972883,13.675623291986994
dgn_qmix__N4__ring__seed3,dgn_qmix,coord_grid,3,377,9450,6.0,25,0.9251954166666667,0.13965487976868948,0.38257940113544464,13.71312570903683
dgn_qmix__N4__ring__seed3,dgn_qmix,coord_grid,3,378,9475,5.0,25,0.9249975,0.10665031149983406,0.3562528242667516,13.750109541986603
dgn_qmix__N4__ring__seed3,dgn_qmix,coord_grid,3,379,9500,3.0,25,0.9247995833333333,0.11684884627660115,0.5360994786024094,13.788323000015225
dgn_qmix__N4__ring__seed3,dgn_qmix,coord_grid,3,380,9525,4.0,25,0.9246016666666667,0.12207265464322907,0.28696808218955994,13.83186575002037
dgn_qmix__N4__ring__seed3,dgn_qmix,coord_grid,3,381,9550,3.0,25,0.92440375,0.16657166803876558,0.5252413551012675,13.868181542027742
dgn_qmix__N4__ring__seed3,dgn_qmix,coord_grid,3,382,9575,3.0,25,0.9242058333333334,0.16459472166995207,0.5090790142615637,13.90686591702979
dgn_qmix__N4__ring__seed3,dgn_qmix,coord_grid,3,383,9600,3.0,25,0.9240079166666667,0.1333014133075873,0.5777131070693334,13.943467000033706
dgn_qmix__N4__ring__seed3,dgn_qmix,coord_grid,3,384,9625,4.0,25,0.92381,0.13010534990046704,0.47750869180474964,13.984988417010754
dgn_qmix__N4__ring__seed3,dgn_qmix,coord_grid,3,385,9650,4.0,25,0.9236120833333333,0.152083370834589,0.34995712091525394,14.021726959035732
dgn_qmix__N4__ring__seed3,dgn_qmix,coord_grid,3,386,9675,2.0,25,0.9234141666666666,0.14474726095795631,0.5524461617072424,14.05792420898797
dgn_qmix__N4__ring__seed3,dgn_qmix,coord_grid,3,387,9700,3.0,25,0.9232162500000001,0.145662193497022,0.5058087557554245,14.09669820900308
dgn_qmix__N4__ring__seed3,dgn_qmix,coord_grid,3,388,9725,3.0,25,0.9230183333333334,0.12723567709326744,0.509337284735271,14.139659084030427
dgn_qmix__N4__ring__seed3,dgn_qmix,coord_grid,3,389,9750,8.0,25,0.9228204166666667,0.15466787417729697,0.41752099990844727,14.177388624986634
dgn_qmix__N4__ring__seed3,dgn_qmix,coord_grid,3,390,9775,10.0,25,0.9226225,0.1202629233400027,0.42426682511965436,14.215024459001143
dgn_qmix__N4__ring__seed3,dgn_qmix,coord_grid,3,391,9800,5.0,25,0.9224245833333333,0.10701462005575497,0.47698227564493817,14.253120084002148
dgn_qmix__N4__ring__seed3,dgn_qmix,coord_grid,3,392,9825,4.0,25,0.9222266666666666,0.11578603301729475,0.6473073235579899,14.295091584033798
dgn_qmix__N4__ring__seed3,dgn_qmix,coord_grid,3,393,9850,2.0,25,0.92202875,0.15670844664176306,0.6370007892449697,14.33210041699931
dgn_qmix__N4__ring__seed3,dgn_qmix,coord_grid,3,394,9875,2.0,25,0.9218308333333334,0.1520696866015593,0.4597257971763611,14.368155875010416
dgn_qmix__N4__ring__seed3,dgn_qmix,coord_grid,3,395,9900,2.0,25,0.9216329166666667,0.1608770452439785,0.5253291328748068,14.405411167012062
dgn_qmix__N4__ring__seed3,dgn_qmix,coord_grid,3,396,9925,5.0,25,0.921435,0.17347930478198187,0.41476209248815266,14.448040416988079
dgn_qmix__N4__ring__seed3,dgn_qmix,coord_grid,3,397,9950,5.0,25,0.9212370833333333,0.12394016360243161,0.4034983466068904,14.484276500006672
dgn_qmix__N4__ring__seed3,dgn_qmix,coord_grid,3,398,9975,2.0,25,0.9210391666666666,0.16696804823974767,0.39959434668223065,14.52018983400194
dgn_qmix__N4__ring__seed3,dgn_qmix,coord_grid,3,399,10000,3.0,25,0.9208412500000001,0.1835001359383265,0.5309545348087946,14.556128500029445
dgn_qmix__N4__ring__seed3,dgn_qmix,coord_grid,3,400,10025,4.0,25,0.9206433333333334,0.12081273272633553,0.2926239775759833,14.598029916989617
dgn_qmix__N4__ring__seed3,dgn_qmix,coord_grid,3,401,10050,4.0,25,0.9204454166666667,0.13711545368035635,0.4159524589776993,14.634338125004433
dgn_qmix__N4__ring__seed3,dgn_qmix,coord_grid,3,402,10075,3.0,25,0.9202475,0.15755662446220717,0.7396967758735021,14.671538459020667
dgn_qmix__N4__ring__seed3,dgn_qmix,coord_grid,3,403,10100,5.0,25,0.9200495833333333,0.12822982047994932,0.5070726921161016,14.707791750028264
dgn_qmix__N4__ring__seed3,dgn_qmix,coord_grid,3,404,10125,3.0,25,0.9198516666666666,0.15100036561489105,0.6143742161137717,14.750767584017012
dgn_qmix__N4__ring__seed3,dgn_qmix,coord_grid,3,405,10150,2.0,25,0.91965375,0.1442796252667904,0.4429493695497513,14.786844375019427
dgn_qmix__N4__ring__seed3,dgn_qmix,coord_grid,3,406,10175,1.0,25,0.9194558333333334,0.13605295245846113,0.5120706657568613,14.823946958989836
dgn_qmix__N4__ring__seed3,dgn_qmix,coord_grid,3,407,10200,11.0,25,0.9192579166666667,0.1425475850701332,0.4484090954065323,14.862611417018343
dgn_qmix__N4__ring__seed3,dgn_qmix,coord_grid,3,408,10225,8.0,25,0.91906,0.14288911702377455,0.3723061425345285,14.90475291700568
dgn_qmix__N4__ring__seed3,dgn_qmix,coord_grid,3,409,10250,7.0,25,0.9188620833333333,0.19582932318250337,0.437077338496844,14.942490292014554
dgn_qmix__N4__ring__seed3,dgn_qmix,coord_grid,3,410,10275,3.0,25,0.9186641666666666,0.17810911933581033,0.41413035492102307,14.977997417037841
dgn_qmix__N4__ring__seed3,dgn_qmix,coord_grid,3,411,10300,4.0,25,0.91846625,0.145077895373106,0.5915201107660929,15.01400016702246
dgn_qmix__N4__ring__seed3,dgn_qmix,coord_grid,3,412,10325,1.0,25,0.9182683333333334,0.1748895953808512,0.5790657273360661,15.054774250020273
dgn_qmix__N4__ring__seed3,dgn_qmix,coord_grid,3,413,10350,1.0,25,0.9180704166666667,0.1318840185801188,0.30889388422171277,15.09154270903673
dgn_qmix__N4__ring__seed3,dgn_qmix,coord_grid,3,414,10375,5.0,25,0.9178725,0.14733458931247392,0.37658749520778656,15.129295375023503
dgn_qmix__N4__ring__seed3,dgn_qmix,coord_grid,3,415,10400,4.0,25,0.9176745833333333,0.1195142784466346,0.5242737332979838,15.165057834004983
dgn_qmix__N4__ring__seed3,dgn_qmix,coord_grid,3,416,10425,5.0,25,0.9174766666666667,0.14942751399108342,0.5522035913808006,15.206074583984446
dgn_qmix__N4__ring__seed3,dgn_qmix,coord_grid,3,417,10450,5.0,25,0.91727875,0.1569746769964695,0.596804345647494,15.2441475840169
dgn_qmix__N4__ring__seed3,dgn_qmix,coord_grid,3,418,10475,1.0,25,0.9170808333333333,0.10603727089862029,0.4902413785457611,15.282786166993901
dgn_qmix__N4__ring__seed3,dgn_qmix,coord_grid,3,419,10500,3.0,25,0.9168829166666667,0.21486891557772955,0.4900534351666768,15.322470084007364
dgn_qmix__N4__ring__seed3,dgn_qmix,coord_grid,3,420,10525,4.0,25,0.916685,0.1263229644724301,0.36079488694667816,15.363946875033434
dgn_qmix__N4__ring__seed3,dgn_qmix,coord_grid,3,421,10550,1.0,25,0.9164870833333333,0.12700163076321283,0.41620034476121265,15.400639459025115
dgn_qmix__N4__ring__seed3,dgn_qmix,coord_grid,3,422,10575,3.0,25,0.9162891666666667,0.11916350821654002,0.3982699289917946,15.4352184170275
dgn_qmix__N4__ring__seed3,dgn_qmix,coord_grid,3,423,10600,8.0,25,0.91609125,0.13231135656436285,0.6855496317148209,15.473954959015828
dgn_qmix__N4__ring__seed3,dgn_qmix,coord_grid,3,424,10625,5.0,25,0.9158933333333333,0.22007791910852706,1.0357139451163155,15.516382917005103
dgn_qmix__N4__ring__seed3,dgn_qmix,coord_grid,3,425,10650,3.0,25,0.9156954166666667,0.14963709190487862,0.689409447213014,15.553379375021905
dgn_qmix__N4__ring__seed3,dgn_qmix,coord_grid,3,426,10675,2.0,25,0.9154975,0.16288904659450054,0.5517659013470014,15.592663625022396
dgn_qmix__N4__ring__seed3,dgn_qmix,coord_grid,3,427,10700,8.0,25,0.9152995833333333,0.12977412715554237,0.4212186932563782,15.629333125019912
dgn_qmix__N4__ring__seed3,dgn_qmix,coord_grid,3,428,10725,2.0,25,0.9151016666666667,0.14151753431984357,0.5249286634581429,15.671276334032882
dgn_qmix__N4__ring__seed3,dgn_qmix,coord_grid,3,429,10750,1.0,25,0.91490375,0.11163943509260814,0.5821948995192846,15.708557000034489
dgn_qmix__N4__ring__seed3,dgn_qmix,coord_grid,3,430,10775,0.0,25,0.9147058333333333,0.14133569101492563,0.394120213886102,15.745788042026106
dgn_qmix__N4__ring__seed3,dgn_qmix,coord_grid,3,431,10800,7.0,25,0.9145079166666666,0.14783410107096037,0.39442585905392963,15.783119667030405
dgn_qmix__N4__ring__seed3,dgn_qmix,coord_grid,3,432,10825,2.0,25,0.91431,0.1599070318043232,0.41069009048598154,15.824880708998535
dgn_qmix__N4__ring__seed3,dgn_qmix,coord_grid,3,433,10850,7.0,25,0.9141120833333334,0.1203751393283407,0.5092543909947077,15.861827249987982
dgn_qmix__N4__ring__seed3,dgn_qmix,coord_grid,3,434,10875,1.0,25,0.9139141666666667,0.1348864510655403,0.39721234639485675,15.89938808401348
dgn_qmix__N4__ring__seed3,dgn_qmix,coord_grid,3,435,10900,5.0,25,0.91371625,0.15433528398474058,0.40354617436726886,15.936396334029268
dgn_qmix__N4__ring__seed3,dgn_qmix,coord_grid,3,436,10925,5.0,25,0.9135183333333333,0.16375451747860229,0.4792827495506832,15.978654417034704
dgn_qmix__N4__ring__seed3,dgn_qmix,coord_grid,3,437,10950,6.0,25,0.9133204166666666,0.14633886764446893,0.39246900628010434,16.014501959027257
dgn_qmix__N4__ring__seed3,dgn_qmix,coord_grid,3,438,10975,1.0,25,0.9131225000000001,0.16972547893722853,0.5115250994761785,16.053621000028215
dgn_qmix__N4__ring__seed3,dgn_qmix,coord_grid,3,439,11000,2.0,25,0.9129245833333334,0.11685290560126305,0.41951557497183484,16.090833875001408
dgn_qmix__N4__ring__seed3,dgn_qmix,coord_grid,3,440,11025,3.0,25,0.9127266666666667,0.18384546680109842,0.4632756624902998,16.1360036249971
dgn_qmix__N4__ring__seed3,dgn_qmix,coord_grid,3,441,11050,6.0,25,0.91252875,0.13309544200698534,0.4726116831103961,16.173323500028346
dgn_qmix__N4__ring__seed3,dgn_qmix,coord_grid,3,442,11075,2.0,25,0.9123308333333333,0.16939895103375116,0.5610655049482981,16.210961917007808
dgn_qmix__N4__ring__seed3,dgn_qmix,coord_grid,3,443,11100,5.0,25,0.9121329166666666,0.16588041248420873,0.5946992188692093,16.248475417029113
dgn_qmix__N4__ring__seed3,dgn_qmix,coord_grid,3,444,11125,4.0,25,0.9119349999999999,0.19284231215715408,0.5638584239142281,16.288858917017933
dgn_qmix__N4__ring__seed3,dgn_qmix,coord_grid,3,445,11150,1.0,25,0.9117370833333334,0.12470828741788864,0.32468899091084796,16.32422954199137
dgn_qmix__N4__ring__seed3,dgn_qmix,coord_grid,3,446,11175,4.0,25,0.9115391666666667,0.14859345213820538,0.36610877017180127,16.36086479201913
dgn_qmix__N4__ring__seed3,dgn_qmix,coord_grid,3,447,11200,2.0,25,0.91134125,0.13946509112914404,0.3639587064584096,16.398236167035066
dgn_qmix__N4__ring__seed3,dgn_qmix,coord_grid,3,448,11225,2.0,25,0.9111433333333333,0.1434716901608876,0.5321492659194129,16.44128033402376
dgn_qmix__N4__ring__seed3,dgn_qmix,coord_grid,3,449,11250,4.0,25,0.9109454166666666,0.1925453059375286,0.6109946469465891,16.478412666998338
dgn_qmix__N4__ring__seed3,dgn_qmix,coord_grid,3,450,11275,3.0,25,0.9107475,0.16057667322456837,0.6228350301583608,16.516507624997757
dgn_qmix__N4__ring__seed3,dgn_qmix,coord_grid,3,451,11300,1.0,25,0.9105495833333334,0.14499076580007872,0.4019515613714854,16.552859666990116
dgn_qmix__N4__ring__seed3,dgn_qmix,coord_grid,3,452,11325,5.0,25,0.9103516666666667,0.154576447393213,0.3696701633078711,16.59471970901359
dgn_qmix__N4__ring__seed3,dgn_qmix,coord_grid,3,453,11350,5.0,25,0.91015375,0.12058551050722599,0.3940826455752055,16.632971375016496
dgn_qmix__N4__ring__seed3,dgn_qmix,coord_grid,3,454,11375,2.0,25,0.9099558333333333,0.18338959788282713,0.48552978535493213,16.671197208983358
dgn_qmix__N4__ring__seed3,dgn_qmix,coord_grid,3,455,11400,8.0,25,0.9097579166666667,0.1496713769932588,0.36865390340487164,16.71035375003703
dgn_qmix__N4__ring__seed3,dgn_qmix,coord_grid,3,456,11425,3.0,25,0.90956,0.14961895453078405,0.6858594374997276,16.751947749988176
dgn_qmix__N4__ring__seed3,dgn_qmix,coord_grid,3,457,11450,5.0,25,0.9093620833333333,0.15388989945252737,0.5451701283454895,16.789393291983288
dgn_qmix__N4__ring__seed3,dgn_qmix,coord_grid,3,458,11475,1.0,25,0.9091641666666667,0.14724810545643172,0.5550529013077418,16.82615799998166
dgn_qmix__N4__ring__seed3,dgn_qmix,coord_grid,3,459,11500,5.0,25,0.90896625,0.14424381405115128,0.37321197986602783,16.866701667022426
dgn_qmix__N4__ring__seed3,dgn_qmix,coord_grid,3,460,11525,7.0,25,0.9087683333333334,0.12952945807150432,0.4828617445060185,16.90807758399751
dgn_qmix__N4__ring__seed3,dgn_qmix,coord_grid,3,461,11550,3.0,25,0.9085704166666667,0.13363187511761984,0.3746531705061595,16.94452108402038
dgn_qmix__N4__ring__seed3,dgn_qmix,coord_grid,3,462,11575,5.0,25,0.9083725,0.1548980548977852,0.351895476380984,16.980550916981883
dgn_qmix__N4__ring__seed3,dgn_qmix,coord_grid,3,463,11600,3.0,25,0.9081745833333333,0.1436259342978398,0.4481913149356842,17.016698834020644
dgn_qmix__N4__ring__seed3,dgn_qmix,coord_grid,3,464,11625,3.0,25,0.9079766666666667,0.1256145036646298,0.34320523696286337,17.059788459038828
dgn_qmix__N4__ring__seed3,dgn_qmix,coord_grid,3,465,11650,1.0,25,0.90777875,0.1192589954783519,0.38282059133052826,17.096968583995476
dgn_qmix__N4__ring__seed3,dgn_qmix,coord_grid,3,466,11675,9.0,25,0.9075808333333333,0.12872426584362984,0.3575734967986743,17.13292620901484
dgn_qmix__N4__ring__seed3,dgn_qmix,coord_grid,3,467,11700,11.0,25,0.9073829166666667,0.13228010510404906,0.33151156455278397,17.16960237501189
dgn_qmix__N4__ring__seed3,dgn_qmix,coord_grid,3,468,11725,5.0,25,0.907185,0.11908085644245148,0.5027581027575901,17.21180579200154
dgn_qmix__N4__ring__seed3,dgn_qmix,coord_grid,3,469,11750,1.0,25,0.9069870833333333,0.1577229176958402,0.467044472694397,17.24780454201391
dgn_qmix__N4__ring__seed3,dgn_qmix,coord_grid,3,470,11775,7.0,25,0.9067891666666666,0.13995673755804697,0.3976287469267845,17.285243958991487
dgn_qmix__N4__ring__seed3,dgn_qmix,coord_grid,3,471,11800,5.0,25,0.90659125,0.18384408950805664,0.3978428766131401,17.322560959029943
dgn_qmix__N4__ring__seed3,dgn_qmix,coord_grid,3,472,11825,6.0,25,0.9063933333333334,0.11832545804125923,0.3342400257076536,17.366022041998804
dgn_qmix__N4__ring__seed3,dgn_qmix,coord_grid,3,473,11850,5.0,25,0.9061954166666667,0.1701954019566377,0.3629635175069173,17.403609375003725
dgn_qmix__N4__ring__seed3,dgn_qmix,coord_grid,3,474,11875,7.0,25,0.9059975,0.17857366800308228,0.43745048840840656,17.43918833398493
dgn_qmix__N4__ring__seed3,dgn_qmix,coord_grid,3,475,11900,1.0,25,0.9057995833333333,0.12023228034377098,0.3952980985244115,17.477262334025
dgn_qmix__N4__ring__seed3,dgn_qmix,coord_grid,3,476,11925,0.0,25,0.9056016666666666,0.13209847041538783,0.42883800183023724,17.518113124999218
dgn_qmix__N4__ring__seed3,dgn_qmix,coord_grid,3,477,11950,2.0,25,0.9054037500000001,0.13852090326448283,0.4115242660045624,17.555182833981235
dgn_qmix__N4__ring__seed3,dgn_qmix,coord_grid,3,478,11975,5.0,25,0.9052058333333334,0.13528034339348474,0.42272945245107013,17.592194667027798
dgn_qmix__N4__ring__seed3,dgn_qmix,coord_grid,3,479,12000,3.0,25,0.9050079166666667,0.16668819760282835,0.4924616763989131,17.628097917011473
dgn_qmix__N4__ring__seed3,dgn_qmix,coord_grid,3,480,12025,5.0,25,0.90481,0.2032818059836115,0.4414459764957428,17.67415079200873
dgn_qmix__N4__ring__seed3,dgn_qmix,coord_grid,3,481,12050,4.0,25,0.9046120833333333,0.11360079701989889,0.490909864505132,17.713150958996266
dgn_qmix__N4__ring__seed3,dgn_qmix,coord_grid,3,482,12075,3.0,25,0.9044141666666666,0.15385457500815392,0.45058612525463104,17.75126954203006
dgn_qmix__N4__ring__seed3,dgn_qmix,coord_grid,3,483,12100,3.0,25,0.90421625,0.14369217430551848,0.35031676044066745,17.78719387500314
dgn_qmix__N4__ring__seed3,dgn_qmix,coord_grid,3,484,12125,11.0,25,0.9040183333333334,0.17840787023305893,0.44636994174548555,17.82969487499213
dgn_qmix__N4__ring__seed3,dgn_qmix,coord_grid,3,485,12150,3.0,25,0.9038204166666667,0.16569852704803148,0.5835897624492645,17.866883292037528
dgn_qmix__N4__ring__seed3,dgn_qmix,coord_grid,3,486,12175,3.0,25,0.9036225,0.216552364329497,0.4871958866715431,17.90435475000413
dgn_qmix__N4__ring__seed3,dgn_qmix,coord_grid,3,487,12200,5.0,25,0.9034245833333333,0.19980942954619726,0.5971462279558182,17.94128400000045
dgn_qmix__N4__ring__seed3,dgn_qmix,coord_grid,3,488,12225,2.0,25,0.9032266666666666,0.1278203757745879,0.5192177423409053,17.98522450000746
dgn_qmix__N4__ring__seed3,dgn_qmix,coord_grid,3,489,12250,0.0,25,0.90302875,0.17637458940347037,0.8037673234939575,18.02164112502942
dgn_qmix__N4__ring__seed3,dgn_qmix,coord_grid,3,490,12275,7.0,25,0.9028308333333334,0.15386163691679636,0.6505185862382253,18.059986374981236
dgn_qmix__N4__ring__seed3,dgn_qmix,coord_grid,3,491,12300,6.0,25,0.9026329166666667,0.1528879702091217,0.4496642251809438,18.09745004202705
dgn_qmix__N4__ring__seed3,dgn_qmix,coord_grid,3,492,12325,5.0,25,0.902435,0.21539404562541417,0.5013307332992554,18.14035783399595
dgn_qmix__N4__ring__seed3,dgn_qmix,coord_grid,3,493,12350,12.0,25,0.9022370833333333,0.20489024122556052,0.48314735293388367,18.175523500016425
dgn_qmix__N4__ring__seed3,dgn_qmix,coord_grid,3,494,12375,4.0,25,0.9020391666666667,0.15594268093506494,0.5216167916854223,18.212543292029295
dgn_qmix__N4__ring__seed3,dgn_qmix,coord_grid,3,495,12400,4.0,25,0.90184125,0.14354494710763296,0.2894859363635381,18.249974167032633
dgn_qmix__N4__ring__seed3,dgn_qmix,coord_grid,3,496,12425,3.0,25,0.9016433333333334,0.14578876005751745,0.5506853674139295,18.292415000032634
dgn_qmix__N4__ring__seed3,dgn_qmix,coord_grid,3,497,12450,2.0,25,0.9014454166666667,0.13336503754059473,0.633154034614563,18.331279709003866
dgn_qmix__N4__ring__seed3,dgn_qmix,coord_grid,3,498,12475,4.0,25,0.9012475,0.2212903375426928,0.5058498705426852,18.368043292022776
dgn_qmix__N4__ring__seed3,dgn_qmix,coord_grid,3,499,12500,2.0,25,0.9010495833333333,0.11095092135171096,0.40564409146706265,18.404787542007398
dgn_qmix__N4__ring__seed3,dgn_qmix,coord_grid,3,500,12525,8.0,25,0.9008516666666667,0.1929359563759395,0.435007176228932,18.447587584028952
dgn_qmix__N4__ring__seed3,dgn_qmix,coord_grid,3,501,12550,2.0,25,0.90065375,0.191612608730793,0.539382869998614,18.486598083982244
dgn_qmix__N4__ring__seed3,dgn_qmix,coord_grid,3,502,12575,4.0,25,0.9004558333333333,0.13595671579241753,0.4611874893307686,18.524325959035195
dgn_qmix__N4__ring__seed3,dgn_qmix,coord_grid,3,503,12600,3.0,25,0.9002579166666667,0.1840949741502603,0.5804983675479889,18.561989292036742
dgn_qmix__N4__ring__seed3,dgn_qmix,coord_grid,3,504,12625,5.0,25,0.90006,0.11481996040259089,0.47214708583695547,18.60277674999088
dgn_qmix__N4__ring__seed3,dgn_qmix,coord_grid,3,505,12650,16.0,25,0.8998620833333333,0.17241058001915613,0.372580627600352,18.64150070899632
dgn_qmix__N4__ring__seed3,dgn_qmix,coord_grid,3,506,12675,10.0,25,0.8996641666666667,0.1497512236237526,0.4722468505303065,18.67894424998667
dgn_qmix__N4__ring__seed3,dgn_qmix,coord_grid,3,507,12700,4.0,25,0.89946625,0.1651756912469864,0.43823249141375226,18.71756458398886
dgn_qmix__N4__ring__seed3,dgn_qmix,coord_grid,3,508,12725,4.0,25,0.8992683333333333,0.21242599934339523,0.393933430314064,18.762128542002756
dgn_qmix__N4__ring__seed3,dgn_qmix,coord_grid,3,509,12750,5.0,25,0.8990704166666666,0.17376487950483957,0.5406773487726847,18.7995243340265
dgn_qmix__N4__ring__seed3,dgn_qmix,coord_grid,3,510,12775,3.0,25,0.8988725,0.1852122793594996,0.5421320199966431,18.83639133401448
dgn_qmix__N4__ring__seed3,dgn_qmix,coord_grid,3,511,12800,5.0,25,0.8986745833333334,0.1517213135957718,0.4585881282885869,18.875432250031736
dgn_qmix__N4__ring__seed3,dgn_qmix,coord_grid,3,512,12825,4.0,25,0.8984766666666667,0.14940603928906576,0.6085841911179679,18.920651709020603
dgn_qmix__N4__ring__seed3,dgn_qmix,coord_grid,3,513,12850,4.0,25,0.89827875,0.16922413309415182,0.6044025421142578,18.9584353340324
dgn_qmix__N4__ring__seed3,dgn_qmix,coord_grid,3,514,12875,6.0,25,0.8980808333333333,0.18262390047311783,0.42167003949483234,18.99736529198708
dgn_qmix__N4__ring__seed3,dgn_qmix,coord_grid,3,515,12900,7.0,25,0.8978829166666666,0.12728787089387575,0.4624060392379761,19.035476916993503
dgn_qmix__N4__ring__seed3,dgn_qmix,coord_grid,3,516,12925,2.0,25,0.897685,0.1705825360757964,0.48029290778296335,19.077170000004116
dgn_qmix__N4__ring__seed3,dgn_qmix,coord_grid,3,517,12950,11.0,25,0.8974870833333334,0.12900258973240852,0.3816412190596263,19.112683749990538
dgn_qmix__N4__ring__seed3,dgn_qmix,coord_grid,3,518,12975,6.0,25,0.8972891666666667,0.17846074948708215,0.3952353000640869,19.150808042031713
dgn_qmix__N4__ring__seed3,dgn_qmix,coord_grid,3,519,13000,2.0,25,0.89709125,0.13789835944771767,0.435524841149648,19.18857262498932
dgn_qmix__N4__ring__seed3,dgn_qmix,coord_grid,3,520,13025,1.0,25,0.8968933333333333,0.14719658877168382,0.6118860351187843,19.23238937498536
dgn_qmix__N4__ring__seed3,dgn_qmix,coord_grid,3,521,13050,1.0,25,0.8966954166666666,0.19125117113192877,0.6836694876352946,19.271556416992098
dgn_qmix__N4__ring__seed3,dgn_qmix,coord_grid,3,522,13075,5.0,25,0.8964975,0.1754921960333983,0.5428732112050056,19.30896529200254
dgn_qmix__N4__ring__seed3,dgn_qmix,coord_grid,3,523,13100,3.0,25,0.8962995833333334,0.15609978387753168,0.4410598526398341,19.347319666994736
dgn_qmix__N4__ring__seed3,dgn_qmix,coord_grid,3,524,13125,5.0,25,0.8961016666666667,0.21449655081544602,0.5485258144991738,19.38900000002468
dgn_qmix__N4__ring__seed3,dgn_qmix,coord_grid,3,525,13150,0.0,25,0.89590375,0.23600371181964874,0.6526569426059723,19.42432774999179
dgn_qmix__N4__ring__seed3,dgn_qmix,coord_grid,3,526,13175,4.0,25,0.8957058333333333,0.14298575992385545,0.46137746920188266,19.461576000030618
dgn_qmix__N4__ring__seed3,dgn_qmix,coord_grid,3,527,13200,1.0,25,0.8955079166666666,0.19325157875816026,0.4249415422479312,19.499125292000826
dgn_qmix__N4__ring__seed3,dgn_qmix,coord_grid,3,528,13225,4.0,25,0.89531,0.1663075972880636,0.4945997212614332,19.541848958993796
dgn_qmix__N4__ring__seed3,dgn_qmix,coord_grid,3,529,13250,6.0,25,0.8951120833333334,0.22082499166329703,0.5543925960858663,19.58059841702925
dgn_qmix__N4__ring__seed3,dgn_qmix,coord_grid,3,530,13275,7.0,25,0.8949141666666667,0.1313784457743168,0.5072270855307579,19.61790904199006
dgn_qmix__N4__ring__seed3,dgn_qmix,coord_grid,3,531,13300,8.0,25,0.89471625,0.17656235521038374,0.6352199018001556,19.65727483399678
dgn_qmix__N4__ring__seed3,dgn_qmix,coord_grid,3,532,13325,5.0,25,0.8945183333333333,0.2575093869652067,0.5324951069695609,19.701732583984267
dgn_qmix__N4__ring__seed3,dgn_qmix,coord_grid,3,533,13350,0.0,25,0.8943204166666667,0.17590764537453651,0.6646124025185903,19.739543417003006
dgn_qmix__N4__ring__seed3,dgn_qmix,coord_grid,3,534,13375,2.0,25,0.8941225,0.2255850906173388,0.6631968170404434,19.776135292020626
dgn_qmix__N4__ring__seed3,dgn_qmix,coord_grid,3,535,13400,10.0,25,0.8939245833333334,0.1576224242647489,0.38239435354868573,19.81562520901207
dgn_qmix__N4__ring__seed3,dgn_qmix,coord_grid,3,536,13425,3.0,25,0.8937266666666667,0.17904844880104065,0.4199365611587252,19.858765958982985
dgn_qmix__N4__ring__seed3,dgn_qmix,coord_grid,3,537,13450,2.0,25,0.89352875,0.18978524456421533,0.5315413524707159,19.896890542004257
dgn_qmix__N4__ring__seed3,dgn_qmix,coord_grid,3,538,13475,9.0,25,0.8933308333333333,0.1810760721564293,0.480196292201678,19.935569624998607
dgn_qmix__N4__ring__seed3,dgn_qmix,coord_grid,3,539,13500,2.0,25,0.8931329166666666,0.18818352123101553,0.6382663995027542,19.973572083981708
dgn_qmix__N4__ring__seed3,dgn_qmix,coord_grid,3,540,13525,7.0,25,0.892935,0.13848475899015153,0.34857676923274994,20.014164709020406
dgn_qmix__N4__ring__seed3,dgn_qmix,coord_grid,3,541,13550,4.0,25,0.8927370833333333,0.23457268998026848,0.3672919273376465,20.053093374997843
dgn_qmix__N4__ring__seed3,dgn_qmix,coord_grid,3,542,13575,2.0,25,0.8925391666666667,0.1539258360862732,0.501202384630839,20.09120270900894
dgn_qmix__N4__ring__seed3,dgn_qmix,coord_grid,3,543,13600,6.0,25,0.89234125,0.15071855609615645,0.4111710687478383,20.130367709032726
dgn_qmix__N4__ring__seed3,dgn_qmix,coord_grid,3,544,13625,1.0,25,0.8921433333333333,0.13465670283351625,0.47954343046460834,20.172844042012002
dgn_qmix__N4__ring__seed3,dgn_qmix,coord_grid,3,545,13650,5.0,25,0.8919454166666667,0.18090572332342467,0.5271847049395243,20.21244262502296
dgn_qmix__N4__ring__seed3,dgn_qmix,coord_grid,3,546,13675,7.0,25,0.8917475,0.18425373112161955,0.433026726047198,20.251401167013682
dgn_qmix__N4__ring__seed3,dgn_qmix,coord_grid,3,547,13700,7.0,25,0.8915495833333333,0.22882073620955148,0.4636388917764028,20.28864225000143
dgn_qmix__N4__ring__seed3,dgn_qmix,coord_grid,3,548,13725,4.0,25,0.8913516666666667,0.17920722652758872,0.5042847607816968,20.33047462499235
dgn_qmix__N4__ring__seed3,dgn_qmix,coord_grid,3,549,13750,2.0,25,0.89115375,0.20569648096958795,0.6845227678616842,20.369407750025857
dgn_qmix__N4__ring__seed3,dgn_qmix,coord_grid,3,550,13775,3.0,25,0.8909558333333334,0.17792641247312227,0.5885155300299326,20.409514042024966
dgn_qmix__N4__ring__seed3,dgn_qmix,coord_grid,3,551,13800,4.0,25,0.8907579166666667,0.18490037322044373,0.5468105524778366,20.44776712503517
dgn_qmix__N4__ring__seed3,dgn_qmix,coord_grid,3,552,13825,3.0,25,0.89056,0.2089908378464835,0.7044675775936672,20.49174850003328
dgn_qmix__N4__ring__seed3,dgn_qmix,coord_grid,3,553,13850,2.0,25,0.8903620833333333,0.205071859061718,0.5826172629992167,20.53068316698773
dgn_qmix__N4__ring__seed3,dgn_qmix,coord_grid,3,554,13875,5.0,25,0.8901641666666666,0.23099988202253977,0.5435149123271307,20.56947016698541
dgn_qmix__N4__ring__seed3,dgn_qmix,coord_grid,3,555,13900,5.0,25,0.8899662500000001,0.17473306134343147,0.4123336523771286,20.60635600000387
dgn_qmix__N4__ring__seed3,dgn_qmix,coord_grid,3,556,13925,2.0,25,0.8897683333333334,0.1772320887872151,0.6468128689697811,20.65060104202712
dgn_qmix__N4__ring__seed3,dgn_qmix,coord_grid,3,557,13950,7.0,25,0.8895704166666667,0.13757376869519553,0.4649129907290141,20.690972541982774
dgn_qmix__N4__ring__seed3,dgn_qmix,coord_grid,3,558,13975,5.0,25,0.8893725,0.16419585421681404,0.4650655960043271,20.72996929200599
dgn_qmix__N4__ring__seed3,dgn_qmix,coord_grid,3,559,14000,6.0,25,0.8891745833333333,0.19093832249442735,0.5090091625849406,20.767194667016156
dgn_qmix__N4__ring__seed3,dgn_qmix,coord_grid,3,560,14025,8.0,25,0.8889766666666666,0.19270714053085872,0.4386797036443438,20.80865454202285
dgn_qmix__N4__ring__seed3,dgn_qmix,coord_grid,3,561,14050,5.0,25,0.88877875,0.21284520626068115,0.6089583784341812,20.844913667009678
dgn_qmix__N4__ring__seed3,dgn_qmix,coord_grid,3,562,14075,4.0,25,0.8885808333333334,0.17008283361792564,0.4682067583004634,20.88409720902564
dgn_qmix__N4__ring__seed3,dgn_qmix,coord_grid,3,563,14100,5.0,25,0.8883829166666667,0.18584523474176726,0.54153011739254,20.92183287499938
dgn_qmix__N4__ring__seed3,dgn_qmix,coord_grid,3,564,14125,5.0,25,0.888185,0.1488618068397045,0.48793364209788187,20.96391183399828
dgn_qmix__N4__ring__seed3,dgn_qmix,coord_grid,3,565,14150,5.0,25,0.8879870833333333,0.16097602744897208,0.4986468603213628,21.00173012498999
dgn_qmix__N4__ring__seed3,dgn_qmix,coord_grid,3,566,14175,5.0,25,0.8877891666666666,0.24023413409789404,0.782098392645518,21.039216959034093
dgn_qmix__N4__ring__seed3,dgn_qmix,coord_grid,3,567,14200,3.0,25,0.88759125,0.1751572166879972,0.6259068499008814,21.074872667028103
dgn_qmix__N4__ring__seed3,dgn_qmix,coord_grid,3,568,14225,4.0,25,0.8873933333333334,0.12648737537009375,0.4645093913589205,21.11589645902859
dgn_qmix__N4__ring__seed3,dgn_qmix,coord_grid,3,569,14250,11.0,25,0.8871954166666667,0.13705424343546233,0.5151545206705729,21.15287074999651
dgn_qmix__N4__ring__seed3,dgn_qmix,coord_grid,3,570,14275,6.0,25,0.8869975,0.21537541101376215,0.572694405913353,21.19001720903907
dgn_qmix__N4__ring__seed3,dgn_qmix,coord_grid,3,571,14300,4.0,25,0.8867995833333333,0.16934808592001596,0.5530414034922918,21.229362624988426
dgn_qmix__N4__ring__seed3,dgn_qmix,coord_grid,3,572,14325,1.0,25,0.8866016666666667,0.16969141896281922,0.5519136573587146,21.27117162500508
dgn_qmix__N4__ring__seed3,dgn_qmix,coord_grid,3,573,14350,5.0,25,0.88640375,0.21943768858909607,0.49814143776893616,21.310059584036935
dgn_qmix__N4__ring__seed3,dgn_qmix,coord_grid,3,574,14375,12.0,25,0.8862058333333334,0.15568107863267264,0.5136165370543798,21.348926459031645
dgn_qmix__N4__ring__seed3,dgn_qmix,coord_grid,3,575,14400,4.0,25,0.8860079166666667,0.22527488817771277,0.7136317839225134,21.384919417032506
dgn_qmix__N4__ring__seed3,dgn_qmix,coord_grid,3,576,14425,2.0,25,0.88581,0.22183217108249664,0.4316474837916238,21.427537959010806
dgn_qmix__N4__ring__seed3,dgn_qmix,coord_grid,3,577,14450,3.0,25,0.8856120833333333,0.154591533044974,0.5587281684080759,21.464406916988082
dgn_qmix__N4__ring__seed3,dgn_qmix,coord_grid,3,578,14475,1.0,25,0.8854141666666666,0.16580768985052904,0.4109003742535909,21.502243167022243
dgn_qmix__N4__ring__seed3,dgn_qmix,coord_grid,3,579,14500,0.0,25,0.88521625,0.22777949397762617,0.5842703531185786,21.542198874987662
dgn_qmix__N4__ring__seed3,dgn_qmix,coord_grid,3,580,14525,5.0,25,0.8850183333333334,0.15210258322102682,0.481674177306039,21.586022500006948
dgn_qmix__N4__ring__seed3,dgn_qmix,coord_grid,3,581,14550,5.0,25,0.8848204166666667,0.14273838077982268,0.5530203928550085,21.623308792011812
dgn_qmix__N4__ring__seed3,dgn_qmix,coord_grid,3,582,14575,3.0,25,0.8846225,0.25402337064345676,0.5513629366954168,21.661699083982967
dgn_qmix__N4__ring__seed3,dgn_qmix,coord_grid,3,583,14600,2.0,25,0.8844245833333333,0.22560200095176697,0.7873181303342184,21.701819417008664
dgn_qmix__N4__ring__seed3,dgn_qmix,coord_grid,3,584,14625,2.0,25,0.8842266666666667,0.2238530750785555,0.8336252357278552,21.746006084023975
dgn_qmix__N4__ring__seed3,dgn_qmix,coord_grid,3,585,14650,4.0,25,0.88402875,0.23755434155464172,0.5865876426299413,21.784868084010668
dgn_qmix__N4__ring__seed3,dgn_qmix,coord_grid,3,586,14675,8.0,25,0.8838308333333333,0.1881859451532364,0.5727754086256027,21.825179209001362
dgn_qmix__N4__ring__seed3,dgn_qmix,coord_grid,3,587,14700,9.0,25,0.8836329166666667,0.1464836373925209,0.6681080708901087,21.86286195903085
dgn_qmix__N4__ring__seed3,dgn_qmix,coord_grid,3,588,14725,3.0,25,0.883435,0.22265495359897614,0.5358444963182721,21.905189667013474
dgn_qmix__N4__ring__seed3,dgn_qmix,coord_grid,3,589,14750,2.0,25,0.8832370833333334,0.19359912226597467,0.5103026355306307,21.942832959000953
dgn_qmix__N4__ring__seed3,dgn_qmix,coord_grid,3,590,14775,7.0,25,0.8830391666666667,0.17837974056601524,0.6063418289025625,21.98143554199487
dgn_qmix__N4__ring__seed3,dgn_qmix,coord_grid,3,591,14800,3.0,25,0.88284125,0.15482701733708382,0.47586165368556976,22.020766417030245
dgn_qmix__N4__ring__seed3,dgn_qmix,coord_grid,3,592,14825,8.0,25,0.8826433333333333,0.13172520590679987,0.51206003342356,22.065259625029285
dgn_qmix__N4__ring__seed3,dgn_qmix,coord_grid,3,593,14850,3.0,25,0.8824454166666666,0.1735207469513019,0.3842380295197169,22.103871416999027
dgn_qmix__N4__ring__seed3,dgn_qmix,coord_grid,3,594,14875,7.0,25,0.8822475,0.18999172498782477,0.44620350499947864,22.142322250001598
dgn_qmix__N4__ring__seed3,dgn_qmix,coord_grid,3,595,14900,1.0,25,0.8820495833333334,0.1643710844218731,0.4115543911854426,22.179235416988377
dgn_qmix__N4__ring__seed3,dgn_qmix,coord_grid,3,596,14925,3.0,25,0.8818516666666667,0.2545224960361208,0.4230139510972159,22.22399820899591
dgn_qmix__N4__ring__seed3,dgn_qmix,coord_grid,3,597,14950,5.0,25,0.88165375,0.19682922710975012,0.5808088680108389,22.26049829198746
dgn_qmix__N4__ring__seed3,dgn_qmix,coord_grid,3,598,14975,3.0,25,0.8814558333333333,0.1854409178098043,0.49622876942157745,22.299606750020757
dgn_qmix__N4__ring__seed3,dgn_qmix,coord_grid,3,599,15000,2.0,25,0.8812579166666666,0.16527315601706505,0.5079636027415594,22.336192000017036
dgn_qmix__N4__ring__seed3,dgn_qmix,coord_grid,3,600,15025,1.0,25,0.88106,0.1741493663617543,0.7433365711144039,22.380364625016227
dgn_qmix__N4__ring__seed3,dgn_qmix,coord_grid,3,601,15050,5.0,25,0.8808620833333334,0.1822270875175794,0.5160359491904577,22.419278541987296
dgn_qmix__N4__ring__seed3,dgn_qmix,coord_grid,3,602,15075,6.0,25,0.8806641666666667,0.20578560481468836,0.5668491770823797,22.45699479203904
dgn_qmix__N4__ring__seed3,dgn_qmix,coord_grid,3,603,15100,2.0,25,0.88046625,0.09727099537849426,0.44062552104393643,22.496404749981593
dgn_qmix__N4__ring__seed3,dgn_qmix,coord_grid,3,604,15125,6.0,25,0.8802683333333333,0.1862221700804574,0.5553156009742192,22.539709334028885
dgn_qmix__N4__ring__seed3,dgn_qmix,coord_grid,3,605,15150,7.0,25,0.8800704166666666,0.23473610604802767,0.5072947616378466,22.57713375001913
dgn_qmix__N4__ring__seed3,dgn_qmix,coord_grid,3,606,15175,6.0,25,0.8798725000000001,0.2168560717254877,0.5036017249027888,22.615768458985258
dgn_qmix__N4__ring__seed3,dgn_qmix,coord_grid,3,607,15200,1.0,25,0.8796745833333334,0.11786816890041034,0.4661242887377739,22.654197584022768
dgn_qmix__N4__ring__seed3,dgn_qmix,coord_grid,3,608,15225,8.0,25,0.8794766666666667,0.1745966843196324,0.48698893189430237,22.69688241701806
dgn_qmix__N4__ring__seed3,dgn_qmix,coord_grid,3,609,15250,1.0,25,0.87927875,0.20802129556735358,0.46983425815900165,22.734751042036805
dgn_qmix__N4__ring__seed3,dgn_qmix,coord_grid,3,610,15275,2.0,25,0.8790808333333333,0.18051160499453545,0.4863915890455246,22.77212837501429
dgn_qmix__N4__ring__seed3,dgn_qmix,coord_grid,3,611,15300,1.0,25,0.8788829166666666,0.22186542550722757,0.6097752650578817,22.810505000001285
dgn_qmix__N4__ring__seed3,dgn_qmix,coord_grid,3,612,15325,5.0,25,0.8786849999999999,0.20683538700853074,0.5656244031020573,22.854065917024855
dgn_qmix__N4__ring__seed3,dgn_qmix,coord_grid,3,613,15350,5.0,25,0.8784870833333334,0.1494306611518065,0.4564233918984731,22.892321792023722
dgn_qmix__N4__ring__seed3,dgn_qmix,coord_grid,3,614,15375,7.0,25,0.8782891666666667,0.17540588974952698,0.6547516087690989,22.930376834003255
dgn_qmix__N4__ring__seed3,dgn_qmix,coord_grid,3,615,15400,10.0,25,0.87809125,0.15492246796687445,0.5348484019438425,22.969486250018235
dgn_qmix__N4__ring__seed3,dgn_qmix,coord_grid,3,616,15425,3.0,25,0.8778933333333333,0.19240903854370117,0.914957080568586,23.012126374989748
dgn_qmix__N4__ring__seed3,dgn_qmix,coord_grid,3,617,15450,4.0,25,0.8776954166666666,0.20904270311196646,0.8640287220478058,23.051374375005253
dgn_qmix__N4__ring__seed3,dgn_qmix,coord_grid,3,618,15475,2.0,25,0.8774975,0.21325445920228958,0.8160243680079778,23.088255167007446
dgn_qmix__N4__ring__seed3,dgn_qmix,coord_grid,3,619,15500,4.0,25,0.8772995833333334,0.19846533114711443,0.829485202829043,23.124569292005617
dgn_qmix__N4__ring__seed3,dgn_qmix,coord_grid,3,620,15525,4.0,25,0.8771016666666667,0.2206030147416251,0.4146451588187899,23.16997975000413
dgn_qmix__N4__ring__seed3,dgn_qmix,coord_grid,3,621,15550,2.0,25,0.87690375,0.15503502016266188,0.49307475984096527,23.20927491702605
dgn_qmix__N4__ring__seed3,dgn_qmix,coord_grid,3,622,15575,10.0,25,0.8767058333333333,0.18162339677413306,0.7256530920664469,23.24837166699581
dgn_qmix__N4__ring__seed3,dgn_qmix,coord_grid,3,623,15600,9.0,25,0.8765079166666667,0.16414939239621162,0.5193731188774109,23.28593125002226
dgn_qmix__N4__ring__seed3,dgn_qmix,coord_grid,3,624,15625,3.0,25,0.87631,0.17919731885194778,0.4835298998015268,23.329883333994076
dgn_qmix__N4__ring__seed3,dgn_qmix,coord_grid,3,625,15650,3.0,25,0.8761120833333333,0.2715877654651801,0.5269466092189153,23.367041292018257
dgn_qmix__N4__ring__seed3,dgn_qmix,coord_grid,3,626,15675,4.0,25,0.8759141666666667,0.16608579456806183,0.5621846814950308,23.40498537500389
dgn_qmix__N4__ring__seed3,dgn_qmix,coord_grid,3,627,15700,0.0,25,0.87571625,0.2815205877025922,0.5437267770369848,23.442379458982032
dgn_qmix__N4__ring__seed3,dgn_qmix,coord_grid,3,628,15725,7.0,25,0.8755183333333334,0.1467169619032315,0.6091152642454419,23.48710516700521
dgn_qmix__N4__ring__seed3,dgn_qmix,coord_grid,3,629,15750,7.0,25,0.8753204166666667,0.23428993423779806,0.7018822481234869,23.525765375001356
dgn_qmix__N4__ring__seed3,dgn_qmix,coord_grid,3,630,15775,4.0,25,0.8751225,0.19239878778656325,0.5579333355029424,23.5637452499941
dgn_qmix__N4__ring__seed3,dgn_qmix,coord_grid,3,631,15800,4.0,25,0.8749245833333333,0.1615294230480989,0.42557154844204587,23.600065917009488
dgn_qmix__N4__ring__seed3,dgn_qmix,coord_grid,3,632,15825,13.0,25,0.8747266666666667,0.14861012675932475,0.4219134620257786,23.643146125017665
dgn_qmix__N4__ring__seed3,dgn_qmix,coord_grid,3,633,15850,1.0,25,0.8745287500000001,0.19048811743656793,0.6162875344355901,23.679653625003994
dgn_qmix__N4__ring__seed3,dgn_qmix,coord_grid,3,634,15875,3.0,25,0.8743308333333333,0.21182386577129364,0.653336172302564,23.71682554198196
dgn_qmix__N4__ring__seed3,dgn_qmix,coord_grid,3,635,15900,1.0,25,0.8741329166666667,0.19450964778661728,0.39463911453882855,23.75580920901848
dgn_qmix__N4__ring__seed3,dgn_qmix,coord_grid,3,636,15925,6.0,25,0.873935,0.22779081974710738,0.6671303766114371,23.80179641698487
dgn_qmix__N4__ring__seed3,dgn_qmix,coord_grid,3,637,15950,4.0,25,0.8737370833333333,0.1802765807757775,0.593289777636528,23.84151599998586
dgn_qmix__N4__ring__seed3,dgn_qmix,coord_grid,3,638,15975,4.0,25,0.8735391666666666,0.1488124274959167,0.46724102397759754,23.881773875036743
dgn_qmix__N4__ring__seed3,dgn_qmix,coord_grid,3,639,16000,1.0,25,0.87334125,0.21840411921342215,0.5945206582546234,23.922769459022675
dgn_qmix__N4__ring__seed3,dgn_qmix,coord_grid,3,640,16025,6.0,25,0.8731433333333334,0.15964857542089053,0.519969527210508,23.966748667007778
dgn_qmix__N4__ring__seed3,dgn_qmix,coord_grid,3,641,16050,2.0,25,0.8729454166666667,0.18725092336535454,0.5020948896805445,24.005522458988708
dgn_qmix__N4__ring__seed3,dgn_qmix,coord_grid,3,642,16075,4.0,25,0.8727475,0.17697331309318542,0.5722035517295202,24.044062083994504
dgn_qmix__N4__ring__seed3,dgn_qmix,coord_grid,3,643,16100,2.0,25,0.8725495833333333,0.17821058134237924,0.5003699908653895,24.085273542033974
dgn_qmix__N4__ring__seed3,dgn_qmix,coord_grid,3,644,16125,7.0,25,0.8723516666666666,0.22084273397922516,0.5044353391442981,24.130126417032443
dgn_qmix__N4__ring__seed3,dgn_qmix,coord_grid,3,645,16150,6.0,25,0.8721537500000001,0.21291183804472288,0.7696598917245865,24.16585908399429
dgn_qmix__N4__ring__seed3,dgn_qmix,coord_grid,3,646,16175,4.0,25,0.8719558333333334,0.17388533800840378,0.3886214643716812,24.20664749998832
dgn_qmix__N4__ring__seed3,dgn_qmix,coord_grid,3,647,16200,3.0,25,0.8717579166666667,0.21626759320497513,0.4824278304974238,24.245799167023506
dgn_qmix__N4__ring__seed3,dgn_qmix,coord_grid,3,648,16225,7.0,25,0.87156,0.24687756597995758,0.8165430171149117,24.289961000031326
dgn_qmix__N4__ring__seed3,dgn_qmix,coord_grid,3,649,16250,6.0,25,0.8713620833333333,0.2265713339050611,0.855095699429512,24.328259542002343
dgn_qmix__N4__ring__seed3,dgn_qmix,coord_grid,3,650,16275,3.0,25,0.8711641666666667,0.23188145707050958,0.5738913665215174,24.36900866701035
dgn_qmix__N4__ring__seed3,dgn_qmix,coord_grid,3,651,16300,9.0,25,0.8709662499999999,0.18999366958936056,0.5781243592500687,24.40620900003705
dgn_qmix__N4__ring__seed3,dgn_qmix,coord_grid,3,652,16325,5.0,25,0.8707683333333334,0.30222099806581226,0.6564726574080331,24.449474334018305
dgn_qmix__N4__ring__seed3,dgn_qmix,coord_grid,3,653,16350,5.0,25,0.8705704166666667,0.2436042601863543,0.8317975203196207,24.488362250034697
dgn_qmix__N4__ring__seed3,dgn_qmix,coord_grid,3,654,16375,8.0,25,0.8703725,0.21564529091119766,0.49797794222831726,24.52663245901931
dgn_qmix__N4__ring__seed3,dgn_qmix,coord_grid,3,655,16400,9.0,25,0.8701745833333333,0.219393660624822,0.6422506322463354,24.566878209006973
dgn_qmix__N4__ring__seed3,dgn_qmix,coord_grid,3,656,16425,6.0,25,0.8699766666666666,0.19046422413417272,0.7535017090184348,24.611929834005423
dgn_qmix__N4__ring__seed3,dgn_qmix,coord_grid,3,657,16450,5.0,25,0.86977875,0.15551992133259773,0.8257155865430832,24.649710541998502
dgn_qmix__N4__ring__seed3,dgn_qmix,coord_grid,3,658,16475,2.0,25,0.8695808333333334,0.24348527068893114,1.1535855829715729,24.688666292000562
dgn_qmix__N4__ring__seed3,dgn_qmix,coord_grid,3,659,16500,3.0,25,0.8693829166666667,0.22379851341247559,0.8476522564888,24.72974737500772
dgn_qmix__N4__ring__seed3,dgn_qmix,coord_grid,3,660,16525,4.0,25,0.869185,0.19374478847852775,0.5345180630683899,24.77164112502942
dgn_qmix__N4__ring__seed3,dgn_qmix,coord_grid,3,661,16550,7.0,25,0.8689870833333333,0.18369466066360474,0.4523264467716217,24.810678499983624
dgn_qmix__N4__ring__seed3,dgn_qmix,coord_grid,3,662,16575,3.0,25,0.8687891666666667,0.2127785086631775,0.6357648919026057,24.848847166984342
dgn_qmix__N4__ring__seed3,dgn_qmix,coord_grid,3,663,16600,7.0,25,0.86859125,0.2284773327410221,0.5144124726454417,24.887867374985944
dgn_qmix__N4__ring__seed3,dgn_qmix,coord_grid,3,664,16625,4.0,25,0.8683933333333334,0.1658335988010679,0.5572645217180252,24.93182437500218
dgn_qmix__N4__ring__seed3,dgn_qmix,coord_grid,3,665,16650,0.0,25,0.8681954166666667,0.18316668272018433,0.42533257106939953,24.969433291989844
dgn_qmix__N4__ring__seed3,dgn_qmix,coord_grid,3,666,16675,7.0,25,0.8679975,0.2814491391181946,0.6035382300615311,25.009046374994796
dgn_qmix__N4__ring__seed3,dgn_qmix,coord_grid,3,667,16700,8.0,25,0.8677995833333334,0.19850801676511765,0.6549962610006332,25.047873875009827
dgn_qmix__N4__ring__seed3,dgn_qmix,coord_grid,3,668,16725,9.0,25,0.8676016666666666,0.18196172373635427,0.5203860998153687,25.091953959024977
dgn_qmix__N4__ring__seed3,dgn_qmix,coord_grid,3,669,16750,3.0,25,0.86740375,0.2645399148265521,0.6362962325414022,25.13167237502057
dgn_qmix__N4__ring__seed3,dgn_qmix,coord_grid,3,670,16775,4.0,25,0.8672058333333333,0.20022479693094888,0.4479151864846547,25.172027792024892
dgn_qmix__N4__ring__seed3,dgn_qmix,coord_grid,3,671,16800,0.0,25,0.8670079166666667,0.23049061372876167,0.46726693709691364,25.21053199999733
dgn_qmix__N4__ring__seed3,dgn_qmix,coord_grid,3,672,16825,2.0,25,0.8668100000000001,0.20340945571660995,0.582231845174517,25.2529613749939
dgn_qmix__N4__ring__seed3,dgn_qmix,coord_grid,3,673,16850,2.0,25,0.8666120833333333,0.23815429831544557,0.6791869799296061,25.291798959020525
dgn_qmix__N4__ring__seed3,dgn_qmix,coord_grid,3,674,16875,1.0,25,0.8664141666666667,0.25387677053610486,0.7759175052245458,25.331234625016805
dgn_qmix__N4__ring__seed3,dgn_qmix,coord_grid,3,675,16900,4.0,25,0.86621625,0.2452653149763743,0.5247330615917841,25.36932037502993
dgn_qmix__N4__ring__seed3,dgn_qmix,coord_grid,3,676,16925,1.0,25,0.8660183333333333,0.2519466685397284,0.480121591261455,25.412446458998602
dgn_qmix__N4__ring__seed3,dgn_qmix,coord_grid,3,677,16950,7.0,25,0.8658204166666666,0.14779245542983213,0.5809963246186575,25.449550291989
dgn_qmix__N4__ring__seed3,dgn_qmix,coord_grid,3,678,16975,4.0,25,0.8656225,0.18647617722551027,0.4527318477630615,25.489362917025574
dgn_qmix__N4__ring__seed3,dgn_qmix,coord_grid,3,679,17000,10.0,25,0.8654245833333334,0.21535413712263107,0.7941543112198511,25.52797300001839
dgn_qmix__N4__ring__seed3,dgn_qmix,coord_grid,3,680,17025,8.0,25,0.8652266666666667,0.18268457587276185,1.0065780665193285,25.571613374981098
dgn_qmix__N4__ring__seed3,dgn_qmix,coord_grid,3,681,17050,4.0,25,0.86502875,0.2113647423684597,0.746708482503891,25.61058579199016
dgn_qmix__N4__ring__seed3,dgn_qmix,coord_grid,3,682,17075,9.0,25,0.8648308333333333,0.22154018779595694,0.685873861114184,25.65118683403125
dgn_qmix__N4__ring__seed3,dgn_qmix,coord_grid,3,683,17100,2.0,25,0.8646329166666666,0.21746148789922395,0.780997042854627,25.687909542000853
dgn_qmix__N4__ring__seed3,dgn_qmix,coord_grid,3,684,17125,4.0,25,0.8644350000000001,0.2344092173235757,0.8669718631676265,25.732504084007815
dgn_qmix__N4__ring__seed3,dgn_qmix,coord_grid,3,685,17150,8.0,25,0.8642370833333334,0.2572507473329703,0.6752069691816965,25.77047520899214
dgn_qmix__N4__ring__seed3,dgn_qmix,coord_grid,3,686,17175,1.0,25,0.8640391666666667,0.24436263491710028,0.5393938620885214,25.811487667029724
dgn_qmix__N4__ring__seed3,dgn_qmix,coord_grid,3,687,17200,4.0,25,0.86384125,0.26258447021245956,0.40226413309574127,25.8510117920232
dgn_qmix__N4__ring__seed3,dgn_qmix,coord_grid,3,688,17225,5.0,25,0.8636433333333333,0.20645795443228313,0.40148093019212994,25.895545042003505
dgn_qmix__N4__ring__seed3,dgn_qmix,coord_grid,3,689,17250,3.0,25,0.8634454166666667,0.24227600047985712,0.5994466046492258,25.935809959017206
dgn_qmix__N4__ring__seed3,dgn_qmix,coord_grid,3,690,17275,7.0,25,0.8632475,0.183414905021588,0.5876862009366354,25.972694249998312
dgn_qmix__N4__ring__seed3,dgn_qmix,coord_grid,3,691,17300,7.0,25,0.8630495833333334,0.19075173884630203,0.636875569820404,26.012208292027935
dgn_qmix__N4__ring__seed3,dgn_qmix,coord_grid,3,692,17325,5.0,25,0.8628516666666667,0.1560692052756037,0.6000422409602574,26.05567479203455
dgn_qmix__N4__ring__seed3,dgn_qmix,coord_grid,3,693,17350,3.0,25,0.86265375,0.18071264773607254,0.646646668513616,26.09495895903092
dgn_qmix__N4__ring__seed3,dgn_qmix,coord_grid,3,694,17375,4.0,25,0.8624558333333333,0.2503667672475179,0.6161760141452154,26.134403125033714
dgn_qmix__N4__ring__seed3,dgn_qmix,coord_grid,3,695,17400,6.0,25,0.8622579166666666,0.209705151617527,0.6110347410043081,26.173176584008615
dgn_qmix__N4__ring__seed3,dgn_qmix,coord_grid,3,696,17425,0.0,25,0.86206,0.17118344136646815,0.49136690156800406,26.214613583986647
dgn_qmix__N4__ring__seed3,dgn_qmix,coord_grid,3,697,17450,3.0,25,0.8618620833333334,0.19269095454365015,0.5361698369185129,26.253192959004082
dgn_qmix__N4__ring__seed3,dgn_qmix,coord_grid,3,698,17475,3.0,25,0.8616641666666667,0.19399776309728622,0.423184297978878,26.291855750023387
dgn_qmix__N4__ring__seed3,dgn_qmix,coord_grid,3,699,17500,3.0,25,0.86146625,0.18561484043796858,0.46148298184076947,26.330237334012054
dgn_qmix__N4__ring__seed3,dgn_qmix,coord_grid,3,700,17525,11.0,25,0.8612683333333333,0.25277064953531536,0.7986922349248614,26.374205792031717
dgn_qmix__N4__ring__seed3,dgn_qmix,coord_grid,3,701,17550,3.0,25,0.8610704166666667,0.21703548977772394,0.6451812783877054,26.413290209020488
dgn_qmix__N4__ring__seed3,dgn_qmix,coord_grid,3,702,17575,2.0,25,0.8608725,0.22228408853212991,0.49698643386363983,26.450775250035804
dgn_qmix__N4__ring__seed3,dgn_qmix,coord_grid,3,703,17600,3.0,25,0.8606745833333334,0.2206589716176192,0.5563279241323471,26.488076834008098
dgn_qmix__N4__ring__seed3,dgn_qmix,coord_grid,3,704,17625,4.0,25,0.8604766666666667,0.24238907439368113,0.44209086894989014,26.532252667006105
dgn_qmix__N4__ring__seed3,dgn_qmix,coord_grid,3,705,17650,7.0,25,0.86027875,0.22531420240799585,0.7039307951927185,26.56988237501355
dgn_qmix__N4__ring__seed3,dgn_qmix,coord_grid,3,706,17675,1.0,25,0.8600808333333334,0.24286205445726713,0.7286990880966187,26.606769459031057
dgn_qmix__N4__ring__seed3,dgn_qmix,coord_grid,3,707,17700,5.0,25,0.8598829166666667,0.1891052331775427,0.5587481260299683,26.646345750021283
dgn_qmix__N4__ring__seed3,dgn_qmix,coord_grid,3,708,17725,5.0,25,0.859685,0.19473015197685786,0.5422576112406594,26.688524750003126
dgn_qmix__N4__ring__seed3,dgn_qmix,coord_grid,3,709,17750,3.0,25,0.8594870833333333,0.22231493641932806,0.6128547837336858,26.72601979202591
dgn_qmix__N4__ring__seed3,dgn_qmix,coord_grid,3,710,17775,4.0,25,0.8592891666666667,0.23433826367060342,0.6796473562717438,26.764582250034437
dgn_qmix__N4__ring__seed3,dgn_qmix,coord_grid,3,711,17800,11.0,25,0.85909125,0.1777583286166191,0.5857540567715963,26.804573209024966
dgn_qmix__N4__ring__seed3,dgn_qmix,coord_grid,3,712,17825,7.0,25,0.8588933333333333,0.22581009566783905,0.9050516102995191,26.847268374986015
dgn_qmix__N4__ring__seed3,dgn_qmix,coord_grid,3,713,17850,5.0,25,0.8586954166666667,0.23482021192709604,1.0976249476273854,26.88936912501231
dgn_qmix__N4__ring__seed3,dgn_qmix,coord_grid,3,714,17875,2.0,25,0.8584975,0.2537364823122819,0.8000334054231644,26.927521375007927
dgn_qmix__N4__ring__seed3,dgn_qmix,coord_grid,3,715,17900,7.0,25,0.8582995833333333,0.2423854904870192,1.1970471913615863,26.968068292015232
dgn_qmix__N4__ring__seed3,dgn_qmix,coord_grid,3,716,17925,5.0,25,0.8581016666666667,0.2526209769504411,0.6849452086857387,27.013106875005178
dgn_qmix__N4__ring__seed3,dgn_qmix,coord_grid,3,717,17950,5.0,25,0.85790375,0.2809887006878853,0.5949055502812067,27.05080479203025
dgn_qmix__N4__ring__seed3,dgn_qmix,coord_grid,3,718,17975,8.0,25,0.8577058333333334,0.2185303264607986,0.5351141144831976,27.08940850000363
dgn_qmix__N4__ring__seed3,dgn_qmix,coord_grid,3,719,18000,1.0,25,0.8575079166666667,0.25221770505110425,0.6899538636207581,27.126192416995764
dgn_qmix__N4__ring__seed3,dgn_qmix,coord_grid,3,720,18025,4.0,25,0.85731,0.20116529081548964,0.5526963600090572,27.17032224999275
dgn_qmix__N4__ring__seed3,dgn_qmix,coord_grid,3,721,18050,4.0,25,0.8571120833333333,0.2429793340464433,0.6509716461102167,27.207968208997045
dgn_qmix__N4__ring__seed3,dgn_qmix,coord_grid,3,722,18075,7.0,25,0.8569141666666666,0.23313678180178007,0.5304109851519266,27.245624292001594
dgn_qmix__N4__ring__seed3,dgn_qmix,coord_grid,3,723,18100,6.0,25,0.8567162500000001,0.21744904667139053,0.6595649222532908,27.28397087502526
dgn_qmix__N4__ring__seed3,dgn_qmix,coord_grid,3,724,18125,9.0,25,0.8565183333333334,0.19862519949674606,0.5310327070099967,27.32991079200292
dgn_qmix__N4__ring__seed3,dgn_qmix,coord_grid,3,725,18150,9.0,25,0.8563204166666667,0.2429651195804278,0.7456097354491552,27.368939042033162
dgn_qmix__N4__ring__seed3,dgn_qmix,coord_grid,3,726,18175,9.0,25,0.8561225,0.2600071157018344,0.5441053956747055,27.408119041996542
dgn_qmix__N4__ring__seed3,dgn_qmix,coord_grid,3,727,18200,3.0,25,0.8559245833333333,0.2552335088451703,0.7070238391558329,27.444893084000796
dgn_qmix__N4__ring__seed3,dgn_qmix,coord_grid,3,728,18225,4.0,25,0.8557266666666666,0.23066712277276175,0.5959449878760746,27.488882667035796
dgn_qmix__N4__ring__seed3,dgn_qmix,coord_grid,3,729,18250,3.0,25,0.85552875,0.19577769686778387,0.8869073241949081,27.527779583993834
dgn_qmix__N4__ring__seed3,dgn_qmix,coord_grid,3,730,18275,2.0,25,0.8553308333333334,0.2541528766353925,0.8103303710619608,27.567418541992083
dgn_qmix__N4__ring__seed3,dgn_qmix,coord_grid,3,731,18300,5.0,25,0.8551329166666667,0.20014304543534914,0.6542615046103796,27.606334874988534
dgn_qmix__N4__ring__seed3,dgn_qmix,coord_grid,3,732,18325,1.0,25,0.854935,0.21899620762893132,0.5437654980591365,27.650859166984446
dgn_qmix__N4__ring__seed3,dgn_qmix,coord_grid,3,733,18350,8.0,25,0.8547370833333333,0.24123220145702362,0.5808828423420588,27.690365499991458
dgn_qmix__N4__ring__seed3,dgn_qmix,coord_grid,3,734,18375,6.0,25,0.8545391666666666,0.2045244351029396,0.528870885570844,27.728499250020832
dgn_qmix__N4__ring__seed3,dgn_qmix,coord_grid,3,735,18400,1.0,25,0.85434125,0.1914497452477614,0.7268465509017309,27.767708708997816
dgn_qmix__N4__ring__seed3,dgn_qmix,coord_grid,3,736,18425,7.0,25,0.8541433333333334,0.23226770332881383,0.8125249998910087,27.81163908401504
dgn_qmix__N4__ring__seed3,dgn_qmix,coord_grid,3,737,18450,3.0,25,0.8539454166666667,0.23310064524412155,0.7050371815760931,27.849556208995637
dgn_qmix__N4__ring__seed3,dgn_qmix,coord_grid,3,738,18475,1.0,25,0.8537475,0.20544791469971338,0.7153473993142446,27.8881715000025
dgn_qmix__N4__ring__seed3,dgn_qmix,coord_grid,3,739,18500,4.0,25,0.8535495833333333,0.25140712906916934,0.6922508925199509,27.928079417033587
dgn_qmix__N4__ring__seed3,dgn_qmix,coord_grid,3,740,18525,1.0,25,0.8533516666666666,0.21807820456368582,0.6479072485651288,27.97343216702575
dgn_qmix__N4__ring__seed3,dgn_qmix,coord_grid,3,741,18550,6.0,25,0.85315375,0.21733815719683966,0.5207158923149109,28.01255345903337
dgn_qmix__N4__ring__seed3,dgn_qmix,coord_grid,3,742,18575,2.0,25,0.8529558333333334,0.23586077118913332,0.48891326785087585,28.051872625015676
dgn_qmix__N4__ring__seed3,dgn_qmix,coord_grid,3,743,18600,10.0,25,0.8527579166666667,0.2703189899524053,0.6954341977834702,28.09014429198578
dgn_qmix__N4__ring__seed3,dgn_qmix,coord_grid,3,744,18625,2.0,25,0.85256,0.250068119594029,0.911313133580344,28.135198167001363
dgn_qmix__N4__ring__seed3,dgn_qmix,coord_grid,3,745,18650,10.0,25,0.8523620833333333,0.2114029054840406,0.909380316734314,28.173936459003016
dgn_qmix__N4__ring__seed3,dgn_qmix,coord_grid,3,746,18675,4.0,25,0.8521641666666667,0.3033252035578092,0.7990817775328954,28.212470667029265
dgn_qmix__N4__ring__seed3,dgn_qmix,coord_grid,3,747,18700,1.0,25,0.85196625,0.21453936770558357,0.8242913136879603,28.253673875005916
dgn_qmix__N4__ring__seed3,dgn_qmix,coord_grid,3,748,18725,6.0,25,0.8517683333333333,0.26876535373074667,0.9138868536267962,28.298940125037916
dgn_qmix__N4__ring__seed3,dgn_qmix,coord_grid,3,749,18750,1.0,25,0.8515704166666667,0.25765490780274075,0.6534114380677541,28.338513166992925
dgn_qmix__N4__ring__seed3,dgn_qmix,coord_grid,3,750,18775,4.0,25,0.8513725,0.27807496922711533,0.5906182924906412,28.37791316700168
dgn_qmix__N4__ring__seed3,dgn_qmix,coord_grid,3,751,18800,6.0,25,0.8511745833333333,0.2766206885377566,0.6240079204241434,28.416161291999742
dgn_qmix__N4__ring__seed3,dgn_qmix,coord_grid,3,752,18825,7.0,25,0.8509766666666667,0.2120236392532076,0.6356845583234515,28.462195792002603
dgn_qmix__N4__ring__seed3,dgn_qmix,coord_grid,3,753,18850,3.0,25,0.85077875,0.2630118777354558,0.573931003610293,28.50295079202624
dgn_qmix__N4__ring__seed3,dgn_qmix,coord_grid,3,754,18875,6.0,25,0.8505808333333333,0.20456243058045706,0.7287722676992416,28.543599708995316
dgn_qmix__N4__ring__seed3,dgn_qmix,coord_grid,3,755,18900,9.0,25,0.8503829166666667,0.1879810057580471,0.7903973410526911,28.58501033403445
dgn_qmix__N4__ring__seed3,dgn_qmix,coord_grid,3,756,18925,3.0,25,0.850185,0.28915241254227503,0.7071091703006199,28.630662834038958
dgn_qmix__N4__ring__seed3,dgn_qmix,coord_grid,3,757,18950,6.0,25,0.8499870833333334,0.1619509533047676,0.8828708032766978,28.670345499995165
dgn_qmix__N4__ring__seed3,dgn_qmix,coord_grid,3,758,18975,2.0,25,0.8497891666666667,0.24258265644311905,0.6580790877342224,28.70828433398856
dgn_qmix__N4__ring__seed3,dgn_qmix,coord_grid,3,759,19000,4.0,25,0.84959125,0.2105284444987774,0.739979068438212,28.746483625029214
dgn_qmix__N4__ring__seed3,dgn_qmix,coord_grid,3,760,19025,2.0,25,0.8493933333333333,0.14750993571111135,0.5224185330527169,28.788111709000077
dgn_qmix__N4__ring__seed3,dgn_qmix,coord_grid,3,761,19050,2.0,25,0.8491954166666666,0.3021889527638753,0.70489934583505,28.82878016703762
dgn_qmix__N4__ring__seed3,dgn_qmix,coord_grid,3,762,19075,2.0,25,0.8489975,0.18451201543211937,0.7836393713951111,28.871000959014054
dgn_qmix__N4__ring__seed3,dgn_qmix,coord_grid,3,763,19100,3.0,25,0.8487995833333333,0.24584380785624185,0.8764771719773611,28.914557249983773
dgn_qmix__N4__ring__seed3,dgn_qmix,coord_grid,3,764,19125,7.0,25,0.8486016666666667,0.43647448292800356,0.9229633978434971,28.95807687501656
dgn_qmix__N4__ring__seed3,dgn_qmix,coord_grid,3,765,19150,6.0,25,0.84840375,0.2632274304827054,0.9973909457524618,28.998621250037104
dgn_qmix__N4__ring__seed3,dgn_qmix,coord_grid,3,766,19175,4.0,25,0.8482058333333333,0.24585198735197386,0.8769463350375494,29.037056542001665
dgn_qmix__N4__ring__seed3,dgn_qmix,coord_grid,3,767,19200,2.0,25,0.8480079166666666,0.18801041940848032,0.9302089711030325,29.077522042032797
dgn_qmix__N4__ring__seed3,dgn_qmix,coord_grid,3,768,19225,8.0,25,0.84781,0.21428475954702922,0.6178995370864868,29.122677624982316
dgn_qmix__N4__ring__seed3,dgn_qmix,coord_grid,3,769,19250,10.0,25,0.8476120833333334,0.25194143131375313,0.7566281408071518,29.16005700000096
dgn_qmix__N4__ring__seed3,dgn_qmix,coord_grid,3,770,19275,9.0,25,0.8474141666666667,0.16528202469150224,0.5675851007302603,29.199327791982796
dgn_qmix__N4__ring__seed3,dgn_qmix,coord_grid,3,771,19300,6.0,25,0.84721625,0.17992623647054037,0.8389473855495453,29.24034629203379
dgn_qmix__N4__ring__seed3,dgn_qmix,coord_grid,3,772,19325,8.0,25,0.8470183333333333,0.17185697385243007,0.7558347242219108,29.28507158398861
dgn_qmix__N4__ring__seed3,dgn_qmix,coord_grid,3,773,19350,5.0,25,0.8468204166666666,0.2008650153875351,0.4816471089919408,29.324977791984566
dgn_qmix__N4__ring__seed3,dgn_qmix,coord_grid,3,774,19375,1.0,25,0.8466225000000001,0.23784374942382178,0.7059182475010554,29.364222083997447
dgn_qmix__N4__ring__seed3,dgn_qmix,coord_grid,3,775,19400,4.0,25,0.8464245833333334,0.22706609219312668,0.7234498262405396,29.403106999990996
dgn_qmix__N4__ring__seed3,dgn_qmix,coord_grid,3,776,19425,3.0,25,0.8462266666666667,0.24262525460549764,0.876820547240121,29.44810416700784
dgn_qmix__N4__ring__seed3,dgn_qmix,coord_grid,3,777,19450,5.0,25,0.84602875,0.18919468422730765,0.9946011900901794,29.488541792030446
dgn_qmix__N4__ring__seed3,dgn_qmix,coord_grid,3,778,19475,10.0,25,0.8458308333333333,0.16869539519151053,0.7752203941345215,29.529998834012076
dgn_qmix__N4__ring__seed3,dgn_qmix,coord_grid,3,779,19500,3.0,25,0.8456329166666667,0.22104179238279661,0.5367053200801214,29.571782209037337
dgn_qmix__N4__ring__seed3,dgn_qmix,coord_grid,3,780,19525,4.0,25,0.8454349999999999,0.2375998039330755,1.011827996798924,29.614025458984543
dgn_qmix__N4__ring__seed3,dgn_qmix,coord_grid,3,781,19550,7.0,25,0.8452370833333334,0.2625343973437945,0.7697784304618835,29.650857500033453
dgn_qmix__N4__ring__seed3,dgn_qmix,coord_grid,3,782,19575,2.0,25,0.8450391666666667,0.20704279591639838,1.0607318182786305,29.6905015000375
dgn_qmix__N4__ring__seed3,dgn_qmix,coord_grid,3,783,19600,4.0,25,0.84484125,0.21329327672719955,0.703207532564799,29.730049209028948
dgn_qmix__N4__ring__seed3,dgn_qmix,coord_grid,3,784,19625,3.0,25,0.8446433333333333,0.2644140496850014,0.7278805800846645,29.775241792027373
dgn_qmix__N4__ring__seed3,dgn_qmix,coord_grid,3,785,19650,6.0,25,0.8444454166666666,0.39695729066928226,1.0407472749551137,29.81538729200838
dgn_qmix__N4__ring__seed3,dgn_qmix,coord_grid,3,786,19675,1.0,25,0.8442475,0.21102734406789145,0.8201652765274048,29.85650804202305
dgn_qmix__N4__ring__seed3,dgn_qmix,coord_grid,3,787,19700,3.0,25,0.8440495833333334,0.2251454914609591,0.7604215790828069,29.89610479201656
dgn_qmix__N4__ring__seed3,dgn_qmix,coord_grid,3,788,19725,3.0,25,0.8438516666666667,0.24564253219536372,0.8549253387110574,29.941163084004074
dgn_qmix__N4__ring__seed3,dgn_qmix,coord_grid,3,789,19750,3.0,25,0.84365375,0.21381192406018576,0.741950124502182,29.97964920900995
dgn_qmix__N4__ring__seed3,dgn_qmix,coord_grid,3,790,19775,5.0,25,0.8434558333333333,0.37670429050922394,0.852690726518631,30.01742024999112
dgn_qmix__N4__ring__seed3,dgn_qmix,coord_grid,3,791,19800,4.0,25,0.8432579166666667,0.2307633887976408,0.6987984130779902,30.05662987503456
dgn_qmix__N4__ring__seed3,dgn_qmix,coord_grid,3,792,19825,17.0,25,0.84306,0.26530370861291885,0.6696340313979557,30.1039898750023
dgn_qmix__N4__ring__seed3,dgn_qmix,coord_grid,3,793,19850,8.0,25,0.8428620833333333,0.20433981468280157,0.5744157085816065,30.14304129203083
dgn_qmix__N4__ring__seed3,dgn_qmix,coord_grid,3,794,19875,4.0,25,0.8426641666666667,0.31197812408208847,0.6614953130483627,30.182965333980974
dgn_qmix__N4__ring__seed3,dgn_qmix,coord_grid,3,795,19900,10.0,25,0.84246625,0.17400354767839113,0.6533389737208685,30.223963625030592
dgn_qmix__N4__ring__seed3,dgn_qmix,coord_grid,3,796,19925,6.0,25,0.8422683333333334,0.31408223509788513,0.8294344203812736,30.267909209011123
dgn_qmix__N4__ring__seed3,dgn_qmix,coord_grid,3,797,19950,4.0,25,0.8420704166666666,0.22094603752096495,0.6590948303540548,30.309019834036008
dgn_qmix__N4__ring__seed3,dgn_qmix,coord_grid,3,798,19975,5.0,25,0.8418725,0.2180188981195291,0.7313086042801539,30.348099209018983
dgn_qmix__N4__ring__seed3,dgn_qmix,coord_grid,3,799,20000,4.0,25,0.8416745833333333,0.15202915171782175,0.6473714709281921,30.386345834005624
dgn_qmix__N4__ring__seed3,dgn_qmix,coord_grid,3,800,20025,5.0,25,0.8414766666666667,0.27979897388390135,0.8613553302628654,30.431373542000074
dgn_qmix__N4__ring__seed3,dgn_qmix,coord_grid,3,801,20050,4.0,25,0.8412787500000001,0.29547713448603946,0.8932837347189585,30.471597791998647
dgn_qmix__N4__ring__seed3,dgn_qmix,coord_grid,3,802,20075,7.0,25,0.8410808333333333,0.27668217942118645,0.7414054969946543,30.51099870901089
dgn_qmix__N4__ring__seed3,dgn_qmix,coord_grid,3,803,20100,8.0,25,0.8408829166666667,0.21872200320164362,0.7800523936748505,30.549064291990362
dgn_qmix__N4__ring__seed3,dgn_qmix,coord_grid,3,804,20125,3.0,25,0.840685,0.29229112395218443,1.0962691732815333,30.593429500004277
dgn_qmix__N4__ring__seed3,dgn_qmix,coord_grid,3,805,20150,3.0,25,0.8404870833333333,0.17616719380021095,0.9099552979071935,30.634248542017303
dgn_qmix__N4__ring__seed3,dgn_qmix,coord_grid,3,806,20175,5.0,25,0.8402891666666666,0.2738669489820798,0.8577385048071543,30.673885709024034
dgn_qmix__N4__ring__seed3,dgn_qmix,coord_grid,3,807,20200,7.0,25,0.84009125,0.277009737988313,0.6712163786093394,30.71464287501294
dgn_qmix__N4__ring__seed3,dgn_qmix,coord_grid,3,808,20225,7.0,25,0.8398933333333334,0.28924490617854254,1.0813510758536202,30.75916887499625
dgn_qmix__N4__ring__seed3,dgn_qmix,coord_grid,3,809,20250,6.0,25,0.8396954166666667,0.32732879370450974,0.8985617011785507,30.799974250025116
dgn_qmix__N4__ring__seed3,dgn_qmix,coord_grid,3,810,20275,6.0,25,0.8394975,0.26733093957106274,0.7856114208698273,30.839244167029392
dgn_qmix__N4__ring__seed3,dgn_qmix,coord_grid,3,811,20300,1.0,25,0.8392995833333333,0.2521926946938038,0.7863006045420965,30.877873666991945
dgn_qmix__N4__ring__seed3,dgn_qmix,coord_grid,3,812,20325,2.0,25,0.8391016666666666,0.21289350731032236,0.6867983341217041,30.92331408400787
dgn_qmix__N4__ring__seed3,dgn_qmix,coord_grid,3,813,20350,1.0,25,0.8389037500000001,0.26264982546369237,1.0187285741170247,30.962165167031344
dgn_qmix__N4__ring__seed3,dgn_qmix,coord_grid,3,814,20375,7.0,25,0.8387058333333334,0.32676053792238235,0.6929705937703451,31.000136459013447
dgn_qmix__N4__ring__seed3,dgn_qmix,coord_grid,3,815,20400,4.0,25,0.8385079166666667,0.25926562398672104,1.2263927459716797,31.039938667032402
dgn_qmix__N4__ring__seed3,dgn_qmix,coord_grid,3,816,20425,7.0,25,0.83831,0.3552773743867874,0.9596069540296283,31.084358584019355
dgn_qmix__N4__ring__seed3,dgn_qmix,coord_grid,3,817,20450,2.0,25,0.8381120833333333,0.32438159734010696,1.005567307273547,31.12470275000669
dgn_qmix__N4__ring__seed3,dgn_qmix,coord_grid,3,818,20475,6.0,25,0.8379141666666667,0.25742430488268536,0.9197456141312917,31.1637207090389
dgn_qmix__N4__ring__seed3,dgn_qmix,coord_grid,3,819,20500,8.0,25,0.8377162499999999,0.25327971453468007,1.0206833084424336,31.20442937500775
dgn_qmix__N4__ring__seed3,dgn_qmix,coord_grid,3,820,20525,3.0,25,0.8375183333333334,0.21948021863188064,0.7124991544655391,31.249650250014383
dgn_qmix__N4__ring__seed3,dgn_qmix,coord_grid,3,821,20550,4.0,25,0.8373204166666667,0.2875354737043381,0.7939604371786118,31.289662084018346
dgn_qmix__N4__ring__seed3,dgn_qmix,coord_grid,3,822,20575,3.0,25,0.8371225,0.35710547864437103,0.7442081719636917,31.328246583987493
dgn_qmix__N4__ring__seed3,dgn_qmix,coord_grid,3,823,20600,8.0,25,0.8369245833333333,0.2893311530351639,0.8045159528652827,31.36653333401773
dgn_qmix__N4__ring__seed3,dgn_qmix,coord_grid,3,824,20625,2.0,25,0.8367266666666666,0.3076883852481842,0.8145515322685242,31.411741000018083
dgn_qmix__N4__ring__seed3,dgn_qmix,coord_grid,3,825,20650,3.0,25,0.83652875,0.297089916964372,0.7851340572039286,31.45166954200249
dgn_qmix__N4__ring__seed3,dgn_qmix,coord_grid,3,826,20675,4.0,25,0.8363308333333334,0.30225273966789246,0.7603371987740198,31.49052383401431
dgn_qmix__N4__ring__seed3,dgn_qmix,coord_grid,3,827,20700,5.0,25,0.8361329166666667,0.24863153571883836,0.7491926451524099,31.531042459013406
dgn_qmix__N4__ring__seed3,dgn_qmix,coord_grid,3,828,20725,7.0,25,0.835935,0.1777108141354152,0.7545038206236703,31.574842208996415
dgn_qmix__N4__ring__seed3,dgn_qmix,coord_grid,3,829,20750,6.0,25,0.8357370833333333,0.19987944761912027,0.7290255029996237,31.613548833993264
dgn_qmix__N4__ring__seed3,dgn_qmix,coord_grid,3,830,20775,6.0,25,0.8355391666666667,0.24236314992109934,0.9204806387424469,31.652063041983638
dgn_qmix__N4__ring__seed3,dgn_qmix,coord_grid,3,831,20800,2.0,25,0.83534125,0.1721788371602694,0.8351913889249166,31.690343042020686
dgn_qmix__N4__ring__seed3,dgn_qmix,coord_grid,3,832,20825,2.0,25,0.8351433333333333,0.21821457786219461,0.8040873110294342,31.733130584005266
dgn_qmix__N4__ring__seed3,dgn_qmix,coord_grid,3,833,20850,3.0,25,0.8349454166666667,0.22587310274442038,0.6515830357869467,31.772233417024836
dgn_qmix__N4__ring__seed3,dgn_qmix,coord_grid,3,834,20875,1.0,25,0.8347475,0.25949434625605744,0.8574215521415075,31.810337542032357
dgn_qmix__N4__ring__seed3,dgn_qmix,coord_grid,3,835,20900,2.0,25,0.8345495833333334,0.2766261274615924,0.8811018566290537,31.849413833988365
dgn_qmix__N4__ring__seed3,dgn_qmix,coord_grid,3,836,20925,2.0,25,0.8343516666666666,0.263294663812433,0.8661732843944004,31.89240220899228
dgn_qmix__N4__ring__seed3,dgn_qmix,coord_grid,3,837,20950,5.0,25,0.83415375,0.2565305170913537,0.7900468111038208,31.932263916998636
dgn_qmix__N4__ring__seed3,dgn_qmix,coord_grid,3,838,20975,8.0,25,0.8339558333333333,0.22887815410892168,0.8855222960313162,31.97140408400446
dgn_qmix__N4__ring__seed3,dgn_qmix,coord_grid,3,839,21000,2.0,25,0.8337579166666667,0.21517594903707504,0.8709613780180613,32.00868808402447
dgn_qmix__N4__ring__seed3,dgn_qmix,coord_grid,3,840,21025,2.0,25,0.8335600000000001,0.3454728275537491,1.3363077895981925,32.05375195899978
dgn_qmix__N4__ring__seed3,dgn_qmix,coord_grid,3,841,21050,2.0,25,0.8333620833333333,0.3217828795313835,1.0916634500026703,32.09091308398638
dgn_qmix__N4__ring__seed3,dgn_qmix,coord_grid,3,842,21075,6.0,25,0.8331641666666667,0.2787175923585892,0.7917235742012659,32.13053433399182
dgn_qmix__N4__ring__seed3,dgn_qmix,coord_grid,3,843,21100,3.0,25,0.83296625,0.329597366352876,1.1694572766621907,32.169538541988004
dgn_qmix__N4__ring__seed3,dgn_qmix,coord_grid,3,844,21125,4.0,25,0.8327683333333333,0.3194713166781834,1.5743440219334193,32.2149658750277
dgn_qmix__N4__ring__seed3,dgn_qmix,coord_grid,3,845,21150,5.0,25,0.8325704166666666,0.3384474168221156,1.1837660471598308,32.254836834035814
dgn_qmix__N4__ring__seed3,dgn_qmix,coord_grid,3,846,21175,2.0,25,0.8323725,0.2853224997719129,0.9017205635706583,32.293853167037014
dgn_qmix__N4__ring__seed3,dgn_qmix,coord_grid,3,847,21200,5.0,25,0.8321745833333334,0.38530805458625156,0.7529044498999914,32.333490499993786
dgn_qmix__N4__ring__seed3,dgn_qmix,coord_grid,3,848,21225,6.0,25,0.8319766666666667,0.26440255769661497,0.6468595692089626,32.37729999999283
dgn_qmix__N4__ring__seed3,dgn_qmix,coord_grid,3,849,21250,4.0,25,0.83177875,0.2995433484514554,0.905842125415802,32.4180385840009
dgn_qmix__N4__ring__seed3,dgn_qmix,coord_grid,3,850,21275,3.0,25,0.8315808333333333,0.28442272047201794,0.7530769407749176,32.45670987502672
dgn_qmix__N4__ring__seed3,dgn_qmix,coord_grid,3,851,21300,3.0,25,0.8313829166666666,0.2932920915385087,1.006130079428355,32.4973222920089
dgn_qmix__N4__ring__seed3,dgn_qmix,coord_grid,3,852,21325,9.0,25,0.8311850000000001,0.22628186430249894,0.8306314519473484,32.54025245900266
dgn_qmix__N4__ring__seed3,dgn_qmix,coord_grid,3,853,21350,5.0,25,0.8309870833333334,0.26048115144173306,0.894801914691925,32.580013250000775
dgn_qmix__N4__ring__seed3,dgn_qmix,coord_grid,3,854,21375,2.0,25,0.8307891666666667,0.26108532523115474,0.7534454663594564,32.620638750027865
dgn_qmix__N4__ring__seed3,dgn_qmix,coord_grid,3,855,21400,3.0,25,0.83059125,0.26596758266290027,0.7206668456395467,32.6611903749872
dgn_qmix__N4__ring__seed3,dgn_qmix,coord_grid,3,856,21425,4.0,25,0.8303933333333333,0.2257285522563117,0.797913100038256,32.70642125001177
dgn_qmix__N4__ring__seed3,dgn_qmix,coord_grid,3,857,21450,1.0,25,0.8301954166666667,0.31119193509221077,1.0773246983687084,32.744367167004384
dgn_qmix__N4__ring__seed3,dgn_qmix,coord_grid,3,858,21475,2.0,25,0.8299974999999999,0.301363339026769,0.9455820918083191,32.78398820903385
dgn_qmix__N4__ring__seed3,dgn_qmix,coord_grid,3,859,21500,3.0,25,0.8297995833333334,0.4294152607520421,0.8840270936489105,32.82516895898152
dgn_qmix__N4__ring__seed3,dgn_qmix,coord_grid,3,860,21525,5.0,25,0.8296016666666667,0.2934826708265713,0.6321064957550594,32.86896175000584
dgn_qmix__N4__ring__seed3,dgn_qmix,coord_grid,3,861,21550,14.0,25,0.82940375,0.26412899047136307,0.8766856988271078,32.90819616703084
dgn_qmix__N4__ring__seed3,dgn_qmix,coord_grid,3,862,21575,4.0,25,0.8292058333333334,0.27439852183063823,0.780737449725469,32.949311874981504
dgn_qmix__N4__ring__seed3,dgn_qmix,coord_grid,3,863,21600,4.0,25,0.8290079166666666,0.29556689659754437,0.6300447285175323,32.98806841700571
dgn_qmix__N4__ring__seed3,dgn_qmix,coord_grid,3,864,21625,1.0,25,0.82881,0.37366563081741333,0.7497595974377224,33.03228566702455
dgn_qmix__N4__ring__seed3,dgn_qmix,coord_grid,3,865,21650,1.0,25,0.8286120833333334,0.357393741607666,1.0226623366276424,33.07179658400128
dgn_qmix__N4__ring__seed3,dgn_qmix,coord_grid,3,866,21675,5.0,25,0.8284141666666667,0.39722298582394916,0.6264387220144272,33.11065783398226
dgn_qmix__N4__ring__seed3,dgn_qmix,coord_grid,3,867,21700,11.0,25,0.82821625,0.2799537157018979,0.8495624462763468,33.150867542019114
dgn_qmix__N4__ring__seed3,dgn_qmix,coord_grid,3,868,21725,4.0,25,0.8280183333333333,0.3388445292200361,0.5655630954674312,33.194347999989986
dgn_qmix__N4__ring__seed3,dgn_qmix,coord_grid,3,869,21750,6.0,25,0.8278204166666667,0.40436510493357974,0.7978655397891998,33.23245341703296
dgn_qmix__N4__ring__seed3,dgn_qmix,coord_grid,3,870,21775,3.0,25,0.8276225,0.30591905613740283,1.5341291626294453,33.26959337503649
dgn_qmix__N4__ring__seed3,dgn_qmix,coord_grid,3,871,21800,9.0,25,0.8274245833333334,0.28497806191444397,1.1082417170206706,33.308812458999455
dgn_qmix__N4__ring__seed3,dgn_qmix,coord_grid,3,872,21825,0.0,25,0.8272266666666667,0.29288192093372345,1.8609282204083033,33.352969166997354
dgn_qmix__N4__ring__seed3,dgn_qmix,coord_grid,3,873,21850,3.0,25,0.82702875,0.22828065852324167,1.3989496131738026,33.39229912502924
dgn_qmix__N4__ring__seed3,dgn_qmix,coord_grid,3,874,21875,1.0,25,0.8268308333333334,0.2715901955962181,0.6560734709103903,33.43272554199211
dgn_qmix__N4__ring__seed3,dgn_qmix,coord_grid,3,875,21900,0.0,25,0.8266329166666667,0.38051144530375797,0.8866044282913208,33.472263625008054
dgn_qmix__N4__ring__seed3,dgn_qmix,coord_grid,3,876,21925,8.0,25,0.826435,0.279101770903383,0.820857401405062,33.51574958401034
dgn_qmix__N4__ring__seed3,dgn_qmix,coord_grid,3,877,21950,7.0,25,0.8262370833333333,0.3174855709075928,0.9695548812548319,33.55460670898901
dgn_qmix__N4__ring__seed3,dgn_qmix,coord_grid,3,878,21975,5.0,25,0.8260391666666667,0.30135630319515866,0.9303248922030131,33.5928067920031
dgn_qmix__N4__ring__seed3,dgn_qmix,coord_grid,3,879,22000,10.0,25,0.8258412500000001,0.3048090711236,0.9619597693284353,33.632572625007015
dgn_qmix__N4__ring__seed3,dgn_qmix,coord_grid,3,880,22025,2.0,25,0.8256433333333333,0.267079302242824,0.934709906578064,33.677969709038734
dgn_qmix__N4__ring__seed3,dgn_qmix,coord_grid,3,881,22050,2.0,25,0.8254454166666667,0.3333841860294342,0.9073592325051626,33.7160809590132
dgn_qmix__N4__ring__seed3,dgn_qmix,coord_grid,3,882,22075,4.0,25,0.8252475,0.3307661215464274,0.6981005469957987,33.75523449998582
dgn_qmix__N4__ring__seed3,dgn_qmix,coord_grid,3,883,22100,9.0,25,0.8250495833333333,0.19607791552941004,0.7821076065301895,33.79429083399009
dgn_qmix__N4__ring__seed3,dgn_qmix,coord_grid,3,884,22125,7.0,25,0.8248516666666666,0.31498014501162935,1.06083026102611,33.83928570902208
dgn_qmix__N4__ring__seed3,dgn_qmix,coord_grid,3,885,22150,3.0,25,0.82465375,0.26153214400013286,0.8519843419392904,33.88022637501126
dgn_qmix__N4__ring__seed3,dgn_qmix,coord_grid,3,886,22175,6.0,25,0.8244558333333334,0.2458899182577928,0.7518703937530518,33.91960895899683
dgn_qmix__N4__ring__seed3,dgn_qmix,coord_grid,3,887,22200,6.0,25,0.8242579166666667,0.32370713104804355,0.7714337656895319,33.95886891701957
dgn_qmix__N4__ring__seed3,dgn_qmix,coord_grid,3,888,22225,3.0,25,0.82406,0.34967237072331564,0.821274357182639,34.003492999996524
dgn_qmix__N4__ring__seed3,dgn_qmix,coord_grid,3,889,22250,4.0,25,0.8238620833333333,0.37281892572840053,0.8948888927698135,34.043509375012945
dgn_qmix__N4__ring__seed3,dgn_qmix,coord_grid,3,890,22275,2.0,25,0.8236641666666666,0.23458357776204744,0.7650209814310074,34.081681334006134
dgn_qmix__N4__ring__seed3,dgn_qmix,coord_grid,3,891,22300,5.0,25,0.8234662500000001,0.25015293061733246,0.9215766191482544,34.123242250003386
dgn_qmix__N4__ring__seed3,dgn_qmix,coord_grid,3,892,22325,6.0,25,0.8232683333333334,0.3215548247098923,0.8803072358880725,34.16727295902092
dgn_qmix__N4__ring__seed3,dgn_qmix,coord_grid,3,893,22350,3.0,25,0.8230704166666667,0.45407914121945697,0.9262732565402985,34.20783458399819
dgn_qmix__N4__ring__seed3,dgn_qmix,coord_grid,3,894,22375,4.0,25,0.8228725,0.26152728746334714,0.9466821153958639,34.247102249995805
dgn_qmix__N4__ring__seed3,dgn_qmix,coord_grid,3,895,22400,5.0,25,0.8226745833333333,0.24222853779792786,1.061431735754013,34.28803545900155
dgn_qmix__N4__ring__seed3,dgn_qmix,coord_grid,3,896,22425,5.0,25,0.8224766666666667,0.2646833338907787,1.2027514619486672,34.33115774998441
dgn_qmix__N4__ring__seed3,dgn_qmix,coord_grid,3,897,22450,9.0,25,0.82227875,0.31170683975021046,1.0778315265973408,34.37078045902308
dgn_qmix__N4__ring__seed3,dgn_qmix,coord_grid,3,898,22475,5.0,25,0.8220808333333334,0.2811686073740323,0.9986270268758138,34.409237166983075
dgn_qmix__N4__ring__seed3,dgn_qmix,coord_grid,3,899,22500,1.0,25,0.8218829166666667,0.2555704104403655,0.8090224961439768,34.44815937499516
dgn_qmix__N4__ring__seed3,dgn_qmix,coord_grid,3,900,22525,3.0,25,0.821685,0.32096026624952045,0.7293644164289746,34.492006750020664
dgn_qmix__N4__ring__seed3,dgn_qmix,coord_grid,3,901,22550,5.0,25,0.8214870833333333,0.3250716229279836,0.6468252638975779,34.53045716701308
dgn_qmix__N4__ring__seed3,dgn_qmix,coord_grid,3,902,22575,6.0,25,0.8212891666666666,0.32093971967697144,1.1003657281398773,34.57094066700665
dgn_qmix__N4__ring__seed3,dgn_qmix,coord_grid,3,903,22600,0.0,25,0.82109125,0.3230278268456459,0.9573475023110708,34.60942849999992
dgn_qmix__N4__ring__seed3,dgn_qmix,coord_grid,3,904,22625,4.0,25,0.8208933333333334,0.5063736736774445,1.1998504570552282,34.65296587499324
dgn_qmix__N4__ring__seed3,dgn_qmix,coord_grid,3,905,22650,8.0,25,0.8206954166666667,0.2481814119964838,0.9917123764753342,34.693359291995876
dgn_qmix__N4__ring__seed3,dgn_qmix,coord_grid,3,906,22675,4.0,25,0.8204975,0.34974874556064606,0.8523447761933008,34.73382908402709
dgn_qmix__N4__ring__seed3,dgn_qmix,coord_grid,3,907,22700,8.0,25,0.8202995833333333,0.2600615968306859,0.8396941473086675,34.775046584021766
dgn_qmix__N4__ring__seed3,dgn_qmix,coord_grid,3,908,22725,4.0,25,0.8201016666666667,0.3015348027859415,0.7550468019076756,34.82015254202997
dgn_qmix__N4__ring__seed3,dgn_qmix,coord_grid,3,909,22750,6.0,25,0.81990375,0.3193023353815079,1.0601484378178914,34.858207750017755
dgn_qmix__N4__ring__seed3,dgn_qmix,coord_grid,3,910,22775,1.0,25,0.8197058333333334,0.24787500500679016,1.1627060770988464,34.89737658400554
dgn_qmix__N4__ring__seed3,dgn_qmix,coord_grid,3,911,22800,7.0,25,0.8195079166666667,0.2978512297074,1.0440745155016582,34.93631912500132
dgn_qmix__N4__ring__seed3,dgn_qmix,coord_grid,3,912,22825,7.0,25,0.81931,0.2576120463865144,0.8290481226784843,34.98130995902466
dgn_qmix__N4__ring__seed3,dgn_qmix,coord_grid,3,913,22850,3.0,25,0.8191120833333333,0.31781772648294765,1.192531814177831,35.02104783401592
dgn_qmix__N4__ring__seed3,dgn_qmix,coord_grid,3,914,22875,5.0,25,0.8189141666666667,0.2704143250981967,0.811994805932045,35.05927083402639
dgn_qmix__N4__ring__seed3,dgn_qmix,coord_grid,3,915,22900,9.0,25,0.81871625,0.2322201356291771,0.8314952403306961,35.098430791986175
dgn_qmix__N4__ring__seed3,dgn_qmix,coord_grid,3,916,22925,6.0,25,0.8185183333333333,0.23525128939322063,0.8020932844706944,35.14485300000524
dgn_qmix__N4__ring__seed3,dgn_qmix,coord_grid,3,917,22950,3.0,25,0.8183204166666667,0.28442229082187015,1.009441206852595,35.18332204199396
dgn_qmix__N4__ring__seed3,dgn_qmix,coord_grid,3,918,22975,2.0,25,0.8181225,0.27889542281627655,0.6161406189203262,35.223680625029374
dgn_qmix__N4__ring__seed3,dgn_qmix,coord_grid,3,919,23000,3.0,25,0.8179245833333333,0.39319808781147003,0.9432829320430756,35.26301583403256
dgn_qmix__N4__ring__seed3,dgn_qmix,coord_grid,3,920,23025,3.0,25,0.8177266666666667,0.29129195851939066,0.6660736118044172,35.30823683401104
dgn_qmix__N4__ring__seed3,dgn_qmix,coord_grid,3,921,23050,7.0,25,0.81752875,0.2168083737293879,0.791269858678182,35.34774641698459
dgn_qmix__N4__ring__seed3,dgn_qmix,coord_grid,3,922,23075,3.0,25,0.8173308333333333,0.22068959598739943,0.7437364359696707,35.38589316699654
dgn_qmix__N4__ring__seed3,dgn_qmix,coord_grid,3,923,23100,5.0,25,0.8171329166666667,0.34074370563030243,0.9513212740421295,35.4240334170172
dgn_qmix__N4__ring__seed3,dgn_qmix,coord_grid,3,924,23125,6.0,25,0.816935,0.21918545024735586,0.8878712994711739,35.46937008399982
dgn_qmix__N4__ring__seed3,dgn_qmix,coord_grid,3,925,23150,8.0,25,0.8167370833333334,0.3036404848098755,0.7570164998372396,35.507866792031564
dgn_qmix__N4__ring__seed3,dgn_qmix,coord_grid,3,926,23175,9.0,25,0.8165391666666667,0.24794851491848627,0.7833524545033773,35.54575416701846
dgn_qmix__N4__ring__seed3,dgn_qmix,coord_grid,3,927,23200,0.0,25,0.81634125,0.2785920898119609,0.6298921157916387,35.58518770901719
dgn_qmix__N4__ring__seed3,dgn_qmix,coord_grid,3,928,23225,3.0,25,0.8161433333333333,0.1903555185667106,0.9591934170041766,35.63060899998527
dgn_qmix__N4__ring__seed3,dgn_qmix,coord_grid,3,929,23250,3.0,25,0.8159454166666666,0.2979471335808436,0.8783206045627594,35.670025416999124
dgn_qmix__N4__ring__seed3,dgn_qmix,coord_grid,3,930,23275,2.0,25,0.8157475,0.27234021325906116,0.8662713368733724,35.71040049998555
dgn_qmix__N4__ring__seed3,dgn_qmix,coord_grid,3,931,23300,7.0,25,0.8155495833333334,0.3673037886619568,1.1609397729237874,35.75079308403656
dgn_qmix__N4__ring__seed3,dgn_qmix,coord_grid,3,932,23325,4.0,25,0.8153516666666667,0.21819750858204706,0.7979823691504342,35.79630225000437
dgn_qmix__N4__ring__seed3,dgn_qmix,coord_grid,3,933,23350,6.0,25,0.81515375,0.25501419355471927,1.1036827663580577,35.83783695899183
dgn_qmix__N4__ring__seed3,dgn_qmix,coord_grid,3,934,23375,4.0,25,0.8149558333333333,0.3916744440793991,1.035384898384412,35.87740662501892
dgn_qmix__N4__ring__seed3,dgn_qmix,coord_grid,3,935,23400,2.0,25,0.8147579166666666,0.2244924915333589,0.7757463753223419,35.91523495898582
dgn_qmix__N4__ring__seed3,dgn_qmix,coord_grid,3,936,23425,4.0,25,0.81456,0.3231752099735396,1.245734887463706,35.95867729198653
dgn_qmix__N4__ring__seed3,dgn_qmix,coord_grid,3,937,23450,4.0,25,0.8143620833333334,0.27090613668163616,1.8216798901557922,35.999955750012305
dgn_qmix__N4__ring__seed3,dgn_qmix,coord_grid,3,938,23475,8.0,25,0.8141641666666667,0.31186529248952866,1.2601592739423115,36.03738804202294
dgn_qmix__N4__ring__seed3,dgn_qmix,coord_grid,3,939,23500,4.0,25,0.81396625,0.20970468719800314,0.8521262208620707,36.0760197089985
dgn_qmix__N4__ring__seed3,dgn_qmix,coord_grid,3,940,23525,4.0,25,0.8137683333333333,0.41969638424260275,1.2793288571493966,36.12266724999063
dgn_qmix__N4__ring__seed3,dgn_qmix,coord_grid,3,941,23550,5.0,25,0.8135704166666666,0.44507832328478497,1.1899232963720958,36.16167870903155
dgn_qmix__N4__ring__seed3,dgn_qmix,coord_grid,3,942,23575,8.0,25,0.8133725,0.3707955280939738,1.0082283119360607,36.199643500032835
dgn_qmix__N4__ring__seed3,dgn_qmix,coord_grid,3,943,23600,2.0,25,0.8131745833333334,0.19929099082946777,0.9411400457223257,36.23776650003856
dgn_qmix__N4__ring__seed3,dgn_qmix,coord_grid,3,944,23625,7.0,25,0.8129766666666667,0.28611718118190765,0.7792354098388127,36.28284995898139
dgn_qmix__N4__ring__seed3,dgn_qmix,coord_grid,3,945,23650,4.0,25,0.81277875,0.33478302260239917,0.8955677052338918,36.32209754199721
dgn_qmix__N4__ring__seed3,dgn_qmix,coord_grid,3,946,23675,10.0,25,0.8125808333333333,0.3111503981053829,1.0339905420939128,36.361553959024604
dgn_qmix__N4__ring__seed3,dgn_qmix,coord_grid,3,947,23700,6.0,25,0.8123829166666667,0.29958201323946315,0.8090545237064362,36.40211979200831
dgn_qmix__N4__ring__seed3,dgn_qmix,coord_grid,3,948,23725,7.0,25,0.812185,0.2433936255318778,0.790399112871715,36.447048792033456
dgn_qmix__N4__ring__seed3,dgn_qmix,coord_grid,3,949,23750,6.0,25,0.8119870833333334,0.2816514236231645,0.7258435090382894,36.48528541700216
dgn_qmix__N4__ring__seed3,dgn_qmix,coord_grid,3,950,23775,5.0,25,0.8117891666666667,0.250674011806647,0.8598557114601135,36.52423791703768
dgn_qmix__N4__ring__seed3,dgn_qmix,coord_grid,3,951,23800,4.0,25,0.81159125,0.2932854729394118,0.6474250505367914,36.56445308402181
dgn_qmix__N4__ring__seed3,dgn_qmix,coord_grid,3,952,23825,4.0,25,0.8113933333333333,0.20788818065609252,1.0946600777762276,36.60800141701475
dgn_qmix__N4__ring__seed3,dgn_qmix,coord_grid,3,953,23850,4.0,25,0.8111954166666666,0.36825934052467346,0.6162198483943939,36.64672058401629
dgn_qmix__N4__ring__seed3,dgn_qmix,coord_grid,3,954,23875,3.0,25,0.8109975,0.2376584249238173,0.6799582739671072,36.68560279201483
dgn_qmix__N4__ring__seed3,dgn_qmix,coord_grid,3,955,23900,4.0,25,0.8107995833333334,0.26850832750399906,0.6948732634385427,36.72511954198126
dgn_qmix__N4__ring__seed3,dgn_qmix,coord_grid,3,956,23925,14.0,25,0.8106016666666667,0.2469984708087785,0.8091954759189061,36.77154899999732
dgn_qmix__N4__ring__seed3,dgn_qmix,coord_grid,3,957,23950,4.0,25,0.81040375,0.2768142918745677,0.951828122138977,36.809395709016826
dgn_qmix__N4__ring__seed3,dgn_qmix,coord_grid,3,958,23975,3.0,25,0.8102058333333333,0.4077006094157696,0.7295760114987692,36.84769095899537
dgn_qmix__N4__ring__seed3,dgn_qmix,coord_grid,3,959,24000,6.0,25,0.8100079166666667,0.3149605294068654,0.6431269297997156,36.88838716701139
dgn_qmix__N4__ring__seed3,dgn_qmix,coord_grid,3,960,24025,6.0,25,0.80981,0.2936122183288847,1.3207979968615942,36.932475792011246
dgn_qmix__N4__ring__seed3,dgn_qmix,coord_grid,3,961,24050,2.0,25,0.8096120833333333,0.2300610070427259,0.8480502218008041,36.972376041987445
dgn_qmix__N4__ring__seed3,dgn_qmix,coord_grid,3,962,24075,1.0,25,0.8094141666666667,0.31375594437122345,0.7134453356266022,37.01398150000023
dgn_qmix__N4__ring__seed3,dgn_qmix,coord_grid,3,963,24100,3.0,25,0.80921625,0.24483236049612364,0.799489825963974,37.05324679199839
dgn_qmix__N4__ring__seed3,dgn_qmix,coord_grid,3,964,24125,3.0,25,0.8090183333333334,0.2931437077266829,0.9466311420713153,37.09794316702755
dgn_qmix__N4__ring__seed3,dgn_qmix,coord_grid,3,965,24150,3.0,25,0.8088204166666666,0.35036050031582516,0.787298709154129,37.14040179201402
dgn_qmix__N4__ring__seed3,dgn_qmix,coord_grid,3,966,24175,19.0,25,0.8086225,0.25445544968048733,1.144910454750061,37.1805723340367
dgn_qmix__N4__ring__seed3,dgn_qmix,coord_grid,3,967,24200,4.0,25,0.8084245833333333,0.28047717610994977,0.9288202822208405,37.21965916699264
dgn_qmix__N4__ring__seed3,dgn_qmix,coord_grid,3,968,24225,10.0,25,0.8082266666666666,0.45031070496354786,1.6270554491451807,37.2643069170299
dgn_qmix__N4__ring__seed3,dgn_qmix,coord_grid,3,969,24250,5.0,25,0.8080287500000001,0.44641625384489697,1.4904210567474365,37.30372341698967
dgn_qmix__N4__ring__seed3,dgn_qmix,coord_grid,3,970,24275,9.0,25,0.8078308333333333,0.26447171221176785,1.2883781095345814,37.34258479200071
dgn_qmix__N4__ring__seed3,dgn_qmix,coord_grid,3,971,24300,6.0,25,0.8076329166666667,0.3548010637362798,0.8667339235544205,37.383910084026866
dgn_qmix__N4__ring__seed3,dgn_qmix,coord_grid,3,972,24325,5.0,25,0.807435,0.3608131429978779,1.0541134306362696,37.4293873750139
dgn_qmix__N4__ring__seed3,dgn_qmix,coord_grid,3,973,24350,8.0,25,0.8072370833333333,0.4833199481169383,0.9285182158152262,37.46996737498557
dgn_qmix__N4__ring__seed3,dgn_qmix,coord_grid,3,974,24375,5.0,25,0.8070391666666666,0.2610175584753354,0.8030200948317846,37.51109525002539
dgn_qmix__N4__ring__seed3,dgn_qmix,coord_grid,3,975,24400,2.0,25,0.80684125,0.4064023519555728,1.1146115362644196,37.548060500004794
dgn_qmix__N4__ring__seed3,dgn_qmix,coord_grid,3,976,24425,9.0,25,0.8066433333333334,0.24335326999425888,0.7835241598742348,37.59497266699327
dgn_qmix__N4__ring__seed3,dgn_qmix,coord_grid,3,977,24450,5.0,25,0.8064454166666667,0.3579530691107114,0.854398270448049,37.63355033402331
dgn_qmix__N4__ring__seed3,dgn_qmix,coord_grid,3,978,24475,4.0,25,0.8062475,0.2424497790634632,0.8061490654945374,37.67396341700805
dgn_qmix__N4__ring__seed3,dgn_qmix,coord_grid,3,979,24500,4.0,25,0.8060495833333333,0.296901173889637,0.9543278415997823,37.71247195900651
dgn_qmix__N4__ring__seed3,dgn_qmix,coord_grid,3,980,24525,5.0,25,0.8058516666666666,0.290920866387231,0.8408688647406442,37.756927541980986
dgn_qmix__N4__ring__seed3,dgn_qmix,coord_grid,3,981,24550,2.0,25,0.8056537500000001,0.39284555862347287,0.7698613504568735,37.79720054200152
dgn_qmix__N4__ring__seed3,dgn_qmix,coord_grid,3,982,24575,5.0,25,0.8054558333333334,0.28434357047080994,1.0738420685132344,37.837835791986436
dgn_qmix__N4__ring__seed3,dgn_qmix,coord_grid,3,983,24600,3.0,25,0.8052579166666667,0.2929967964688937,1.0110983451207478,37.87879608402727
dgn_qmix__N4__ring__seed3,dgn_qmix,coord_grid,3,984,24625,3.0,25,0.80506,0.31009952298232485,1.0334501011031014,37.92539637500886
dgn_qmix__N4__ring__seed3,dgn_qmix,coord_grid,3,985,24650,11.0,25,0.8048620833333333,0.3224599001308282,1.1123936772346497,37.96639437502017
dgn_qmix__N4__ring__seed3,dgn_qmix,coord_grid,3,986,24675,7.0,25,0.8046641666666667,0.2601582258939743,1.0795014997323353,38.00673933402868
dgn_qmix__N4__ring__seed3,dgn_qmix,coord_grid,3,987,24700,4.0,25,0.8044662499999999,0.3615736986200015,0.7845364709695181,38.0474120840081
dgn_qmix__N4__ring__seed3,dgn_qmix,coord_grid,3,988,24725,4.0,25,0.8042683333333334,0.35910418203898836,0.9292486565453666,38.09194866701728
dgn_qmix__N4__ring__seed3,dgn_qmix,coord_grid,3,989,24750,2.0,25,0.8040704166666667,0.31329769392808277,0.9824895560741425,38.13192549999803
dgn_qmix__N4__ring__seed3,dgn_qmix,coord_grid,3,990,24775,7.0,25,0.8038725,0.30742522453268367,1.0500454604625702,38.17193079198478
dgn_qmix__N4__ring__seed3,dgn_qmix,coord_grid,3,991,24800,8.0,25,0.8036745833333333,0.3054077873627345,1.1489446461200714,38.2125050839968
dgn_qmix__N4__ring__seed3,dgn_qmix,coord_grid,3,992,24825,2.0,25,0.8034766666666666,0.3271924683025905,1.1345475018024445,38.25674329203321
dgn_qmix__N4__ring__seed3,dgn_qmix,coord_grid,3,993,24850,4.0,25,0.80327875,0.4385984043280284,1.424857219060262,38.29699050000636
dgn_qmix__N4__ring__seed3,dgn_qmix,coord_grid,3,994,24875,7.0,25,0.8030808333333334,0.23700401186943054,1.1276808877786,38.336673209036235
dgn_qmix__N4__ring__seed3,dgn_qmix,coord_grid,3,995,24900,4.0,25,0.8028829166666667,0.33479143927494687,1.2869408925374348,38.3796661249944
dgn_qmix__N4__ring__seed3,dgn_qmix,coord_grid,3,996,24925,6.0,25,0.802685,0.4640422378267561,1.3650160261562891,38.42435149999801
dgn_qmix__N4__ring__seed3,dgn_qmix,coord_grid,3,997,24950,11.0,25,0.8024870833333333,0.3058433346450329,0.5656555493672689,38.46569475001888
dgn_qmix__N4__ring__seed3,dgn_qmix,coord_grid,3,998,24975,3.0,25,0.8022891666666667,0.2203480452299118,0.6898609101772308,38.507259500038344
dgn_qmix__N4__ring__seed3,dgn_qmix,coord_grid,3,999,25000,5.0,25,0.80209125,0.39711253841718036,1.0435626208782196,38.54834287503036
dgn_qmix__N4__ring__seed3,dgn_qmix,coord_grid,3,1000,25025,11.0,25,0.8018933333333333,0.4027562013694218,1.8321912288665771,38.592748625029344
dgn_qmix__N4__ring__seed3,dgn_qmix,coord_grid,3,1001,25050,5.0,25,0.8016954166666667,0.32270250593622524,1.4208946426709492,38.63416195899481
dgn_qmix__N4__ring__seed3,dgn_qmix,coord_grid,3,1002,25075,5.0,25,0.8014975,0.3253062541286151,1.1035750309626262,38.67520729202079
dgn_qmix__N4__ring__seed3,dgn_qmix,coord_grid,3,1003,25100,4.0,25,0.8012995833333334,0.21234539647897085,0.883089636762937,38.717356292007025
dgn_qmix__N4__ring__seed3,dgn_qmix,coord_grid,3,1004,25125,9.0,25,0.8011016666666666,0.35300227999687195,1.1563812834875924,38.76190099999076
dgn_qmix__N4__ring__seed3,dgn_qmix,coord_grid,3,1005,25150,6.0,25,0.80090375,0.3199245259165764,1.5092115700244904,38.802485375024844
dgn_qmix__N4__ring__seed3,dgn_qmix,coord_grid,3,1006,25175,3.0,25,0.8007058333333333,0.3327075031896432,1.0428594499826431,38.84250291698845
dgn_qmix__N4__ring__seed3,dgn_qmix,coord_grid,3,1007,25200,0.0,25,0.8005079166666667,0.32665776709715527,1.170525039235751,38.88336466701003
dgn_qmix__N4__ring__seed3,dgn_qmix,coord_grid,3,1008,25225,10.0,25,0.8003100000000001,0.3313299481357847,0.7808212382452828,38.92994833400007
dgn_qmix__N4__ring__seed3,dgn_qmix,coord_grid,3,1009,25250,2.0,25,0.8001120833333333,0.20358422895272574,0.9249715606371561,38.96895454201149
dgn_qmix__N4__ring__seed3,dgn_qmix,coord_grid,3,1010,25275,2.0,25,0.7999141666666667,0.25948209688067436,0.9027809252341589,39.01022929203464
dgn_qmix__N4__ring__seed3,dgn_qmix,coord_grid,3,1011,25300,2.0,25,0.79971625,0.2910074119766553,0.8328787485758463,39.04988508403767
dgn_qmix__N4__ring__seed3,dgn_qmix,coord_grid,3,1012,25325,7.0,25,0.7995183333333333,0.2710605167916843,1.2792945035866328,39.097623334033415
dgn_qmix__N4__ring__seed3,dgn_qmix,coord_grid,3,1013,25350,3.0,25,0.7993204166666666,0.3388633852203687,0.7216959347327551,39.13699362502666
dgn_qmix__N4__ring__seed3,dgn_qmix,coord_grid,3,1014,25375,6.0,25,0.7991225,0.26729816198349,0.8302985628445944,39.17629533400759
dgn_qmix__N4__ring__seed3,dgn_qmix,coord_grid,3,1015,25400,6.0,25,0.7989245833333334,0.30724460755785304,1.0499345064163208,39.216609916999005
dgn_qmix__N4__ring__seed3,dgn_qmix,coord_grid,3,1016,25425,11.0,25,0.7987266666666667,0.25100107171705793,0.8611745578902108,39.263654624985065
dgn_qmix__N4__ring__seed3,dgn_qmix,coord_grid,3,1017,25450,4.0,25,0.79852875,0.21252887571851412,0.6781010925769806,39.30369558400707
dgn_qmix__N4__ring__seed3,dgn_qmix,coord_grid,3,1018,25475,7.0,25,0.7983308333333333,0.3268696616093318,0.9520842929681143,39.34423375001643
dgn_qmix__N4__ring__seed3,dgn_qmix,coord_grid,3,1019,25500,12.0,25,0.7981329166666666,0.25643445551395416,1.1014562745889027,39.383728875021916
dgn_qmix__N4__ring__seed3,dgn_qmix,coord_grid,3,1020,25525,2.0,25,0.7979350000000001,0.2962254583835602,0.8028484157153538,39.42906908399891
dgn_qmix__N4__ring__seed3,dgn_qmix,coord_grid,3,1021,25550,6.0,25,0.7977370833333334,0.31166452666123706,0.8626475830872854,39.4700655839988
dgn_qmix__N4__ring__seed3,dgn_qmix,coord_grid,3,1022,25575,8.0,25,0.7975391666666667,0.3020505557457606,0.6441683322191238,39.51066720898962
dgn_qmix__N4__ring__seed3,dgn_qmix,coord_grid,3,1023,25600,6.0,25,0.79734125,0.27668170630931854,0.8333342770735422,39.55142616701778
dgn_qmix__N4__ring__seed3,dgn_qmix,coord_grid,3,1024,25625,7.0,25,0.7971433333333333,0.21513943374156952,0.7265130707195827,39.59700262499973
dgn_qmix__N4__ring__seed3,dgn_qmix,coord_grid,3,1025,25650,6.0,25,0.7969454166666667,0.3465264042218526,0.9964259763558706,39.63939508399926
dgn_qmix__N4__ring__seed3,dgn_qmix,coord_grid,3,1026,25675,3.0,25,0.7967474999999999,0.3042031079530716,0.8901548782984415,39.68133462499827
dgn_qmix__N4__ring__seed3,dgn_qmix,coord_grid,3,1027,25700,2.0,25,0.7965495833333334,0.26900815839568776,0.6976222147544225,39.72265045903623
dgn_qmix__N4__ring__seed3,dgn_qmix,coord_grid,3,1028,25725,4.0,25,0.7963516666666667,0.33713042523179737,1.0945482168878828,39.767209791985806
dgn_qmix__N4__ring__seed3,dgn_qmix,coord_grid,3,1029,25750,6.0,25,0.79615375,0.3578970916569233,0.7760094801584879,39.808458624989726
dgn_qmix__N4__ring__seed3,dgn_qmix,coord_grid,3,1030,25775,6.0,25,0.7959558333333334,0.35203418632348377,0.7741544544696808,39.84871704201214
dgn_qmix__N4__ring__seed3,dgn_qmix,coord_grid,3,1031,25800,1.0,25,0.7957579166666666,0.3031798837085565,1.0757195750872295,39.889644249982666
dgn_qmix__N4__ring__seed3,dgn_qmix,coord_grid,3,1032,25825,6.0,25,0.79556,0.3249136582016945,1.7314870187214442,39.935144583985675
dgn_qmix__N4__ring__seed3,dgn_qmix,coord_grid,3,1033,25850,11.0,25,0.7953620833333334,0.42462796966234845,1.0746248910824459,39.97441875003278
dgn_qmix__N4__ring__seed3,dgn_qmix,coord_grid,3,1034,25875,2.0,25,0.7951641666666667,0.3675844743847847,1.2958763341108959,40.0129804169992
dgn_qmix__N4__ring__seed3,dgn_qmix,coord_grid,3,1035,25900,4.0,25,0.79496625,0.3992920909076929,0.8489773472150167,40.05396308400668
dgn_qmix__N4__ring__seed3,dgn_qmix,coord_grid,3,1036,25925,4.0,25,0.7947683333333333,0.6056301721504757,1.1202189666884286,40.0990865000058
dgn_qmix__N4__ring__seed3,dgn_qmix,coord_grid,3,1037,25950,4.0,25,0.7945704166666667,0.4566379338502884,1.0904602507750194,40.14082816703012
dgn_qmix__N4__ring__seed3,dgn_qmix,coord_grid,3,1038,25975,5.0,25,0.7943725,0.31756505370140076,1.062887450059255,40.18189295899356
dgn_qmix__N4__ring__seed3,dgn_qmix,coord_grid,3,1039,26000,8.0,25,0.7941745833333334,0.3205649604399999,0.833568811416626,40.22150491701905
dgn_qmix__N4__ring__seed3,dgn_qmix,coord_grid,3,1040,26025,5.0,25,0.7939766666666667,0.3426549072776522,1.0068913442747933,40.26630537502933
dgn_qmix__N4__ring__seed3,dgn_qmix,coord_grid,3,1041,26050,2.0,25,0.79377875,0.21635043496886888,1.17989378174146,40.307226834003814
dgn_qmix__N4__ring__seed3,dgn_qmix,coord_grid,3,1042,26075,6.0,25,0.7935808333333334,0.4214339703321457,1.0551131963729858,40.34846866701264
dgn_qmix__N4__ring__seed3,dgn_qmix,coord_grid,3,1043,26100,9.0,25,0.7933829166666667,0.3841911082466443,0.9921958049138387,40.38827687501907
dgn_qmix__N4__ring__seed3,dgn_qmix,coord_grid,3,1044,26125,1.0,25,0.793185,0.33175550188337055,0.8693607577255794,40.43226366699673
dgn_qmix__N4__ring__seed3,dgn_qmix,coord_grid,3,1045,26150,6.0,25,0.7929870833333333,0.36871060729026794,1.056234250466029,40.47110208403319
dgn_qmix__N4__ring__seed3,dgn_qmix,coord_grid,3,1046,26175,7.0,25,0.7927891666666667,0.3188321764270465,1.104971667130788,40.5109441250097
dgn_qmix__N4__ring__seed3,dgn_qmix,coord_grid,3,1047,26200,6.0,25,0.7925912500000001,0.22972470770279566,0.7859515448411306,40.55072208400816
dgn_qmix__N4__ring__seed3,dgn_qmix,coord_grid,3,1048,26225,6.0,25,0.7923933333333333,0.3758507828627314,0.857156114918845,40.59716537501663
dgn_qmix__N4__ring__seed3,dgn_qmix,coord_grid,3,1049,26250,2.0,25,0.7921954166666667,0.2907370577255885,0.7996464769045512,40.637394250021316
dgn_qmix__N4__ring__seed3,dgn_qmix,coord_grid,3,1050,26275,6.0,25,0.7919975,0.2039609725276629,1.0015055537223816,40.677045417018235
dgn_qmix__N4__ring__seed3,dgn_qmix,coord_grid,3,1051,26300,10.0,25,0.7917995833333333,0.28196242824196815,0.8098404804865519,40.71611145901261
dgn_qmix__N4__ring__seed3,dgn_qmix,coord_grid,3,1052,26325,3.0,25,0.7916016666666666,0.3473974530185972,0.8705449955804008,40.76085820898879
dgn_qmix__N4__ring__seed3,dgn_qmix,coord_grid,3,1053,26350,9.0,25,0.79140375,0.3617674559354782,0.800738533337911,40.80155191698577
dgn_qmix__N4__ring__seed3,dgn_qmix,coord_grid,3,1054,26375,1.0,25,0.7912058333333334,0.29130931198596954,0.7837139765421549,40.84055091702612
dgn_qmix__N4__ring__seed3,dgn_qmix,coord_grid,3,1055,26400,6.0,25,0.7910079166666667,0.31293732052048046,0.9731795887152354,40.8808849590132
dgn_qmix__N4__ring__seed3,dgn_qmix,coord_grid,3,1056,26425,2.0,25,0.79081,0.30361906439065933,0.7443429487092155,40.92563691700343
dgn_qmix__N4__ring__seed3,dgn_qmix,coord_grid,3,1057,26450,6.0,25,0.7906120833333333,0.3420237998167674,0.9482912917931875,40.96580416703364
dgn_qmix__N4__ring__seed3,dgn_qmix,coord_grid,3,1058,26475,7.0,25,0.7904141666666666,0.3511141228179137,1.0544549077749252,41.005617709015496
dgn_qmix__N4__ring__seed3,dgn_qmix,coord_grid,3,1059,26500,8.0,25,0.7902162500000001,0.47811804711818695,1.1019700070222218,41.04681274999166
dgn_qmix__N4__ring__seed3,dgn_qmix,coord_grid,3,1060,26525,8.0,25,0.7900183333333334,0.3264130460364478,1.0797194753374373,41.09191345900763
dgn_qmix__N4__ring__seed3,dgn_qmix,coord_grid,3,1061,26550,7.0,25,0.7898204166666667,0.2740851528942585,0.6852563718954722,41.13275450002402
dgn_qmix__N4__ring__seed3,dgn_qmix,coord_grid,3,1062,26575,4.0,25,0.7896225,0.37105658153692883,1.0058995286623638,41.17182591703022
dgn_qmix__N4__ring__seed3,dgn_qmix,coord_grid,3,1063,26600,7.0,25,0.7894245833333333,0.37230146179596585,1.2490132451057434,41.21116704202723
dgn_qmix__N4__ring__seed3,dgn_qmix,coord_grid,3,1064,26625,6.0,25,0.7892266666666667,0.3849776429789407,1.757258313042777,41.25589458399918
dgn_qmix__N4__ring__seed3,dgn_qmix,coord_grid,3,1065,26650,6.0,25,0.7890287500000001,0.24168841540813446,1.895785431067149,41.295856334036216
dgn_qmix__N4__ring__seed3,dgn_qmix,coord_grid,3,1066,26675,2.0,25,0.7888308333333334,0.49763742337624234,1.5652610262235005,41.335367334017064
dgn_qmix__N4__ring__seed3,dgn_qmix,coord_grid,3,1067,26700,1.0,25,0.7886329166666667,0.35570044070482254,1.3984685242176056,41.374374167004135
dgn_qmix__N4__ring__seed3,dgn_qmix,coord_grid,3,1068,26725,15.0,25,0.788435,0.5260642383779798,1.459894835948944,41.41941129200859
dgn_qmix__N4__ring__seed3,dgn_qmix,coord_grid,3,1069,26750,4.0,25,0.7882370833333333,0.3575396587451299,1.1069721827904384,41.458753041981254
dgn_qmix__N4__ring__seed3,dgn_qmix,coord_grid,3,1070,26775,5.0,25,0.7880391666666666,0.332107604170839,0.9880217909812927,41.499118542007636
dgn_qmix__N4__ring__seed3,dgn_qmix,coord_grid,3,1071,26800,8.0,25,0.78784125,0.2845298455407222,1.1452627182006836,41.540596542006824
dgn_qmix__N4__ring__seed3,dgn_qmix,coord_grid,3,1072,26825,5.0,25,0.7876433333333334,0.49218947546822683,1.0722673620496477,41.58691604202613
dgn_qmix__N4__ring__seed3,dgn_qmix,coord_grid,3,1073,26850,2.0,25,0.7874454166666667,0.3047063648700714,1.0061178902784984,41.623175624990836
dgn_qmix__N4__ring__seed3,dgn_qmix,coord_grid,3,1074,26875,6.0,25,0.7872475,0.23900867129365602,0.8521150151888529,41.66232016700087
dgn_qmix__N4__ring__seed3,dgn_qmix,coord_grid,3,1075,26900,4.0,25,0.7870495833333333,0.3117291045685609,0.7684999108314514,41.70222962502157
dgn_qmix__N4__ring__seed3,dgn_qmix,coord_grid,3,1076,26925,5.0,25,0.7868516666666667,0.34737059686865124,0.8344159807477679,41.74771770898951
dgn_qmix__N4__ring__seed3,dgn_qmix,coord_grid,3,1077,26950,3.0,25,0.78665375,0.3414099117120107,1.023028388619423,41.78715466702124
dgn_qmix__N4__ring__seed3,dgn_qmix,coord_grid,3,1078,26975,1.0,25,0.7864558333333334,0.3024008323748906,0.6821253448724747,41.826629791990854
dgn_qmix__N4__ring__seed3,dgn_qmix,coord_grid,3,1079,27000,6.0,25,0.7862579166666667,0.23716252048810324,0.8164993325869242,41.87201408401597
dgn_qmix__N4__ring__seed3,dgn_qmix,coord_grid,3,1080,27025,10.0,25,0.78606,0.3373929900782449,0.8878233347620282,41.92164012498688
dgn_qmix__N4__ring__seed3,dgn_qmix,coord_grid,3,1081,27050,6.0,25,0.7858620833333334,0.2552110552787781,1.0239654282728832,41.9636966669932
dgn_qmix__N4__ring__seed3,dgn_qmix,coord_grid,3,1082,27075,8.0,25,0.7856641666666667,0.27660536641875905,0.7890486220518748,42.00472504203208
dgn_qmix__N4__ring__seed3,dgn_qmix,coord_grid,3,1083,27100,2.0,25,0.78546625,0.3154674718777339,1.1206241349379222,42.04545074998168
dgn_qmix__N4__ring__seed3,dgn_qmix,coord_grid,3,1084,27125,1.0,25,0.7852683333333333,0.3662609053509576,0.9635922908782959,42.09165729198139
dgn_qmix__N4__ring__seed3,dgn_qmix,coord_grid,3,1085,27150,3.0,25,0.7850704166666667,0.22650141020615897,0.9372923026482264,42.132441208988894
dgn_qmix__N4__ring__seed3,dgn_qmix,coord_grid,3,1086,27175,7.0,25,0.7848725,0.3131752386689186,0.8939921309550604,42.17385612503858
dgn_qmix__N4__ring__seed3,dgn_qmix,coord_grid,3,1087,27200,5.0,25,0.7846745833333333,0.3031757002075513,0.8848138252894083,42.21528900001431
dgn_qmix__N4__ring__seed3,dgn_qmix,coord_grid,3,1088,27225,1.0,25,0.7844766666666667,0.3238954043814114,0.7673840863364083,42.26803691702662
dgn_qmix__N4__ring__seed3,dgn_qmix,coord_grid,3,1089,27250,5.0,25,0.78427875,0.20477893327673277,0.8329658061265945,42.313476375013124
dgn_qmix__N4__ring__seed3,dgn_qmix,coord_grid,3,1090,27275,2.0,25,0.7840808333333333,0.34355589126547176,0.7795599003632864,42.35322816699045
dgn_qmix__N4__ring__seed3,dgn_qmix,coord_grid,3,1091,27300,4.0,25,0.7838829166666667,0.3123968665798505,0.926889439423879,42.392490416998044
dgn_qmix__N4__ring__seed3,dgn_qmix,coord_grid,3,1092,27325,4.0,25,0.783685,0.3127474252666746,0.9904168333326068,42.43927170900861
dgn_qmix__N4__ring__seed3,dgn_qmix,coord_grid,3,1093,27350,3.0,25,0.7834870833333334,0.27704212069511414,0.9647097090880076,42.478590167011134
dgn_qmix__N4__ring__seed3,dgn_qmix,coord_grid,3,1094,27375,2.0,25,0.7832891666666667,0.2005787417292595,1.1587615013122559,42.52104474999942
dgn_qmix__N4__ring__seed3,dgn_qmix,coord_grid,3,1095,27400,8.0,25,0.78309125,0.39309415966272354,0.9033867319424947,42.56155416701222
dgn_qmix__N4__ring__seed3,dgn_qmix,coord_grid,3,1096,27425,11.0,25,0.7828933333333333,0.2822205312550068,1.4606582352093287,42.60807320900494
dgn_qmix__N4__ring__seed3,dgn_qmix,coord_grid,3,1097,27450,4.0,25,0.7826954166666666,0.4960577189922333,1.8984357515970867,42.6476110839867
dgn_qmix__N4__ring__seed3,dgn_qmix,coord_grid,3,1098,27475,1.0,25,0.7824975000000001,0.373217244942983,1.2014074524243672,42.68772204202833
dgn_qmix__N4__ring__seed3,dgn_qmix,coord_grid,3,1099,27500,5.0,25,0.7822995833333334,0.4485408179461956,1.584733486175537,42.72901054198155
dgn_qmix__N4__ring__seed3,dgn_qmix,coord_grid,3,1100,27525,7.0,25,0.7821016666666667,0.4303226130349295,1.4758454305785043,42.77499412500765
dgn_qmix__N4__ring__seed3,dgn_qmix,coord_grid,3,1101,27550,4.0,25,0.78190375,0.39174122735857964,1.1196753084659576,42.81387687503593
dgn_qmix__N4__ring__seed3,dgn_qmix,coord_grid,3,1102,27575,1.0,25,0.7817058333333333,0.4986034631729126,1.0628656446933746,42.8530258340179
dgn_qmix__N4__ring__seed3,dgn_qmix,coord_grid,3,1103,27600,7.0,25,0.7815079166666666,0.4468760974705219,0.9985100328922272,42.895458917017095
dgn_qmix__N4__ring__seed3,dgn_qmix,coord_grid,3,1104,27625,6.0,25,0.7813100000000001,0.320211760699749,0.8130768069199154,42.94124916702276
dgn_qmix__N4__ring__seed3,dgn_qmix,coord_grid,3,1105,27650,5.0,25,0.7811120833333334,0.23588288575410843,0.9612812499205271,42.98313233401859
dgn_qmix__N4__ring__seed3,dgn_qmix,coord_grid,3,1106,27675,7.0,25,0.7809141666666667,0.3407821406920751,1.0824394524097443,43.02286762499716
dgn_qmix__N4__ring__seed3,dgn_qmix,coord_grid,3,1107,27700,6.0,25,0.78071625,0.3059186724325021,0.6183485339085261,43.0621954590315
dgn_qmix__N4__ring__seed3,dgn_qmix,coord_grid,3,1108,27725,4.0,25,0.7805183333333333,0.3680383286305836,0.7550814322062901,43.11259162501665
dgn_qmix__N4__ring__seed3,dgn_qmix,coord_grid,3,1109,27750,6.0,25,0.7803204166666666,0.4071069061756134,1.2057086924711864,43.156232209003065
dgn_qmix__N4__ring__seed3,dgn_qmix,coord_grid,3,1110,27775,7.0,25,0.7801225,0.36944858729839325,1.0533859431743622,43.19930629199371
dgn_qmix__N4__ring__seed3,dgn_qmix,coord_grid,3,1111,27800,2.0,25,0.7799245833333334,0.38015929361184436,1.0973880589008331,43.24006345903035
dgn_qmix__N4__ring__seed3,dgn_qmix,coord_grid,3,1112,27825,5.0,25,0.7797266666666667,0.40242587455681395,1.1039530549730574,43.28609566699015
dgn_qmix__N4__ring__seed3,dgn_qmix,coord_grid,3,1113,27850,4.0,25,0.77952875,0.44845301409562427,1.167345941066742,43.32747937500244
dgn_qmix__N4__ring__seed3,dgn_qmix,coord_grid,3,1114,27875,3.0,25,0.7793308333333333,0.2971311037739118,1.5790602465470631,43.367198541993275
dgn_qmix__N4__ring__seed3,dgn_qmix,coord_grid,3,1115,27900,4.0,25,0.7791329166666667,0.3385907473663489,0.9539013803005219,43.4087327090092
dgn_qmix__N4__ring__seed3,dgn_qmix,coord_grid,3,1116,27925,6.0,25,0.778935,0.40809859122548786,1.2069895693234034,43.456559084006585
dgn_qmix__N4__ring__seed3,dgn_qmix,coord_grid,3,1117,27950,11.0,25,0.7787370833333334,0.31416583930452663,1.3732239653666813,43.498382541991305
dgn_qmix__N4__ring__seed3,dgn_qmix,coord_grid,3,1118,27975,0.0,25,0.7785391666666667,0.32612084597349167,1.1384538610776265,43.538831042009406
dgn_qmix__N4__ring__seed3,dgn_qmix,coord_grid,3,1119,28000,11.0,25,0.77834125,0.35578910385568935,0.954955259958903,43.57896116701886
dgn_qmix__N4__ring__seed3,dgn_qmix,coord_grid,3,1120,28025,4.0,25,0.7781433333333333,0.3125121923429625,1.1487489768436976,43.6254480840289
dgn_qmix__N4__ring__seed3,dgn_qmix,coord_grid,3,1121,28050,12.0,25,0.7779454166666667,0.4090130925178528,1.6703881820042927,43.66613737499574
dgn_qmix__N4__ring__seed3,dgn_qmix,coord_grid,3,1122,28075,7.0,25,0.7777475,0.4270799259344737,0.9351511796315511,43.708336334035266
dgn_qmix__N4__ring__seed3,dgn_qmix,coord_grid,3,1123,28100,7.0,25,0.7775495833333333,0.29907480378945667,1.0753772060076396,43.74777679203544
dgn_qmix__N4__ring__seed3,dgn_qmix,coord_grid,3,1124,28125,10.0,25,0.7773516666666667,0.368164877806391,1.267311351639884,43.792089249996934
dgn_qmix__N4__ring__seed3,dgn_qmix,coord_grid,3,1125,28150,2.0,25,0.77715375,0.3506433392564456,0.851156065861384,43.83160916698398
dgn_qmix__N4__ring__seed3,dgn_qmix,coord_grid,3,1126,28175,6.0,25,0.7769558333333333,0.2638540404538314,0.915398379166921,43.87094341701595
dgn_qmix__N4__ring__seed3,dgn_qmix,coord_grid,3,1127,28200,4.0,25,0.7767579166666667,0.2527025422702233,0.781978189945221,43.91092491702875
dgn_qmix__N4__ring__seed3,dgn_qmix,coord_grid,3,1128,28225,5.0,25,0.77656,0.5137645900249481,1.4190539462225777,43.95611274999101
dgn_qmix__N4__ring__seed3,dgn_qmix,coord_grid,3,1129,28250,10.0,25,0.7763620833333333,0.3836025247971217,1.1084483414888382,43.99628095899243
dgn_qmix__N4__ring__seed3,dgn_qmix,coord_grid,3,1130,28275,4.0,25,0.7761641666666667,0.30695761119325954,0.9892475704352061,44.036305834015366
dgn_qmix__N4__ring__seed3,dgn_qmix,coord_grid,3,1131,28300,6.0,25,0.77596625,0.2872302904725075,1.0689987639586132,44.07743391703116
dgn_qmix__N4__ring__seed3,dgn_qmix,coord_grid,3,1132,28325,4.0,25,0.7757683333333334,0.2437537078346525,1.1193347062383379,44.123280042025726
dgn_qmix__N4__ring__seed3,dgn_qmix,coord_grid,3,1133,28350,4.0,25,0.7755704166666667,0.4406629875302315,0.8605668048063914,44.162500000034925
dgn_qmix__N4__ring__seed3,dgn_qmix,coord_grid,3,1134,28375,6.0,25,0.7753725,0.31180018186569214,1.127807895342509,44.20389083400369
dgn_qmix__N4__ring__seed3,dgn_qmix,coord_grid,3,1135,28400,3.0,25,0.7751745833333333,0.34894809871912,1.0753838221232097,44.24505558400415
dgn_qmix__N4__ring__seed3,dgn_qmix,coord_grid,3,1136,28425,4.0,25,0.7749766666666666,0.29655339888163973,1.0441983597619193,44.291060624993406
dgn_qmix__N4__ring__seed3,dgn_qmix,coord_grid,3,1137,28450,5.0,25,0.7747787500000001,0.276526873310407,1.0120618641376495,44.33328404201893
dgn_qmix__N4__ring__seed3,dgn_qmix,coord_grid,3,1138,28475,6.0,25,0.7745808333333333,0.40249217053254444,0.8439138680696487,44.371075250033755
dgn_qmix__N4__ring__seed3,dgn_qmix,coord_grid,3,1139,28500,13.0,25,0.7743829166666667,0.2560649899144967,1.021659215291341,44.413539084023796
dgn_qmix__N4__ring__seed3,dgn_qmix,coord_grid,3,1140,28525,6.0,25,0.774185,0.4677922704390117,1.218574196100235,44.458522625034675
dgn_qmix__N4__ring__seed3,dgn_qmix,coord_grid,3,1141,28550,6.0,25,0.7739870833333333,0.2340291626751423,1.1769504447778065,44.49871337501099
dgn_qmix__N4__ring__seed3,dgn_qmix,coord_grid,3,1142,28575,6.0,25,0.7737891666666666,0.3995470603307088,1.0253801842530568,44.53839041700121
dgn_qmix__N4__ring__seed3,dgn_qmix,coord_grid,3,1143,28600,6.0,25,0.77359125,0.2711140811443329,1.1978870332241058,44.5786178749986
dgn_qmix__N4__ring__seed3,dgn_qmix,coord_grid,3,1144,28625,6.0,25,0.7733933333333334,0.3504645356110164,0.940665990114212,44.625201584014576
dgn_qmix__N4__ring__seed3,dgn_qmix,coord_grid,3,1145,28650,6.0,25,0.7731954166666667,0.27101752907037735,0.7870438198248545,44.66537800000515
dgn_qmix__N4__ring__seed3,dgn_qmix,coord_grid,3,1146,28675,5.0,25,0.7729975,0.3556855594118436,1.0492560267448425,44.706374583998695
dgn_qmix__N4__ring__seed3,dgn_qmix,coord_grid,3,1147,28700,7.0,25,0.7727995833333333,0.39912880460421246,1.0809738139311473,44.74695574998623
dgn_qmix__N4__ring__seed3,dgn_qmix,coord_grid,3,1148,28725,4.0,25,0.7726016666666666,0.3110378533601761,1.0541125067642756,44.79373083403334
dgn_qmix__N4__ring__seed3,dgn_qmix,coord_grid,3,1149,28750,0.0,25,0.7724037500000001,0.3396559978524844,1.2139587303002675,44.8345403749845
dgn_qmix__N4__ring__seed3,dgn_qmix,coord_grid,3,1150,28775,6.0,25,0.7722058333333334,0.45238713423411053,1.3429152369499207,44.87614395900164
dgn_qmix__N4__ring__seed3,dgn_qmix,coord_grid,3,1151,28800,7.0,25,0.7720079166666667,0.4030800983309746,0.8519402394692103,44.915676125034224
dgn_qmix__N4__ring__seed3,dgn_qmix,coord_grid,3,1152,28825,9.0,25,0.77181,0.25402444175311495,0.7579625930104937,44.96173083403846
dgn_qmix__N4__ring__seed3,dgn_qmix,coord_grid,3,1153,28850,4.0,25,0.7716120833333333,0.38275353610515594,0.989577998717626,45.00127337500453
dgn_qmix__N4__ring__seed3,dgn_qmix,coord_grid,3,1154,28875,3.0,25,0.7714141666666667,0.30850014835596085,0.902136355638504,45.03975912503665
dgn_qmix__N4__ring__seed3,dgn_qmix,coord_grid,3,1155,28900,9.0,25,0.7712162499999999,0.4548058857520421,1.5660181442896526,45.07972391700605
dgn_qmix__N4__ring__seed3,dgn_qmix,coord_grid,3,1156,28925,11.0,25,0.7710183333333334,0.2891879475542477,1.0346304603985377,45.12618579203263
dgn_qmix__N4__ring__seed3,dgn_qmix,coord_grid,3,1157,28950,7.0,25,0.7708204166666667,0.3783525377511978,1.0569872558116913,45.16781108401483
dgn_qmix__N4__ring__seed3,dgn_qmix,coord_grid,3,1158,28975,7.0,25,0.7706225,0.3288363640507062,0.9730996042490005,45.20831845898647
dgn_qmix__N4__ring__seed3,dgn_qmix,coord_grid,3,1159,29000,2.0,25,0.7704245833333333,0.30990996460119885,0.8973018924395243,45.249354667030275
dgn_qmix__N4__ring__seed3,dgn_qmix,coord_grid,3,1160,29025,6.0,25,0.7702266666666666,0.5111422368458339,1.6100271769932337,45.29432387498673
dgn_qmix__N4__ring__seed3,dgn_qmix,coord_grid,3,1161,29050,3.0,25,0.77002875,0.23017761359612146,1.487985223531723,45.33592516701901
dgn_qmix__N4__ring__seed3,dgn_qmix,coord_grid,3,1162,29075,5.0,25,0.7698308333333334,0.5363626703619957,0.961958666642507,45.37733412499074
dgn_qmix__N4__ring__seed3,dgn_qmix,coord_grid,3,1163,29100,5.0,25,0.7696329166666667,0.42961593965689343,1.0376034180323284,45.41734670900041
dgn_qmix__N4__ring__seed3,dgn_qmix,coord_grid,3,1164,29125,1.0,25,0.769435,0.2880951410957745,1.3383042131151472,45.46336158399936
dgn_qmix__N4__ring__seed3,dgn_qmix,coord_grid,3,1165,29150,3.0,25,0.7692370833333333,0.28642791509628296,1.4902716279029846,45.50514604203636
dgn_qmix__N4__ring__seed3,dgn_qmix,coord_grid,3,1166,29175,3.0,25,0.7690391666666667,0.2998815675576528,0.7801216344038645,45.54603587498423
dgn_qmix__N4__ring__seed3,dgn_qmix,coord_grid,3,1167,29200,3.0,25,0.76884125,0.40537962814172107,1.216641366481781,45.58662145899143
dgn_qmix__N4__ring__seed3,dgn_qmix,coord_grid,3,1168,29225,2.0,25,0.7686433333333333,0.4424820840358734,1.1130353893552507,45.63178745901678
dgn_qmix__N4__ring__seed3,dgn_qmix,coord_grid,3,1169,29250,9.0,25,0.7684454166666667,0.4267818083365758,1.2045448819796245,45.673323834023904
dgn_qmix__N4__ring__seed3,dgn_qmix,coord_grid,3,1170,29275,3.0,25,0.7682475,0.3894256415466468,1.252512365579605,45.71451404201798
dgn_qmix__N4__ring__seed3,dgn_qmix,coord_grid,3,1171,29300,2.0,25,0.7680495833333334,0.4547397543986638,1.4544591108957927,45.75545087503269
dgn_qmix__N4__ring__seed3,dgn_qmix,coord_grid,3,1172,29325,3.0,25,0.7678516666666666,0.38379843320165363,1.2414277025631495,45.79978054203093
dgn_qmix__N4__ring__seed3,dgn_qmix,coord_grid,3,1173,29350,2.0,25,0.76765375,0.4076361233989398,0.9852688809235891,45.841569042007904
dgn_qmix__N4__ring__seed3,dgn_qmix,coord_grid,3,1174,29375,5.0,25,0.7674558333333333,0.36383343239625293,1.2963806887467701,45.88139237498399
dgn_qmix__N4__ring__seed3,dgn_qmix,coord_grid,3,1175,29400,6.0,25,0.7672579166666667,0.2902258125444253,0.7840144137541453,45.92173491703579
dgn_qmix__N4__ring__seed3,dgn_qmix,coord_grid,3,1176,29425,4.0,25,0.7670600000000001,0.40007027983665466,0.9624493377549308,45.96799766703043
dgn_qmix__N4__ring__seed3,dgn_qmix,coord_grid,3,1177,29450,10.0,25,0.7668620833333333,0.5243573139111201,1.3210228284200032,46.00996970903361
dgn_qmix__N4__ring__seed3,dgn_qmix,coord_grid,3,1178,29475,4.0,25,0.7666641666666667,0.30028871446847916,1.1836000382900238,46.05246316699777
dgn_qmix__N4__ring__seed3,dgn_qmix,coord_grid,3,1179,29500,2.0,25,0.76646625,0.34259601309895515,1.1384644707043965,46.093070000002626
dgn_qmix__N4__ring__seed3,dgn_qmix,coord_grid,3,1180,29525,3.0,25,0.7662683333333333,0.3198633108820234,1.5907105377742223,46.1389772919938
dgn_qmix__N4__ring__seed3,dgn_qmix,coord_grid,3,1181,29550,3.0,25,0.7660704166666666,0.4699290369947751,1.0040678083896637,46.178740333998576
dgn_qmix__N4__ring__seed3,dgn_qmix,coord_grid,3,1182,29575,2.0,25,0.7658725,0.6453180064757665,1.4521321753660839,46.21915091702249
dgn_qmix__N4__ring__seed3,dgn_qmix,coord_grid,3,1183,29600,4.0,25,0.7656745833333334,0.34270156423250836,1.3127010464668274,46.258977541991044
dgn_qmix__N4__ring__seed3,dgn_qmix,coord_grid,3,1184,29625,0.0,25,0.7654766666666667,0.535580466900553,1.0066299438476562,46.305815167026594
dgn_qmix__N4__ring__seed3,dgn_qmix,coord_grid,3,1185,29650,2.0,25,0.76527875,0.3643519679705302,1.0568871001402538,46.34763933403883
dgn_qmix__N4__ring__seed3,dgn_qmix,coord_grid,3,1186,29675,6.0,25,0.7650808333333333,0.4589465409517288,1.3341721892356873,46.38870341703296
dgn_qmix__N4__ring__seed3,dgn_qmix,coord_grid,3,1187,29700,11.0,25,0.7648829166666666,0.31137222796678543,0.9488436977068583,46.42974420898827
dgn_qmix__N4__ring__seed3,dgn_qmix,coord_grid,3,1188,29725,4.0,25,0.7646850000000001,0.4411029815673828,0.909292391368321,46.47650404198794
dgn_qmix__N4__ring__seed3,dgn_qmix,coord_grid,3,1189,29750,3.0,25,0.7644870833333334,0.3214898978670438,1.1507920324802399,46.51779120898573
dgn_qmix__N4__ring__seed3,dgn_qmix,coord_grid,3,1190,29775,5.0,25,0.7642891666666667,0.45207367837429047,1.087385356426239,46.55800779198762
dgn_qmix__N4__ring__seed3,dgn_qmix,coord_grid,3,1191,29800,7.0,25,0.76409125,0.20193854222695032,1.230921785036723,46.60053108399734
dgn_qmix__N4__ring__seed3,dgn_qmix,coord_grid,3,1192,29825,6.0,25,0.7638933333333333,0.5098775327205658,1.4819388048989433,46.645745042013004
dgn_qmix__N4__ring__seed3,dgn_qmix,coord_grid,3,1193,29850,2.0,25,0.7636954166666667,0.3714863285422325,1.6646057566006978,46.68624212499708
dgn_qmix__N4__ring__seed3,dgn_qmix,coord_grid,3,1194,29875,11.0,25,0.7634974999999999,0.37550923476616543,1.3763715326786041,46.72589320898987
dgn_qmix__N4__ring__seed3,dgn_qmix,coord_grid,3,1195,29900,4.0,25,0.7632995833333334,0.3957294126351674,1.0486643811066945,46.76719087501988
dgn_qmix__N4__ring__seed3,dgn_qmix,coord_grid,3,1196,29925,8.0,25,0.7631016666666667,0.4445498819862093,1.2205744981765747,46.81320437503746
dgn_qmix__N4__ring__seed3,dgn_qmix,coord_grid,3,1197,29950,7.0,25,0.76290375,0.4184320345520973,1.355946530898412,46.852648209023755
dgn_qmix__N4__ring__seed3,dgn_qmix,coord_grid,3,1198,29975,4.0,25,0.7627058333333334,0.46597680697838467,1.03604261080424,46.892537167004775
dgn_qmix__N4__ring__seed3,dgn_qmix,coord_grid,3,1199,30000,4.0,25,0.7625079166666666,0.5232151846090952,1.7535555064678192,46.93370320898248
dgn_qmix__N4__ring__seed3,dgn_qmix,coord_grid,3,1200,30025,6.0,25,0.76231,0.41003935251917156,1.225526545728956,46.97954645898426
dgn_qmix__N4__ring__seed3,dgn_qmix,coord_grid,3,1201,30050,9.0,25,0.7621120833333334,0.385378435254097,1.592690000931422,47.01970954198623
dgn_qmix__N4__ring__seed3,dgn_qmix,coord_grid,3,1202,30075,10.0,25,0.7619141666666667,0.40982020646333694,1.310868004957835,47.05961095902603
dgn_qmix__N4__ring__seed3,dgn_qmix,coord_grid,3,1203,30100,3.0,25,0.76171625,0.4340246319770813,1.4202162623405457,47.09918908402324
dgn_qmix__N4__ring__seed3,dgn_qmix,coord_grid,3,1204,30125,5.0,25,0.7615183333333333,0.3912958311183112,1.3682729772159032,47.145782459003385
dgn_qmix__N4__ring__seed3,dgn_qmix,coord_grid,3,1205,30150,5.0,25,0.7613204166666667,0.36098507046699524,1.8685030142466228,47.18875762500102
dgn_qmix__N4__ring__seed3,dgn_qmix,coord_grid,3,1206,30175,7.0,25,0.7611225,0.27243505915006,1.627567579348882,47.23180325003341
dgn_qmix__N4__ring__seed3,dgn_qmix,coord_grid,3,1207,30200,4.0,25,0.7609245833333333,0.3239026914040248,1.0605491399765015,47.27187612501439
dgn_qmix__N4__ring__seed3,dgn_qmix,coord_grid,3,1208,30225,9.0,25,0.7607266666666667,0.3295079820922443,1.281858972140721,47.31861687498167
dgn_qmix__N4__ring__seed3,dgn_qmix,coord_grid,3,1209,30250,4.0,25,0.76052875,0.3018924469749133,1.3093891243139903,47.35997074999614
dgn_qmix__N4__ring__seed3,dgn_qmix,coord_grid,3,1210,30275,7.0,25,0.7603308333333333,0.33582741270462674,1.19623597462972,47.399775959027465
dgn_qmix__N4__ring__seed3,dgn_qmix,coord_grid,3,1211,30300,6.0,25,0.7601329166666667,0.38755058745543164,1.9948481321334839,47.440834624983836
dgn_qmix__N4__ring__seed3,dgn_qmix,coord_grid,3,1212,30325,5.0,25,0.759935,0.4935561035360609,1.269324881689889,47.48586987500312
dgn_qmix__N4__ring__seed3,dgn_qmix,coord_grid,3,1213,30350,5.0,25,0.7597370833333333,0.4531729829808076,1.2323146065076191,47.526649667008314
dgn_qmix__N4__ring__seed3,dgn_qmix,coord_grid,3,1214,30375,9.0,25,0.7595391666666667,0.5471049944559733,1.2408171792825062,47.56604000000516
dgn_qmix__N4__ring__seed3,dgn_qmix,coord_grid,3,1215,30400,4.0,25,0.75934125,0.4652047355969747,1.0137075285116832,47.60639554198133
dgn_qmix__N4__ring__seed3,dgn_qmix,coord_grid,3,1216,30425,4.0,25,0.7591433333333333,0.4258647859096527,1.204043984413147,47.651520500017796
dgn_qmix__N4__ring__seed3,dgn_qmix,coord_grid,3,1217,30450,10.0,25,0.7589454166666667,0.3029671212037404,1.228273202975591,47.69244241702836
dgn_qmix__N4__ring__seed3,dgn_qmix,coord_grid,3,1218,30475,6.0,25,0.7587475,0.4527874638636907,1.0778438746929169,47.7336334590218
dgn_qmix__N4__ring__seed3,dgn_qmix,coord_grid,3,1219,30500,2.0,25,0.7585495833333333,0.5443140516678492,0.990241140127182,47.77384575002361
dgn_qmix__N4__ring__seed3,dgn_qmix,coord_grid,3,1220,30525,3.0,25,0.7583516666666666,0.3047172118510519,1.0495067834854126,47.81909712502966
dgn_qmix__N4__ring__seed3,dgn_qmix,coord_grid,3,1221,30550,4.0,25,0.75815375,0.42790067195892334,1.3008646965026855,47.859272000030614
dgn_qmix__N4__ring__seed3,dgn_qmix,coord_grid,3,1222,30575,5.0,25,0.7579558333333334,0.46401241173346836,1.3925883273283641,47.90344683401054
dgn_qmix__N4__ring__seed3,dgn_qmix,coord_grid,3,1223,30600,2.0,25,0.7577579166666667,0.3480404019355774,1.4754603604475658,47.945241625013296
dgn_qmix__N4__ring__seed3,dgn_qmix,coord_grid,3,1224,30625,11.0,25,0.75756,0.5619513647896903,2.110180148056575,47.991988875030074
dgn_qmix__N4__ring__seed3,dgn_qmix,coord_grid,3,1225,30650,3.0,25,0.7573620833333333,0.6548519805073738,2.005642811457316,48.03292845899705
dgn_qmix__N4__ring__seed3,dgn_qmix,coord_grid,3,1226,30675,3.0,25,0.7571641666666666,0.42158092310031253,1.8435628414154053,48.07296550000319
dgn_qmix__N4__ring__seed3,dgn_qmix,coord_grid,3,1227,30700,6.0,25,0.75696625,0.4379480977853139,1.5426056881745656,48.114184459031094
dgn_qmix__N4__ring__seed3,dgn_qmix,coord_grid,3,1228,30725,4.0,25,0.7567683333333334,0.4134326832635062,1.78988059929439,48.15896908403374
dgn_qmix__N4__ring__seed3,dgn_qmix,coord_grid,3,1229,30750,6.0,25,0.7565704166666667,0.38545823593934375,1.2178294161955516,48.20054287498351
dgn_qmix__N4__ring__seed3,dgn_qmix,coord_grid,3,1230,30775,2.0,25,0.7563725,0.5183887531359991,1.4184889296690624,48.23972474999027
dgn_qmix__N4__ring__seed3,dgn_qmix,coord_grid,3,1231,30800,4.0,25,0.7561745833333333,0.5412560701370239,1.0725086828072865,48.28133725002408
dgn_qmix__N4__ring__seed3,dgn_qmix,coord_grid,3,1232,30825,2.0,25,0.7559766666666666,0.4168337221656527,1.6928761345999581,48.3298330840189
dgn_qmix__N4__ring__seed3,dgn_qmix,coord_grid,3,1233,30850,3.0,25,0.75577875,0.47403881947199505,1.415733814239502,48.369066292012576
dgn_qmix__N4__ring__seed3,dgn_qmix,coord_grid,3,1234,30875,10.0,25,0.7555808333333334,0.37724677970012027,1.0946863392988841,48.410353625018615
dgn_qmix__N4__ring__seed3,dgn_qmix,coord_grid,3,1235,30900,2.0,25,0.7553829166666667,0.5330257515112559,1.6097914278507233,48.451135334034916
dgn_qmix__N4__ring__seed3,dgn_qmix,coord_grid,3,1236,30925,14.0,25,0.755185,0.44581326842308044,2.385555829320635,48.49712220899528
dgn_qmix__N4__ring__seed3,dgn_qmix,coord_grid,3,1237,30950,6.0,25,0.7549870833333333,0.4937361975510915,1.5350375870863597,48.53797350003151
dgn_qmix__N4__ring__seed3,dgn_qmix,coord_grid,3,1238,30975,8.0,25,0.7547891666666666,0.41562558710575104,1.0566204190254211,48.57890866702655
dgn_qmix__N4__ring__seed3,dgn_qmix,coord_grid,3,1239,31000,7.0,25,0.75459125,0.4194180443882942,1.3261409401893616,48.620170834008604
dgn_qmix__N4__ring__seed3,dgn_qmix,coord_grid,3,1240,31025,3.0,25,0.7543933333333334,0.5579577514103481,0.9421542372022357,48.66458462498849
dgn_qmix__N4__ring__seed3,dgn_qmix,coord_grid,3,1241,31050,4.0,25,0.7541954166666667,0.4166925127307574,1.0544595221678417,48.70575700001791
dgn_qmix__N4__ring__seed3,dgn_qmix,coord_grid,3,1242,31075,4.0,25,0.7539975,0.4949299519260724,1.1254320343335469,48.74667083402164
dgn_qmix__N4__ring__seed3,dgn_qmix,coord_grid,3,1243,31100,14.0,25,0.7537995833333333,0.434661644200484,1.4247860213120778,48.786222084017936
dgn_qmix__N4__ring__seed3,dgn_qmix,coord_grid,3,1244,31125,6.0,25,0.7536016666666667,0.3746419133884566,0.9238689158643995,48.83221170899924
dgn_qmix__N4__ring__seed3,dgn_qmix,coord_grid,3,1245,31150,8.0,25,0.75340375,0.464770811299483,0.9642928640047709,48.873894208983984
dgn_qmix__N4__ring__seed3,dgn_qmix,coord_grid,3,1246,31175,3.0,25,0.7532058333333334,0.4512280896306038,1.141211062669754,48.914406583993696
dgn_qmix__N4__ring__seed3,dgn_qmix,coord_grid,3,1247,31200,5.0,25,0.7530079166666667,0.439972847700119,1.2360190550486247,48.95476387499366
dgn_qmix__N4__ring__seed3,dgn_qmix,coord_grid,3,1248,31225,5.0,25,0.75281,0.34811536754880634,0.9768159474645343,49.00104366702726
dgn_qmix__N4__ring__seed3,dgn_qmix,coord_grid,3,1249,31250,5.0,25,0.7526120833333333,0.4173968235651652,1.095612108707428,49.04256879200693
dgn_qmix__N4__ring__seed3,dgn_qmix,coord_grid,3,1250,31275,8.0,25,0.7524141666666667,0.3440454800923665,1.4221043189366658,49.08392350003123
dgn_qmix__N4__ring__seed3,dgn_qmix,coord_grid,3,1251,31300,5.0,25,0.75221625,0.3663664037982623,1.3862702151139576,49.124323084019125
dgn_qmix__N4__ring__seed3,dgn_qmix,coord_grid,3,1252,31325,4.0,25,0.7520183333333333,0.5117133600371224,1.4757621884346008,49.17036462499527
dgn_qmix__N4__ring__seed3,dgn_qmix,coord_grid,3,1253,31350,2.0,25,0.7518204166666667,0.3635847369829814,1.1426803568998973,49.21117237501312
dgn_qmix__N4__ring__seed3,dgn_qmix,coord_grid,3,1254,31375,4.0,25,0.7516225,0.5345623046159744,1.2612467209498088,49.2511949170148
dgn_qmix__N4__ring__seed3,dgn_qmix,coord_grid,3,1255,31400,3.0,25,0.7514245833333333,0.3944900967180729,1.20225124557813,49.29200541699538
dgn_qmix__N4__ring__seed3,dgn_qmix,coord_grid,3,1256,31425,6.0,25,0.7512266666666667,0.48808382664408,2.1994068026542664,49.33881533402018
dgn_qmix__N4__ring__seed3,dgn_qmix,coord_grid,3,1257,31450,5.0,25,0.75102875,0.37860120584567386,1.4859398305416107,49.37924600002589
dgn_qmix__N4__ring__seed3,dgn_qmix,coord_grid,3,1258,31475,6.0,25,0.7508308333333333,0.4037828966975212,1.1677226126194,49.419618125015404
dgn_qmix__N4__ring__seed3,dgn_qmix,coord_grid,3,1259,31500,3.0,25,0.7506329166666666,0.4530876775582631,1.4959570864836376,49.460075750015676
dgn_qmix__N4__ring__seed3,dgn_qmix,coord_grid,3,1260,31525,4.0,25,0.750435,0.3941014451639993,1.165373078414372,49.50599475001218
dgn_qmix__N4__ring__seed3,dgn_qmix,coord_grid,3,1261,31550,3.0,25,0.7502370833333334,0.4204016091922919,1.4089858333269756,49.548500334029086
dgn_qmix__N4__ring__seed3,dgn_qmix,coord_grid,3,1262,31575,5.0,25,0.7500391666666667,0.3948468491435051,1.5515638887882233,49.59030487498967
dgn_qmix__N4__ring__seed3,dgn_qmix,coord_grid,3,1263,31600,3.0,25,0.74984125,0.623054472108682,1.1440618137518566,49.632932999986224
dgn_qmix__N4__ring__seed3,dgn_qmix,coord_grid,3,1264,31625,5.0,25,0.7496433333333333,0.4734970033168793,1.4106076530047826,49.6795189169934
dgn_qmix__N4__ring__seed3,dgn_qmix,coord_grid,3,1265,31650,3.0,25,0.7494454166666666,0.4078633685906728,2.198249936103821,49.72023137501674
dgn_qmix__N4__ring__seed3,dgn_qmix,coord_grid,3,1266,31675,9.0,25,0.7492475000000001,0.35839038093884784,1.695736567179362,49.760575208987575
dgn_qmix__N4__ring__seed3,dgn_qmix,coord_grid,3,1267,31700,9.0,25,0.7490495833333333,0.4234699383378029,1.2351097464561462,49.80167620902648
dgn_qmix__N4__ring__seed3,dgn_qmix,coord_grid,3,1268,31725,9.0,25,0.7488516666666667,0.42076551062720163,1.5094008786337716,49.84725883399369
dgn_qmix__N4__ring__seed3,dgn_qmix,coord_grid,3,1269,31750,11.0,25,0.74865375,0.5147433777650198,1.0782844225565593,49.88920454203617
dgn_qmix__N4__ring__seed3,dgn_qmix,coord_grid,3,1270,31775,9.0,25,0.7484558333333333,0.38998160511255264,1.0566836496194203,49.93241441703867
dgn_qmix__N4__ring__seed3,dgn_qmix,coord_grid,3,1271,31800,4.0,25,0.7482579166666667,0.6273771896958351,1.5057209432125092,49.98578762501711
dgn_qmix__N4__ring__seed3,dgn_qmix,coord_grid,3,1272,31825,8.0,25,0.74806,0.4464538480554308,1.2942410962922233,50.037332125008106
dgn_qmix__N4__ring__seed3,dgn_qmix,coord_grid,3,1273,31850,4.0,25,0.7478620833333334,0.3767436432341735,1.252855360507965,50.07920620898949
dgn_qmix__N4__ring__seed3,dgn_qmix,coord_grid,3,1274,31875,1.0,25,0.7476641666666667,0.4752637992302577,1.594487577676773,50.12133870902471
dgn_qmix__N4__ring__seed3,dgn_qmix,coord_grid,3,1275,31900,5.0,25,0.74746625,0.40133286267518997,1.000413070122401,50.16116637503728
dgn_qmix__N4__ring__seed3,dgn_qmix,coord_grid,3,1276,31925,5.0,25,0.7472683333333333,0.4158880263566971,0.9563525233949933,50.20666208403418
dgn_qmix__N4__ring__seed3,dgn_qmix,coord_grid,3,1277,31950,5.0,25,0.7470704166666666,0.3863298123081525,1.054509460926056,50.248608083988074
dgn_qmix__N4__ring__seed3,dgn_qmix,coord_grid,3,1278,31975,7.0,25,0.7468725,0.6860682417949041,1.0973712901274364,50.29308683401905
dgn_qmix__N4__ring__seed3,dgn_qmix,coord_grid,3,1279,32000,7.0,25,0.7466745833333334,0.6519236415624619,1.1873816748460133,50.33669041702524
dgn_qmix__N4__ring__seed3,dgn_qmix,coord_grid,3,1280,32025,7.0,25,0.7464766666666667,0.3905607398067202,1.4300799880708968,50.393019292037934
dgn_qmix__N4__ring__seed3,dgn_qmix,coord_grid,3,1281,32050,7.0,25,0.74627875,0.5485466867685318,1.0949920614560444,50.43875545903575
dgn_qmix__N4__ring__seed3,dgn_qmix,coord_grid,3,1282,32075,9.0,25,0.7460808333333333,0.46281396100918454,0.975900818904241,50.48315083398484
dgn_qmix__N4__ring__seed3,dgn_qmix,coord_grid,3,1283,32100,14.0,25,0.7458829166666667,0.45214416086673737,1.4070346752802532,50.52854920900427
dgn_qmix__N4__ring__seed3,dgn_qmix,coord_grid,3,1284,32125,6.0,25,0.745685,0.3687842935323715,1.4266421028545924,50.58133491699118
dgn_qmix__N4__ring__seed3,dgn_qmix,coord_grid,3,1285,32150,5.0,25,0.7454870833333334,0.6146535128355026,1.6145196755727131,50.62411733402405
dgn_qmix__N4__ring__seed3,dgn_qmix,coord_grid,3,1286,32175,6.0,25,0.7452891666666667,0.4042594904700915,0.9968895514806112,50.67115408403333
dgn_qmix__N4__ring__seed3,dgn_qmix,coord_grid,3,1287,32200,7.0,25,0.74509125,0.2956801826755206,1.3670300443967183,50.71689995902125
dgn_qmix__N4__ring__seed3,dgn_qmix,coord_grid,3,1288,32225,4.0,25,0.7448933333333334,0.4311469814607075,2.7393745524542674,50.76655966701219
dgn_qmix__N4__ring__seed3,dgn_qmix,coord_grid,3,1289,32250,6.0,25,0.7446954166666666,0.38852110753456753,1.6789117654164631,50.8100615000003
dgn_qmix__N4__ring__seed3,dgn_qmix,coord_grid,3,1290,32275,10.0,25,0.7444975,0.41773170481125516,1.733538955450058,50.85134691698477
dgn_qmix__N4__ring__seed3,dgn_qmix,coord_grid,3,1291,32300,9.0,25,0.7442995833333333,0.46517255405584973,1.4064155916372936,50.89044508402003
dgn_qmix__N4__ring__seed3,dgn_qmix,coord_grid,3,1292,32325,10.0,25,0.7441016666666667,0.6231578822646823,1.588216824190957,50.93699495901819
dgn_qmix__N4__ring__seed3,dgn_qmix,coord_grid,3,1293,32350,8.0,25,0.7439037500000001,0.524533192316691,1.2620248794555664,50.978654749982525
dgn_qmix__N4__ring__seed3,dgn_qmix,coord_grid,3,1294,32375,9.0,25,0.7437058333333333,0.3382640431324641,1.8168615698814392,51.02105429198127
dgn_qmix__N4__ring__seed3,dgn_qmix,coord_grid,3,1295,32400,4.0,25,0.7435079166666667,0.4274620898067951,1.542955180009206,51.06168924999656
dgn_qmix__N4__ring__seed3,dgn_qmix,coord_grid,3,1296,32425,10.0,25,0.74331,0.2657373494335583,1.3374550683157784,51.109705042035785
dgn_qmix__N4__ring__seed3,dgn_qmix,coord_grid,3,1297,32450,10.0,25,0.7431120833333333,0.4781518777211507,1.8247252305348713,51.15051437501097
dgn_qmix__N4__ring__seed3,dgn_qmix,coord_grid,3,1298,32475,5.0,25,0.7429141666666667,0.642335407435894,1.798240731159846,51.19272962503601
dgn_qmix__N4__ring__seed3,dgn_qmix,coord_grid,3,1299,32500,9.0,25,0.74271625,0.49568721155325574,1.7478837569554646,51.23549258400453
dgn_qmix__N4__ring__seed3,dgn_qmix,coord_grid,3,1300,32525,9.0,25,0.7425183333333334,0.3431291175740106,1.4084464652197701,51.283455084019806
dgn_qmix__N4__ring__seed3,dgn_qmix,coord_grid,3,1301,32550,4.0,25,0.7423204166666667,0.42257996400197345,1.0175011257330577,51.32582487503532
dgn_qmix__N4__ring__seed3,dgn_qmix,coord_grid,3,1302,32575,3.0,25,0.7421225,0.49899139006932575,1.3192430833975475,51.366065124981105
dgn_qmix__N4__ring__seed3,dgn_qmix,coord_grid,3,1303,32600,4.0,25,0.7419245833333333,0.477654293179512,1.033576140801112,51.40728254202986
dgn_qmix__N4__ring__seed3,dgn_qmix,coord_grid,3,1304,32625,5.0,25,0.7417266666666666,0.5795788722378867,1.1786402293613978,51.45818216702901
dgn_qmix__N4__ring__seed3,dgn_qmix,coord_grid,3,1305,32650,1.0,25,0.7415287500000001,0.46648867925008136,1.4395534296830494,51.497136374993715
dgn_qmix__N4__ring__seed3,dgn_qmix,coord_grid,3,1306,32675,6.0,25,0.7413308333333334,0.5165637582540512,1.3424014051755269,51.53679300000658
dgn_qmix__N4__ring__seed3,dgn_qmix,coord_grid,3,1307,32700,8.0,25,0.7411329166666667,0.41771317770083743,1.4917459686597188,51.57824412500486
dgn_qmix__N4__ring__seed3,dgn_qmix,coord_grid,3,1308,32725,7.0,25,0.740935,0.2033945055944579,1.5561683348246984,51.62513408402447
dgn_qmix__N4__ring__seed3,dgn_qmix,coord_grid,3,1309,32750,10.0,25,0.7407370833333333,0.3628324878712495,1.4168105324109395,51.666238917037845
dgn_qmix__N4__ring__seed3,dgn_qmix,coord_grid,3,1310,32775,3.0,25,0.7405391666666667,0.5409013976653417,1.2659123142560322,51.71656945900759
dgn_qmix__N4__ring__seed3,dgn_qmix,coord_grid,3,1311,32800,4.0,25,0.74034125,0.37635360409816104,1.6150680085023243,51.76786825002637
dgn_qmix__N4__ring__seed3,dgn_qmix,coord_grid,3,1312,32825,1.0,25,0.7401433333333334,0.36408587970903944,1.1356702532087053,51.81552108400501
dgn_qmix__N4__ring__seed3,dgn_qmix,coord_grid,3,1313,32850,5.0,25,0.7399454166666667,0.5839190756281217,1.300587147474289,51.861124499992
dgn_qmix__N4__ring__seed3,dgn_qmix,coord_grid,3,1314,32875,7.0,25,0.7397475,0.4554414277275403,1.2847420275211334,51.90169087500544
dgn_qmix__N4__ring__seed3,dgn_qmix,coord_grid,3,1315,32900,6.0,25,0.7395495833333333,0.3298926924665769,0.9689041972160339,51.94260170898633
dgn_qmix__N4__ring__seed3,dgn_qmix,coord_grid,3,1316,32925,2.0,25,0.7393516666666666,0.49730672261544634,1.082012142453875,51.989454167021904
dgn_qmix__N4__ring__seed3,dgn_qmix,coord_grid,3,1317,32950,3.0,25,0.73915375,0.3529670089483261,1.2180552283922832,52.030799542029854
dgn_qmix__N4__ring__seed3,dgn_qmix,coord_grid,3,1318,32975,6.0,25,0.7389558333333334,0.7792823712031046,1.3815891742706299,52.07311637501698
dgn_qmix__N4__ring__seed3,dgn_qmix,coord_grid,3,1319,33000,12.0,25,0.7387579166666667,0.6512458374102911,1.5104685425758362,52.11663750000298
dgn_qmix__N4__ring__seed3,dgn_qmix,coord_grid,3,1320,33025,7.0,25,0.73856,0.5022020659276417,1.8473621010780334,52.16362449998269
dgn_qmix__N4__ring__seed3,dgn_qmix,coord_grid,3,1321,33050,6.0,25,0.7383620833333333,0.5681343997518221,2.273609737555186,52.20547345903469
dgn_qmix__N4__ring__seed3,dgn_qmix,coord_grid,3,1322,33075,7.0,25,0.7381641666666667,0.36467789361874264,2.208726425965627,52.24872037500609
dgn_qmix__N4__ring__seed3,dgn_qmix,coord_grid,3,1323,33100,5.0,25,0.73796625,0.4367823079228401,1.4116459687550862,52.29114029201446
dgn_qmix__N4__ring__seed3,dgn_qmix,coord_grid,3,1324,33125,3.0,25,0.7377683333333334,0.5278919126306262,2.125549248286656,52.34136000002036
dgn_qmix__N4__ring__seed3,dgn_qmix,coord_grid,3,1325,33150,10.0,25,0.7375704166666667,0.33770576616128284,1.944655070702235,52.385812834021635
dgn_qmix__N4__ring__seed3,dgn_qmix,coord_grid,3,1326,33175,9.0,25,0.7373725,0.3370238145192464,1.9981419444084167,52.42898616701132
dgn_qmix__N4__ring__seed3,dgn_qmix,coord_grid,3,1327,33200,2.0,25,0.7371745833333334,0.45351628214120865,1.4376895825068157,52.471033499983605
dgn_qmix__N4__ring__seed3,dgn_qmix,coord_grid,3,1328,33225,9.0,25,0.7369766666666666,0.5811082933630262,1.8330514686448234,52.519626958994195
dgn_qmix__N4__ring__seed3,dgn_qmix,coord_grid,3,1329,33250,2.0,25,0.73677875,0.4881300131479899,1.4187955260276794,52.560930375009775
dgn_qmix__N4__ring__seed3,dgn_qmix,coord_grid,3,1330,33275,9.0,25,0.7365808333333334,0.38208190600077313,1.219839910666148,52.603863209020346
dgn_qmix__N4__ring__seed3,dgn_qmix,coord_grid,3,1331,33300,11.0,25,0.7363829166666667,0.7874123652776083,1.3886889417966206,52.648427375010215
dgn_qmix__N4__ring__seed3,dgn_qmix,coord_grid,3,1332,33325,15.0,25,0.7361850000000001,0.5083852963788169,1.169164044516427,52.698445875023026
dgn_qmix__N4__ring__seed3,dgn_qmix,coord_grid,3,1333,33350,4.0,25,0.7359870833333333,0.45078673710425693,1.4673967162768047,52.741339792031795
dgn_qmix__N4__ring__seed3,dgn_qmix,coord_grid,3,1334,33375,5.0,25,0.7357891666666667,0.5673182606697083,1.346752146879832,52.78517391701462
dgn_qmix__N4__ring__seed3,dgn_qmix,coord_grid,3,1335,33400,6.0,25,0.73559125,0.2925133394698302,1.5785455703735352,52.8259824590059
dgn_qmix__N4__ring__seed3,dgn_qmix,coord_grid,3,1336,33425,6.0,25,0.7353933333333333,0.6046829436506543,1.9419230222702026,52.87399008398643
dgn_qmix__N4__ring__seed3,dgn_qmix,coord_grid,3,1337,33450,7.0,25,0.7351954166666667,0.40126142899195355,1.5662817358970642,52.91672820900567
dgn_qmix__N4__ring__seed3,dgn_qmix,coord_grid,3,1338,33475,9.0,25,0.7349975,0.352303147315979,1.7209088404973347,52.9576128339977
dgn_qmix__N4__ring__seed3,dgn_qmix,coord_grid,3,1339,33500,7.0,25,0.7347995833333334,0.5063745329777399,1.4251260856787364,52.999966750037856
dgn_qmix__N4__ring__seed3,dgn_qmix,coord_grid,3,1340,33525,4.0,25,0.7346016666666667,0.21278825029730797,1.6846427065985543,53.04786004201742
dgn_qmix__N4__ring__seed3,dgn_qmix,coord_grid,3,1341,33550,12.0,25,0.73440375,0.5402841617663702,1.3863211075464885,53.092748625029344
dgn_qmix__N4__ring__seed3,dgn_qmix,coord_grid,3,1342,33575,7.0,25,0.7342058333333333,0.6234800492723783,1.6437586943308513,53.135644374997355
dgn_qmix__N4__ring__seed3,dgn_qmix,coord_grid,3,1343,33600,5.0,25,0.7340079166666666,0.41527174164851505,1.5787165363629658,53.17770341702271
dgn_qmix__N4__ring__seed3,dgn_qmix,coord_grid,3,1344,33625,13.0,25,0.7338100000000001,0.4552957032408033,1.8580490861620222,53.22491579200141
dgn_qmix__N4__ring__seed3,dgn_qmix,coord_grid,3,1345,33650,11.0,25,0.7336120833333334,0.2697040066123009,1.7942450642585754,53.268154709017836
dgn_qmix__N4__ring__seed3,dgn_qmix,coord_grid,3,1346,33675,6.0,25,0.7334141666666667,0.41969480613867444,2.5217025876045227,53.310293124988675
dgn_qmix__N4__ring__seed3,dgn_qmix,coord_grid,3,1347,33700,2.0,25,0.73321625,0.3883892521262169,1.8936023513476055,53.353802209021524
dgn_qmix__N4__ring__seed3,dgn_qmix,coord_grid,3,1348,33725,3.0,25,0.7330183333333333,0.5047224036284855,1.3596630437033517,53.402957750018686
dgn_qmix__N4__ring__seed3,dgn_qmix,coord_grid,3,1349,33750,3.0,25,0.7328204166666668,0.6499366660912832,2.6328397393226624,53.44676037499448
dgn_qmix__N4__ring__seed3,dgn_qmix,coord_grid,3,1350,33775,3.0,25,0.7326225,0.5831675777832667,2.4720531702041626,53.49049370898865
dgn_qmix__N4__ring__seed3,dgn_qmix,coord_grid,3,1351,33800,2.0,25,0.7324245833333334,0.5670451993743578,1.907250742117564,53.53187937499024
dgn_qmix__N4__ring__seed3,dgn_qmix,coord_grid,3,1352,33825,0.0,25,0.7322266666666667,0.4843384474515915,2.8932072946003506,53.57962604198838
dgn_qmix__N4__ring__seed3,dgn_qmix,coord_grid,3,1353,33850,3.0,25,0.73202875,0.5327695061763128,3.0291100442409515,53.62383358401712
dgn_qmix__N4__ring__seed3,dgn_qmix,coord_grid,3,1354,33875,4.0,25,0.7318308333333334,0.4079241057236989,2.416000266869863,53.66857808403438
dgn_qmix__N4__ring__seed3,dgn_qmix,coord_grid,3,1355,33900,7.0,25,0.7316329166666666,0.2765696595112483,1.8511854807535808,53.71329625003273
dgn_qmix__N4__ring__seed3,dgn_qmix,coord_grid,3,1356,33925,2.0,25,0.7314350000000001,0.3370963228600366,2.042469927242824,53.762146749999374
dgn_qmix__N4__ring__seed3,dgn_qmix,coord_grid,3,1357,33950,7.0,25,0.7312370833333334,0.3739819253484408,1.7582769592603047,53.802459625003394
dgn_qmix__N4__ring__seed3,dgn_qmix,coord_grid,3,1358,33975,14.0,25,0.7310391666666667,0.7510611265897751,2.0932863652706146,53.84286899998551
dgn_qmix__N4__ring__seed3,dgn_qmix,coord_grid,3,1359,34000,8.0,25,0.73084125,0.4637790123621623,2.155569632848104,53.88931191700976
dgn_qmix__N4__ring__seed3,dgn_qmix,coord_grid,3,1360,34025,3.0,25,0.7306433333333333,0.5724953562021255,1.7309920021465846,53.93693691701628
dgn_qmix__N4__ring__seed3,dgn_qmix,coord_grid,3,1361,34050,10.0,25,0.7304454166666667,0.5742685198783875,1.1303885380427043,53.9801645000116
dgn_qmix__N4__ring__seed3,dgn_qmix,coord_grid,3,1362,34075,8.0,25,0.7302475,0.49226835121711093,1.8516401847203572,54.02585299999919
dgn_qmix__N4__ring__seed3,dgn_qmix,coord_grid,3,1363,34100,4.0,25,0.7300495833333334,0.5834722220897675,1.1287304957707722,54.07015516702086
dgn_qmix__N4__ring__seed3,dgn_qmix,coord_grid,3,1364,34125,8.0,25,0.7298516666666667,0.4721660933324269,1.9122304575783866,54.119604459032416
dgn_qmix__N4__ring__seed3,dgn_qmix,coord_grid,3,1365,34150,8.0,25,0.72965375,0.4796246824165185,1.4882851143678029,54.16095241700532
dgn_qmix__N4__ring__seed3,dgn_qmix,coord_grid,3,1366,34175,8.0,25,0.7294558333333334,0.5977251355846723,1.3758767644564311,54.20192679198226
dgn_qmix__N4__ring__seed3,dgn_qmix,coord_grid,3,1367,34200,9.0,25,0.7292579166666667,0.5108290712038676,1.5806631743907928,54.244844542001374
dgn_qmix__N4__ring__seed3,dgn_qmix,coord_grid,3,1368,34225,4.0,25,0.72906,0.5295926768864904,1.5497306840760368,54.29031616699649
dgn_qmix__N4__ring__seed3,dgn_qmix,coord_grid,3,1369,34250,1.0,25,0.7288620833333334,0.3949682240684827,1.2739913364251454,54.33274216699647
dgn_qmix__N4__ring__seed3,dgn_qmix,coord_grid,3,1370,34275,11.0,25,0.7286641666666667,0.5243264883756638,2.117421289285024,54.37444670900004
dgn_qmix__N4__ring__seed3,dgn_qmix,coord_grid,3,1371,34300,9.0,25,0.7284662500000001,0.526772012313207,1.7945613265037537,54.4154115000274
dgn_qmix__N4__ring__seed3,dgn_qmix,coord_grid,3,1372,34325,5.0,25,0.7282683333333333,0.51024129986763,1.7479556969233923,54.462762249982916
dgn_qmix__N4__ring__seed3,dgn_qmix,coord_grid,3,1373,34350,4.0,25,0.7280704166666667,0.34225547934571904,1.4364917476971943,54.50337383401347
dgn_qmix__N4__ring__seed3,dgn_qmix,coord_grid,3,1374,34375,4.0,25,0.7278725,0.38041916241248447,1.219091147184372,54.544045833987184
dgn_qmix__N4__ring__seed3,dgn_qmix,coord_grid,3,1375,34400,7.0,25,0.7276745833333333,0.4607176259160042,1.521606703599294,54.584854917018674
dgn_qmix__N4__ring__seed3,dgn_qmix,coord_grid,3,1376,34425,5.0,25,0.7274766666666667,0.4799967791352953,1.5004535487719945,54.631676624994725
dgn_qmix__N4__ring__seed3,dgn_qmix,coord_grid,3,1377,34450,6.0,25,0.72727875,0.5291100988785425,1.5320313374201457,54.67377774999477
dgn_qmix__N4__ring__seed3,dgn_qmix,coord_grid,3,1378,34475,4.0,25,0.7270808333333334,0.42662323514620465,1.8941219846407573,54.71323437499814
dgn_qmix__N4__ring__seed3,dgn_qmix,coord_grid,3,1379,34500,4.0,25,0.7268829166666667,0.4953647206226985,1.261663407087326,54.7547449170379
dgn_qmix__N4__ring__seed3,dgn_qmix,coord_grid,3,1380,34525,11.0,25,0.726685,0.6066103535039085,1.3230136973517281,54.802986334019806
dgn_qmix__N4__ring__seed3,dgn_qmix,coord_grid,3,1381,34550,4.0,25,0.7264870833333333,0.3393901214003563,1.3206980129082997,54.84408341703238
dgn_qmix__N4__ring__seed3,dgn_qmix,coord_grid,3,1382,34575,1.0,25,0.7262891666666667,0.4407711749275525,1.5174274444580078,54.88420125003904
dgn_qmix__N4__ring__seed3,dgn_qmix,coord_grid,3,1383,34600,1.0,25,0.7260912500000001,0.526971715192,1.834453284740448,54.926464417017996
dgn_qmix__N4__ring__seed3,dgn_qmix,coord_grid,3,1384,34625,7.0,25,0.7258933333333334,0.5365512115614754,3.281804391316005,54.97305058402708
dgn_qmix__N4__ring__seed3,dgn_qmix,coord_grid,3,1385,34650,5.0,25,0.7256954166666667,0.5928109263380369,1.4745453596115112,55.01530858402839
dgn_qmix__N4__ring__seed3,dgn_qmix,coord_grid,3,1386,34675,4.0,25,0.7254975,0.5571950847903887,1.1856930255889893,55.05643475003308
dgn_qmix__N4__ring__seed3,dgn_qmix,coord_grid,3,1387,34700,4.0,25,0.7252995833333333,0.3492261121670405,1.3175260921319325,55.09856887499336
dgn_qmix__N4__ring__seed3,dgn_qmix,coord_grid,3,1388,34725,6.0,25,0.7251016666666668,0.43708201178482603,1.6431977152824402,55.145993417012505
dgn_qmix__N4__ring__seed3,dgn_qmix,coord_grid,3,1389,34750,3.0,25,0.72490375,0.5170751015345255,1.8173226118087769,55.18825966701843
dgn_qmix__N4__ring__seed3,dgn_qmix,coord_grid,3,1390,34775,3.0,25,0.7247058333333334,0.44650017966826755,1.3316454788049061,55.23054850002518
dgn_qmix__N4__ring__seed3,dgn_qmix,coord_grid,3,1391,34800,6.0,25,0.7245079166666667,0.5034009478986263,2.1697083115577698,55.27451962500345
dgn_qmix__N4__ring__seed3,dgn_qmix,coord_grid,3,1392,34825,5.0,25,0.72431,0.43702700627701624,2.0639348455837796,55.32367779198103
dgn_qmix__N4__ring__seed3,dgn_qmix,coord_grid,3,1393,34850,10.0,25,0.7241120833333334,0.5078020443518957,1.7926769455273945,55.3687292499817
dgn_qmix__N4__ring__seed3,dgn_qmix,coord_grid,3,1394,34875,5.0,25,0.7239141666666666,0.49053383866945904,1.3236678044001262,55.40991879202193
dgn_qmix__N4__ring__seed3,dgn_qmix,coord_grid,3,1395,34900,8.0,25,0.7237162500000001,0.43668273588021594,1.3819276293118794,55.45419204200152
dgn_qmix__N4__ring__seed3,dgn_qmix,coord_grid,3,1396,34925,5.0,25,0.7235183333333334,0.671854419367654,1.6096611789294653,55.50219216698315
dgn_qmix__N4__ring__seed3,dgn_qmix,coord_grid,3,1397,34950,8.0,25,0.7233204166666667,0.48587410772840184,1.8467550377051036,55.54215620900504
dgn_qmix__N4__ring__seed3,dgn_qmix,coord_grid,3,1398,34975,6.0,25,0.7231225,0.5253295054038366,1.7385225693384807,55.58626650000224
dgn_qmix__N4__ring__seed3,dgn_qmix,coord_grid,3,1399,35000,7.0,25,0.7229245833333333,0.6786503220597903,1.676784098148346,55.627780749986414
dgn_qmix__N4__ring__seed3,dgn_qmix,coord_grid,3,1400,35025,10.0,25,0.7227266666666667,0.34075462924582617,1.6347529632704598,55.67445245903218
dgn_qmix__N4__ring__seed3,dgn_qmix,coord_grid,3,1401,35050,7.0,25,0.72252875,0.5961546674370766,2.1634744505087533,55.71815458399942
dgn_qmix__N4__ring__seed3,dgn_qmix,coord_grid,3,1402,35075,4.0,25,0.7223308333333334,0.5280395224690437,2.018488625685374,55.760637792001944
dgn_qmix__N4__ring__seed3,dgn_qmix,coord_grid,3,1403,35100,5.0,25,0.7221329166666667,0.6595546926061312,2.1871479948361716,55.80009641702054
dgn_qmix__N4__ring__seed3,dgn_qmix,coord_grid,3,1404,35125,7.0,25,0.721935,0.4938828412975584,1.948909878730774,55.8488233750104
dgn_qmix__N4__ring__seed3,dgn_qmix,coord_grid,3,1405,35150,7.0,25,0.7217370833333334,0.6679992526769638,1.6507647136847179,55.89299475000007
dgn_qmix__N4__ring__seed3,dgn_qmix,coord_grid,3,1406,35175,15.0,25,0.7215391666666666,0.4299297978480657,1.7234839002291362,55.93902558402624
dgn_qmix__N4__ring__seed3,dgn_qmix,coord_grid,3,1407,35200,7.0,25,0.72134125,0.4651750698685646,1.3889647424221039,55.98314995900728
dgn_qmix__N4__ring__seed3,dgn_qmix,coord_grid,3,1408,35225,5.0,25,0.7211433333333334,0.3674576793398176,1.7866533654076713,56.029808624996804
dgn_qmix__N4__ring__seed3,dgn_qmix,coord_grid,3,1409,35250,6.0,25,0.7209454166666667,0.451204314827919,1.607207755247752,56.0730977919884
dgn_qmix__N4__ring__seed3,dgn_qmix,coord_grid,3,1410,35275,4.0,25,0.7207475000000001,0.6845451941092809,1.2115589876969655,56.11210137500893
dgn_qmix__N4__ring__seed3,dgn_qmix,coord_grid,3,1411,35300,10.0,25,0.7205495833333333,0.5542613913615545,2.162714878718058,56.15459345898125
dgn_qmix__N4__ring__seed3,dgn_qmix,coord_grid,3,1412,35325,10.0,25,0.7203516666666667,0.544392100402287,1.949148757117135,56.20313541701762
dgn_qmix__N4__ring__seed3,dgn_qmix,coord_grid,3,1413,35350,6.0,25,0.72015375,0.4316379477580388,2.292919526497523,56.24738808401162
dgn_qmix__N4__ring__seed3,dgn_qmix,coord_grid,3,1414,35375,3.0,25,0.7199558333333334,0.31225068122148514,2.0896570285161338,56.29175345902331
dgn_qmix__N4__ring__seed3,dgn_qmix,coord_grid,3,1415,35400,16.0,25,0.7197579166666668,0.6187159617741903,1.5905537605285645,56.33577995898668
dgn_qmix__N4__ring__seed3,dgn_qmix,coord_grid,3,1416,35425,6.0,25,0.71956,0.527059154851096,2.839367696217128,56.38380449998658
dgn_qmix__N4__ring__seed3,dgn_qmix,coord_grid,3,1417,35450,7.0,25,0.7193620833333334,0.3723678799966971,2.2727095087369285,56.426491916994564
dgn_qmix__N4__ring__seed3,dgn_qmix,coord_grid,3,1418,35475,5.0,25,0.7191641666666666,0.5535566881299019,2.5323874155680337,56.46981791703729
dgn_qmix__N4__ring__seed3,dgn_qmix,coord_grid,3,1419,35500,10.0,25,0.71896625,0.3115745261311531,2.621444821357727,56.51375787501456
dgn_qmix__N4__ring__seed3,dgn_qmix,coord_grid,3,1420,35525,7.0,25,0.7187683333333333,0.5629086579595294,1.8150342873164587,56.56177720898995
dgn_qmix__N4__ring__seed3,dgn_qmix,coord_grid,3,1421,35550,10.0,25,0.7185704166666667,0.43779193858305615,1.702900489171346,56.60397400002694
dgn_qmix__N4__ring__seed3,dgn_qmix,coord_grid,3,1422,35575,11.0,25,0.7183725000000001,0.562549814581871,1.790926178296407,56.646505667013116
dgn_qmix__N4__ring__seed3,dgn_qmix,coord_grid,3,1423,35600,1.0,25,0.7181745833333333,0.5279767066240311,1.470825692017873,56.68879437498981
dgn_qmix__N4__ring__seed3,dgn_qmix,coord_grid,3,1424,35625,4.0,25,0.7179766666666667,0.3087322882243565,1.9085923092705863,56.73396683402825
dgn_qmix__N4__ring__seed3,dgn_qmix,coord_grid,3,1425,35650,8.0,25,0.71777875,0.7489980657895406,1.9104965130488079,56.77712937502656
dgn_qmix__N4__ring__seed3,dgn_qmix,coord_grid,3,1426,35675,4.0,25,0.7175808333333333,0.35775039593378705,1.8371191620826721,56.82086566701764
dgn_qmix__N4__ring__seed3,dgn_qmix,coord_grid,3,1427,35700,12.0,25,0.7173829166666668,0.429995725552241,1.8392985065778096,56.864054375037085
dgn_qmix__N4__ring__seed3,dgn_qmix,coord_grid,3,1428,35725,9.0,25,0.717185,0.5088245272636414,1.129773497581482,56.91424320900114
dgn_qmix__N4__ring__seed3,dgn_qmix,coord_grid,3,1429,35750,9.0,25,0.7169870833333334,0.5133348306020101,1.499382237593333,56.957834083994385
dgn_qmix__N4__ring__seed3,dgn_qmix,coord_grid,3,1430,35775,3.0,25,0.7167891666666667,0.6713780388236046,1.9928360382715862,57.00116987503134
dgn_qmix__N4__ring__seed3,dgn_qmix,coord_grid,3,1431,35800,3.0,25,0.71659125,0.5184237311283747,1.3958056271076202,57.04223941703094
dgn_qmix__N4__ring__seed3,dgn_qmix,coord_grid,3,1432,35825,5.0,25,0.7163933333333334,0.6097251709018435,1.8564880660602026,57.088973750011064
dgn_qmix__N4__ring__seed3,dgn_qmix,coord_grid,3,1433,35850,4.0,25,0.7161954166666666,0.5155233355859915,1.6281617482503254,57.133164459024556
dgn_qmix__N4__ring__seed3,dgn_qmix,coord_grid,3,1434,35875,10.0,25,0.7159975000000001,0.6376249740521113,1.7442100644111633,57.17695020901738
dgn_qmix__N4__ring__seed3,dgn_qmix,coord_grid,3,1435,35900,4.0,25,0.7157995833333333,0.606886034210523,1.6672167380650837,57.21870750002563
dgn_qmix__N4__ring__seed3,dgn_qmix,coord_grid,3,1436,35925,7.0,25,0.7156016666666667,0.3178737014532089,1.8546014172690255,57.266497874981724
dgn_qmix__N4__ring__seed3,dgn_qmix,coord_grid,3,1437,35950,6.0,25,0.71540375,0.388026903072993,1.6449157198270161,57.30778120900504
dgn_qmix__N4__ring__seed3,dgn_qmix,coord_grid,3,1438,35975,6.0,25,0.7152058333333333,0.5045594498515129,2.3953468799591064,57.35149958403781
dgn_qmix__N4__ring__seed3,dgn_qmix,coord_grid,3,1439,36000,6.0,25,0.7150079166666667,0.624284232656161,2.2343264619509378,57.40000537503511
dgn_qmix__N4__ring__seed3,dgn_qmix,coord_grid,3,1440,36025,5.0,25,0.71481,0.5915012976952961,1.930663057735988,57.44874791702023
dgn_qmix__N4__ring__seed3,dgn_qmix,coord_grid,3,1441,36050,7.0,25,0.7146120833333334,0.6353799949089686,2.088247239589691,57.49143645900767
dgn_qmix__N4__ring__seed3,dgn_qmix,coord_grid,3,1442,36075,15.0,25,0.7144141666666667,0.5031639213363329,1.9953189094861348,57.53717929200502
dgn_qmix__N4__ring__seed3,dgn_qmix,coord_grid,3,1443,36100,1.0,25,0.71421625,0.31891971578200656,2.1928602854410806,57.57916712498991
dgn_qmix__N4__ring__seed3,dgn_qmix,coord_grid,3,1444,36125,9.0,25,0.7140183333333334,0.2583472728729248,1.623742061001914,57.62692016700748
dgn_qmix__N4__ring__seed3,dgn_qmix,coord_grid,3,1445,36150,5.0,25,0.7138204166666666,0.6120229909817377,1.6333296497662861,57.66879333398538
dgn_qmix__N4__ring__seed3,dgn_qmix,coord_grid,3,1446,36175,7.0,25,0.7136225,0.736026386419932,1.3801606893539429,57.71143383398885
dgn_qmix__N4__ring__seed3,dgn_qmix,coord_grid,3,1447,36200,5.0,25,0.7134245833333334,0.5354244435826937,1.4536545674006145,57.755241209000815
dgn_qmix__N4__ring__seed3,dgn_qmix,coord_grid,3,1448,36225,11.0,25,0.7132266666666667,0.5789113981383187,3.911400999341692,57.804088167031296
dgn_qmix__N4__ring__seed3,dgn_qmix,coord_grid,3,1449,36250,8.0,25,0.7130287500000001,0.37374378740787506,2.255516846974691,57.846855459036306
dgn_qmix__N4__ring__seed3,dgn_qmix,coord_grid,3,1450,36275,14.0,25,0.7128308333333333,0.45565467327833176,1.9249520301818848,57.88947258400731
dgn_qmix__N4__ring__seed3,dgn_qmix,coord_grid,3,1451,36300,7.0,25,0.7126329166666667,0.6219707330067953,2.368000348409017,57.931773583986796
dgn_qmix__N4__ring__seed3,dgn_qmix,coord_grid,3,1452,36325,15.0,25,0.7124349999999999,0.7628630101680756,2.018798819610051,57.978636708983686
dgn_qmix__N4__ring__seed3,dgn_qmix,coord_grid,3,1453,36350,7.0,25,0.7122370833333334,0.48135169098774594,2.018348644177119,58.01908008399187
dgn_qmix__N4__ring__seed3,dgn_qmix,coord_grid,3,1454,36375,3.0,25,0.7120391666666668,0.6992474695046743,1.5404626329739888,58.060791500029154
dgn_qmix__N4__ring__seed3,dgn_qmix,coord_grid,3,1455,36400,4.0,25,0.71184125,0.40410099426905316,1.7866333921750386,58.10118620900903
dgn_qmix__N4__ring__seed3,dgn_qmix,coord_grid,3,1456,36425,8.0,25,0.7116433333333334,0.42699840877737316,1.478569277695247,58.1487414999865
dgn_qmix__N4__ring__seed3,dgn_qmix,coord_grid,3,1457,36450,4.0,25,0.7114454166666666,0.5160044816633066,1.1402694781621296,58.191705083998386
dgn_qmix__N4__ring__seed3,dgn_qmix,coord_grid,3,1458,36475,6.0,25,0.7112475,0.3404257893562317,1.9427779118220012,58.23222829203587
dgn_qmix__N4__ring__seed3,dgn_qmix,coord_grid,3,1459,36500,11.0,25,0.7110495833333333,0.33084986234704655,1.789369265238444,58.2738761670189
dgn_qmix__N4__ring__seed3,dgn_qmix,coord_grid,3,1460,36525,10.0,25,0.7108516666666667,0.488272881933621,1.5512694801603044,58.3208641250385
dgn_qmix__N4__ring__seed3,dgn_qmix,coord_grid,3,1461,36550,4.0,25,0.7106537500000001,0.3841318264603615,1.6734500130017598,58.362936416990124
dgn_qmix__N4__ring__seed3,dgn_qmix,coord_grid,3,1462,36575,15.0,25,0.7104558333333333,0.5898739049832026,1.3700791001319885,58.40624433400808
dgn_qmix__N4__ring__seed3,dgn_qmix,coord_grid,3,1463,36600,5.0,25,0.7102579166666667,0.5623015016317368,2.0016598105430603,58.44764304201817
dgn_qmix__N4__ring__seed3,dgn_qmix,coord_grid,3,1464,36625,9.0,25,0.7100599999999999,0.49768801246370586,1.9022039260183061,58.49501600000076
dgn_qmix__N4__ring__seed3,dgn_qmix,coord_grid,3,1465,36650,6.0,25,0.7098620833333333,0.5813930357495943,2.0790286362171173,58.53789695899468
dgn_qmix__N4__ring__seed3,dgn_qmix,coord_grid,3,1466,36675,5.0,25,0.7096641666666668,0.8051533351341883,2.187304596106211,58.579288250009995
dgn_qmix__N4__ring__seed3,dgn_qmix,coord_grid,3,1467,36700,7.0,25,0.70946625,0.6424852286775907,1.8115456302960713,58.621110084000975
dgn_qmix__N4__ring__seed3,dgn_qmix,coord_grid,3,1468,36725,4.0,25,0.7092683333333334,0.8344236101422992,1.9461067744663783,58.666679958987515
dgn_qmix__N4__ring__seed3,dgn_qmix,coord_grid,3,1469,36750,10.0,25,0.7090704166666666,0.7264535340170065,1.6692392428716023,58.7074215420289
dgn_qmix__N4__ring__seed3,dgn_qmix,coord_grid,3,1470,36775,2.0,25,0.7088725,0.5159485340118408,1.4142505327860515,58.74960095901042
dgn_qmix__N4__ring__seed3,dgn_qmix,coord_grid,3,1471,36800,14.0,25,0.7086745833333334,0.7281373590230942,1.571281909942627,58.789488000038546
dgn_qmix__N4__ring__seed3,dgn_qmix,coord_grid,3,1472,36825,8.0,25,0.7084766666666666,0.38860773614474703,1.3597513437271118,58.83678387501277
dgn_qmix__N4__ring__seed3,dgn_qmix,coord_grid,3,1473,36850,6.0,25,0.7082787500000001,0.43448772529761,1.8707720041275024,58.87685000000056
dgn_qmix__N4__ring__seed3,dgn_qmix,coord_grid,3,1474,36875,8.0,25,0.7080808333333333,0.2880491142471631,1.5661746362845104,58.919410500035156
dgn_qmix__N4__ring__seed3,dgn_qmix,coord_grid,3,1475,36900,10.0,25,0.7078829166666667,0.5047354872028033,1.3932944734891255,58.96061766700586
dgn_qmix__N4__ring__seed3,dgn_qmix,coord_grid,3,1476,36925,4.0,25,0.7076850000000001,0.5037145337888173,2.049722978046962,59.008563709037844
dgn_qmix__N4__ring__seed3,dgn_qmix,coord_grid,3,1477,36950,16.0,25,0.7074870833333333,0.5857101132472357,1.6315348347028096,59.04979341698345
dgn_qmix__N4__ring__seed3,dgn_qmix,coord_grid,3,1478,36975,4.0,25,0.7072891666666667,0.5786008710662524,1.1938553154468536,59.09152991703013
dgn_qmix__N4__ring__seed3,dgn_qmix,coord_grid,3,1479,37000,8.0,25,0.70709125,0.5444430485367775,1.7427235841751099,59.13563995901495
dgn_qmix__N4__ring__seed3,dgn_qmix,coord_grid,3,1480,37025,6.0,25,0.7068933333333334,0.557882044996534,4.5871431316648215,59.18211416702252
dgn_qmix__N4__ring__seed3,dgn_qmix,coord_grid,3,1481,37050,5.0,25,0.7066954166666666,0.7885425885518392,3.336775541305542,59.22358129202621
dgn_qmix__N4__ring__seed3,dgn_qmix,coord_grid,3,1482,37075,8.0,25,0.7064975,0.6520219296216965,3.4299444953600564,59.26626025000587
dgn_qmix__N4__ring__seed3,dgn_qmix,coord_grid,3,1483,37100,1.0,25,0.7062995833333334,0.9000473320484161,2.727313240369161,59.30682308401447
dgn_qmix__N4__ring__seed3,dgn_qmix,coord_grid,3,1484,37125,9.0,25,0.7061016666666666,0.5751274057797023,2.0099716867719377,59.35292662499705
dgn_qmix__N4__ring__seed3,dgn_qmix,coord_grid,3,1485,37150,4.0,25,0.70590375,0.5789747213323911,2.452774703502655,59.39567320898641
dgn_qmix__N4__ring__seed3,dgn_qmix,coord_grid,3,1486,37175,11.0,25,0.7057058333333333,0.8200592448314031,1.5549691120783489,59.4368196669966
dgn_qmix__N4__ring__seed3,dgn_qmix,coord_grid,3,1487,37200,6.0,25,0.7055079166666667,0.6355537896354994,2.6388425628344216,59.477577959012706
dgn_qmix__N4__ring__seed3,dgn_qmix,coord_grid,3,1488,37225,8.0,25,0.7053100000000001,0.6898478354726519,2.5185907568250383,59.52429895900423
dgn_qmix__N4__ring__seed3,dgn_qmix,coord_grid,3,1489,37250,10.0,25,0.7051120833333333,0.3722200021147728,2.51246311267217,59.56601308402605
dgn_qmix__N4__ring__seed3,dgn_qmix,coord_grid,3,1490,37275,6.0,25,0.7049141666666667,0.5347974821925163,1.486320396264394,59.608652667026035
dgn_qmix__N4__ring__seed3,dgn_qmix,coord_grid,3,1491,37300,9.0,25,0.7047162499999999,0.6546718378861746,1.8086502154668171,59.648564084025566
dgn_qmix__N4__ring__seed3,dgn_qmix,coord_grid,3,1492,37325,15.0,25,0.7045183333333334,0.5565320955855506,1.5342247315815516,59.69557824998628
dgn_qmix__N4__ring__seed3,dgn_qmix,coord_grid,3,1493,37350,9.0,25,0.7043204166666667,0.5434180473287901,2.0562973419825235,59.73582308401819
dgn_qmix__N4__ring__seed3,dgn_qmix,coord_grid,3,1494,37375,5.0,25,0.7041225,0.40321221699317294,2.2461652159690857,59.77649520902196
dgn_qmix__N4__ring__seed3,dgn_qmix,coord_grid,3,1495,37400,5.0,25,0.7039245833333334,0.6090798402825991,1.9534449179967244,59.819401292013936
dgn_qmix__N4__ring__seed3,dgn_qmix,coord_grid,3,1496,37425,7.0,25,0.7037266666666666,0.48050712261881146,2.147900257791792,59.867400749993976
dgn_qmix__N4__ring__seed3,dgn_qmix,coord_grid,3,1497,37450,15.0,25,0.70352875,0.7151570618152618,1.8395773470401764,59.9087704999838
dgn_qmix__N4__ring__seed3,dgn_qmix,coord_grid,3,1498,37475,4.0,25,0.7033308333333333,0.7582635084788004,2.077450215816498,59.951191875035875
dgn_qmix__N4__ring__seed3,dgn_qmix,coord_grid,3,1499,37500,5.0,25,0.7031329166666667,0.4017186959584554,2.428884744644165,59.9949703750317
dgn_qmix__N4__ring__seed3,dgn_qmix,coord_grid,3,1500,37525,13.0,25,0.7029350000000001,0.5209614591939109,1.5506670389856612,60.04323229199508
dgn_qmix__N4__ring__seed3,dgn_qmix,coord_grid,3,1501,37550,2.0,25,0.7027370833333333,0.7083686242500941,1.3347054521242778,60.084195250004996
dgn_qmix__N4__ring__seed3,dgn_qmix,coord_grid,3,1502,37575,8.0,25,0.7025391666666667,0.6072385162115097,1.7092612783114116,60.12661566701718
dgn_qmix__N4__ring__seed3,dgn_qmix,coord_grid,3,1503,37600,4.0,25,0.7023412499999999,0.7383484691381454,1.7417012254397075,60.16887062502792
dgn_qmix__N4__ring__seed3,dgn_qmix,coord_grid,3,1504,37625,3.0,25,0.7021433333333333,0.3180549762078694,1.767323102269854,60.215175084013026
dgn_qmix__N4__ring__seed3,dgn_qmix,coord_grid,3,1505,37650,5.0,25,0.7019454166666668,0.5088157455126444,1.5449464917182922,60.25613920902833
dgn_qmix__N4__ring__seed3,dgn_qmix,coord_grid,3,1506,37675,6.0,25,0.7017475,0.6414986749490103,2.045703113079071,60.297465084004216
dgn_qmix__N4__ring__seed3,dgn_qmix,coord_grid,3,1507,37700,4.0,25,0.7015495833333334,0.564240907629331,2.027842084566752,60.338815917028114
dgn_qmix__N4__ring__seed3,dgn_qmix,coord_grid,3,1508,37725,9.0,25,0.7013516666666666,0.3715490145342691,1.7596886328288488,60.38704762503039
dgn_qmix__N4__ring__seed3,dgn_qmix,coord_grid,3,1509,37750,10.0,25,0.70115375,0.3737238384783268,1.7686636447906494,60.428445041994564
dgn_qmix__N4__ring__seed3,dgn_qmix,coord_grid,3,1510,37775,6.0,25,0.7009558333333333,0.5584248801072439,1.5621997316678364,60.46979741699761
dgn_qmix__N4__ring__seed3,dgn_qmix,coord_grid,3,1511,37800,6.0,25,0.7007579166666666,0.5503904856741428,1.507294923067093,60.51077329198597
dgn_qmix__N4__ring__seed3,dgn_qmix,coord_grid,3,1512,37825,13.0,25,0.7005600000000001,0.7503433738436017,2.3408328124455045,60.55683220899664
dgn_qmix__N4__ring__seed3,dgn_qmix,coord_grid,3,1513,37850,8.0,25,0.7003620833333333,0.309583676358064,2.29328116774559,60.60132695903303
dgn_qmix__N4__ring__seed3,dgn_qmix,coord_grid,3,1514,37875,6.0,25,0.7001641666666667,0.6828371981779734,2.6914241711298623,60.64277858403511
dgn_qmix__N4__ring__seed3,dgn_qmix,coord_grid,3,1515,37900,1.0,25,0.69996625,0.5420107146104177,2.064258952935537,60.68341254198458
dgn_qmix__N4__ring__seed3,dgn_qmix,coord_grid,3,1516,37925,6.0,25,0.6997683333333333,0.5122544680322919,2.0419098138809204,60.7310191669967
dgn_qmix__N4__ring__seed3,dgn_qmix,coord_grid,3,1517,37950,10.0,25,0.6995704166666668,0.8071833252906799,2.3828270037968955,60.772867874999065
dgn_qmix__N4__ring__seed3,dgn_qmix,coord_grid,3,1518,37975,4.0,25,0.6993725,0.8285325964291891,2.49836802482605,60.812493000004906
dgn_qmix__N4__ring__seed3,dgn_qmix,coord_grid,3,1519,38000,5.0,25,0.6991745833333334,0.3571150129040082,2.6326986153920493,60.85353170899907
dgn_qmix__N4__ring__seed3,dgn_qmix,coord_grid,3,1520,38025,7.0,25,0.6989766666666667,0.5794281278337751,2.2476373400006975,60.898590333992615
dgn_qmix__N4__ring__seed3,dgn_qmix,coord_grid,3,1521,38050,7.0,25,0.69877875,0.37477806210517883,2.7899380127588906,60.940413083997555
dgn_qmix__N4__ring__seed3,dgn_qmix,coord_grid,3,1522,38075,13.0,25,0.6985808333333334,0.6943358480930328,2.2759032348791757,60.98287391703343
dgn_qmix__N4__ring__seed3,dgn_qmix,coord_grid,3,1523,38100,9.0,25,0.6983829166666666,0.600524514913559,1.785767416159312,61.0227660840028
dgn_qmix__N4__ring__seed3,dgn_qmix,coord_grid,3,1524,38125,5.0,25,0.6981850000000001,0.6163966847317559,1.9282238824026925,61.06867820903426
dgn_qmix__N4__ring__seed3,dgn_qmix,coord_grid,3,1525,38150,8.0,25,0.6979870833333333,0.4595409284035365,1.5578492879867554,61.11042541702045
dgn_qmix__N4__ring__seed3,dgn_qmix,coord_grid,3,1526,38175,12.0,25,0.6977891666666667,0.5850928525129954,1.9318241278330486,61.151194375008345
dgn_qmix__N4__ring__seed3,dgn_qmix,coord_grid,3,1527,38200,9.0,25,0.69759125,0.2857612830897172,2.3974345922470093,61.19281375000719
dgn_qmix__N4__ring__seed3,dgn_qmix,coord_grid,3,1528,38225,4.0,25,0.6973933333333333,0.5695424995252064,1.7497291564941406,61.23983949999092
dgn_qmix__N4__ring__seed3,dgn_qmix,coord_grid,3,1529,38250,5.0,25,0.6971954166666667,0.3518317627410094,2.1870015958944955,61.28174541698536
dgn_qmix__N4__ring__seed3,dgn_qmix,coord_grid,3,1530,38275,8.0,25,0.6969974999999999,0.9331652323404948,2.1114067236582437,61.32344629202271
dgn_qmix__N4__ring__seed3,dgn_qmix,coord_grid,3,1531,38300,2.0,25,0.6967995833333334,0.5549728808303674,1.5705468753973644,61.364254750020336
dgn_qmix__N4__ring__seed3,dgn_qmix,coord_grid,3,1532,38325,7.0,25,0.6966016666666667,0.6355113770280566,1.661874873297555,61.410748124995735
dgn_qmix__N4__ring__seed3,dgn_qmix,coord_grid,3,1533,38350,4.0,25,0.69640375,0.31837937980890274,1.4509326318899791,61.453521249990445
dgn_qmix__N4__ring__seed3,dgn_qmix,coord_grid,3,1534,38375,4.0,25,0.6962058333333334,0.4222351685166359,1.5222004453341167,61.495394208992366
dgn_qmix__N4__ring__seed3,dgn_qmix,coord_grid,3,1535,38400,10.0,25,0.6960079166666666,0.4394899805386861,1.3392514487107594,61.53643262502737
dgn_qmix__N4__ring__seed3,dgn_qmix,coord_grid,3,1536,38425,4.0,25,0.69581,0.5649232247046062,1.8157137632369995,61.58571383403614
dgn_qmix__N4__ring__seed3,dgn_qmix,coord_grid,3,1537,38450,3.0,25,0.6956120833333334,0.7564068883657455,2.0652240812778473,61.626608291990124
dgn_qmix__N4__ring__seed3,dgn_qmix,coord_grid,3,1538,38475,12.0,25,0.6954141666666667,0.3684367810686429,1.9183754324913025,61.66775804199278
dgn_qmix__N4__ring__seed3,dgn_qmix,coord_grid,3,1539,38500,10.0,25,0.69521625,0.2798727937042713,1.6769127150376637,61.70921483403072
dgn_qmix__N4__ring__seed3,dgn_qmix,coord_grid,3,1540,38525,4.0,25,0.6950183333333333,0.764709832412856,2.2898471696036204,61.75702291703783
dgn_qmix__N4__ring__seed3,dgn_qmix,coord_grid,3,1541,38550,4.0,25,0.6948204166666667,0.7073554744323095,1.579971194267273,61.79965091700433
dgn_qmix__N4__ring__seed3,dgn_qmix,coord_grid,3,1542,38575,15.0,25,0.6946224999999999,0.34842563172181445,1.3396645188331604,61.84076741698664
dgn_qmix__N4__ring__seed3,dgn_qmix,coord_grid,3,1543,38600,10.0,25,0.6944245833333333,0.3736378500858943,2.3913023670514426,61.88249766698573
dgn_qmix__N4__ring__seed3,dgn_qmix,coord_grid,3,1544,38625,16.0,25,0.6942266666666667,0.6006427109241486,2.9004935026168823,61.931671375001315
dgn_qmix__N4__ring__seed3,dgn_qmix,coord_grid,3,1545,38650,2.0,25,0.69402875,0.7280969843268394,2.6197474797566733,61.9727227090043
dgn_qmix__N4__ring__seed3,dgn_qmix,coord_grid,3,1546,38675,9.0,25,0.6938308333333334,0.4562181979417801,2.6103028853734336,62.014043709030375
dgn_qmix__N4__ring__seed3,dgn_qmix,coord_grid,3,1547,38700,8.0,25,0.6936329166666666,0.9153778950373331,2.0401655236879983,62.05415962502593
dgn_qmix__N4__ring__seed3,dgn_qmix,coord_grid,3,1548,38725,7.0,25,0.693435,0.610408250774656,2.2411973817007884,62.10005716700107
dgn_qmix__N4__ring__seed3,dgn_qmix,coord_grid,3,1549,38750,8.0,25,0.6932370833333333,0.8062889675299326,2.1079947551091514,62.14224120898871
dgn_qmix__N4__ring__seed3,dgn_qmix,coord_grid,3,1550,38775,9.0,25,0.6930391666666667,0.47872984906037647,2.9559871554374695,62.18461987498449
dgn_qmix__N4__ring__seed3,dgn_qmix,coord_grid,3,1551,38800,11.0,25,0.6928412500000001,0.656776174902916,2.9814270536104837,62.22601500002202
dgn_qmix__N4__ring__seed3,dgn_qmix,coord_grid,3,1552,38825,15.0,25,0.6926433333333333,0.512183774794851,2.1047994749886647,62.274426458985545
dgn_qmix__N4__ring__seed3,dgn_qmix,coord_grid,3,1553,38850,9.0,25,0.6924454166666667,0.5490782558917999,2.008426308631897,62.31636779202381
dgn_qmix__N4__ring__seed3,dgn_qmix,coord_grid,3,1554,38875,6.0,25,0.6922475,0.487978524218003,1.4547447959582012,62.360030042007565
dgn_qmix__N4__ring__seed3,dgn_qmix,coord_grid,3,1555,38900,9.0,25,0.6920495833333333,0.44542596737543744,1.9212328096230824,62.40554729202995
dgn_qmix__N4__ring__seed3,dgn_qmix,coord_grid,3,1556,38925,12.0,25,0.6918516666666666,0.8497390193598611,1.7615377051489693,62.45362166699488
dgn_qmix__N4__ring__seed3,dgn_qmix,coord_grid,3,1557,38950,12.0,25,0.69165375,0.5078715905547142,1.7610199948151906,62.49385504203383
dgn_qmix__N4__ring__seed3,dgn_qmix,coord_grid,3,1558,38975,5.0,25,0.6914558333333334,0.6345658401648203,1.8420073787371318,62.53577383403899
dgn_qmix__N4__ring__seed3,dgn_qmix,coord_grid,3,1559,39000,9.0,25,0.6912579166666667,0.45090604573488235,1.2831302086512248,62.57817024999531
dgn_qmix__N4__ring__seed3,dgn_qmix,coord_grid,3,1560,39025,11.0,25,0.69106,0.6197636468069894,1.820525050163269,62.626493000017945
dgn_qmix__N4__ring__seed3,dgn_qmix,coord_grid,3,1561,39050,9.0,25,0.6908620833333333,0.4677930635710557,2.131049692630768,62.669118124991655
dgn_qmix__N4__ring__seed3,dgn_qmix,coord_grid,3,1562,39075,10.0,25,0.6906641666666666,0.719889223575592,1.9133249322573345,62.710454916988965
dgn_qmix__N4__ring__seed3,dgn_qmix,coord_grid,3,1563,39100,8.0,25,0.6904662500000001,0.4236917607486248,2.195871591567993,62.753111459023785
dgn_qmix__N4__ring__seed3,dgn_qmix,coord_grid,3,1564,39125,9.0,25,0.6902683333333333,0.3278536711420332,1.2798862286976405,62.79865599999903
dgn_qmix__N4__ring__seed3,dgn_qmix,coord_grid,3,1565,39150,8.0,25,0.6900704166666667,0.5829486921429634,1.7678273717562358,62.84014012501575
dgn_qmix__N4__ring__seed3,dgn_qmix,coord_grid,3,1566,39175,3.0,25,0.6898725,0.5155620723962784,1.2756341000398,62.8819860839867
dgn_qmix__N4__ring__seed3,dgn_qmix,coord_grid,3,1567,39200,5.0,25,0.6896745833333333,0.4714876338839531,2.4566782116889954,62.92262266698526
dgn_qmix__N4__ring__seed3,dgn_qmix,coord_grid,3,1568,39225,12.0,25,0.6894766666666667,0.5578978721584592,2.2147375089781627,62.96945587499067
dgn_qmix__N4__ring__seed3,dgn_qmix,coord_grid,3,1569,39250,11.0,25,0.6892787499999999,0.7694388404488564,2.3806111017862954,63.01048595900647
dgn_qmix__N4__ring__seed3,dgn_qmix,coord_grid,3,1570,39275,6.0,25,0.6890808333333334,0.5230177988608679,1.6573011080423992,63.05104058398865
dgn_qmix__N4__ring__seed3,dgn_qmix,coord_grid,3,1571,39300,6.0,25,0.6888829166666667,0.3147840177019437,2.2414886951446533,63.09364725003252
dgn_qmix__N4__ring__seed3,dgn_qmix,coord_grid,3,1572,39325,3.0,25,0.688685,0.6190153041056224,1.5011982662337167,63.14031304203672
dgn_qmix__N4__ring__seed3,dgn_qmix,coord_grid,3,1573,39350,15.0,25,0.6884870833333333,0.7810824575523535,2.410369018713633,63.18056649999926
dgn_qmix__N4__ring__seed3,dgn_qmix,coord_grid,3,1574,39375,4.0,25,0.6882891666666666,0.7409125690658888,2.5439671874046326,63.22285533399554
dgn_qmix__N4__ring__seed3,dgn_qmix,coord_grid,3,1575,39400,11.0,25,0.68809125,0.4898998886346817,2.1692489981651306,63.264368000032846
dgn_qmix__N4__ring__seed3,dgn_qmix,coord_grid,3,1576,39425,8.0,25,0.6878933333333334,0.4764119344098227,4.883121047701154,63.311978916986845
dgn_qmix__N4__ring__seed3,dgn_qmix,coord_grid,3,1577,39450,9.0,25,0.6876954166666667,0.4812401259938876,3.1633920669555664,63.356064125022385
dgn_qmix__N4__ring__seed3,dgn_qmix,coord_grid,3,1578,39475,6.0,25,0.6874975,0.5500782380501429,3.4879267613093057,63.39738179201959
dgn_qmix__N4__ring__seed3,dgn_qmix,coord_grid,3,1579,39500,7.0,25,0.6872995833333333,0.9833426078160604,2.912291924158732,63.43928458401933
dgn_qmix__N4__ring__seed3,dgn_qmix,coord_grid,3,1580,39525,16.0,25,0.6871016666666667,0.6907011440822056,3.3578333343778337,63.48541787499562
dgn_qmix__N4__ring__seed3,dgn_qmix,coord_grid,3,1581,39550,5.0,25,0.68690375,0.48359164595603943,2.3399235804875693,63.52878429199336
dgn_qmix__N4__ring__seed3,dgn_qmix,coord_grid,3,1582,39575,9.0,25,0.6867058333333333,0.634038969874382,2.2392292817433677,63.57180904201232
dgn_qmix__N4__ring__seed3,dgn_qmix,coord_grid,3,1583,39600,11.0,25,0.6865079166666667,0.7039503380656242,2.2229807376861572,63.61443441698793
dgn_qmix__N4__ring__seed3,dgn_qmix,coord_grid,3,1584,39625,12.0,25,0.68631,0.4678910821676254,1.7065377150263106,63.66282733401749
dgn_qmix__N4__ring__seed3,dgn_qmix,coord_grid,3,1585,39650,10.0,25,0.6861120833333334,0.39903130879004794,1.9063442945480347,63.70578179199947
dgn_qmix__N4__ring__seed3,dgn_qmix,coord_grid,3,1586,39675,8.0,25,0.6859141666666666,0.6236835072437922,2.065323531627655,63.747340042027645
dgn_qmix__N4__ring__seed3,dgn_qmix,coord_grid,3,1587,39700,13.0,25,0.68571625,0.6226561938722929,2.310952067375183,63.78744845901383
dgn_qmix__N4__ring__seed3,dgn_qmix,coord_grid,3,1588,39725,14.0,25,0.6855183333333333,0.8007837959698269,2.9985584361212596,63.83384245901834
dgn_qmix__N4__ring__seed3,dgn_qmix,coord_grid,3,1589,39750,19.0,25,0.6853204166666667,0.4900457039475441,2.821275075276693,63.876150500029325
dgn_qmix__N4__ring__seed3,dgn_qmix,coord_grid,3,1590,39775,7.0,25,0.6851225,0.3726760024825732,2.8095377484957376,63.91891783400206
dgn_qmix__N4__ring__seed3,dgn_qmix,coord_grid,3,1591,39800,14.0,25,0.6849245833333333,0.6397040237983068,2.50545326868693,63.96094187500421
dgn_qmix__N4__ring__seed3,dgn_qmix,coord_grid,3,1592,39825,5.0,25,0.6847266666666667,0.5785861292055675,2.6712877409798756,64.0073563749902
dgn_qmix__N4__ring__seed3,dgn_qmix,coord_grid,3,1593,39850,12.0,25,0.68452875,0.475211039185524,1.5772421956062317,64.04887900000904
dgn_qmix__N4__ring__seed3,dgn_qmix,coord_grid,3,1594,39875,3.0,25,0.6843308333333333,0.574679933488369,1.447298526763916,64.09064483398106
dgn_qmix__N4__ring__seed3,dgn_qmix,coord_grid,3,1595,39900,15.0,25,0.6841329166666666,0.7945354928572973,1.647407313187917,64.13331529201241
dgn_qmix__N4__ring__seed3,dgn_qmix,coord_grid,3,1596,39925,11.0,25,0.683935,0.5017716959118843,2.171002217701503,64.17978908400983
dgn_qmix__N4__ring__seed3,dgn_qmix,coord_grid,3,1597,39950,8.0,25,0.6837370833333334,0.7824100901683172,2.211095611254374,64.22191062499769
dgn_qmix__N4__ring__seed3,dgn_qmix,coord_grid,3,1598,39975,4.0,25,0.6835391666666667,0.42150358607371646,2.1944907704989114,64.26282750000246
dgn_qmix__N4__ring__seed3,dgn_qmix,coord_grid,3,1599,40000,10.0,25,0.68334125,0.8268855810165405,2.5956657926241555,64.30462691700086
dgn_qmix__N4__ring__seed3,dgn_qmix,coord_grid,3,1600,40025,5.0,25,0.6831433333333333,0.4490912471498762,2.260546548025949,64.35096958401846
dgn_qmix__N4__ring__seed3,dgn_qmix,coord_grid,3,1601,40050,12.0,25,0.6829454166666666,0.5777645309766134,2.0156479875246682,64.39120666700182
dgn_qmix__N4__ring__seed3,dgn_qmix,coord_grid,3,1602,40075,3.0,25,0.6827475000000001,0.40766194462776184,1.6696059703826904,64.43331591703463
dgn_qmix__N4__ring__seed3,dgn_qmix,coord_grid,3,1603,40100,10.0,25,0.6825495833333333,0.8351399203141531,1.8953681985537212,64.47503416700056
dgn_qmix__N4__ring__seed3,dgn_qmix,coord_grid,3,1604,40125,5.0,25,0.6823516666666667,0.5942096901791436,1.8754671897206987,64.52156845899299
dgn_qmix__N4__ring__seed3,dgn_qmix,coord_grid,3,1605,40150,5.0,25,0.68215375,0.5740957756837209,1.6965335408846538,64.56296037498396
dgn_qmix__N4__ring__seed3,dgn_qmix,coord_grid,3,1606,40175,12.0,25,0.6819558333333333,0.5836685113608837,2.2439404129981995,64.60603525000624
dgn_qmix__N4__ring__seed3,dgn_qmix,coord_grid,3,1607,40200,12.0,25,0.6817579166666667,0.802582323551178,2.5773308873176575,64.6471552500152
dgn_qmix__N4__ring__seed3,dgn_qmix,coord_grid,3,1608,40225,12.0,25,0.6815599999999999,0.613117339355605,5.686433723994663,64.69619195902487
dgn_qmix__N4__ring__seed3,dgn_qmix,coord_grid,3,1609,40250,12.0,25,0.6813620833333334,1.221672644217809,5.872365832328796,64.73729008401278
dgn_qmix__N4__ring__seed3,dgn_qmix,coord_grid,3,1610,40275,3.0,25,0.6811641666666667,0.6813913409908613,5.980764587720235,64.7780878340127
dgn_qmix__N4__ring__seed3,dgn_qmix,coord_grid,3,1611,40300,7.0,25,0.68096625,0.6174287696679434,4.798746466636658,64.82031941699097
dgn_qmix__N4__ring__seed3,dgn_qmix,coord_grid,3,1612,40325,6.0,25,0.6807683333333333,0.5904323245797839,3.903207387242998,64.86830395902507
dgn_qmix__N4__ring__seed3,dgn_qmix,coord_grid,3,1613,40350,13.0,25,0.6805704166666666,0.6618888465066751,3.460359215736389,64.90895229199668
dgn_qmix__N4__ring__seed3,dgn_qmix,coord_grid,3,1614,40375,15.0,25,0.6803725,0.4953772524992625,2.501055359840393,64.9510330419871
dgn_qmix__N4__ring__seed3,dgn_qmix,coord_grid,3,1615,40400,4.0,25,0.6801745833333334,0.6752107987801234,2.3501108288764954,64.9925952089834
dgn_qmix__N4__ring__seed3,dgn_qmix,coord_grid,3,1616,40425,5.0,25,0.6799766666666667,0.5243125068289893,1.838842979499272,65.03910845902283
dgn_qmix__N4__ring__seed3,dgn_qmix,coord_grid,3,1617,40450,11.0,25,0.67977875,0.8883020132780075,2.097252825895945,65.08268804202089
dgn_qmix__N4__ring__seed3,dgn_qmix,coord_grid,3,1618,40475,12.0,25,0.6795808333333333,0.6310888975858688,2.0749168395996094,65.12398816703353
dgn_qmix__N4__ring__seed3,dgn_qmix,coord_grid,3,1619,40500,13.0,25,0.6793829166666667,0.8413188308477402,2.3300654689470925,65.16739650000818
dgn_qmix__N4__ring__seed3,dgn_qmix,coord_grid,3,1620,40525,6.0,25,0.679185,0.6136417154754911,2.021499412400382,65.2141060840222
dgn_qmix__N4__ring__seed3,dgn_qmix,coord_grid,3,1621,40550,15.0,25,0.6789870833333334,0.7376863807439804,2.4309492707252502,65.25636633398244
dgn_qmix__N4__ring__seed3,dgn_qmix,coord_grid,3,1622,40575,10.0,25,0.6787891666666667,0.7522455056508383,1.7468687693277996,65.2970694170217
dgn_qmix__N4__ring__seed3,dgn_qmix,coord_grid,3,1623,40600,8.0,25,0.67859125,0.62344558040301,1.8863597810268402,65.33871124999132
dgn_qmix__N4__ring__seed3,dgn_qmix,coord_grid,3,1624,40625,8.0,25,0.6783933333333334,0.7325052406106677,2.1225228309631348,65.38605012500193
dgn_qmix__N4__ring__seed3,dgn_qmix,coord_grid,3,1625,40650,7.0,25,0.6781954166666666,0.4133311038215955,2.109739820162455,65.42813091701828
dgn_qmix__N4__ring__seed3,dgn_qmix,coord_grid,3,1626,40675,5.0,25,0.6779975,0.5823634540041288,1.9253673354784648,65.46899154200219
dgn_qmix__N4__ring__seed3,dgn_qmix,coord_grid,3,1627,40700,6.0,25,0.6777995833333333,0.48751290887594223,2.9797380765279136,65.5103138749837
dgn_qmix__N4__ring__seed3,dgn_qmix,coord_grid,3,1628,40725,2.0,25,0.6776016666666667,0.6069303452968597,2.3690976926258633,65.555801834038
dgn_qmix__N4__ring__seed3,dgn_qmix,coord_grid,3,1629,40750,9.0,25,0.6774037500000001,0.6634373764197031,2.8658006389935813,65.5991791249835
dgn_qmix__N4__ring__seed3,dgn_qmix,coord_grid,3,1630,40775,5.0,25,0.6772058333333333,0.7536280502875646,2.3460613091786704,65.64157279202482
dgn_qmix__N4__ring__seed3,dgn_qmix,coord_grid,3,1631,40800,6.0,25,0.6770079166666667,0.6280351380507151,2.101079523563385,65.68265425000573
dgn_qmix__N4__ring__seed3,dgn_qmix,coord_grid,3,1632,40825,8.0,25,0.67681,0.85792966399874,2.2240429435457503,65.72978879202856
dgn_qmix__N4__ring__seed3,dgn_qmix,coord_grid,3,1633,40850,8.0,25,0.6766120833333333,0.7420645281672478,2.6091997027397156,65.77240650000749
dgn_qmix__N4__ring__seed3,dgn_qmix,coord_grid,3,1634,40875,12.0,25,0.6764141666666666,0.6504740317662557,2.5922617316246033,65.81237754202448
dgn_qmix__N4__ring__seed3,dgn_qmix,coord_grid,3,1635,40900,9.0,25,0.67621625,0.6715589662392935,2.1610448757807412,65.85336183401523
dgn_qmix__N4__ring__seed3,dgn_qmix,coord_grid,3,1636,40925,11.0,25,0.6760183333333334,0.48853621099676403,1.5381203634398324,65.90173004200915
dgn_qmix__N4__ring__seed3,dgn_qmix,coord_grid,3,1637,40950,4.0,25,0.6758204166666667,0.624348122626543,2.8105506698290506,65.94455695903162
dgn_qmix__N4__ring__seed3,dgn_qmix,coord_grid,3,1638,40975,6.0,25,0.6756225,0.6686270087957382,2.908964236577352,65.98669533402426
dgn_qmix__N4__ring__seed3,dgn_qmix,coord_grid,3,1639,41000,8.0,25,0.6754245833333333,0.558434322476387,2.0888171593348184,66.03056995902443
dgn_qmix__N4__ring__seed3,dgn_qmix,coord_grid,3,1640,41025,11.0,25,0.6752266666666666,0.5554774893181664,3.6466664416449412,66.07936525001423
dgn_qmix__N4__ring__seed3,dgn_qmix,coord_grid,3,1641,41050,9.0,25,0.6750287500000001,0.7541167090336481,3.8054370482762656,66.1208765420015
dgn_qmix__N4__ring__seed3,dgn_qmix,coord_grid,3,1642,41075,14.0,25,0.6748308333333334,0.7277013634641966,3.1931493282318115,66.1628822920029
dgn_qmix__N4__ring__seed3,dgn_qmix,coord_grid,3,1643,41100,19.0,25,0.6746329166666667,0.7543810630838076,2.434447228908539,66.20623054198222
dgn_qmix__N4__ring__seed3,dgn_qmix,coord_grid,3,1644,41125,6.0,25,0.674435,0.6786260370697293,2.1306698322296143,66.25334504200146
dgn_qmix__N4__ring__seed3,dgn_qmix,coord_grid,3,1645,41150,16.0,25,0.6742370833333333,0.7093702132503191,2.535933017730713,66.29476020898437
dgn_qmix__N4__ring__seed3,dgn_qmix,coord_grid,3,1646,41175,15.0,25,0.6740391666666667,0.4611847500006358,3.446040908495585,66.33807579200948
dgn_qmix__N4__ring__seed3,dgn_qmix,coord_grid,3,1647,41200,13.0,25,0.67384125,0.6845477322737376,2.216702957948049,66.37960216699867
dgn_qmix__N4__ring__seed3,dgn_qmix,coord_grid,3,1648,41225,5.0,25,0.6736433333333334,0.7815894441945213,1.8621936525617326,66.42603237502044
dgn_qmix__N4__ring__seed3,dgn_qmix,coord_grid,3,1649,41250,17.0,25,0.6734454166666667,0.6972417881091436,1.8838913838068645,66.46946529200068
dgn_qmix__N4__ring__seed3,dgn_qmix,coord_grid,3,1650,41275,15.0,25,0.6732475,0.5294992762307326,1.587601403395335,66.51143250003224
dgn_qmix__N4__ring__seed3,dgn_qmix,coord_grid,3,1651,41300,10.0,25,0.6730495833333333,0.42244751503070194,2.031687249739965,66.55378554202616
dgn_qmix__N4__ring__seed3,dgn_qmix,coord_grid,3,1652,41325,9.0,25,0.6728516666666666,0.6248784725155149,1.7506925633975439,66.600876624987
dgn_qmix__N4__ring__seed3,dgn_qmix,coord_grid,3,1653,41350,15.0,25,0.67265375,0.5505650093158087,2.3925716479619346,66.64369312499184
dgn_qmix__N4__ring__seed3,dgn_qmix,coord_grid,3,1654,41375,12.0,25,0.6724558333333334,0.5451733966668447,2.2684614260991416,66.68528500001412
dgn_qmix__N4__ring__seed3,dgn_qmix,coord_grid,3,1655,41400,2.0,25,0.6722579166666667,0.6252746693789959,1.7279527584711711,66.72813545900863
dgn_qmix__N4__ring__seed3,dgn_qmix,coord_grid,3,1656,41425,4.0,25,0.67206,0.7884266653231212,2.532800555229187,66.7747603750322
dgn_qmix__N4__ring__seed3,dgn_qmix,coord_grid,3,1657,41450,12.0,25,0.6718620833333333,0.6759882221619288,2.21040407816569,66.8160797500168
dgn_qmix__N4__ring__seed3,dgn_qmix,coord_grid,3,1658,41475,8.0,25,0.6716641666666667,0.6216331074635187,2.3366264700889587,66.8583103340352
dgn_qmix__N4__ring__seed3,dgn_qmix,coord_grid,3,1659,41500,10.0,25,0.67146625,0.8289812902609507,1.881422797838847,66.90354804199887
dgn_qmix__N4__ring__seed3,dgn_qmix,coord_grid,3,1660,41525,4.0,25,0.6712683333333334,0.6100180212940488,2.1368163313184465,66.95158741698833
dgn_qmix__N4__ring__seed3,dgn_qmix,coord_grid,3,1661,41550,9.0,25,0.6710704166666667,0.7717274328072866,2.3520365158716836,66.99422316701384
dgn_qmix__N4__ring__seed3,dgn_qmix,coord_grid,3,1662,41575,8.0,25,0.6708725,0.6093823959430059,2.117374916871389,67.03529450000497
dgn_qmix__N4__ring__seed3,dgn_qmix,coord_grid,3,1663,41600,5.0,25,0.6706745833333334,0.7004629820585251,2.058868964513143,67.07698958402034
dgn_qmix__N4__ring__seed3,dgn_qmix,coord_grid,3,1664,41625,10.0,25,0.6704766666666666,0.659210164632116,2.3921384641102383,67.12334716698388
dgn_qmix__N4__ring__seed3,dgn_qmix,coord_grid,3,1665,41650,7.0,25,0.67027875,0.8024214406808218,2.650970915953318,67.164566499996
dgn_qmix__N4__ring__seed3,dgn_qmix,coord_grid,3,1666,41675,5.0,25,0.6700808333333333,0.8664235124985377,3.2198692758878074,67.20589995902264
dgn_qmix__N4__ring__seed3,dgn_qmix,coord_grid,3,1667,41700,14.0,25,0.6698829166666667,0.7678693731625875,1.7616603374481201,67.24995795899304
dgn_qmix__N4__ring__seed3,dgn_qmix,coord_grid,3,1668,41725,12.0,25,0.6696850000000001,0.6475128403731755,2.172940117972238,67.29827066703001
dgn_qmix__N4__ring__seed3,dgn_qmix,coord_grid,3,1669,41750,4.0,25,0.6694870833333333,0.5187437310814857,2.465871353944143,67.34033099998487
dgn_qmix__N4__ring__seed3,dgn_qmix,coord_grid,3,1670,41775,8.0,25,0.6692891666666667,0.4482848346233368,2.6275822718938193,67.38271279202309
dgn_qmix__N4__ring__seed3,dgn_qmix,coord_grid,3,1671,41800,12.0,25,0.66909125,0.659230130414168,2.444391409556071,67.42514725000365
dgn_qmix__N4__ring__seed3,dgn_qmix,coord_grid,3,1672,41825,7.0,25,0.6688933333333333,0.6896748702440944,3.682540144239153,67.47340258402983
dgn_qmix__N4__ring__seed3,dgn_qmix,coord_grid,3,1673,41850,2.0,25,0.6686954166666667,0.9042110939820608,3.0227620204289756,67.51514254201902
dgn_qmix__N4__ring__seed3,dgn_qmix,coord_grid,3,1674,41875,12.0,25,0.6684975,0.5621585796276728,2.4533186753590903,67.55641466699308
dgn_qmix__N4__ring__seed3,dgn_qmix,coord_grid,3,1675,41900,11.0,25,0.6682995833333334,0.8126947482426962,2.5556070605913797,67.59832787502091
dgn_qmix__N4__ring__seed3,dgn_qmix,coord_grid,3,1676,41925,9.0,25,0.6681016666666667,0.80843357528959,2.239301919937134,67.64419266703771
dgn_qmix__N4__ring__seed3,dgn_qmix,coord_grid,3,1677,41950,6.0,25,0.66790375,0.9567540250718594,2.1195265452067056,67.6864951250027
dgn_qmix__N4__ring__seed3,dgn_qmix,coord_grid,3,1678,41975,5.0,25,0.6677058333333333,0.2577373559276263,2.3852881590525308,67.7292379999999
dgn_qmix__N4__ring__seed3,dgn_qmix,coord_grid,3,1679,42000,5.0,25,0.6675079166666666,0.7718409051497778,2.6432000398635864,67.77173433400458
dgn_qmix__N4__ring__seed3,dgn_qmix,coord_grid,3,1680,42025,5.0,25,0.6673100000000001,0.3032544691647802,2.154375195503235,67.81805908400565
dgn_qmix__N4__ring__seed3,dgn_qmix,coord_grid,3,1681,42050,9.0,25,0.6671120833333334,0.6782554686069489,1.88804425795873,67.86081170901889
dgn_qmix__N4__ring__seed3,dgn_qmix,coord_grid,3,1682,42075,6.0,25,0.6669141666666667,0.730801597237587,2.1553377707799277,67.90351429203292
dgn_qmix__N4__ring__seed3,dgn_qmix,coord_grid,3,1683,42100,10.0,25,0.66671625,0.7921458159883817,2.7719505627950034,67.94584308401681
dgn_qmix__N4__ring__seed3,dgn_qmix,coord_grid,3,1684,42125,13.0,25,0.6665183333333333,0.5924427935055324,2.1051934361457825,67.99243258399656
dgn_qmix__N4__ring__seed3,dgn_qmix,coord_grid,3,1685,42150,12.0,25,0.6663204166666667,0.6117134988307953,2.2871330777804055,68.035197374993
dgn_qmix__N4__ring__seed3,dgn_qmix,coord_grid,3,1686,42175,4.0,25,0.6661225,0.6512911021709442,3.006342669328054,68.07676825003
dgn_qmix__N4__ring__seed3,dgn_qmix,coord_grid,3,1687,42200,4.0,25,0.6659245833333334,0.5139937847852707,1.8676562309265137,68.11815183400176
dgn_qmix__N4__ring__seed3,dgn_qmix,coord_grid,3,1688,42225,6.0,25,0.6657266666666667,0.6587807280676705,2.0368594442095076,68.16461949999211
dgn_qmix__N4__ring__seed3,dgn_qmix,coord_grid,3,1689,42250,6.0,25,0.66552875,0.9198438872893652,2.7625792423884072,68.20651087502483
dgn_qmix__N4__ring__seed3,dgn_qmix,coord_grid,3,1690,42275,11.0,25,0.6653308333333334,0.4314834016064803,2.7064823508262634,68.24933008401422
dgn_qmix__N4__ring__seed3,dgn_qmix,coord_grid,3,1691,42300,4.0,25,0.6651329166666666,0.6855001896619797,2.7079067627588906,68.29103045898955
dgn_qmix__N4__ring__seed3,dgn_qmix,coord_grid,3,1692,42325,8.0,25,0.664935,0.5628395825624466,2.913474270275661,68.3370804170263
dgn_qmix__N4__ring__seed3,dgn_qmix,coord_grid,3,1693,42350,7.0,25,0.6647370833333334,0.8989959309498469,3.428052008152008,68.37861379201058
dgn_qmix__N4__ring__seed3,dgn_qmix,coord_grid,3,1694,42375,6.0,25,0.6645391666666667,0.642026829222838,2.0852909684181213,68.41959279199364
dgn_qmix__N4__ring__seed3,dgn_qmix,coord_grid,3,1695,42400,10.0,25,0.66434125,0.8699503888686498,3.0885558426380157,68.46209724998334
dgn_qmix__N4__ring__seed3,dgn_qmix,coord_grid,3,1696,42425,4.0,25,0.6641433333333333,0.821086415222713,2.4555572271347046,68.50942812499125
dgn_qmix__N4__ring__seed3,dgn_qmix,coord_grid,3,1697,42450,12.0,25,0.6639454166666667,0.5804590384165446,1.8706518212954204,68.55146654200507
dgn_qmix__N4__ring__seed3,dgn_qmix,coord_grid,3,1698,42475,7.0,25,0.6637475,0.6542228162288666,2.4355816642443338,68.59352258400759
dgn_qmix__N4__ring__seed3,dgn_qmix,coord_grid,3,1699,42500,6.0,25,0.6635495833333334,0.3330673600236575,2.273786743481954,68.6346337919822
dgn_qmix__N4__ring__seed3,dgn_qmix,coord_grid,3,1700,42525,10.0,25,0.6633516666666667,0.7909310587814876,2.958488328116281,68.68271808401914
dgn_qmix__N4__ring__seed3,dgn_qmix,coord_grid,3,1701,42550,8.0,25,0.66315375,0.6631007790565491,2.0746127367019653,68.72616020898568
dgn_qmix__N4__ring__seed3,dgn_qmix,coord_grid,3,1702,42575,3.0,25,0.6629558333333334,0.6985087518890699,2.186728596687317,68.76875279203523
dgn_qmix__N4__ring__seed3,dgn_qmix,coord_grid,3,1703,42600,17.0,25,0.6627579166666667,0.6120901306470236,2.385251065095266,68.81187116698129
dgn_qmix__N4__ring__seed3,dgn_qmix,coord_grid,3,1704,42625,16.0,25,0.66256,0.9531958103179932,4.623688697814941,68.85995950002689
dgn_qmix__N4__ring__seed3,dgn_qmix,coord_grid,3,1705,42650,13.0,25,0.6623620833333334,0.6029569904009501,3.5007286866505942,68.90204887499567
dgn_qmix__N4__ring__seed3,dgn_qmix,coord_grid,3,1706,42675,4.0,25,0.6621641666666667,0.6098320583502451,2.7821880181630454,68.94405829202151
dgn_qmix__N4__ring__seed3,dgn_qmix,coord_grid,3,1707,42700,6.0,25,0.6619662500000001,0.6327464605371157,1.3570366700490315,68.98654404201079
dgn_qmix__N4__ring__seed3,dgn_qmix,coord_grid,3,1708,42725,13.0,25,0.6617683333333333,0.5286219034876142,3.179694039481027,69.03479233401595
dgn_qmix__N4__ring__seed3,dgn_qmix,coord_grid,3,1709,42750,16.0,25,0.6615704166666667,0.757499506076177,2.9191938241322837,69.0774185420014
dgn_qmix__N4__ring__seed3,dgn_qmix,coord_grid,3,1710,42775,15.0,25,0.6613725,0.8300595184167227,2.2236622174580893,69.11909358401317
dgn_qmix__N4__ring__seed3,dgn_qmix,coord_grid,3,1711,42800,4.0,25,0.6611745833333333,0.6602985262870789,2.459368864695231,69.16044508403866
dgn_qmix__N4__ring__seed3,dgn_qmix,coord_grid,3,1712,42825,4.0,25,0.6609766666666667,0.7719850816896984,2.9186301231384277,69.20660354202846
dgn_qmix__N4__ring__seed3,dgn_qmix,coord_grid,3,1713,42850,4.0,25,0.66077875,0.6809651156266531,2.3185551166534424,69.24805820902111
dgn_qmix__N4__ring__seed3,dgn_qmix,coord_grid,3,1714,42875,7.0,25,0.6605808333333334,0.8504348893960317,3.2982059319814048,69.29005312500522
dgn_qmix__N4__ring__seed3,dgn_qmix,coord_grid,3,1715,42900,22.0,25,0.6603829166666667,0.3984552174806595,2.151865462462107,69.33343150001019
dgn_qmix__N4__ring__seed3,dgn_qmix,coord_grid,3,1716,42925,7.0,25,0.660185,0.5119454477514539,2.4294001374925887,69.38135687500471
dgn_qmix__N4__ring__seed3,dgn_qmix,coord_grid,3,1717,42950,13.0,25,0.6599870833333333,0.4599011391401291,3.1735214591026306,69.4248624999891
dgn_qmix__N4__ring__seed3,dgn_qmix,coord_grid,3,1718,42975,12.0,25,0.6597891666666666,0.5721038083235422,3.184548238913218,69.46725387498736
dgn_qmix__N4__ring__seed3,dgn_qmix,coord_grid,3,1719,43000,19.0,25,0.6595912500000001,0.8982409263650576,2.8357568979263306,69.50838524999563
dgn_qmix__N4__ring__seed3,dgn_qmix,coord_grid,3,1720,43025,7.0,25,0.6593933333333334,0.514047350202288,2.54250921521868,69.55665745900478
dgn_qmix__N4__ring__seed3,dgn_qmix,coord_grid,3,1721,43050,12.0,25,0.6591954166666667,0.5628719826539358,1.9335700670878093,69.59795787499752
dgn_qmix__N4__ring__seed3,dgn_qmix,coord_grid,3,1722,43075,15.0,25,0.6589975,0.6935434018572172,1.9106030265490215,69.64010137500009
dgn_qmix__N4__ring__seed3,dgn_qmix,coord_grid,3,1723,43100,13.0,25,0.6587995833333333,0.9738771071036657,2.180508852005005,69.68303416698473
dgn_qmix__N4__ring__seed3,dgn_qmix,coord_grid,3,1724,43125,7.0,25,0.6586016666666668,0.3354186351810183,2.854668532099043,69.7303639590391
dgn_qmix__N4__ring__seed3,dgn_qmix,coord_grid,3,1725,43150,7.0,25,0.65840375,0.6362054248650869,4.279414892196655,69.7726074589882
dgn_qmix__N4__ring__seed3,dgn_qmix,coord_grid,3,1726,43175,10.0,25,0.6582058333333334,0.7077419956525167,2.2996405561765036,69.81511850003153
dgn_qmix__N4__ring__seed3,dgn_qmix,coord_grid,3,1727,43200,6.0,25,0.6580079166666667,0.7656361212333044,3.093462427457174,69.85771991702495
dgn_qmix__N4__ring__seed3,dgn_qmix,coord_grid,3,1728,43225,10.0,25,0.65781,0.5114031838519233,2.401867389678955,69.90537391701946
dgn_qmix__N4__ring__seed3,dgn_qmix,coord_grid,3,1729,43250,9.0,25,0.6576120833333334,0.8852950433890024,2.9761725068092346,69.94760987500194
dgn_qmix__N4__ring__seed3,dgn_qmix,coord_grid,3,1730,43275,12.0,25,0.6574141666666666,0.5722164064645767,2.284997125466665,69.9904713750002
dgn_qmix__N4__ring__seed3,dgn_qmix,coord_grid,3,1731,43300,18.0,25,0.6572162500000001,0.6723110328118006,3.1644150813420615,70.03211370902136
dgn_qmix__N4__ring__seed3,dgn_qmix,coord_grid,3,1732,43325,8.0,25,0.6570183333333334,0.8593949888433728,2.6881489072527205,70.07904124999186
dgn_qmix__N4__ring__seed3,dgn_qmix,coord_grid,3,1733,43350,11.0,25,0.6568204166666667,0.9713174204031626,2.789475202560425,70.12170416698791
dgn_qmix__N4__ring__seed3,dgn_qmix,coord_grid,3,1734,43375,4.0,25,0.6566225,0.7747243940830231,3.471537709236145,70.16497654200066
dgn_qmix__N4__ring__seed3,dgn_qmix,coord_grid,3,1735,43400,10.0,25,0.6564245833333333,0.34535297999779385,2.8764930764834085,70.20623937499477
dgn_qmix__N4__ring__seed3,dgn_qmix,coord_grid,3,1736,43425,20.0,25,0.6562266666666667,0.9869580609457833,4.513236011777606,70.25357712502591
dgn_qmix__N4__ring__seed3,dgn_qmix,coord_grid,3,1737,43450,8.0,25,0.65602875,0.692987747490406,4.201827724774678,70.29503500001738
dgn_qmix__N4__ring__seed3,dgn_qmix,coord_grid,3,1738,43475,5.0,25,0.6558308333333334,0.3384791935483615,3.7327205340067544,70.33666124998126
dgn_qmix__N4__ring__seed3,dgn_qmix,coord_grid,3,1739,43500,12.0,25,0.6556329166666667,0.7365180253982544,2.204519510269165,70.3799826669856
dgn_qmix__N4__ring__seed3,dgn_qmix,coord_grid,3,1740,43525,9.0,25,0.655435,0.5575537468705859,2.4040182318006242,70.42772570898524
dgn_qmix__N4__ring__seed3,dgn_qmix,coord_grid,3,1741,43550,10.0,25,0.6552370833333334,0.6765796119968096,2.7137455542882285,70.46887504198821
dgn_qmix__N4__ring__seed3,dgn_qmix,coord_grid,3,1742,43575,6.0,25,0.6550391666666667,0.298390472928683,2.34520161151886,70.50980079203146
dgn_qmix__N4__ring__seed3,dgn_qmix,coord_grid,3,1743,43600,12.0,25,0.65484125,0.7219961558779081,2.197021702925364,70.55316337500699
dgn_qmix__N4__ring__seed3,dgn_qmix,coord_grid,3,1744,43625,11.0,25,0.6546433333333334,1.0061213203838892,3.163238321031843,70.60054908401798
dgn_qmix__N4__ring__seed3,dgn_qmix,coord_grid,3,1745,43650,10.0,25,0.6544454166666667,0.6689097185929617,2.4754672050476074,70.64345087500988
dgn_qmix__N4__ring__seed3,dgn_qmix,coord_grid,3,1746,43675,6.0,25,0.6542475000000001,0.8615348388751348,4.239542901515961,70.68452950002393
dgn_qmix__N4__ring__seed3,dgn_qmix,coord_grid,3,1747,43700,7.0,25,0.6540495833333333,0.6180282309651375,2.837943514188131,70.72628662502393
dgn_qmix__N4__ring__seed3,dgn_qmix,coord_grid,3,1748,43725,12.0,25,0.6538516666666667,0.5798082181385585,2.550842148917062,70.774348750012
dgn_qmix__N4__ring__seed3,dgn_qmix,coord_grid,3,1749,43750,7.0,25,0.65365375,0.8176718254884084,3.0608774026234946,70.81695283402223
dgn_qmix__N4__ring__seed3,dgn_qmix,coord_grid,3,1750,43775,14.0,25,0.6534558333333333,0.5309283410509428,1.9436636567115784,70.8589981670375
dgn_qmix__N4__ring__seed3,dgn_qmix,coord_grid,3,1751,43800,7.0,25,0.6532579166666668,0.8820986052354177,2.1883108417193093,70.90276808402268
dgn_qmix__N4__ring__seed3,dgn_qmix,coord_grid,3,1752,43825,7.0,25,0.65306,0.9438866249152592,3.922362974711827,70.95096225000452
dgn_qmix__N4__ring__seed3,dgn_qmix,coord_grid,3,1753,43850,3.0,25,0.6528620833333334,0.7570157324274381,2.128745138645172,70.99137733399402
dgn_qmix__N4__ring__seed3,dgn_qmix,coord_grid,3,1754,43875,4.0,25,0.6526641666666667,0.513794148961703,2.05842258532842,71.03305208403617
dgn_qmix__N4__ring__seed3,dgn_qmix,coord_grid,3,1755,43900,12.0,25,0.65246625,0.6237459629774094,2.066854258378347,71.07465816702461
dgn_qmix__N4__ring__seed3,dgn_qmix,coord_grid,3,1756,43925,10.0,25,0.6522683333333333,0.7372709853308541,2.7732968160084317,71.1226101249922
dgn_qmix__N4__ring__seed3,dgn_qmix,coord_grid,3,1757,43950,4.0,25,0.6520704166666667,0.7527750506997108,2.5993067224820456,71.16464270901633
dgn_qmix__N4__ring__seed3,dgn_qmix,coord_grid,3,1758,43975,10.0,25,0.6518725000000001,0.5326282382011414,1.7981382807095845,71.2061291669961
dgn_qmix__N4__ring__seed3,dgn_qmix,coord_grid,3,1759,44000,6.0,25,0.6516745833333334,0.8899038980404536,1.9930016994476318,71.24722033401486
dgn_qmix__N4__ring__seed3,dgn_qmix,coord_grid,3,1760,44025,8.0,25,0.6514766666666667,0.7305860263960702,3.563464845929827,71.29382066702237
dgn_qmix__N4__ring__seed3,dgn_qmix,coord_grid,3,1761,44050,8.0,25,0.65127875,0.5552721756199995,2.9724849263827005,71.3366281670169
dgn_qmix__N4__ring__seed3,dgn_qmix,coord_grid,3,1762,44075,8.0,25,0.6510808333333333,0.8774825682242712,2.8223995367685952,71.3794397090096
dgn_qmix__N4__ring__seed3,dgn_qmix,coord_grid,3,1763,44100,11.0,25,0.6508829166666668,0.6947778587539991,2.9521942734718323,71.42175462498562
dgn_qmix__N4__ring__seed3,dgn_qmix,coord_grid,3,1764,44125,12.0,25,0.650685,0.7974148924861636,2.474952016557966,71.46789329202147
dgn_qmix__N4__ring__seed3,dgn_qmix,coord_grid,3,1765,44150,8.0,25,0.6504870833333334,0.47016962617635727,2.415855348110199,71.50998650002293
dgn_qmix__N4__ring__seed3,dgn_qmix,coord_grid,3,1766,44175,8.0,25,0.6502891666666667,1.0251442342996597,2.071924010912577,71.55285570898559
dgn_qmix__N4__ring__seed3,dgn_qmix,coord_grid,3,1767,44200,16.0,25,0.65009125,0.6686586613456408,2.90235428015391,71.59629862499423
dgn_qmix__N4__ring__seed3,dgn_qmix,coord_grid,3,1768,44225,11.0,25,0.6498933333333334,1.0616950861045293,6.478733675820487,71.64307079202263
dgn_qmix__N4__ring__seed3,dgn_qmix,coord_grid,3,1769,44250,6.0,25,0.6496954166666666,0.5813055038452148,5.4516319036483765,71.68628016702132
dgn_qmix__N4__ring__seed3,dgn_qmix,coord_grid,3,1770,44275,10.0,25,0.6494975000000001,1.0185933709144592,4.205271760622661,71.7285898340051
dgn_qmix__N4__ring__seed3,dgn_qmix,coord_grid,3,1771,44300,9.0,25,0.6492995833333334,1.0141048431396484,4.212056954701741,71.76998204202391
dgn_qmix__N4__ring__seed3,dgn_qmix,coord_grid,3,1772,44325,6.0,25,0.6491016666666667,0.818729179246085,4.324000801358904,71.81770720903296
dgn_qmix__N4__ring__seed3,dgn_qmix,coord_grid,3,1773,44350,9.0,25,0.64890375,0.738958423336347,3.3293255964914956,71.86052083398681
dgn_qmix__N4__ring__seed3,dgn_qmix,coord_grid,3,1774,44375,20.0,25,0.6487058333333333,0.7770102024078369,4.737781445185344,71.90702816698467
dgn_qmix__N4__ring__seed3,dgn_qmix,coord_grid,3,1775,44400,4.0,25,0.6485079166666667,0.5490001315871874,3.321837564309438,71.95031562499935
dgn_qmix__N4__ring__seed3,dgn_qmix,coord_grid,3,1776,44425,7.0,25,0.64831,0.649079510143825,2.589274900300162,71.99842750001699
dgn_qmix__N4__ring__seed3,dgn_qmix,coord_grid,3,1777,44450,8.0,25,0.6481120833333334,0.8282405138015747,4.060630838076274,72.03997383400565
dgn_qmix__N4__ring__seed3,dgn_qmix,coord_grid,3,1778,44475,13.0,25,0.6479141666666667,0.7486476798852285,2.8219486673672995,72.08325108402641
dgn_qmix__N4__ring__seed3,dgn_qmix,coord_grid,3,1779,44500,7.0,25,0.64771625,0.5880839029947916,3.7825777530670166,72.12531354202656
dgn_qmix__N4__ring__seed3,dgn_qmix,coord_grid,3,1780,44525,3.0,25,0.6475183333333334,0.9254596616540637,3.265129395893642,72.1724737919867
dgn_qmix__N4__ring__seed3,dgn_qmix,coord_grid,3,1781,44550,8.0,25,0.6473204166666666,0.8169026871522268,3.0084718267122903,72.21517062501516
dgn_qmix__N4__ring__seed3,dgn_qmix,coord_grid,3,1782,44575,14.0,25,0.6471225,0.4806032751997312,2.2618616819381714,72.25816058402415
dgn_qmix__N4__ring__seed3,dgn_qmix,coord_grid,3,1783,44600,9.0,25,0.6469245833333334,0.6244194755951563,4.068833867708842,72.29966270900331
dgn_qmix__N4__ring__seed3,dgn_qmix,coord_grid,3,1784,44625,8.0,25,0.6467266666666667,1.0558490923472814,3.7408615180424283,72.34723750001285
dgn_qmix__N4__ring__seed3,dgn_qmix,coord_grid,3,1785,44650,13.0,25,0.6465287500000001,0.8691201383868853,3.985459645589193,72.38928633398609
dgn_qmix__N4__ring__seed3,dgn_qmix,coord_grid,3,1786,44675,6.0,25,0.6463308333333333,0.6688927834232649,3.1807992259661355,72.43202104198281
dgn_qmix__N4__ring__seed3,dgn_qmix,coord_grid,3,1787,44700,10.0,25,0.6461329166666667,0.602672795454661,2.5982019901275635,72.47383516700938
dgn_qmix__N4__ring__seed3,dgn_qmix,coord_grid,3,1788,44725,7.0,25,0.645935,0.8303457839148385,2.4138200964246477,72.5207136250101
dgn_qmix__N4__ring__seed3,dgn_qmix,coord_grid,3,1789,44750,6.0,25,0.6457370833333334,0.7852381045619646,2.887303133805593,72.56421916699037
dgn_qmix__N4__ring__seed3,dgn_qmix,coord_grid,3,1790,44775,11.0,25,0.6455391666666668,0.921145165959994,2.943023761113485,72.60555683402345
dgn_qmix__N4__ring__seed3,dgn_qmix,coord_grid,3,1791,44800,12.0,25,0.64534125,0.6367620925108591,3.594148317972819,72.64864954201039
dgn_qmix__N4__ring__seed3,dgn_qmix,coord_grid,3,1792,44825,9.0,25,0.6451433333333334,0.541300105197089,2.331224356378828,72.69589095900301
dgn_qmix__N4__ring__seed3,dgn_qmix,coord_grid,3,1793,44850,8.0,25,0.6449454166666666,0.8298293203115463,2.2510425249735513,72.73822979198303
dgn_qmix__N4__ring__seed3,dgn_qmix,coord_grid,3,1794,44875,9.0,25,0.6447475,0.6607204253474871,3.799440066019694,72.78236129198922
dgn_qmix__N4__ring__seed3,dgn_qmix,coord_grid,3,1795,44900,4.0,25,0.6445495833333333,1.023217926422755,3.3522345622380576,72.8302817090298
dgn_qmix__N4__ring__seed3,dgn_qmix,coord_grid,3,1796,44925,10.0,25,0.6443516666666667,1.1848032772541046,3.249975085258484,72.88052937499015
dgn_qmix__N4__ring__seed3,dgn_qmix,coord_grid,3,1797,44950,14.0,25,0.6441537500000001,0.5285368313392004,3.346886157989502,72.92446312500397
dgn_qmix__N4__ring__seed3,dgn_qmix,coord_grid,3,1798,44975,11.0,25,0.6439558333333333,0.6346807554364204,2.699391225973765,72.96623175003333
dgn_qmix__N4__ring__seed3,dgn_qmix,coord_grid,3,1799,45000,5.0,25,0.6437579166666667,0.769680917263031,3.597105304400126,73.01001362502575
dgn_qmix__N4__ring__seed3,dgn_qmix,coord_grid,3,1800,45025,8.0,25,0.64356,1.1892171970435552,7.76887719971793,73.05754704202991
dgn_qmix__N4__ring__seed3,dgn_qmix,coord_grid,3,1801,45050,3.0,25,0.6433620833333333,0.8937192857265472,2.759941816329956,73.10432525002398
dgn_qmix__N4__ring__seed3,dgn_qmix,coord_grid,3,1802,45075,8.0,25,0.6431641666666668,0.46056216955184937,3.2441652615865073,73.14979804202449
dgn_qmix__N4__ring__seed3,dgn_qmix,coord_grid,3,1803,45100,11.0,25,0.64296625,0.7922806342442831,3.110232134660085,73.19454975001281
dgn_qmix__N4__ring__seed3,dgn_qmix,coord_grid,3,1804,45125,7.0,25,0.6427683333333334,0.9004605572138514,3.7990452902657643,73.24313929199707
dgn_qmix__N4__ring__seed3,dgn_qmix,coord_grid,3,1805,45150,9.0,25,0.6425704166666667,0.9191186229387919,3.860791325569153,73.28611008403823
dgn_qmix__N4__ring__seed3,dgn_qmix,coord_grid,3,1806,45175,8.0,25,0.6423725,1.0625598678986232,3.4786863724390664,73.32873620901955
dgn_qmix__N4__ring__seed3,dgn_qmix,coord_grid,3,1807,45200,16.0,25,0.6421745833333334,0.9759833117326101,3.2962475617726645,73.37251750001451
dgn_qmix__N4__ring__seed3,dgn_qmix,coord_grid,3,1808,45225,17.0,25,0.6419766666666666,0.718534991145134,2.71026725428445,73.42069991701283
dgn_qmix__N4__ring__seed3,dgn_qmix,coord_grid,3,1809,45250,11.0,25,0.6417787500000001,1.143316167096297,2.610735297203064,73.46303770900704
dgn_qmix__N4__ring__seed3,dgn_qmix,coord_grid,3,1810,45275,7.0,25,0.6415808333333333,1.0754031936327617,2.9842487573623657,73.5072375840391
dgn_qmix__N4__ring__seed3,dgn_qmix,coord_grid,3,1811,45300,6.0,25,0.6413829166666667,0.6771335750818253,3.0113104581832886,73.54912104201503
dgn_qmix__N4__ring__seed3,dgn_qmix,coord_grid,3,1812,45325,16.0,25,0.6411850000000001,1.0001884273120336,2.678591285433088,73.59857349999947
dgn_qmix__N4__ring__seed3,dgn_qmix,coord_grid,3,1813,45350,10.0,25,0.6409870833333333,0.5159808223446211,3.3862324555714927,73.64118274999782
dgn_qmix__N4__ring__seed3,dgn_qmix,coord_grid,3,1814,45375,16.0,25,0.6407891666666667,1.2984005113442738,3.3750336170196533,73.68455345899565
dgn_qmix__N4__ring__seed3,dgn_qmix,coord_grid,3,1815,45400,13.0,25,0.64059125,0.6290274585286776,2.4813977479934692,73.72718429198721
dgn_qmix__N4__ring__seed3,dgn_qmix,coord_grid,3,1816,45425,12.0,25,0.6403933333333334,0.8086856965507779,3.5262861933026994,73.77483854198363
dgn_qmix__N4__ring__seed3,dgn_qmix,coord_grid,3,1817,45450,16.0,25,0.6401954166666667,1.1046981811523438,3.4733229875564575,73.81648120901082
dgn_qmix__N4__ring__seed3,dgn_qmix,coord_grid,3,1818,45475,6.0,25,0.6399975,0.823646662135919,2.869100014368693,73.8583959590178
dgn_qmix__N4__ring__seed3,dgn_qmix,coord_grid,3,1819,45500,14.0,25,0.6397995833333334,0.8083508908748627,4.026055157184601,73.90544475003844
dgn_qmix__N4__ring__seed3,dgn_qmix,coord_grid,3,1820,45525,8.0,25,0.6396016666666666,0.6848205519574029,2.947045922279358,73.95701579202432
dgn_qmix__N4__ring__seed3,dgn_qmix,coord_grid,3,1821,45550,14.0,25,0.63940375,0.851546178261439,2.7779686053593955,74.0017598340055
dgn_qmix__N4__ring__seed3,dgn_qmix,coord_grid,3,1822,45575,13.0,25,0.6392058333333334,0.6224570199847221,3.9775909980138144,74.04480458400212
dgn_qmix__N4__ring__seed3,dgn_qmix,coord_grid,3,1823,45600,6.0,25,0.6390079166666667,1.22162464261055,3.651410182317098,74.08655558398459
dgn_qmix__N4__ring__seed3,dgn_qmix,coord_grid,3,1824,45625,14.0,25,0.6388100000000001,0.8566491476127079,2.666383743286133,74.13395487499656
dgn_qmix__N4__ring__seed3,dgn_qmix,coord_grid,3,1825,45650,11.0,25,0.6386120833333333,1.3108646472295125,4.161407748858134,74.17468941700645
dgn_qmix__N4__ring__seed3,dgn_qmix,coord_grid,3,1826,45675,11.0,25,0.6384141666666667,0.8734320004781088,3.4653356075286865,74.21760529198218
dgn_qmix__N4__ring__seed3,dgn_qmix,coord_grid,3,1827,45700,8.0,25,0.6382162499999999,0.8552978734175364,2.5094218254089355,74.26156325003831
dgn_qmix__N4__ring__seed3,dgn_qmix,coord_grid,3,1828,45725,9.0,25,0.6380183333333334,0.8592756667307445,3.219720091138567,74.3099666670314
dgn_qmix__N4__ring__seed3,dgn_qmix,coord_grid,3,1829,45750,8.0,25,0.6378204166666668,0.8298274825016657,3.2225462198257446,74.35205658402992
dgn_qmix__N4__ring__seed3,dgn_qmix,coord_grid,3,1830,45775,5.0,25,0.6376225,1.040652761856715,2.6115797559420266,74.39491570898099
dgn_qmix__N4__ring__seed3,dgn_qmix,coord_grid,3,1831,45800,11.0,25,0.6374245833333334,1.0080849478642147,4.336814284324646,74.43661287502619
dgn_qmix__N4__ring__seed3,dgn_qmix,coord_grid,3,1832,45825,12.0,25,0.6372266666666666,0.8057314029761723,6.991646187646048,74.48292650002986
dgn_qmix__N4__ring__seed3,dgn_qmix,coord_grid,3,1833,45850,14.0,25,0.63702875,0.7474361757437388,4.449745933214824,74.52698537503602
dgn_qmix__N4__ring__seed3,dgn_qmix,coord_grid,3,1834,45875,7.0,25,0.6368308333333335,0.8096534411112467,3.7235021591186523,74.56788337498438
dgn_qmix__N4__ring__seed3,dgn_qmix,coord_grid,3,1835,45900,2.0,25,0.6366329166666667,0.5764596511920294,2.7524466514587402,74.61008916702121
dgn_qmix__N4__ring__seed3,dgn_qmix,coord_grid,3,1836,45925,7.0,25,0.6364350000000001,0.6543787121772766,2.2320220129830495,74.65941308403853
dgn_qmix__N4__ring__seed3,dgn_qmix,coord_grid,3,1837,45950,10.0,25,0.6362370833333333,0.6483041097720464,3.1214710076649985,74.7013092500274
dgn_qmix__N4__ring__seed3,dgn_qmix,coord_grid,3,1838,45975,17.0,25,0.6360391666666667,0.9263416131337484,2.617193261782328,74.74340199999278
dgn_qmix__N4__ring__seed3,dgn_qmix,coord_grid,3,1839,46000,7.0,25,0.6358412499999999,0.485710767408212,3.2857877016067505,74.78584979200969
dgn_qmix__N4__ring__seed3,dgn_qmix,coord_grid,3,1840,46025,4.0,25,0.6356433333333333,0.6998761871031353,3.216477087565831,74.83265912503703
dgn_qmix__N4__ring__seed3,dgn_qmix,coord_grid,3,1841,46050,12.0,25,0.6354454166666668,0.9982165396213531,3.7509766022364297,74.87526400003117
dgn_qmix__N4__ring__seed3,dgn_qmix,coord_grid,3,1842,46075,8.0,25,0.6352475,0.6354800586899122,3.12505841255188,74.91663008398609
dgn_qmix__N4__ring__seed3,dgn_qmix,coord_grid,3,1843,46100,20.0,25,0.6350495833333334,0.7894151310125986,4.154875616232554,74.95945595903322
dgn_qmix__N4__ring__seed3,dgn_qmix,coord_grid,3,1844,46125,6.0,25,0.6348516666666666,0.8008866714579719,4.324810300554548,75.00811229203828
dgn_qmix__N4__ring__seed3,dgn_qmix,coord_grid,3,1845,46150,10.0,25,0.63465375,0.5355237970749537,4.174373904863994,75.04975220898632
dgn_qmix__N4__ring__seed3,dgn_qmix,coord_grid,3,1846,46175,12.0,25,0.6344558333333334,1.1011799077192943,4.864532947540283,75.09287049999693
dgn_qmix__N4__ring__seed3,dgn_qmix,coord_grid,3,1847,46200,5.0,25,0.6342579166666666,0.804609514772892,5.03600029150645,75.13591791701037
dgn_qmix__N4__ring__seed3,dgn_qmix,coord_grid,3,1848,46225,8.0,25,0.6340600000000001,1.200922702039991,4.047377484185355,75.18266137503088
dgn_qmix__N4__ring__seed3,dgn_qmix,coord_grid,3,1849,46250,6.0,25,0.6338620833333333,1.336044321457545,3.5432168841362,75.22391366702504
dgn_qmix__N4__ring__seed3,dgn_qmix,coord_grid,3,1850,46275,11.0,25,0.6336641666666667,0.8325935850540797,2.3076833287874856,75.26733200001763
dgn_qmix__N4__ring__seed3,dgn_qmix,coord_grid,3,1851,46300,9.0,25,0.6334662500000001,0.8742527663707733,3.7206066648165383,75.30920233402867
dgn_qmix__N4__ring__seed3,dgn_qmix,coord_grid,3,1852,46325,11.0,25,0.6332683333333333,0.5556966704981667,3.11963621207646,75.35675258398987
dgn_qmix__N4__ring__seed3,dgn_qmix,coord_grid,3,1853,46350,20.0,25,0.6330704166666667,0.8244355022907257,3.949926018714905,75.39995400002226
dgn_qmix__N4__ring__seed3,dgn_qmix,coord_grid,3,1854,46375,8.0,25,0.6328725,0.599034825960795,3.619532744089762,75.44325825001579
dgn_qmix__N4__ring__seed3,dgn_qmix,coord_grid,3,1855,46400,8.0,25,0.6326745833333334,0.6129899397492409,4.4393718640009565,75.48620345903328
dgn_qmix__N4__ring__seed3,dgn_qmix,coord_grid,3,1856,46425,12.0,25,0.6324766666666667,0.8712722190788814,4.293643133980887,75.53271912498167
dgn_qmix__N4__ring__seed3,dgn_qmix,coord_grid,3,1857,46450,16.0,25,0.63227875,1.0373584131399791,5.368122776349385,75.57496300002094
dgn_qmix__N4__ring__seed3,dgn_qmix,coord_grid,3,1858,46475,8.0,25,0.6320808333333334,0.8225492338339487,4.868824442227681,75.61757458403008
dgn_qmix__N4__ring__seed3,dgn_qmix,coord_grid,3,1859,46500,5.0,25,0.6318829166666666,0.841029534737269,3.316456139087677,75.6600024169893
dgn_qmix__N4__ring__seed3,dgn_qmix,coord_grid,3,1860,46525,11.0,25,0.631685,0.7115205345409257,3.04787084034511,75.70701004203875
dgn_qmix__N4__ring__seed3,dgn_qmix,coord_grid,3,1861,46550,11.0,25,0.6314870833333333,0.5553443183501562,3.3283892273902893,75.74941912502982
dgn_qmix__N4__ring__seed3,dgn_qmix,coord_grid,3,1862,46575,12.0,25,0.6312891666666667,0.9366624454657236,2.7283188501993814,75.79140145902056
dgn_qmix__N4__ring__seed3,dgn_qmix,coord_grid,3,1863,46600,15.0,25,0.6310912500000001,0.6246147751808167,3.9241377115249634,75.83370879199356
dgn_qmix__N4__ring__seed3,dgn_qmix,coord_grid,3,1864,46625,15.0,25,0.6308933333333333,0.8864451391356332,8.499379396438599,75.8817080000299
dgn_qmix__N4__ring__seed3,dgn_qmix,coord_grid,3,1865,46650,19.0,25,0.6306954166666667,0.948452889919281,8.265076915423075,75.9245243340265
dgn_qmix__N4__ring__seed3,dgn_qmix,coord_grid,3,1866,46675,5.0,25,0.6304974999999999,1.0459987223148346,7.270195206006368,75.96566637500655
dgn_qmix__N4__ring__seed3,dgn_qmix,coord_grid,3,1867,46700,11.0,25,0.6302995833333334,0.905651127298673,7.015581885973613,76.00769112503622
dgn_qmix__N4__ring__seed3,dgn_qmix,coord_grid,3,1868,46725,5.0,25,0.6301016666666667,0.8250494471618107,5.728907755443028,76.0549575840123
dgn_qmix__N4__ring__seed3,dgn_qmix,coord_grid,3,1869,46750,9.0,25,0.62990375,0.8427144090334574,5.457432866096497,76.09593470901018
dgn_qmix__N4__ring__seed3,dgn_qmix,coord_grid,3,1870,46775,5.0,25,0.6297058333333334,0.8372158408164978,3.885537544886271,76.13819304201752
dgn_qmix__N4__ring__seed3,dgn_qmix,coord_grid,3,1871,46800,8.0,25,0.6295079166666666,1.0887796009580295,3.7571959495544434,76.17977104202146
dgn_qmix__N4__ring__seed3,dgn_qmix,coord_grid,3,1872,46825,7.0,25,0.62931,0.8422021780695234,3.6148190838950023,76.22831849998329
dgn_qmix__N4__ring__seed3,dgn_qmix,coord_grid,3,1873,46850,14.0,25,0.6291120833333333,0.906443809469541,4.304051637649536,76.27068741701078
dgn_qmix__N4__ring__seed3,dgn_qmix,coord_grid,3,1874,46875,10.0,25,0.6289141666666667,1.1675409972667694,3.003605047861735,76.31254712503869
dgn_qmix__N4__ring__seed3,dgn_qmix,coord_grid,3,1875,46900,5.0,25,0.6287162500000001,0.7381356706221899,3.733210563659668,76.35511083400343
dgn_qmix__N4__ring__seed3,dgn_qmix,coord_grid,3,1876,46925,11.0,25,0.6285183333333333,0.9240775129624775,3.801599621772766,76.40528362500481
dgn_qmix__N4__ring__seed3,dgn_qmix,coord_grid,3,1877,46950,12.0,25,0.6283204166666667,1.2916404207547505,4.919879674911499,76.44723066699225
dgn_qmix__N4__ring__seed3,dgn_qmix,coord_grid,3,1878,46975,5.0,25,0.6281224999999999,0.9018506904443105,4.448777556419373,76.48954645899357
dgn_qmix__N4__ring__seed3,dgn_qmix,coord_grid,3,1879,47000,7.0,25,0.6279245833333333,0.7244549244642258,4.997028112411499,76.5329358340241
dgn_qmix__N4__ring__seed3,dgn_qmix,coord_grid,3,1880,47025,8.0,25,0.6277266666666668,0.9886854312249592,4.577036585126605,76.58143441699212
dgn_qmix__N4__ring__seed3,dgn_qmix,coord_grid,3,1881,47050,2.0,25,0.62752875,1.133898933728536,3.238550901412964,76.62417554203421
dgn_qmix__N4__ring__seed3,dgn_qmix,coord_grid,3,1882,47075,15.0,25,0.6273308333333334,1.107554962237676,5.65699024995168,76.66746179200709
dgn_qmix__N4__ring__seed3,dgn_qmix,coord_grid,3,1883,47100,8.0,25,0.6271329166666666,0.8025019218524297,3.4122334718704224,76.70868391700787
dgn_qmix__N4__ring__seed3,dgn_qmix,coord_grid,3,1884,47125,14.0,25,0.626935,0.7885376023394721,3.520726748875209,76.75527687498834
dgn_qmix__N4__ring__seed3,dgn_qmix,coord_grid,3,1885,47150,12.0,25,0.6267370833333333,0.9315645098686218,3.3377927343050637,76.79883370903553
dgn_qmix__N4__ring__seed3,dgn_qmix,coord_grid,3,1886,47175,13.0,25,0.6265391666666666,0.82230277856191,3.299518585205078,76.84037454199279
dgn_qmix__N4__ring__seed3,dgn_qmix,coord_grid,3,1887,47200,10.0,25,0.6263412500000001,1.3169058014949162,3.0280434290568032,76.88434991700342
dgn_qmix__N4__ring__seed3,dgn_qmix,coord_grid,3,1888,47225,27.0,25,0.6261433333333333,0.879476900611605,3.350343482834952,76.93116295902291
dgn_qmix__N4__ring__seed3,dgn_qmix,coord_grid,3,1889,47250,10.0,25,0.6259454166666667,0.6004649077852567,4.929974516232808,76.97446433402365
dgn_qmix__N4__ring__seed3,dgn_qmix,coord_grid,3,1890,47275,1.0,25,0.6257475,0.7211444328228632,4.333638151486714,77.01707558403723
dgn_qmix__N4__ring__seed3,dgn_qmix,coord_grid,3,1891,47300,12.0,25,0.6255495833333333,0.9551468590895335,3.2253004709879556,77.06108250003308
dgn_qmix__N4__ring__seed3,dgn_qmix,coord_grid,3,1892,47325,10.0,25,0.6253516666666668,1.163636761052268,3.0159150872911726,77.10919358400861
dgn_qmix__N4__ring__seed3,dgn_qmix,coord_grid,3,1893,47350,12.0,25,0.62515375,0.9275961220264435,3.4561410744984946,77.15120066702366
dgn_qmix__N4__ring__seed3,dgn_qmix,coord_grid,3,1894,47375,6.0,25,0.6249558333333334,1.0828803926706314,2.483368396759033,77.19550775003154
dgn_qmix__N4__ring__seed3,dgn_qmix,coord_grid,3,1895,47400,14.0,25,0.6247579166666667,0.9582552164793015,5.251012762387593,77.23832429200411
dgn_qmix__N4__ring__seed3,dgn_qmix,coord_grid,3,1896,47425,15.0,25,0.62456,1.1152947459902083,8.789473380361285,77.28518358402653
dgn_qmix__N4__ring__seed3,dgn_qmix,coord_grid,3,1897,47450,7.0,25,0.6243620833333334,0.9292478561401367,5.695069591204326,77.32749158400111
dgn_qmix__N4__ring__seed3,dgn_qmix,coord_grid,3,1898,47475,5.0,25,0.6241641666666666,1.259212334950765,5.675596872965495,77.37038854201091
dgn_qmix__N4__ring__seed3,dgn_qmix,coord_grid,3,1899,47500,5.0,25,0.6239662500000001,1.4419158399105072,4.511228481928508,77.41162770899246
dgn_qmix__N4__ring__seed3,dgn_qmix,coord_grid,3,1900,47525,12.0,25,0.6237683333333333,1.0804741382598877,4.693586894444057,77.45721420901828
dgn_qmix__N4__ring__seed3,dgn_qmix,coord_grid,3,1901,47550,14.0,25,0.6235704166666667,1.0133923788865407,4.438684403896332,77.49960583401844
dgn_qmix__N4__ring__seed3,dgn_qmix,coord_grid,3,1902,47575,6.0,25,0.6233725,0.7000524426500002,3.220229427019755,77.54148266703123
dgn_qmix__N4__ring__seed3,dgn_qmix,coord_grid,3,1903,47600,17.0,25,0.6231745833333333,1.0349954987565677,3.678011099497477,77.58525220898446
dgn_qmix__N4__ring__seed3,dgn_qmix,coord_grid,3,1904,47625,14.0,25,0.6229766666666667,0.8352134355476925,6.187128680092948,77.632071
dgn_qmix__N4__ring__seed3,dgn_qmix,coord_grid,3,1905,47650,15.0,25,0.6227787499999999,1.5093406637509663,5.667856693267822,77.6764635000145
dgn_qmix__N4__ring__seed3,dgn_qmix,coord_grid,3,1906,47675,8.0,25,0.6225808333333334,1.5099019706249237,6.4107457002003985,77.71915833401727
dgn_qmix__N4__ring__seed3,dgn_qmix,coord_grid,3,1907,47700,10.0,25,0.6223829166666667,1.0452747642993927,6.516372958819072,77.7610737500363
dgn_qmix__N4__ring__seed3,dgn_qmix,coord_grid,3,1908,47725,16.0,25,0.622185,1.0018733058656966,6.591705254146031,77.80758125003194
dgn_qmix__N4__ring__seed3,dgn_qmix,coord_grid,3,1909,47750,8.0,25,0.6219870833333334,0.7352777322133383,5.521821101506551,77.84974866703851
dgn_qmix__N4__ring__seed3,dgn_qmix,coord_grid,3,1910,47775,9.0,25,0.6217891666666666,0.801123542090257,6.179858883221944,77.89373420900665
dgn_qmix__N4__ring__seed3,dgn_qmix,coord_grid,3,1911,47800,11.0,25,0.62159125,0.9362083176771799,3.809693455696106,77.93694149999646
dgn_qmix__N4__ring__seed3,dgn_qmix,coord_grid,3,1912,47825,12.0,25,0.6213933333333334,0.7309487802641732,3.037624512399946,77.98531020898372
dgn_qmix__N4__ring__seed3,dgn_qmix,coord_grid,3,1913,47850,10.0,25,0.6211954166666667,0.5978836764891943,4.500422358512878,78.02758283400908
dgn_qmix__N4__ring__seed3,dgn_qmix,coord_grid,3,1914,47875,16.0,25,0.6209975,0.9967011511325836,3.3530177076657615,78.06801666703541
dgn_qmix__N4__ring__seed3,dgn_qmix,coord_grid,3,1915,47900,15.0,25,0.6207995833333333,0.8074037134647369,3.8891489108403525,78.1117261670297
dgn_qmix__N4__ring__seed3,dgn_qmix,coord_grid,3,1916,47925,11.0,25,0.6206016666666667,0.7549551597663334,4.406329870223999,78.15995012503117
dgn_qmix__N4__ring__seed3,dgn_qmix,coord_grid,3,1917,47950,3.0,25,0.62040375,1.266107310851415,4.1279730796813965,78.20247929199832
dgn_qmix__N4__ring__seed3,dgn_qmix,coord_grid,3,1918,47975,5.0,25,0.6202058333333333,1.1676803678274155,4.3398797909418745,78.24470779200783
dgn_qmix__N4__ring__seed3,dgn_qmix,coord_grid,3,1919,48000,8.0,25,0.6200079166666667,0.6508000493049622,5.034658630688985,78.28662604198325
dgn_qmix__N4__ring__seed3,dgn_qmix,coord_grid,3,1920,48025,7.0,25,0.61981,1.1557106695004873,5.871423448835101,78.33347499999218
dgn_qmix__N4__ring__seed3,dgn_qmix,coord_grid,3,1921,48050,13.0,25,0.6196120833333334,0.8932809780041376,3.631681521733602,78.37716487498255
dgn_qmix__N4__ring__seed3,dgn_qmix,coord_grid,3,1922,48075,10.0,25,0.6194141666666666,1.4275505145390828,5.557002266248067,78.41941174998647
dgn_qmix__N4__ring__seed3,dgn_qmix,coord_grid,3,1923,48100,11.0,25,0.61921625,0.9331813206275305,4.696123838424683,78.46147370903054
dgn_qmix__N4__ring__seed3,dgn_qmix,coord_grid,3,1924,48125,14.0,25,0.6190183333333333,0.7029391612325396,5.030124017170498,78.50940712500596
dgn_qmix__N4__ring__seed3,dgn_qmix,coord_grid,3,1925,48150,9.0,25,0.6188204166666667,1.1257455597321193,3.490506907304128,78.55182824999793
dgn_qmix__N4__ring__seed3,dgn_qmix,coord_grid,3,1926,48175,14.0,25,0.6186225000000001,0.7856388116876284,4.91175361474355,78.5942764999927
dgn_qmix__N4__ring__seed3,dgn_qmix,coord_grid,3,1927,48200,17.0,25,0.6184245833333333,1.3153378168741863,4.777014931042989,78.63650716701522
dgn_qmix__N4__ring__seed3,dgn_qmix,coord_grid,3,1928,48225,8.0,25,0.6182266666666667,1.4584985375404358,7.899764605930874,78.68261529202573
dgn_qmix__N4__ring__seed3,dgn_qmix,coord_grid,3,1929,48250,12.0,25,0.61802875,0.8805689265330633,6.168251792589824,78.72591995901894
dgn_qmix__N4__ring__seed3,dgn_qmix,coord_grid,3,1930,48275,15.0,25,0.6178308333333333,1.2774712194999058,4.078203558921814,78.76997166703222
dgn_qmix__N4__ring__seed3,dgn_qmix,coord_grid,3,1931,48300,12.0,25,0.6176329166666666,0.9897531370321909,3.8955955306688943,78.81346841703635
dgn_qmix__N4__ring__seed3,dgn_qmix,coord_grid,3,1932,48325,15.0,25,0.617435,0.8137704985482352,4.950754370008196,78.86262879200513
dgn_qmix__N4__ring__seed3,dgn_qmix,coord_grid,3,1933,48350,9.0,25,0.6172370833333334,0.9855529367923737,4.8823782205581665,78.90628470899537
dgn_qmix__N4__ring__seed3,dgn_qmix,coord_grid,3,1934,48375,5.0,25,0.6170391666666667,0.6875195403893789,4.616908232371013,78.94875308399787
dgn_qmix__N4__ring__seed3,dgn_qmix,coord_grid,3,1935,48400,4.0,25,0.61684125,1.086540848016739,4.191228588422139,78.99263954203343
dgn_qmix__N4__ring__seed3,dgn_qmix,coord_grid,3,1936,48425,9.0,25,0.6166433333333333,1.0323411055973597,4.538388116019113,79.03838675003499
dgn_qmix__N4__ring__seed3,dgn_qmix,coord_grid,3,1937,48450,10.0,25,0.6164454166666666,1.0290246158838272,3.152937332789103,79.08129616698716
dgn_qmix__N4__ring__seed3,dgn_qmix,coord_grid,3,1938,48475,12.0,25,0.6162475000000001,1.1973613103230794,3.362475315729777,79.12428575003287
dgn_qmix__N4__ring__seed3,dgn_qmix,coord_grid,3,1939,48500,6.0,25,0.6160495833333333,0.9561571081479391,3.8813476959864297,79.16735358402366
dgn_qmix__N4__ring__seed3,dgn_qmix,coord_grid,3,1940,48525,14.0,25,0.6158516666666667,0.8284268634659904,4.181020702634539,79.21603954199236
dgn_qmix__N4__ring__seed3,dgn_qmix,coord_grid,3,1941,48550,5.0,25,0.61565375,0.737718919912974,4.381572723388672,79.25782233400969
dgn_qmix__N4__ring__seed3,dgn_qmix,coord_grid,3,1942,48575,10.0,25,0.6154558333333333,1.5630762775739033,4.763750195503235,79.29893375001848
dgn_qmix__N4__ring__seed3,dgn_qmix,coord_grid,3,1943,48600,13.0,25,0.6152579166666667,1.4879994094371796,5.482621153195699,79.3405936670024
dgn_qmix__N4__ring__seed3,dgn_qmix,coord_grid,3,1944,48625,12.0,25,0.6150599999999999,1.2229204688753401,5.265555722372873,79.38835999998264
dgn_qmix__N4__ring__seed3,dgn_qmix,coord_grid,3,1945,48650,17.0,25,0.6148620833333334,1.4543992727994919,6.135321299235026,79.431788084039
dgn_qmix__N4__ring__seed3,dgn_qmix,coord_grid,3,1946,48675,7.0,25,0.6146641666666667,1.6144620974858601,6.597750306129456,79.47491804201854
dgn_qmix__N4__ring__seed3,dgn_qmix,coord_grid,3,1947,48700,10.0,25,0.61446625,0.9591787904500961,4.764149268468221,79.51794954203069
dgn_qmix__N4__ring__seed3,dgn_qmix,coord_grid,3,1948,48725,12.0,25,0.6142683333333333,1.3813007729394096,4.345242091587612,79.5660004169913
dgn_qmix__N4__ring__seed3,dgn_qmix,coord_grid,3,1949,48750,22.0,25,0.6140704166666666,1.254192089041074,4.57665491104126,79.60803391702939
dgn_qmix__N4__ring__seed3,dgn_qmix,coord_grid,3,1950,48775,18.0,25,0.6138725,1.3668208718299866,4.592956900596619,79.6518430840224
dgn_qmix__N4__ring__seed3,dgn_qmix,coord_grid,3,1951,48800,7.0,25,0.6136745833333334,0.9938934147357941,4.8390843868255615,79.69484229199588
dgn_qmix__N4__ring__seed3,dgn_qmix,coord_grid,3,1952,48825,10.0,25,0.6134766666666667,1.3256828827517373,6.782734291894095,79.74154391698539
dgn_qmix__N4__ring__seed3,dgn_qmix,coord_grid,3,1953,48850,13.0,25,0.61327875,1.1779468059539795,5.284194787343343,79.78289129200857
dgn_qmix__N4__ring__seed3,dgn_qmix,coord_grid,3,1954,48875,11.0,25,0.6130808333333333,1.199848194917043,5.972622672716777,79.82401637500152
dgn_qmix__N4__ring__seed3,dgn_qmix,coord_grid,3,1955,48900,13.0,25,0.6128829166666667,0.6792717923720678,3.5696194966634116,79.86623774998588
dgn_qmix__N4__ring__seed3,dgn_qmix,coord_grid,3,1956,48925,6.0,25,0.612685,1.5979286091668266,4.198772941316877,79.91459229198517
dgn_qmix__N4__ring__seed3,dgn_qmix,coord_grid,3,1957,48950,16.0,25,0.6124870833333333,1.1109709739685059,6.831754962603251,79.957983084023
dgn_qmix__N4__ring__seed3,dgn_qmix,coord_grid,3,1958,48975,5.0,25,0.6122891666666667,0.9909877628087997,4.778988480567932,80.00229812500766
dgn_qmix__N4__ring__seed3,dgn_qmix,coord_grid,3,1959,49000,13.0,25,0.61209125,0.9668753693501154,7.864838322003682,80.04584354202962
dgn_qmix__N4__ring__seed3,dgn_qmix,coord_grid,3,1960,49025,7.0,25,0.6118933333333334,1.037371733358928,11.440316540854317,80.09556116699241
dgn_qmix__N4__ring__seed3,dgn_qmix,coord_grid,3,1961,49050,12.0,25,0.6116954166666666,1.3167849679787953,11.59507922331492,80.13667820900446
dgn_qmix__N4__ring__seed3,dgn_qmix,coord_grid,3,1962,49075,11.0,25,0.6114975,0.9258752763271332,7.602145949999492,80.1783014999819
dgn_qmix__N4__ring__seed3,dgn_qmix,coord_grid,3,1963,49100,10.0,25,0.6112995833333333,1.4010474632183711,7.309486071268718,80.2210735839908
dgn_qmix__N4__ring__seed3,dgn_qmix,coord_grid,3,1964,49125,8.0,25,0.6111016666666667,1.3587416878768377,7.0321385860443115,80.26876633398933
dgn_qmix__N4__ring__seed3,dgn_qmix,coord_grid,3,1965,49150,15.0,25,0.6109037500000001,1.3333398203055065,6.4548881848653155,80.31121587503003
dgn_qmix__N4__ring__seed3,dgn_qmix,coord_grid,3,1966,49175,15.0,25,0.6107058333333333,1.121602197488149,5.915106296539307,80.3543342500343
dgn_qmix__N4__ring__seed3,dgn_qmix,coord_grid,3,1967,49200,9.0,25,0.6105079166666667,1.5758569290240605,7.11158545811971,80.40039212501142
dgn_qmix__N4__ring__seed3,dgn_qmix,coord_grid,3,1968,49225,17.0,25,0.61031,1.223529236657279,6.5399073873247415,80.44932541699382
dgn_qmix__N4__ring__seed3,dgn_qmix,coord_grid,3,1969,49250,5.0,25,0.6101120833333333,1.2093630929787953,8.855685551961264,80.4931635420071
dgn_qmix__N4__ring__seed3,dgn_qmix,coord_grid,3,1970,49275,3.0,25,0.6099141666666666,0.8070566952228546,3.8221359252929688,80.53498537500855
dgn_qmix__N4__ring__seed3,dgn_qmix,coord_grid,3,1971,49300,9.0,25,0.60971625,1.373312493165334,4.130808154741923,80.57818325003609
dgn_qmix__N4__ring__seed3,dgn_qmix,coord_grid,3,1972,49325,17.0,25,0.6095183333333334,0.7722859127180917,3.6761611529759,80.62605449999683
dgn_qmix__N4__ring__seed3,dgn_qmix,coord_grid,3,1973,49350,21.0,25,0.6093204166666667,1.1702643831570942,5.587600469589233,80.66932191699743
dgn_qmix__N4__ring__seed3,dgn_qmix,coord_grid,3,1974,49375,7.0,25,0.6091225,1.123754362265269,5.290275692939758,80.71137241699034
dgn_qmix__N4__ring__seed3,dgn_qmix,coord_grid,3,1975,49400,6.0,25,0.6089245833333333,0.742037758231163,5.063162287076314,80.75324195902795
dgn_qmix__N4__ring__seed3,dgn_qmix,coord_grid,3,1976,49425,14.0,25,0.6087266666666666,1.0560240958418166,5.0880661351340155,80.79969804198481
dgn_qmix__N4__ring__seed3,dgn_qmix,coord_grid,3,1977,49450,8.0,25,0.6085287500000001,1.1333807905515034,4.121713002522786,80.8424249170348
dgn_qmix__N4__ring__seed3,dgn_qmix,coord_grid,3,1978,49475,8.0,25,0.6083308333333334,1.208723545074463,5.6074221928914385,80.8853583750315
dgn_qmix__N4__ring__seed3,dgn_qmix,coord_grid,3,1979,49500,10.0,25,0.6081329166666667,1.3864240845044453,4.008464574813843,80.9277460000012
dgn_qmix__N4__ring__seed3,dgn_qmix,coord_grid,3,1980,49525,7.0,25,0.607935,1.2155926738466536,6.582999774387905,80.9745111670345
dgn_qmix__N4__ring__seed3,dgn_qmix,coord_grid,3,1981,49550,3.0,25,0.6077370833333333,1.3313270608584087,3.949423392613729,81.01782383403042
dgn_qmix__N4__ring__seed3,dgn_qmix,coord_grid,3,1982,49575,8.0,25,0.6075391666666667,1.512560486793518,6.720903118451436,81.06047220900655
dgn_qmix__N4__ring__seed3,dgn_qmix,coord_grid,3,1983,49600,4.0,25,0.6073412499999999,1.1425837973753612,7.701599319775899,81.1017789170146
dgn_qmix__N4__ring__seed3,dgn_qmix,coord_grid,3,1984,49625,14.0,25,0.6071433333333334,0.9986359945365361,7.494293076651437,81.14944900001865
dgn_qmix__N4__ring__seed3,dgn_qmix,coord_grid,3,1985,49650,17.0,25,0.6069454166666667,0.8305640071630478,7.1744188865025835,81.19272400002228
dgn_qmix__N4__ring__seed3,dgn_qmix,coord_grid,3,1986,49675,17.0,25,0.6067475,1.063522423307101,6.50248916943868,81.23413395899115
dgn_qmix__N4__ring__seed3,dgn_qmix,coord_grid,3,1987,49700,12.0,25,0.6065495833333333,1.161706378062566,4.6711216767628985,81.27593633398646
dgn_qmix__N4__ring__seed3,dgn_qmix,coord_grid,3,1988,49725,8.0,25,0.6063516666666666,0.9582752968583789,5.2418811321258545,81.32402362499852
dgn_qmix__N4__ring__seed3,dgn_qmix,coord_grid,3,1989,49750,7.0,25,0.60615375,1.465053488810857,4.317242781321208,81.36682854202809
dgn_qmix__N4__ring__seed3,dgn_qmix,coord_grid,3,1990,49775,26.0,25,0.6059558333333334,0.8187263111273447,3.8744610945383706,81.41324945900124
dgn_qmix__N4__ring__seed3,dgn_qmix,coord_grid,3,1991,49800,13.0,25,0.6057579166666667,0.7307543307542801,3.245754599571228,81.45569766702829
dgn_qmix__N4__ring__seed3,dgn_qmix,coord_grid,3,1992,49825,11.0,25,0.60556,1.5391928511006492,11.709001779556274,81.5049664999824
dgn_qmix__N4__ring__seed3,dgn_qmix,coord_grid,3,1993,49850,6.0,25,0.6053620833333333,0.9229100147883097,10.44945236047109,81.5476426249952
dgn_qmix__N4__ring__seed3,dgn_qmix,coord_grid,3,1994,49875,13.0,25,0.6051641666666667,1.6501202583312988,6.997330149014791,81.58949220902286
dgn_qmix__N4__ring__seed3,dgn_qmix,coord_grid,3,1995,49900,10.0,25,0.60496625,1.4590840836366017,5.2026195128758745,81.63108079199446
dgn_qmix__N4__ring__seed3,dgn_qmix,coord_grid,3,1996,49925,14.0,25,0.6047683333333334,0.6541568211146763,5.934244394302368,81.6788870000164
dgn_qmix__N4__ring__seed3,dgn_qmix,coord_grid,3,1997,49950,10.0,25,0.6045704166666667,0.7833305299282074,5.98927887280782,81.72060991701437
dgn_qmix__N4__ring__seed3,dgn_qmix,coord_grid,3,1998,49975,7.0,25,0.6043725,1.8356815874576569,5.606124440828959,81.76411762501812
dgn_qmix__N4__ring__seed3,dgn_qmix,coord_grid,3,1999,50000,9.0,25,0.6041745833333334,1.3601067662239075,5.841571648915608,81.80712058400968
dgn_qmix__N4__ring__seed3,dgn_qmix,coord_grid,3,2000,50025,8.0,25,0.6039766666666666,1.42849366579737,5.6025374957493375,81.85292458400363
dgn_qmix__N4__ring__seed3,dgn_qmix,coord_grid,3,2001,50050,13.0,25,0.60377875,0.9570263822873434,5.353200594584147,81.89590079203481
dgn_qmix__N4__ring__seed3,dgn_qmix,coord_grid,3,2002,50075,14.0,25,0.6035808333333333,1.0262556970119476,4.180415153503418,81.93941541702952
dgn_qmix__N4__ring__seed3,dgn_qmix,coord_grid,3,2003,50100,11.0,25,0.6033829166666667,1.1570780674616497,4.993388811747233,81.98204237502068
dgn_qmix__N4__ring__seed3,dgn_qmix,coord_grid,3,2004,50125,9.0,25,0.6031850000000001,1.4159910593714033,4.910939420972552,82.03124483401189
dgn_qmix__N4__ring__seed3,dgn_qmix,coord_grid,3,2005,50150,22.0,25,0.6029870833333333,1.0401226033767064,5.181115587552388,82.07462733401917
dgn_qmix__N4__ring__seed3,dgn_qmix,coord_grid,3,2006,50175,7.0,25,0.6027891666666667,1.4016871800025303,4.969444274902344,82.11722504202044
dgn_qmix__N4__ring__seed3,dgn_qmix,coord_grid,3,2007,50200,7.0,25,0.60259125,1.1150776545206706,4.995457172393799,82.15993241703836
dgn_qmix__N4__ring__seed3,dgn_qmix,coord_grid,3,2008,50225,14.0,25,0.6023933333333333,1.1994502459253584,6.177344799041748,82.20878758403705
dgn_qmix__N4__ring__seed3,dgn_qmix,coord_grid,3,2009,50250,15.0,25,0.6021954166666666,0.9980877836545309,5.6630029280980425,82.25092679198133
dgn_qmix__N4__ring__seed3,dgn_qmix,coord_grid,3,2010,50275,5.0,25,0.6019975,1.3039704263210297,5.88543975353241,82.29267624998465
dgn_qmix__N4__ring__seed3,dgn_qmix,coord_grid,3,2011,50300,4.0,25,0.6017995833333334,1.1325885355472565,5.109835545221965,82.3350586250308
dgn_qmix__N4__ring__seed3,dgn_qmix,coord_grid,3,2012,50325,8.0,25,0.6016016666666667,1.574849626847676,5.134966135025024,82.38401195901679
dgn_qmix__N4__ring__seed3,dgn_qmix,coord_grid,3,2013,50350,11.0,25,0.60140375,2.0685421923796334,5.206158359845479,82.42735137499403
dgn_qmix__N4__ring__seed3,dgn_qmix,coord_grid,3,2014,50375,13.0,25,0.6012058333333333,0.7552302281061808,7.145555059115092,82.47116762498626
dgn_qmix__N4__ring__seed3,dgn_qmix,coord_grid,3,2015,50400,22.0,25,0.6010079166666666,1.17435555656751,8.322986046473185,82.51481320901075
dgn_qmix__N4__ring__seed3,dgn_qmix,coord_grid,3,2016,50425,14.0,25,0.6008100000000001,1.1788999949182783,6.1525834287915915,82.56301933398936
dgn_qmix__N4__ring__seed3,dgn_qmix,coord_grid,3,2017,50450,18.0,25,0.6006120833333334,1.2441851049661636,4.337220191955566,82.60505025001476
dgn_qmix__N4__ring__seed3,dgn_qmix,coord_grid,3,2018,50475,14.0,25,0.6004141666666667,1.513868163029353,5.109404404958089,82.64769104198785
dgn_qmix__N4__ring__seed3,dgn_qmix,coord_grid,3,2019,50500,23.0,25,0.60021625,1.2343199253082275,5.297669967015584,82.69069912499981
dgn_qmix__N4__ring__seed3,dgn_qmix,coord_grid,3,2020,50525,10.0,25,0.6000183333333333,0.8245048863547189,4.201270205633981,82.73890133399982
dgn_qmix__N4__ring__seed3,dgn_qmix,coord_grid,3,2021,50550,11.0,25,0.5998204166666667,1.1066538244485855,4.5888664325078325,82.78219712502323
dgn_qmix__N4__ring__seed3,dgn_qmix,coord_grid,3,2022,50575,17.0,25,0.5996225,1.2262979000806808,5.150376160939534,82.82652112498181
dgn_qmix__N4__ring__seed3,dgn_qmix,coord_grid,3,2023,50600,9.0,25,0.5994245833333334,0.9236126989126205,5.304665724436442,82.87027304200456
dgn_qmix__N4__ring__seed3,dgn_qmix,coord_grid,3,2024,50625,16.0,25,0.5992266666666667,1.5163570131574358,11.124681132180351,82.92009033402428
dgn_qmix__N4__ring__seed3,dgn_qmix,coord_grid,3,2025,50650,15.0,25,0.59902875,2.206788659095764,10.036280790964762,82.96295445901342
dgn_qmix__N4__ring__seed3,dgn_qmix,coord_grid,3,2026,50675,2.0,25,0.5988308333333334,1.5661016404628754,7.046977321306865,83.00587862503016
dgn_qmix__N4__ring__seed3,dgn_qmix,coord_grid,3,2027,50700,6.0,25,0.5986329166666666,1.5713276664415996,8.194004138310751,83.04844304203289
dgn_qmix__N4__ring__seed3,dgn_qmix,coord_grid,3,2028,50725,8.0,25,0.598435,1.0554078732218062,6.8214825221470425,83.09652216703398
dgn_qmix__N4__ring__seed3,dgn_qmix,coord_grid,3,2029,50750,12.0,25,0.5982370833333334,1.3676782250404358,6.797848304112752,83.13974933401914
dgn_qmix__N4__ring__seed3,dgn_qmix,coord_grid,3,2030,50775,13.0,25,0.5980391666666667,1.6085361937681835,6.4765940109888716,83.18300091702258
dgn_qmix__N4__ring__seed3,dgn_qmix,coord_grid,3,2031,50800,8.0,25,0.59784125,1.8043881754080455,7.35100519657135,83.22730995900929
dgn_qmix__N4__ring__seed3,dgn_qmix,coord_grid,3,2032,50825,5.0,25,0.5976433333333333,1.5640615395137243,8.712196486336845,83.27433587500127
dgn_qmix__N4__ring__seed3,dgn_qmix,coord_grid,3,2033,50850,6.0,25,0.5974454166666667,1.489470551411311,7.64135201772054,83.31690316699678
dgn_qmix__N4__ring__seed3,dgn_qmix,coord_grid,3,2034,50875,8.0,25,0.5972475,1.2497681975364685,4.782517671585083,83.35933841700898
dgn_qmix__N4__ring__seed3,dgn_qmix,coord_grid,3,2035,50900,10.0,25,0.5970495833333334,1.5067616403102875,5.184425910313924,83.40258233400527
dgn_qmix__N4__ring__seed3,dgn_qmix,coord_grid,3,2036,50925,8.0,25,0.5968516666666667,1.739618114062718,4.949099813188825,83.4493962500128
dgn_qmix__N4__ring__seed3,dgn_qmix,coord_grid,3,2037,50950,11.0,25,0.59665375,0.8931809564431509,6.46023162206014,83.49125612503849
dgn_qmix__N4__ring__seed3,dgn_qmix,coord_grid,3,2038,50975,14.0,25,0.5964558333333334,1.4760603706041973,5.669509967168172,83.53347170900088
dgn_qmix__N4__ring__seed3,dgn_qmix,coord_grid,3,2039,51000,8.0,25,0.5962579166666667,1.042112688223521,6.1714213291804,83.57478575001005
dgn_qmix__N4__ring__seed3,dgn_qmix,coord_grid,3,2040,51025,8.0,25,0.59606,1.917963181223188,5.175570351736886,83.62292945903027
dgn_qmix__N4__ring__seed3,dgn_qmix,coord_grid,3,2041,51050,14.0,25,0.5958620833333333,1.0176134208838146,4.506820559501648,83.66682799998671
dgn_qmix__N4__ring__seed3,dgn_qmix,coord_grid,3,2042,51075,14.0,25,0.5956641666666667,1.1413592596848805,6.694917877515157,83.71029279200593
dgn_qmix__N4__ring__seed3,dgn_qmix,coord_grid,3,2043,51100,10.0,25,0.5954662500000001,1.2358027497927349,8.000645637512207,83.75369500002125
dgn_qmix__N4__ring__seed3,dgn_qmix,coord_grid,3,2044,51125,12.0,25,0.5952683333333333,1.2240320827279771,5.829098428998675,83.80200725002214
dgn_qmix__N4__ring__seed3,dgn_qmix,coord_grid,3,2045,51150,13.0,25,0.5950704166666667,1.4428948660691578,5.484341740608215,83.8459831670043
dgn_qmix__N4__ring__seed3,dgn_qmix,coord_grid,3,2046,51175,5.0,25,0.5948725,1.5053481807311375,5.113060514132182,83.88777370902244
dgn_qmix__N4__ring__seed3,dgn_qmix,coord_grid,3,2047,51200,12.0,25,0.5946745833333333,1.394022022684415,5.749454657236735,83.93059216701658
dgn_qmix__N4__ring__seed3,dgn_qmix,coord_grid,3,2048,51225,11.0,25,0.5944766666666667,1.3226592200142997,5.048852988651821,83.97710366698448
dgn_qmix__N4__ring__seed3,dgn_qmix,coord_grid,3,2049,51250,6.0,25,0.59427875,0.9304307947556177,5.2188334465026855,84.01964275003411
dgn_qmix__N4__ring__seed3,dgn_qmix,coord_grid,3,2050,51275,9.0,25,0.5940808333333334,0.8536026577154795,6.092233300209045,84.06195387500338
dgn_qmix__N4__ring__seed3,dgn_qmix,coord_grid,3,2051,51300,8.0,25,0.5938829166666667,1.2736274302005768,9.137428919474283,84.10422379203374
dgn_qmix__N4__ring__seed3,dgn_qmix,coord_grid,3,2052,51325,10.0,25,0.593685,1.7312449046543665,11.26766838346209,84.15223670902196
dgn_qmix__N4__ring__seed3,dgn_qmix,coord_grid,3,2053,51350,10.0,25,0.5934870833333333,0.9559955696264902,5.860558827718099,84.19497725000838
dgn_qmix__N4__ring__seed3,dgn_qmix,coord_grid,3,2054,51375,15.0,25,0.5932891666666666,1.1578053335348766,7.603961070378621,84.23766495898599
dgn_qmix__N4__ring__seed3,dgn_qmix,coord_grid,3,2055,51400,11.0,25,0.5930912500000001,1.9762135942776997,10.456942001978556,84.28145045903511
dgn_qmix__N4__ring__seed3,dgn_qmix,coord_grid,3,2056,51425,8.0,25,0.5928933333333334,2.0767026969364712,17.83024365561349,84.32951300003333
dgn_qmix__N4__ring__seed3,dgn_qmix,coord_grid,3,2057,51450,16.0,25,0.5926954166666667,1.9581529398759205,14.07242488861084,84.3713933340041
dgn_qmix__N4__ring__seed3,dgn_qmix,coord_grid,3,2058,51475,10.0,25,0.5924975,1.657670835653941,8.093663692474365,84.41418504202738
dgn_qmix__N4__ring__seed3,dgn_qmix,coord_grid,3,2059,51500,8.0,25,0.5922995833333333,1.4908340225617092,7.94965672492981,84.45524441701127
dgn_qmix__N4__ring__seed3,dgn_qmix,coord_grid,3,2060,51525,16.0,25,0.5921016666666667,1.4867539746420724,8.680408784321376,84.50380725000286
dgn_qmix__N4__ring__seed3,dgn_qmix,coord_grid,3,2061,51550,9.0,25,0.59190375,1.8581236799558003,5.25668478012085,84.54620029201033
dgn_qmix__N4__ring__seed3,dgn_qmix,coord_grid,3,2062,51575,4.0,25,0.5917058333333334,1.2013203154007595,6.092345078786214,84.58854891703231
dgn_qmix__N4__ring__seed3,dgn_qmix,coord_grid,3,2063,51600,8.0,25,0.5915079166666667,1.446665346622467,7.007659355799357,84.63147162500536
dgn_qmix__N4__ring__seed3,dgn_qmix,coord_grid,3,2064,51625,17.0,25,0.59131,1.765698994909014,4.814831222806658,84.6798277500202
dgn_qmix__N4__ring__seed3,dgn_qmix,coord_grid,3,2065,51650,11.0,25,0.5911120833333334,1.4806076486905415,5.981170415878296,84.72220349998679
dgn_qmix__N4__ring__seed3,dgn_qmix,coord_grid,3,2066,51675,6.0,25,0.5909141666666666,1.4521914819876354,5.287569801012675,84.7648575840285
dgn_qmix__N4__ring__seed3,dgn_qmix,coord_grid,3,2067,51700,9.0,25,0.59071625,1.674964924653371,8.457473516464233,84.80725458398229
dgn_qmix__N4__ring__seed3,dgn_qmix,coord_grid,3,2068,51725,5.0,25,0.5905183333333334,1.6369102682386125,8.72216626576015,84.85334670898737
dgn_qmix__N4__ring__seed3,dgn_qmix,coord_grid,3,2069,51750,13.0,25,0.5903204166666667,1.2156751255194347,6.542396744092305,84.89573504199507
dgn_qmix__N4__ring__seed3,dgn_qmix,coord_grid,3,2070,51775,12.0,25,0.5901225,1.0401377379894257,8.496922810872396,84.93809458403848
dgn_qmix__N4__ring__seed3,dgn_qmix,coord_grid,3,2071,51800,20.0,25,0.5899245833333333,1.5802313685417175,6.187497496604919,84.98191429203143
dgn_qmix__N4__ring__seed3,dgn_qmix,coord_grid,3,2072,51825,13.0,25,0.5897266666666667,2.132909493786948,7.272695677621024,85.03071445901878
dgn_qmix__N4__ring__seed3,dgn_qmix,coord_grid,3,2073,51850,12.0,25,0.58952875,1.1813954363266628,5.450933734575908,85.07222191698384
dgn_qmix__N4__ring__seed3,dgn_qmix,coord_grid,3,2074,51875,7.0,25,0.5893308333333334,1.5997782349586487,6.947728395462036,85.11335941700963
dgn_qmix__N4__ring__seed3,dgn_qmix,coord_grid,3,2075,51900,14.0,25,0.5891329166666667,1.1527262876431148,7.402918259302775,85.15461620903807
dgn_qmix__N4__ring__seed3,dgn_qmix,coord_grid,3,2076,51925,10.0,25,0.588935,1.7254174096243722,5.833322865622384,85.20261220901739
dgn_qmix__N4__ring__seed3,dgn_qmix,coord_grid,3,2077,51950,15.0,25,0.5887370833333334,0.9388614843289057,4.907317320505778,85.24558024998987
dgn_qmix__N4__ring__seed3,dgn_qmix,coord_grid,3,2078,51975,8.0,25,0.5885391666666667,1.6645830074946086,6.059463818868001,85.28882041701581
dgn_qmix__N4__ring__seed3,dgn_qmix,coord_grid,3,2079,52000,8.0,25,0.58834125,1.0852083067099254,5.853330850601196,85.33080329198856
dgn_qmix__N4__ring__seed3,dgn_qmix,coord_grid,3,2080,52025,14.0,25,0.5881433333333334,1.3223397731781006,6.500534466334751,85.37934049998876
dgn_qmix__N4__ring__seed3,dgn_qmix,coord_grid,3,2081,52050,15.0,25,0.5879454166666667,1.5050408740838368,5.794396320978801,85.4206439590198
dgn_qmix__N4__ring__seed3,dgn_qmix,coord_grid,3,2082,52075,12.0,25,0.5877475000000001,0.9424554109573364,5.427481452624003,85.46301387500716
dgn_qmix__N4__ring__seed3,dgn_qmix,coord_grid,3,2083,52100,9.0,25,0.5875495833333333,1.3978640536467235,5.144432624181111,85.50448104203679
dgn_qmix__N4__ring__seed3,dgn_qmix,coord_grid,3,2084,52125,12.0,25,0.5873516666666667,1.570376557963235,6.9479908261980325,85.55246333399555
dgn_qmix__N4__ring__seed3,dgn_qmix,coord_grid,3,2085,52150,17.0,25,0.58715375,1.0379076252381008,7.614788293838501,85.59564566699555
dgn_qmix__N4__ring__seed3,dgn_qmix,coord_grid,3,2086,52175,5.0,25,0.5869558333333333,1.9552212357521057,5.238412459691365,85.63833754201187
dgn_qmix__N4__ring__seed3,dgn_qmix,coord_grid,3,2087,52200,7.0,25,0.5867579166666668,1.1978963017463684,7.288489540417989,85.6815728340298
dgn_qmix__N4__ring__seed3,dgn_qmix,coord_grid,3,2088,52225,10.0,25,0.58656,1.990175221647535,15.275275911603655,85.72941770899342
dgn_qmix__N4__ring__seed3,dgn_qmix,coord_grid,3,2089,52250,18.0,25,0.5863620833333334,1.379736711581548,10.870444933573404,85.77277625002898
dgn_qmix__N4__ring__seed3,dgn_qmix,coord_grid,3,2090,52275,15.0,25,0.5861641666666667,1.0580196976661682,9.949945529301962,85.81586604198674
dgn_qmix__N4__ring__seed3,dgn_qmix,coord_grid,3,2091,52300,16.0,25,0.58596625,1.648645689090093,6.830409129460652,85.85905708401697
dgn_qmix__N4__ring__seed3,dgn_qmix,coord_grid,3,2092,52325,5.0,25,0.5857683333333333,1.5010144199643816,7.728026730673654,85.9064833340235
dgn_qmix__N4__ring__seed3,dgn_qmix,coord_grid,3,2093,52350,6.0,25,0.5855704166666666,1.6319023023049037,9.380931933720907,85.94909941701917
dgn_qmix__N4__ring__seed3,dgn_qmix,coord_grid,3,2094,52375,12.0,25,0.5853725000000001,1.4860145350297291,8.986074288686117,85.99280075001298
dgn_qmix__N4__ring__seed3,dgn_qmix,coord_grid,3,2095,52400,6.0,25,0.5851745833333334,0.8829735815525055,6.676694790522258,86.03572133398848
dgn_qmix__N4__ring__seed3,dgn_qmix,coord_grid,3,2096,52425,3.0,25,0.5849766666666667,1.2878887525626592,7.713045869554792,86.08250070898794
dgn_qmix__N4__ring__seed3,dgn_qmix,coord_grid,3,2097,52450,12.0,25,0.58477875,1.214641143878301,9.24241590499878,86.12623487500241
dgn_qmix__N4__ring__seed3,dgn_qmix,coord_grid,3,2098,52475,9.0,25,0.5845808333333333,1.15317269663016,5.61844543615977,86.16868533403613
dgn_qmix__N4__ring__seed3,dgn_qmix,coord_grid,3,2099,52500,13.0,25,0.5843829166666668,1.1897460917631786,9.258154471715292,86.21193641703576
dgn_qmix__N4__ring__seed3,dgn_qmix,coord_grid,3,2100,52525,27.0,25,0.5841850000000001,1.1954997309616633,7.385454722813198,86.26148500002455
dgn_qmix__N4__ring__seed3,dgn_qmix,coord_grid,3,2101,52550,14.0,25,0.5839870833333334,1.440186361471812,7.0698637167612715,86.30368374998216
dgn_qmix__N4__ring__seed3,dgn_qmix,coord_grid,3,2102,52575,12.0,25,0.5837891666666667,2.2410280456145606,6.2679920593897505,86.34673508402193
dgn_qmix__N4__ring__seed3,dgn_qmix,coord_grid,3,2103,52600,17.0,25,0.58359125,1.3832588195800781,6.192780653635661,86.39228241698584
dgn_qmix__N4__ring__seed3,dgn_qmix,coord_grid,3,2104,52625,12.0,25,0.5833933333333334,1.2349058304514204,7.120290722165789,86.44095550000202
dgn_qmix__N4__ring__seed3,dgn_qmix,coord_grid,3,2105,52650,3.0,25,0.5831954166666666,1.038037786881129,7.054837505022685,86.48478145903209
dgn_qmix__N4__ring__seed3,dgn_qmix,coord_grid,3,2106,52675,11.0,25,0.5829975000000001,1.437870939572652,6.175843199094136,86.52833333401941
dgn_qmix__N4__ring__seed3,dgn_qmix,coord_grid,3,2107,52700,10.0,25,0.5827995833333334,1.3077283302942913,6.332740147908528,86.57112395903096
dgn_qmix__N4__ring__seed3,dgn_qmix,coord_grid,3,2108,52725,6.0,25,0.5826016666666667,1.4526711659772056,9.157426493508476,86.61979895900004
dgn_qmix__N4__ring__seed3,dgn_qmix,coord_grid,3,2109,52750,14.0,25,0.5824037500000001,1.1640491237243016,6.720037301381429,86.66180100000929
dgn_qmix__N4__ring__seed3,dgn_qmix,coord_grid,3,2110,52775,9.0,25,0.5822058333333333,1.2671941667795181,6.987861076990764,86.70610745903105
dgn_qmix__N4__ring__seed3,dgn_qmix,coord_grid,3,2111,52800,18.0,25,0.5820079166666667,1.9704384803771973,5.331227779388428,86.74835412501125
dgn_qmix__N4__ring__seed3,dgn_qmix,coord_grid,3,2112,52825,15.0,25,0.58181,1.9356449331556047,7.148124626704624,86.79727049998473
dgn_qmix__N4__ring__seed3,dgn_qmix,coord_grid,3,2113,52850,19.0,25,0.5816120833333334,1.4759724736213684,9.813426891962687,86.84067412500735
dgn_qmix__N4__ring__seed3,dgn_qmix,coord_grid,3,2114,52875,10.0,25,0.5814141666666667,2.022248387336731,6.242432673772176,86.88297320902348
dgn_qmix__N4__ring__seed3,dgn_qmix,coord_grid,3,2115,52900,14.0,25,0.58121625,1.7930134733517964,7.894237518310547,86.92596299998695
dgn_qmix__N4__ring__seed3,dgn_qmix,coord_grid,3,2116,52925,10.0,25,0.5810183333333334,1.263571560382843,8.184762784412928,86.97466187499231
dgn_qmix__N4__ring__seed3,dgn_qmix,coord_grid,3,2117,52950,13.0,25,0.5808204166666667,1.225976248582204,5.7311281363169355,87.01748662500177
dgn_qmix__N4__ring__seed3,dgn_qmix,coord_grid,3,2118,52975,9.0,25,0.5806225,0.7509816487630209,6.458581725756328,87.06063716701465
dgn_qmix__N4__ring__seed3,dgn_qmix,coord_grid,3,2119,53000,19.0,25,0.5804245833333334,1.8094650705655415,10.080303112665812,87.1035197500023
dgn_qmix__N4__ring__seed3,dgn_qmix,coord_grid,3,2120,53025,15.0,25,0.5802266666666667,1.4525995424815588,12.74915041242327,87.15267250000034
dgn_qmix__N4__ring__seed3,dgn_qmix,coord_grid,3,2121,53050,9.0,25,0.5800287500000001,1.7415840526421864,9.524168888727823,87.19505341700278
dgn_qmix__N4__ring__seed3,dgn_qmix,coord_grid,3,2122,53075,9.0,25,0.5798308333333334,1.1992043405771255,7.451931873957316,87.23725733399624
dgn_qmix__N4__ring__seed3,dgn_qmix,coord_grid,3,2123,53100,16.0,25,0.5796329166666667,1.281118502219518,6.734144767125447,87.27957358403364
dgn_qmix__N4__ring__seed3,dgn_qmix,coord_grid,3,2124,53125,18.0,25,0.579435,1.6029211793627058,5.758473600660052,87.32665316702332
dgn_qmix__N4__ring__seed3,dgn_qmix,coord_grid,3,2125,53150,8.0,25,0.5792370833333333,1.1469608346621196,6.1033884684244795,87.36946950003039
dgn_qmix__N4__ring__seed3,dgn_qmix,coord_grid,3,2126,53175,4.0,25,0.5790391666666668,1.6910589734713237,6.937334060668945,87.41162966698175
dgn_qmix__N4__ring__seed3,dgn_qmix,coord_grid,3,2127,53200,10.0,25,0.57884125,1.1431801666816075,5.3862113157908125,87.45433037501061
dgn_qmix__N4__ring__seed3,dgn_qmix,coord_grid,3,2128,53225,24.0,25,0.5786433333333334,1.5715111792087555,5.406057970864432,87.50093508401187
dgn_qmix__N4__ring__seed3,dgn_qmix,coord_grid,3,2129,53250,17.0,25,0.5784454166666667,0.9657107988993326,6.005438526471456,87.54500041698338
dgn_qmix__N4__ring__seed3,dgn_qmix,coord_grid,3,2130,53275,12.0,25,0.5782475,1.9551958243052165,7.523157437642415,87.5876397920074
dgn_qmix__N4__ring__seed3,dgn_qmix,coord_grid,3,2131,53300,10.0,25,0.5780495833333333,2.006793568531672,7.970789194107056,87.63150458398741
dgn_qmix__N4__ring__seed3,dgn_qmix,coord_grid,3,2132,53325,18.0,25,0.5778516666666667,1.4866669603756495,6.821432931082589,87.6793264169828
dgn_qmix__N4__ring__seed3,dgn_qmix,coord_grid,3,2133,53350,14.0,25,0.5776537500000001,1.4364284376303356,8.083177328109741,87.72280870901886
dgn_qmix__N4__ring__seed3,dgn_qmix,coord_grid,3,2134,53375,19.0,25,0.5774558333333334,2.3644922574361167,7.059502681096395,87.76595016702777
dgn_qmix__N4__ring__seed3,dgn_qmix,coord_grid,3,2135,53400,17.0,25,0.5772579166666667,1.6208761135737102,5.351420799891154,87.80863550002687
dgn_qmix__N4__ring__seed3,dgn_qmix,coord_grid,3,2136,53425,15.0,25,0.57706,1.4662964173725672,6.81623421396528,87.85689354198985
dgn_qmix__N4__ring__seed3,dgn_qmix,coord_grid,3,2137,53450,7.0,25,0.5768620833333333,1.241414487361908,6.639211734135945,87.90039720898494
dgn_qmix__N4__ring__seed3,dgn_qmix,coord_grid,3,2138,53475,13.0,25,0.5766641666666668,1.2450194259484608,6.737755695978801,87.9432567920303
dgn_qmix__N4__ring__seed3,dgn_qmix,coord_grid,3,2139,53500,24.0,25,0.57646625,1.0473870833714802,7.805768807729085,87.98661999998149
dgn_qmix__N4__ring__seed3,dgn_qmix,coord_grid,3,2140,53525,10.0,25,0.5762683333333334,1.2401156680924552,6.804890360151019,88.0353351670201
dgn_qmix__N4__ring__seed3,dgn_qmix,coord_grid,3,2141,53550,12.0,25,0.5760704166666667,1.2196078697840373,6.260370930035909,88.07831754203653
dgn_qmix__N4__ring__seed3,dgn_qmix,coord_grid,3,2142,53575,7.0,25,0.5758725,1.6260429819424946,6.85184649626414,88.12082720902981
dgn_qmix__N4__ring__seed3,dgn_qmix,coord_grid,3,2143,53600,15.0,25,0.5756745833333334,1.7311153014500935,5.971365412076314,88.16426500002854
dgn_qmix__N4__ring__seed3,dgn_qmix,coord_grid,3,2144,53625,17.0,25,0.5754766666666666,0.9834671318531036,7.008633545466831,88.21162929199636
dgn_qmix__N4__ring__seed3,dgn_qmix,coord_grid,3,2145,53650,13.0,25,0.5752787500000001,1.6267454028129578,7.729366461435954,88.25407450000057
dgn_qmix__N4__ring__seed3,dgn_qmix,coord_grid,3,2146,53675,8.0,25,0.5750808333333334,1.2038581371307373,9.04256010055542,88.29668766702525
dgn_qmix__N4__ring__seed3,dgn_qmix,coord_grid,3,2147,53700,21.0,25,0.5748829166666667,1.4385477999846141,7.219510396321614,88.33914604200982
dgn_qmix__N4__ring__seed3,dgn_qmix,coord_grid,3,2148,53725,22.0,25,0.5746850000000001,1.271815231868199,7.686775752476284,88.38849995902274
dgn_qmix__N4__ring__seed3,dgn_qmix,coord_grid,3,2149,53750,16.0,25,0.5744870833333333,1.6096238394578297,7.079132040341695,88.4321815840085
dgn_qmix__N4__ring__seed3,dgn_qmix,coord_grid,3,2150,53775,19.0,25,0.5742891666666667,1.6692127684752147,7.257156054178874,88.47516375000123
dgn_qmix__N4__ring__seed3,dgn_qmix,coord_grid,3,2151,53800,11.0,25,0.57409125,1.8984883030255635,6.627350926399231,88.51904124999419
dgn_qmix__N4__ring__seed3,dgn_qmix,coord_grid,3,2152,53825,12.0,25,0.5738933333333334,1.5754495688847132,14.275638580322266,88.56670870899688
dgn_qmix__N4__ring__seed3,dgn_qmix,coord_grid,3,2153,53850,26.0,25,0.5736954166666667,1.9219270547231038,13.07899284362793,88.61032195901498
dgn_qmix__N4__ring__seed3,dgn_qmix,coord_grid,3,2154,53875,8.0,25,0.5734975,1.9733852048714955,9.708585262298584,88.65292941703228
dgn_qmix__N4__ring__seed3,dgn_qmix,coord_grid,3,2155,53900,22.0,25,0.5732995833333334,1.0858885844548543,10.508192777633667,88.69594279199373
dgn_qmix__N4__ring__seed3,dgn_qmix,coord_grid,3,2156,53925,18.0,25,0.5731016666666666,1.9793178694588798,9.171948160443987,88.74479854200035
dgn_qmix__N4__ring__seed3,dgn_qmix,coord_grid,3,2157,53950,10.0,25,0.57290375,1.530448317527771,5.746961832046509,88.78748191701015
dgn_qmix__N4__ring__seed3,dgn_qmix,coord_grid,3,2158,53975,15.0,25,0.5727058333333334,1.5370620687802632,7.470487038294475,88.83094195899321
dgn_qmix__N4__ring__seed3,dgn_qmix,coord_grid,3,2159,54000,6.0,25,0.5725079166666667,2.4703897635142007,7.162832578023274,88.87339320901083
dgn_qmix__N4__ring__seed3,dgn_qmix,coord_grid,3,2160,54025,13.0,25,0.5723100000000001,1.3233071310179574,8.003477845873151,88.92173816700233
dgn_qmix__N4__ring__seed3,dgn_qmix,coord_grid,3,2161,54050,13.0,25,0.5721120833333333,0.9999477763970693,9.342145999272665,88.96546579198912
dgn_qmix__N4__ring__seed3,dgn_qmix,coord_grid,3,2162,54075,19.0,25,0.5719141666666667,1.612505594889323,8.357385079065958,89.00788708403707
dgn_qmix__N4__ring__seed3,dgn_qmix,coord_grid,3,2163,54100,9.0,25,0.57171625,1.5105295777320862,4.969596743583679,89.05044474999886
dgn_qmix__N4__ring__seed3,dgn_qmix,coord_grid,3,2164,54125,19.0,25,0.5715183333333334,1.5005084446498327,7.592838287353516,89.09905979200266
dgn_qmix__N4__ring__seed3,dgn_qmix,coord_grid,3,2165,54150,14.0,25,0.5713204166666668,2.1127901871999106,8.110165476799011,89.14245049998863
dgn_qmix__N4__ring__seed3,dgn_qmix,coord_grid,3,2166,54175,22.0,25,0.5711225,1.4481463034947712,5.519440134366353,89.18583750003017
dgn_qmix__N4__ring__seed3,dgn_qmix,coord_grid,3,2167,54200,10.0,25,0.5709245833333334,1.3886160949865978,5.498608311017354,89.22885916702216
dgn_qmix__N4__ring__seed3,dgn_qmix,coord_grid,3,2168,54225,18.0,25,0.5707266666666666,1.5823236448424203,5.56828430720738,89.27670770901022
dgn_qmix__N4__ring__seed3,dgn_qmix,coord_grid,3,2169,54250,12.0,25,0.57052875,1.7613152464230855,6.834669431050618,89.3203860000358
dgn_qmix__N4__ring__seed3,dgn_qmix,coord_grid,3,2170,54275,11.0,25,0.5703308333333335,1.6089019378026326,8.534030278523764,89.36341216700384
dgn_qmix__N4__ring__seed3,dgn_qmix,coord_grid,3,2171,54300,12.0,25,0.5701329166666667,1.940205156803131,5.800204038619995,89.4056756250211
dgn_qmix__N4__ring__seed3,dgn_qmix,coord_grid,3,2172,54325,27.0,25,0.5699350000000001,1.9583741085869926,6.947553362165179,89.45424129202729
dgn_qmix__N4__ring__seed3,dgn_qmix,coord_grid,3,2173,54350,18.0,25,0.5697370833333333,1.8035572369893391,7.54338796933492,89.49734016699949
dgn_qmix__N4__ring__seed3,dgn_qmix,coord_grid,3,2174,54375,7.0,25,0.5695391666666667,1.168521374464035,8.741430203119913,89.5413012499921
dgn_qmix__N4__ring__seed3,dgn_qmix,coord_grid,3,2175,54400,16.0,25,0.56934125,1.0213419397672017,7.072649558385213,89.58379012503428
dgn_qmix__N4__ring__seed3,dgn_qmix,coord_grid,3,2176,54425,8.0,25,0.5691433333333333,2.282476510320391,6.710880279541016,89.63266458403086
dgn_qmix__N4__ring__seed3,dgn_qmix,coord_grid,3,2177,54450,21.0,25,0.5689454166666668,1.624504193663597,6.04533855120341,89.67539037502138
dgn_qmix__N4__ring__seed3,dgn_qmix,coord_grid,3,2178,54475,26.0,25,0.5687475,1.3426298201084137,6.286799987157186,89.71920283400686
dgn_qmix__N4__ring__seed3,dgn_qmix,coord_grid,3,2179,54500,9.0,25,0.5685495833333334,1.5599562923113506,7.251231789588928,89.76189266698202
dgn_qmix__N4__ring__seed3,dgn_qmix,coord_grid,3,2180,54525,8.0,25,0.5683516666666667,1.4204625827925546,7.180775131498065,89.80840466701193
dgn_qmix__N4__ring__seed3,dgn_qmix,coord_grid,3,2181,54550,13.0,25,0.56815375,1.5488191843032837,8.411318937937418,89.85144487500656
dgn_qmix__N4__ring__seed3,dgn_qmix,coord_grid,3,2182,54575,19.0,25,0.5679558333333334,1.9653594295183818,8.602431217829386,89.89452791702934
dgn_qmix__N4__ring__seed3,dgn_qmix,coord_grid,3,2183,54600,11.0,25,0.5677579166666666,1.2606612145900726,11.241253217061361,89.93783333402826
dgn_qmix__N4__ring__seed3,dgn_qmix,coord_grid,3,2184,54625,12.0,25,0.5675600000000001,2.112232804298401,18.212878908429825,89.98649250000017
dgn_qmix__N4__ring__seed3,dgn_qmix,coord_grid,3,2185,54650,13.0,25,0.5673620833333333,1.5938690304756165,18.293123722076416,90.03076095902361
dgn_qmix__N4__ring__seed3,dgn_qmix,coord_grid,3,2186,54675,23.0,25,0.5671641666666667,2.5138986706733704,9.809725681940714,90.07295108400285
dgn_qmix__N4__ring__seed3,dgn_qmix,coord_grid,3,2187,54700,19.0,25,0.5669662500000001,1.873539259036382,11.271437883377075,90.11645850003697
dgn_qmix__N4__ring__seed3,dgn_qmix,coord_grid,3,2188,54725,11.0,25,0.5667683333333333,1.6226445393902915,11.807988848005023,90.16433395899367
dgn_qmix__N4__ring__seed3,dgn_qmix,coord_grid,3,2189,54750,22.0,25,0.5665704166666667,1.1596581836541493,8.432517846425375,90.20758679200662
dgn_qmix__N4__ring__seed3,dgn_qmix,coord_grid,3,2190,54775,26.0,25,0.5663725,1.6954258382320404,6.230982184410095,90.25252258399269
dgn_qmix__N4__ring__seed3,dgn_qmix,coord_grid,3,2191,54800,18.0,25,0.5661745833333334,1.2424930930137634,7.971144517262776,90.29544870898826
dgn_qmix__N4__ring__seed3,dgn_qmix,coord_grid,3,2192,54825,11.0,25,0.5659766666666667,1.4465252671922957,7.754632234573364,90.34304487501504
dgn_qmix__N4__ring__seed3,dgn_qmix,coord_grid,3,2193,54850,24.0,25,0.56577875,1.632730354865392,8.113739808400473,90.38727004203247
dgn_qmix__N4__ring__seed3,dgn_qmix,coord_grid,3,2194,54875,4.0,25,0.5655808333333334,1.858375608921051,9.308566013971964,90.42942454200238
dgn_qmix__N4__ring__seed3,dgn_qmix,coord_grid,3,2195,54900,22.0,25,0.5653829166666666,1.21381413936615,13.563285668691,90.4711867920123
dgn_qmix__N4__ring__seed3,dgn_qmix,coord_grid,3,2196,54925,6.0,25,0.565185,1.8022221326828003,11.368258203778948,90.51853112503886
dgn_qmix__N4__ring__seed3,dgn_qmix,coord_grid,3,2197,54950,19.0,25,0.5649870833333334,1.4250180125236511,9.709182898203531,90.5614878340275
dgn_qmix__N4__ring__seed3,dgn_qmix,coord_grid,3,2198,54975,4.0,25,0.5647891666666667,1.959257463614146,9.827029466629028,90.60546216700459
dgn_qmix__N4__ring__seed3,dgn_qmix,coord_grid,3,2199,55000,15.0,25,0.5645912500000001,1.5729562640190125,7.8305957317352295,90.64873937499942
dgn_qmix__N4__ring__seed3,dgn_qmix,coord_grid,3,2200,55025,7.0,25,0.5643933333333333,1.8317413755825587,7.019737141472953,90.69736241700593
dgn_qmix__N4__ring__seed3,dgn_qmix,coord_grid,3,2201,55050,23.0,25,0.5641954166666667,1.2424313127994537,8.831008036931356,90.7397136670188
dgn_qmix__N4__ring__seed3,dgn_qmix,coord_grid,3,2202,55075,13.0,25,0.5639974999999999,1.738757888476054,7.9278022448221845,90.78181133401813
dgn_qmix__N4__ring__seed3,dgn_qmix,coord_grid,3,2203,55100,15.0,25,0.5637995833333334,1.3373404045899708,6.7094376881917315,90.82548683398636
dgn_qmix__N4__ring__seed3,dgn_qmix,coord_grid,3,2204,55125,15.0,25,0.5636016666666668,1.8805359091077531,6.843807220458984,90.87527137500001
dgn_qmix__N4__ring__seed3,dgn_qmix,coord_grid,3,2205,55150,7.0,25,0.56340375,1.4849947392940521,8.711433092753092,90.92083595902659
dgn_qmix__N4__ring__seed3,dgn_qmix,coord_grid,3,2206,55175,14.0,25,0.5632058333333334,1.6050547361373901,6.396064321200053,90.96309745899634
dgn_qmix__N4__ring__seed3,dgn_qmix,coord_grid,3,2207,55200,14.0,25,0.5630079166666666,1.3066865702470143,6.863266070683797,91.00599687499925
dgn_qmix__N4__ring__seed3,dgn_qmix,coord_grid,3,2208,55225,11.0,25,0.56281,1.9065087863377161,7.671420540128436,91.05385045899311
dgn_qmix__N4__ring__seed3,dgn_qmix,coord_grid,3,2209,55250,12.0,25,0.5626120833333335,1.479142387708028,6.447749018669128,91.09699500002898
dgn_qmix__N4__ring__seed3,dgn_qmix,coord_grid,3,2210,55275,11.0,25,0.5624141666666667,2.255556950966517,11.640406131744385,91.14012712502154
dgn_qmix__N4__ring__seed3,dgn_qmix,coord_grid,3,2211,55300,10.0,25,0.5622162500000001,1.5681397318840027,7.378484010696411,91.18381745903753
dgn_qmix__N4__ring__seed3,dgn_qmix,coord_grid,3,2212,55325,16.0,25,0.5620183333333333,1.4831290074757166,8.465259892599923,91.23269158403855
dgn_qmix__N4__ring__seed3,dgn_qmix,coord_grid,3,2213,55350,9.0,25,0.5618204166666667,2.120068907737732,6.707764387130737,91.2764066249947
dgn_qmix__N4__ring__seed3,dgn_qmix,coord_grid,3,2214,55375,9.0,25,0.5616224999999999,2.020425707101822,8.42027727762858,91.31939729198348
dgn_qmix__N4__ring__seed3,dgn_qmix,coord_grid,3,2215,55400,21.0,25,0.5614245833333333,2.0721373756726584,9.937156200408936,91.36324208398582
dgn_qmix__N4__ring__seed3,dgn_qmix,coord_grid,3,2216,55425,11.0,25,0.5612266666666668,1.757400061403002,18.374770505087717,91.4098628340289
dgn_qmix__N4__ring__seed3,dgn_qmix,coord_grid,3,2217,55450,8.0,25,0.56102875,1.9277477264404297,14.800799210866293,91.45297837501857
dgn_qmix__N4__ring__seed3,dgn_qmix,coord_grid,3,2218,55475,15.0,25,0.5608308333333334,1.8551343282063801,12.003897428512573,91.49540937499842
dgn_qmix__N4__ring__seed3,dgn_qmix,coord_grid,3,2219,55500,11.0,25,0.5606329166666666,1.3901964724063873,11.961379051208496,91.53913799999282
dgn_qmix__N4__ring__seed3,dgn_qmix,coord_grid,3,2220,55525,9.0,25,0.560435,1.8441746916089738,10.539744036538261,91.58639404200949
dgn_qmix__N4__ring__seed3,dgn_qmix,coord_grid,3,2221,55550,22.0,25,0.5602370833333334,2.1690590580304465,10.508021354675293,91.62992270902032
dgn_qmix__N4__ring__seed3,dgn_qmix,coord_grid,3,2222,55575,9.0,25,0.5600391666666666,1.4431525766849518,6.56048317750295,91.67357995902421
dgn_qmix__N4__ring__seed3,dgn_qmix,coord_grid,3,2223,55600,10.0,25,0.5598412500000001,1.8661793967088063,6.780903458595276,91.71697995899012
dgn_qmix__N4__ring__seed3,dgn_qmix,coord_grid,3,2224,55625,11.0,25,0.5596433333333333,1.984767394406455,6.672926834651402,91.76475366699742
dgn_qmix__N4__ring__seed3,dgn_qmix,coord_grid,3,2225,55650,21.0,25,0.5594454166666667,1.6485875844955444,7.477945566177368,91.80774920899421
dgn_qmix__N4__ring__seed3,dgn_qmix,coord_grid,3,2226,55675,10.0,25,0.5592475000000001,1.7309427460034688,9.462885936101278,91.85187116701854
dgn_qmix__N4__ring__seed3,dgn_qmix,coord_grid,3,2227,55700,8.0,25,0.5590495833333333,1.9602262675762177,9.60314710934957,91.89542879199143
dgn_qmix__N4__ring__seed3,dgn_qmix,coord_grid,3,2228,55725,20.0,25,0.5588516666666667,2.400765597820282,7.745302745274135,91.94348000001628
dgn_qmix__N4__ring__seed3,dgn_qmix,coord_grid,3,2229,55750,14.0,25,0.55865375,1.653761049111684,7.6863917509714765,91.9859868750209
dgn_qmix__N4__ring__seed3,dgn_qmix,coord_grid,3,2230,55775,14.0,25,0.5584558333333334,1.8643791675567627,7.772257407506307,92.02960975002497
dgn_qmix__N4__ring__seed3,dgn_qmix,coord_grid,3,2231,55800,14.0,25,0.5582579166666667,1.5668124953905742,8.3673495054245,92.07267554203281
dgn_qmix__N4__ring__seed3,dgn_qmix,coord_grid,3,2232,55825,18.0,25,0.55806,1.6656521303313119,8.328660896846227,92.12016904202756
dgn_qmix__N4__ring__seed3,dgn_qmix,coord_grid,3,2233,55850,13.0,25,0.5578620833333334,2.0153714418411255,8.43667483329773,92.16291058401112
dgn_qmix__N4__ring__seed3,dgn_qmix,coord_grid,3,2234,55875,4.0,25,0.5576641666666666,1.3085930446783702,7.267274061838786,92.20530691702152
dgn_qmix__N4__ring__seed3,dgn_qmix,coord_grid,3,2235,55900,15.0,25,0.55746625,2.3408100406328836,7.483465234438579,92.24964320898289
dgn_qmix__N4__ring__seed3,dgn_qmix,coord_grid,3,2236,55925,21.0,25,0.5572683333333333,1.2875452041625977,7.076492241450718,92.30088779202197
dgn_qmix__N4__ring__seed3,dgn_qmix,coord_grid,3,2237,55950,5.0,25,0.5570704166666667,1.5435993870099385,8.85103996594747,92.34412237501238
dgn_qmix__N4__ring__seed3,dgn_qmix,coord_grid,3,2238,55975,16.0,25,0.5568725000000001,1.6898630559444427,7.1421754360198975,92.38779141701525
dgn_qmix__N4__ring__seed3,dgn_qmix,coord_grid,3,2239,56000,14.0,25,0.5566745833333333,1.9468389948209126,7.634496370951335,92.42983637499856
dgn_qmix__N4__ring__seed3,dgn_qmix,coord_grid,3,2240,56025,13.0,25,0.5564766666666667,2.116357317992619,8.490534509931292,92.47780187503668
dgn_qmix__N4__ring__seed3,dgn_qmix,coord_grid,3,2241,56050,17.0,25,0.5562787499999999,1.5586824516455333,9.564749558766684,92.52142975002062
dgn_qmix__N4__ring__seed3,dgn_qmix,coord_grid,3,2242,56075,12.0,25,0.5560808333333334,1.3899681617816289,8.0171906153361,92.56559679203201
dgn_qmix__N4__ring__seed3,dgn_qmix,coord_grid,3,2243,56100,18.0,25,0.5558829166666667,1.7606727679570515,9.93260924021403,92.60907620901708
dgn_qmix__N4__ring__seed3,dgn_qmix,coord_grid,3,2244,56125,12.0,25,0.555685,1.9125447273254395,8.683476754597255,92.65672908403212
dgn_qmix__N4__ring__seed3,dgn_qmix,coord_grid,3,2245,56150,13.0,25,0.5554870833333334,1.6927659511566162,9.151066462198893,92.70000920898747
dgn_qmix__N4__ring__seed3,dgn_qmix,coord_grid,3,2246,56175,9.0,25,0.5552891666666666,2.1693745652834573,8.127093315124512,92.74392133398214
dgn_qmix__N4__ring__seed3,dgn_qmix,coord_grid,3,2247,56200,21.0,25,0.55509125,1.3033946851889293,8.549352725346884,92.78807574999519
dgn_qmix__N4__ring__seed3,dgn_qmix,coord_grid,3,2248,56225,14.0,25,0.5548933333333333,2.1124326246125356,17.105592455182755,92.83590312500019
dgn_qmix__N4__ring__seed3,dgn_qmix,coord_grid,3,2249,56250,10.0,25,0.5546954166666667,2.122149169445038,24.59854030609131,92.87917541700881
dgn_qmix__N4__ring__seed3,dgn_qmix,coord_grid,3,2250,56275,12.0,25,0.5544975000000001,1.5821835498015087,10.823919773101807,92.9232165000285
dgn_qmix__N4__ring__seed3,dgn_qmix,coord_grid,3,2251,56300,6.0,25,0.5542995833333333,1.6662525137265523,10.452152729034424,92.96692641702248
dgn_qmix__N4__ring__seed3,dgn_qmix,coord_grid,3,2252,56325,16.0,25,0.5541016666666667,2.1933897733688354,9.296306337629046,93.01591404201463
dgn_qmix__N4__ring__seed3,dgn_qmix,coord_grid,3,2253,56350,9.0,25,0.55390375,1.9424360593159993,8.678855975468954,93.05999091698322
dgn_qmix__N4__ring__seed3,dgn_qmix,coord_grid,3,2254,56375,8.0,25,0.5537058333333333,2.1979344487190247,10.351957122484842,93.10204695898574
dgn_qmix__N4__ring__seed3,dgn_qmix,coord_grid,3,2255,56400,30.0,25,0.5535079166666668,1.7163331906000774,10.449271519978842,93.14446637500077
dgn_qmix__N4__ring__seed3,dgn_qmix,coord_grid,3,2256,56425,19.0,25,0.55331,1.832185515335628,10.133600779942103,93.19244920898927
dgn_qmix__N4__ring__seed3,dgn_qmix,coord_grid,3,2257,56450,9.0,25,0.5531120833333334,1.9165021777153015,10.59975298245748,93.23562962503638
dgn_qmix__N4__ring__seed3,dgn_qmix,coord_grid,3,2258,56475,13.0,25,0.5529141666666666,2.346005787452062,10.737788120905558,93.27800120902248
dgn_qmix__N4__ring__seed3,dgn_qmix,coord_grid,3,2259,56500,7.0,25,0.55271625,2.101887325445811,9.209767580032349,93.32125308399554
dgn_qmix__N4__ring__seed3,dgn_qmix,coord_grid,3,2260,56525,11.0,25,0.5525183333333333,1.3962738003049577,11.02683789389474,93.36965887498809
dgn_qmix__N4__ring__seed3,dgn_qmix,coord_grid,3,2261,56550,5.0,25,0.5523204166666666,1.6793587406476338,11.45558532079061,93.41257520898944
dgn_qmix__N4__ring__seed3,dgn_qmix,coord_grid,3,2262,56575,12.0,25,0.5521225000000001,2.164259741703669,10.327101230621338,93.45493591699051
dgn_qmix__N4__ring__seed3,dgn_qmix,coord_grid,3,2263,56600,17.0,25,0.5519245833333333,1.4075923065344493,6.822844505310059,93.49724237498594
dgn_qmix__N4__ring__seed3,dgn_qmix,coord_grid,3,2264,56625,17.0,25,0.5517266666666667,2.9016470398221696,7.948231969560895,93.54583720903611
dgn_qmix__N4__ring__seed3,dgn_qmix,coord_grid,3,2265,56650,5.0,25,0.55152875,2.394869645436605,9.236321369806925,93.58853633399121
dgn_qmix__N4__ring__seed3,dgn_qmix,coord_grid,3,2266,56675,13.0,25,0.5513308333333333,1.3951314091682434,9.280596812566122,93.63012308400357
dgn_qmix__N4__ring__seed3,dgn_qmix,coord_grid,3,2267,56700,20.0,25,0.5511329166666668,1.07893705368042,8.736242055892944,93.6727011250332
dgn_qmix__N4__ring__seed3,dgn_qmix,coord_grid,3,2268,56725,18.0,25,0.550935,2.4253364290509904,10.712579250335693,93.72126533399569
dgn_qmix__N4__ring__seed3,dgn_qmix,coord_grid,3,2269,56750,5.0,25,0.5507370833333334,1.5778034528096516,9.371287981669107,93.76449216698529
dgn_qmix__N4__ring__seed3,dgn_qmix,coord_grid,3,2270,56775,12.0,25,0.5505391666666667,2.009752164284388,6.637602011362712,93.80827600002522
dgn_qmix__N4__ring__seed3,dgn_qmix,coord_grid,3,2271,56800,13.0,25,0.55034125,2.1223058700561523,7.100199540456136,93.85160533402814
dgn_qmix__N4__ring__seed3,dgn_qmix,coord_grid,3,2272,56825,11.0,25,0.5501433333333334,2.180083836827959,9.611793449946813,93.89929145900533
dgn_qmix__N4__ring__seed3,dgn_qmix,coord_grid,3,2273,56850,13.0,25,0.5499454166666666,1.7960691253344219,9.007697184880575,93.94316945900209
dgn_qmix__N4__ring__seed3,dgn_qmix,coord_grid,3,2274,56875,21.0,25,0.5497475000000001,1.9820317327976227,8.492545366287231,93.9875100000063
dgn_qmix__N4__ring__seed3,dgn_qmix,coord_grid,3,2275,56900,13.0,25,0.5495495833333333,1.8184783856074016,11.00497309366862,94.03098375000991
dgn_qmix__N4__ring__seed3,dgn_qmix,coord_grid,3,2276,56925,7.0,25,0.5493516666666667,1.4305861592292786,11.579785415104457,94.07947220903588
dgn_qmix__N4__ring__seed3,dgn_qmix,coord_grid,3,2277,56950,7.0,25,0.54915375,1.663617620865504,15.491752862930298,94.1218294170103
dgn_qmix__N4__ring__seed3,dgn_qmix,coord_grid,3,2278,56975,6.0,25,0.5489558333333333,2.556028683980306,11.16746441523234,94.16441145900171
dgn_qmix__N4__ring__seed3,dgn_qmix,coord_grid,3,2279,57000,21.0,25,0.5487579166666667,1.8573985199133556,11.284374475479126,94.20829983399017
dgn_qmix__N4__ring__seed3,dgn_qmix,coord_grid,3,2280,57025,5.0,25,0.5485599999999999,2.0186948605946133,18.626201493399485,94.25634583400097
dgn_qmix__N4__ring__seed3,dgn_qmix,coord_grid,3,2281,57050,24.0,25,0.5483620833333334,1.7709461947282155,15.67618719736735,94.30120300000999
dgn_qmix__N4__ring__seed3,dgn_qmix,coord_grid,3,2282,57075,18.0,25,0.5481641666666667,1.7935547133286793,8.387774308522543,94.3441736670211
dgn_qmix__N4__ring__seed3,dgn_qmix,coord_grid,3,2283,57100,17.0,25,0.54796625,2.1277885735034943,6.707776467005412,94.38661704200786
dgn_qmix__N4__ring__seed3,dgn_qmix,coord_grid,3,2284,57125,19.0,25,0.5477683333333334,1.9869313410350256,10.88355575289045,94.43621266703121
dgn_qmix__N4__ring__seed3,dgn_qmix,coord_grid,3,2285,57150,6.0,25,0.5475704166666666,1.5432003339131672,8.05931051572164,94.47927599999821
dgn_qmix__N4__ring__seed3,dgn_qmix,coord_grid,3,2286,57175,26.0,25,0.5473725,2.142698804537455,8.81335703531901,94.52293366700178
dgn_qmix__N4__ring__seed3,dgn_qmix,coord_grid,3,2287,57200,12.0,25,0.5471745833333334,1.9598443508148193,12.074685096740723,94.56598700000905
dgn_qmix__N4__ring__seed3,dgn_qmix,coord_grid,3,2288,57225,31.0,25,0.5469766666666667,2.4715946316719055,12.097824573516846,94.61454683402553
dgn_qmix__N4__ring__seed3,dgn_qmix,coord_grid,3,2289,57250,24.0,25,0.54677875,2.6025230288505554,8.87916119893392,94.65790445898892
dgn_qmix__N4__ring__seed3,dgn_qmix,coord_grid,3,2290,57275,23.0,25,0.5465808333333333,2.3581257661183677,9.461694478988647,94.70074370899238
dgn_qmix__N4__ring__seed3,dgn_qmix,coord_grid,3,2291,57300,19.0,25,0.5463829166666667,1.4079498847325642,7.648260633150737,94.74403645901475
dgn_qmix__N4__ring__seed3,dgn_qmix,coord_grid,3,2292,57325,20.0,25,0.546185,2.5865291697638377,11.466239724840436,94.79164045903599
dgn_qmix__N4__ring__seed3,dgn_qmix,coord_grid,3,2293,57350,19.0,25,0.5459870833333333,2.0654996037483215,11.386975129445394,94.8336036670371
dgn_qmix__N4__ring__seed3,dgn_qmix,coord_grid,3,2294,57375,12.0,25,0.5457891666666667,1.5433224340279896,7.6182777881622314,94.87664145900635
dgn_qmix__N4__ring__seed3,dgn_qmix,coord_grid,3,2295,57400,13.0,25,0.54559125,1.596682647864024,11.774423042933146,94.91904499998782
dgn_qmix__N4__ring__seed3,dgn_qmix,coord_grid,3,2296,57425,16.0,25,0.5453933333333334,2.157488703727722,11.163463320050921,94.96817275002832
dgn_qmix__N4__ring__seed3,dgn_qmix,coord_grid,3,2297,57450,17.0,25,0.5451954166666666,1.4868346452713013,9.226523399353027,95.01079408399528
dgn_qmix__N4__ring__seed3,dgn_qmix,coord_grid,3,2298,57475,4.0,25,0.5449975,2.715726524591446,7.125091632207234,95.05331408401253
dgn_qmix__N4__ring__seed3,dgn_qmix,coord_grid,3,2299,57500,5.0,25,0.5447995833333333,1.8447879652182262,10.883167266845703,95.09533658402506
dgn_qmix__N4__ring__seed3,dgn_qmix,coord_grid,3,2300,57525,9.0,25,0.5446016666666667,1.7133627533912659,10.89164672579084,95.14403966703685
dgn_qmix__N4__ring__seed3,dgn_qmix,coord_grid,3,2301,57550,15.0,25,0.5444037500000001,2.519418567419052,8.148488283157349,95.18697691702982
dgn_qmix__N4__ring__seed3,dgn_qmix,coord_grid,3,2302,57575,23.0,25,0.5442058333333333,2.64771036307017,11.319666306177774,95.22977166698547
dgn_qmix__N4__ring__seed3,dgn_qmix,coord_grid,3,2303,57600,8.0,25,0.5440079166666667,2.252214471499125,9.16365917523702,95.27282800001558
dgn_qmix__N4__ring__seed3,dgn_qmix,coord_grid,3,2304,57625,12.0,25,0.54381,1.7323175924164909,10.413434880120414,95.32065116701415
dgn_qmix__N4__ring__seed3,dgn_qmix,coord_grid,3,2305,57650,7.0,25,0.5436120833333333,1.989802986383438,10.127291123072306,95.36268324998673
dgn_qmix__N4__ring__seed3,dgn_qmix,coord_grid,3,2306,57675,10.0,25,0.5434141666666666,2.3261218865712485,11.040693442026773,95.4076178339892
dgn_qmix__N4__ring__seed3,dgn_qmix,coord_grid,3,2307,57700,11.0,25,0.54321625,1.2080694735050201,9.683663209279379,95.4514010840212
dgn_qmix__N4__ring__seed3,dgn_qmix,coord_grid,3,2308,57725,20.0,25,0.5430183333333334,1.655834095818656,7.054405348641532,95.50058579200413
dgn_qmix__N4__ring__seed3,dgn_qmix,coord_grid,3,2309,57750,21.0,25,0.5428204166666667,1.4738705605268478,8.54266087214152,95.5445837090374
dgn_qmix__N4__ring__seed3,dgn_qmix,coord_grid,3,2310,57775,8.0,25,0.5426225,1.7503219743569691,7.878544330596924,95.58761854202021
dgn_qmix__N4__ring__seed3,dgn_qmix,coord_grid,3,2311,57800,10.0,25,0.5424245833333333,2.9255403677622476,9.826352755228678,95.62973387498641
dgn_qmix__N4__ring__seed3,dgn_qmix,coord_grid,3,2312,57825,12.0,25,0.5422266666666666,2.163173122065408,21.272284167153494,95.67663795902627
dgn_qmix__N4__ring__seed3,dgn_qmix,coord_grid,3,2313,57850,11.0,25,0.5420287500000001,2.5141709446907043,22.997095108032227,95.72007362503791
dgn_qmix__N4__ring__seed3,dgn_qmix,coord_grid,3,2314,57875,25.0,25,0.5418308333333334,2.2395124435424805,21.252577781677246,95.76356770901475
dgn_qmix__N4__ring__seed3,dgn_qmix,coord_grid,3,2315,57900,11.0,25,0.5416329166666667,2.620968997478485,15.520458062489828,95.805150375003
dgn_qmix__N4__ring__seed3,dgn_qmix,coord_grid,3,2316,57925,12.0,25,0.541435,1.7502204775810242,8.428254195622035,95.85483808402205
dgn_qmix__N4__ring__seed3,dgn_qmix,coord_grid,3,2317,57950,17.0,25,0.5412370833333333,2.2263310054937997,14.10136310259501,95.90107995900325
dgn_qmix__N4__ring__seed3,dgn_qmix,coord_grid,3,2318,57975,8.0,25,0.5410391666666667,2.7615796824296317,15.475377639134726,95.94479620899074
dgn_qmix__N4__ring__seed3,dgn_qmix,coord_grid,3,2319,58000,10.0,25,0.5408412499999999,1.7362097104390461,13.150115092595419,95.98721020901576
dgn_qmix__N4__ring__seed3,dgn_qmix,coord_grid,3,2320,58025,19.0,25,0.5406433333333334,2.011499524116516,11.086072989872523,96.0356619170052
dgn_qmix__N4__ring__seed3,dgn_qmix,coord_grid,3,2321,58050,9.0,25,0.5404454166666667,1.440341204404831,8.60990802447001,96.07768254203256
dgn_qmix__N4__ring__seed3,dgn_qmix,coord_grid,3,2322,58075,13.0,25,0.5402475,1.725868781407674,9.481133858362833,96.11995091702556
dgn_qmix__N4__ring__seed3,dgn_qmix,coord_grid,3,2323,58100,18.0,25,0.5400495833333333,1.5379744072755177,11.827962160110474,96.16260087501723
dgn_qmix__N4__ring__seed3,dgn_qmix,coord_grid,3,2324,58125,26.0,25,0.5398516666666666,1.43099388054439,11.92448023387364,96.21179274999304
dgn_qmix__N4__ring__seed3,dgn_qmix,coord_grid,3,2325,58150,9.0,25,0.53965375,2.7221111059188843,10.445014715194702,96.25574774999404
dgn_qmix__N4__ring__seed3,dgn_qmix,coord_grid,3,2326,58175,24.0,25,0.5394558333333334,1.3901087741057079,8.337588548660278,96.2988237090176
dgn_qmix__N4__ring__seed3,dgn_qmix,coord_grid,3,2327,58200,17.0,25,0.5392579166666667,2.302164316177368,10.832075436909994,96.34222654200858
dgn_qmix__N4__ring__seed3,dgn_qmix,coord_grid,3,2328,58225,27.0,25,0.53906,1.7111595954213823,9.417147704533168,96.39094608399319
dgn_qmix__N4__ring__seed3,dgn_qmix,coord_grid,3,2329,58250,12.0,25,0.5388620833333333,1.8130907813707988,9.220165252685547,96.43380179203814
dgn_qmix__N4__ring__seed3,dgn_qmix,coord_grid,3,2330,58275,8.0,25,0.5386641666666667,2.3130964835484824,9.833693424860636,96.47551612503594
dgn_qmix__N4__ring__seed3,dgn_qmix,coord_grid,3,2331,58300,16.0,25,0.53846625,1.2973211407661438,9.865567763646444,96.51775716699194
dgn_qmix__N4__ring__seed3,dgn_qmix,coord_grid,3,2332,58325,16.0,25,0.5382683333333333,2.322292923927307,9.933710166386195,96.56626591703389
dgn_qmix__N4__ring__seed3,dgn_qmix,coord_grid,3,2333,58350,10.0,25,0.5380704166666667,1.4301311373710632,7.659453670183818,96.60890954203205
dgn_qmix__N4__ring__seed3,dgn_qmix,coord_grid,3,2334,58375,11.0,25,0.5378725,1.7849464019139607,8.507146755854288,96.65080725000007
dgn_qmix__N4__ring__seed3,dgn_qmix,coord_grid,3,2335,58400,23.0,25,0.5376745833333334,2.4998609920342765,11.349879344304403,96.69548920902889
dgn_qmix__N4__ring__seed3,dgn_qmix,coord_grid,3,2336,58425,20.0,25,0.5374766666666666,1.9467278974396842,10.737917968205043,96.74391962500522
dgn_qmix__N4__ring__seed3,dgn_qmix,coord_grid,3,2337,58450,16.0,25,0.53727875,1.30222221215566,10.80843178431193,96.78797125001438
dgn_qmix__N4__ring__seed3,dgn_qmix,coord_grid,3,2338,58475,12.0,25,0.5370808333333333,1.6180393993854523,9.849980433781942,96.83164441701956
dgn_qmix__N4__ring__seed3,dgn_qmix,coord_grid,3,2339,58500,21.0,25,0.5368829166666667,2.100005805492401,8.075207630793253,96.87527108401991
dgn_qmix__N4__ring__seed3,dgn_qmix,coord_grid,3,2340,58525,33.0,25,0.5366850000000001,2.3126183237348283,12.754072870526995,96.92451124999207
dgn_qmix__N4__ring__seed3,dgn_qmix,coord_grid,3,2341,58550,4.0,25,0.5364870833333333,1.1348090767860413,11.712486426035563,96.96659833402373
dgn_qmix__N4__ring__seed3,dgn_qmix,coord_grid,3,2342,58575,12.0,25,0.5362891666666667,1.8307739794254303,11.769794702529907,97.00866066699382
dgn_qmix__N4__ring__seed3,dgn_qmix,coord_grid,3,2343,58600,18.0,25,0.53609125,1.8082895676294963,9.21192487080892,97.05334812501678
dgn_qmix__N4__ring__seed3,dgn_qmix,coord_grid,3,2344,58625,13.0,25,0.5358933333333333,1.81294413123812,19.841033458709717,97.10064666700782
dgn_qmix__N4__ring__seed3,dgn_qmix,coord_grid,3,2345,58650,21.0,25,0.5356954166666666,2.214663823445638,13.944193840026855,97.1445154590183
dgn_qmix__N4__ring__seed3,dgn_qmix,coord_grid,3,2346,58675,10.0,25,0.5354975,1.7366155087947845,12.216387748718262,97.18828100000974
dgn_qmix__N4__ring__seed3,dgn_qmix,coord_grid,3,2347,58700,13.0,25,0.5352995833333334,1.7471101780732472,12.253224849700928,97.22998250002274
dgn_qmix__N4__ring__seed3,dgn_qmix,coord_grid,3,2348,58725,24.0,25,0.5351016666666667,1.993274552481515,11.48495980671474,97.27836475003278
dgn_qmix__N4__ring__seed3,dgn_qmix,coord_grid,3,2349,58750,18.0,25,0.53490375,1.580991546312968,9.51069680849711,97.32130195898935
dgn_qmix__N4__ring__seed3,dgn_qmix,coord_grid,3,2350,58775,16.0,25,0.5347058333333333,2.2206124564011893,11.3841180006663,97.3640550840064
dgn_qmix__N4__ring__seed3,dgn_qmix,coord_grid,3,2351,58800,22.0,25,0.5345079166666666,2.3038350343704224,16.6007342338562,97.40855754201766
dgn_qmix__N4__ring__seed3,dgn_qmix,coord_grid,3,2352,58825,20.0,25,0.5343100000000001,1.8423223836081368,7.59063264301845,97.45665458403528
dgn_qmix__N4__ring__seed3,dgn_qmix,coord_grid,3,2353,58850,8.0,25,0.5341120833333334,2.285507410764694,13.80448547999064,97.51547016698169
dgn_qmix__N4__ring__seed3,dgn_qmix,coord_grid,3,2354,58875,17.0,25,0.5339141666666667,2.269789089759191,12.718677123387655,97.59239616699051
dgn_qmix__N4__ring__seed3,dgn_qmix,coord_grid,3,2355,58900,15.0,25,0.53371625,1.3819592694441478,11.84046188990275,97.6367090420099
dgn_qmix__N4__ring__seed3,dgn_qmix,coord_grid,3,2356,58925,13.0,25,0.5335183333333333,2.2828117268426076,11.270946843283516,97.68523104203632
dgn_qmix__N4__ring__seed3,dgn_qmix,coord_grid,3,2357,58950,20.0,25,0.5333204166666667,2.172264168659846,7.644375403722127,97.7283414999838
dgn_qmix__N4__ring__seed3,dgn_qmix,coord_grid,3,2358,58975,10.0,25,0.5331224999999999,1.3796446522076924,10.08156975110372,97.77072291699005
dgn_qmix__N4__ring__seed3,dgn_qmix,coord_grid,3,2359,59000,16.0,25,0.5329245833333334,2.5439844528834024,11.304595788319906,97.8139154590317
dgn_qmix__N4__ring__seed3,dgn_qmix,coord_grid,3,2360,59025,13.0,25,0.5327266666666667,2.4544624856540134,10.640517166682653,97.86217720899731
dgn_qmix__N4__ring__seed3,dgn_qmix,coord_grid,3,2361,59050,16.0,25,0.53252875,2.2651442090670266,10.146862665812174,97.90630241698818
dgn_qmix__N4__ring__seed3,dgn_qmix,coord_grid,3,2362,59075,19.0,25,0.5323308333333334,3.0072384675343833,12.137616078058878,97.94988829200156
dgn_qmix__N4__ring__seed3,dgn_qmix,coord_grid,3,2363,59100,9.0,25,0.5321329166666666,1.9419670502344768,11.823397318522135,97.99158058402827
dgn_qmix__N4__ring__seed3,dgn_qmix,coord_grid,3,2364,59125,21.0,25,0.531935,2.953840000288827,12.499629838126046,98.04032745899167
dgn_qmix__N4__ring__seed3,dgn_qmix,coord_grid,3,2365,59150,21.0,25,0.5317370833333334,1.7902658184369404,9.638579845428467,98.08379145903746
dgn_qmix__N4__ring__seed3,dgn_qmix,coord_grid,3,2366,59175,13.0,25,0.5315391666666667,2.780956963698069,7.981535275777181,98.1271195000154
dgn_qmix__N4__ring__seed3,dgn_qmix,coord_grid,3,2367,59200,18.0,25,0.53134125,1.7954072157541912,7.481558958689372,98.17032633401686
dgn_qmix__N4__ring__seed3,dgn_qmix,coord_grid,3,2368,59225,19.0,25,0.5311433333333333,1.5595467601503645,11.834146227155413,98.2187480420107
dgn_qmix__N4__ring__seed3,dgn_qmix,coord_grid,3,2369,59250,18.0,25,0.5309454166666667,1.9869282841682434,10.05619732538859,98.26149991701823
dgn_qmix__N4__ring__seed3,dgn_qmix,coord_grid,3,2370,59275,9.0,25,0.5307475,2.1613873342672982,9.840937534968058,98.30403433402535
dgn_qmix__N4__ring__seed3,dgn_qmix,coord_grid,3,2371,59300,23.0,25,0.5305495833333334,1.8551165262858074,13.411562283833822,98.34720816701883
dgn_qmix__N4__ring__seed3,dgn_qmix,coord_grid,3,2372,59325,32.0,25,0.5303516666666667,2.222905397415161,15.678129196166992,98.39600995898945
dgn_qmix__N4__ring__seed3,dgn_qmix,coord_grid,3,2373,59350,13.0,25,0.53015375,1.9309400916099548,14.491133371988932,98.43983033398399
dgn_qmix__N4__ring__seed3,dgn_qmix,coord_grid,3,2374,59375,21.0,25,0.5299558333333334,1.83540145556132,11.058553059895834,98.48340783402091
dgn_qmix__N4__ring__seed3,dgn_qmix,coord_grid,3,2375,59400,26.0,25,0.5297579166666667,1.7457450429598491,11.992148717244467,98.52838658401743
dgn_qmix__N4__ring__seed3,dgn_qmix,coord_grid,3,2376,59425,14.0,25,0.52956,2.095228518758501,23.405436243329728,98.5772761250264
dgn_qmix__N4__ring__seed3,dgn_qmix,coord_grid,3,2377,59450,3.0,25,0.5293620833333333,2.329651951789856,33.66534678141276,98.62059879198205
dgn_qmix__N4__ring__seed3,dgn_qmix,coord_grid,3,2378,59475,24.0,25,0.5291641666666667,2.469266633192698,16.70308017730713,98.66401325003244
dgn_qmix__N4__ring__seed3,dgn_qmix,coord_grid,3,2379,59500,11.0,25,0.5289662500000001,2.3062961598237357,16.399667104085285,98.7067750840215
dgn_qmix__N4__ring__seed3,dgn_qmix,coord_grid,3,2380,59525,7.0,25,0.5287683333333333,2.8907716274261475,19.77482659476144,98.75580450001871
dgn_qmix__N4__ring__seed3,dgn_qmix,coord_grid,3,2381,59550,12.0,25,0.5285704166666667,2.536666661500931,16.381807645161945,98.79963741701795
dgn_qmix__N4__ring__seed3,dgn_qmix,coord_grid,3,2382,59575,14.0,25,0.5283725,1.895129680633545,20.399512767791748,98.84283579199109
dgn_qmix__N4__ring__seed3,dgn_qmix,coord_grid,3,2383,59600,22.0,25,0.5281745833333333,2.6752922932306924,12.370877822240194,98.88696595898364
dgn_qmix__N4__ring__seed3,dgn_qmix,coord_grid,3,2384,59625,33.0,25,0.5279766666666666,2.2040562203952243,12.331596851348877,98.93609600001946
dgn_qmix__N4__ring__seed3,dgn_qmix,coord_grid,3,2385,59650,17.0,25,0.52777875,1.8365405797958374,12.154074827829996,98.97921054199105
dgn_qmix__N4__ring__seed3,dgn_qmix,coord_grid,3,2386,59675,22.0,25,0.5275808333333334,2.1244321763515472,11.050526062647501,99.02209383400623
dgn_qmix__N4__ring__seed3,dgn_qmix,coord_grid,3,2387,59700,10.0,25,0.5273829166666667,2.0984869500001273,13.985996882120768,99.06544670899166
dgn_qmix__N4__ring__seed3,dgn_qmix,coord_grid,3,2388,59725,23.0,25,0.527185,1.7718122005462646,11.188537120819092,99.11276362498756
dgn_qmix__N4__ring__seed3,dgn_qmix,coord_grid,3,2389,59750,18.0,25,0.5269870833333333,2.2411132554213204,15.324166615804037,99.1559227090329
dgn_qmix__N4__ring__seed3,dgn_qmix,coord_grid,3,2390,59775,22.0,25,0.5267891666666666,3.159947375456492,15.556859652201334,99.19928683398757
dgn_qmix__N4__ring__seed3,dgn_qmix,coord_grid,3,2391,59800,13.0,25,0.5265912500000001,1.8453369836012523,15.499476194381714,99.24291550001362
dgn_qmix__N4__ring__seed3,dgn_qmix,coord_grid,3,2392,59825,9.0,25,0.5263933333333334,1.5812014426503862,10.817829949515206,99.29161166702397
dgn_qmix__N4__ring__seed3,dgn_qmix,coord_grid,3,2393,59850,31.0,25,0.5261954166666667,2.285693645477295,9.672089099884033,99.33572354202624
dgn_qmix__N4__ring__seed3,dgn_qmix,coord_grid,3,2394,59875,21.0,25,0.5259975,2.839009622732798,13.029309352238974,99.3785505000269
dgn_qmix__N4__ring__seed3,dgn_qmix,coord_grid,3,2395,59900,13.0,25,0.5257995833333333,2.366082747777303,7.75085202852885,99.42158991703764
dgn_qmix__N4__ring__seed3,dgn_qmix,coord_grid,3,2396,59925,14.0,25,0.5256016666666667,2.6322369405201504,11.02551623753139,99.47066345898202
dgn_qmix__N4__ring__seed3,dgn_qmix,coord_grid,3,2397,59950,13.0,25,0.52540375,1.4007799824078877,9.251924673716227,99.51419037499
dgn_qmix__N4__ring__seed3,dgn_qmix,coord_grid,3,2398,59975,7.0,25,0.5252058333333334,2.22253280878067,14.425705909729004,99.55786241701571
dgn_qmix__N4__ring__seed3,dgn_qmix,coord_grid,3,2399,60000,12.0,25,0.5250079166666667,1.754501461982727,10.797855774561564,99.60060029203305
dgn_qmix__N4__ring__seed3,dgn_qmix,coord_grid,3,2400,60025,31.0,25,0.52481,1.9836758119719369,8.044544764927455,99.64915083401138
dgn_qmix__N4__ring__seed3,dgn_qmix,coord_grid,3,2401,60050,22.0,25,0.5246120833333334,2.5447782079378762,10.840201139450073,99.69384858402191
dgn_qmix__N4__ring__seed3,dgn_qmix,coord_grid,3,2402,60075,18.0,25,0.5244141666666666,2.3413332104682922,11.253875255584717,99.73705691698706
dgn_qmix__N4__ring__seed3,dgn_qmix,coord_grid,3,2403,60100,21.0,25,0.52421625,1.8391416867574055,8.33126958211263,99.77997562498786
dgn_qmix__N4__ring__seed3,dgn_qmix,coord_grid,3,2404,60125,16.0,25,0.5240183333333334,2.0752164040293013,9.4446394102914,99.82925449998584
dgn_qmix__N4__ring__seed3,dgn_qmix,coord_grid,3,2405,60150,23.0,25,0.5238204166666667,2.310029904047648,11.390504916508993,99.87199337501079
dgn_qmix__N4__ring__seed3,dgn_qmix,coord_grid,3,2406,60175,10.0,25,0.5236225000000001,2.10087388753891,8.778783400853476,99.91476929199416
dgn_qmix__N4__ring__seed3,dgn_qmix,coord_grid,3,2407,60200,20.0,25,0.5234245833333333,1.5592964887619019,9.4486612478892,99.95760658400832
dgn_qmix__N4__ring__seed3,dgn_qmix,coord_grid,3,2408,60225,15.0,25,0.5232266666666667,2.1959775515965054,24.77086271558489,100.00678591703763
dgn_qmix__N4__ring__seed3,dgn_qmix,coord_grid,3,2409,60250,23.0,25,0.5230287499999999,1.7847303847471874,24.581035296122234,100.05067858402617
dgn_qmix__N4__ring__seed3,dgn_qmix,coord_grid,3,2410,60275,11.0,25,0.5228308333333334,1.7732649743556976,17.105764865875244,100.09423724998487
dgn_qmix__N4__ring__seed3,dgn_qmix,coord_grid,3,2411,60300,23.0,25,0.5226329166666667,1.965259810288747,14.306393067042032,100.1374899999937
dgn_qmix__N4__ring__seed3,dgn_qmix,coord_grid,3,2412,60325,17.0,25,0.522435,1.711450559752328,12.784991264343262,100.18565516703529
dgn_qmix__N4__ring__seed3,dgn_qmix,coord_grid,3,2413,60350,16.0,25,0.5222370833333334,2.4891162713368735,14.245173931121826,100.22953737503849
dgn_qmix__N4__ring__seed3,dgn_qmix,coord_grid,3,2414,60375,19.0,25,0.5220391666666667,1.7975735763708751,13.046145359675089,100.27241933398182
dgn_qmix__N4__ring__seed3,dgn_qmix,coord_grid,3,2415,60400,13.0,25,0.52184125,2.7366912961006165,10.38923684755961,100.3162693339982
dgn_qmix__N4__ring__seed3,dgn_qmix,coord_grid,3,2416,60425,6.0,25,0.5216433333333332,1.5694322075162614,9.075902530125209,100.3663262919872
dgn_qmix__N4__ring__seed3,dgn_qmix,coord_grid,3,2417,60450,20.0,25,0.5214454166666667,2.949203292528788,9.582098642985025,100.41244304203428
dgn_qmix__N4__ring__seed3,dgn_qmix,coord_grid,3,2418,60475,23.0,25,0.5212475000000001,1.5312584141890209,8.637049436569214,100.45593720901525
dgn_qmix__N4__ring__seed3,dgn_qmix,coord_grid,3,2419,60500,17.0,25,0.5210495833333333,2.0100684265295663,11.309697786966959,100.49900112499017
dgn_qmix__N4__ring__seed3,dgn_qmix,coord_grid,3,2420,60525,17.0,25,0.5208516666666667,2.0698390517916,19.319469588143484,100.54747012502048
dgn_qmix__N4__ring__seed3,dgn_qmix,coord_grid,3,2421,60550,10.0,25,0.52065375,2.693792223930359,12.212311585744223,100.58976258401526
dgn_qmix__N4__ring__seed3,dgn_qmix,coord_grid,3,2422,60575,19.0,25,0.5204558333333333,1.689259111881256,15.44612948099772,100.63332862500101
dgn_qmix__N4__ring__seed3,dgn_qmix,coord_grid,3,2423,60600,15.0,25,0.5202579166666668,1.8754578630129497,17.372097651163738,100.67660858400632
dgn_qmix__N4__ring__seed3,dgn_qmix,coord_grid,3,2424,60625,21.0,25,0.52006,2.2004560232162476,14.040389946528844,100.72453945898451
dgn_qmix__N4__ring__seed3,dgn_qmix,coord_grid,3,2425,60650,9.0,25,0.5198620833333334,2.3431812028090158,14.294237613677979,100.76779970899224
dgn_qmix__N4__ring__seed3,dgn_qmix,coord_grid,3,2426,60675,20.0,25,0.5196641666666666,1.9045190711816151,9.227315505345663,100.81146829202771
dgn_qmix__N4__ring__seed3,dgn_qmix,coord_grid,3,2427,60700,20.0,25,0.51946625,2.126654734214147,9.553122599919638,100.85530024999753
dgn_qmix__N4__ring__seed3,dgn_qmix,coord_grid,3,2428,60725,19.0,25,0.5192683333333333,1.7022364224706377,12.54563992364066,100.90316845901543
dgn_qmix__N4__ring__seed3,dgn_qmix,coord_grid,3,2429,60750,10.0,25,0.5190704166666666,3.0902448892593384,8.347023884455362,100.94693862501299
dgn_qmix__N4__ring__seed3,dgn_qmix,coord_grid,3,2430,60775,26.0,25,0.5188725000000001,1.8171083231767018,10.608489116032919,100.98931670899037
dgn_qmix__N4__ring__seed3,dgn_qmix,coord_grid,3,2431,60800,14.0,25,0.5186745833333334,1.9986744125684102,11.562333981196085,101.0325873339898
dgn_qmix__N4__ring__seed3,dgn_qmix,coord_grid,3,2432,60825,16.0,25,0.5184766666666667,1.1843615174293518,11.297094481331962,101.08113804203458
dgn_qmix__N4__ring__seed3,dgn_qmix,coord_grid,3,2433,60850,20.0,25,0.5182787499999999,1.9423145552476246,11.443955183029175,101.12322204199154
dgn_qmix__N4__ring__seed3,dgn_qmix,coord_grid,3,2434,60875,22.0,25,0.5180808333333333,1.527843490242958,11.641155083974203,101.16641283401987
dgn_qmix__N4__ring__seed3,dgn_qmix,coord_grid,3,2435,60900,17.0,25,0.5178829166666667,1.950847605864207,14.01123857498169,101.21039920899784
dgn_qmix__N4__ring__seed3,dgn_qmix,coord_grid,3,2436,60925,28.0,25,0.517685,2.2932624987193515,11.063538074493408,101.2582127089845
dgn_qmix__N4__ring__seed3,dgn_qmix,coord_grid,3,2437,60950,19.0,25,0.5174870833333334,3.021787335475286,7.288651466369629,101.30185141699621
dgn_qmix__N4__ring__seed3,dgn_qmix,coord_grid,3,2438,60975,20.0,25,0.5172891666666667,1.9146785040696461,9.3881147702535,101.34483108401764
dgn_qmix__N4__ring__seed3,dgn_qmix,coord_grid,3,2439,61000,19.0,25,0.51709125,2.42833478252093,8.6916663646698,101.3887330419966
dgn_qmix__N4__ring__seed3,dgn_qmix,coord_grid,3,2440,61025,31.0,25,0.5168933333333334,2.203348287514278,27.78786427634103,101.43715854198672
dgn_qmix__N4__ring__seed3,dgn_qmix,coord_grid,3,2441,61050,35.0,25,0.5166954166666666,2.81324365735054,11.246757666269938,101.48057704203529
dgn_qmix__N4__ring__seed3,dgn_qmix,coord_grid,3,2442,61075,24.0,25,0.5164975,2.1942274967829385,10.189372221628824,101.5236575420131
dgn_qmix__N4__ring__seed3,dgn_qmix,coord_grid,3,2443,61100,16.0,25,0.5162995833333333,2.5806809465090432,13.58938185373942,101.56757637503324
dgn_qmix__N4__ring__seed3,dgn_qmix,coord_grid,3,2444,61125,14.0,25,0.5161016666666667,1.3728367260524206,10.162935393197197,101.61580266698729
dgn_qmix__N4__ring__seed3,dgn_qmix,coord_grid,3,2445,61150,16.0,25,0.5159037500000001,2.428112417459488,13.290249188741049,101.65948929201113
dgn_qmix__N4__ring__seed3,dgn_qmix,coord_grid,3,2446,61175,12.0,25,0.5157058333333333,1.5269696215788524,18.758678833643597,101.70337270898744
dgn_qmix__N4__ring__seed3,dgn_qmix,coord_grid,3,2447,61200,19.0,25,0.5155079166666667,3.3218338886896768,13.454044103622437,101.74596683401614
dgn_qmix__N4__ring__seed3,dgn_qmix,coord_grid,3,2448,61225,21.0,25,0.51531,2.4160705379077365,10.126296997070312,101.79458029201487
dgn_qmix__N4__ring__seed3,dgn_qmix,coord_grid,3,2449,61250,21.0,25,0.5151120833333334,1.7954061230023701,11.724366346995035,101.8374509169953
dgn_qmix__N4__ring__seed3,dgn_qmix,coord_grid,3,2450,61275,15.0,25,0.5149141666666666,2.1184008419513702,11.174989223480225,101.88025891699363
dgn_qmix__N4__ring__seed3,dgn_qmix,coord_grid,3,2451,61300,14.0,25,0.51471625,1.6571853856245677,8.768887678782145,101.92393145902315
dgn_qmix__N4__ring__seed3,dgn_qmix,coord_grid,3,2452,61325,12.0,25,0.5145183333333334,2.331253136907305,9.817454269954137,101.9728632500046
dgn_qmix__N4__ring__seed3,dgn_qmix,coord_grid,3,2453,61350,11.0,25,0.5143204166666666,2.3328154484430947,12.93916924794515,102.01728712499607
dgn_qmix__N4__ring__seed3,dgn_qmix,coord_grid,3,2454,61375,4.0,25,0.5141225,2.1661395827929177,9.840327739715576,102.06092416698812
dgn_qmix__N4__ring__seed3,dgn_qmix,coord_grid,3,2455,61400,19.0,25,0.5139245833333334,3.3850580553213754,10.16578984260559,102.10430295899278
dgn_qmix__N4__ring__seed3,dgn_qmix,coord_grid,3,2456,61425,9.0,25,0.5137266666666667,1.9462599413735526,16.243905067443848,102.15359616698697
dgn_qmix__N4__ring__seed3,dgn_qmix,coord_grid,3,2457,61450,20.0,25,0.5135287500000001,1.928175816933314,16.801337401072185,102.1967991249985
dgn_qmix__N4__ring__seed3,dgn_qmix,coord_grid,3,2458,61475,21.0,25,0.5133308333333334,2.9671762188275657,10.662655433019003,102.23957270901883
dgn_qmix__N4__ring__seed3,dgn_qmix,coord_grid,3,2459,61500,12.0,25,0.5131329166666667,2.1874911387761435,8.194367329279581,102.28337883402128
dgn_qmix__N4__ring__seed3,dgn_qmix,coord_grid,3,2460,61525,22.0,25,0.5129349999999999,2.319347756249564,11.02104800088065,102.33147241699044
dgn_qmix__N4__ring__seed3,dgn_qmix,coord_grid,3,2461,61550,12.0,25,0.5127370833333333,2.075947185357412,14.751603762308756,102.37447691702982
dgn_qmix__N4__ring__seed3,dgn_qmix,coord_grid,3,2462,61575,21.0,25,0.5125391666666668,2.956875592470169,12.248866637547811,102.41856941703008
dgn_qmix__N4__ring__seed3,dgn_qmix,coord_grid,3,2463,61600,21.0,25,0.51234125,1.7610646684964497,15.921577056248983,102.4615764170303
dgn_qmix__N4__ring__seed3,dgn_qmix,coord_grid,3,2464,61625,10.0,25,0.5121433333333334,1.748639464378357,13.210000378744942,102.5093044170062
dgn_qmix__N4__ring__seed3,dgn_qmix,coord_grid,3,2465,61650,29.0,25,0.5119454166666667,2.8593767980734506,13.03577454884847,102.55245708400616
dgn_qmix__N4__ring__seed3,dgn_qmix,coord_grid,3,2466,61675,33.0,25,0.5117475,1.9811629851659138,14.553309758504232,102.59578700002749
dgn_qmix__N4__ring__seed3,dgn_qmix,coord_grid,3,2467,61700,11.0,25,0.5115495833333333,2.032735049724579,18.650664567947388,102.63718862499809
dgn_qmix__N4__ring__seed3,dgn_qmix,coord_grid,3,2468,61725,20.0,25,0.5113516666666666,1.6779579264777047,23.1599029813494,102.68527241703123
dgn_qmix__N4__ring__seed3,dgn_qmix,coord_grid,3,2469,61750,19.0,25,0.5111537500000001,2.0959714452425637,23.011391639709473,102.72857650002697
dgn_qmix__N4__ring__seed3,dgn_qmix,coord_grid,3,2470,61775,33.0,25,0.5109558333333333,1.094429944952329,16.31451654434204,102.7715765000321
dgn_qmix__N4__ring__seed3,dgn_qmix,coord_grid,3,2471,61800,8.0,25,0.5107579166666667,2.8447767893473306,12.888959169387817,102.83259050000925
dgn_qmix__N4__ring__seed3,dgn_qmix,coord_grid,3,2472,61825,11.0,25,0.51056,1.765392439705985,26.224762167249406,102.88172670901986
dgn_qmix__N4__ring__seed3,dgn_qmix,coord_grid,3,2473,61850,16.0,25,0.5103620833333333,2.998308618863424,22.087708314259846,102.92465958400862
dgn_qmix__N4__ring__seed3,dgn_qmix,coord_grid,3,2474,61875,20.0,25,0.5101641666666668,3.3873826265335083,15.449507077534994,102.96867058402859
dgn_qmix__N4__ring__seed3,dgn_qmix,coord_grid,3,2475,61900,11.0,25,0.5099662500000001,2.2412685453891754,13.473283688227335,103.0117591249873
dgn_qmix__N4__ring__seed3,dgn_qmix,coord_grid,3,2476,61925,19.0,25,0.5097683333333334,2.5647147383008684,10.441529682704381,103.05962004198227
dgn_qmix__N4__ring__seed3,dgn_qmix,coord_grid,3,2477,61950,27.0,25,0.5095704166666666,2.6059234738349915,11.630874156951904,103.10587679198943
dgn_qmix__N4__ring__seed3,dgn_qmix,coord_grid,3,2478,61975,14.0,25,0.5093725,1.7957831621170044,12.39784304300944,103.14727891702205
dgn_qmix__N4__ring__seed3,dgn_qmix,coord_grid,3,2479,62000,30.0,25,0.5091745833333334,2.0376055439313254,12.895915508270264,103.19085474999156
dgn_qmix__N4__ring__seed3,dgn_qmix,coord_grid,3,2480,62025,8.0,25,0.5089766666666666,3.135940739086696,20.6511013848441,103.23857729200972
dgn_qmix__N4__ring__seed3,dgn_qmix,coord_grid,3,2481,62050,21.0,25,0.5087787500000001,1.5119448900222778,16.441981474558514,103.28100608399836
dgn_qmix__N4__ring__seed3,dgn_qmix,coord_grid,3,2482,62075,22.0,25,0.5085808333333334,1.9495173394680023,15.820671161015829,103.32397312502144
dgn_qmix__N4__ring__seed3,dgn_qmix,coord_grid,3,2483,62100,12.0,25,0.5083829166666667,1.5740162233511608,14.033456087112427,103.36770991701633
dgn_qmix__N4__ring__seed3,dgn_qmix,coord_grid,3,2484,62125,21.0,25,0.508185,2.722229983125414,11.45615005493164,103.41667112498544
dgn_qmix__N4__ring__seed3,dgn_qmix,coord_grid,3,2485,62150,25.0,25,0.5079870833333333,1.7239123781522114,16.89729070663452,103.45917191699846
dgn_qmix__N4__ring__seed3,dgn_qmix,coord_grid,3,2486,62175,22.0,25,0.5077891666666667,2.122821549574534,17.02562991778056,103.50281395902857
dgn_qmix__N4__ring__seed3,dgn_qmix,coord_grid,3,2487,62200,22.0,25,0.5075912499999999,2.3862722516059875,18.138099034627277,103.54645845899358
dgn_qmix__N4__ring__seed3,dgn_qmix,coord_grid,3,2488,62225,30.0,25,0.5073933333333334,2.0919924804142545,10.06809173311506,103.5951894170139
dgn_qmix__N4__ring__seed3,dgn_qmix,coord_grid,3,2489,62250,17.0,25,0.5071954166666667,3.179311911265055,10.445736964543661,103.63899216701975
dgn_qmix__N4__ring__seed3,dgn_qmix,coord_grid,3,2490,62275,17.0,25,0.5069975,1.662521630525589,9.109005610148111,103.68805100000463
dgn_qmix__N4__ring__seed3,dgn_qmix,coord_grid,3,2491,62300,16.0,25,0.5067995833333333,2.141429901123047,10.444184064865112,103.73409158398863
dgn_qmix__N4__ring__seed3,dgn_qmix,coord_grid,3,2492,62325,20.0,25,0.5066016666666667,2.122706102473395,12.76554809297834,103.78284645901294
dgn_qmix__N4__ring__seed3,dgn_qmix,coord_grid,3,2493,62350,21.0,25,0.50640375,2.4359015623728433,15.859709898630777,103.82669683400309
dgn_qmix__N4__ring__seed3,dgn_qmix,coord_grid,3,2494,62375,33.0,25,0.5062058333333332,1.5285540123780568,13.755370457967123,103.87104699999327
dgn_qmix__N4__ring__seed3,dgn_qmix,coord_grid,3,2495,62400,32.0,25,0.5060079166666667,2.6094858646392822,12.36952002843221,103.9143625840079
dgn_qmix__N4__ring__seed3,dgn_qmix,coord_grid,3,2496,62425,20.0,25,0.5058100000000001,1.757279293877738,12.589095524379186,103.96291741699679
dgn_qmix__N4__ring__seed3,dgn_qmix,coord_grid,3,2497,62450,26.0,25,0.5056120833333333,2.0323053499062858,12.819964726765951,104.0092916249996
dgn_qmix__N4__ring__seed3,dgn_qmix,coord_grid,3,2498,62475,15.0,25,0.5054141666666667,4.0185781717300415,10.58297864596049,104.06048529199325
dgn_qmix__N4__ring__seed3,dgn_qmix,coord_grid,3,2499,62500,8.0,25,0.50521625,1.991692990064621,11.345235188802084,104.10528608399909
dgn_qmix__N4__ring__seed3,dgn_qmix,coord_grid,3,2500,62525,28.0,25,0.5050183333333333,2.1345407920224324,10.867630141122001,104.15443200001027
dgn_qmix__N4__ring__seed3,dgn_qmix,coord_grid,3,2501,62550,31.0,25,0.5048204166666667,1.9981624285380046,9.056687672932943,104.19822045898763
dgn_qmix__N4__ring__seed3,dgn_qmix,coord_grid,3,2502,62575,8.0,25,0.5046225,2.370168685913086,8.752074956893921,104.24209320900263
dgn_qmix__N4__ring__seed3,dgn_qmix,coord_grid,3,2503,62600,15.0,25,0.5044245833333334,2.028699055314064,16.972515265146892,104.28560187498806
dgn_qmix__N4__ring__seed3,dgn_qmix,coord_grid,3,2504,62625,17.0,25,0.5042266666666666,3.002984642982483,28.54220690046038,104.33388916699914
dgn_qmix__N4__ring__seed3,dgn_qmix,coord_grid,3,2505,62650,22.0,25,0.50402875,3.131307144959768,25.147308349609375,104.38021591701545
dgn_qmix__N4__ring__seed3,dgn_qmix,coord_grid,3,2506,62675,29.0,25,0.5038308333333334,2.4716012676556907,16.089125792185467,104.42505816702032
dgn_qmix__N4__ring__seed3,dgn_qmix,coord_grid,3,2507,62700,13.0,25,0.5036329166666667,2.5443929036458335,9.105998675028482,104.46872920903843
dgn_qmix__N4__ring__seed3,dgn_qmix,coord_grid,3,2508,62725,29.0,25,0.503435,1.9599944864000594,11.009761878422328,104.51751770899864
dgn_qmix__N4__ring__seed3,dgn_qmix,coord_grid,3,2509,62750,13.0,25,0.5032370833333334,1.2902537286281586,9.014519453048706,104.56169716699515
dgn_qmix__N4__ring__seed3,dgn_qmix,coord_grid,3,2510,62775,13.0,25,0.5030391666666667,1.1560096045335133,12.040144284566244,104.60597108403454
dgn_qmix__N4__ring__seed3,dgn_qmix,coord_grid,3,2511,62800,12.0,25,0.5028412499999999,2.1806987722714744,14.676911195119223,104.64995833399007
dgn_qmix__N4__ring__seed3,dgn_qmix,coord_grid,3,2512,62825,9.0,25,0.5026433333333333,2.233685391289847,15.226994173867363,104.70326366700465
dgn_qmix__N4__ring__seed3,dgn_qmix,coord_grid,3,2513,62850,21.0,25,0.5024454166666668,2.3754453559716544,9.81754763921102,104.75043537502643
dgn_qmix__N4__ring__seed3,dgn_qmix,coord_grid,3,2514,62875,15.0,25,0.5022475,1.7689855496088664,15.545276244481405,104.79377095901873
dgn_qmix__N4__ring__seed3,dgn_qmix,coord_grid,3,2515,62900,26.0,25,0.5020495833333334,1.4422144492467244,11.081063429514566,104.83682716701878
dgn_qmix__N4__ring__seed3,dgn_qmix,coord_grid,3,2516,62925,25.0,25,0.5018516666666667,2.0502317803246632,14.063942296164376,104.88600566703826
dgn_qmix__N4__ring__seed3,dgn_qmix,coord_grid,3,2517,62950,17.0,25,0.50165375,1.479601154724757,15.416774908701578,104.92931412503822
dgn_qmix__N4__ring__seed3,dgn_qmix,coord_grid,3,2518,62975,14.0,25,0.5014558333333333,2.585182865460714,15.82473341623942,104.97255441703601
dgn_qmix__N4__ring__seed3,dgn_qmix,coord_grid,3,2519,63000,22.0,25,0.5012579166666667,1.978327562411626,13.599931637446085,105.01673095900333
dgn_qmix__N4__ring__seed3,dgn_qmix,coord_grid,3,2520,63025,17.0,25,0.5010600000000001,2.1791063291685924,14.8731016431536,105.06571266701212
dgn_qmix__N4__ring__seed3,dgn_qmix,coord_grid,3,2521,63050,23.0,25,0.5008620833333333,3.47208434343338,10.475273768107096,105.10891012498178
dgn_qmix__N4__ring__seed3,dgn_qmix,coord_grid,3,2522,63075,27.0,25,0.5006641666666667,1.759706715742747,11.260363022486368,105.15419591701357
dgn_qmix__N4__ring__seed3,dgn_qmix,coord_grid,3,2523,63100,21.0,25,0.5004662500000001,3.190674146016439,12.600210348765055,105.1975432090112
dgn_qmix__N4__ring__seed3,dgn_qmix,coord_grid,3,2524,63125,26.0,25,0.5002683333333333,2.129443211214883,15.842384134020124,105.2472659170162
dgn_qmix__N4__ring__seed3,dgn_qmix,coord_grid,3,2525,63150,25.0,25,0.5000704166666666,1.0784122596184413,9.938665310541788,105.28995237499475
dgn_qmix__N4__ring__seed3,dgn_qmix,coord_grid,3,2526,63175,17.0,25,0.49987250000000005,2.1655519803365073,9.861020485560099,105.33363287500106
dgn_qmix__N4__ring__seed3,dgn_qmix,coord_grid,3,2527,63200,29.0,25,0.49967458333333337,1.4406549632549286,12.13773544629415,105.37870541703887
dgn_qmix__N4__ring__seed3,dgn_qmix,coord_grid,3,2528,63225,15.0,25,0.4994766666666667,1.9888498868261064,10.972940036228724,105.42988920898642
dgn_qmix__N4__ring__seed3,dgn_qmix,coord_grid,3,2529,63250,26.0,25,0.4992787500000001,2.9449669420719147,11.857001384099325,105.47382079198724
dgn_qmix__N4__ring__seed3,dgn_qmix,coord_grid,3,2530,63275,20.0,25,0.4990808333333334,3.008316139380137,17.06713875134786,105.51702875003684
dgn_qmix__N4__ring__seed3,dgn_qmix,coord_grid,3,2531,63300,14.0,25,0.4988829166666666,1.1661131580670674,18.205860773722332,105.56116862501949
dgn_qmix__N4__ring__seed3,dgn_qmix,coord_grid,3,2532,63325,10.0,25,0.49868500000000004,1.734992972442082,15.903210367475237,105.60907208401477
dgn_qmix__N4__ring__seed3,dgn_qmix,coord_grid,3,2533,63350,14.0,25,0.49848708333333336,1.574084570010503,13.629916111628214,105.65271295898128
dgn_qmix__N4__ring__seed3,dgn_qmix,coord_grid,3,2534,63375,21.0,25,0.49828916666666667,2.7447178661823273,14.200918118158976,105.6975937919924
dgn_qmix__N4__ring__seed3,dgn_qmix,coord_grid,3,2535,63400,7.0,25,0.49809125,2.047019670406977,13.88495667775472,105.74210116703762
dgn_qmix__N4__ring__seed3,dgn_qmix,coord_grid,3,2536,63425,19.0,25,0.4978933333333334,2.359800091811589,27.669929231916154,105.79060658399248
dgn_qmix__N4__ring__seed3,dgn_qmix,coord_grid,3,2537,63450,11.0,25,0.4976954166666667,2.980202833811442,24.575271288553875,105.83341208402999
dgn_qmix__N4__ring__seed3,dgn_qmix,coord_grid,3,2538,63475,16.0,25,0.49749750000000004,1.516202688217163,19.044536590576172,105.87586445902707
dgn_qmix__N4__ring__seed3,dgn_qmix,coord_grid,3,2539,63500,25.0,25,0.49729958333333335,2.530245761076609,14.116515159606934,105.91898854199098
dgn_qmix__N4__ring__seed3,dgn_qmix,coord_grid,3,2540,63525,14.0,25,0.49710166666666666,3.2533799409866333,9.245395864759173,105.96713029203238
dgn_qmix__N4__ring__seed3,dgn_qmix,coord_grid,3,2541,63550,25.0,25,0.49690375,2.541390120983124,15.799187660217285,106.00986670900602
dgn_qmix__N4__ring__seed3,dgn_qmix,coord_grid,3,2542,63575,19.0,25,0.4967058333333333,3.0809494853019714,15.220880031585693,106.05412491702009
dgn_qmix__N4__ring__seed3,dgn_qmix,coord_grid,3,2543,63600,21.0,25,0.4965079166666667,1.6476788620154064,16.841964880625408,106.09734287502943
dgn_qmix__N4__ring__seed3,dgn_qmix,coord_grid,3,2544,63625,19.0,25,0.49631000000000003,1.9184407421520777,16.299306392669678,106.1465136249899
dgn_qmix__N4__ring__seed3,dgn_qmix,coord_grid,3,2545,63650,20.0,25,0.49611208333333334,2.386681020259857,13.203874270121256,106.19016620900948
dgn_qmix__N4__ring__seed3,dgn_qmix,coord_grid,3,2546,63675,29.0,25,0.49591416666666677,3.8496400117874146,11.78562617301941,106.23377912503202
dgn_qmix__N4__ring__seed3,dgn_qmix,coord_grid,3,2547,63700,13.0,25,0.4957162500000001,2.0980397164821625,11.216807921727499,106.27706470899284
dgn_qmix__N4__ring__seed3,dgn_qmix,coord_grid,3,2548,63725,13.0,25,0.4955183333333333,3.412005765097482,10.581931863512311,106.32463908399222
dgn_qmix__N4__ring__seed3,dgn_qmix,coord_grid,3,2549,63750,18.0,25,0.4953204166666667,2.6414178808530173,11.118718226750692,106.36784045898821
dgn_qmix__N4__ring__seed3,dgn_qmix,coord_grid,3,2550,63775,22.0,25,0.4951225,2.8795886039733887,16.386452356974285,106.41241933399579
dgn_qmix__N4__ring__seed3,dgn_qmix,coord_grid,3,2551,63800,28.0,25,0.49492458333333333,2.5536812841892242,17.373745441436768,106.45519470900763
dgn_qmix__N4__ring__seed3,dgn_qmix,coord_grid,3,2552,63825,28.0,25,0.49472666666666665,1.975030541419983,9.085495063236781,106.50406016700435
dgn_qmix__N4__ring__seed3,dgn_qmix,coord_grid,3,2553,63850,14.0,25,0.4945287500000001,1.5448862314224243,16.517742077509563,106.5477859590319
dgn_qmix__N4__ring__seed3,dgn_qmix,coord_grid,3,2554,63875,24.0,25,0.4943308333333334,2.016715556383133,10.054929653803507,106.5921025419957
dgn_qmix__N4__ring__seed3,dgn_qmix,coord_grid,3,2555,63900,8.0,25,0.4941329166666667,1.6631495455900829,13.491154352823893,106.63538362499094
dgn_qmix__N4__ring__seed3,dgn_qmix,coord_grid,3,2556,63925,13.0,25,0.4939350000000001,2.463458393301283,17.394230161394393,106.683230500028
dgn_qmix__N4__ring__seed3,dgn_qmix,coord_grid,3,2557,63950,17.0,25,0.4937370833333333,2.081152488787969,13.94320034980774,106.72766562498873
dgn_qmix__N4__ring__seed3,dgn_qmix,coord_grid,3,2558,63975,15.0,25,0.49353916666666664,2.356204311052958,12.003429015477499,106.77124566701241
dgn_qmix__N4__ring__seed3,dgn_qmix,coord_grid,3,2559,64000,12.0,25,0.49334124999999995,2.1893656253814697,10.000407536824545,106.81469962501433
dgn_qmix__N4__ring__seed3,dgn_qmix,coord_grid,3,2560,64025,35.0,25,0.4931433333333334,2.9019128935677663,12.27602025440761,106.8637844590121
dgn_qmix__N4__ring__seed3,dgn_qmix,coord_grid,3,2561,64050,18.0,25,0.4929454166666667,2.1322970390319824,14.17362387975057,106.90686799999094
dgn_qmix__N4__ring__seed3,dgn_qmix,coord_grid,3,2562,64075,21.0,25,0.4927475,2.8025327722231546,11.87749727567037,106.95005920901895
dgn_qmix__N4__ring__seed3,dgn_qmix,coord_grid,3,2563,64100,29.0,25,0.49254958333333343,2.954724609851837,14.36600128809611,106.99371554201934
dgn_qmix__N4__ring__seed3,dgn_qmix,coord_grid,3,2564,64125,26.0,25,0.49235166666666674,2.1605847222464427,21.599970953805105,107.04292658402119
dgn_qmix__N4__ring__seed3,dgn_qmix,coord_grid,3,2565,64150,25.0,25,0.49215375000000006,3.21803946296374,12.033240715662638,107.08706487499876
dgn_qmix__N4__ring__seed3,dgn_qmix,coord_grid,3,2566,64175,28.0,25,0.49195583333333326,2.339098980029424,14.599741538365683,107.1299657500349
dgn_qmix__N4__ring__seed3,dgn_qmix,coord_grid,3,2567,64200,11.0,25,0.4917579166666667,2.6172461907068887,10.447930177052816,107.1728955419967
dgn_qmix__N4__ring__seed3,dgn_qmix,coord_grid,3,2568,64225,15.0,25,0.49156,3.1062425204685757,26.486056055341447,107.2199985840125
dgn_qmix__N4__ring__seed3,dgn_qmix,coord_grid,3,2569,64250,33.0,25,0.4913620833333333,2.512203127145767,18.358270009358723,107.26362450001761
dgn_qmix__N4__ring__seed3,dgn_qmix,coord_grid,3,2570,64275,24.0,25,0.49116416666666673,3.2010523875554404,19.9011975924174,107.3070954590221
dgn_qmix__N4__ring__seed3,dgn_qmix,coord_grid,3,2571,64300,15.0,25,0.49096625000000005,2.3185791273911796,21.246785322825115,107.35107279202202
dgn_qmix__N4__ring__seed3,dgn_qmix,coord_grid,3,2572,64325,25.0,25,0.49076833333333336,2.4203635965074812,17.360183579581125,107.40018574998248
dgn_qmix__N4__ring__seed3,dgn_qmix,coord_grid,3,2573,64350,26.0,25,0.4905704166666668,2.3239636421203613,15.05001719792684,107.444270625012
dgn_qmix__N4__ring__seed3,dgn_qmix,coord_grid,3,2574,64375,39.0,25,0.4903725,2.0666806995868683,12.349401712417603,107.48806458403124
dgn_qmix__N4__ring__seed3,dgn_qmix,coord_grid,3,2575,64400,38.0,25,0.4901745833333333,4.214062054951985,11.841468731562296,107.53165983402869
dgn_qmix__N4__ring__seed3,dgn_qmix,coord_grid,3,2576,64425,33.0,25,0.4899766666666666,2.4677567226546153,20.91384724208287,107.58058025001083
dgn_qmix__N4__ring__seed3,dgn_qmix,coord_grid,3,2577,64450,15.0,25,0.48977875000000004,3.002519170443217,12.723521709442139,107.62433229200542
dgn_qmix__N4__ring__seed3,dgn_qmix,coord_grid,3,2578,64475,19.0,25,0.48958083333333335,2.0290870368480682,17.94002691904704,107.66814170900034
dgn_qmix__N4__ring__seed3,dgn_qmix,coord_grid,3,2579,64500,16.0,25,0.48938291666666667,2.9905900160471597,20.607528765996296,107.71235475002322
dgn_qmix__N4__ring__seed3,dgn_qmix,coord_grid,3,2580,64525,38.0,25,0.4891850000000001,2.6730118904794966,19.800128936767578,107.76059087499743
dgn_qmix__N4__ring__seed3,dgn_qmix,coord_grid,3,2581,64550,21.0,25,0.4889870833333334,3.5653247435887656,16.984676996866863,107.80437641701428
dgn_qmix__N4__ring__seed3,dgn_qmix,coord_grid,3,2582,64575,30.0,25,0.4887891666666667,3.2308281660079956,16.937054713567097,107.84786500001792
dgn_qmix__N4__ring__seed3,dgn_qmix,coord_grid,3,2583,64600,1.0,25,0.4885912499999999,2.3977346817652383,16.795672178268433,107.89064204203896
dgn_qmix__N4__ring__seed3,dgn_qmix,coord_grid,3,2584,64625,6.0,25,0.48839333333333335,2.6149271556309293,12.461313724517822,107.93990716699045
dgn_qmix__N4__ring__seed3,dgn_qmix,coord_grid,3,2585,64650,13.0,25,0.48819541666666666,2.460081160068512,15.30293337504069,107.9839674590039
dgn_qmix__N4__ring__seed3,dgn_qmix,coord_grid,3,2586,64675,15.0,25,0.4879975,2.233045518398285,10.804256359736124,108.0268728340161
dgn_qmix__N4__ring__seed3,dgn_qmix,coord_grid,3,2587,64700,17.0,25,0.4877995833333334,1.5685227711995442,18.351309458414715,108.0702493340359
dgn_qmix__N4__ring__seed3,dgn_qmix,coord_grid,3,2588,64725,16.0,25,0.4876016666666667,2.2400253244808743,16.14934253692627,108.11814437498106
dgn_qmix__N4__ring__seed3,dgn_qmix,coord_grid,3,2589,64750,17.0,25,0.48740375,1.8939078946908314,12.497504234313965,108.16223454201827
dgn_qmix__N4__ring__seed3,dgn_qmix,coord_grid,3,2590,64775,26.0,25,0.48720583333333345,1.9924605290095012,12.19130309422811,108.20455583400326
dgn_qmix__N4__ring__seed3,dgn_qmix,coord_grid,3,2591,64800,25.0,25,0.48700791666666676,2.112520784139633,13.331392288208008,108.24758233403554
dgn_qmix__N4__ring__seed3,dgn_qmix,coord_grid,3,2592,64825,20.0,25,0.48680999999999996,2.921304600579398,17.374952452523367,108.29592991701793
dgn_qmix__N4__ring__seed3,dgn_qmix,coord_grid,3,2593,64850,17.0,25,0.4866120833333333,4.267013629277547,14.568657239278158,108.33912712498568
dgn_qmix__N4__ring__seed3,dgn_qmix,coord_grid,3,2594,64875,14.0,25,0.4864141666666667,2.1924229860305786,10.688744068145752,108.38210329203866
dgn_qmix__N4__ring__seed3,dgn_qmix,coord_grid,3,2595,64900,23.0,25,0.48621625,2.067965716123581,14.89111042022705,108.42592358402908
dgn_qmix__N4__ring__seed3,dgn_qmix,coord_grid,3,2596,64925,15.0,25,0.48601833333333333,2.062177002429962,10.645920549120222,108.47457341698464
dgn_qmix__N4__ring__seed3,dgn_qmix,coord_grid,3,2597,64950,22.0,25,0.48582041666666675,2.1238703628381095,10.27011775970459,108.51915512501728
dgn_qmix__N4__ring__seed3,dgn_qmix,coord_grid,3,2598,64975,11.0,25,0.48562250000000007,1.4209089577198029,17.508536020914715,108.5627889590105
dgn_qmix__N4__ring__seed3,dgn_qmix,coord_grid,3,2599,65000,14.0,25,0.4854245833333334,2.8629586696624756,13.168124357859293,108.6066400000127
dgn_qmix__N4__ring__seed3,dgn_qmix,coord_grid,3,2600,65025,12.0,25,0.4852266666666667,3.015449013028826,33.240988050188335,108.65629716700641
dgn_qmix__N4__ring__seed3,dgn_qmix,coord_grid,3,2601,65050,17.0,25,0.48502875,2.2409927745660148,27.811705430348713,108.70045708399266
dgn_qmix__N4__ring__seed3,dgn_qmix,coord_grid,3,2602,65075,17.0,25,0.4848308333333333,2.928888807694117,18.626609325408936,108.7432859170367
dgn_qmix__N4__ring__seed3,dgn_qmix,coord_grid,3,2603,65100,22.0,25,0.48463291666666664,2.7369982997576394,15.477248827616373,108.78694900003029
dgn_qmix__N4__ring__seed3,dgn_qmix,coord_grid,3,2604,65125,21.0,25,0.48443500000000006,2.434966402394431,13.090983935764857,108.83483308402356
dgn_qmix__N4__ring__seed3,dgn_qmix,coord_grid,3,2605,65150,31.0,25,0.4842370833333334,3.082394520441691,11.886488993962606,108.87772808398586
dgn_qmix__N4__ring__seed3,dgn_qmix,coord_grid,3,2606,65175,28.0,25,0.4840391666666667,2.029485901196798,14.226877689361572,108.92164870898705
dgn_qmix__N4__ring__seed3,dgn_qmix,coord_grid,3,2607,65200,37.0,25,0.4838412500000001,2.16475040713946,10.561535120010376,108.96552324999357
dgn_qmix__N4__ring__seed3,dgn_qmix,coord_grid,3,2608,65225,18.0,25,0.4836433333333334,2.420071933950697,18.370281219482422,109.0147013340029
dgn_qmix__N4__ring__seed3,dgn_qmix,coord_grid,3,2609,65250,29.0,25,0.4834454166666666,2.9549455642700195,14.537067413330078,109.05815029202495
dgn_qmix__N4__ring__seed3,dgn_qmix,coord_grid,3,2610,65275,10.0,25,0.48324749999999994,2.481359372536341,12.710292975107828,109.10064800002147
dgn_qmix__N4__ring__seed3,dgn_qmix,coord_grid,3,2611,65300,11.0,25,0.48304958333333337,2.2131963074207306,13.02909509340922,109.14366412500385
dgn_qmix__N4__ring__seed3,dgn_qmix,coord_grid,3,2612,65325,13.0,25,0.4828516666666667,2.2360836267471313,15.691323280334473,109.19234845903702
dgn_qmix__N4__ring__seed3,dgn_qmix,coord_grid,3,2613,65350,20.0,25,0.48265375,1.5480672121047974,17.510244210561115,109.23631612502504
dgn_qmix__N4__ring__seed3,dgn_qmix,coord_grid,3,2614,65375,16.0,25,0.4824558333333334,2.673823982477188,11.330692291259766,109.27976904198295
dgn_qmix__N4__ring__seed3,dgn_qmix,coord_grid,3,2615,65400,15.0,25,0.48225791666666673,2.161328653494517,10.866721630096436,109.32319374999497
dgn_qmix__N4__ring__seed3,dgn_qmix,coord_grid,3,2616,65425,23.0,25,0.48206000000000004,2.87298812185015,14.828482695988246,109.37053508398822
dgn_qmix__N4__ring__seed3,dgn_qmix,coord_grid,3,2617,65450,17.0,25,0.48186208333333336,3.5769109229246774,11.422041495641073,109.41386654198868
dgn_qmix__N4__ring__seed3,dgn_qmix,coord_grid,3,2618,65475,19.0,25,0.48166416666666667,3.4568781654040017,17.163472016652424,109.45764829200925
dgn_qmix__N4__ring__seed3,dgn_qmix,coord_grid,3,2619,65500,30.0,25,0.48146625,1.7767031987508137,13.092260201772055,109.50109279202297
dgn_qmix__N4__ring__seed3,dgn_qmix,coord_grid,3,2620,65525,23.0,25,0.4812683333333333,3.066327861377171,15.828748430524554,109.54923616698943
dgn_qmix__N4__ring__seed3,dgn_qmix,coord_grid,3,2621,65550,31.0,25,0.4810704166666667,3.635839561621348,14.679286162058512,109.59248916700017
dgn_qmix__N4__ring__seed3,dgn_qmix,coord_grid,3,2622,65575,27.0,25,0.48087250000000004,2.1893646518389382,27.110532760620117,109.6351097089937
dgn_qmix__N4__ring__seed3,dgn_qmix,coord_grid,3,2623,65600,29.0,25,0.48067458333333335,2.000946948925654,13.526534954706827,109.67828995903255
dgn_qmix__N4__ring__seed3,dgn_qmix,coord_grid,3,2624,65625,20.0,25,0.4804766666666668,1.631778163569314,13.312822886875697,109.72720070899231
dgn_qmix__N4__ring__seed3,dgn_qmix,coord_grid,3,2625,65650,17.0,25,0.4802787500000001,2.1931349436442056,13.007257223129272,109.77091041702079
dgn_qmix__N4__ring__seed3,dgn_qmix,coord_grid,3,2626,65675,17.0,25,0.4800808333333334,2.3060430387655892,17.591936588287354,109.81459308398189
dgn_qmix__N4__ring__seed3,dgn_qmix,coord_grid,3,2627,65700,19.0,25,0.4798829166666666,2.9351883133252463,12.779658794403076,109.85999083402567
dgn_qmix__N4__ring__seed3,dgn_qmix,coord_grid,3,2628,65725,16.0,25,0.47968500000000003,2.624912517411368,13.058098793029785,109.90798816701863
dgn_qmix__N4__ring__seed3,dgn_qmix,coord_grid,3,2629,65750,20.0,25,0.47948708333333334,2.7953794499238334,17.537269592285156,109.95033233403228
dgn_qmix__N4__ring__seed3,dgn_qmix,coord_grid,3,2630,65775,13.0,25,0.47928916666666666,3.6557714343070984,10.476740519205729,109.99352433398599
dgn_qmix__N4__ring__seed3,dgn_qmix,coord_grid,3,2631,65800,12.0,25,0.4790912500000001,2.1536297102769217,15.753691832224527,110.04026045900537
dgn_qmix__N4__ring__seed3,dgn_qmix,coord_grid,3,2632,65825,22.0,25,0.4788933333333334,2.834339874131339,32.823516436985564,110.08957437501522
dgn_qmix__N4__ring__seed3,dgn_qmix,coord_grid,3,2633,65850,18.0,25,0.4786954166666667,4.014084776242574,36.53790410359701,110.13373066700296
dgn_qmix__N4__ring__seed3,dgn_qmix,coord_grid,3,2634,65875,28.0,25,0.4784975,4.4800814390182495,16.562440395355225,110.17721945903031
dgn_qmix__N4__ring__seed3,dgn_qmix,coord_grid,3,2635,65900,14.0,25,0.47829958333333333,2.6357366840044656,14.436426798502604,110.21995470899856
dgn_qmix__N4__ring__seed3,dgn_qmix,coord_grid,3,2636,65925,19.0,25,0.47810166666666665,2.927512517997197,15.612818581717354,110.26832887501223
dgn_qmix__N4__ring__seed3,dgn_qmix,coord_grid,3,2637,65950,25.0,25,0.47790374999999996,2.610893885294596,14.582794666290283,110.31244220898952
dgn_qmix__N4__ring__seed3,dgn_qmix,coord_grid,3,2638,65975,9.0,25,0.4777058333333334,2.471725026766459,13.629250526428223,110.35559612500947
dgn_qmix__N4__ring__seed3,dgn_qmix,coord_grid,3,2639,66000,27.0,25,0.4775079166666667,2.809112230936686,17.937233845392864,110.39971370901912
dgn_qmix__N4__ring__seed3,dgn_qmix,coord_grid,3,2640,66025,30.0,25,0.47731,2.1326936313084195,13.273929800306048,110.44878758402774
dgn_qmix__N4__ring__seed3,dgn_qmix,coord_grid,3,2641,66050,21.0,25,0.4771120833333333,3.575932264328003,14.199148972829184,110.49214683403261
dgn_qmix__N4__ring__seed3,dgn_qmix,coord_grid,3,2642,66075,18.0,25,0.47691416666666675,3.299816350142161,12.715437014897665,110.5354074590141
dgn_qmix__N4__ring__seed3,dgn_qmix,coord_grid,3,2643,66100,11.0,25,0.47671625000000006,2.5274962186813354,15.05294672648112,110.57800354203209
dgn_qmix__N4__ring__seed3,dgn_qmix,coord_grid,3,2644,66125,34.0,25,0.47651833333333327,2.4760719452585493,16.422061102730886,110.62640175002161
dgn_qmix__N4__ring__seed3,dgn_qmix,coord_grid,3,2645,66150,28.0,25,0.4763204166666667,1.681907554467519,15.300188064575195,110.66956624999875
dgn_qmix__N4__ring__seed3,dgn_qmix,coord_grid,3,2646,66175,21.0,25,0.4761225,3.356731583674749,23.494994640350342,110.73243187501794
dgn_qmix__N4__ring__seed3,dgn_qmix,coord_grid,3,2647,66200,17.0,25,0.4759245833333333,2.745932916800181,13.381770133972168,110.7833455420332
dgn_qmix__N4__ring__seed3,dgn_qmix,coord_grid,3,2648,66225,22.0,25,0.47572666666666674,3.6352388858795166,19.08325822012765,110.84441662498284
dgn_qmix__N4__ring__seed3,dgn_qmix,coord_grid,3,2649,66250,16.0,25,0.47552875000000006,2.492643634478251,13.424606164296469,110.89440258400282
dgn_qmix__N4__ring__seed3,dgn_qmix,coord_grid,3,2650,66275,22.0,25,0.47533083333333337,3.8858101069927216,13.163970470428467,110.94122270902153
dgn_qmix__N4__ring__seed3,dgn_qmix,coord_grid,3,2651,66300,14.0,25,0.4751329166666667,3.9869411985079446,17.40383291244507,110.99110245902557
dgn_qmix__N4__ring__seed3,dgn_qmix,coord_grid,3,2652,66325,17.0,25,0.4749350000000001,2.6048408917018344,23.465418815612793,111.04391591699095
dgn_qmix__N4__ring__seed3,dgn_qmix,coord_grid,3,2653,66350,21.0,25,0.4747370833333333,2.677131801843643,25.50201145807902,111.09010937501444
dgn_qmix__N4__ring__seed3,dgn_qmix,coord_grid,3,2654,66375,22.0,25,0.4745391666666666,2.4462883671124778,22.14955425262451,111.14058195898542
dgn_qmix__N4__ring__seed3,dgn_qmix,coord_grid,3,2655,66400,21.0,25,0.47434125000000005,4.284894436597824,21.594330310821533,111.18806583399419
dgn_qmix__N4__ring__seed3,dgn_qmix,coord_grid,3,2656,66425,27.0,25,0.47414333333333336,2.9154016971588135,16.71236733027867,111.23687125003198
dgn_qmix__N4__ring__seed3,dgn_qmix,coord_grid,3,2657,66450,22.0,25,0.4739454166666667,2.904120683670044,10.442404429117838,111.27952495898353
dgn_qmix__N4__ring__seed3,dgn_qmix,coord_grid,3,2658,66475,13.0,25,0.4737475,3.682375192642212,15.110373497009277,111.32216275000246
dgn_qmix__N4__ring__seed3,dgn_qmix,coord_grid,3,2659,66500,29.0,25,0.4735495833333334,1.326497495174408,17.401640733083088,111.36557233403437
dgn_qmix__N4__ring__seed3,dgn_qmix,coord_grid,3,2660,66525,18.0,25,0.4733516666666667,2.1930820601327077,19.55988904408046,111.4161360419821
dgn_qmix__N4__ring__seed3,dgn_qmix,coord_grid,3,2661,66550,24.0,25,0.47315375000000004,2.646461009979248,16.41099961598714,111.46046704199398
dgn_qmix__N4__ring__seed3,dgn_qmix,coord_grid,3,2662,66575,19.0,25,0.47295583333333335,2.8559298515319824,24.74288336435954,111.50617329200031
dgn_qmix__N4__ring__seed3,dgn_qmix,coord_grid,3,2663,66600,33.0,25,0.47275791666666667,2.4349929690361023,14.645514806111654,111.55000370903872
dgn_qmix__N4__ring__seed3,dgn_qmix,coord_grid,3,2664,66625,14.0,25,0.47256,1.7854874985558646,31.22725146157401,111.59836691699456
dgn_qmix__N4__ring__seed3,dgn_qmix,coord_grid,3,2665,66650,21.0,25,0.4723620833333334,2.3591659665107727,22.639365514119465,111.64207229198655
dgn_qmix__N4__ring__seed3,dgn_qmix,coord_grid,3,2666,66675,26.0,25,0.4721641666666667,2.460768441359202,12.760386308034262,111.68654262501514
dgn_qmix__N4__ring__seed3,dgn_qmix,coord_grid,3,2667,66700,21.0,25,0.47196625000000003,2.280400594075521,22.064248243967693,111.73148383403895
dgn_qmix__N4__ring__seed3,dgn_qmix,coord_grid,3,2668,66725,29.0,25,0.47176833333333335,3.0455695731299266,17.396318571908132,111.78055083402433
dgn_qmix__N4__ring__seed3,dgn_qmix,coord_grid,3,2669,66750,23.0,25,0.47157041666666677,3.7705633441607156,18.272194306055706,111.82272695901338
dgn_qmix__N4__ring__seed3,dgn_qmix,coord_grid,3,2670,66775,24.0,25,0.47137249999999997,3.7981072664260864,20.59477885564168,111.86574541701702
dgn_qmix__N4__ring__seed3,dgn_qmix,coord_grid,3,2671,66800,21.0,25,0.4711745833333333,2.5607795119285583,14.828238010406494,111.91181449999567
dgn_qmix__N4__ring__seed3,dgn_qmix,coord_grid,3,2672,66825,17.0,25,0.4709766666666667,2.7561882053102766,14.269591467721122,111.96065091702621
dgn_qmix__N4__ring__seed3,dgn_qmix,coord_grid,3,2673,66850,27.0,25,0.47077875,3.5989378293355307,19.260894139607746,112.00504345900845
dgn_qmix__N4__ring__seed3,dgn_qmix,coord_grid,3,2674,66875,44.0,25,0.47058083333333334,3.4195034901301065,15.930519580841064,112.04923162498744
dgn_qmix__N4__ring__seed3,dgn_qmix,coord_grid,3,2675,66900,15.0,25,0.47038291666666665,2.9290611843268075,23.07401959101359,112.0921968339826
dgn_qmix__N4__ring__seed3,dgn_qmix,coord_grid,3,2676,66925,12.0,25,0.4701850000000001,3.262140921183995,17.773311614990234,112.14963279198855
dgn_qmix__N4__ring__seed3,dgn_qmix,coord_grid,3,2677,66950,19.0,25,0.4699870833333334,2.8195160031318665,17.307472387949627,112.19919508398743
dgn_qmix__N4__ring__seed3,dgn_qmix,coord_grid,3,2678,66975,25.0,25,0.4697891666666667,2.1748756070931754,19.16335376103719,112.24427820899291
dgn_qmix__N4__ring__seed3,dgn_qmix,coord_grid,3,2679,67000,23.0,25,0.46959125,3.475913166999817,20.183074474334717,112.28977899998426
dgn_qmix__N4__ring__seed3,dgn_qmix,coord_grid,3,2680,67025,33.0,25,0.46939333333333333,3.7257644023214067,14.16220576422555,112.33941645902814
dgn_qmix__N4__ring__seed3,dgn_qmix,coord_grid,3,2681,67050,14.0,25,0.46919541666666664,2.4729287028312683,16.788294951121014,112.38514520903118
dgn_qmix__N4__ring__seed3,dgn_qmix,coord_grid,3,2682,67075,22.0,25,0.46899750000000007,2.762380580107371,14.371479670206705,112.42906620900612
dgn_qmix__N4__ring__seed3,dgn_qmix,coord_grid,3,2683,67100,16.0,25,0.4687995833333334,4.161674936612447,15.02656658490499,112.47225195902865
dgn_qmix__N4__ring__seed3,dgn_qmix,coord_grid,3,2684,67125,33.0,25,0.4686016666666667,2.752661338874272,15.449346678597587,112.52324383403175
dgn_qmix__N4__ring__seed3,dgn_qmix,coord_grid,3,2685,67150,28.0,25,0.46840375,2.724048266808192,16.244178771972656,112.56874812499154
dgn_qmix__N4__ring__seed3,dgn_qmix,coord_grid,3,2686,67175,31.0,25,0.46820583333333343,3.8462538719177246,15.194719950358072,112.613295749994
dgn_qmix__N4__ring__seed3,dgn_qmix,coord_grid,3,2687,67200,29.0,25,0.46800791666666675,2.7223667105038962,22.34997049967448,112.6570959170349
dgn_qmix__N4__ring__seed3,dgn_qmix,coord_grid,3,2688,67225,40.0,25,0.46780999999999995,2.5427587117467607,19.55011531284877,112.70656737498939
dgn_qmix__N4__ring__seed3,dgn_qmix,coord_grid,3,2689,67250,12.0,25,0.4676120833333334,4.029302676518758,17.4948886235555,112.75369262503227
dgn_qmix__N4__ring__seed3,dgn_qmix,coord_grid,3,2690,67275,11.0,25,0.4674141666666667,3.9490332206090293,17.662893772125244,112.80133558402304
dgn_qmix__N4__ring__seed3,dgn_qmix,coord_grid,3,2691,67300,20.0,25,0.46721625,2.46400785446167,25.00054105122884,112.84727158403257
dgn_qmix__N4__ring__seed3,dgn_qmix,coord_grid,3,2692,67325,19.0,25,0.4670183333333333,3.0997927699770247,28.30343246459961,112.89697687502485
dgn_qmix__N4__ring__seed3,dgn_qmix,coord_grid,3,2693,67350,19.0,25,0.46682041666666674,3.410709043343862,22.43682289123535,112.94204275001539
dgn_qmix__N4__ring__seed3,dgn_qmix,coord_grid,3,2694,67375,17.0,25,0.46662250000000005,2.8430969516436257,20.51009400685628,112.98675412498415
dgn_qmix__N4__ring__seed3,dgn_qmix,coord_grid,3,2695,67400,16.0,25,0.46642458333333336,2.2319889267285666,15.966551144917807,113.03085929201916
dgn_qmix__N4__ring__seed3,dgn_qmix,coord_grid,3,2696,67425,23.0,25,0.4662266666666667,4.115577970232282,41.396942138671875,113.08248824998736
dgn_qmix__N4__ring__seed3,dgn_qmix,coord_grid,3,2697,67450,18.0,25,0.46602875,2.9149673779805503,37.56462701161703,113.128060750023
dgn_qmix__N4__ring__seed3,dgn_qmix,coord_grid,3,2698,67475,17.0,25,0.4658308333333333,1.7841539482275646,20.205265680948894,113.17489183403086
dgn_qmix__N4__ring__seed3,dgn_qmix,coord_grid,3,2699,67500,14.0,25,0.46563291666666673,4.278290530045827,22.207831382751465,113.22025533398846
dgn_qmix__N4__ring__seed3,dgn_qmix,coord_grid,3,2700,67525,25.0,25,0.46543500000000004,4.585627521787371,25.40683392116002,113.27070858399384
dgn_qmix__N4__ring__seed3,dgn_qmix,coord_grid,3,2701,67550,12.0,25,0.46523708333333336,3.0111380020777383,21.295886437098186,113.31620483403094
dgn_qmix__N4__ring__seed3,dgn_qmix,coord_grid,3,2702,67575,20.0,25,0.46503916666666667,2.5582042733828225,23.70215384165446,113.36047787498683
dgn_qmix__N4__ring__seed3,dgn_qmix,coord_grid,3,2703,67600,36.0,25,0.4648412500000001,3.3454055786132812,17.56181255976359,113.4052161250147
dgn_qmix__N4__ring__seed3,dgn_qmix,coord_grid,3,2704,67625,19.0,25,0.4646433333333334,2.5006390724863325,20.66420977456229,113.45608679199358
dgn_qmix__N4__ring__seed3,dgn_qmix,coord_grid,3,2705,67650,16.0,25,0.4644454166666666,2.1414266328016915,12.643984317779541,113.50270750001073
dgn_qmix__N4__ring__seed3,dgn_qmix,coord_grid,3,2706,67675,43.0,25,0.46424750000000004,2.8859329422314963,20.46552054087321,113.54770850000205
dgn_qmix__N4__ring__seed3,dgn_qmix,coord_grid,3,2707,67700,30.0,25,0.46404958333333335,2.951553205649058,19.97757625579834,113.5947318749968
dgn_qmix__N4__ring__seed3,dgn_qmix,coord_grid,3,2708,67725,21.0,25,0.46385166666666666,3.6821506364004954,19.071963174002512,113.64355912501924
dgn_qmix__N4__ring__seed3,dgn_qmix,coord_grid,3,2709,67750,20.0,25,0.46365375,3.450069546699524,14.6949831644694,113.68661083403276
dgn_qmix__N4__ring__seed3,dgn_qmix,coord_grid,3,2710,67775,22.0,25,0.4634558333333334,2.9454753001530967,16.816495259602863,113.73144608398434
dgn_qmix__N4__ring__seed3,dgn_qmix,coord_grid,3,2711,67800,16.0,25,0.4632579166666667,2.597228060166041,15.293030261993408,113.77774391701678
dgn_qmix__N4__ring__seed3,dgn_qmix,coord_grid,3,2712,67825,22.0,25,0.46306,3.714845504079546,21.022118840898788,113.82746504200622
dgn_qmix__N4__ring__seed3,dgn_qmix,coord_grid,3,2713,67850,22.0,25,0.46286208333333345,2.1128417948881784,18.99455722173055,113.87282837502426
dgn_qmix__N4__ring__seed3,dgn_qmix,coord_grid,3,2714,67875,28.0,25,0.46266416666666665,3.0688509941101074,17.762017409006756,113.92007112503052
dgn_qmix__N4__ring__seed3,dgn_qmix,coord_grid,3,2715,67900,32.0,25,0.46246624999999997,2.297107587258021,22.60688066482544,113.96467758400831
dgn_qmix__N4__ring__seed3,dgn_qmix,coord_grid,3,2716,67925,49.0,25,0.4622683333333333,3.0818484936441695,21.349468231201172,114.0147393750376
dgn_qmix__N4__ring__seed3,dgn_qmix,coord_grid,3,2717,67950,15.0,25,0.4620704166666667,2.94538007179896,20.611658255259197,114.06187995901564
dgn_qmix__N4__ring__seed3,dgn_qmix,coord_grid,3,2718,67975,29.0,25,0.4618725,4.271367381016414,18.026466846466064,114.10882720898371
dgn_qmix__N4__ring__seed3,dgn_qmix,coord_grid,3,2719,68000,27.0,25,0.46167458333333333,3.337818145751953,21.414602120717365,114.15452133398503
dgn_qmix__N4__ring__seed3,dgn_qmix,coord_grid,3,2720,68025,30.0,25,0.46147666666666676,3.3934463943753923,18.993862015860422,114.20546800002921
dgn_qmix__N4__ring__seed3,dgn_qmix,coord_grid,3,2721,68050,22.0,25,0.46127875000000007,2.8600106835365295,14.881483395894369,114.24921891698614
dgn_qmix__N4__ring__seed3,dgn_qmix,coord_grid,3,2722,68075,23.0,25,0.4610808333333334,3.0956327418486276,24.566131273905437,114.29463225003565
dgn_qmix__N4__ring__seed3,dgn_qmix,coord_grid,3,2723,68100,25.0,25,0.4608829166666667,3.7205332120259604,17.87954839070638,114.34192820900353
dgn_qmix__N4__ring__seed3,dgn_qmix,coord_grid,3,2724,68125,17.0,25,0.460685,3.5294802529471263,16.149617195129395,114.39091675000964
dgn_qmix__N4__ring__seed3,dgn_qmix,coord_grid,3,2725,68150,37.0,25,0.4604870833333333,3.2618008852005005,15.008971452713013,114.43789529200876
dgn_qmix__N4__ring__seed3,dgn_qmix,coord_grid,3,2726,68175,31.0,25,0.46028916666666664,2.1654730240503945,16.258225599924724,114.48224820900941
dgn_qmix__N4__ring__seed3,dgn_qmix,coord_grid,3,2727,68200,14.0,25,0.46009125000000006,3.831671436627706,14.373210906982422,114.526750250021
dgn_qmix__N4__ring__seed3,dgn_qmix,coord_grid,3,2728,68225,15.0,25,0.4598933333333334,4.199580226625715,29.651333536420548,114.57678116700845
dgn_qmix__N4__ring__seed3,dgn_qmix,coord_grid,3,2729,68250,34.0,25,0.4596954166666667,3.6729941169420877,50.56081295013428,114.62171345902607
dgn_qmix__N4__ring__seed3,dgn_qmix,coord_grid,3,2730,68275,25.0,25,0.4594975000000001,4.227229873339335,29.64031982421875,114.66585054202005
dgn_qmix__N4__ring__seed3,dgn_qmix,coord_grid,3,2731,68300,29.0,25,0.4592995833333333,2.5470742285251617,21.284446398417156,114.71034362498904
dgn_qmix__N4__ring__seed3,dgn_qmix,coord_grid,3,2732,68325,13.0,25,0.45910166666666663,3.034844398498535,26.51357569013323,114.7595150420093
dgn_qmix__N4__ring__seed3,dgn_qmix,coord_grid,3,2733,68350,27.0,25,0.45890374999999994,3.227443039417267,19.304205258687336,114.80248720903182
dgn_qmix__N4__ring__seed3,dgn_qmix,coord_grid,3,2734,68375,20.0,25,0.45870583333333337,3.068584601084391,20.285258928934734,114.84485575003782
dgn_qmix__N4__ring__seed3,dgn_qmix,coord_grid,3,2735,68400,25.0,25,0.4585079166666667,2.6672685543696084,21.040161927541096,114.8872452499927
dgn_qmix__N4__ring__seed3,dgn_qmix,coord_grid,3,2736,68425,19.0,25,0.45831,3.383795670100621,24.426240921020508,114.93566708400613
dgn_qmix__N4__ring__seed3,dgn_qmix,coord_grid,3,2737,68450,21.0,25,0.4581120833333334,3.0761057138442993,29.039358615875244,114.9791673750151
dgn_qmix__N4__ring__seed3,dgn_qmix,coord_grid,3,2738,68475,31.0,25,0.45791416666666673,3.0614194671312966,17.223464806874592,115.0211742920219
dgn_qmix__N4__ring__seed3,dgn_qmix,coord_grid,3,2739,68500,29.0,25,0.45771625000000005,4.093129555384318,22.49533160527547,115.06757295900024
dgn_qmix__N4__ring__seed3,dgn_qmix,coord_grid,3,2740,68525,17.0,25,0.45751833333333336,2.3807148252214705,23.03889765058245,115.11668591701891
dgn_qmix__N4__ring__seed3,dgn_qmix,coord_grid,3,2741,68550,10.0,25,0.4573204166666667,3.186550418535868,19.424309571584065,115.1612972500152
dgn_qmix__N4__ring__seed3,dgn_qmix,coord_grid,3,2742,68575,21.0,25,0.4571225,2.8625110387802124,12.633783976236979,115.20355329202721
dgn_qmix__N4__ring__seed3,dgn_qmix,coord_grid,3,2743,68600,18.0,25,0.4569245833333333,2.8835086822509766,22.299572626749676,115.2464127499843
dgn_qmix__N4__ring__seed3,dgn_qmix,coord_grid,3,2744,68625,33.0,25,0.4567266666666667,2.0993980850492204,19.281255177089147,115.29536041698884
dgn_qmix__N4__ring__seed3,dgn_qmix,coord_grid,3,2745,68650,22.0,25,0.45652875000000004,3.031053384145101,17.947415351867676,115.33932695898693
dgn_qmix__N4__ring__seed3,dgn_qmix,coord_grid,3,2746,68675,24.0,25,0.45633083333333335,4.170874943335851,17.102073192596436,115.38768616702873
dgn_qmix__N4__ring__seed3,dgn_qmix,coord_grid,3,2747,68700,20.0,25,0.4561329166666668,4.832637508710225,16.431784470876057,115.4322667089873
dgn_qmix__N4__ring__seed3,dgn_qmix,coord_grid,3,2748,68725,29.0,25,0.4559350000000001,2.5848871639796664,16.329760551452637,115.4818881250103
dgn_qmix__N4__ring__seed3,dgn_qmix,coord_grid,3,2749,68750,22.0,25,0.4557370833333333,4.489461700121562,17.682284196217854,115.52431116701337
dgn_qmix__N4__ring__seed3,dgn_qmix,coord_grid,3,2750,68775,20.0,25,0.4555391666666666,2.505341053009033,15.161072572072348,115.5656243750127
dgn_qmix__N4__ring__seed3,dgn_qmix,coord_grid,3,2751,68800,26.0,25,0.45534125000000003,3.8060021003087363,12.240128517150879,115.60917412501294
dgn_qmix__N4__ring__seed3,dgn_qmix,coord_grid,3,2752,68825,17.0,25,0.45514333333333334,3.421253740787506,13.256283419472831,115.65742858400336
dgn_qmix__N4__ring__seed3,dgn_qmix,coord_grid,3,2753,68850,19.0,25,0.45494541666666666,2.4781126777331033,17.315133571624756,115.70432458398864
dgn_qmix__N4__ring__seed3,dgn_qmix,coord_grid,3,2754,68875,19.0,25,0.4547475000000001,3.918510993321737,18.62855323155721,115.75022500002524
dgn_qmix__N4__ring__seed3,dgn_qmix,coord_grid,3,2755,68900,33.0,25,0.4545495833333334,2.5873678227265677,14.827095190684,115.79532704199664
dgn_qmix__N4__ring__seed3,dgn_qmix,coord_grid,3,2756,68925,17.0,25,0.4543516666666667,2.456677956240518,16.28326988220215,115.84532333398238
dgn_qmix__N4__ring__seed3,dgn_qmix,coord_grid,3,2757,68950,16.0,25,0.45415375,3.702355146408081,17.95659605662028,115.88860495900735
dgn_qmix__N4__ring__seed3,dgn_qmix,coord_grid,3,2758,68975,23.0,25,0.45395583333333334,4.661291003227234,21.802342891693115,115.93265708402032
dgn_qmix__N4__ring__seed3,dgn_qmix,coord_grid,3,2759,69000,38.0,25,0.45375791666666665,3.8030367692311606,17.395848910013836,115.97762545902515
dgn_qmix__N4__ring__seed3,dgn_qmix,coord_grid,3,2760,69025,31.0,25,0.45355999999999996,3.1697503668921336,48.40963690621512,116.02684820903232
dgn_qmix__N4__ring__seed3,dgn_qmix,coord_grid,3,2761,69050,12.0,25,0.4533620833333334,4.543690045674642,32.4414176940918,116.07077150000259
dgn_qmix__N4__ring__seed3,dgn_qmix,coord_grid,3,2762,69075,23.0,25,0.4531641666666667,4.679719567298889,26.72178014119466,116.11541704199044
dgn_qmix__N4__ring__seed3,dgn_qmix,coord_grid,3,2763,69100,19.0,25,0.45296625,4.444857954978943,23.017459551493328,116.16132712503895
dgn_qmix__N4__ring__seed3,dgn_qmix,coord_grid,3,2764,69125,37.0,25,0.45276833333333344,3.5201028755732944,18.77907167162214,116.2106114589842
dgn_qmix__N4__ring__seed3,dgn_qmix,coord_grid,3,2765,69150,36.0,25,0.45257041666666675,2.934570829073588,16.317465941111248,116.25488175003557
dgn_qmix__N4__ring__seed3,dgn_qmix,coord_grid,3,2766,69175,22.0,25,0.45237249999999996,4.309461901585261,15.70364260673523,116.30130795901641
dgn_qmix__N4__ring__seed3,dgn_qmix,coord_grid,3,2767,69200,27.0,25,0.45217458333333327,4.013632774353027,19.51727310816447,116.34709937503794
dgn_qmix__N4__ring__seed3,dgn_qmix,coord_grid,3,2768,69225,23.0,25,0.4519766666666667,2.897237079484122,15.670128413609095,116.39912216702942
dgn_qmix__N4__ring__seed3,dgn_qmix,coord_grid,3,2769,69250,39.0,25,0.45177875,2.922610620657603,14.518734455108643,116.44678708398715
dgn_qmix__N4__ring__seed3,dgn_qmix,coord_grid,3,2770,69275,42.0,25,0.4515808333333333,1.9173390865325928,16.217472394307453,116.49167966702953
dgn_qmix__N4__ring__seed3,dgn_qmix,coord_grid,3,2771,69300,21.0,25,0.45138291666666674,3.238766372203827,15.561289628346762,116.53609379200498
dgn_qmix__N4__ring__seed3,dgn_qmix,coord_grid,3,2772,69325,31.0,25,0.45118500000000006,4.366585918835232,14.625832830156599,116.58522579201963
dgn_qmix__N4__ring__seed3,dgn_qmix,coord_grid,3,2773,69350,5.0,25,0.45098708333333337,3.7227205435434976,14.93870751063029,116.6298811250017
dgn_qmix__N4__ring__seed3,dgn_qmix,coord_grid,3,2774,69375,25.0,25,0.4507891666666668,3.4218389689922333,18.454479853312176,116.67502241698094
dgn_qmix__N4__ring__seed3,dgn_qmix,coord_grid,3,2775,69400,25.0,25,0.45059125,2.979085683822632,18.762665112813313,116.72087837499566
dgn_qmix__N4__ring__seed3,dgn_qmix,coord_grid,3,2776,69425,30.0,25,0.4503933333333333,3.4376658030918668,18.333655084882462,116.77178029203787
dgn_qmix__N4__ring__seed3,dgn_qmix,coord_grid,3,2777,69450,25.0,25,0.4501954166666666,2.198486606280009,17.6788117090861,116.81753862503683
dgn_qmix__N4__ring__seed3,dgn_qmix,coord_grid,3,2778,69475,21.0,25,0.44999750000000005,4.369867006937663,21.35026963551839,116.8609479169827
dgn_qmix__N4__ring__seed3,dgn_qmix,coord_grid,3,2779,69500,18.0,25,0.44979958333333336,3.369172215461731,18.342773914337158,116.90354512503836
dgn_qmix__N4__ring__seed3,dgn_qmix,coord_grid,3,2780,69525,37.0,25,0.4496016666666667,3.310578567641122,14.370604242597308,116.95483666699147
dgn_qmix__N4__ring__seed3,dgn_qmix,coord_grid,3,2781,69550,19.0,25,0.4494037500000001,4.0258263150850935,15.132274548212687,117.00216920900857
dgn_qmix__N4__ring__seed3,dgn_qmix,coord_grid,3,2782,69575,16.0,25,0.4492058333333334,3.4122902750968933,15.776992321014404,117.04716704203747
dgn_qmix__N4__ring__seed3,dgn_qmix,coord_grid,3,2783,69600,26.0,25,0.44900791666666673,4.118451416492462,15.643463293711344,117.09114675002638
dgn_qmix__N4__ring__seed3,dgn_qmix,coord_grid,3,2784,69625,26.0,25,0.44880999999999993,3.1067064830235074,28.814667293003627,117.14077008399181
dgn_qmix__N4__ring__seed3,dgn_qmix,coord_grid,3,2785,69650,26.0,25,0.44861208333333336,4.144514441490173,23.30546808242798,117.1847800000105
dgn_qmix__N4__ring__seed3,dgn_qmix,coord_grid,3,2786,69675,28.0,25,0.44841416666666667,3.3109044631322226,22.923936367034912,117.22950449999189
dgn_qmix__N4__ring__seed3,dgn_qmix,coord_grid,3,2787,69700,27.0,25,0.44821625,4.386219382286072,24.70315472284953,117.27475779200904
dgn_qmix__N4__ring__seed3,dgn_qmix,coord_grid,3,2788,69725,26.0,25,0.4480183333333334,2.825088313647679,34.39858940669468,117.3263646250125
dgn_qmix__N4__ring__seed3,dgn_qmix,coord_grid,3,2789,69750,13.0,25,0.4478204166666667,3.8271102905273438,32.48728815714518,117.37141841702396
dgn_qmix__N4__ring__seed3,dgn_qmix,coord_grid,3,2790,69775,27.0,25,0.44762250000000003,2.3267662723859153,26.20718002319336,117.41572929202812
dgn_qmix__N4__ring__seed3,dgn_qmix,coord_grid,3,2791,69800,41.0,25,0.44742458333333335,2.8987439274787903,23.52705494562785,117.46107808401575
dgn_qmix__N4__ring__seed3,dgn_qmix,coord_grid,3,2792,69825,21.0,25,0.44722666666666666,2.680502040045602,55.68495505196707,117.51116699998965
dgn_qmix__N4__ring__seed3,dgn_qmix,coord_grid,3,2793,69850,37.0,25,0.44702875,5.332115749518077,34.72973378499349,117.55665295902872
dgn_qmix__N4__ring__seed3,dgn_qmix,coord_grid,3,2794,69875,27.0,25,0.4468308333333333,2.4968807697296143,16.580470244089764,117.60351958399406
dgn_qmix__N4__ring__seed3,dgn_qmix,coord_grid,3,2795,69900,25.0,25,0.4466329166666667,5.765364567438762,20.15233580271403,117.65021683403756
dgn_qmix__N4__ring__seed3,dgn_qmix,coord_grid,3,2796,69925,23.0,25,0.446435,4.128672071865627,33.82448019300188,117.7005004590028
dgn_qmix__N4__ring__seed3,dgn_qmix,coord_grid,3,2797,69950,20.0,25,0.44623708333333334,3.447379191716512,27.21004835764567,117.74462733400287
dgn_qmix__N4__ring__seed3,dgn_qmix,coord_grid,3,2798,69975,42.0,25,0.44603916666666676,3.2070831855138144,24.84814739227295,117.78925958403852
dgn_qmix__N4__ring__seed3,dgn_qmix,coord_grid,3,2799,70000,20.0,25,0.4458412500000001,4.976183036963145,22.75470495223999,117.83592691703234
dgn_qmix__N4__ring__seed3,dgn_qmix,coord_grid,3,2800,70025,26.0,25,0.4456433333333334,3.4932076249803816,19.25612681252616,117.88702387502417
dgn_qmix__N4__ring__seed3,dgn_qmix,coord_grid,3,2801,70050,19.0,25,0.4454454166666666,3.481416900952657,14.95858097076416,117.93162837502314
dgn_qmix__N4__ring__seed3,dgn_qmix,coord_grid,3,2802,70075,20.0,25,0.4452475,3.186434328556061,15.877946058909098,117.97855358402012
dgn_qmix__N4__ring__seed3,dgn_qmix,coord_grid,3,2803,70100,36.0,25,0.44504958333333333,4.902346134185791,16.642014503479004,118.0217811249895
dgn_qmix__N4__ring__seed3,dgn_qmix,coord_grid,3,2804,70125,23.0,25,0.44485166666666665,4.803536261831011,15.41812242780413,118.07064804201946
dgn_qmix__N4__ring__seed3,dgn_qmix,coord_grid,3,2805,70150,27.0,25,0.44465375000000007,2.853131969769796,20.967748483022053,118.11566066701198
dgn_qmix__N4__ring__seed3,dgn_qmix,coord_grid,3,2806,70175,21.0,25,0.4444558333333334,3.073913832505544,21.253215154012043,118.15962537500309
dgn_qmix__N4__ring__seed3,dgn_qmix,coord_grid,3,2807,70200,10.0,25,0.4442579166666667,2.4484585920969644,18.828396479288738,118.20477504201699
dgn_qmix__N4__ring__seed3,dgn_qmix,coord_grid,3,2808,70225,13.0,25,0.44406,4.815239429473877,16.462803431919642,118.2532394999871
dgn_qmix__N4__ring__seed3,dgn_qmix,coord_grid,3,2809,70250,23.0,25,0.44386208333333343,4.457865476608276,20.48503017425537,118.29724591702688
dgn_qmix__N4__ring__seed3,dgn_qmix,coord_grid,3,2810,70275,23.0,25,0.44366416666666664,2.3480791648228965,24.51705328623454,118.3400212500128
dgn_qmix__N4__ring__seed3,dgn_qmix,coord_grid,3,2811,70300,13.0,25,0.44346624999999995,4.959850311279297,29.480349858601887,118.38432608399307
dgn_qmix__N4__ring__seed3,dgn_qmix,coord_grid,3,2812,70325,10.0,25,0.4432683333333334,4.652457169124058,28.363805498395646,118.43230500002392
dgn_qmix__N4__ring__seed3,dgn_qmix,coord_grid,3,2813,70350,32.0,25,0.4430704166666667,3.0157202879587808,34.40489021937052,118.4754500000272
dgn_qmix__N4__ring__seed3,dgn_qmix,coord_grid,3,2814,70375,18.0,25,0.4428725,5.310226758321126,21.354187806447346,118.51938625000184
dgn_qmix__N4__ring__seed3,dgn_qmix,coord_grid,3,2815,70400,26.0,25,0.4426745833333334,3.054582397143046,19.60816224416097,118.56229025003267
dgn_qmix__N4__ring__seed3,dgn_qmix,coord_grid,3,2816,70425,28.0,25,0.44247666666666674,2.2099345411573137,23.478666305541992,118.61175829201238
dgn_qmix__N4__ring__seed3,dgn_qmix,coord_grid,3,2817,70450,23.0,25,0.44227875000000005,3.406708240509033,25.58609628677368,118.65420500002801
dgn_qmix__N4__ring__seed3,dgn_qmix,coord_grid,3,2818,70475,35.0,25,0.44208083333333337,2.5711139837900796,16.515368779500324,118.6983913340373
dgn_qmix__N4__ring__seed3,dgn_qmix,coord_grid,3,2819,70500,35.0,25,0.4418829166666667,3.594930946826935,17.116555054982502,118.74274750001496
dgn_qmix__N4__ring__seed3,dgn_qmix,coord_grid,3,2820,70525,26.0,25,0.441685,3.7986844948359897,22.853964941842214,118.79103016701993
dgn_qmix__N4__ring__seed3,dgn_qmix,coord_grid,3,2821,70550,40.0,25,0.4414870833333333,4.283741315205892,21.221923351287842,118.83550600003218
dgn_qmix__N4__ring__seed3,dgn_qmix,coord_grid,3,2822,70575,30.0,25,0.44128916666666673,3.128760059674581,19.890565236409504,118.87724583403906
dgn_qmix__N4__ring__seed3,dgn_qmix,coord_grid,3,2823,70600,26.0,25,0.44109125000000005,4.063020646572113,24.308261394500732,118.92012504203012
dgn_qmix__N4__ring__seed3,dgn_qmix,coord_grid,3,2824,70625,30.0,25,0.44089333333333336,4.753107990537371,50.64466776166643,118.96874049998587
dgn_qmix__N4__ring__seed3,dgn_qmix,coord_grid,3,2825,70650,23.0,25,0.4406954166666667,3.8035653034845986,49.12061087290446,119.01165104203392
dgn_qmix__N4__ring__seed3,dgn_qmix,coord_grid,3,2826,70675,30.0,25,0.4404975000000001,5.267466187477112,28.824489911397297,119.05507904203841
dgn_qmix__N4__ring__seed3,dgn_qmix,coord_grid,3,2827,70700,13.0,25,0.4402995833333333,5.163380146026611,21.205247084299724,119.09906587499427
dgn_qmix__N4__ring__seed3,dgn_qmix,coord_grid,3,2828,70725,27.0,25,0.4401016666666666,5.188072834696088,23.490957532610214,119.1478033750318
dgn_qmix__N4__ring__seed3,dgn_qmix,coord_grid,3,2829,70750,24.0,25,0.43990375000000004,2.381892999013265,18.875637531280518,119.19096354203066
dgn_qmix__N4__ring__seed3,dgn_qmix,coord_grid,3,2830,70775,16.0,25,0.43970583333333335,4.5622573892275495,28.171817461649578,119.23463458399056
dgn_qmix__N4__ring__seed3,dgn_qmix,coord_grid,3,2831,70800,20.0,25,0.43950791666666666,3.757052997748057,18.8180513381958,119.27738520898856
dgn_qmix__N4__ring__seed3,dgn_qmix,coord_grid,3,2832,70825,35.0,25,0.4393100000000001,4.141039609909058,17.374897820608957,119.32591050001793
dgn_qmix__N4__ring__seed3,dgn_qmix,coord_grid,3,2833,70850,29.0,25,0.4391120833333334,4.641753633817037,24.889336109161377,119.37065487500513
dgn_qmix__N4__ring__seed3,dgn_qmix,coord_grid,3,2834,70875,16.0,25,0.4389141666666667,3.2147117058436074,27.42561626434326,119.41485029202886
dgn_qmix__N4__ring__seed3,dgn_qmix,coord_grid,3,2835,70900,26.0,25,0.43871625000000003,3.672222892443339,24.114402453104656,119.46076008403907
dgn_qmix__N4__ring__seed3,dgn_qmix,coord_grid,3,2836,70925,9.0,25,0.43851833333333334,4.457797459193638,16.791586058480398,119.5090149170137
dgn_qmix__N4__ring__seed3,dgn_qmix,coord_grid,3,2837,70950,21.0,25,0.43832041666666666,3.107349216938019,16.83337386449178,119.55351129203336
dgn_qmix__N4__ring__seed3,dgn_qmix,coord_grid,3,2838,70975,33.0,25,0.43812249999999997,5.241041620572408,21.059590816497803,119.5983263340313
dgn_qmix__N4__ring__seed3,dgn_qmix,coord_grid,3,2839,71000,29.0,25,0.4379245833333334,3.775049845377604,21.956645170847576,119.64225829200586
dgn_qmix__N4__ring__seed3,dgn_qmix,coord_grid,3,2840,71025,18.0,25,0.4377266666666667,4.155140025275094,21.71541472843715,119.69086316699395
dgn_qmix__N4__ring__seed3,dgn_qmix,coord_grid,3,2841,71050,18.0,25,0.43752875,4.978377779324849,32.28185224533081,119.73417662503198
dgn_qmix__N4__ring__seed3,dgn_qmix,coord_grid,3,2842,71075,23.0,25,0.43733083333333334,3.778848707675934,33.9207550684611,119.77752245898591
dgn_qmix__N4__ring__seed3,dgn_qmix,coord_grid,3,2843,71100,30.0,25,0.43713291666666676,5.091228326161702,36.96836932500204,119.8211158750346
dgn_qmix__N4__ring__seed3,dgn_qmix,coord_grid,3,2844,71125,44.0,25,0.4369350000000001,2.9026159729276384,32.930042675563264,119.87038650002796
dgn_qmix__N4__ring__seed3,dgn_qmix,coord_grid,3,2845,71150,30.0,25,0.4367370833333333,3.4993645747502646,24.602492173512776,119.91471158398781
dgn_qmix__N4__ring__seed3,dgn_qmix,coord_grid,3,2846,71175,23.0,25,0.4365391666666667,4.905824859937032,37.38179461161295,119.95851870899787
dgn_qmix__N4__ring__seed3,dgn_qmix,coord_grid,3,2847,71200,42.0,25,0.43634125,4.046982030073802,33.1102024714152,120.0027514169924
dgn_qmix__N4__ring__seed3,dgn_qmix,coord_grid,3,2848,71225,24.0,25,0.4361433333333333,4.2250688927514215,18.550757271902903,120.05084841698408
dgn_qmix__N4__ring__seed3,dgn_qmix,coord_grid,3,2849,71250,37.0,25,0.43594541666666675,2.3703755537668862,19.153995037078857,120.09604450000916
dgn_qmix__N4__ring__seed3,dgn_qmix,coord_grid,3,2850,71275,51.0,25,0.43574750000000007,3.5368638038635254,15.39958635965983,120.13935599999968
dgn_qmix__N4__ring__seed3,dgn_qmix,coord_grid,3,2851,71300,20.0,25,0.4355495833333334,3.0885141690572104,23.158377806345623,120.1838423750014
dgn_qmix__N4__ring__seed3,dgn_qmix,coord_grid,3,2852,71325,36.0,25,0.4353516666666667,3.144078552722931,35.46723583766392,120.23318141698837
dgn_qmix__N4__ring__seed3,dgn_qmix,coord_grid,3,2853,71350,18.0,25,0.43515375,4.130379478136699,22.98553721110026,120.27673974999925
dgn_qmix__N4__ring__seed3,dgn_qmix,coord_grid,3,2854,71375,38.0,25,0.4349558333333333,2.2441683610280356,21.10845359166463,120.32008087501163
dgn_qmix__N4__ring__seed3,dgn_qmix,coord_grid,3,2855,71400,38.0,25,0.43475791666666663,4.6759834090868635,26.080633481343586,120.36481916700723
dgn_qmix__N4__ring__seed3,dgn_qmix,coord_grid,3,2856,71425,7.0,25,0.43456000000000006,3.3600689513342723,46.75217819213867,120.41659899998922
dgn_qmix__N4__ring__seed3,dgn_qmix,coord_grid,3,2857,71450,16.0,25,0.43436208333333337,2.9244362115859985,32.42082722981771,120.45893266698113
dgn_qmix__N4__ring__seed3,dgn_qmix,coord_grid,3,2858,71475,24.0,25,0.4341641666666667,4.633620262145996,19.41038926442464,120.50193529203534
dgn_qmix__N4__ring__seed3,dgn_qmix,coord_grid,3,2859,71500,32.0,25,0.43396625,4.7155770262082415,27.21180486679077,120.54537675000029
dgn_qmix__N4__ring__seed3,dgn_qmix,coord_grid,3,2860,71525,41.0,25,0.4337683333333334,3.6215668746403287,27.002259935651505,120.59389612503583
dgn_qmix__N4__ring__seed3,dgn_qmix,coord_grid,3,2861,71550,31.0,25,0.43357041666666674,4.09034788608551,23.700268427530926,120.63689170900034
dgn_qmix__N4__ring__seed3,dgn_qmix,coord_grid,3,2862,71575,34.0,25,0.43337249999999994,3.3619921604792276,18.743204593658447,120.68073266703868
dgn_qmix__N4__ring__seed3,dgn_qmix,coord_grid,3,2863,71600,47.0,25,0.43317458333333336,5.370027740796407,28.168810208638508,120.72419008403085
dgn_qmix__N4__ring__seed3,dgn_qmix,coord_grid,3,2864,71625,26.0,25,0.4329766666666667,3.2897260870252336,19.20189094543457,120.7741634999984
dgn_qmix__N4__ring__seed3,dgn_qmix,coord_grid,3,2865,71650,21.0,25,0.43277875,2.7703402042388916,23.521708647410076,120.82123645901447
dgn_qmix__N4__ring__seed3,dgn_qmix,coord_grid,3,2866,71675,27.0,25,0.4325808333333333,3.566085696220398,27.302728017171223,120.86527158401441
dgn_qmix__N4__ring__seed3,dgn_qmix,coord_grid,3,2867,71700,31.0,25,0.43238291666666673,3.5506682991981506,27.617705186208088,120.90843125001993
dgn_qmix__N4__ring__seed3,dgn_qmix,coord_grid,3,2868,71725,24.0,25,0.43218500000000004,3.758206299373082,23.97214330945696,120.95716987503693
dgn_qmix__N4__ring__seed3,dgn_qmix,coord_grid,3,2869,71750,47.0,25,0.43198708333333335,3.806312362353007,25.936818440755207,121.00073279201752
dgn_qmix__N4__ring__seed3,dgn_qmix,coord_grid,3,2870,71775,18.0,25,0.4317891666666668,4.349493602911632,32.36916478474935,121.04397962498479
dgn_qmix__N4__ring__seed3,dgn_qmix,coord_grid,3,2871,71800,26.0,25,0.43159125,4.111266632874806,39.3453262646993,121.08725112501998
dgn_qmix__N4__ring__seed3,dgn_qmix,coord_grid,3,2872,71825,24.0,25,0.4313933333333333,3.8412215198789323,34.666211536952424,121.13555062498199
dgn_qmix__N4__ring__seed3,dgn_qmix,coord_grid,3,2873,71850,45.0,25,0.4311954166666667,3.59406844774882,15.923714478810629,121.1792419590056
dgn_qmix__N4__ring__seed3,dgn_qmix,coord_grid,3,2874,71875,20.0,25,0.43099750000000003,3.880956689516703,16.847764650980633,121.22306391701568
dgn_qmix__N4__ring__seed3,dgn_qmix,coord_grid,3,2875,71900,27.0,25,0.43079958333333335,4.2798542976379395,26.544265747070312,121.26657170901308
dgn_qmix__N4__ring__seed3,dgn_qmix,coord_grid,3,2876,71925,22.0,25,0.43060166666666666,4.788152354104178,26.003632409232004,121.31571962498128
dgn_qmix__N4__ring__seed3,dgn_qmix,coord_grid,3,2877,71950,44.0,25,0.4304037500000001,4.154233733812968,24.006065368652344,121.35955241700867
dgn_qmix__N4__ring__seed3,dgn_qmix,coord_grid,3,2878,71975,32.0,25,0.4302058333333334,3.789219339688619,25.82256857554118,121.4029215000337
dgn_qmix__N4__ring__seed3,dgn_qmix,coord_grid,3,2879,72000,18.0,25,0.4300079166666667,4.29255348443985,21.7069190343221,121.44727045902982
dgn_qmix__N4__ring__seed3,dgn_qmix,coord_grid,3,2880,72025,22.0,25,0.42981,4.392608148711068,23.350637980869838,121.49589862499852
dgn_qmix__N4__ring__seed3,dgn_qmix,coord_grid,3,2881,72050,34.0,25,0.42961208333333334,7.226743062337239,22.38182322184245,121.53968225000426
dgn_qmix__N4__ring__seed3,dgn_qmix,coord_grid,3,2882,72075,46.0,25,0.42941416666666665,4.194359143575032,25.00893433888753,121.58339658402838
dgn_qmix__N4__ring__seed3,dgn_qmix,coord_grid,3,2883,72100,26.0,25,0.42921624999999997,2.8008399407068887,19.819005012512207,121.62701220903546
dgn_qmix__N4__ring__seed3,dgn_qmix,coord_grid,3,2884,72125,36.0,25,0.4290183333333334,4.558437006814139,19.263324192592076,121.67547775001731
dgn_qmix__N4__ring__seed3,dgn_qmix,coord_grid,3,2885,72150,35.0,25,0.4288204166666667,3.6785717010498047,23.490668137868244,121.71949029201642
dgn_qmix__N4__ring__seed3,dgn_qmix,coord_grid,3,2886,72175,22.0,25,0.4286225,4.803311228752136,21.716846148173016,121.76308312499896
dgn_qmix__N4__ring__seed3,dgn_qmix,coord_grid,3,2887,72200,17.0,25,0.42842458333333344,3.6907156109809875,28.487826029459637,121.8068403750076
dgn_qmix__N4__ring__seed3,dgn_qmix,coord_grid,3,2888,72225,42.0,25,0.42822666666666664,4.410152980259487,54.201070240565706,121.85617020900827
dgn_qmix__N4__ring__seed3,dgn_qmix,coord_grid,3,2889,72250,24.0,25,0.42802874999999996,4.671632607777913,48.67447249094645,121.89950166700874
dgn_qmix__N4__ring__seed3,dgn_qmix,coord_grid,3,2890,72275,19.0,25,0.4278308333333334,2.349348564942678,41.081485748291016,121.94368249998661
dgn_qmix__N4__ring__seed3,dgn_qmix,coord_grid,3,2891,72300,23.0,25,0.4276329166666667,4.816553711891174,28.883233547210693,121.98710770899197
dgn_qmix__N4__ring__seed3,dgn_qmix,coord_grid,3,2892,72325,25.0,25,0.427435,3.8424034118652344,31.264144897460938,122.03571829199791
dgn_qmix__N4__ring__seed3,dgn_qmix,coord_grid,3,2893,72350,23.0,25,0.4272370833333333,2.8315160274505615,17.692639986673992,122.07939212501515
dgn_qmix__N4__ring__seed3,dgn_qmix,coord_grid,3,2894,72375,17.0,25,0.42703916666666675,3.3845115900039673,20.34208647410075,122.12281091703335
dgn_qmix__N4__ring__seed3,dgn_qmix,coord_grid,3,2895,72400,37.0,25,0.42684125000000006,3.620843311150869,20.10141372680664,122.16620274999877
dgn_qmix__N4__ring__seed3,dgn_qmix,coord_grid,3,2896,72425,35.0,25,0.4266433333333334,4.396856478282383,20.059012140546525,122.21577650000108
dgn_qmix__N4__ring__seed3,dgn_qmix,coord_grid,3,2897,72450,20.0,25,0.4264454166666667,3.8646202882130942,31.555777549743652,122.25989291700535
dgn_qmix__N4__ring__seed3,dgn_qmix,coord_grid,3,2898,72475,28.0,25,0.4262475,4.856339355309804,31.828893661499023,122.30352091701934
dgn_qmix__N4__ring__seed3,dgn_qmix,coord_grid,3,2899,72500,35.0,25,0.4260495833333333,3.9512165784835815,26.329941431681316,122.34696624998469
dgn_qmix__N4__ring__seed3,dgn_qmix,coord_grid,3,2900,72525,35.0,25,0.42585166666666663,2.7638426508222307,35.11219460623605,122.39530083403224
dgn_qmix__N4__ring__seed3,dgn_qmix,coord_grid,3,2901,72550,16.0,25,0.42565375000000005,3.9962450663248696,19.22079563140869,122.43936424999265
dgn_qmix__N4__ring__seed3,dgn_qmix,coord_grid,3,2902,72575,25.0,25,0.42545583333333337,5.00789737701416,17.23179753621419,122.48308750003343
dgn_qmix__N4__ring__seed3,dgn_qmix,coord_grid,3,2903,72600,31.0,25,0.4252579166666667,3.733131925264994,22.394497235616047,122.52724637498613
dgn_qmix__N4__ring__seed3,dgn_qmix,coord_grid,3,2904,72625,13.0,25,0.4250600000000001,3.4424547127314975,20.03155381338937,122.57572962500853
dgn_qmix__N4__ring__seed3,dgn_qmix,coord_grid,3,2905,72650,26.0,25,0.4248620833333334,4.276341100533803,35.598822911580406,122.61961500003235
dgn_qmix__N4__ring__seed3,dgn_qmix,coord_grid,3,2906,72675,33.0,25,0.4246641666666666,4.284436762332916,20.68038002649943,122.66476420901017
dgn_qmix__N4__ring__seed3,dgn_qmix,coord_grid,3,2907,72700,44.0,25,0.42446625000000004,4.377632061640422,21.527673085530598,122.70973387500271
dgn_qmix__N4__ring__seed3,dgn_qmix,coord_grid,3,2908,72725,21.0,25,0.42426833333333336,4.916107620511736,30.02177619934082,122.75844812503783
dgn_qmix__N4__ring__seed3,dgn_qmix,coord_grid,3,2909,72750,14.0,25,0.42407041666666667,5.2168479561805725,31.698285420735676,122.80195266701048
dgn_qmix__N4__ring__seed3,dgn_qmix,coord_grid,3,2910,72775,19.0,25,0.4238725,5.325038115183513,21.02025047938029,122.84524616703857
dgn_qmix__N4__ring__seed3,dgn_qmix,coord_grid,3,2911,72800,20.0,25,0.4236745833333334,3.4354244073232016,30.170752843221027,122.88827483402565
dgn_qmix__N4__ring__seed3,dgn_qmix,coord_grid,3,2912,72825,22.0,25,0.4234766666666667,3.8129848752702986,27.798288072858536,122.93713104201015
dgn_qmix__N4__ring__seed3,dgn_qmix,coord_grid,3,2913,72850,16.0,25,0.42327875000000004,5.273896972338359,25.930694262186687,122.9807154170121
dgn_qmix__N4__ring__seed3,dgn_qmix,coord_grid,3,2914,72875,30.0,25,0.42308083333333335,5.659066438674927,23.17399724324544,123.02490000001853
dgn_qmix__N4__ring__seed3,dgn_qmix,coord_grid,3,2915,72900,22.0,25,0.42288291666666666,5.081809103488922,17.07389958699544,123.0689888750203
dgn_qmix__N4__ring__seed3,dgn_qmix,coord_grid,3,2916,72925,24.0,25,0.422685,4.96120194026402,23.678458622523717,123.1157656669966
dgn_qmix__N4__ring__seed3,dgn_qmix,coord_grid,3,2917,72950,32.0,25,0.4224870833333333,5.946911891301473,24.7174498240153,123.15913512499537
dgn_qmix__N4__ring__seed3,dgn_qmix,coord_grid,3,2918,72975,24.0,25,0.4222891666666667,3.6135291258494058,23.109571139017742,123.20413725002436
dgn_qmix__N4__ring__seed3,dgn_qmix,coord_grid,3,2919,73000,36.0,25,0.42209125000000003,5.625527163346608,27.072357813517254,123.24789970903657
dgn_qmix__N4__ring__seed3,dgn_qmix,coord_grid,3,2920,73025,27.0,25,0.42189333333333334,4.778084567614964,54.70274788992746,123.29662683402421
dgn_qmix__N4__ring__seed3,dgn_qmix,coord_grid,3,2921,73050,23.0,25,0.42169541666666677,3.7055821220080056,38.471312522888184,123.34051549999276
dgn_qmix__N4__ring__seed3,dgn_qmix,coord_grid,3,2922,73075,14.0,25,0.4214975000000001,3.4662317037582397,17.884968757629395,123.38518966699485
dgn_qmix__N4__ring__seed3,dgn_qmix,coord_grid,3,2923,73100,19.0,25,0.4212995833333333,4.292160491148631,20.423688729604084,123.42914691701299
dgn_qmix__N4__ring__seed3,dgn_qmix,coord_grid,3,2924,73125,34.0,25,0.4211016666666667,4.182374255997794,19.552377564566477,123.47824679198675
dgn_qmix__N4__ring__seed3,dgn_qmix,coord_grid,3,2925,73150,28.0,25,0.42090375,3.666740814844767,21.078301429748535,123.52185366698541
dgn_qmix__N4__ring__seed3,dgn_qmix,coord_grid,3,2926,73175,29.0,25,0.42070583333333333,4.10091511408488,22.922827402750652,123.56556200003251
dgn_qmix__N4__ring__seed3,dgn_qmix,coord_grid,3,2927,73200,20.0,25,0.42050791666666665,4.51704603433609,26.105225880940754,123.6093950420036
dgn_qmix__N4__ring__seed3,dgn_qmix,coord_grid,3,2928,73225,27.0,25,0.4203100000000001,3.5760226249694824,32.429158210754395,123.65850229200441
dgn_qmix__N4__ring__seed3,dgn_qmix,coord_grid,3,2929,73250,15.0,25,0.4201120833333334,7.132580439249675,22.88912073771159,123.70237612503115
dgn_qmix__N4__ring__seed3,dgn_qmix,coord_grid,3,2930,73275,28.0,25,0.4199141666666667,3.2519755760828652,30.35661554336548,123.7449052919983
dgn_qmix__N4__ring__seed3,dgn_qmix,coord_grid,3,2931,73300,43.0,25,0.4197162500000001,4.976278364658356,21.098775068918865,123.7885790420114
dgn_qmix__N4__ring__seed3,dgn_qmix,coord_grid,3,2932,73325,28.0,25,0.4195183333333333,3.91194064276559,20.0207029070173,123.8382908750209
dgn_qmix__N4__ring__seed3,dgn_qmix,coord_grid,3,2933,73350,20.0,25,0.41932041666666664,5.394517103830974,23.866695721944172,123.88237975002266
dgn_qmix__N4__ring__seed3,dgn_qmix,coord_grid,3,2934,73375,26.0,25,0.41912249999999995,4.97625329097112,24.117236137390137,123.92624470900046
dgn_qmix__N4__ring__seed3,dgn_qmix,coord_grid,3,2935,73400,32.0,25,0.4189245833333334,3.133829653263092,22.554370403289795,123.96981824998511
dgn_qmix__N4__ring__seed3,dgn_qmix,coord_grid,3,2936,73425,24.0,25,0.4187266666666667,4.82578570502145,27.303890500749862,124.01804250001442
dgn_qmix__N4__ring__seed3,dgn_qmix,coord_grid,3,2937,73450,24.0,25,0.41852875,4.781429012616475,21.71602201461792,124.06162333401153
dgn_qmix__N4__ring__seed3,dgn_qmix,coord_grid,3,2938,73475,21.0,25,0.41833083333333343,4.306223173936208,26.077871163686115,124.10488549998263
dgn_qmix__N4__ring__seed3,dgn_qmix,coord_grid,3,2939,73500,21.0,25,0.41813291666666674,5.836122115453084,20.009058475494385,124.14803366700653
dgn_qmix__N4__ring__seed3,dgn_qmix,coord_grid,3,2940,73525,29.0,25,0.41793500000000006,4.825054611478533,24.720380783081055,124.19725804199697
dgn_qmix__N4__ring__seed3,dgn_qmix,coord_grid,3,2941,73550,26.0,25,0.41773708333333326,4.386939485867818,24.733651161193848,124.23991433402989
dgn_qmix__N4__ring__seed3,dgn_qmix,coord_grid,3,2942,73575,26.0,25,0.4175391666666667,4.860093911488851,36.55275313059489,124.28290741698584
dgn_qmix__N4__ring__seed3,dgn_qmix,coord_grid,3,2943,73600,17.0,25,0.41734125,2.8701756596565247,30.508953094482422,124.32695908402093
dgn_qmix__N4__ring__seed3,dgn_qmix,coord_grid,3,2944,73625,27.0,25,0.4171433333333333,3.7524387325559343,19.717886652265275,124.37593725003535
dgn_qmix__N4__ring__seed3,dgn_qmix,coord_grid,3,2945,73650,25.0,25,0.41694541666666673,4.503551522890727,29.883854548136394,124.41981216700515
dgn_qmix__N4__ring__seed3,dgn_qmix,coord_grid,3,2946,73675,41.0,25,0.41674750000000005,4.3190533717473345,28.29568386077881,124.46375983400503
dgn_qmix__N4__ring__seed3,dgn_qmix,coord_grid,3,2947,73700,20.0,25,0.41654958333333336,3.204676310221354,35.16435321172079,124.50687470898265
dgn_qmix__N4__ring__seed3,dgn_qmix,coord_grid,3,2948,73725,25.0,25,0.4163516666666668,5.7306450094495505,24.89962727682931,124.55590800003847
dgn_qmix__N4__ring__seed3,dgn_qmix,coord_grid,3,2949,73750,21.0,25,0.41615375,5.267982403437297,25.87033462524414,124.59985183400568
dgn_qmix__N4__ring__seed3,dgn_qmix,coord_grid,3,2950,73775,24.0,25,0.4159558333333333,2.645040591557821,21.74143584569295,124.64414245903026
dgn_qmix__N4__ring__seed3,dgn_qmix,coord_grid,3,2951,73800,42.0,25,0.4157579166666666,3.4764997363090515,21.443907419840496,124.68799995898735
dgn_qmix__N4__ring__seed3,dgn_qmix,coord_grid,3,2952,73825,20.0,25,0.41556000000000004,6.299292598451887,46.75793266296387,124.73708504199749
dgn_qmix__N4__ring__seed3,dgn_qmix,coord_grid,3,2953,73850,33.0,25,0.41536208333333335,3.89138933022817,33.18376795450846,124.78089845902286
dgn_qmix__N4__ring__seed3,dgn_qmix,coord_grid,3,2954,73875,31.0,25,0.41516416666666667,3.6003737250963845,20.999776204427082,124.82405266701244
dgn_qmix__N4__ring__seed3,dgn_qmix,coord_grid,3,2955,73900,35.0,25,0.4149662500000001,3.9181002974510193,21.9942569732666,124.86844904202735
dgn_qmix__N4__ring__seed3,dgn_qmix,coord_grid,3,2956,73925,33.0,25,0.4147683333333334,4.682111706052508,22.27691282544817,124.92060158401728
dgn_qmix__N4__ring__seed3,dgn_qmix,coord_grid,3,2957,73950,28.0,25,0.4145704166666667,4.714361548423767,21.702054341634113,124.96433166699717
dgn_qmix__N4__ring__seed3,dgn_qmix,coord_grid,3,2958,73975,31.0,25,0.4143724999999999,3.13644270102183,23.9269282023112,125.00758683402091
dgn_qmix__N4__ring__seed3,dgn_qmix,coord_grid,3,2959,74000,28.0,25,0.41417458333333335,5.20502249399821,42.846059481302895,125.05086100002518
dgn_qmix__N4__ring__seed3,dgn_qmix,coord_grid,3,2960,74025,28.0,25,0.41397666666666666,3.8044910601207187,33.53598649161203,125.09870012500323
dgn_qmix__N4__ring__seed3,dgn_qmix,coord_grid,3,2961,74050,19.0,25,0.41377875,3.6986780961354575,41.67981465657552,125.14144504198339
dgn_qmix__N4__ring__seed3,dgn_qmix,coord_grid,3,2962,74075,23.0,25,0.4135808333333334,5.862984379132588,26.49378204345703,125.18553004198475
dgn_qmix__N4__ring__seed3,dgn_qmix,coord_grid,3,2963,74100,40.0,25,0.4133829166666667,5.015414476394653,33.62767696380615,125.22862983401865
dgn_qmix__N4__ring__seed3,dgn_qmix,coord_grid,3,2964,74125,23.0,25,0.413185,4.889321378299168,18.476076943533762,125.27759316703305
dgn_qmix__N4__ring__seed3,dgn_qmix,coord_grid,3,2965,74150,46.0,25,0.41298708333333345,3.5733021895090737,25.11499786376953,125.32075733400416
dgn_qmix__N4__ring__seed3,dgn_qmix,coord_grid,3,2966,74175,22.0,25,0.41278916666666676,3.0121466517448425,23.134079297383625,125.36378683400108
dgn_qmix__N4__ring__seed3,dgn_qmix,coord_grid,3,2967,74200,28.0,25,0.41259124999999996,3.6239710648854575,17.639444986979168,125.40587158402195
dgn_qmix__N4__ring__seed3,dgn_qmix,coord_grid,3,2968,74225,19.0,25,0.4123933333333333,5.166567393711635,18.162523814610072,125.45405745902099
dgn_qmix__N4__ring__seed3,dgn_qmix,coord_grid,3,2969,74250,22.0,25,0.4121954166666667,2.494973917802175,25.280680974324543,125.49696954200044
dgn_qmix__N4__ring__seed3,dgn_qmix,coord_grid,3,2970,74275,21.0,25,0.4119975,2.482728103796641,18.55208619435628,125.54003299999749
dgn_qmix__N4__ring__seed3,dgn_qmix,coord_grid,3,2971,74300,27.0,25,0.41179958333333333,3.4627528289953866,19.811238606770832,125.58400762500241
dgn_qmix__N4__ring__seed3,dgn_qmix,coord_grid,3,2972,74325,32.0,25,0.41160166666666675,4.794573238917759,18.312957627432688,125.6321718749823
dgn_qmix__N4__ring__seed3,dgn_qmix,coord_grid,3,2973,74350,23.0,25,0.41140375000000007,3.789537529150645,19.105576674143474,125.67646375001641
dgn_qmix__N4__ring__seed3,dgn_qmix,coord_grid,3,2974,74375,30.0,25,0.4112058333333334,4.017991701761882,22.978516737620037,125.72025312500773
dgn_qmix__N4__ring__seed3,dgn_qmix,coord_grid,3,2975,74400,19.0,25,0.4110079166666667,3.9597304463386536,18.05448881785075,125.76314641698264
dgn_qmix__N4__ring__seed3,dgn_qmix,coord_grid,3,2976,74425,7.0,25,0.41081,3.9451527084623064,22.74422918047224,125.81123695900897
dgn_qmix__N4__ring__seed3,dgn_qmix,coord_grid,3,2977,74450,33.0,25,0.4106120833333333,4.361135860284169,30.841729799906414,125.85481529199751
dgn_qmix__N4__ring__seed3,dgn_qmix,coord_grid,3,2978,74475,36.0,25,0.41041416666666664,4.655880888303121,34.93872086207072,125.89847379201092
dgn_qmix__N4__ring__seed3,dgn_qmix,coord_grid,3,2979,74500,47.0,25,0.41021625000000006,3.4123080571492515,21.41681655248006,125.9414582499885
dgn_qmix__N4__ring__seed3,dgn_qmix,coord_grid,3,2980,74525,29.0,25,0.4100183333333334,3.9959434270858765,34.08712387084961,125.98970666702371
dgn_qmix__N4__ring__seed3,dgn_qmix,coord_grid,3,2981,74550,17.0,25,0.4098204166666667,3.132882555325826,18.313720703125,126.03406516701216
dgn_qmix__N4__ring__seed3,dgn_qmix,coord_grid,3,2982,74575,40.0,25,0.4096225000000001,4.812859813372294,27.872291882832844,126.07657341699814
dgn_qmix__N4__ring__seed3,dgn_qmix,coord_grid,3,2983,74600,39.0,25,0.4094245833333334,3.735482851664225,33.596055030822754,126.12110670900438
dgn_qmix__N4__ring__seed3,dgn_qmix,coord_grid,3,2984,74625,25.0,25,0.4092266666666666,5.110372713633946,75.42559215000698,126.17046008398756
dgn_qmix__N4__ring__seed3,dgn_qmix,coord_grid,3,2985,74650,22.0,25,0.40902874999999994,5.5638348658879595,32.51514879862467,126.21478466701228
dgn_qmix__N4__ring__seed3,dgn_qmix,coord_grid,3,2986,74675,29.0,25,0.40883083333333337,6.2424726486206055,36.68198458353678,126.25826025003335
dgn_qmix__N4__ring__seed3,dgn_qmix,coord_grid,3,2987,74700,42.0,25,0.4086329166666667,4.5376144250233965,38.022993087768555,126.30262037500506
dgn_qmix__N4__ring__seed3,dgn_qmix,coord_grid,3,2988,74725,25.0,25,0.408435,4.445650475365775,25.447616032191686,126.35057491698535
dgn_qmix__N4__ring__seed3,dgn_qmix,coord_grid,3,2989,74750,28.0,25,0.4082370833333334,3.7001641988754272,32.68256918589274,126.39477200002875
dgn_qmix__N4__ring__seed3,dgn_qmix,coord_grid,3,2990,74775,17.0,25,0.40803916666666673,4.451736032962799,33.494876543680824,126.43715608399361
dgn_qmix__N4__ring__seed3,dgn_qmix,coord_grid,3,2991,74800,20.0,25,0.40784125000000004,5.513365785280864,36.03455607096354,126.48060466698371
dgn_qmix__N4__ring__seed3,dgn_qmix,coord_grid,3,2992,74825,26.0,25,0.40764333333333336,4.662829399108887,40.59525571550642,126.52993037499255
dgn_qmix__N4__ring__seed3,dgn_qmix,coord_grid,3,2993,74850,28.0,25,0.40744541666666667,6.047706802686055,40.975520610809326,126.57376916700741
dgn_qmix__N4__ring__seed3,dgn_qmix,coord_grid,3,2994,74875,20.0,25,0.4072475,5.788166443506877,42.243584950764976,126.61707779200515
dgn_qmix__N4__ring__seed3,dgn_qmix,coord_grid,3,2995,74900,41.0,25,0.4070495833333333,5.762341260910034,36.735931396484375,126.66057258401997
dgn_qmix__N4__ring__seed3,dgn_qmix,coord_grid,3,2996,74925,30.0,25,0.4068516666666667,4.835633550371442,24.88743523189,126.70920704200398
dgn_qmix__N4__ring__seed3,dgn_qmix,coord_grid,3,2997,74950,27.0,25,0.40665375000000004,7.317435622215271,21.43367608388265,126.75304062501527
dgn_qmix__N4__ring__seed3,dgn_qmix,coord_grid,3,2998,74975,44.0,25,0.40645583333333335,5.3853481610616045,26.285019556681316,126.7968374590273
dgn_qmix__N4__ring__seed3,dgn_qmix,coord_grid,3,2999,75000,38.0,25,0.4062579166666668,3.1554201443990073,23.615708510080974,126.84040774998721
dgn_qmix__N4__ring__seed3,dgn_qmix,coord_grid,3,3000,75025,27.0,25,0.4060600000000001,2.9655372415270125,23.314846720014298,126.88927820901154
dgn_qmix__N4__ring__seed3,dgn_qmix,coord_grid,3,3001,75050,17.0,25,0.4058620833333334,4.229386568069458,23.271504720052082,126.93299950001528
dgn_qmix__N4__ring__seed3,dgn_qmix,coord_grid,3,3002,75075,38.0,25,0.4056641666666666,5.890057881673177,26.784701665242512,126.97761091700522
dgn_qmix__N4__ring__seed3,dgn_qmix,coord_grid,3,3003,75100,18.0,25,0.40546625000000003,3.6413878202438354,32.180389404296875,127.02083458402194
dgn_qmix__N4__ring__seed3,dgn_qmix,coord_grid,3,3004,75125,27.0,25,0.40526833333333334,5.392523152487619,36.461018971034456,127.06960258400068
dgn_qmix__N4__ring__seed3,dgn_qmix,coord_grid,3,3005,75150,39.0,25,0.40507041666666666,3.3834203084309897,33.88480917612711,127.11399058403913
dgn_qmix__N4__ring__seed3,dgn_qmix,coord_grid,3,3006,75175,26.0,25,0.4048725000000001,4.645034213860829,23.695968786875408,127.15742104203673
dgn_qmix__N4__ring__seed3,dgn_qmix,coord_grid,3,3007,75200,29.0,25,0.4046745833333334,5.363743623097737,23.242050011952717,127.20196083403425
dgn_qmix__N4__ring__seed3,dgn_qmix,coord_grid,3,3008,75225,27.0,25,0.4044766666666667,4.204791358539036,24.726696014404297,127.2514597090194
dgn_qmix__N4__ring__seed3,dgn_qmix,coord_grid,3,3009,75250,22.0,25,0.40427875,4.29112031062444,28.203925291697185,127.29589216702152
dgn_qmix__N4__ring__seed3,dgn_qmix,coord_grid,3,3010,75275,32.0,25,0.40408083333333344,5.588193277517955,29.551247119903564,127.3396766250371
dgn_qmix__N4__ring__seed3,dgn_qmix,coord_grid,3,3011,75300,21.0,25,0.40388291666666665,3.6613325079282126,56.30231857299805,127.38381475000642
dgn_qmix__N4__ring__seed3,dgn_qmix,coord_grid,3,3012,75325,27.0,25,0.40368499999999996,5.375715051378522,38.10213007245745,127.43144666700391
dgn_qmix__N4__ring__seed3,dgn_qmix,coord_grid,3,3013,75350,31.0,25,0.4034870833333334,4.664738694826762,25.970332781473797,127.47599504201207
dgn_qmix__N4__ring__seed3,dgn_qmix,coord_grid,3,3014,75375,28.0,25,0.4032891666666667,3.0180996557076774,22.582549730936687,127.52050970902201
dgn_qmix__N4__ring__seed3,dgn_qmix,coord_grid,3,3015,75400,30.0,25,0.40309125,4.6837862730026245,21.33259153366089,127.56487416703021
dgn_qmix__N4__ring__seed3,dgn_qmix,coord_grid,3,3016,75425,22.0,25,0.4028933333333333,4.675614084516253,49.06173883165632,127.61283579200972
dgn_qmix__N4__ring__seed3,dgn_qmix,coord_grid,3,3017,75450,34.0,25,0.40269541666666675,6.391178250312805,38.466561794281006,127.65615312498994
dgn_qmix__N4__ring__seed3,dgn_qmix,coord_grid,3,3018,75475,12.0,25,0.40249750000000006,5.568519721428554,34.400533040364586,127.69892329198774
dgn_qmix__N4__ring__seed3,dgn_qmix,coord_grid,3,3019,75500,39.0,25,0.4022995833333334,4.987474958101909,36.159464518229164,127.7427986250259
dgn_qmix__N4__ring__seed3,dgn_qmix,coord_grid,3,3020,75525,20.0,25,0.4021016666666667,5.961551802498954,20.533746446881974,127.79033004201483
dgn_qmix__N4__ring__seed3,dgn_qmix,coord_grid,3,3021,75550,28.0,25,0.40190375,5.605600933233897,28.008030891418457,127.83321816701209
dgn_qmix__N4__ring__seed3,dgn_qmix,coord_grid,3,3022,75575,27.0,25,0.4017058333333333,3.1006396810213723,19.202434698740642,127.87720216700109
dgn_qmix__N4__ring__seed3,dgn_qmix,coord_grid,3,3023,75600,39.0,25,0.40150791666666674,3.4400080839792886,18.212780793507893,127.92051550000906
dgn_qmix__N4__ring__seed3,dgn_qmix,coord_grid,3,3024,75625,29.0,25,0.40131000000000006,2.4899675335202898,33.4676250730242,127.97005604201695
dgn_qmix__N4__ring__seed3,dgn_qmix,coord_grid,3,3025,75650,33.0,25,0.40111208333333337,2.8378795186678567,25.438992182413738,128.01378304202808
dgn_qmix__N4__ring__seed3,dgn_qmix,coord_grid,3,3026,75675,23.0,25,0.4009141666666667,4.664157122373581,25.49807357788086,128.05723420903087
dgn_qmix__N4__ring__seed3,dgn_qmix,coord_grid,3,3027,75700,22.0,25,0.4007162500000001,4.282203872998555,20.556241035461426,128.10158554202644
dgn_qmix__N4__ring__seed3,dgn_qmix,coord_grid,3,3028,75725,20.0,25,0.4005183333333333,5.186630691800799,34.474361419677734,128.1497729170369
dgn_qmix__N4__ring__seed3,dgn_qmix,coord_grid,3,3029,75750,39.0,25,0.4003204166666666,6.724146882692973,43.748093922932945,128.19405108399224
dgn_qmix__N4__ring__seed3,dgn_qmix,coord_grid,3,3030,75775,27.0,25,0.40012250000000005,3.645205775896708,36.655622800191246,128.23638429201674
dgn_qmix__N4__ring__seed3,dgn_qmix,coord_grid,3,3031,75800,33.0,25,0.39992458333333336,5.130706111590068,29.854952176411945,128.27996374998474
dgn_qmix__N4__ring__seed3,dgn_qmix,coord_grid,3,3032,75825,29.0,25,0.3997266666666667,5.189170837402344,30.866885321480886,128.32902683399152
dgn_qmix__N4__ring__seed3,dgn_qmix,coord_grid,3,3033,75850,28.0,25,0.39952875,4.257699767748515,23.413268089294434,128.3730848749983
dgn_qmix__N4__ring__seed3,dgn_qmix,coord_grid,3,3034,75875,31.0,25,0.3993308333333334,3.727343201637268,22.165615558624268,128.41682070901152
dgn_qmix__N4__ring__seed3,dgn_qmix,coord_grid,3,3035,75900,27.0,25,0.3991329166666667,3.6452327370643616,30.375009695688885,128.4612825840013
dgn_qmix__N4__ring__seed3,dgn_qmix,coord_grid,3,3036,75925,55.0,25,0.39893500000000004,3.537277204649789,25.09225538798741,128.5100937919924
dgn_qmix__N4__ring__seed3,dgn_qmix,coord_grid,3,3037,75950,39.0,25,0.39873708333333335,3.8854933381080627,31.644062678019207,128.55415266699856
dgn_qmix__N4__ring__seed3,dgn_qmix,coord_grid,3,3038,75975,17.0,25,0.39853916666666667,5.46893984079361,23.18509292602539,128.59744212502846
dgn_qmix__N4__ring__seed3,dgn_qmix,coord_grid,3,3039,76000,21.0,25,0.39834125,4.006968696912129,38.15960089365641,128.64086695900187
dgn_qmix__N4__ring__seed3,dgn_qmix,coord_grid,3,3040,76025,44.0,25,0.3981433333333334,3.2591973543167114,33.42690222603934,128.68992562498897
dgn_qmix__N4__ring__seed3,dgn_qmix,coord_grid,3,3041,76050,22.0,25,0.3979454166666667,3.5447004437446594,29.997669855753582,128.73357437498635
dgn_qmix__N4__ring__seed3,dgn_qmix,coord_grid,3,3042,76075,38.0,25,0.39774750000000003,3.204488386710485,33.35984420776367,128.77630558400415
dgn_qmix__N4__ring__seed3,dgn_qmix,coord_grid,3,3043,76100,13.0,25,0.39754958333333335,6.4902849197387695,20.856141090393066,128.8205649590236
dgn_qmix__N4__ring__seed3,dgn_qmix,coord_grid,3,3044,76125,20.0,25,0.39735166666666677,4.32876832144601,23.30154173714774,128.86689454200678
dgn_qmix__N4__ring__seed3,dgn_qmix,coord_grid,3,3045,76150,18.0,25,0.3971537500000001,3.349570155143738,38.45264514287313,128.91036641702522
dgn_qmix__N4__ring__seed3,dgn_qmix,coord_grid,3,3046,76175,34.0,25,0.3969558333333333,3.4630847175916037,25.055519262949627,128.95339491701452
dgn_qmix__N4__ring__seed3,dgn_qmix,coord_grid,3,3047,76200,56.0,25,0.3967579166666667,4.714993119239807,23.31698703765869,128.99668500002008
dgn_qmix__N4__ring__seed3,dgn_qmix,coord_grid,3,3048,76225,18.0,25,0.39656,2.954096402440752,52.48728288922991,129.045246166992
dgn_qmix__N4__ring__seed3,dgn_qmix,coord_grid,3,3049,76250,44.0,25,0.39636208333333334,3.690242350101471,28.622695763905842,129.08967720903456
dgn_qmix__N4__ring__seed3,dgn_qmix,coord_grid,3,3050,76275,10.0,25,0.39616416666666665,3.193196256955465,28.9209197362264,129.132436416985
dgn_qmix__N4__ring__seed3,dgn_qmix,coord_grid,3,3051,76300,35.0,25,0.3959662500000001,2.3030611177285514,19.923340956370037,129.17540087498492
dgn_qmix__N4__ring__seed3,dgn_qmix,coord_grid,3,3052,76325,35.0,25,0.3957683333333334,3.7357780592782155,26.69034113202776,129.22368004202144
dgn_qmix__N4__ring__seed3,dgn_qmix,coord_grid,3,3053,76350,34.0,25,0.3955704166666667,3.905388375123342,20.54003079732259,129.2671266249963
dgn_qmix__N4__ring__seed3,dgn_qmix,coord_grid,3,3054,76375,35.0,25,0.3953725,2.3839877347151437,20.155707518259685,129.30956970900297
dgn_qmix__N4__ring__seed3,dgn_qmix,coord_grid,3,3055,76400,45.0,25,0.39517458333333333,4.22528338432312,23.88510576883952,129.35251475003315
dgn_qmix__N4__ring__seed3,dgn_qmix,coord_grid,3,3056,76425,28.0,25,0.39497666666666664,6.402171952383859,23.52761677333287,129.4013018340338
dgn_qmix__N4__ring__seed3,dgn_qmix,coord_grid,3,3057,76450,50.0,25,0.39477875000000007,4.440173486868541,22.740126450856526,129.44527100003324
dgn_qmix__N4__ring__seed3,dgn_qmix,coord_grid,3,3058,76475,15.0,25,0.3945808333333334,2.806182563304901,26.95773712793986,129.48812433402054
dgn_qmix__N4__ring__seed3,dgn_qmix,coord_grid,3,3059,76500,54.0,25,0.3943829166666667,1.5252602696418762,24.9146409034729,129.5313212919864
dgn_qmix__N4__ring__seed3,dgn_qmix,coord_grid,3,3060,76525,23.0,25,0.394185,3.7473020468439375,27.463464191981725,129.57986145903124
dgn_qmix__N4__ring__seed3,dgn_qmix,coord_grid,3,3061,76550,40.0,25,0.39398708333333343,4.587585777044296,21.558130423227947,129.62292358401464
dgn_qmix__N4__ring__seed3,dgn_qmix,coord_grid,3,3062,76575,22.0,25,0.39378916666666675,4.797667344411214,23.987842718760174,129.66730525001185
dgn_qmix__N4__ring__seed3,dgn_qmix,coord_grid,3,3063,76600,36.0,25,0.39359124999999995,4.266164422035217,20.961901028951008,129.71132012503222
dgn_qmix__N4__ring__seed3,dgn_qmix,coord_grid,3,3064,76625,22.0,25,0.3933933333333334,4.906743943691254,23.303503853934153,129.76035900000716
dgn_qmix__N4__ring__seed3,dgn_qmix,coord_grid,3,3065,76650,11.0,25,0.3931954166666667,5.4279598991076154,25.398858547210693,129.8036891670199
dgn_qmix__N4__ring__seed3,dgn_qmix,coord_grid,3,3066,76675,35.0,25,0.3929975,4.824177980422974,26.895168622334797,129.84757824998815
dgn_qmix__N4__ring__seed3,dgn_qmix,coord_grid,3,3067,76700,11.0,25,0.3927995833333333,6.219475666681926,25.060053825378418,129.89350854203803
dgn_qmix__N4__ring__seed3,dgn_qmix,coord_grid,3,3068,76725,35.0,25,0.39260166666666674,5.012856210981097,27.553885187421525,129.94281529198634
dgn_qmix__N4__ring__seed3,dgn_qmix,coord_grid,3,3069,76750,25.0,25,0.39240375000000005,5.568064888318379,29.284401257832844,129.98778075003065
dgn_qmix__N4__ring__seed3,dgn_qmix,coord_grid,3,3070,76775,25.0,25,0.39220583333333336,3.7707014282544455,19.754518508911133,130.0306155839935
dgn_qmix__N4__ring__seed3,dgn_qmix,coord_grid,3,3071,76800,43.0,25,0.3920079166666668,4.479272305965424,24.724503835042317,130.07345966703724
dgn_qmix__N4__ring__seed3,dgn_qmix,coord_grid,3,3072,76825,29.0,25,0.39181,5.0008964368275235,29.563675744192942,130.1235157920164
dgn_qmix__N4__ring__seed3,dgn_qmix,coord_grid,3,3073,76850,16.0,25,0.3916120833333333,3.57939745982488,28.598849296569824,130.16678695898736
dgn_qmix__N4__ring__seed3,dgn_qmix,coord_grid,3,3074,76875,21.0,25,0.39141416666666673,4.656495173772176,31.717023690541584,130.21011074999114
dgn_qmix__N4__ring__seed3,dgn_qmix,coord_grid,3,3075,76900,21.0,25,0.39121625000000004,3.43746825059255,30.98454221089681,130.25505849998444
dgn_qmix__N4__ring__seed3,dgn_qmix,coord_grid,3,3076,76925,30.0,25,0.39101833333333336,3.8774640389851163,42.96039554050991,130.30314020899823
dgn_qmix__N4__ring__seed3,dgn_qmix,coord_grid,3,3077,76950,36.0,25,0.39082041666666667,5.4953851501146955,42.400899251302086,130.34687908401247
dgn_qmix__N4__ring__seed3,dgn_qmix,coord_grid,3,3078,76975,42.0,25,0.3906225000000001,5.531036575635274,31.834935824076336,130.3901316249976
dgn_qmix__N4__ring__seed3,dgn_qmix,coord_grid,3,3079,77000,34.0,25,0.3904245833333334,4.736627767483394,24.99533462524414,130.43466279201675
dgn_qmix__N4__ring__seed3,dgn_qmix,coord_grid,3,3080,77025,27.0,25,0.3902266666666667,5.897020169666836,64.16029412405831,130.48369908402674
dgn_qmix__N4__ring__seed3,dgn_qmix,coord_grid,3,3081,77050,41.0,25,0.39002875000000004,3.9274784127871194,54.379323641459145,130.52738912502537
dgn_qmix__N4__ring__seed3,dgn_qmix,coord_grid,3,3082,77075,29.0,25,0.38983083333333335,5.517386615276337,38.467283407847084,130.57060695899418
dgn_qmix__N4__ring__seed3,dgn_qmix,coord_grid,3,3083,77100,27.0,25,0.38963291666666666,3.2551576495170593,35.03639157613119,130.61417083401466
dgn_qmix__N4__ring__seed3,dgn_qmix,coord_grid,3,3084,77125,15.0,25,0.389435,2.992302026067461,29.26667049952916,130.663441666984
dgn_qmix__N4__ring__seed3,dgn_qmix,coord_grid,3,3085,77150,18.0,25,0.3892370833333334,3.5657769441604614,27.96028232574463,130.70689595898148
dgn_qmix__N4__ring__seed3,dgn_qmix,coord_grid,3,3086,77175,19.0,25,0.3890391666666667,4.105977853139241,26.364782969156902,130.7496732090367
dgn_qmix__N4__ring__seed3,dgn_qmix,coord_grid,3,3087,77200,35.0,25,0.38884125,4.546760320663452,26.553184191385906,130.7943549589836
dgn_qmix__N4__ring__seed3,dgn_qmix,coord_grid,3,3088,77225,9.0,25,0.38864333333333345,3.7191247599465505,38.77864619663784,130.8423707500333
dgn_qmix__N4__ring__seed3,dgn_qmix,coord_grid,3,3089,77250,23.0,25,0.38844541666666665,3.286787748336792,22.28655544916789,130.88653991703177
dgn_qmix__N4__ring__seed3,dgn_qmix,coord_grid,3,3090,77275,16.0,25,0.38824749999999997,6.998760104179382,24.06963809331258,130.93056350003462
dgn_qmix__N4__ring__seed3,dgn_qmix,coord_grid,3,3091,77300,23.0,25,0.3880495833333333,4.735854546229045,31.481762568155926,130.97427020902978
dgn_qmix__N4__ring__seed3,dgn_qmix,coord_grid,3,3092,77325,30.0,25,0.3878516666666667,3.499617440359933,29.064307349068777,131.02236183400964
dgn_qmix__N4__ring__seed3,dgn_qmix,coord_grid,3,3093,77350,30.0,25,0.38765375,3.6537151535352073,23.859472910563152,131.06621404201724
dgn_qmix__N4__ring__seed3,dgn_qmix,coord_grid,3,3094,77375,21.0,25,0.38745583333333333,3.4358083208402,27.864086310068767,131.1106470419909
dgn_qmix__N4__ring__seed3,dgn_qmix,coord_grid,3,3095,77400,14.0,25,0.38725791666666676,5.650084316730499,30.438735326131184,131.15367112500826
dgn_qmix__N4__ring__seed3,dgn_qmix,coord_grid,3,3096,77425,21.0,25,0.38706000000000007,3.34414849962507,35.441516058785574,131.20230166701367
dgn_qmix__N4__ring__seed3,dgn_qmix,coord_grid,3,3097,77450,18.0,25,0.3868620833333334,5.072794795036316,27.345580736796062,131.24659595900448
dgn_qmix__N4__ring__seed3,dgn_qmix,coord_grid,3,3098,77475,37.0,25,0.3866641666666667,2.3103096882502236,24.307445844014484,131.2904145839857
dgn_qmix__N4__ring__seed3,dgn_qmix,coord_grid,3,3099,77500,32.0,25,0.38646625,5.742411057154338,23.191977500915527,131.3335913750343
dgn_qmix__N4__ring__seed3,dgn_qmix,coord_grid,3,3100,77525,18.0,25,0.3862683333333333,3.9936061756951466,26.630381447928293,131.38384379202034
dgn_qmix__N4__ring__seed3,dgn_qmix,coord_grid,3,3101,77550,31.0,25,0.38607041666666664,5.0020906527837115,20.341920375823975,131.4279268340324
dgn_qmix__N4__ring__seed3,dgn_qmix,coord_grid,3,3102,77575,31.0,25,0.38587250000000006,6.495251456896464,22.256485144297283,131.47251170902746
dgn_qmix__N4__ring__seed3,dgn_qmix,coord_grid,3,3103,77600,28.0,25,0.3856745833333334,3.6575987537701926,23.598843574523926,131.5164095420041
dgn_qmix__N4__ring__seed3,dgn_qmix,coord_grid,3,3104,77625,41.0,25,0.3854766666666667,3.3205335651125227,27.44611985342843,131.56413200002862
dgn_qmix__N4__ring__seed3,dgn_qmix,coord_grid,3,3105,77650,23.0,25,0.3852787500000001,5.232741554578145,30.181034088134766,131.6075098750298
dgn_qmix__N4__ring__seed3,dgn_qmix,coord_grid,3,3106,77675,24.0,25,0.3850808333333334,4.100995739301045,38.83729076385498,131.65169495902956
dgn_qmix__N4__ring__seed3,dgn_qmix,coord_grid,3,3107,77700,15.0,25,0.38488291666666663,4.596086829900742,30.151851336161297,131.69545483402908
dgn_qmix__N4__ring__seed3,dgn_qmix,coord_grid,3,3108,77725,32.0,25,0.38468499999999994,4.678011247089931,36.2898976462228,131.74360812501982
dgn_qmix__N4__ring__seed3,dgn_qmix,coord_grid,3,3109,77750,37.0,25,0.38448708333333337,4.251352846622467,25.020511945088703,131.78756558400346
dgn_qmix__N4__ring__seed3,dgn_qmix,coord_grid,3,3110,77775,29.0,25,0.3842891666666667,4.050178229808807,21.953657468159992,131.83089450001717
dgn_qmix__N4__ring__seed3,dgn_qmix,coord_grid,3,3111,77800,23.0,25,0.38409125,4.0618998010953264,23.29040241241455,131.8744628340355
dgn_qmix__N4__ring__seed3,dgn_qmix,coord_grid,3,3112,77825,39.0,25,0.3838933333333334,6.417631643159049,42.32941246032715,131.92298512498382
dgn_qmix__N4__ring__seed3,dgn_qmix,coord_grid,3,3113,77850,38.0,25,0.38369541666666673,3.527771234512329,42.58985869089762,131.96632483403664
dgn_qmix__N4__ring__seed3,dgn_qmix,coord_grid,3,3114,77875,17.0,25,0.38349750000000005,3.173297643661499,54.121067682902016,132.01010458398378
dgn_qmix__N4__ring__seed3,dgn_qmix,coord_grid,3,3115,77900,26.0,25,0.38329958333333336,4.160090804100037,39.50895086924235,132.0540535839973
dgn_qmix__N4__ring__seed3,dgn_qmix,coord_grid,3,3116,77925,18.0,25,0.3831016666666667,4.251106194087437,42.23353522164481,132.10234516701894
dgn_qmix__N4__ring__seed3,dgn_qmix,coord_grid,3,3117,77950,28.0,25,0.38290375,5.678659498691559,41.02624924977621,132.14542379201157
dgn_qmix__N4__ring__seed3,dgn_qmix,coord_grid,3,3118,77975,27.0,25,0.3827058333333333,4.62837294737498,38.19454288482666,132.18824320903514
dgn_qmix__N4__ring__seed3,dgn_qmix,coord_grid,3,3119,78000,35.0,25,0.3825079166666667,3.404876450697581,43.293209075927734,132.23172345903004
dgn_qmix__N4__ring__seed3,dgn_qmix,coord_grid,3,3120,78025,36.0,25,0.38231000000000004,4.9383436271122525,49.93969740186419,132.28156066703377
dgn_qmix__N4__ring__seed3,dgn_qmix,coord_grid,3,3121,78050,22.0,25,0.38211208333333335,5.012609144051869,27.717820167541504,132.3253348339931
dgn_qmix__N4__ring__seed3,dgn_qmix,coord_grid,3,3122,78075,38.0,25,0.3819141666666668,4.920224050680797,26.250689029693604,132.36892233398976
dgn_qmix__N4__ring__seed3,dgn_qmix,coord_grid,3,3123,78100,15.0,25,0.3817162500000001,5.865968028704326,20.8352526028951,132.4119500000379
dgn_qmix__N4__ring__seed3,dgn_qmix,coord_grid,3,3124,78125,36.0,25,0.3815183333333333,4.8073208672659735,26.04312665121896,132.46046145900618
dgn_qmix__N4__ring__seed3,dgn_qmix,coord_grid,3,3125,78150,35.0,25,0.3813204166666666,4.618392149607341,30.97752062479655,132.5046288750018
dgn_qmix__N4__ring__seed3,dgn_qmix,coord_grid,3,3126,78175,22.0,25,0.38112250000000003,4.2203269600868225,46.09740765889486,132.54859587503597
dgn_qmix__N4__ring__seed3,dgn_qmix,coord_grid,3,3127,78200,24.0,25,0.38092458333333334,5.932343204816182,39.78222529093424,132.59276595903793
dgn_qmix__N4__ring__seed3,dgn_qmix,coord_grid,3,3128,78225,15.0,25,0.38072666666666666,5.4138486215046475,32.446716036115376,132.64124933403218
dgn_qmix__N4__ring__seed3,dgn_qmix,coord_grid,3,3129,78250,18.0,25,0.3805287500000001,2.6477280259132385,38.233481884002686,132.68498320900835
dgn_qmix__N4__ring__seed3,dgn_qmix,coord_grid,3,3130,78275,26.0,25,0.3803308333333334,4.025551895300548,43.98899873097738,132.72881100000814
dgn_qmix__N4__ring__seed3,dgn_qmix,coord_grid,3,3131,78300,30.0,25,0.3801329166666667,7.160476664702098,36.71362098058065,132.77226087503368
dgn_qmix__N4__ring__seed3,dgn_qmix,coord_grid,3,3132,78325,39.0,25,0.37993500000000013,5.265173367091587,42.31683513096401,132.82062654203037
dgn_qmix__N4__ring__seed3,dgn_qmix,coord_grid,3,3133,78350,34.0,25,0.37973708333333334,2.57183043162028,41.42643896738688,132.86309850000544
dgn_qmix__N4__ring__seed3,dgn_qmix,coord_grid,3,3134,78375,18.0,25,0.37953916666666665,2.788622279961904,28.441644350687664,132.90586816699943
dgn_qmix__N4__ring__seed3,dgn_qmix,coord_grid,3,3135,78400,18.0,25,0.37934124999999996,5.107962330182393,38.4889113108317,132.94843437499367
dgn_qmix__N4__ring__seed3,dgn_qmix,coord_grid,3,3136,78425,45.0,25,0.3791433333333334,5.342434235981533,39.0012572152274,132.9969723750255
dgn_qmix__N4__ring__seed3,dgn_qmix,coord_grid,3,3137,78450,31.0,25,0.3789454166666667,5.611315290133159,34.81914869944254,133.04041025001789
dgn_qmix__N4__ring__seed3,dgn_qmix,coord_grid,3,3138,78475,34.0,25,0.3787475,3.7773731350898743,21.063293933868408,133.08363112498773
dgn_qmix__N4__ring__seed3,dgn_qmix,coord_grid,3,3139,78500,16.0,25,0.37854958333333344,4.148626367251079,32.13531732559204,133.12717041699216
dgn_qmix__N4__ring__seed3,dgn_qmix,coord_grid,3,3140,78525,25.0,25,0.37835166666666675,3.3503690447126115,26.132828848702566,133.17543012503302
dgn_qmix__N4__ring__seed3,dgn_qmix,coord_grid,3,3141,78550,24.0,25,0.37815375000000007,5.165681918462117,31.85048198699951,133.21980025002267
dgn_qmix__N4__ring__seed3,dgn_qmix,coord_grid,3,3142,78575,25.0,25,0.37795583333333327,3.2928454875946045,32.645117123921715,133.2639600840048
dgn_qmix__N4__ring__seed3,dgn_qmix,coord_grid,3,3143,78600,27.0,25,0.3777579166666667,4.10977025826772,28.251384735107422,133.30834208399756
dgn_qmix__N4__ring__seed3,dgn_qmix,coord_grid,3,3144,78625,32.0,25,0.37756,5.192108597074236,56.58585412161691,133.35761712503154
dgn_qmix__N4__ring__seed3,dgn_qmix,coord_grid,3,3145,78650,20.0,25,0.3773620833333333,4.821296771367391,44.60156408945719,133.4012175000389
dgn_qmix__N4__ring__seed3,dgn_qmix,coord_grid,3,3146,78675,31.0,25,0.37716416666666674,4.534127314885457,41.93098417917887,133.44515737501206
dgn_qmix__N4__ring__seed3,dgn_qmix,coord_grid,3,3147,78700,19.0,25,0.37696625000000006,5.286102672417958,42.03739595413208,133.48894295899663
dgn_qmix__N4__ring__seed3,dgn_qmix,coord_grid,3,3148,78725,25.0,25,0.37676833333333337,4.481639538492475,59.84426307678223,133.5392411670182
dgn_qmix__N4__ring__seed3,dgn_qmix,coord_grid,3,3149,78750,29.0,25,0.3765704166666668,3.4310155113538108,52.46426010131836,133.58398341701832
dgn_qmix__N4__ring__seed3,dgn_qmix,coord_grid,3,3150,78775,36.0,25,0.3763725,5.437514086564382,24.280892213185627,133.6272055840236
dgn_qmix__N4__ring__seed3,dgn_qmix,coord_grid,3,3151,78800,31.0,25,0.3761745833333333,3.0647929906845093,50.83745447794596,133.6707209169981
dgn_qmix__N4__ring__seed3,dgn_qmix,coord_grid,3,3152,78825,18.0,25,0.3759766666666666,4.8258587803159445,41.41765104021345,133.71928341698367
dgn_qmix__N4__ring__seed3,dgn_qmix,coord_grid,3,3153,78850,30.0,25,0.37577875000000005,5.612218062082927,35.31379350026449,133.76309133402538
dgn_qmix__N4__ring__seed3,dgn_qmix,coord_grid,3,3154,78875,49.0,25,0.37558083333333336,4.301473875840505,33.27028306325277,133.8072290000273
dgn_qmix__N4__ring__seed3,dgn_qmix,coord_grid,3,3155,78900,41.0,25,0.3753829166666667,4.148879329363505,38.01538912455241,133.85139399999753
dgn_qmix__N4__ring__seed3,dgn_qmix,coord_grid,3,3156,78925,55.0,25,0.3751850000000001,5.1576714771134515,21.197296142578125,133.90046466700733
dgn_qmix__N4__ring__seed3,dgn_qmix,coord_grid,3,3157,78950,38.0,25,0.3749870833333334,4.243104477723439,20.11574411392212,133.9443052500137
dgn_qmix__N4__ring__seed3,dgn_qmix,coord_grid,3,3158,78975,19.0,25,0.37478916666666673,6.890037377675374,29.7396658261617,133.98743729200214
dgn_qmix__N4__ring__seed3,dgn_qmix,coord_grid,3,3159,79000,26.0,25,0.37459124999999993,3.947580178578695,30.714799245198567,134.031426459027
dgn_qmix__N4__ring__seed3,dgn_qmix,coord_grid,3,3160,79025,31.0,25,0.37439333333333336,5.002254996980939,30.579240253993444,134.08001141698333
dgn_qmix__N4__ring__seed3,dgn_qmix,coord_grid,3,3161,79050,48.0,25,0.37419541666666667,4.305291771888733,36.20056406656901,134.12428304203786
dgn_qmix__N4__ring__seed3,dgn_qmix,coord_grid,3,3162,79075,26.0,25,0.3739975,5.129448473453522,38.71546443303426,134.1681692090351
dgn_qmix__N4__ring__seed3,dgn_qmix,coord_grid,3,3163,79100,33.0,25,0.3737995833333334,6.153913776079814,46.30890146891276,134.21241816703696
dgn_qmix__N4__ring__seed3,dgn_qmix,coord_grid,3,3164,79125,39.0,25,0.3736016666666667,4.172006607055664,39.847634179251536,134.2611641670228
dgn_qmix__N4__ring__seed3,dgn_qmix,coord_grid,3,3165,79150,39.0,25,0.37340375000000003,2.981856942176819,29.417487780253094,134.30546954198508
dgn_qmix__N4__ring__seed3,dgn_qmix,coord_grid,3,3166,79175,29.0,25,0.37320583333333335,5.274430950482686,33.46587594350179,134.3489210419939
dgn_qmix__N4__ring__seed3,dgn_qmix,coord_grid,3,3167,79200,35.0,25,0.3730079166666668,3.857441266377767,29.613781611124676,134.39674108399777
dgn_qmix__N4__ring__seed3,dgn_qmix,coord_grid,3,3168,79225,27.0,25,0.37281,5.787662642342704,38.163806097848074,134.45007758401334
dgn_qmix__N4__ring__seed3,dgn_qmix,coord_grid,3,3169,79250,38.0,25,0.3726120833333333,5.836620946725209,39.80943934122721,134.49970387498615
dgn_qmix__N4__ring__seed3,dgn_qmix,coord_grid,3,3170,79275,30.0,25,0.3724141666666667,5.663105209668477,46.02684529622396,134.54556108399993
dgn_qmix__N4__ring__seed3,dgn_qmix,coord_grid,3,3171,79300,19.0,25,0.37221625,4.439034779866536,40.803832054138184,134.5884359590127
dgn_qmix__N4__ring__seed3,dgn_qmix,coord_grid,3,3172,79325,33.0,25,0.37201833333333334,5.53412093435015,43.843882015773225,134.6376672500046
dgn_qmix__N4__ring__seed3,dgn_qmix,coord_grid,3,3173,79350,28.0,25,0.37182041666666676,4.364612936973572,31.90276304880778,134.681959834008
dgn_qmix__N4__ring__seed3,dgn_qmix,coord_grid,3,3174,79375,44.0,25,0.3716225000000001,7.25547440846761,25.117990652720135,134.72511858399957
dgn_qmix__N4__ring__seed3,dgn_qmix,coord_grid,3,3175,79400,51.0,25,0.3714245833333334,6.035525560379028,27.87333869934082,134.77032895898446
dgn_qmix__N4__ring__seed3,dgn_qmix,coord_grid,3,3176,79425,22.0,25,0.3712266666666667,4.756547757557461,49.64899335588728,134.8203332920093
dgn_qmix__N4__ring__seed3,dgn_qmix,coord_grid,3,3177,79450,44.0,25,0.37102875,3.460885842641195,38.17992830276489,134.87037341698306
dgn_qmix__N4__ring__seed3,dgn_qmix,coord_grid,3,3178,79475,45.0,25,0.37083083333333333,4.2913008232911425,24.43062623341878,134.91745325003285
dgn_qmix__N4__ring__seed3,dgn_qmix,coord_grid,3,3179,79500,30.0,25,0.37063291666666665,3.217291076978048,27.154140790303547,134.96200408402365
dgn_qmix__N4__ring__seed3,dgn_qmix,coord_grid,3,3180,79525,41.0,25,0.37043500000000007,5.505869422640119,31.11075755528041,135.01138729200466
dgn_qmix__N4__ring__seed3,dgn_qmix,coord_grid,3,3181,79550,36.0,25,0.3702370833333334,4.015882929166158,23.123356501261394,135.05551929201465
dgn_qmix__N4__ring__seed3,dgn_qmix,coord_grid,3,3182,79575,37.0,25,0.3700391666666667,3.7963523070017495,27.08700482050578,135.09885770903202
dgn_qmix__N4__ring__seed3,dgn_qmix,coord_grid,3,3183,79600,33.0,25,0.36984125,4.028109590212504,30.11019452412923,135.14298933401005
dgn_qmix__N4__ring__seed3,dgn_qmix,coord_grid,3,3184,79625,46.0,25,0.36964333333333343,4.805838942527771,48.51674270629883,135.1918473340338
dgn_qmix__N4__ring__seed3,dgn_qmix,coord_grid,3,3185,79650,48.0,25,0.36944541666666664,5.23899511496226,52.298614184061684,135.23863587499363
dgn_qmix__N4__ring__seed3,dgn_qmix,coord_grid,3,3186,79675,33.0,25,0.36924749999999995,6.965084155400594,41.64894596735636,135.28295491699828
dgn_qmix__N4__ring__seed3,dgn_qmix,coord_grid,3,3187,79700,40.0,25,0.3690495833333334,6.879234552383423,30.193374156951904,135.32701624999754
dgn_qmix__N4__ring__seed3,dgn_qmix,coord_grid,3,3188,79725,32.0,25,0.3688516666666667,4.424792119434902,23.76114845275879,135.37590625003213
dgn_qmix__N4__ring__seed3,dgn_qmix,coord_grid,3,3189,79750,48.0,25,0.36865375,4.340606172879537,32.24116961161295,135.41958054201677
dgn_qmix__N4__ring__seed3,dgn_qmix,coord_grid,3,3190,79775,32.0,25,0.3684558333333334,5.539483904838562,25.227635383605957,135.46667341701686
dgn_qmix__N4__ring__seed3,dgn_qmix,coord_grid,3,3191,79800,28.0,25,0.36825791666666674,4.289635320504506,26.953868230183918,135.5150495840353
dgn_qmix__N4__ring__seed3,dgn_qmix,coord_grid,3,3192,79825,8.0,25,0.36806000000000005,7.521640505109515,33.4215019771031,135.56708812498255
dgn_qmix__N4__ring__seed3,dgn_qmix,coord_grid,3,3193,79850,36.0,25,0.36786208333333337,4.427954296271007,28.22149721781413,135.6108402920072
dgn_qmix__N4__ring__seed3,dgn_qmix,coord_grid,3,3194,79875,44.0,25,0.3676641666666667,4.027648051579793,26.931256930033367,135.65443100000266
dgn_qmix__N4__ring__seed3,dgn_qmix,coord_grid,3,3195,79900,34.0,25,0.36746625,3.9855255087216697,21.685208638509113,135.6981640420272
dgn_qmix__N4__ring__seed3,dgn_qmix,coord_grid,3,3196,79925,23.0,25,0.3672683333333333,7.706924029758999,28.93900421687535,135.7467132920283
dgn_qmix__N4__ring__seed3,dgn_qmix,coord_grid,3,3197,79950,23.0,25,0.36707041666666673,6.207980791727702,23.897027492523193,135.7906968339812
dgn_qmix__N4__ring__seed3,dgn_qmix,coord_grid,3,3198,79975,54.0,25,0.36687250000000005,5.381215155124664,24.303575833638508,135.8352990419953
dgn_qmix__N4__ring__seed3,dgn_qmix,coord_grid,3,3199,80000,34.0,25,0.36667458333333336,3.9951452016830444,25.247708002726238,135.88141541701043
dgn_qmix__N4__ring__seed3,dgn_qmix,coord_grid,3,3200,80025,15.0,25,0.3664766666666667,2.487648980958121,29.224141120910645,135.92985320900334
dgn_qmix__N4__ring__seed3,dgn_qmix,coord_grid,3,3201,80050,18.0,25,0.3662787500000001,3.7111313541730246,22.337591489156086,135.97361266700318
dgn_qmix__N4__ring__seed3,dgn_qmix,coord_grid,3,3202,80075,33.0,25,0.3660808333333334,6.30786927541097,20.191357612609863,136.01803416700568
dgn_qmix__N4__ring__seed3,dgn_qmix,coord_grid,3,3203,80100,29.0,25,0.3658829166666666,3.9618625044822693,31.24879328409831,136.06253783399006
dgn_qmix__N4__ring__seed3,dgn_qmix,coord_grid,3,3204,80125,37.0,25,0.36568500000000004,4.697013573987143,26.584021159580775,136.11102816701168
dgn_qmix__N4__ring__seed3,dgn_qmix,coord_grid,3,3205,80150,38.0,25,0.36548708333333335,6.32615880171458,33.92509015401205,136.15452062501572
dgn_qmix__N4__ring__seed3,dgn_qmix,coord_grid,3,3206,80175,35.0,25,0.36528916666666666,2.3988373080889382,34.69989554087321,136.19853200000944
dgn_qmix__N4__ring__seed3,dgn_qmix,coord_grid,3,3207,80200,19.0,25,0.3650912500000001,8.463057160377502,43.14802153905233,136.24200733401813
dgn_qmix__N4__ring__seed3,dgn_qmix,coord_grid,3,3208,80225,23.0,25,0.3648933333333334,3.8252440180097307,63.89467511858259,136.29177745903144
dgn_qmix__N4__ring__seed3,dgn_qmix,coord_grid,3,3209,80250,24.0,25,0.3646954166666667,3.9692375858624778,57.9691530863444,136.33701408398338
dgn_qmix__N4__ring__seed3,dgn_qmix,coord_grid,3,3210,80275,18.0,25,0.36449750000000003,3.793820301691691,36.85424518585205,136.38048345898278
dgn_qmix__N4__ring__seed3,dgn_qmix,coord_grid,3,3211,80300,35.0,25,0.36429958333333334,5.56349249680837,21.68800179163615,136.42395920900162
dgn_qmix__N4__ring__seed3,dgn_qmix,coord_grid,3,3212,80325,31.0,25,0.36410166666666666,2.712164981024606,41.19912011282785,136.47339341702173
dgn_qmix__N4__ring__seed3,dgn_qmix,coord_grid,3,3213,80350,56.0,25,0.36390374999999997,3.1563282012939453,24.36437972386678,136.51763387501705
dgn_qmix__N4__ring__seed3,dgn_qmix,coord_grid,3,3214,80375,35.0,25,0.3637058333333334,6.888234535853068,29.791012128194172,136.56093745899852
dgn_qmix__N4__ring__seed3,dgn_qmix,coord_grid,3,3215,80400,34.0,25,0.3635079166666667,5.326628029346466,38.457258542378746,136.6043504170375
dgn_qmix__N4__ring__seed3,dgn_qmix,coord_grid,3,3216,80425,16.0,25,0.36331,5.969918881143842,37.94637952532087,136.65339445899008
dgn_qmix__N4__ring__seed3,dgn_qmix,coord_grid,3,3217,80450,47.0,25,0.36311208333333334,5.9992120663324995,41.74153200785319,136.6970803749864
dgn_qmix__N4__ring__seed3,dgn_qmix,coord_grid,3,3218,80475,24.0,25,0.36291416666666676,4.142217298348744,28.265040079752605,136.74067224998726
dgn_qmix__N4__ring__seed3,dgn_qmix,coord_grid,3,3219,80500,46.0,25,0.3627162500000001,3.3101102908452353,26.96693468093872,136.7852889589849
dgn_qmix__N4__ring__seed3,dgn_qmix,coord_grid,3,3220,80525,30.0,25,0.3625183333333333,6.349958147321429,29.377149854387557,136.83421079203254
dgn_qmix__N4__ring__seed3,dgn_qmix,coord_grid,3,3221,80550,47.0,25,0.3623204166666667,3.9868567983309426,29.34900697072347,136.87777083402034
dgn_qmix__N4__ring__seed3,dgn_qmix,coord_grid,3,3222,80575,48.0,25,0.3621225,4.161240736643474,35.31272665659586,136.92114558402682
dgn_qmix__N4__ring__seed3,dgn_qmix,coord_grid,3,3223,80600,31.0,25,0.3619245833333333,4.02673218647639,30.730368932088215,136.96454379201168
dgn_qmix__N4__ring__seed3,dgn_qmix,coord_grid,3,3224,80625,49.0,25,0.36172666666666675,3.608215195792062,41.08179828098842,137.01357737503713
dgn_qmix__N4__ring__seed3,dgn_qmix,coord_grid,3,3225,80650,25.0,25,0.36152875000000007,5.9718958735466,27.209568818410236,137.05801224999595
dgn_qmix__N4__ring__seed3,dgn_qmix,coord_grid,3,3226,80675,34.0,25,0.3613308333333334,3.295172870159149,20.728665828704834,137.10164987499593
dgn_qmix__N4__ring__seed3,dgn_qmix,coord_grid,3,3227,80700,16.0,25,0.3611329166666667,5.341936906178792,37.00815010070801,137.1460449169972
dgn_qmix__N4__ring__seed3,dgn_qmix,coord_grid,3,3228,80725,37.0,25,0.3609350000000001,6.481843948364258,41.21083395821707,137.1947973340284
dgn_qmix__N4__ring__seed3,dgn_qmix,coord_grid,3,3229,80750,24.0,25,0.3607370833333333,4.65915052096049,37.094038327534996,137.2387630000012
dgn_qmix__N4__ring__seed3,dgn_qmix,coord_grid,3,3230,80775,31.0,25,0.36053916666666663,3.3267412384351096,40.875852266947426,137.2825615000329
dgn_qmix__N4__ring__seed3,dgn_qmix,coord_grid,3,3231,80800,27.0,25,0.36034125000000006,4.608639935652415,29.911166032155354,137.32689754199237
dgn_qmix__N4__ring__seed3,dgn_qmix,coord_grid,3,3232,80825,32.0,25,0.36014333333333337,5.034723111561367,33.509918212890625,137.37548904202413
dgn_qmix__N4__ring__seed3,dgn_qmix,coord_grid,3,3233,80850,32.0,25,0.3599454166666667,5.124434431393941,29.093241055806477,137.42003787501017
dgn_qmix__N4__ring__seed3,dgn_qmix,coord_grid,3,3234,80875,44.0,25,0.3597475,7.528681357701619,36.754462242126465,137.46397870901274
dgn_qmix__N4__ring__seed3,dgn_qmix,coord_grid,3,3235,80900,35.0,25,0.3595495833333334,7.022144158681233,34.5133851369222,137.50809020898305
dgn_qmix__N4__ring__seed3,dgn_qmix,coord_grid,3,3236,80925,16.0,25,0.35935166666666674,7.195725202560425,33.79363877432687,137.55632145900745
dgn_qmix__N4__ring__seed3,dgn_qmix,coord_grid,3,3237,80950,39.0,25,0.35915375000000005,5.015212754408519,32.28234259287516,137.59998241701396
dgn_qmix__N4__ring__seed3,dgn_qmix,coord_grid,3,3238,80975,38.0,25,0.35895583333333336,5.756165822347005,42.842960039774574,137.64282245899085
dgn_qmix__N4__ring__seed3,dgn_qmix,coord_grid,3,3239,81000,30.0,25,0.3587579166666667,6.529157857100169,47.479560216267906,137.68666733399732
dgn_qmix__N4__ring__seed3,dgn_qmix,coord_grid,3,3240,81025,26.0,25,0.35856,4.375030926295689,55.93850953238351,137.73558845900698
dgn_qmix__N4__ring__seed3,dgn_qmix,coord_grid,3,3241,81050,25.0,25,0.3583620833333333,8.732673565546671,53.56268437703451,137.77939708402846
dgn_qmix__N4__ring__seed3,dgn_qmix,coord_grid,3,3242,81075,27.0,25,0.35816416666666673,3.3265478213628135,71.86575762430827,137.82298450003145
dgn_qmix__N4__ring__seed3,dgn_qmix,coord_grid,3,3243,81100,42.0,25,0.35796625000000004,7.867377996444702,46.46307404836019,137.866843292024
dgn_qmix__N4__ring__seed3,dgn_qmix,coord_grid,3,3244,81125,46.0,25,0.35776833333333335,2.55193635395595,26.56681932721819,137.9160136670107
dgn_qmix__N4__ring__seed3,dgn_qmix,coord_grid,3,3245,81150,48.0,25,0.3575704166666668,5.386602441469829,33.66957441965739,137.95990683400305
dgn_qmix__N4__ring__seed3,dgn_qmix,coord_grid,3,3246,81175,35.0,25,0.3573725,4.898051122824351,37.85328960418701,138.0034392090165
dgn_qmix__N4__ring__seed3,dgn_qmix,coord_grid,3,3247,81200,13.0,25,0.3571745833333333,5.2888025641441345,34.460524241129555,138.04698654200183
dgn_qmix__N4__ring__seed3,dgn_qmix,coord_grid,3,3248,81225,27.0,25,0.3569766666666667,5.128349610737392,31.964751924787247,138.0958767500124
dgn_qmix__N4__ring__seed3,dgn_qmix,coord_grid,3,3249,81250,50.0,25,0.35677875000000003,6.70253308614095,26.89997323354085,138.139282750024
dgn_qmix__N4__ring__seed3,dgn_qmix,coord_grid,3,3250,81275,42.0,25,0.35658083333333335,6.725157221158345,32.56004015604655,138.18278612499125
dgn_qmix__N4__ring__seed3,dgn_qmix,coord_grid,3,3251,81300,42.0,25,0.35638291666666666,2.9794273575146994,39.54704602559408,138.2263339170022
dgn_qmix__N4__ring__seed3,dgn_qmix,coord_grid,3,3252,81325,60.0,25,0.3561850000000001,5.490947161402021,31.332952771868026,138.2759519169922
dgn_qmix__N4__ring__seed3,dgn_qmix,coord_grid,3,3253,81350,49.0,25,0.3559870833333334,3.570900539557139,32.649827321370445,138.32083412498469
dgn_qmix__N4__ring__seed3,dgn_qmix,coord_grid,3,3254,81375,40.0,25,0.3557891666666667,5.679895381132762,40.37217346827189,138.36473120900337
dgn_qmix__N4__ring__seed3,dgn_qmix,coord_grid,3,3255,81400,37.0,25,0.35559125,4.44849689801534,37.72445138295492,138.408999709005
dgn_qmix__N4__ring__seed3,dgn_qmix,coord_grid,3,3256,81425,22.0,25,0.35539333333333334,4.972032155309405,39.20720427376883,138.45699341699947
dgn_qmix__N4__ring__seed3,dgn_qmix,coord_grid,3,3257,81450,31.0,25,0.35519541666666665,4.78046856323878,25.649295171101887,138.4997269170126
dgn_qmix__N4__ring__seed3,dgn_qmix,coord_grid,3,3258,81475,22.0,25,0.35499749999999997,4.6730989416440325,29.782382647196453,138.54326779203257
dgn_qmix__N4__ring__seed3,dgn_qmix,coord_grid,3,3259,81500,13.0,25,0.3547995833333334,5.005227863788605,30.266854127248127,138.58632329199463
dgn_qmix__N4__ring__seed3,dgn_qmix,coord_grid,3,3260,81525,26.0,25,0.3546016666666667,3.999760729925973,39.67934036254883,138.63552720902953
dgn_qmix__N4__ring__seed3,dgn_qmix,coord_grid,3,3261,81550,34.0,25,0.35440375,4.210940361022949,43.438260078430176,138.6797027090215
dgn_qmix__N4__ring__seed3,dgn_qmix,coord_grid,3,3262,81575,27.0,25,0.35420583333333344,6.652737577756246,31.340165456136067,138.7236729169963
dgn_qmix__N4__ring__seed3,dgn_qmix,coord_grid,3,3263,81600,39.0,25,0.35400791666666676,8.059120098749796,32.57816092173258,138.76763000001665
dgn_qmix__N4__ring__seed3,dgn_qmix,coord_grid,3,3264,81625,45.0,25,0.35380999999999996,5.097471696989877,34.426052638462615,138.81676208402496
dgn_qmix__N4__ring__seed3,dgn_qmix,coord_grid,3,3265,81650,32.0,25,0.3536120833333334,4.722504099210103,39.87990379333496,138.8614836250199
dgn_qmix__N4__ring__seed3,dgn_qmix,coord_grid,3,3266,81675,28.0,25,0.3534141666666667,5.795993745326996,29.487027486165363,138.90780195902335
dgn_qmix__N4__ring__seed3,dgn_qmix,coord_grid,3,3267,81700,31.0,25,0.35321625,6.798018455505371,33.600266456604004,138.9528207500116
dgn_qmix__N4__ring__seed3,dgn_qmix,coord_grid,3,3268,81725,21.0,25,0.3530183333333333,4.671762500490461,22.68790681021554,139.00126541702775
dgn_qmix__N4__ring__seed3,dgn_qmix,coord_grid,3,3269,81750,27.0,25,0.35282041666666675,5.9050304889678955,34.123023668924965,139.04332558403257
dgn_qmix__N4__ring__seed3,dgn_qmix,coord_grid,3,3270,81775,36.0,25,0.35262250000000006,4.314260502656301,37.98421065012614,139.08717045903904
dgn_qmix__N4__ring__seed3,dgn_qmix,coord_grid,3,3271,81800,38.0,25,0.3524245833333334,3.84167218208313,37.43471177419027,139.13115808402654
dgn_qmix__N4__ring__seed3,dgn_qmix,coord_grid,3,3272,81825,21.0,25,0.3522266666666667,6.395362223897662,55.3536058153425,139.17965950001962
dgn_qmix__N4__ring__seed3,dgn_qmix,coord_grid,3,3273,81850,37.0,25,0.35202875,7.295750061670939,66.67950216929118,139.22357041703071
dgn_qmix__N4__ring__seed3,dgn_qmix,coord_grid,3,3274,81875,25.0,25,0.3518308333333333,2.1733476519584656,42.06525707244873,139.2670060840319
dgn_qmix__N4__ring__seed3,dgn_qmix,coord_grid,3,3275,81900,54.0,25,0.35163291666666663,5.617522299289703,36.76972007751465,139.31173512502573
dgn_qmix__N4__ring__seed3,dgn_qmix,coord_grid,3,3276,81925,33.0,25,0.35143500000000005,4.901928424835205,32.04494939531599,139.36084799998207
dgn_qmix__N4__ring__seed3,dgn_qmix,coord_grid,3,3277,81950,38.0,25,0.35123708333333337,5.50434406598409,31.832640171051025,139.4045863749925
dgn_qmix__N4__ring__seed3,dgn_qmix,coord_grid,3,3278,81975,28.0,25,0.3510391666666667,7.73859171072642,22.171106656392414,139.4485389170004
dgn_qmix__N4__ring__seed3,dgn_qmix,coord_grid,3,3279,82000,20.0,25,0.3508412500000001,6.874487042427063,20.978368918100994,139.4930885839858
dgn_qmix__N4__ring__seed3,dgn_qmix,coord_grid,3,3280,82025,32.0,25,0.3506433333333334,5.879726426942008,30.44475555419922,139.54270137503045
dgn_qmix__N4__ring__seed3,dgn_qmix,coord_grid,3,3281,82050,14.0,25,0.3504454166666666,6.459628184636434,31.825259844462078,139.58681545901345
dgn_qmix__N4__ring__seed3,dgn_qmix,coord_grid,3,3282,82075,29.0,25,0.35024750000000004,5.060101946194966,26.510215918223064,139.62941995903384
dgn_qmix__N4__ring__seed3,dgn_qmix,coord_grid,3,3283,82100,59.0,25,0.35004958333333336,6.364780346552531,27.215967496236164,139.67382366699167
dgn_qmix__N4__ring__seed3,dgn_qmix,coord_grid,3,3284,82125,38.0,25,0.34985166666666667,6.438544392585754,24.060191018240793,139.72202325001126
dgn_qmix__N4__ring__seed3,dgn_qmix,coord_grid,3,3285,82150,26.0,25,0.34965375,3.6479550202687583,37.33744843800863,139.7660650840262
dgn_qmix__N4__ring__seed3,dgn_qmix,coord_grid,3,3286,82175,35.0,25,0.3494558333333334,7.291631142298381,25.497714678446453,139.81013487500604
dgn_qmix__N4__ring__seed3,dgn_qmix,coord_grid,3,3287,82200,51.0,25,0.3492579166666667,8.691235144933065,35.151854832967125,139.85408283403376
dgn_qmix__N4__ring__seed3,dgn_qmix,coord_grid,3,3288,82225,39.0,25,0.34906000000000004,6.770462104252407,38.53145381382534,139.90390229201876
dgn_qmix__N4__ring__seed3,dgn_qmix,coord_grid,3,3289,82250,16.0,25,0.34886208333333346,7.153478463490804,32.968445460001625,139.94785879203118
dgn_qmix__N4__ring__seed3,dgn_qmix,coord_grid,3,3290,82275,43.0,25,0.34866416666666666,5.9221479296684265,42.98212639490763,139.99090662499657
dgn_qmix__N4__ring__seed3,dgn_qmix,coord_grid,3,3291,82300,34.0,25,0.34846625,4.273206055164337,31.81348117192586,140.03597770899069
dgn_qmix__N4__ring__seed3,dgn_qmix,coord_grid,3,3292,82325,28.0,25,0.3482683333333333,4.693632449422564,27.484555108206614,140.08666887501022
dgn_qmix__N4__ring__seed3,dgn_qmix,coord_grid,3,3293,82350,36.0,25,0.3480704166666667,6.156210839748383,38.126659075419106,140.13067420903826
dgn_qmix__N4__ring__seed3,dgn_qmix,coord_grid,3,3294,82375,41.0,25,0.34787250000000003,6.042872925599416,55.19605954488119,140.17414008401101
dgn_qmix__N4__ring__seed3,dgn_qmix,coord_grid,3,3295,82400,35.0,25,0.34767458333333334,3.245505174001058,32.62417125701904,140.21741695899982
dgn_qmix__N4__ring__seed3,dgn_qmix,coord_grid,3,3296,82425,37.0,25,0.34747666666666677,4.403973017420087,27.984056200299943,140.26662900001975
dgn_qmix__N4__ring__seed3,dgn_qmix,coord_grid,3,3297,82450,27.0,25,0.3472787500000001,3.6666661500930786,34.9474245707194,140.3110757920076
dgn_qmix__N4__ring__seed3,dgn_qmix,coord_grid,3,3298,82475,62.0,25,0.3470808333333334,6.112058003743489,30.111092885335285,140.35536454198882
dgn_qmix__N4__ring__seed3,dgn_qmix,coord_grid,3,3299,82500,22.0,25,0.3468829166666667,3.591842214266459,31.998216311136883,140.39925116702216
dgn_qmix__N4__ring__seed3,dgn_qmix,coord_grid,3,3300,82525,33.0,25,0.346685,6.733653272901263,31.741671425955637,140.4486469590338
dgn_qmix__N4__ring__seed3,dgn_qmix,coord_grid,3,3301,82550,43.0,25,0.34648708333333333,5.042163570721944,37.76094929377238,140.49169995903503
dgn_qmix__N4__ring__seed3,dgn_qmix,coord_grid,3,3302,82575,35.0,25,0.34628916666666665,6.812083721160889,24.48533757527669,140.53582816699054
dgn_qmix__N4__ring__seed3,dgn_qmix,coord_grid,3,3303,82600,32.0,25,0.3460912500000001,4.832993268966675,21.128841241200764,140.57996095903218
dgn_qmix__N4__ring__seed3,dgn_qmix,coord_grid,3,3304,82625,27.0,25,0.3458933333333334,6.972429462841579,69.04367583138603,140.63009791699005
dgn_qmix__N4__ring__seed3,dgn_qmix,coord_grid,3,3305,82650,27.0,25,0.3456954166666667,2.9961575269699097,61.95499960581461,140.67359274998307
dgn_qmix__N4__ring__seed3,dgn_qmix,coord_grid,3,3306,82675,31.0,25,0.3454975000000001,5.540278434753418,31.999390602111816,140.71622387500247
dgn_qmix__N4__ring__seed3,dgn_qmix,coord_grid,3,3307,82700,33.0,25,0.3452995833333333,5.791812141736348,49.83480962117513,140.75993433402618
dgn_qmix__N4__ring__seed3,dgn_qmix,coord_grid,3,3308,82725,17.0,25,0.34510166666666664,2.6110801867076328,42.15860039847238,140.81089550000615
dgn_qmix__N4__ring__seed3,dgn_qmix,coord_grid,3,3309,82750,50.0,25,0.34490374999999995,7.216342926025391,53.24644978841146,140.85660187498434
dgn_qmix__N4__ring__seed3,dgn_qmix,coord_grid,3,3310,82775,47.0,25,0.3447058333333334,4.802172422409058,45.02922852834066,140.90018050000072
dgn_qmix__N4__ring__seed3,dgn_qmix,coord_grid,3,3311,82800,26.0,25,0.3445079166666667,3.496576646963755,28.29133176803589,140.9446759170387
dgn_qmix__N4__ring__seed3,dgn_qmix,coord_grid,3,3312,82825,26.0,25,0.34431,5.793438655989511,38.47780227661133,140.99261995899724
dgn_qmix__N4__ring__seed3,dgn_qmix,coord_grid,3,3313,82850,53.0,25,0.34411208333333343,3.9599293867746987,30.230366706848145,141.0361182920169
dgn_qmix__N4__ring__seed3,dgn_qmix,coord_grid,3,3314,82875,54.0,25,0.34391416666666674,6.03528078397115,25.05566104253133,141.07926779199624
dgn_qmix__N4__ring__seed3,dgn_qmix,coord_grid,3,3315,82900,24.0,25,0.34371625000000006,7.361454725265503,37.5622173945109,141.12256220902782
dgn_qmix__N4__ring__seed3,dgn_qmix,coord_grid,3,3316,82925,34.0,25,0.34351833333333326,7.301583085741315,26.742173876081193,141.17152462503873
dgn_qmix__N4__ring__seed3,dgn_qmix,coord_grid,3,3317,82950,45.0,25,0.3433204166666667,5.583475410938263,31.455949465433758,141.21534466702724
dgn_qmix__N4__ring__seed3,dgn_qmix,coord_grid,3,3318,82975,36.0,25,0.3431225,4.01177704334259,46.99469757080078,141.25954370899126
dgn_qmix__N4__ring__seed3,dgn_qmix,coord_grid,3,3319,83000,42.0,25,0.3429245833333333,5.486256142457326,61.44128894805908,141.3036673340248
dgn_qmix__N4__ring__seed3,dgn_qmix,coord_grid,3,3320,83025,28.0,25,0.34272666666666673,7.730946608952114,37.842293058122905,141.35189029201865
dgn_qmix__N4__ring__seed3,dgn_qmix,coord_grid,3,3321,83050,26.0,25,0.34252875000000005,7.287394205729167,44.950581550598145,141.39467783400323
dgn_qmix__N4__ring__seed3,dgn_qmix,coord_grid,3,3322,83075,47.0,25,0.34233083333333336,5.336224555969238,35.97223917643229,141.43938112503383
dgn_qmix__N4__ring__seed3,dgn_qmix,coord_grid,3,3323,83100,39.0,25,0.3421329166666668,5.169458071390788,22.363934834798176,141.48281987500377
dgn_qmix__N4__ring__seed3,dgn_qmix,coord_grid,3,3324,83125,32.0,25,0.3419350000000001,5.471743072782244,28.569266727992467,141.53169362503104
dgn_qmix__N4__ring__seed3,dgn_qmix,coord_grid,3,3325,83150,27.0,25,0.3417370833333333,6.857510447502136,35.46385828653971,141.57559458399191
dgn_qmix__N4__ring__seed3,dgn_qmix,coord_grid,3,3326,83175,34.0,25,0.3415391666666666,5.093705018361409,36.2618735631307,141.6197176669957
dgn_qmix__N4__ring__seed3,dgn_qmix,coord_grid,3,3327,83200,31.0,25,0.34134125000000004,8.19771776596705,54.984789530436196,141.6630384590244
dgn_qmix__N4__ring__seed3,dgn_qmix,coord_grid,3,3328,83225,48.0,25,0.34114333333333335,5.02497490814754,35.003243582589285,141.71175033401232
dgn_qmix__N4__ring__seed3,dgn_qmix,coord_grid,3,3329,83250,16.0,25,0.34094541666666667,6.527398427327474,38.50067615509033,141.75479149998864
dgn_qmix__N4__ring__seed3,dgn_qmix,coord_grid,3,3330,83275,37.0,25,0.3407475000000001,4.495109776655833,30.88461430867513,141.79829995898763
dgn_qmix__N4__ring__seed3,dgn_qmix,coord_grid,3,3331,83300,44.0,25,0.3405495833333334,7.767919719219208,39.777866999308266,141.84260616701795
dgn_qmix__N4__ring__seed3,dgn_qmix,coord_grid,3,3332,83325,38.0,25,0.3403516666666667,6.5707021951675415,36.210684640066965,141.89207608398283
dgn_qmix__N4__ring__seed3,dgn_qmix,coord_grid,3,3333,83350,40.0,25,0.34015375000000003,5.086167852083842,31.96723969777425,141.9355874999892
dgn_qmix__N4__ring__seed3,dgn_qmix,coord_grid,3,3334,83375,47.0,25,0.33995583333333335,5.413980503877004,37.17426141103109,141.97973079199437
dgn_qmix__N4__ring__seed3,dgn_qmix,coord_grid,3,3335,83400,32.0,25,0.33975791666666666,7.697415192921956,37.62682183583578,142.02381074998993
dgn_qmix__N4__ring__seed3,dgn_qmix,coord_grid,3,3336,83425,35.0,25,0.33956,6.718007751873562,69.07081767490932,142.0729621250066
dgn_qmix__N4__ring__seed3,dgn_qmix,coord_grid,3,3337,83450,42.0,25,0.3393620833333334,6.063493967056274,69.85770797729492,142.11671020899666
dgn_qmix__N4__ring__seed3,dgn_qmix,coord_grid,3,3338,83475,48.0,25,0.3391641666666667,7.47085436185201,38.23030630747477,142.16022137500113
dgn_qmix__N4__ring__seed3,dgn_qmix,coord_grid,3,3339,83500,47.0,25,0.33896625,6.029330988725026,27.0179656346639,142.20408262498677
dgn_qmix__N4__ring__seed3,dgn_qmix,coord_grid,3,3340,83525,34.0,25,0.33876833333333345,4.641362309455872,34.42936679295131,142.25357816700125
dgn_qmix__N4__ring__seed3,dgn_qmix,coord_grid,3,3341,83550,28.0,25,0.33857041666666676,5.838783462842305,40.71830050150553,142.29767612501746
dgn_qmix__N4__ring__seed3,dgn_qmix,coord_grid,3,3342,83575,48.0,25,0.33837249999999996,5.2148730754852295,27.57969601949056,142.34347095899284
dgn_qmix__N4__ring__seed3,dgn_qmix,coord_grid,3,3343,83600,27.0,25,0.3381745833333333,5.79636687040329,31.471636295318604,142.38738504203502
dgn_qmix__N4__ring__seed3,dgn_qmix,coord_grid,3,3344,83625,38.0,25,0.3379766666666667,7.682203599384853,26.826152801513672,142.43575758399675
dgn_qmix__N4__ring__seed3,dgn_qmix,coord_grid,3,3345,83650,47.0,25,0.33777875,5.446458478768666,41.508301734924316,142.4799444170203
dgn_qmix__N4__ring__seed3,dgn_qmix,coord_grid,3,3346,83675,48.0,25,0.33758083333333333,8.328331232070923,33.75861485799154,142.52441720903153
dgn_qmix__N4__ring__seed3,dgn_qmix,coord_grid,3,3347,83700,38.0,25,0.33738291666666675,5.329261501630147,26.946190516153973,142.5680771250045
dgn_qmix__N4__ring__seed3,dgn_qmix,coord_grid,3,3348,83725,39.0,25,0.33718500000000007,4.803187370300293,32.22120026179722,142.6164338340168
dgn_qmix__N4__ring__seed3,dgn_qmix,coord_grid,3,3349,83750,55.0,25,0.3369870833333334,3.7411853472391763,29.42340628306071,142.6603122089873
dgn_qmix__N4__ring__seed3,dgn_qmix,coord_grid,3,3350,83775,27.0,25,0.3367891666666667,4.832060555617015,41.37229951222738,142.7047375839902
dgn_qmix__N4__ring__seed3,dgn_qmix,coord_grid,3,3351,83800,41.0,25,0.33659125,4.906835615634918,51.21080811818441,142.74883679201594
dgn_qmix__N4__ring__seed3,dgn_qmix,coord_grid,3,3352,83825,33.0,25,0.3363933333333333,4.989610041890826,35.90269007001604,142.79837654199218
dgn_qmix__N4__ring__seed3,dgn_qmix,coord_grid,3,3353,83850,46.0,25,0.33619541666666664,6.899654825528462,35.849924405415855,142.84171779203461
dgn_qmix__N4__ring__seed3,dgn_qmix,coord_grid,3,3354,83875,30.0,25,0.33599750000000006,4.451665123303731,28.867951075236004,142.88643466698704
dgn_qmix__N4__ring__seed3,dgn_qmix,coord_grid,3,3355,83900,57.0,25,0.3357995833333334,5.571689327557881,31.63014094034831,142.92958529200405
dgn_qmix__N4__ring__seed3,dgn_qmix,coord_grid,3,3356,83925,58.0,25,0.3356016666666667,5.918921879359654,44.81225395202637,142.9787497500074
dgn_qmix__N4__ring__seed3,dgn_qmix,coord_grid,3,3357,83950,41.0,25,0.3354037500000001,6.413710435231526,61.677736600240074,143.02200900000753
dgn_qmix__N4__ring__seed3,dgn_qmix,coord_grid,3,3358,83975,32.0,25,0.3352058333333334,4.242527604103088,49.37225882212321,143.06529216701165
dgn_qmix__N4__ring__seed3,dgn_qmix,coord_grid,3,3359,84000,45.0,25,0.33500791666666674,6.6474427580833435,51.37234115600586,143.10932820901508
dgn_qmix__N4__ring__seed3,dgn_qmix,coord_grid,3,3360,84025,43.0,25,0.33480999999999994,6.6093911443437845,35.86220523289272,143.15888275002362
dgn_qmix__N4__ring__seed3,dgn_qmix,coord_grid,3,3361,84050,33.0,25,0.33461208333333337,8.509934504826864,39.81343650817871,143.20291120902402
dgn_qmix__N4__ring__seed3,dgn_qmix,coord_grid,3,3362,84075,39.0,25,0.3344141666666667,6.855101744333903,52.06630261739095,143.24636395898415
dgn_qmix__N4__ring__seed3,dgn_qmix,coord_grid,3,3363,84100,52.0,25,0.33421625,6.811267097791036,58.56513913472494,143.28987558401423
dgn_qmix__N4__ring__seed3,dgn_qmix,coord_grid,3,3364,84125,27.0,25,0.3340183333333334,5.174865892955235,54.67162105015346,143.33928366703913
dgn_qmix__N4__ring__seed3,dgn_qmix,coord_grid,3,3365,84150,27.0,25,0.33382041666666673,4.3009909590085345,35.59031836191813,143.38384387502447
dgn_qmix__N4__ring__seed3,dgn_qmix,coord_grid,3,3366,84175,34.0,25,0.33362250000000004,5.003522237141927,52.71077060699463,143.427582000033
dgn_qmix__N4__ring__seed3,dgn_qmix,coord_grid,3,3367,84200,33.0,25,0.33342458333333336,5.647881706555684,48.078497886657715,143.471569833986
dgn_qmix__N4__ring__seed3,dgn_qmix,coord_grid,3,3368,84225,47.0,25,0.33322666666666667,7.8042682238987515,67.28496960231236,143.52000349998707
dgn_qmix__N4__ring__seed3,dgn_qmix,coord_grid,3,3369,84250,39.0,25,0.33302875,5.783956070741017,49.100266456604004,143.56493266701
dgn_qmix__N4__ring__seed3,dgn_qmix,coord_grid,3,3370,84275,45.0,25,0.3328308333333333,8.11424978574117,57.375466664632164,143.6087512919912
dgn_qmix__N4__ring__seed3,dgn_qmix,coord_grid,3,3371,84300,46.0,25,0.3326329166666667,7.80295976003011,56.30768585205078,143.65264179202495
dgn_qmix__N4__ring__seed3,dgn_qmix,coord_grid,3,3372,84325,42.0,25,0.33243500000000004,5.304425171443394,48.5223263331822,143.70158283400815
dgn_qmix__N4__ring__seed3,dgn_qmix,coord_grid,3,3373,84350,41.0,25,0.33223708333333335,6.635096768538157,52.251462618509926,143.74489908403484
dgn_qmix__N4__ring__seed3,dgn_qmix,coord_grid,3,3374,84375,36.0,25,0.3320391666666668,7.832598527272542,47.118064085642494,143.78799287503352
dgn_qmix__N4__ring__seed3,dgn_qmix,coord_grid,3,3375,84400,43.0,25,0.3318412500000001,7.558401346206665,41.09620714187622,143.83136000001105
dgn_qmix__N4__ring__seed3,dgn_qmix,coord_grid,3,3376,84425,27.0,25,0.3316433333333334,6.168439660753522,49.26872934613909,143.88453912502155
dgn_qmix__N4__ring__seed3,dgn_qmix,coord_grid,3,3377,84450,22.0,25,0.3314454166666666,7.686966975529988,48.20498816172282,143.9280792500358
dgn_qmix__N4__ring__seed3,dgn_qmix,coord_grid,3,3378,84475,27.0,25,0.33124750000000003,6.786446253458659,46.12230936686198,143.97108537500026
dgn_qmix__N4__ring__seed3,dgn_qmix,coord_grid,3,3379,84500,51.0,25,0.33104958333333334,5.3508181273937225,40.48101043701172,144.0155574590317
dgn_qmix__N4__ring__seed3,dgn_qmix,coord_grid,3,3380,84525,22.0,25,0.33085166666666666,4.939988715308053,33.63352639334543,144.06529633398168
dgn_qmix__N4__ring__seed3,dgn_qmix,coord_grid,3,3381,84550,30.0,25,0.3306537500000001,6.403818806012471,34.88223203023275,144.10914650000632
dgn_qmix__N4__ring__seed3,dgn_qmix,coord_grid,3,3382,84575,45.0,25,0.3304558333333334,4.807769974072774,42.043591817220054,144.15361816703808
dgn_qmix__N4__ring__seed3,dgn_qmix,coord_grid,3,3383,84600,40.0,25,0.3302579166666667,6.497351845105489,36.82724825541178,144.19697229203302
dgn_qmix__N4__ring__seed3,dgn_qmix,coord_grid,3,3384,84625,39.0,25,0.33006,4.850134491920471,27.705523899623326,144.24567249999382
dgn_qmix__N4__ring__seed3,dgn_qmix,coord_grid,3,3385,84650,20.0,25,0.32986208333333344,5.621659755706787,63.64182758331299,144.28877991699846
dgn_qmix__N4__ring__seed3,dgn_qmix,coord_grid,3,3386,84675,37.0,25,0.32966416666666665,4.784623980522156,25.12607701619466,144.33187970903236
dgn_qmix__N4__ring__seed3,dgn_qmix,coord_grid,3,3387,84700,49.0,25,0.32946624999999996,7.006191770235698,30.66855541865031,144.374837499985
dgn_qmix__N4__ring__seed3,dgn_qmix,coord_grid,3,3388,84725,50.0,25,0.3292683333333334,6.131199428013393,33.63941873822893,144.42357891699066
dgn_qmix__N4__ring__seed3,dgn_qmix,coord_grid,3,3389,84750,47.0,25,0.3290704166666667,8.012092789014181,31.031707763671875,144.46828062500572
dgn_qmix__N4__ring__seed3,dgn_qmix,coord_grid,3,3390,84775,43.0,25,0.3288725,2.910068949063619,44.68153794606527,144.511629250017
dgn_qmix__N4__ring__seed3,dgn_qmix,coord_grid,3,3391,84800,35.0,25,0.3286745833333333,7.6311047077178955,44.42660427093506,144.55498620902654
dgn_qmix__N4__ring__seed3,dgn_qmix,coord_grid,3,3392,84825,45.0,25,0.32847666666666675,5.290920444897243,30.756563186645508,144.60378670901991
dgn_qmix__N4__ring__seed3,dgn_qmix,coord_grid,3,3393,84850,33.0,25,0.32827875000000006,7.66540805498759,39.89213275909424,144.6474857919966
dgn_qmix__N4__ring__seed3,dgn_qmix,coord_grid,3,3394,84875,32.0,25,0.3280808333333334,7.545581738154094,46.980289459228516,144.6907989170286
dgn_qmix__N4__ring__seed3,dgn_qmix,coord_grid,3,3395,84900,46.0,25,0.3278829166666667,5.890284617741902,44.50729433695475,144.73444374999963
dgn_qmix__N4__ring__seed3,dgn_qmix,coord_grid,3,3396,84925,43.0,25,0.327685,3.9618207216262817,69.91402162824359,144.78392879199237
dgn_qmix__N4__ring__seed3,dgn_qmix,coord_grid,3,3397,84950,39.0,25,0.3274870833333333,2.7267598311106362,62.24866231282552,144.8284995839931
dgn_qmix__N4__ring__seed3,dgn_qmix,coord_grid,3,3398,84975,31.0,25,0.32728916666666674,4.291620135307312,47.798394521077476,144.87248537503183
dgn_qmix__N4__ring__seed3,dgn_qmix,coord_grid,3,3399,85000,14.0,25,0.32709125000000006,4.46196186542511,52.5675433476766,144.91697662498336
dgn_qmix__N4__ring__seed3,dgn_qmix,coord_grid,3,3400,85025,26.0,25,0.32689333333333337,4.435434511729649,81.95869718279157,144.96574083401356
dgn_qmix__N4__ring__seed3,dgn_qmix,coord_grid,3,3401,85050,40.0,25,0.3266954166666667,5.417977035045624,56.57830015818278,145.00935529201524
dgn_qmix__N4__ring__seed3,dgn_qmix,coord_grid,3,3402,85075,40.0,25,0.3264975000000001,5.964982112248738,38.33155663808187,145.05374562501675
dgn_qmix__N4__ring__seed3,dgn_qmix,coord_grid,3,3403,85100,50.0,25,0.3262995833333333,4.636635919411977,27.307185490926106,145.09681808401365
dgn_qmix__N4__ring__seed3,dgn_qmix,coord_grid,3,3404,85125,32.0,25,0.3261016666666666,6.983004467827933,29.013532366071427,145.145418042026
dgn_qmix__N4__ring__seed3,dgn_qmix,coord_grid,3,3405,85150,45.0,25,0.32590375000000005,4.751641571521759,38.99202823638916,145.18944699998247
dgn_qmix__N4__ring__seed3,dgn_qmix,coord_grid,3,3406,85175,31.0,25,0.32570583333333336,7.374958833058675,33.36604897181193,145.23282537498744
dgn_qmix__N4__ring__seed3,dgn_qmix,coord_grid,3,3407,85200,42.0,25,0.3255079166666667,7.984813670317332,35.7176259358724,145.27577183401445
dgn_qmix__N4__ring__seed3,dgn_qmix,coord_grid,3,3408,85225,59.0,25,0.32531,3.5711686611175537,30.19699559892927,145.32437162502902
dgn_qmix__N4__ring__seed3,dgn_qmix,coord_grid,3,3409,85250,42.0,25,0.3251120833333334,6.767053008079529,39.39472643534342,145.36855424998794
dgn_qmix__N4__ring__seed3,dgn_qmix,coord_grid,3,3410,85275,65.0,25,0.3249141666666667,5.523143529891968,48.59910742441813,145.41226524999365
dgn_qmix__N4__ring__seed3,dgn_qmix,coord_grid,3,3411,85300,41.0,25,0.32471625000000004,7.193342586358388,59.959622383117676,145.45578787499107
dgn_qmix__N4__ring__seed3,dgn_qmix,coord_grid,3,3412,85325,46.0,25,0.32451833333333335,7.001619781766619,29.273028237479075,145.5049369999906
dgn_qmix__N4__ring__seed3,dgn_qmix,coord_grid,3,3413,85350,53.0,25,0.32432041666666667,3.825389325618744,31.23268699645996,145.54912516701734
dgn_qmix__N4__ring__seed3,dgn_qmix,coord_grid,3,3414,85375,48.0,25,0.3241225,8.21072260538737,57.60797723134359,145.59266416699393
dgn_qmix__N4__ring__seed3,dgn_qmix,coord_grid,3,3415,85400,44.0,25,0.3239245833333334,8.664803147315979,37.95524342854818,145.63720500003546
dgn_qmix__N4__ring__seed3,dgn_qmix,coord_grid,3,3416,85425,34.0,25,0.3237266666666667,4.915012172290257,57.10547637939453,145.6864271670347
dgn_qmix__N4__ring__seed3,dgn_qmix,coord_grid,3,3417,85450,48.0,25,0.32352875000000003,4.205410738786061,44.29750283559164,145.7303610839881
dgn_qmix__N4__ring__seed3,dgn_qmix,coord_grid,3,3418,85475,43.0,25,0.32333083333333335,5.369384229183197,41.46061929066976,145.77416416699998
dgn_qmix__N4__ring__seed3,dgn_qmix,coord_grid,3,3419,85500,43.0,25,0.32313291666666677,8.037253538767496,23.854926745096844,145.8178406250081
dgn_qmix__N4__ring__seed3,dgn_qmix,coord_grid,3,3420,85525,45.0,25,0.3229350000000001,6.813535826546805,52.31193052019392,145.86693408398423
dgn_qmix__N4__ring__seed3,dgn_qmix,coord_grid,3,3421,85550,22.0,25,0.3227370833333333,5.793378273646037,50.99478848775228,145.91045116703026
dgn_qmix__N4__ring__seed3,dgn_qmix,coord_grid,3,3422,85575,31.0,25,0.3225391666666667,6.13181459903717,58.78704865773519,145.95455687498907
dgn_qmix__N4__ring__seed3,dgn_qmix,coord_grid,3,3423,85600,38.0,25,0.32234125,6.521092037359874,58.897976557413735,145.99913604202447
dgn_qmix__N4__ring__seed3,dgn_qmix,coord_grid,3,3424,85625,47.0,25,0.32214333333333334,5.48742093358721,40.379956654139924,146.04866941698128
dgn_qmix__N4__ring__seed3,dgn_qmix,coord_grid,3,3425,85650,54.0,25,0.32194541666666665,5.366026659806569,28.341691652933758,146.09247562498786
dgn_qmix__N4__ring__seed3,dgn_qmix,coord_grid,3,3426,85675,44.0,25,0.3217475000000001,5.881263275941213,38.91644287109375,146.13602962502046
dgn_qmix__N4__ring__seed3,dgn_qmix,coord_grid,3,3427,85700,27.0,25,0.3215495833333334,7.371906856695811,44.17401154836019,146.17912554199575
dgn_qmix__N4__ring__seed3,dgn_qmix,coord_grid,3,3428,85725,26.0,25,0.3213516666666667,5.467663185937064,28.77884919302804,146.2274142089882
dgn_qmix__N4__ring__seed3,dgn_qmix,coord_grid,3,3429,85750,27.0,25,0.32115375,6.293208996454875,53.03425598144531,146.27184312499594
dgn_qmix__N4__ring__seed3,dgn_qmix,coord_grid,3,3430,85775,46.0,25,0.32095583333333333,5.5530165036519366,49.754130045572914,146.3158906250028
dgn_qmix__N4__ring__seed3,dgn_qmix,coord_grid,3,3431,85800,37.0,25,0.32075791666666664,8.548055171966553,41.49592590332031,146.36019808403216
dgn_qmix__N4__ring__seed3,dgn_qmix,coord_grid,3,3432,85825,40.0,25,0.32056000000000007,8.016986949103218,79.81887762887138,146.408637000015
dgn_qmix__N4__ring__seed3,dgn_qmix,coord_grid,3,3433,85850,34.0,25,0.3203620833333334,7.28829950094223,85.56126658121745,146.4526137090288
dgn_qmix__N4__ring__seed3,dgn_qmix,coord_grid,3,3434,85875,36.0,25,0.3201641666666667,6.900437593460083,65.27227401733398,146.49610841699177
dgn_qmix__N4__ring__seed3,dgn_qmix,coord_grid,3,3435,85900,36.0,25,0.31996625,6.202557365099589,65.79501978556316,146.54041345900623
dgn_qmix__N4__ring__seed3,dgn_qmix,coord_grid,3,3436,85925,50.0,25,0.31976833333333343,7.218851293836321,56.958272389003206,146.5885283750249
dgn_qmix__N4__ring__seed3,dgn_qmix,coord_grid,3,3437,85950,35.0,25,0.31957041666666675,3.785826484362284,34.82245190938314,146.6318317920086
dgn_qmix__N4__ring__seed3,dgn_qmix,coord_grid,3,3438,85975,37.0,25,0.31937249999999995,5.900305350621541,33.37420050303141,146.67573229200207
dgn_qmix__N4__ring__seed3,dgn_qmix,coord_grid,3,3439,86000,63.0,25,0.3191745833333334,6.348395268122355,33.96204153696696,146.71994329203153
dgn_qmix__N4__ring__seed3,dgn_qmix,coord_grid,3,3440,86025,34.0,25,0.3189766666666667,3.6060979196003506,42.11775697980608,146.76939920900622
dgn_qmix__N4__ring__seed3,dgn_qmix,coord_grid,3,3441,86050,46.0,25,0.31877875,2.3355979522069297,33.10556825002035,146.8140922090388
dgn_qmix__N4__ring__seed3,dgn_qmix,coord_grid,3,3442,86075,26.0,25,0.3185808333333333,6.4640624324480696,35.78885746002197,146.857077667024
dgn_qmix__N4__ring__seed3,dgn_qmix,coord_grid,3,3443,86100,48.0,25,0.31838291666666674,6.66057429711024,30.3531592686971,146.9011117920163
dgn_qmix__N4__ring__seed3,dgn_qmix,coord_grid,3,3444,86125,49.0,25,0.31818500000000005,4.093179038592747,62.822579520089285,146.95024358399678
dgn_qmix__N4__ring__seed3,dgn_qmix,coord_grid,3,3445,86150,25.0,25,0.31798708333333336,5.229401071866353,49.60211499532064,146.99378229200374
dgn_qmix__N4__ring__seed3,dgn_qmix,coord_grid,3,3446,86175,32.0,25,0.3177891666666668,5.733202417691548,48.31872876485189,147.03798808401916
dgn_qmix__N4__ring__seed3,dgn_qmix,coord_grid,3,3447,86200,44.0,25,0.31759125,6.713304400444031,60.095106760660805,147.08022841700586
dgn_qmix__N4__ring__seed3,dgn_qmix,coord_grid,3,3448,86225,54.0,25,0.3173933333333333,5.730906639780317,40.85843467712402,147.12819516699528
dgn_qmix__N4__ring__seed3,dgn_qmix,coord_grid,3,3449,86250,46.0,25,0.31719541666666673,5.538025299708049,29.178449630737305,147.17168604198378
dgn_qmix__N4__ring__seed3,dgn_qmix,coord_grid,3,3450,86275,54.0,25,0.31699750000000004,7.393579820791881,36.39603169759115,147.21594229200855
dgn_qmix__N4__ring__seed3,dgn_qmix,coord_grid,3,3451,86300,48.0,25,0.31679958333333336,5.028627832730611,38.82860310872396,147.25927679199958
dgn_qmix__N4__ring__seed3,dgn_qmix,coord_grid,3,3452,86325,54.0,25,0.31660166666666667,5.369279844420297,50.305546624319895,147.3082096669823
dgn_qmix__N4__ring__seed3,dgn_qmix,coord_grid,3,3453,86350,29.0,25,0.3164037500000001,9.80903834104538,37.044907887776695,147.35232466703746
dgn_qmix__N4__ring__seed3,dgn_qmix,coord_grid,3,3454,86375,27.0,25,0.3162058333333334,3.683310945828756,31.583888212839764,147.395374041982
dgn_qmix__N4__ring__seed3,dgn_qmix,coord_grid,3,3455,86400,42.0,25,0.3160079166666667,5.892787079016368,25.31729555130005,147.43927358399378
dgn_qmix__N4__ring__seed3,dgn_qmix,coord_grid,3,3456,86425,51.0,25,0.31581000000000004,6.609237228121076,43.5097906930106,147.48916787502822
dgn_qmix__N4__ring__seed3,dgn_qmix,coord_grid,3,3457,86450,25.0,25,0.31561208333333335,6.5886177221934,40.52512772878011,147.5333201669855
dgn_qmix__N4__ring__seed3,dgn_qmix,coord_grid,3,3458,86475,43.0,25,0.31541416666666666,8.33583132425944,65.70709991455078,147.57708575000288
dgn_qmix__N4__ring__seed3,dgn_qmix,coord_grid,3,3459,86500,15.0,25,0.31521625,6.7478949427604675,35.729761282602944,147.62047854199773
dgn_qmix__N4__ring__seed3,dgn_qmix,coord_grid,3,3460,86525,38.0,25,0.3150183333333334,4.292516452925546,36.42818696158273,147.6695540000219
dgn_qmix__N4__ring__seed3,dgn_qmix,coord_grid,3,3461,86550,52.0,25,0.3148204166666667,4.317741711934407,36.7759059270223,147.71355525002582
dgn_qmix__N4__ring__seed3,dgn_qmix,coord_grid,3,3462,86575,30.0,25,0.3146225,6.21282156308492,32.87764231363932,147.75687641702825
dgn_qmix__N4__ring__seed3,dgn_qmix,coord_grid,3,3463,86600,46.0,25,0.31442458333333345,5.901632825533549,37.919717152913414,147.8003618750372
dgn_qmix__N4__ring__seed3,dgn_qmix,coord_grid,3,3464,86625,29.0,25,0.31422666666666665,5.838797211647034,71.45606940133231,147.84995200001867
dgn_qmix__N4__ring__seed3,dgn_qmix,coord_grid,3,3465,86650,58.0,25,0.31402874999999997,9.252935647964478,49.38415495554606,147.893796459015
dgn_qmix__N4__ring__seed3,dgn_qmix,coord_grid,3,3466,86675,52.0,25,0.3138308333333333,6.818544367949168,38.82996082305908,147.93784333398798
dgn_qmix__N4__ring__seed3,dgn_qmix,coord_grid,3,3467,86700,47.0,25,0.3136329166666667,3.491599202156067,40.90708669026693,147.98096370900748
dgn_qmix__N4__ring__seed3,dgn_qmix,coord_grid,3,3468,86725,43.0,25,0.313435,5.159435033798218,38.50189072745187,148.03034483402735
dgn_qmix__N4__ring__seed3,dgn_qmix,coord_grid,3,3469,86750,52.0,25,0.31323708333333333,5.999752998352051,33.52484258015951,148.0740339999902
dgn_qmix__N4__ring__seed3,dgn_qmix,coord_grid,3,3470,86775,45.0,25,0.31303916666666676,3.944425622622172,44.489308993021645,148.11722183402162
dgn_qmix__N4__ring__seed3,dgn_qmix,coord_grid,3,3471,86800,40.0,25,0.31284125000000007,5.783306280771892,62.80402342478434,148.1616587919998
dgn_qmix__N4__ring__seed3,dgn_qmix,coord_grid,3,3472,86825,22.0,25,0.3126433333333334,6.737902130399432,53.45787130083357,148.2103181250277
dgn_qmix__N4__ring__seed3,dgn_qmix,coord_grid,3,3473,86850,56.0,25,0.3124454166666667,4.46304053068161,40.4010591506958,148.2543071670225
dgn_qmix__N4__ring__seed3,dgn_qmix,coord_grid,3,3474,86875,36.0,25,0.3122475,5.074727892875671,53.93627421061198,148.29771641700063
dgn_qmix__N4__ring__seed3,dgn_qmix,coord_grid,3,3475,86900,30.0,25,0.3120495833333333,5.560127814610799,49.72452465693156,148.34031708398834
dgn_qmix__N4__ring__seed3,dgn_qmix,coord_grid,3,3476,86925,23.0,25,0.31185166666666664,5.579496043069022,49.31969451904297,148.39197120902827
dgn_qmix__N4__ring__seed3,dgn_qmix,coord_grid,3,3477,86950,23.0,25,0.31165375000000006,6.773064076900482,50.984710693359375,148.43679175002035
dgn_qmix__N4__ring__seed3,dgn_qmix,coord_grid,3,3478,86975,41.0,25,0.3114558333333334,6.366640686988831,36.90747992197672,148.48080216703238
dgn_qmix__N4__ring__seed3,dgn_qmix,coord_grid,3,3479,87000,47.0,25,0.3112579166666667,6.078577438990275,26.855801264444988,148.52488695899956
dgn_qmix__N4__ring__seed3,dgn_qmix,coord_grid,3,3480,87025,41.0,25,0.3110600000000001,7.4150265114648,34.691971915108816,148.57474904198898
dgn_qmix__N4__ring__seed3,dgn_qmix,coord_grid,3,3481,87050,26.0,25,0.3108620833333334,6.339953104654948,45.44799550374349,148.6194240420009
dgn_qmix__N4__ring__seed3,dgn_qmix,coord_grid,3,3482,87075,35.0,25,0.31066416666666663,6.374773104985555,62.66778723398844,148.6635151670198
dgn_qmix__N4__ring__seed3,dgn_qmix,coord_grid,3,3483,87100,39.0,25,0.31046624999999994,5.6855777104695635,42.3258368174235,148.70729704201221
dgn_qmix__N4__ring__seed3,dgn_qmix,coord_grid,3,3484,87125,48.0,25,0.31026833333333337,8.94291945866176,32.70513779776437,148.75646825000877
dgn_qmix__N4__ring__seed3,dgn_qmix,coord_grid,3,3485,87150,38.0,25,0.3100704166666667,6.174141943454742,57.043914477030434,148.80086404201575
dgn_qmix__N4__ring__seed3,dgn_qmix,coord_grid,3,3486,87175,35.0,25,0.3098725,7.840162913004558,53.54354286193848,148.84567804203834
dgn_qmix__N4__ring__seed3,dgn_qmix,coord_grid,3,3487,87200,50.0,25,0.3096745833333334,5.102615396181743,37.23365052541097,148.88847454200732
dgn_qmix__N4__ring__seed3,dgn_qmix,coord_grid,3,3488,87225,46.0,25,0.30947666666666673,7.492998889514378,28.286734172276088,148.93702708400087
dgn_qmix__N4__ring__seed3,dgn_qmix,coord_grid,3,3489,87250,49.0,25,0.30927875000000005,4.749056935310364,30.20482365290324,148.97937387501588
dgn_qmix__N4__ring__seed3,dgn_qmix,coord_grid,3,3490,87275,49.0,25,0.30908083333333336,7.105677982171376,34.184652964274086,149.0229310420109
dgn_qmix__N4__ring__seed3,dgn_qmix,coord_grid,3,3491,87300,38.0,25,0.3088829166666667,8.216873228549957,34.767041524251304,149.06672533403616
dgn_qmix__N4__ring__seed3,dgn_qmix,coord_grid,3,3492,87325,46.0,25,0.308685,5.241897821426392,55.04343741280692,149.11631279200083
dgn_qmix__N4__ring__seed3,dgn_qmix,coord_grid,3,3493,87350,44.0,25,0.3084870833333333,6.657904823621114,47.50568040211996,149.15890337503515
dgn_qmix__N4__ring__seed3,dgn_qmix,coord_grid,3,3494,87375,43.0,25,0.3082891666666667,9.152761300404867,33.896162033081055,149.2034439590061
dgn_qmix__N4__ring__seed3,dgn_qmix,coord_grid,3,3495,87400,38.0,25,0.30809125000000004,5.751046737035115,29.926197052001953,149.24721820902778
dgn_qmix__N4__ring__seed3,dgn_qmix,coord_grid,3,3496,87425,35.0,25,0.30789333333333335,5.541397741862705,79.77869170052665,149.29619120899588
dgn_qmix__N4__ring__seed3,dgn_qmix,coord_grid,3,3497,87450,40.0,25,0.3076954166666668,7.208291530609131,70.24253718058269,149.3397653340362
dgn_qmix__N4__ring__seed3,dgn_qmix,coord_grid,3,3498,87475,29.0,25,0.3074975000000001,6.80508820215861,63.32288424173991,149.38281512499088
dgn_qmix__N4__ring__seed3,dgn_qmix,coord_grid,3,3499,87500,38.0,25,0.3072995833333333,6.25404280424118,33.544356981913246,149.42636662500445
dgn_qmix__N4__ring__seed3,dgn_qmix,coord_grid,3,3500,87525,46.0,25,0.3071016666666666,6.014526741845267,59.55113765171596,149.47539158398286
dgn_qmix__N4__ring__seed3,dgn_qmix,coord_grid,3,3501,87550,46.0,25,0.30690375000000003,5.6179922223091125,45.97905317942301,149.51907862501685
dgn_qmix__N4__ring__seed3,dgn_qmix,coord_grid,3,3502,87575,33.0,25,0.30670583333333334,7.804805159568787,38.098632176717125,149.5626690420322
dgn_qmix__N4__ring__seed3,dgn_qmix,coord_grid,3,3503,87600,41.0,25,0.30650791666666666,6.116625070571899,43.857391357421875,149.60635541699594
dgn_qmix__N4__ring__seed3,dgn_qmix,coord_grid,3,3504,87625,29.0,25,0.3063100000000001,4.913534130368914,48.06267220633371,149.65542575001018
dgn_qmix__N4__ring__seed3,dgn_qmix,coord_grid,3,3505,87650,42.0,25,0.3061120833333334,4.982225100199382,38.28295103708903,149.69923795899376
dgn_qmix__N4__ring__seed3,dgn_qmix,coord_grid,3,3506,87675,45.0,25,0.3059141666666667,6.724276264508565,37.18476835886637,149.7426370420144
dgn_qmix__N4__ring__seed3,dgn_qmix,coord_grid,3,3507,87700,44.0,25,0.30571625000000013,8.654073317845663,32.93640168507894,149.78642075002426
dgn_qmix__N4__ring__seed3,dgn_qmix,coord_grid,3,3508,87725,27.0,25,0.30551833333333334,7.735988225255694,33.198581968035015,149.83556241699262
dgn_qmix__N4__ring__seed3,dgn_qmix,coord_grid,3,3509,87750,49.0,25,0.30532041666666665,8.351580659548441,56.09156799316406,149.87872454203898
dgn_qmix__N4__ring__seed3,dgn_qmix,coord_grid,3,3510,87775,18.0,25,0.30512249999999996,7.469618320465088,56.04435729980469,149.9218889999902
dgn_qmix__N4__ring__seed3,dgn_qmix,coord_grid,3,3511,87800,49.0,25,0.3049245833333334,3.8170665899912515,36.850118001302086,149.96539858402684
dgn_qmix__N4__ring__seed3,dgn_qmix,coord_grid,3,3512,87825,50.0,25,0.3047266666666667,7.522796954427447,30.627022879464285,150.014437292004
dgn_qmix__N4__ring__seed3,dgn_qmix,coord_grid,3,3513,87850,24.0,25,0.30452875,5.007691979408264,49.69389565785726,150.05761558399536
dgn_qmix__N4__ring__seed3,dgn_qmix,coord_grid,3,3514,87875,58.0,25,0.30433083333333344,9.162717580795288,55.927919705708824,150.10136112500913
dgn_qmix__N4__ring__seed3,dgn_qmix,coord_grid,3,3515,87900,34.0,25,0.30413291666666675,6.642043034235637,29.993316014607746,150.1458014170057
dgn_qmix__N4__ring__seed3,dgn_qmix,coord_grid,3,3516,87925,26.0,25,0.30393500000000007,6.13056697164263,42.20230048043387,150.19465595902875
dgn_qmix__N4__ring__seed3,dgn_qmix,coord_grid,3,3517,87950,46.0,25,0.30373708333333327,7.731914122899373,47.718052546183266,150.2383303749957
dgn_qmix__N4__ring__seed3,dgn_qmix,coord_grid,3,3518,87975,43.0,25,0.3035391666666667,9.040491739908854,38.78809070587158,150.28184983402025
dgn_qmix__N4__ring__seed3,dgn_qmix,coord_grid,3,3519,88000,44.0,25,0.30334125,7.825476586818695,30.751652081807453,150.3253255840391
dgn_qmix__N4__ring__seed3,dgn_qmix,coord_grid,3,3520,88025,37.0,25,0.3031433333333333,5.018929174968174,38.6020690373012,150.37425866699778
dgn_qmix__N4__ring__seed3,dgn_qmix,coord_grid,3,3521,88050,52.0,25,0.30294541666666674,7.064484198888143,68.05395571390788,150.41861095902277
dgn_qmix__N4__ring__seed3,dgn_qmix,coord_grid,3,3522,88075,45.0,25,0.30274750000000006,7.824292778968811,47.80690129597982,150.4629972089897
dgn_qmix__N4__ring__seed3,dgn_qmix,coord_grid,3,3523,88100,49.0,25,0.30254958333333337,6.444391369819641,53.04317061106364,150.5070290840231
dgn_qmix__N4__ring__seed3,dgn_qmix,coord_grid,3,3524,88125,47.0,25,0.3023516666666668,4.630311182567051,55.66845049176897,150.55603729200084
dgn_qmix__N4__ring__seed3,dgn_qmix,coord_grid,3,3525,88150,34.0,25,0.30215375,4.5664487679799395,57.25720691680908,150.5992760839872
dgn_qmix__N4__ring__seed3,dgn_qmix,coord_grid,3,3526,88175,41.0,25,0.3019558333333333,4.408634702364604,56.72834300994873,150.64376112498576
dgn_qmix__N4__ring__seed3,dgn_qmix,coord_grid,3,3527,88200,43.0,25,0.3017579166666666,5.34837681055069,34.26094309488932,150.68777379201492
dgn_qmix__N4__ring__seed3,dgn_qmix,coord_grid,3,3528,88225,56.0,25,0.30156000000000005,5.830907532146999,85.55486461094448,150.73703020898392
dgn_qmix__N4__ring__seed3,dgn_qmix,coord_grid,3,3529,88250,53.0,25,0.30136208333333336,6.2372515598932905,100.74475924173991,150.7808910839958
dgn_qmix__N4__ring__seed3,dgn_qmix,coord_grid,3,3530,88275,46.0,25,0.3011641666666667,8.623073041439056,70.42155583699544,150.82455499999924
dgn_qmix__N4__ring__seed3,dgn_qmix,coord_grid,3,3531,88300,29.0,25,0.3009662500000001,4.805385708808899,32.800670305887856,150.86838591698324
dgn_qmix__N4__ring__seed3,dgn_qmix,coord_grid,3,3532,88325,25.0,25,0.3007683333333334,4.383282508168902,32.01627104622977,150.91815004200907
dgn_qmix__N4__ring__seed3,dgn_qmix,coord_grid,3,3533,88350,39.0,25,0.30057041666666673,6.136897563934326,29.011619249979656,150.96192437503487
dgn_qmix__N4__ring__seed3,dgn_qmix,coord_grid,3,3534,88375,33.0,25,0.30037249999999993,5.011538028717041,33.39271863301595,151.00568983401172
dgn_qmix__N4__ring__seed3,dgn_qmix,coord_grid,3,3535,88400,48.0,25,0.30017458333333336,5.980934758981069,39.07592805226644,151.04982200002996
dgn_qmix__N4__ring__seed3,dgn_qmix,coord_grid,3,3536,88425,36.0,25,0.29997666666666667,6.055904405457633,42.46077101571219,151.09857320901938
dgn_qmix__N4__ring__seed3,dgn_qmix,coord_grid,3,3537,88450,31.0,25,0.29977875,6.454991062482198,68.55595588684082,151.14275833399734
dgn_qmix__N4__ring__seed3,dgn_qmix,coord_grid,3,3538,88475,42.0,25,0.2995808333333334,7.4843084414800005,49.34690030415853,151.18615066702478
dgn_qmix__N4__ring__seed3,dgn_qmix,coord_grid,3,3539,88500,52.0,25,0.2993829166666667,3.6626421411832175,46.46980349222819,151.23010266700294
dgn_qmix__N4__ring__seed3,dgn_qmix,coord_grid,3,3540,88525,38.0,25,0.29918500000000003,4.86851031439645,40.8275032043457,151.27851099998225
dgn_qmix__N4__ring__seed3,dgn_qmix,coord_grid,3,3541,88550,28.0,25,0.29898708333333335,7.463410119215648,53.860081354777016,151.32233537500724
dgn_qmix__N4__ring__seed3,dgn_qmix,coord_grid,3,3542,88575,35.0,25,0.2987891666666668,2.8280901312828064,56.78474966684977,151.36593120900216
dgn_qmix__N4__ring__seed3,dgn_qmix,coord_grid,3,3543,88600,51.0,25,0.29859125,4.549576322237651,51.91266345977783,151.40858412499074
dgn_qmix__N4__ring__seed3,dgn_qmix,coord_grid,3,3544,88625,39.0,25,0.2983933333333333,2.3839931658336093,47.5342892238072,151.45777954201913
dgn_qmix__N4__ring__seed3,dgn_qmix,coord_grid,3,3545,88650,23.0,25,0.2981954166666667,5.59924332300822,56.89235337575277,151.5024072920205
dgn_qmix__N4__ring__seed3,dgn_qmix,coord_grid,3,3546,88675,33.0,25,0.2979975,3.3137550254662833,60.991591453552246,151.54576966702007
dgn_qmix__N4__ring__seed3,dgn_qmix,coord_grid,3,3547,88700,52.0,25,0.29779958333333334,7.199899435043335,58.18395598729452,151.58900979202008
dgn_qmix__N4__ring__seed3,dgn_qmix,coord_grid,3,3548,88725,49.0,25,0.29760166666666676,5.5488494123731344,76.24334062848773,151.63813458400546
dgn_qmix__N4__ring__seed3,dgn_qmix,coord_grid,3,3549,88750,30.0,25,0.2974037500000001,6.0770740906397505,70.55990600585938,151.682666000037
dgn_qmix__N4__ring__seed3,dgn_qmix,coord_grid,3,3550,88775,25.0,25,0.2972058333333334,3.8794936140378318,75.953382174174,151.7267085420317
dgn_qmix__N4__ring__seed3,dgn_qmix,coord_grid,3,3551,88800,33.0,25,0.2970079166666667,7.662702401479085,82.07136154174805,151.76995600003283
dgn_qmix__N4__ring__seed3,dgn_qmix,coord_grid,3,3552,88825,51.0,25,0.29681,6.139569827488491,64.10685920715332,151.81831054203212
dgn_qmix__N4__ring__seed3,dgn_qmix,coord_grid,3,3553,88850,36.0,25,0.29661208333333333,3.4985918601353965,64.451597849528,151.86233099998208
dgn_qmix__N4__ring__seed3,dgn_qmix,coord_grid,3,3554,88875,32.0,25,0.29641416666666665,6.112536470095317,55.605695724487305,151.90524824999738
dgn_qmix__N4__ring__seed3,dgn_qmix,coord_grid,3,3555,88900,46.0,25,0.29621625000000007,8.574606905380884,43.34560298919678,151.94848904199898
dgn_qmix__N4__ring__seed3,dgn_qmix,coord_grid,3,3556,88925,44.0,25,0.2960183333333334,7.032598393304007,53.324125562395366,151.9971999170375
dgn_qmix__N4__ring__seed3,dgn_qmix,coord_grid,3,3557,88950,24.0,25,0.2958204166666667,6.2110259135564165,63.48008187611898,152.04029983398505
dgn_qmix__N4__ring__seed3,dgn_qmix,coord_grid,3,3558,88975,39.0,25,0.2956225,5.537766595681508,35.01790237426758,152.08358212502208
dgn_qmix__N4__ring__seed3,dgn_qmix,coord_grid,3,3559,89000,63.0,25,0.29542458333333343,8.028768062591553,44.51871077219645,152.12743912503356
dgn_qmix__N4__ring__seed3,dgn_qmix,coord_grid,3,3560,89025,41.0,25,0.29522666666666664,4.670635870524815,72.33027921404157,152.17552479199367
dgn_qmix__N4__ring__seed3,dgn_qmix,coord_grid,3,3561,89050,37.0,25,0.29502874999999995,7.378258426984151,58.74923801422119,152.21972233400447
dgn_qmix__N4__ring__seed3,dgn_qmix,coord_grid,3,3562,89075,45.0,25,0.2948308333333334,6.587106625239055,37.70375442504883,152.2628868339816
dgn_qmix__N4__ring__seed3,dgn_qmix,coord_grid,3,3563,89100,54.0,25,0.2946329166666667,6.233058889706929,53.81838417053223,152.30523970903596
dgn_qmix__N4__ring__seed3,dgn_qmix,coord_grid,3,3564,89125,49.0,25,0.294435,8.204182556697301,62.52933284214565,152.35442308400525
dgn_qmix__N4__ring__seed3,dgn_qmix,coord_grid,3,3565,89150,13.0,25,0.2942370833333334,4.3019784688949585,49.22678597768148,152.39801825000905
dgn_qmix__N4__ring__seed3,dgn_qmix,coord_grid,3,3566,89175,52.0,25,0.29403916666666674,6.290089229742686,55.02668062845866,152.4422279589926
dgn_qmix__N4__ring__seed3,dgn_qmix,coord_grid,3,3567,89200,44.0,25,0.29384125000000005,6.425859113534291,50.15882110595703,152.4866826669895
dgn_qmix__N4__ring__seed3,dgn_qmix,coord_grid,3,3568,89225,58.0,25,0.29364333333333337,5.662667870521545,55.947578702654155,152.53609820903512
dgn_qmix__N4__ring__seed3,dgn_qmix,coord_grid,3,3569,89250,41.0,25,0.2934454166666667,6.073797682921092,45.68976084391276,152.57976941700326
dgn_qmix__N4__ring__seed3,dgn_qmix,coord_grid,3,3570,89275,42.0,25,0.2932475,7.768397887547811,29.299394607543945,152.6236719590379
dgn_qmix__N4__ring__seed3,dgn_qmix,coord_grid,3,3571,89300,46.0,25,0.2930495833333333,6.707023064295451,31.831703186035156,152.66794399998616
dgn_qmix__N4__ring__seed3,dgn_qmix,coord_grid,3,3572,89325,57.0,25,0.29285166666666673,4.165995291301182,32.58132757459368,152.7169857500121
dgn_qmix__N4__ring__seed3,dgn_qmix,coord_grid,3,3573,89350,16.0,25,0.29265375000000005,10.403100887934366,48.72161881128947,152.7611842090264
dgn_qmix__N4__ring__seed3,dgn_qmix,coord_grid,3,3574,89375,57.0,25,0.29245583333333336,4.2178691029548645,40.34002685546875,152.8048805000144
dgn_qmix__N4__ring__seed3,dgn_qmix,coord_grid,3,3575,89400,27.0,25,0.2922579166666667,5.011271218458812,41.24451605478922,152.84836375003215
dgn_qmix__N4__ring__seed3,dgn_qmix,coord_grid,3,3576,89425,33.0,25,0.2920600000000001,4.869836262294224,45.1070431300572,152.89741270901868
dgn_qmix__N4__ring__seed3,dgn_qmix,coord_grid,3,3577,89450,25.0,25,0.2918620833333334,4.315721829732259,53.798778216044106,152.9413951250026
dgn_qmix__N4__ring__seed3,dgn_qmix,coord_grid,3,3578,89475,43.0,25,0.2916641666666666,4.877567907174428,45.76776663462321,152.9851544169942
dgn_qmix__N4__ring__seed3,dgn_qmix,coord_grid,3,3579,89500,39.0,25,0.29146625000000004,5.362145225207011,37.055264155069985,153.02931562502636
dgn_qmix__N4__ring__seed3,dgn_qmix,coord_grid,3,3580,89525,38.0,25,0.29126833333333335,5.019609996250698,45.938961846487864,153.07816158403875
dgn_qmix__N4__ring__seed3,dgn_qmix,coord_grid,3,3581,89550,58.0,25,0.29107041666666666,5.474905788898468,50.18481604258219,153.12175616703462
dgn_qmix__N4__ring__seed3,dgn_qmix,coord_grid,3,3582,89575,22.0,25,0.2908725000000001,3.7270973920822144,35.20719528198242,153.16521637502592
dgn_qmix__N4__ring__seed3,dgn_qmix,coord_grid,3,3583,89600,48.0,25,0.2906745833333334,6.923965215682983,45.150678952534996,153.20918683399213
dgn_qmix__N4__ring__seed3,dgn_qmix,coord_grid,3,3584,89625,35.0,25,0.2904766666666667,8.232196058545794,41.84669494628906,153.25771291699493
dgn_qmix__N4__ring__seed3,dgn_qmix,coord_grid,3,3585,89650,36.0,25,0.29027875000000003,7.4738565882047014,49.53277111053467,153.30126766703324
dgn_qmix__N4__ring__seed3,dgn_qmix,coord_grid,3,3586,89675,30.0,25,0.29008083333333334,6.9318713545799255,35.893399238586426,153.34511966700666
dgn_qmix__N4__ring__seed3,dgn_qmix,coord_grid,3,3587,89700,46.0,25,0.28988291666666666,5.452545086542766,35.44758447011312,153.3928678749944
dgn_qmix__N4__ring__seed3,dgn_qmix,coord_grid,3,3588,89725,16.0,25,0.28968499999999997,6.157262529645648,51.42398343767439,153.44197712501045
dgn_qmix__N4__ring__seed3,dgn_qmix,coord_grid,3,3589,89750,37.0,25,0.2894870833333334,3.6236880322297416,32.40779463450114,153.4870347920223
dgn_qmix__N4__ring__seed3,dgn_qmix,coord_grid,3,3590,89775,59.0,25,0.2892891666666667,4.5705883502960205,59.97667407989502,153.53080125001725
dgn_qmix__N4__ring__seed3,dgn_qmix,coord_grid,3,3591,89800,43.0,25,0.28909125,7.409852981567383,66.02749570210774,153.57453070901101
dgn_qmix__N4__ring__seed3,dgn_qmix,coord_grid,3,3592,89825,46.0,25,0.28889333333333334,6.456692474228995,60.638794217790874,153.62358820898226
dgn_qmix__N4__ring__seed3,dgn_qmix,coord_grid,3,3593,89850,47.0,25,0.28869541666666676,5.900793115297954,45.233339627583824,153.6675120840082
dgn_qmix__N4__ring__seed3,dgn_qmix,coord_grid,3,3594,89875,65.0,25,0.2884975000000001,8.821987549463907,41.76848316192627,153.71091416699346
dgn_qmix__N4__ring__seed3,dgn_qmix,coord_grid,3,3595,89900,36.0,25,0.2882995833333333,4.661904851595561,31.191701889038086,153.75429208402056
dgn_qmix__N4__ring__seed3,dgn_qmix,coord_grid,3,3596,89925,45.0,25,0.2881016666666667,7.339403714452471,36.494169507707866,153.8029278339818
dgn_qmix__N4__ring__seed3,dgn_qmix,coord_grid,3,3597,89950,57.0,25,0.28790375,10.256743212540945,39.359639485677086,153.8465865420294
dgn_qmix__N4__ring__seed3,dgn_qmix,coord_grid,3,3598,89975,54.0,25,0.2877058333333333,7.043039878209432,38.577094078063965,153.89098983403528
dgn_qmix__N4__ring__seed3,dgn_qmix,coord_grid,3,3599,90000,43.0,25,0.28750791666666675,5.144844353199005,51.27705033620199,153.93467441701796
dgn_qmix__N4__ring__seed3,dgn_qmix,coord_grid,3,3600,90025,43.0,25,0.28731000000000007,6.32120418548584,33.858171463012695,153.98309358401457
dgn_qmix__N4__ring__seed3,dgn_qmix,coord_grid,3,3601,90050,63.0,25,0.2871120833333334,5.2633379101753235,38.978921254475914,154.02760362502886
dgn_qmix__N4__ring__seed3,dgn_qmix,coord_grid,3,3602,90075,21.0,25,0.2869141666666667,7.718728045622508,50.36564668019613,154.07117337500677
dgn_qmix__N4__ring__seed3,dgn_qmix,coord_grid,3,3603,90100,34.0,25,0.2867162500000001,5.203805486361186,60.14300060272217,154.11434466700302
dgn_qmix__N4__ring__seed3,dgn_qmix,coord_grid,3,3604,90125,48.0,25,0.2865183333333333,4.662668398448399,51.73932702200754,154.16310483403504
dgn_qmix__N4__ring__seed3,dgn_qmix,coord_grid,3,3605,90150,62.0,25,0.28632041666666663,5.521494269371033,43.56086540222168,154.2064853750053
dgn_qmix__N4__ring__seed3,dgn_qmix,coord_grid,3,3606,90175,48.0,25,0.28612250000000006,6.7455982367197675,37.60997358957926,154.24980129202595
dgn_qmix__N4__ring__seed3,dgn_qmix,coord_grid,3,3607,90200,44.0,25,0.28592458333333337,9.079076051712036,36.377855936686196,154.29348875000142
dgn_qmix__N4__ring__seed3,dgn_qmix,coord_grid,3,3608,90225,50.0,25,0.2857266666666667,4.273225886481149,38.628279549734934,154.34350125002675
dgn_qmix__N4__ring__seed3,dgn_qmix,coord_grid,3,3609,90250,16.0,25,0.28552875,4.013491729895274,55.217081705729164,154.38686491700355
dgn_qmix__N4__ring__seed3,dgn_qmix,coord_grid,3,3610,90275,57.0,25,0.2853308333333334,5.271983712911606,34.481719652811684,154.4302379169967
dgn_qmix__N4__ring__seed3,dgn_qmix,coord_grid,3,3611,90300,59.0,25,0.28513291666666674,4.670173188050588,51.35700702667236,154.47377166699152
dgn_qmix__N4__ring__seed3,dgn_qmix,coord_grid,3,3612,90325,45.0,25,0.28493500000000005,7.45345493725368,53.06885746547154,154.52198487502756
dgn_qmix__N4__ring__seed3,dgn_qmix,coord_grid,3,3613,90350,49.0,25,0.28473708333333336,5.115712076425552,45.94427903493246,154.56589441699907
dgn_qmix__N4__ring__seed3,dgn_qmix,coord_grid,3,3614,90375,56.0,25,0.2845391666666667,10.669074932734171,34.5466095606486,154.6098463750095
dgn_qmix__N4__ring__seed3,dgn_qmix,coord_grid,3,3615,90400,30.0,25,0.28434125,4.139782945315043,54.242332776387535,154.6540619590087
dgn_qmix__N4__ring__seed3,dgn_qmix,coord_grid,3,3616,90425,31.0,25,0.2841433333333333,6.2135410734585355,37.53133528573172,154.70268054201733
dgn_qmix__N4__ring__seed3,dgn_qmix,coord_grid,3,3617,90450,46.0,25,0.28394541666666673,7.721304814020793,37.7496665318807,154.74653620901518
dgn_qmix__N4__ring__seed3,dgn_qmix,coord_grid,3,3618,90475,40.0,25,0.28374750000000004,4.04089218378067,29.967136065165203,154.79053741699317
dgn_qmix__N4__ring__seed3,dgn_qmix,coord_grid,3,3619,90500,36.0,25,0.28354958333333335,7.683200776576996,34.60615189870199,154.83397962502204
dgn_qmix__N4__ring__seed3,dgn_qmix,coord_grid,3,3620,90525,56.0,25,0.2833516666666668,9.435688972473145,48.276841572352815,154.8832627920201
dgn_qmix__N4__ring__seed3,dgn_qmix,coord_grid,3,3621,90550,54.0,25,0.2831537500000001,5.228719393412272,61.18595441182455,154.92768629203783
dgn_qmix__N4__ring__seed3,dgn_qmix,coord_grid,3,3622,90575,37.0,25,0.2829558333333333,7.111019968986511,53.243509928385414,154.97162529203342
dgn_qmix__N4__ring__seed3,dgn_qmix,coord_grid,3,3623,90600,50.0,25,0.2827579166666667,8.385134875774384,27.884156545003254,155.0156658340129
dgn_qmix__N4__ring__seed3,dgn_qmix,coord_grid,3,3624,90625,47.0,25,0.28256000000000003,6.749865855489459,77.26931435721261,155.06527841702336
dgn_qmix__N4__ring__seed3,dgn_qmix,coord_grid,3,3625,90650,34.0,25,0.28236208333333335,6.645938158035278,55.42339769999186,155.10867370903725
dgn_qmix__N4__ring__seed3,dgn_qmix,coord_grid,3,3626,90675,41.0,25,0.28216416666666666,8.018748621145884,58.97473971048991,155.15214912500232
dgn_qmix__N4__ring__seed3,dgn_qmix,coord_grid,3,3627,90700,49.0,25,0.2819662500000001,5.2698302666346235,51.37408892313639,155.1965130000026
dgn_qmix__N4__ring__seed3,dgn_qmix,coord_grid,3,3628,90725,48.0,25,0.2817683333333334,5.8775578907557895,61.41794041224888,155.24519729200983
dgn_qmix__N4__ring__seed3,dgn_qmix,coord_grid,3,3629,90750,57.0,25,0.2815704166666667,5.385065674781799,62.1504430770874,155.2884774170234
dgn_qmix__N4__ring__seed3,dgn_qmix,coord_grid,3,3630,90775,51.0,25,0.2813725,4.841745535532634,83.04746341705322,155.33189908403438
dgn_qmix__N4__ring__seed3,dgn_qmix,coord_grid,3,3631,90800,44.0,25,0.28117458333333334,8.182847102483114,34.80595111846924,155.37537912500557
dgn_qmix__N4__ring__seed3,dgn_qmix,coord_grid,3,3632,90825,42.0,25,0.28097666666666665,7.443273374012539,76.37616511753627,155.42432366701541
dgn_qmix__N4__ring__seed3,dgn_qmix,coord_grid,3,3633,90850,43.0,25,0.28077874999999997,7.146982709566752,86.60536479949951,155.46830125001725
dgn_qmix__N4__ring__seed3,dgn_qmix,coord_grid,3,3634,90875,42.0,25,0.2805808333333334,6.271940032641093,82.55305099487305,155.51231650001137
dgn_qmix__N4__ring__seed3,dgn_qmix,coord_grid,3,3635,90900,53.0,25,0.2803829166666667,6.69059960047404,59.84356180826823,155.55604554200545
dgn_qmix__N4__ring__seed3,dgn_qmix,coord_grid,3,3636,90925,45.0,25,0.280185,5.442749074527195,61.69252858843122,155.60457795899129
dgn_qmix__N4__ring__seed3,dgn_qmix,coord_grid,3,3637,90950,29.0,25,0.27998708333333344,3.4532545606295266,56.27944755554199,155.64848808402894
dgn_qmix__N4__ring__seed3,dgn_qmix,coord_grid,3,3638,90975,42.0,25,0.27978916666666676,3.9705415765444436,63.54817771911621,155.69214341702173
dgn_qmix__N4__ring__seed3,dgn_qmix,coord_grid,3,3639,91000,51.0,25,0.27959124999999996,7.225886702537537,43.723426818847656,155.73555308399955
dgn_qmix__N4__ring__seed3,dgn_qmix,coord_grid,3,3640,91025,51.0,25,0.2793933333333334,5.452527863638742,41.847808020455496,155.7839467090089
dgn_qmix__N4__ring__seed3,dgn_qmix,coord_grid,3,3641,91050,32.0,25,0.2791954166666667,7.528145015239716,42.55003515879313,155.82800270902226
dgn_qmix__N4__ring__seed3,dgn_qmix,coord_grid,3,3642,91075,56.0,25,0.2789975,8.827184120814005,79.28362464904785,155.87187162501505
dgn_qmix__N4__ring__seed3,dgn_qmix,coord_grid,3,3643,91100,52.0,25,0.2787995833333333,7.450090865294139,78.32607078552246,155.9149909170228
dgn_qmix__N4__ring__seed3,dgn_qmix,coord_grid,3,3644,91125,33.0,25,0.27860166666666675,5.6715821879250665,72.37344196864537,155.96416858403245
dgn_qmix__N4__ring__seed3,dgn_qmix,coord_grid,3,3645,91150,51.0,25,0.27840375000000006,5.934114972750346,58.295154412587486,156.00737300002947
dgn_qmix__N4__ring__seed3,dgn_qmix,coord_grid,3,3646,91175,51.0,25,0.2782058333333334,7.985419511795044,54.43184916178385,156.05066474998603
dgn_qmix__N4__ring__seed3,dgn_qmix,coord_grid,3,3647,91200,39.0,25,0.2780079166666668,3.9165082971254983,43.57782109578451,156.09536941698752
dgn_qmix__N4__ring__seed3,dgn_qmix,coord_grid,3,3648,91225,58.0,25,0.27781,7.626286574772426,47.606010981968474,156.14404445898253
dgn_qmix__N4__ring__seed3,dgn_qmix,coord_grid,3,3649,91250,53.0,25,0.2776120833333333,7.373257239659627,56.01687240600586,156.18833295902004
dgn_qmix__N4__ring__seed3,dgn_qmix,coord_grid,3,3650,91275,25.0,25,0.27741416666666663,8.613085548082987,47.163793404897056,156.23166191700147
dgn_qmix__N4__ring__seed3,dgn_qmix,coord_grid,3,3651,91300,48.0,25,0.27721625000000005,5.952739477157593,37.79006322224935,156.27539249998517
dgn_qmix__N4__ring__seed3,dgn_qmix,coord_grid,3,3652,91325,65.0,25,0.27701833333333337,4.6554527793611795,44.60788100106375,156.32733362499857
dgn_qmix__N4__ring__seed3,dgn_qmix,coord_grid,3,3653,91350,59.0,25,0.2768204166666667,7.310424347718556,42.77533499399821,156.37278866703855
dgn_qmix__N4__ring__seed3,dgn_qmix,coord_grid,3,3654,91375,31.0,25,0.2766225000000001,3.554939389228821,54.353521982828774,156.41843320900807
dgn_qmix__N4__ring__seed3,dgn_qmix,coord_grid,3,3655,91400,31.0,25,0.2764245833333334,5.416497925917308,42.881706873575844,156.46313233399997
dgn_qmix__N4__ring__seed3,dgn_qmix,coord_grid,3,3656,91425,60.0,25,0.27622666666666673,4.624145865440369,81.90131350925991,156.51371679198928
dgn_qmix__N4__ring__seed3,dgn_qmix,coord_grid,3,3657,91450,42.0,25,0.27602875000000004,9.569829066594442,64.8380298614502,156.55801095900824
dgn_qmix__N4__ring__seed3,dgn_qmix,coord_grid,3,3658,91475,41.0,25,0.27583083333333336,5.89949772755305,36.08236281077067,156.6026185840019
dgn_qmix__N4__ring__seed3,dgn_qmix,coord_grid,3,3659,91500,33.0,25,0.27563291666666667,5.182303607463837,55.11468696594238,156.6466857920168
dgn_qmix__N4__ring__seed3,dgn_qmix,coord_grid,3,3660,91525,42.0,25,0.275435,7.4864289079393656,48.979837145124165,156.6959277089918
dgn_qmix__N4__ring__seed3,dgn_qmix,coord_grid,3,3661,91550,40.0,25,0.2752370833333334,7.9346223672231035,46.04016876220703,156.73948595899856
dgn_qmix__N4__ring__seed3,dgn_qmix,coord_grid,3,3662,91575,29.0,25,0.2750391666666667,6.67724072933197,45.184828758239746,156.78364199999487
dgn_qmix__N4__ring__seed3,dgn_qmix,coord_grid,3,3663,91600,41.0,25,0.27484125000000004,5.3245896100997925,41.70216941833496,156.82827549998183
dgn_qmix__N4__ring__seed3,dgn_qmix,coord_grid,3,3664,91625,58.0,25,0.27464333333333346,5.611082826341901,43.38251549857004,156.8784174590255
dgn_qmix__N4__ring__seed3,dgn_qmix,coord_grid,3,3665,91650,46.0,25,0.27444541666666666,6.183189272880554,48.28307024637858,156.92273437499534
dgn_qmix__N4__ring__seed3,dgn_qmix,coord_grid,3,3666,91675,40.0,25,0.2742475,7.561727424462636,73.67393747965495,156.967165167036
dgn_qmix__N4__ring__seed3,dgn_qmix,coord_grid,3,3667,91700,45.0,25,0.2740495833333333,4.961933811505635,85.56398836771648,157.01145375001943
dgn_qmix__N4__ring__seed3,dgn_qmix,coord_grid,3,3668,91725,35.0,25,0.2738516666666667,4.6706013679504395,69.69344329833984,157.06062662502518
dgn_qmix__N4__ring__seed3,dgn_qmix,coord_grid,3,3669,91750,57.0,25,0.27365375000000003,7.1676567395528155,59.88630231221517,157.10402862500632
dgn_qmix__N4__ring__seed3,dgn_qmix,coord_grid,3,3670,91775,43.0,25,0.27345583333333334,3.8678829868634543,48.85507996877035,157.14750183402793
dgn_qmix__N4__ring__seed3,dgn_qmix,coord_grid,3,3671,91800,52.0,25,0.27325791666666677,4.699686308701833,45.977874755859375,157.19119154202053
dgn_qmix__N4__ring__seed3,dgn_qmix,coord_grid,3,3672,91825,45.0,25,0.2730600000000001,6.237759641238621,30.96645191737584,157.24022454203805
dgn_qmix__N4__ring__seed3,dgn_qmix,coord_grid,3,3673,91850,40.0,25,0.2728620833333334,5.300120870272319,46.22250588734945,157.28314883401617
dgn_qmix__N4__ring__seed3,dgn_qmix,coord_grid,3,3674,91875,39.0,25,0.2726641666666667,6.791033546129863,60.842872301737465,157.32653012499213
dgn_qmix__N4__ring__seed3,dgn_qmix,coord_grid,3,3675,91900,49.0,25,0.27246625,7.418035626411438,51.67426872253418,157.37062304199208
dgn_qmix__N4__ring__seed3,dgn_qmix,coord_grid,3,3676,91925,52.0,25,0.27226833333333333,5.957606485911778,46.04665837969099,157.4204060420161
dgn_qmix__N4__ring__seed3,dgn_qmix,coord_grid,3,3677,91950,50.0,25,0.27207041666666665,2.291676084200541,48.69314416249593,157.46377720899181
dgn_qmix__N4__ring__seed3,dgn_qmix,coord_grid,3,3678,91975,14.0,25,0.2718725000000001,6.462753335634868,47.33856201171875,157.50771074998192
dgn_qmix__N4__ring__seed3,dgn_qmix,coord_grid,3,3679,92000,62.0,25,0.2716745833333334,9.914975802103678,51.48840522766113,157.55114766699262
dgn_qmix__N4__ring__seed3,dgn_qmix,coord_grid,3,3680,92025,54.0,25,0.2714766666666667,4.074179921831403,37.79203823634556,157.60102287499467
dgn_qmix__N4__ring__seed3,dgn_qmix,coord_grid,3,3681,92050,48.0,25,0.2712787500000001,7.278448899586995,50.15467770894369,157.64522570901318
dgn_qmix__N4__ring__seed3,dgn_qmix,coord_grid,3,3682,92075,52.0,25,0.27108083333333344,3.943209489186605,38.04470936457316,157.68924025003798
dgn_qmix__N4__ring__seed3,dgn_qmix,coord_grid,3,3683,92100,34.0,25,0.27088291666666664,5.2684007088343305,29.613949457804363,157.7325732089812
dgn_qmix__N4__ring__seed3,dgn_qmix,coord_grid,3,3684,92125,47.0,25,0.27068499999999995,7.333871960639954,27.77326910836356,157.78143174998695
dgn_qmix__N4__ring__seed3,dgn_qmix,coord_grid,3,3685,92150,38.0,25,0.2704870833333334,5.3300267060597735,57.548393885294594,157.82525562500814
dgn_qmix__N4__ring__seed3,dgn_qmix,coord_grid,3,3686,92175,44.0,25,0.2702891666666667,5.889863928159078,41.518998781840004,157.87005341699114
dgn_qmix__N4__ring__seed3,dgn_qmix,coord_grid,3,3687,92200,50.0,25,0.27009125,10.232488711675009,26.57151158650716,157.91457366698887
dgn_qmix__N4__ring__seed3,dgn_qmix,coord_grid,3,3688,92225,44.0,25,0.26989333333333343,6.944633977753775,74.6997789655413,157.96364645898575
dgn_qmix__N4__ring__seed3,dgn_qmix,coord_grid,3,3689,92250,36.0,25,0.26969541666666674,7.354434490203857,71.85789489746094,158.00691654201364
dgn_qmix__N4__ring__seed3,dgn_qmix,coord_grid,3,3690,92275,32.0,25,0.26949750000000006,4.927638232707977,43.512481371561684,158.05057875002967
dgn_qmix__N4__ring__seed3,dgn_qmix,coord_grid,3,3691,92300,56.0,25,0.26929958333333337,6.5699308315912885,52.703347524007164,158.09367870900314
dgn_qmix__N4__ring__seed3,dgn_qmix,coord_grid,3,3692,92325,49.0,25,0.2691016666666667,4.1293588025229315,28.02999578203474,158.14268120902125
dgn_qmix__N4__ring__seed3,dgn_qmix,coord_grid,3,3693,92350,45.0,25,0.26890375,8.031793276468912,41.539183616638184,158.18621254200116
dgn_qmix__N4__ring__seed3,dgn_qmix,coord_grid,3,3694,92375,46.0,25,0.2687058333333333,7.330081244309743,48.702327728271484,158.22961637499975
dgn_qmix__N4__ring__seed3,dgn_qmix,coord_grid,3,3695,92400,30.0,25,0.26850791666666673,3.340797464052836,44.14959398905436,158.27341029199306
dgn_qmix__N4__ring__seed3,dgn_qmix,coord_grid,3,3696,92425,40.0,25,0.26831000000000005,5.587314758981977,36.905599866594585,158.32224812498316
dgn_qmix__N4__ring__seed3,dgn_qmix,coord_grid,3,3697,92450,52.0,25,0.26811208333333336,6.2743763128916425,50.28282197316488,158.36674262501765
dgn_qmix__N4__ring__seed3,dgn_qmix,coord_grid,3,3698,92475,40.0,25,0.2679141666666668,4.067946831385295,36.451571782430015,158.41263579198858
dgn_qmix__N4__ring__seed3,dgn_qmix,coord_grid,3,3699,92500,47.0,25,0.2677162500000001,6.050731261571248,43.26554012298584,158.45628525002394
dgn_qmix__N4__ring__seed3,dgn_qmix,coord_grid,3,3700,92525,52.0,25,0.2675183333333333,5.4485123327800205,28.77830696105957,158.50530370901106
dgn_qmix__N4__ring__seed3,dgn_qmix,coord_grid,3,3701,92550,63.0,25,0.2673204166666666,7.389390091101329,41.27738126118978,158.5498720839969
dgn_qmix__N4__ring__seed3,dgn_qmix,coord_grid,3,3702,92575,50.0,25,0.26712250000000004,5.681686242421468,37.32736110687256,158.59402650000993
dgn_qmix__N4__ring__seed3,dgn_qmix,coord_grid,3,3703,92600,51.0,25,0.26692458333333335,5.29571791489919,44.52775128682455,158.63766062498325
dgn_qmix__N4__ring__seed3,dgn_qmix,coord_grid,3,3704,92625,61.0,25,0.26672666666666667,6.855397701263428,50.5567376273019,158.686630042037
dgn_qmix__N4__ring__seed3,dgn_qmix,coord_grid,3,3705,92650,53.0,25,0.2665287500000001,8.01072339216868,36.723382314046226,158.7301192090381
dgn_qmix__N4__ring__seed3,dgn_qmix,coord_grid,3,3706,92675,59.0,25,0.2663308333333334,13.031877517700195,34.0249932607015,158.7735015419894
dgn_qmix__N4__ring__seed3,dgn_qmix,coord_grid,3,3707,92700,47.0,25,0.2661329166666667,5.759829680124919,49.2518253326416,158.81735283398302
dgn_qmix__N4__ring__seed3,dgn_qmix,coord_grid,3,3708,92725,19.0,25,0.26593500000000003,11.799295902252197,30.035140446254186,158.8662208750029
dgn_qmix__N4__ring__seed3,dgn_qmix,coord_grid,3,3709,92750,45.0,25,0.26573708333333335,7.391256769498189,44.261341412862144,158.90994787501404
dgn_qmix__N4__ring__seed3,dgn_qmix,coord_grid,3,3710,92775,71.0,25,0.26553916666666666,4.790052394072215,36.63097413380941,158.95339345902903
dgn_qmix__N4__ring__seed3,dgn_qmix,coord_grid,3,3711,92800,52.0,25,0.26534125,8.892399609088898,50.06250190734863,158.99762616702355
dgn_qmix__N4__ring__seed3,dgn_qmix,coord_grid,3,3712,92825,53.0,25,0.2651433333333334,7.118082557405744,38.818992614746094,159.04747874999885
dgn_qmix__N4__ring__seed3,dgn_qmix,coord_grid,3,3713,92850,44.0,25,0.2649454166666667,3.5955336888631186,36.32242298126221,159.09157304203836
dgn_qmix__N4__ring__seed3,dgn_qmix,coord_grid,3,3714,92875,54.0,25,0.2647475,6.4495309591293335,66.74897003173828,159.13582179200603
dgn_qmix__N4__ring__seed3,dgn_qmix,coord_grid,3,3715,92900,38.0,25,0.26454958333333345,5.396612683931987,74.01583735148112,159.17937037500087
dgn_qmix__N4__ring__seed3,dgn_qmix,coord_grid,3,3716,92925,38.0,25,0.26435166666666676,8.949608666556221,65.00044686453683,159.22791812499054
dgn_qmix__N4__ring__seed3,dgn_qmix,coord_grid,3,3717,92950,27.0,25,0.2641537500000001,7.127402404944102,85.8400395711263,159.27190883399453
dgn_qmix__N4__ring__seed3,dgn_qmix,coord_grid,3,3718,92975,52.0,25,0.2639558333333333,8.35256920258204,75.87875334421794,159.3156044590287
dgn_qmix__N4__ring__seed3,dgn_qmix,coord_grid,3,3719,93000,54.0,25,0.2637579166666667,4.6740797360738116,66.55085150400798,159.3598390420084
dgn_qmix__N4__ring__seed3,dgn_qmix,coord_grid,3,3720,93025,47.0,25,0.26356,8.628692013876778,90.81452587672642,159.40867675002664
dgn_qmix__N4__ring__seed3,dgn_qmix,coord_grid,3,3721,93050,53.0,25,0.26336208333333333,7.022108554840088,45.14828650156657,159.4522945000208
dgn_qmix__N4__ring__seed3,dgn_qmix,coord_grid,3,3722,93075,32.0,25,0.26316416666666675,6.3925526936848955,53.65396308898926,159.49662954203086
dgn_qmix__N4__ring__seed3,dgn_qmix,coord_grid,3,3723,93100,48.0,25,0.26296625000000007,11.112122138341268,44.57888634999593,159.54025225003716
dgn_qmix__N4__ring__seed3,dgn_qmix,coord_grid,3,3724,93125,65.0,25,0.2627683333333334,4.881480710847037,39.465507234845845,159.5891302920063
dgn_qmix__N4__ring__seed3,dgn_qmix,coord_grid,3,3725,93150,31.0,25,0.2625704166666667,2.783212681611379,43.170546531677246,159.63436641701264
dgn_qmix__N4__ring__seed3,dgn_qmix,coord_grid,3,3726,93175,57.0,25,0.2623725,6.838699758052826,40.23082129160563,159.6783420839929
dgn_qmix__N4__ring__seed3,dgn_qmix,coord_grid,3,3727,93200,52.0,25,0.2621745833333333,8.183268229166666,42.39521471659342,159.72240916703595
dgn_qmix__N4__ring__seed3,dgn_qmix,coord_grid,3,3728,93225,39.0,25,0.26197666666666664,6.025271994726999,65.08474540710449,159.77123458398273
dgn_qmix__N4__ring__seed3,dgn_qmix,coord_grid,3,3729,93250,48.0,25,0.26177875000000006,7.642198661963145,35.48175557454427,159.81488424999407
dgn_qmix__N4__ring__seed3,dgn_qmix,coord_grid,3,3730,93275,33.0,25,0.2615808333333334,6.970787743727366,50.79528999328613,159.85886874998687
dgn_qmix__N4__ring__seed3,dgn_qmix,coord_grid,3,3731,93300,50.0,25,0.2613829166666667,7.530486106872559,69.3373343149821,159.9025079170242
dgn_qmix__N4__ring__seed3,dgn_qmix,coord_grid,3,3732,93325,44.0,25,0.2611850000000001,5.035726990018572,43.9771660396031,159.95087970903842
dgn_qmix__N4__ring__seed3,dgn_qmix,coord_grid,3,3733,93350,48.0,25,0.2609870833333334,12.093748072783152,26.85688654581706,159.99561345903203
dgn_qmix__N4__ring__seed3,dgn_qmix,coord_grid,3,3734,93375,50.0,25,0.26078916666666674,5.50771697362264,44.36105473836263,160.038625709014
dgn_qmix__N4__ring__seed3,dgn_qmix,coord_grid,3,3735,93400,38.0,25,0.26059124999999994,6.157799104849498,44.761569023132324,160.08282754203537
dgn_qmix__N4__ring__seed3,dgn_qmix,coord_grid,3,3736,93425,33.0,25,0.26039333333333337,8.89314419882638,66.20325578962054,160.13237733399728
dgn_qmix__N4__ring__seed3,dgn_qmix,coord_grid,3,3737,93450,26.0,25,0.2601954166666667,4.987560669581096,63.79521497090658,160.1755737090134
dgn_qmix__N4__ring__seed3,dgn_qmix,coord_grid,3,3738,93475,53.0,25,0.2599975,4.188718259334564,36.19224898020426,160.22005866700783
dgn_qmix__N4__ring__seed3,dgn_qmix,coord_grid,3,3739,93500,37.0,25,0.2597995833333334,7.57798433303833,38.09620157877604,160.26316191698425
dgn_qmix__N4__ring__seed3,dgn_qmix,coord_grid,3,3740,93525,56.0,25,0.25960166666666673,6.768202747617449,39.8780266898019,160.31263445899822
dgn_qmix__N4__ring__seed3,dgn_qmix,coord_grid,3,3741,93550,39.0,25,0.25940375000000004,7.447622934977214,37.59776337941488,160.35640408401377
dgn_qmix__N4__ring__seed3,dgn_qmix,coord_grid,3,3742,93575,43.0,25,0.25920583333333336,7.6717573801676435,50.43459129333496,160.40044662501896
dgn_qmix__N4__ring__seed3,dgn_qmix,coord_grid,3,3743,93600,57.0,25,0.2590079166666668,8.303321401278177,58.30749320983887,160.44459249998908
dgn_qmix__N4__ring__seed3,dgn_qmix,coord_grid,3,3744,93625,59.0,25,0.25881,7.2731659752982,55.8882211957659,160.49321729200892
dgn_qmix__N4__ring__seed3,dgn_qmix,coord_grid,3,3745,93650,41.0,25,0.2586120833333333,6.4352003534634905,63.04137865702311,160.5374181669904
dgn_qmix__N4__ring__seed3,dgn_qmix,coord_grid,3,3746,93675,37.0,25,0.2584141666666667,7.742737015088399,53.08742491404215,160.58129175001523
dgn_qmix__N4__ring__seed3,dgn_qmix,coord_grid,3,3747,93700,48.0,25,0.25821625000000004,8.372789939244589,50.87912178039551,160.6254381670151
dgn_qmix__N4__ring__seed3,dgn_qmix,coord_grid,3,3748,93725,58.0,25,0.25801833333333335,5.487995692661831,40.5477420261928,160.67398466699524
dgn_qmix__N4__ring__seed3,dgn_qmix,coord_grid,3,3749,93750,65.0,25,0.2578204166666668,3.5671513875325522,42.27342891693115,160.71842200000538
dgn_qmix__N4__ring__seed3,dgn_qmix,coord_grid,3,3750,93775,39.0,25,0.2576225000000001,5.462585628032684,39.664581934611,160.76184258400463
dgn_qmix__N4__ring__seed3,dgn_qmix,coord_grid,3,3751,93800,22.0,25,0.2574245833333334,4.701448837916057,52.746347745259605,160.8055648340378
dgn_qmix__N4__ring__seed3,dgn_qmix,coord_grid,3,3752,93825,19.0,25,0.2572266666666667,7.435617055211749,95.04030391148159,160.85397550003836
dgn_qmix__N4__ring__seed3,dgn_qmix,coord_grid,3,3753,93850,28.0,25,0.25702875000000003,8.175922155380249,41.80186780293783,160.89814425003715
dgn_qmix__N4__ring__seed3,dgn_qmix,coord_grid,3,3754,93875,22.0,25,0.25683083333333334,7.805586834748586,62.397674878438316,160.94224512501387
dgn_qmix__N4__ring__seed3,dgn_qmix,coord_grid,3,3755,93900,36.0,25,0.25663291666666666,8.975664099057516,60.52425575256348,160.98614462499972
dgn_qmix__N4__ring__seed3,dgn_qmix,coord_grid,3,3756,93925,55.0,25,0.2564350000000001,6.952711888722011,41.12601062229702,161.03528012498282
dgn_qmix__N4__ring__seed3,dgn_qmix,coord_grid,3,3757,93950,29.0,25,0.2562370833333334,8.92749802271525,51.32621955871582,161.07941820903216
dgn_qmix__N4__ring__seed3,dgn_qmix,coord_grid,3,3758,93975,54.0,25,0.2560391666666667,8.933016935984293,59.30125109354655,161.12319362501148
dgn_qmix__N4__ring__seed3,dgn_qmix,coord_grid,3,3759,94000,51.0,25,0.25584125,6.74703695376714,48.382673263549805,161.16705016698688
dgn_qmix__N4__ring__seed3,dgn_qmix,coord_grid,3,3760,94025,21.0,25,0.25564333333333344,9.146899955613273,37.292389733450754,161.2170635840157
dgn_qmix__N4__ring__seed3,dgn_qmix,coord_grid,3,3761,94050,27.0,25,0.25544541666666665,6.557628134886424,49.171899477640785,161.261170917016
dgn_qmix__N4__ring__seed3,dgn_qmix,coord_grid,3,3762,94075,30.0,25,0.25524749999999996,4.933256944020589,53.53144613901774,161.30439145903802
dgn_qmix__N4__ring__seed3,dgn_qmix,coord_grid,3,3763,94100,24.0,25,0.2550495833333334,7.637908697128296,41.1456995010376,161.34740537498146
dgn_qmix__N4__ring__seed3,dgn_qmix,coord_grid,3,3764,94125,39.0,25,0.2548516666666667,3.3965599707194736,36.14300864083426,161.39634008402936
dgn_qmix__N4__ring__seed3,dgn_qmix,coord_grid,3,3765,94150,26.0,25,0.25465375,8.406725903352102,30.353100458780926,161.4397740419954
dgn_qmix__N4__ring__seed3,dgn_qmix,coord_grid,3,3766,94175,49.0,25,0.2544558333333333,8.41397899389267,40.09409427642822,161.4832365839975
dgn_qmix__N4__ring__seed3,dgn_qmix,coord_grid,3,3767,94200,33.0,25,0.25425791666666675,6.877340078353882,30.399156888326008,161.5270450420212
dgn_qmix__N4__ring__seed3,dgn_qmix,coord_grid,3,3768,94225,22.0,25,0.25406000000000006,5.230039187840053,44.72931480407715,161.5769987090025
dgn_qmix__N4__ring__seed3,dgn_qmix,coord_grid,3,3769,94250,42.0,25,0.2538620833333334,8.954239269097647,71.25840695699056,161.62082279199967
dgn_qmix__N4__ring__seed3,dgn_qmix,coord_grid,3,3770,94275,16.0,25,0.2536641666666667,6.477563202381134,70.94969431559245,161.66473012499046
dgn_qmix__N4__ring__seed3,dgn_qmix,coord_grid,3,3771,94300,22.0,25,0.25346625,7.681909004847209,38.07819493611654,161.70894408400636
dgn_qmix__N4__ring__seed3,dgn_qmix,coord_grid,3,3772,94325,24.0,25,0.2532683333333333,5.540304354258946,31.0246707371303,161.7589790840284
dgn_qmix__N4__ring__seed3,dgn_qmix,coord_grid,3,3773,94350,30.0,25,0.25307041666666674,4.845145503679912,29.317878405253094,161.8025338749867
dgn_qmix__N4__ring__seed3,dgn_qmix,coord_grid,3,3774,94375,39.0,25,0.25287250000000006,7.684436003367106,35.75525236129761,161.845888833981
dgn_qmix__N4__ring__seed3,dgn_qmix,coord_grid,3,3775,94400,33.0,25,0.25267458333333337,6.4747646649678545,48.53751182556152,161.88993362500332
dgn_qmix__N4__ring__seed3,dgn_qmix,coord_grid,3,3776,94425,38.0,25,0.2524766666666667,4.462748851094927,53.06874820164272,161.9398940000101
dgn_qmix__N4__ring__seed3,dgn_qmix,coord_grid,3,3777,94450,31.0,25,0.2522787500000001,6.533439973990123,52.56774775187174,161.98313641699497
dgn_qmix__N4__ring__seed3,dgn_qmix,coord_grid,3,3778,94475,32.0,25,0.2520808333333334,6.753077665964763,68.92849795023601,162.0274762500194
dgn_qmix__N4__ring__seed3,dgn_qmix,coord_grid,3,3779,94500,30.0,25,0.2518829166666666,8.359753926595053,42.05605824788412,162.071397333988
dgn_qmix__N4__ring__seed3,dgn_qmix,coord_grid,3,3780,94525,35.0,25,0.25168500000000005,6.697236214365278,51.527645928519114,162.12002070900053
dgn_qmix__N4__ring__seed3,dgn_qmix,coord_grid,3,3781,94550,25.0,25,0.25148708333333336,4.2237361669540405,40.99116071065267,162.1638914590003
dgn_qmix__N4__ring__seed3,dgn_qmix,coord_grid,3,3782,94575,25.0,25,0.2512891666666667,5.57022496064504,39.539530754089355,162.20898550003767
dgn_qmix__N4__ring__seed3,dgn_qmix,coord_grid,3,3783,94600,36.0,25,0.25109125,7.617895583311717,42.41534964243571,162.25360462500248
dgn_qmix__N4__ring__seed3,dgn_qmix,coord_grid,3,3784,94625,32.0,25,0.2508933333333334,7.093692856175559,91.32086018153599,162.30319712503115
dgn_qmix__N4__ring__seed3,dgn_qmix,coord_grid,3,3785,94650,26.0,25,0.2506954166666667,5.886376857757568,89.64657529195149,162.3471031250083
dgn_qmix__N4__ring__seed3,dgn_qmix,coord_grid,3,3786,94675,30.0,25,0.25049750000000004,7.430886536836624,69.77521642049153,162.39138329203706
dgn_qmix__N4__ring__seed3,dgn_qmix,coord_grid,3,3787,94700,46.0,25,0.25029958333333335,4.722758014996846,53.45845890045166,162.4346882920363
dgn_qmix__N4__ring__seed3,dgn_qmix,coord_grid,3,3788,94725,37.0,25,0.25010166666666667,5.0873843261173795,79.23169626508441,162.48362320900196
dgn_qmix__N4__ring__seed3,dgn_qmix,coord_grid,3,3789,94750,28.0,25,0.24990374999999998,7.656486968199412,73.92606957753499,162.5274927089922
dgn_qmix__N4__ring__seed3,dgn_qmix,coord_grid,3,3790,94775,51.0,25,0.2497058333333334,5.341562708218892,67.42639605204265,162.5711976250168
dgn_qmix__N4__ring__seed3,dgn_qmix,coord_grid,3,3791,94800,41.0,25,0.24950791666666672,7.896638929843903,45.050038973490395,162.61542808398372
dgn_qmix__N4__ring__seed3,dgn_qmix,coord_grid,3,3792,94825,40.0,25,0.24931000000000003,8.180460674422127,49.5712103162493,162.66452645900426
dgn_qmix__N4__ring__seed3,dgn_qmix,coord_grid,3,3793,94850,44.0,25,0.24911208333333335,9.432111740112305,40.294918378194176,162.70867012499366
dgn_qmix__N4__ring__seed3,dgn_qmix,coord_grid,3,3794,94875,28.0,25,0.24891416666666677,5.9596373836199446,52.77137406667074,162.75291450001532
dgn_qmix__N4__ring__seed3,dgn_qmix,coord_grid,3,3795,94900,42.0,25,0.24871625000000008,8.584394971529642,63.21636454264323,162.7957361250301
dgn_qmix__N4__ring__seed3,dgn_qmix,coord_grid,3,3796,94925,44.0,25,0.24851833333333329,5.317583986691067,66.30761446271624,162.84484874998452
dgn_qmix__N4__ring__seed3,dgn_qmix,coord_grid,3,3797,94950,36.0,25,0.2483204166666667,5.259058078130086,34.863627115885414,162.89092112501385
dgn_qmix__N4__ring__seed3,dgn_qmix,coord_grid,3,3798,94975,52.0,25,0.24812250000000002,7.853233655293782,37.325364430745445,162.93465720902896
dgn_qmix__N4__ring__seed3,dgn_qmix,coord_grid,3,3799,95000,70.0,25,0.24792458333333334,7.197553515434265,53.5995569229126,162.9787032920285
dgn_qmix__N4__ring__seed3,dgn_qmix,coord_grid,3,3800,95025,43.0,25,0.24772666666666665,7.392671261514936,34.95382349831717,163.02752358402358
dgn_qmix__N4__ring__seed3,dgn_qmix,coord_grid,3,3801,95050,24.0,25,0.24752875000000008,7.8819264968236284,36.993568102518715,163.07174208399374
dgn_qmix__N4__ring__seed3,dgn_qmix,coord_grid,3,3802,95075,40.0,25,0.2473308333333334,6.943050940831502,40.76594384511312,163.1160077090026
dgn_qmix__N4__ring__seed3,dgn_qmix,coord_grid,3,3803,95100,32.0,25,0.2471329166666667,5.888698895772298,47.47344652811686,163.1596587499953
dgn_qmix__N4__ring__seed3,dgn_qmix,coord_grid,3,3804,95125,46.0,25,0.24693500000000013,6.1697885649544855,59.89475114004953,163.20894329203293
dgn_qmix__N4__ring__seed3,dgn_qmix,coord_grid,3,3805,95150,32.0,25,0.24673708333333333,5.893809835116069,42.97087415059408,163.2526590420166
dgn_qmix__N4__ring__seed3,dgn_qmix,coord_grid,3,3806,95175,69.0,25,0.24653916666666664,7.211279730002086,44.4113883972168,163.2963361670263
dgn_qmix__N4__ring__seed3,dgn_qmix,coord_grid,3,3807,95200,63.0,25,0.24634125000000007,5.254276255766551,46.97832234700521,163.33990266703768
dgn_qmix__N4__ring__seed3,dgn_qmix,coord_grid,3,3808,95225,56.0,25,0.24614333333333338,4.5355399165834696,36.89847987038748,163.3892394999857
dgn_qmix__N4__ring__seed3,dgn_qmix,coord_grid,3,3809,95250,27.0,25,0.2459454166666667,2.063439985116323,52.578487396240234,163.43296433403157
dgn_qmix__N4__ring__seed3,dgn_qmix,coord_grid,3,3810,95275,30.0,25,0.2457475,3.327744722366333,63.08316866556803,163.4779006250319
dgn_qmix__N4__ring__seed3,dgn_qmix,coord_grid,3,3811,95300,54.0,25,0.24554958333333343,5.388919373353322,40.43909978866577,163.52155150001636
dgn_qmix__N4__ring__seed3,dgn_qmix,coord_grid,3,3812,95325,45.0,25,0.24535166666666675,5.823199204036167,34.201136452811106,163.57009854202624
dgn_qmix__N4__ring__seed3,dgn_qmix,coord_grid,3,3813,95350,21.0,25,0.24515375000000006,6.713749746481578,58.05217901865641,163.6134023750201
dgn_qmix__N4__ring__seed3,dgn_qmix,coord_grid,3,3814,95375,32.0,25,0.24495583333333337,6.375838915506999,48.02893034617106,163.6574735000031
dgn_qmix__N4__ring__seed3,dgn_qmix,coord_grid,3,3815,95400,25.0,25,0.24475791666666669,4.631528904040654,51.953521410624184,163.70129308401374
dgn_qmix__N4__ring__seed3,dgn_qmix,coord_grid,3,3816,95425,43.0,25,0.24456,3.7726273706981113,76.4918349129813,163.75017012498574
dgn_qmix__N4__ring__seed3,dgn_qmix,coord_grid,3,3817,95450,69.0,25,0.2443620833333333,6.567464888095856,42.494997342427574,163.7943126669852
dgn_qmix__N4__ring__seed3,dgn_qmix,coord_grid,3,3818,95475,24.0,25,0.24416416666666674,7.967680970827739,44.53056780497233,163.83843479200732
dgn_qmix__N4__ring__seed3,dgn_qmix,coord_grid,3,3819,95500,38.0,25,0.24396625000000005,6.006532569726308,39.91228834788004,163.88208516698796
dgn_qmix__N4__ring__seed3,dgn_qmix,coord_grid,3,3820,95525,37.0,25,0.24376833333333336,8.283453643321991,28.90446526663644,163.93131829198683
dgn_qmix__N4__ring__seed3,dgn_qmix,coord_grid,3,3821,95550,58.0,25,0.2435704166666668,6.779724518458049,56.09981886545817,163.97440345899668
dgn_qmix__N4__ring__seed3,dgn_qmix,coord_grid,3,3822,95575,32.0,25,0.2433725,8.668790578842163,39.41307417551676,164.01831758400658
dgn_qmix__N4__ring__seed3,dgn_qmix,coord_grid,3,3823,95600,46.0,25,0.2431745833333333,2.2374196648597717,33.32106558481852,164.0615739999921
dgn_qmix__N4__ring__seed3,dgn_qmix,coord_grid,3,3824,95625,37.0,25,0.24297666666666673,9.326449394226074,40.49146325247629,164.11129575001542
dgn_qmix__N4__ring__seed3,dgn_qmix,coord_grid,3,3825,95650,58.0,25,0.24277875000000004,7.952485084533691,44.48885854085287,164.15456870902563
dgn_qmix__N4__ring__seed3,dgn_qmix,coord_grid,3,3826,95675,37.0,25,0.24258083333333336,11.50751938422521,64.43809445699056,164.19808770902455
dgn_qmix__N4__ring__seed3,dgn_qmix,coord_grid,3,3827,95700,41.0,25,0.24238291666666667,5.76895809173584,42.475616455078125,164.24273104203166
dgn_qmix__N4__ring__seed3,dgn_qmix,coord_grid,3,3828,95725,72.0,25,0.2421850000000001,7.4581491606576105,41.82090105329241,164.29241487500258
dgn_qmix__N4__ring__seed3,dgn_qmix,coord_grid,3,3829,95750,61.0,25,0.2419870833333334,6.008302251497905,45.55247370402018,164.33638983400306
dgn_qmix__N4__ring__seed3,dgn_qmix,coord_grid,3,3830,95775,43.0,25,0.24178916666666672,4.523181815942128,40.77198568979899,164.3799374169903
dgn_qmix__N4__ring__seed3,dgn_qmix,coord_grid,3,3831,95800,42.0,25,0.24159125000000004,6.5953528881073,49.72265179951986,164.42289429198718
dgn_qmix__N4__ring__seed3,dgn_qmix,coord_grid,3,3832,95825,40.0,25,0.24139333333333335,8.689127445220947,35.813055174691335,164.47142720903503
dgn_qmix__N4__ring__seed3,dgn_qmix,coord_grid,3,3833,95850,46.0,25,0.24119541666666666,5.3752516110738116,56.05107180277506,164.51517066702945
dgn_qmix__N4__ring__seed3,dgn_qmix,coord_grid,3,3834,95875,42.0,25,0.24099749999999998,7.625833412011464,79.27044773101807,164.55885604198556
dgn_qmix__N4__ring__seed3,dgn_qmix,coord_grid,3,3835,95900,55.0,25,0.2407995833333334,4.673393030961354,65.1179370880127,164.60248087503714
dgn_qmix__N4__ring__seed3,dgn_qmix,coord_grid,3,3836,95925,29.0,25,0.2406016666666667,8.133234569004603,53.24722971235003,164.65120037499582
dgn_qmix__N4__ring__seed3,dgn_qmix,coord_grid,3,3837,95950,39.0,25,0.24040375000000003,7.298162659009297,46.272159258524574,164.69549762498355
dgn_qmix__N4__ring__seed3,dgn_qmix,coord_grid,3,3838,95975,24.0,25,0.24020583333333345,6.33877557516098,34.32418632507324,164.73935558402445
dgn_qmix__N4__ring__seed3,dgn_qmix,coord_grid,3,3839,96000,63.0,25,0.24000791666666677,6.9713356494903564,56.92768541971842,164.78339762502583
dgn_qmix__N4__ring__seed3,dgn_qmix,coord_grid,3,3840,96025,52.0,25,0.23980999999999997,8.360062599182129,72.31445149012974,164.83235033403616
dgn_qmix__N4__ring__seed3,dgn_qmix,coord_grid,3,3841,96050,37.0,25,0.23961208333333328,3.9909704526265464,56.95311133066813,164.87694166699657
dgn_qmix__N4__ring__seed3,dgn_qmix,coord_grid,3,3842,96075,32.0,25,0.2394141666666667,7.937482277552287,62.51279067993164,164.9205682920292
dgn_qmix__N4__ring__seed3,dgn_qmix,coord_grid,3,3843,96100,26.0,25,0.23921625000000002,8.633242428302765,48.18641058603922,164.96459162503015
dgn_qmix__N4__ring__seed3,dgn_qmix,coord_grid,3,3844,96125,49.0,25,0.23901833333333333,8.173880304609026,32.87902614048549,165.0128755000187
dgn_qmix__N4__ring__seed3,dgn_qmix,coord_grid,3,3845,96150,72.0,25,0.23882041666666676,5.422126571337382,43.82121880849203,165.05622762499843
dgn_qmix__N4__ring__seed3,dgn_qmix,coord_grid,3,3846,96175,45.0,25,0.23862250000000007,6.761126339435577,48.47546132405599,165.0995936249965
dgn_qmix__N4__ring__seed3,dgn_qmix,coord_grid,3,3847,96200,34.0,25,0.23842458333333338,8.616415202617645,57.4575564066569,165.14378504198976
dgn_qmix__N4__ring__seed3,dgn_qmix,coord_grid,3,3848,96225,42.0,25,0.2382266666666667,7.178354433604649,65.51833861214774,165.19194929202786
dgn_qmix__N4__ring__seed3,dgn_qmix,coord_grid,3,3849,96250,44.0,25,0.23802875,5.934001425902049,34.643616358439125,165.23668945900863
dgn_qmix__N4__ring__seed3,dgn_qmix,coord_grid,3,3850,96275,37.0,25,0.23783083333333332,7.331920723120372,43.53001054128011,165.28561416699085
dgn_qmix__N4__ring__seed3,dgn_qmix,coord_grid,3,3851,96300,35.0,25,0.23763291666666664,7.281402210394542,45.1090513865153,165.3313354999991
dgn_qmix__N4__ring__seed3,dgn_qmix,coord_grid,3,3852,96325,49.0,25,0.23743500000000006,8.733802080154419,42.240350995744976,165.38296229200205
dgn_qmix__N4__ring__seed3,dgn_qmix,coord_grid,3,3853,96350,58.0,25,0.23723708333333338,6.065439621607463,44.148078282674156,165.4272045000107
dgn_qmix__N4__ring__seed3,dgn_qmix,coord_grid,3,3854,96375,57.0,25,0.2370391666666667,4.6331640382607775,64.96586418151855,165.4702365840203
dgn_qmix__N4__ring__seed3,dgn_qmix,coord_grid,3,3855,96400,54.0,25,0.23684125000000011,11.23084020614624,37.31250603993734,165.5146404170082
dgn_qmix__N4__ring__seed3,dgn_qmix,coord_grid,3,3856,96425,55.0,25,0.23664333333333343,6.085698093686785,62.90849794660296,165.56694295903435
dgn_qmix__N4__ring__seed3,dgn_qmix,coord_grid,3,3857,96450,38.0,25,0.23644541666666663,7.2364681760470075,44.60457388559977,165.6155267090071
dgn_qmix__N4__ring__seed3,dgn_qmix,coord_grid,3,3858,96475,60.0,25,0.23624749999999994,7.913570463657379,48.71682898203532,165.66216579201864
dgn_qmix__N4__ring__seed3,dgn_qmix,coord_grid,3,3859,96500,45.0,25,0.23604958333333337,5.278737783432007,61.452619870503746,165.70780008402653
dgn_qmix__N4__ring__seed3,dgn_qmix,coord_grid,3,3860,96525,41.0,25,0.23585166666666668,7.002463459968567,46.79557364327567,165.75741133402335
dgn_qmix__N4__ring__seed3,dgn_qmix,coord_grid,3,3861,96550,36.0,25,0.23565375,10.9979461034139,45.98161093393961,165.80168366699945
dgn_qmix__N4__ring__seed3,dgn_qmix,coord_grid,3,3862,96575,48.0,25,0.23545583333333342,5.145038157701492,34.86324914296468,165.84717975003878
dgn_qmix__N4__ring__seed3,dgn_qmix,coord_grid,3,3863,96600,37.0,25,0.23525791666666673,8.089436292648315,34.89499060312907,165.89056316699134
dgn_qmix__N4__ring__seed3,dgn_qmix,coord_grid,3,3864,96625,38.0,25,0.23506000000000005,8.345153553145272,57.24041393824986,165.94142945902422
dgn_qmix__N4__ring__seed3,dgn_qmix,coord_grid,3,3865,96650,67.0,25,0.23486208333333347,6.642071902751923,49.250728925069176,165.98551929200767
dgn_qmix__N4__ring__seed3,dgn_qmix,coord_grid,3,3866,96675,53.0,25,0.23466416666666667,5.173473209142685,41.62747001647949,166.03007883398095
dgn_qmix__N4__ring__seed3,dgn_qmix,coord_grid,3,3867,96700,39.0,25,0.23446625,7.385418653488159,55.41319338480631,166.0740121669951
dgn_qmix__N4__ring__seed3,dgn_qmix,coord_grid,3,3868,96725,50.0,25,0.2342683333333333,5.937601404530661,46.210627692086355,166.12363491702126
dgn_qmix__N4__ring__seed3,dgn_qmix,coord_grid,3,3869,96750,59.0,25,0.23407041666666673,6.57394552230835,53.79613208770752,166.1681535000098
dgn_qmix__N4__ring__seed3,dgn_qmix,coord_grid,3,3870,96775,52.0,25,0.23387250000000004,3.1526951591173806,42.48592185974121,166.2122540420387
dgn_qmix__N4__ring__seed3,dgn_qmix,coord_grid,3,3871,96800,59.0,25,0.23367458333333335,8.008175293604532,31.728596687316895,166.25596320902696
dgn_qmix__N4__ring__seed3,dgn_qmix,coord_grid,3,3872,96825,35.0,25,0.23347666666666678,4.207948786871774,32.805530956813264,166.30613329203334
dgn_qmix__N4__ring__seed3,dgn_qmix,coord_grid,3,3873,96850,62.0,25,0.2332787500000001,3.8623036543528237,33.060912450154625,166.35550279199379
dgn_qmix__N4__ring__seed3,dgn_qmix,coord_grid,3,3874,96875,55.0,25,0.2330808333333334,2.9710469047228494,56.85116958618164,166.4042477500043
dgn_qmix__N4__ring__seed3,dgn_qmix,coord_grid,3,3875,96900,60.0,25,0.2328829166666666,6.422332972288132,32.30793857574463,166.44959266699152
dgn_qmix__N4__ring__seed3,dgn_qmix,coord_grid,3,3876,96925,45.0,25,0.23268500000000003,7.159043380192348,34.97905431474958,166.4987397500081
dgn_qmix__N4__ring__seed3,dgn_qmix,coord_grid,3,3877,96950,52.0,25,0.23248708333333334,5.348815818627675,44.9899632136027,166.54188062500907
dgn_qmix__N4__ring__seed3,dgn_qmix,coord_grid,3,3878,96975,47.0,25,0.23228916666666666,6.183222184578578,32.03855037689209,166.5856042089872
dgn_qmix__N4__ring__seed3,dgn_qmix,coord_grid,3,3879,97000,54.0,25,0.23209125000000008,7.1968003908793134,44.95637448628744,166.6296366250026
dgn_qmix__N4__ring__seed3,dgn_qmix,coord_grid,3,3880,97025,38.0,25,0.2318933333333334,6.1503011754580905,102.13565226963588,166.67971350002335
dgn_qmix__N4__ring__seed3,dgn_qmix,coord_grid,3,3881,97050,48.0,25,0.2316954166666667,7.442246754964192,60.175863901774086,166.72498004202498
dgn_qmix__N4__ring__seed3,dgn_qmix,coord_grid,3,3882,97075,51.0,25,0.23149750000000013,6.132643461227417,58.998147328694664,166.76945658400655
dgn_qmix__N4__ring__seed3,dgn_qmix,coord_grid,3,3883,97100,51.0,25,0.23129958333333334,6.639959802230199,45.29523626963297,166.81392291700467
dgn_qmix__N4__ring__seed3,dgn_qmix,coord_grid,3,3884,97125,45.0,25,0.23110166666666665,7.608080880982535,59.271430424281526,166.8642183750053
dgn_qmix__N4__ring__seed3,dgn_qmix,coord_grid,3,3885,97150,59.0,25,0.23090374999999996,7.995943069458008,37.56271839141846,166.9078192919842
dgn_qmix__N4__ring__seed3,dgn_qmix,coord_grid,3,3886,97175,43.0,25,0.2307058333333334,7.3592298825581866,53.895711263020836,166.95255558402278
dgn_qmix__N4__ring__seed3,dgn_qmix,coord_grid,3,3887,97200,46.0,25,0.2305079166666667,4.6889404356479645,62.23953374226888,166.99650275002932
dgn_qmix__N4__ring__seed3,dgn_qmix,coord_grid,3,3888,97225,51.0,25,0.23031000000000001,8.836221243653979,54.276602608816965,167.04593337501865
dgn_qmix__N4__ring__seed3,dgn_qmix,coord_grid,3,3889,97250,50.0,25,0.23011208333333344,10.285359859466553,61.903570810953774,167.08947766700294
dgn_qmix__N4__ring__seed3,dgn_qmix,coord_grid,3,3890,97275,49.0,25,0.22991416666666675,7.310245752334595,66.23645973205566,167.1334272500244
dgn_qmix__N4__ring__seed3,dgn_qmix,coord_grid,3,3891,97300,50.0,25,0.22971625000000007,6.683887720108032,49.11805375417074,167.1764777500066
dgn_qmix__N4__ring__seed3,dgn_qmix,coord_grid,3,3892,97325,39.0,25,0.22951833333333327,4.624157982213156,35.52556855337961,167.22558466700139
dgn_qmix__N4__ring__seed3,dgn_qmix,coord_grid,3,3893,97350,32.0,25,0.2293204166666667,5.342681487401326,59.50925954182943,167.26965516700875
dgn_qmix__N4__ring__seed3,dgn_qmix,coord_grid,3,3894,97375,54.0,25,0.2291225,7.329031735658646,46.935292879740395,167.3129422920174
dgn_qmix__N4__ring__seed3,dgn_qmix,coord_grid,3,3895,97400,56.0,25,0.22892458333333332,6.709587971369426,54.12463251749674,167.35712375002913
dgn_qmix__N4__ring__seed3,dgn_qmix,coord_grid,3,3896,97425,57.0,25,0.22872666666666674,10.0234694480896,49.41744886125837,167.40568216703832
dgn_qmix__N4__ring__seed3,dgn_qmix,coord_grid,3,3897,97450,51.0,25,0.22852875000000006,8.060816526412964,53.464317321777344,167.44909570901655
dgn_qmix__N4__ring__seed3,dgn_qmix,coord_grid,3,3898,97475,60.0,25,0.22833083333333337,3.819628785053889,55.24956703186035,167.4934419170022
dgn_qmix__N4__ring__seed3,dgn_qmix,coord_grid,3,3899,97500,59.0,25,0.2281329166666668,4.688579499721527,53.56334718068441,167.5365230839816
dgn_qmix__N4__ring__seed3,dgn_qmix,coord_grid,3,3900,97525,48.0,25,0.2279350000000001,7.805625643048968,47.86945915222168,167.58577362500364
dgn_qmix__N4__ring__seed3,dgn_qmix,coord_grid,3,3901,97550,42.0,25,0.2277370833333333,5.973400404055913,28.640451272328693,167.62990737502696
dgn_qmix__N4__ring__seed3,dgn_qmix,coord_grid,3,3902,97575,45.0,25,0.22753916666666663,3.988184154033661,35.92905044555664,167.67365900002187
dgn_qmix__N4__ring__seed3,dgn_qmix,coord_grid,3,3903,97600,30.0,25,0.22734125000000005,4.607254405816396,59.389729499816895,167.7166104170028
dgn_qmix__N4__ring__seed3,dgn_qmix,coord_grid,3,3904,97625,64.0,25,0.22714333333333336,5.146794148853847,57.304844175066265,167.76523745898157
dgn_qmix__N4__ring__seed3,dgn_qmix,coord_grid,3,3905,97650,49.0,25,0.22694541666666668,3.8792143364747367,42.57428518931071,167.80909900000552
dgn_qmix__N4__ring__seed3,dgn_qmix,coord_grid,3,3906,97675,62.0,25,0.2267475000000001,10.207560062408447,49.50787544250488,167.85338512499584
dgn_qmix__N4__ring__seed3,dgn_qmix,coord_grid,3,3907,97700,51.0,25,0.22654958333333342,1.8066937923431396,48.34851487477621,167.90017016703496
dgn_qmix__N4__ring__seed3,dgn_qmix,coord_grid,3,3908,97725,34.0,25,0.22635166666666673,4.0184508221490045,57.07758712768555,167.94935966702178
dgn_qmix__N4__ring__seed3,dgn_qmix,coord_grid,3,3909,97750,56.0,25,0.22615375000000004,8.134504069884619,63.64697583516439,167.9933171250159
dgn_qmix__N4__ring__seed3,dgn_qmix,coord_grid,3,3910,97775,66.0,25,0.22595583333333336,8.846718192100525,53.11052322387695,168.03704483399633
dgn_qmix__N4__ring__seed3,dgn_qmix,coord_grid,3,3911,97800,54.0,25,0.22575791666666667,7.346538782119751,41.577274322509766,168.08143620903138
dgn_qmix__N4__ring__seed3,dgn_qmix,coord_grid,3,3912,97825,47.0,25,0.22555999999999998,5.916569573538644,113.46395683288574,168.13143029203638
dgn_qmix__N4__ring__seed3,dgn_qmix,coord_grid,3,3913,97850,60.0,25,0.2253620833333334,4.785622239112854,89.88547134399414,168.17445579200285
dgn_qmix__N4__ring__seed3,dgn_qmix,coord_grid,3,3914,97875,46.0,25,0.22516416666666672,8.131550629933676,49.43035046259562,168.21850345900748
dgn_qmix__N4__ring__seed3,dgn_qmix,coord_grid,3,3915,97900,43.0,25,0.22496625000000003,5.951102415720622,51.9594996770223,168.26206933398498
dgn_qmix__N4__ring__seed3,dgn_qmix,coord_grid,3,3916,97925,50.0,25,0.22476833333333335,7.636161071913583,41.78745324271066,168.3114152920316
dgn_qmix__N4__ring__seed3,dgn_qmix,coord_grid,3,3917,97950,48.0,25,0.22457041666666677,9.582222779591879,49.6507256825765,168.3555069169961
dgn_qmix__N4__ring__seed3,dgn_qmix,coord_grid,3,3918,97975,54.0,25,0.22437249999999997,8.71305545171102,35.28947734832764,168.39936908398522
dgn_qmix__N4__ring__seed3,dgn_qmix,coord_grid,3,3919,98000,53.0,25,0.2241745833333333,6.655657231807709,48.27206293741862,168.44280512502883
dgn_qmix__N4__ring__seed3,dgn_qmix,coord_grid,3,3920,98025,61.0,25,0.2239766666666667,7.047182142734528,44.660655566624236,168.49273279198678
dgn_qmix__N4__ring__seed3,dgn_qmix,coord_grid,3,3921,98050,54.0,25,0.22377875000000003,5.220250089963277,39.384640057881676,168.536234875035
dgn_qmix__N4__ring__seed3,dgn_qmix,coord_grid,3,3922,98075,59.0,25,0.22358083333333334,2.47253887852033,56.007486979166664,168.57978129200637
dgn_qmix__N4__ring__seed3,dgn_qmix,coord_grid,3,3923,98100,54.0,25,0.22338291666666676,5.460003654162089,51.14535713195801,168.62453133403324
dgn_qmix__N4__ring__seed3,dgn_qmix,coord_grid,3,3924,98125,64.0,25,0.22318500000000008,4.908619369779315,63.30883625575474,168.67349537502741
dgn_qmix__N4__ring__seed3,dgn_qmix,coord_grid,3,3925,98150,65.0,25,0.2229870833333334,2.5554420153299966,57.911516189575195,168.71639524999773
dgn_qmix__N4__ring__seed3,dgn_qmix,coord_grid,3,3926,98175,69.0,25,0.2227891666666667,3.1742172042528787,45.245665550231934,168.7594052089844
dgn_qmix__N4__ring__seed3,dgn_qmix,coord_grid,3,3927,98200,63.0,25,0.22259125000000002,8.174226601918539,80.16910489400227,168.80351029202575
dgn_qmix__N4__ring__seed3,dgn_qmix,coord_grid,3,3928,98225,59.0,25,0.22239333333333333,6.007966893059867,46.93541363307408,168.85203383403132
dgn_qmix__N4__ring__seed3,dgn_qmix,coord_grid,3,3929,98250,59.0,25,0.22219541666666665,6.076018551985423,37.87855497996012,168.89571045903722
dgn_qmix__N4__ring__seed3,dgn_qmix,coord_grid,3,3930,98275,49.0,25,0.22199750000000007,3.9763210316499076,42.81911659240723,168.93899095902452
dgn_qmix__N4__ring__seed3,dgn_qmix,coord_grid,3,3931,98300,54.0,25,0.22179958333333338,6.047381361325582,38.5297015508016,168.98273391701514
dgn_qmix__N4__ring__seed3,dgn_qmix,coord_grid,3,3932,98325,50.0,25,0.2216016666666667,7.143110036849976,51.99849019731794,169.03140170901315
dgn_qmix__N4__ring__seed3,dgn_qmix,coord_grid,3,3933,98350,30.0,25,0.22140375,7.0313771565755205,28.281795819600422,169.0750424169819
dgn_qmix__N4__ring__seed3,dgn_qmix,coord_grid,3,3934,98375,18.0,25,0.22120583333333343,4.990701715151469,40.39412911732992,169.11865958402632
dgn_qmix__N4__ring__seed3,dgn_qmix,coord_grid,3,3935,98400,26.0,25,0.22100791666666675,9.152270237604776,46.52964464823405,169.16230725002242
dgn_qmix__N4__ring__seed3,dgn_qmix,coord_grid,3,3936,98425,42.0,25,0.22080999999999995,6.565845813070025,47.71393966674805,169.21092258399585
dgn_qmix__N4__ring__seed3,dgn_qmix,coord_grid,3,3937,98450,51.0,25,0.22061208333333338,5.5625686049461365,41.40810680389404,169.25539325003047
dgn_qmix__N4__ring__seed3,dgn_qmix,coord_grid,3,3938,98475,46.0,25,0.2204141666666667,7.613172988096873,25.055095036824543,169.2987952500116
dgn_qmix__N4__ring__seed3,dgn_qmix,coord_grid,3,3939,98500,40.0,25,0.22021625,6.584201027949651,32.464710553487144,169.34211324999342
dgn_qmix__N4__ring__seed3,dgn_qmix,coord_grid,3,3940,98525,50.0,25,0.22001833333333343,8.360693505832128,32.407466070992605,169.391744750028
dgn_qmix__N4__ring__seed3,dgn_qmix,coord_grid,3,3941,98550,44.0,25,0.21982041666666674,4.697685996691386,34.59512424468994,169.43579200003296
dgn_qmix__N4__ring__seed3,dgn_qmix,coord_grid,3,3942,98575,48.0,25,0.21962250000000005,6.812474767367045,56.128801345825195,169.4800900000264
dgn_qmix__N4__ring__seed3,dgn_qmix,coord_grid,3,3943,98600,55.0,25,0.21942458333333337,8.282709439595541,51.43374888102213,169.52461612498155
dgn_qmix__N4__ring__seed3,dgn_qmix,coord_grid,3,3944,98625,50.0,25,0.21922666666666668,6.373243681022099,99.27316393171039,169.57347537501482
dgn_qmix__N4__ring__seed3,dgn_qmix,coord_grid,3,3945,98650,54.0,25,0.21902875,6.200953026612599,58.6085516611735,169.6166537500103
dgn_qmix__N4__ring__seed3,dgn_qmix,coord_grid,3,3946,98675,40.0,25,0.2188308333333333,8.204160849253336,34.20508495966593,169.66150350001408
dgn_qmix__N4__ring__seed3,dgn_qmix,coord_grid,3,3947,98700,41.0,25,0.21863291666666673,5.300778716802597,31.009913444519043,169.70514662499772
dgn_qmix__N4__ring__seed3,dgn_qmix,coord_grid,3,3948,98725,67.0,25,0.21843500000000005,6.160104291779654,62.54146984645298,169.75363016698975
dgn_qmix__N4__ring__seed3,dgn_qmix,coord_grid,3,3949,98750,46.0,25,0.21823708333333336,9.476879437764486,93.56579462687175,169.7977392920293
dgn_qmix__N4__ring__seed3,dgn_qmix,coord_grid,3,3950,98775,49.0,25,0.21803916666666667,3.9884707729021707,65.0563112894694,169.84110437502386
dgn_qmix__N4__ring__seed3,dgn_qmix,coord_grid,3,3951,98800,60.0,25,0.2178412500000001,8.200445175170898,52.23006534576416,169.88493408402428
dgn_qmix__N4__ring__seed3,dgn_qmix,coord_grid,3,3952,98825,37.0,25,0.2176433333333334,11.664644309452601,58.63717406136649,169.9334672089899
dgn_qmix__N4__ring__seed3,dgn_qmix,coord_grid,3,3953,98850,57.0,25,0.2174454166666666,8.351683855056763,53.09520022074381,169.97692345903488
dgn_qmix__N4__ring__seed3,dgn_qmix,coord_grid,3,3954,98875,43.0,25,0.21724750000000004,6.269160429636638,83.07890955607097,170.01972329203272
dgn_qmix__N4__ring__seed3,dgn_qmix,coord_grid,3,3955,98900,61.0,25,0.21704958333333335,6.44037938117981,70.36039797465007,170.06352362502366
dgn_qmix__N4__ring__seed3,dgn_qmix,coord_grid,3,3956,98925,37.0,25,0.21685166666666666,6.033689209393093,55.41226713997977,170.11268758401275
dgn_qmix__N4__ring__seed3,dgn_qmix,coord_grid,3,3957,98950,50.0,25,0.2166537500000001,8.22780179977417,51.71850776672363,170.15701891703065
dgn_qmix__N4__ring__seed3,dgn_qmix,coord_grid,3,3958,98975,42.0,25,0.2164558333333334,12.551221132278442,51.077863693237305,170.20176299999002
dgn_qmix__N4__ring__seed3,dgn_qmix,coord_grid,3,3959,99000,46.0,25,0.21625791666666672,9.01073439915975,65.62615076700847,170.24633116699988
dgn_qmix__N4__ring__seed3,dgn_qmix,coord_grid,3,3960,99025,68.0,25,0.21606000000000003,7.400713494845799,62.63394464765276,170.29569558403455
dgn_qmix__N4__ring__seed3,dgn_qmix,coord_grid,3,3961,99050,68.0,25,0.21586208333333345,6.9300947189331055,48.950663248697914,170.33936187502695
dgn_qmix__N4__ring__seed3,dgn_qmix,coord_grid,3,3962,99075,55.0,25,0.21566416666666666,9.732017993927002,35.65260314941406,170.3835967920022
dgn_qmix__N4__ring__seed3,dgn_qmix,coord_grid,3,3963,99100,46.0,25,0.21546624999999997,5.590121706326802,39.27617073059082,170.42762304202188
dgn_qmix__N4__ring__seed3,dgn_qmix,coord_grid,3,3964,99125,44.0,25,0.2152683333333334,11.013044731957573,41.61869103567941,170.47560941701522
dgn_qmix__N4__ring__seed3,dgn_qmix,coord_grid,3,3965,99150,55.0,25,0.2150704166666667,7.739187856515248,68.71525001525879,170.5188419999904
dgn_qmix__N4__ring__seed3,dgn_qmix,coord_grid,3,3966,99175,49.0,25,0.21487250000000002,6.491783877213796,65.33974520365398,170.56242458400084
dgn_qmix__N4__ring__seed3,dgn_qmix,coord_grid,3,3967,99200,65.0,25,0.21467458333333334,7.498615463574727,43.75511805216471,170.60594158398453
dgn_qmix__N4__ring__seed3,dgn_qmix,coord_grid,3,3968,99225,47.0,25,0.21447666666666676,5.414502850600651,60.47154072352818,170.65492112503853
dgn_qmix__N4__ring__seed3,dgn_qmix,coord_grid,3,3969,99250,50.0,25,0.21427875000000007,6.177044292291005,48.44283548990885,170.69858204200864
dgn_qmix__N4__ring__seed3,dgn_qmix,coord_grid,3,3970,99275,57.0,25,0.2140808333333334,8.230304539203644,41.48172346750895,170.74223616701784
dgn_qmix__N4__ring__seed3,dgn_qmix,coord_grid,3,3971,99300,53.0,25,0.2138829166666667,5.860895425081253,27.121683438618977,170.78715862502577
dgn_qmix__N4__ring__seed3,dgn_qmix,coord_grid,3,3972,99325,47.0,25,0.213685,4.03432833296912,39.0787102835519,170.83670525002526
dgn_qmix__N4__ring__seed3,dgn_qmix,coord_grid,3,3973,99350,54.0,25,0.21348708333333333,6.2214962641398115,51.110450744628906,170.88041766703827
dgn_qmix__N4__ring__seed3,dgn_qmix,coord_grid,3,3974,99375,53.0,25,0.21328916666666675,4.721566140651703,51.25557390848795,170.92427129199496
dgn_qmix__N4__ring__seed3,dgn_qmix,coord_grid,3,3975,99400,62.0,25,0.21309125000000007,7.123933335145314,62.681702295939125,170.96853333403124
dgn_qmix__N4__ring__seed3,dgn_qmix,coord_grid,3,3976,99425,47.0,25,0.21289333333333338,6.401914979730334,117.9803603036063,171.01827308401698
dgn_qmix__N4__ring__seed3,dgn_qmix,coord_grid,3,3977,99450,32.0,25,0.2126954166666667,4.920311580101649,71.68782202402751,171.06216104200576
dgn_qmix__N4__ring__seed3,dgn_qmix,coord_grid,3,3978,99475,39.0,25,0.21249750000000012,6.302768270174663,69.03205553690593,171.10586733400123
dgn_qmix__N4__ring__seed3,dgn_qmix,coord_grid,3,3979,99500,42.0,25,0.21229958333333332,8.42750064531962,89.70954513549805,171.16665616701357
dgn_qmix__N4__ring__seed3,dgn_qmix,coord_grid,3,3980,99525,70.0,25,0.21210166666666663,3.1179613215582713,82.61378642490932,171.23095420899335
dgn_qmix__N4__ring__seed3,dgn_qmix,coord_grid,3,3981,99550,60.0,25,0.21190375000000006,6.944550931453705,50.7860746383667,171.2868982090149
dgn_qmix__N4__ring__seed3,dgn_qmix,coord_grid,3,3982,99575,73.0,25,0.21170583333333337,4.84812053044637,54.2923583984375,171.33744333399227
dgn_qmix__N4__ring__seed3,dgn_qmix,coord_grid,3,3983,99600,56.0,25,0.21150791666666668,6.050010502338409,46.921607971191406,171.38497241702862
dgn_qmix__N4__ring__seed3,dgn_qmix,coord_grid,3,3984,99625,63.0,25,0.21131,8.648462636130196,63.85625948224749,171.44216420903103
dgn_qmix__N4__ring__seed3,dgn_qmix,coord_grid,3,3985,99650,59.0,25,0.21111208333333342,6.288038889567058,73.2041244506836,171.48824479203904
dgn_qmix__N4__ring__seed3,dgn_qmix,coord_grid,3,3986,99675,68.0,25,0.21091416666666674,4.678864012161891,58.129861195882164,171.53947791701648
dgn_qmix__N4__ring__seed3,dgn_qmix,coord_grid,3,3987,99700,58.0,25,0.21071625000000005,8.449947754542032,47.89855130513509,171.58566033403622
dgn_qmix__N4__ring__seed3,dgn_qmix,coord_grid,3,3988,99725,36.0,25,0.21051833333333336,10.094937673636846,68.76255362374442,171.6356164169847
dgn_qmix__N4__ring__seed3,dgn_qmix,coord_grid,3,3989,99750,68.0,25,0.21032041666666668,3.319912532965342,89.13067404429118,171.67875579203246
dgn_qmix__N4__ring__seed3,dgn_qmix,coord_grid,3,3990,99775,67.0,25,0.2101225,6.303698658943176,90.15990002950032,171.72265887499088
dgn_qmix__N4__ring__seed3,dgn_qmix,coord_grid,3,3991,99800,43.0,25,0.2099245833333333,5.726847529411316,70.46084626515706,171.76577833399642
dgn_qmix__N4__ring__seed3,dgn_qmix,coord_grid,3,3992,99825,57.0,25,0.20972666666666673,6.401966316359384,97.04042053222656,171.8174817090039
dgn_qmix__N4__ring__seed3,dgn_qmix,coord_grid,3,3993,99850,53.0,25,0.20952875000000004,4.945286015669505,62.16972986857096,171.86288587498711
dgn_qmix__N4__ring__seed3,dgn_qmix,coord_grid,3,3994,99875,58.0,25,0.20933083333333335,7.63252071539561,54.904544830322266,171.90726433403324
dgn_qmix__N4__ring__seed3,dgn_qmix,coord_grid,3,3995,99900,42.0,25,0.20913291666666678,6.013571232557297,38.43811925252279,171.9507510419935
dgn_qmix__N4__ring__seed3,dgn_qmix,coord_grid,3,3996,99925,61.0,25,0.2089350000000001,5.4662101694515774,37.4754273550851,171.99955958401551
dgn_qmix__N4__ring__seed3,dgn_qmix,coord_grid,3,3997,99950,38.0,25,0.2087370833333333,10.687651991844177,38.19211006164551,172.04469125001924
dgn_qmix__N4__ring__seed3,dgn_qmix,coord_grid,3,3998,99975,71.0,25,0.20853916666666672,5.241121073563893,42.31210581461588,172.08801745902747
dgn_qmix__N4__ring__seed3,dgn_qmix,coord_grid,3,3999,100000,55.0,25,0.20834125000000003,6.971028029918671,53.890275637308754,172.13359691703226
dgn_qmix__N4__ring__seed3,dgn_qmix,coord_grid,3,4000,100025,60.0,25,0.20814333333333335,5.494134817804609,51.83192416599819,172.1827419170295
dgn_qmix__N4__ring__seed3,dgn_qmix,coord_grid,3,4001,100050,59.0,25,0.20794541666666666,6.177392880121867,62.587057749430336,172.2269796670298
dgn_qmix__N4__ring__seed3,dgn_qmix,coord_grid,3,4002,100075,57.0,25,0.20774750000000008,10.288904309272766,27.8906831741333,172.27061212499393
dgn_qmix__N4__ring__seed3,dgn_qmix,coord_grid,3,4003,100100,55.0,25,0.2075495833333334,6.3465613921483355,43.29586601257324,172.31520000001183
dgn_qmix__N4__ring__seed3,dgn_qmix,coord_grid,3,4004,100125,76.0,25,0.2073516666666667,6.725806202207293,31.942332676478795,172.36431616701884
dgn_qmix__N4__ring__seed3,dgn_qmix,coord_grid,3,4005,100150,50.0,25,0.20715375000000003,6.8264192541440325,53.277044932047524,172.41345933399862
dgn_qmix__N4__ring__seed3,dgn_qmix,coord_grid,3,4006,100175,41.0,25,0.20695583333333334,2.772671490907669,54.457488377889,172.45804470899748
dgn_qmix__N4__ring__seed3,dgn_qmix,coord_grid,3,4007,100200,53.0,25,0.20675791666666665,6.153763930002849,46.68994998931885,172.50463162502274
dgn_qmix__N4__ring__seed3,dgn_qmix,coord_grid,3,4008,100225,52.0,25,0.20655999999999997,7.732637592724392,118.20948900495257,172.56370154203614
dgn_qmix__N4__ring__seed3,dgn_qmix,coord_grid,3,4009,100250,47.0,25,0.2063620833333334,9.271910309791565,60.78468863169352,172.6154375000042
dgn_qmix__N4__ring__seed3,dgn_qmix,coord_grid,3,4010,100275,46.0,25,0.2061641666666667,4.778657515843709,73.3423449198405,172.6619758339948
dgn_qmix__N4__ring__seed3,dgn_qmix,coord_grid,3,4011,100300,36.0,25,0.20596625000000002,4.7520333131154375,51.04297129313151,172.707569124992
dgn_qmix__N4__ring__seed3,dgn_qmix,coord_grid,3,4012,100325,55.0,25,0.20576833333333344,5.493997182164874,46.87403678894043,172.7600015840144
dgn_qmix__N4__ring__seed3,dgn_qmix,coord_grid,3,4013,100350,58.0,25,0.20557041666666676,6.282178491353989,55.83691247304281,172.80483866698341
dgn_qmix__N4__ring__seed3,dgn_qmix,coord_grid,3,4014,100375,42.0,25,0.20537249999999996,4.362703899542491,51.45167636871338,172.84918720903806
dgn_qmix__N4__ring__seed3,dgn_qmix,coord_grid,3,4015,100400,69.0,25,0.20517458333333338,8.715561111768087,71.55323155721028,172.8935749590164
dgn_qmix__N4__ring__seed3,dgn_qmix,coord_grid,3,4016,100425,52.0,25,0.2049766666666667,6.466536453792027,83.5566542489188,172.94920808402821
dgn_qmix__N4__ring__seed3,dgn_qmix,coord_grid,3,4017,100450,64.0,25,0.20477875,10.741494059562683,70.31130822499593,172.9947962500155
dgn_qmix__N4__ring__seed3,dgn_qmix,coord_grid,3,4018,100475,49.0,25,0.20458083333333332,6.903576821088791,51.720985094706215,173.04015595902456
dgn_qmix__N4__ring__seed3,dgn_qmix,coord_grid,3,4019,100500,47.0,25,0.20438291666666675,6.891308546066284,64.47546513875325,173.08399945899146
dgn_qmix__N4__ring__seed3,dgn_qmix,coord_grid,3,4020,100525,32.0,25,0.20418500000000006,2.9753089462007796,74.87288393293109,173.13527100003557
dgn_qmix__N4__ring__seed3,dgn_qmix,coord_grid,3,4021,100550,55.0,25,0.20398708333333337,7.705184817314148,91.73865445454915,173.18256454198854
dgn_qmix__N4__ring__seed3,dgn_qmix,coord_grid,3,4022,100575,39.0,25,0.2037891666666668,6.039899210135142,109.76911163330078,173.22871816699626
dgn_qmix__N4__ring__seed3,dgn_qmix,coord_grid,3,4023,100600,66.0,25,0.20359125,7.258005738258362,98.15188725789388,173.274716874992
dgn_qmix__N4__ring__seed3,dgn_qmix,coord_grid,3,4024,100625,51.0,25,0.20339333333333331,7.840906824384417,74.1379211970738,173.32535645901226
dgn_qmix__N4__ring__seed3,dgn_qmix,coord_grid,3,4025,100650,66.0,25,0.20319541666666663,8.466333210468292,73.71065521240234,173.37037000001874
dgn_qmix__N4__ring__seed3,dgn_qmix,coord_grid,3,4026,100675,38.0,25,0.20299750000000005,9.372036854426065,79.67566045125325,173.41403445898322
dgn_qmix__N4__ring__seed3,dgn_qmix,coord_grid,3,4027,100700,41.0,25,0.20279958333333337,6.29547044634819,61.379255612691246,173.46057716698851
dgn_qmix__N4__ring__seed3,dgn_qmix,coord_grid,3,4028,100725,44.0,25,0.20260166666666668,7.380589757646833,60.77014650617327,173.5115654169931
dgn_qmix__N4__ring__seed3,dgn_qmix,coord_grid,3,4029,100750,54.0,25,0.2024037500000001,4.26691472530365,79.75294240315755,173.55838708399097
dgn_qmix__N4__ring__seed3,dgn_qmix,coord_grid,3,4030,100775,24.0,25,0.20220583333333342,6.059910575548808,85.75063959757487,173.60383395903045
dgn_qmix__N4__ring__seed3,dgn_qmix,coord_grid,3,4031,100800,58.0,25,0.20200791666666673,5.929460227489471,96.35788981119792,173.64817904203665
dgn_qmix__N4__ring__seed3,dgn_qmix,coord_grid,3,4032,100825,82.0,25,0.20181000000000004,5.439372718334198,45.255902426583425,173.69867345900275
dgn_qmix__N4__ring__seed3,dgn_qmix,coord_grid,3,4033,100850,55.0,25,0.20161208333333336,7.74611367781957,60.675987243652344,173.74401187500916
dgn_qmix__N4__ring__seed3,dgn_qmix,coord_grid,3,4034,100875,47.0,25,0.20141416666666667,9.311116178830465,42.208773612976074,173.78740108403144
dgn_qmix__N4__ring__seed3,dgn_qmix,coord_grid,3,4035,100900,39.0,25,0.20121624999999999,4.779955158631007,53.575432459513344,173.83418112498475
dgn_qmix__N4__ring__seed3,dgn_qmix,coord_grid,3,4036,100925,61.0,25,0.2010183333333334,7.361207110541208,39.03956767490932,173.8860650419956
dgn_qmix__N4__ring__seed3,dgn_qmix,coord_grid,3,4037,100950,58.0,25,0.20082041666666672,7.78317928314209,64.02871417999268,173.93125420901924
dgn_qmix__N4__ring__seed3,dgn_qmix,coord_grid,3,4038,100975,65.0,25,0.20062250000000004,5.65938796599706,85.59696006774902,173.97787408402655
dgn_qmix__N4__ring__seed3,dgn_qmix,coord_grid,3,4039,101000,77.0,25,0.20042458333333346,10.025019009908041,50.65039952596029,174.0212594170007
dgn_qmix__N4__ring__seed3,dgn_qmix,coord_grid,3,4040,101025,56.0,25,0.20022666666666666,7.039360659463065,102.25128991263253,174.07059487502556
dgn_qmix__N4__ring__seed3,dgn_qmix,coord_grid,3,4041,101050,58.0,25,0.20002874999999998,7.176186313231786,73.41531753540039,174.11657720903168
dgn_qmix__N4__ring__seed3,dgn_qmix,coord_grid,3,4042,101075,64.0,25,0.1998308333333333,6.4768169323603315,55.36513296763102,174.16274187498493
dgn_qmix__N4__ring__seed3,dgn_qmix,coord_grid,3,4043,101100,67.0,25,0.19963291666666672,4.12964403629303,58.410725911458336,174.20916420902358
dgn_qmix__N4__ring__seed3,dgn_qmix,coord_grid,3,4044,101125,64.0,25,0.19943500000000003,5.436519707952227,49.0429870060512,174.26033708400792
dgn_qmix__N4__ring__seed3,dgn_qmix,coord_grid,3,4045,101150,59.0,25,0.19923708333333334,4.262579480806987,41.69433180491129,174.30792929203017
dgn_qmix__N4__ring__seed3,dgn_qmix,coord_grid,3,4046,101175,52.0,25,0.19903916666666677,4.949777722358704,77.23944282531738,174.35273945902009
dgn_qmix__N4__ring__seed3,dgn_qmix,coord_grid,3,4047,101200,72.0,25,0.19884125000000008,7.78293760617574,44.092506090799965,174.39533245901112
dgn_qmix__N4__ring__seed3,dgn_qmix,coord_grid,3,4048,101225,39.0,25,0.1986433333333334,7.004870397703988,59.67341423034668,174.44667408399982
dgn_qmix__N4__ring__seed3,dgn_qmix,coord_grid,3,4049,101250,65.0,25,0.1984454166666667,4.618767301241557,115.37118784586589,174.49518808402354
dgn_qmix__N4__ring__seed3,dgn_qmix,coord_grid,3,4050,101275,63.0,25,0.19824750000000002,6.234553575515747,119.65115610758464,174.5414743750007
dgn_qmix__N4__ring__seed3,dgn_qmix,coord_grid,3,4051,101300,67.0,25,0.19804958333333333,7.837608218193054,122.3544209798177,174.58747837500414
dgn_qmix__N4__ring__seed3,dgn_qmix,coord_grid,3,4052,101325,65.0,25,0.19785166666666665,7.302185262952532,105.06177493504116,174.63785387499956
dgn_qmix__N4__ring__seed3,dgn_qmix,coord_grid,3,4053,101350,72.0,25,0.19765375000000007,8.130959550539652,84.68316968282063,174.68355058401357
dgn_qmix__N4__ring__seed3,dgn_qmix,coord_grid,3,4054,101375,55.0,25,0.19745583333333339,6.091809451580048,108.94435501098633,174.73035845899722
dgn_qmix__N4__ring__seed3,dgn_qmix,coord_grid,3,4055,101400,63.0,25,0.1972579166666667,6.430693169434865,79.94017918904622,174.77507462503854
dgn_qmix__N4__ring__seed3,dgn_qmix,coord_grid,3,4056,101425,69.0,25,0.19706000000000012,7.697197079658508,95.81251471383231,174.8274098749971
dgn_qmix__N4__ring__seed3,dgn_qmix,coord_grid,3,4057,101450,36.0,25,0.19686208333333344,4.566151330868403,79.34500503540039,174.87399687501602
dgn_qmix__N4__ring__seed3,dgn_qmix,coord_grid,3,4058,101475,52.0,25,0.19666416666666664,8.86517741282781,53.866071701049805,174.91886816703482
dgn_qmix__N4__ring__seed3,dgn_qmix,coord_grid,3,4059,101500,40.0,25,0.19646624999999995,6.25521856546402,44.07887999216715,174.96309533400927
dgn_qmix__N4__ring__seed3,dgn_qmix,coord_grid,3,4060,101525,44.0,25,0.19626833333333338,8.192357139928001,51.45432254246303,175.01308825000888
dgn_qmix__N4__ring__seed3,dgn_qmix,coord_grid,3,4061,101550,51.0,25,0.1960704166666667,5.755979200204213,77.190660794576,175.05764200002886
dgn_qmix__N4__ring__seed3,dgn_qmix,coord_grid,3,4062,101575,77.0,25,0.1958725,7.83668793241183,65.49768352508545,175.1000320839812
dgn_qmix__N4__ring__seed3,dgn_qmix,coord_grid,3,4063,101600,54.0,25,0.19567458333333343,6.341491023699443,63.19074630737305,175.1439420839888
dgn_qmix__N4__ring__seed3,dgn_qmix,coord_grid,3,4064,101625,52.0,25,0.19547666666666674,6.913345660482134,91.66388729640416,175.1913679590216
dgn_qmix__N4__ring__seed3,dgn_qmix,coord_grid,3,4065,101650,41.0,25,0.19527875000000006,5.119916379451752,61.59452438354492,175.23423595901113
dgn_qmix__N4__ring__seed3,dgn_qmix,coord_grid,3,4066,101675,60.0,25,0.19508083333333337,8.936146835486094,87.76281420389812,175.27757604198996
dgn_qmix__N4__ring__seed3,dgn_qmix,coord_grid,3,4067,101700,62.0,25,0.19488291666666668,6.409571836392085,62.21630732218424,175.3208708750317
dgn_qmix__N4__ring__seed3,dgn_qmix,coord_grid,3,4068,101725,52.0,25,0.194685,8.99674985238484,58.54048647199358,175.37028670898871
dgn_qmix__N4__ring__seed3,dgn_qmix,coord_grid,3,4069,101750,64.0,25,0.1944870833333333,7.214723249276479,59.78664302825928,175.41369741701055
dgn_qmix__N4__ring__seed3,dgn_qmix,coord_grid,3,4070,101775,67.0,25,0.19428916666666673,10.098815302054087,31.541879336039226,175.45866941701388
dgn_qmix__N4__ring__seed3,dgn_qmix,coord_grid,3,4071,101800,74.0,25,0.19409125000000005,7.1895361840724945,78.58493359883626,175.50258787500206
dgn_qmix__N4__ring__seed3,dgn_qmix,coord_grid,3,4072,101825,46.0,25,0.19389333333333336,12.635406562260219,88.55449404035296,175.55102512502344
dgn_qmix__N4__ring__seed3,dgn_qmix,coord_grid,3,4073,101850,56.0,25,0.1936954166666668,5.218919118245442,88.39204088846843,175.59524887503358
dgn_qmix__N4__ring__seed3,dgn_qmix,coord_grid,3,4074,101875,33.0,25,0.1934975000000001,4.959767242272695,49.219727516174316,175.6386409170227
dgn_qmix__N4__ring__seed3,dgn_qmix,coord_grid,3,4075,101900,62.0,25,0.1932995833333333,5.044134696324666,54.50518385569254,175.68163345899666
dgn_qmix__N4__ring__seed3,dgn_qmix,coord_grid,3,4076,101925,51.0,25,0.19310166666666662,5.924529535429818,85.42680140904018,175.73117345903302
dgn_qmix__N4__ring__seed3,dgn_qmix,coord_grid,3,4077,101950,40.0,25,0.19290375000000004,5.178704659144084,51.198196729024254,175.7768742920016
dgn_qmix__N4__ring__seed3,dgn_qmix,coord_grid,3,4078,101975,45.0,25,0.19270583333333335,8.958195974429449,45.17958482106527,175.8198181670159
dgn_qmix__N4__ring__seed3,dgn_qmix,coord_grid,3,4079,102000,57.0,25,0.19250791666666667,6.609601676464081,48.255958239237465,175.86327166698175
dgn_qmix__N4__ring__seed3,dgn_qmix,coord_grid,3,4080,102025,65.0,25,0.1923100000000001,7.279837642397199,41.07907812935965,175.91151762503432
dgn_qmix__N4__ring__seed3,dgn_qmix,coord_grid,3,4081,102050,58.0,25,0.1921120833333334,5.745261967182159,63.321022033691406,175.9556074590073
dgn_qmix__N4__ring__seed3,dgn_qmix,coord_grid,3,4082,102075,59.0,25,0.19191416666666672,7.9588356812795,54.120527267456055,175.9987697500037
dgn_qmix__N4__ring__seed3,dgn_qmix,coord_grid,3,4083,102100,47.0,25,0.19171625000000003,7.182578980922699,37.790550231933594,176.04327529203147
dgn_qmix__N4__ring__seed3,dgn_qmix,coord_grid,3,4084,102125,55.0,25,0.19151833333333335,9.797303812844413,44.62850488935198,176.09455350000644
dgn_qmix__N4__ring__seed3,dgn_qmix,coord_grid,3,4085,102150,71.0,25,0.19132041666666666,7.961497664451599,39.27872562408447,176.14050154201686
dgn_qmix__N4__ring__seed3,dgn_qmix,coord_grid,3,4086,102175,69.0,25,0.19112249999999997,8.161132653554281,44.64911365509033,176.18738466699142
dgn_qmix__N4__ring__seed3,dgn_qmix,coord_grid,3,4087,102200,67.0,25,0.1909245833333334,7.401457975308101,72.06233342488606,176.23211074998835
dgn_qmix__N4__ring__seed3,dgn_qmix,coord_grid,3,4088,102225,58.0,25,0.1907266666666667,9.767952237810407,56.785391671316965,176.28235512500396
dgn_qmix__N4__ring__seed3,dgn_qmix,coord_grid,3,4089,102250,60.0,25,0.19052875000000002,8.733943859736124,57.47175312042236,176.32753541698912
dgn_qmix__N4__ring__seed3,dgn_qmix,coord_grid,3,4090,102275,43.0,25,0.19033083333333345,9.671348730723063,57.11732133229574,176.37127033399884
dgn_qmix__N4__ring__seed3,dgn_qmix,coord_grid,3,4091,102300,51.0,25,0.19013291666666676,4.858608057101567,45.172707875569664,176.41619170899503
dgn_qmix__N4__ring__seed3,dgn_qmix,coord_grid,3,4092,102325,49.0,25,0.18993500000000008,6.923839024135044,34.69845608302525,176.46630141703645
dgn_qmix__N4__ring__seed3,dgn_qmix,coord_grid,3,4093,102350,74.0,25,0.18973708333333328,10.228101829687754,44.832395235697426,176.5113997500157
dgn_qmix__N4__ring__seed3,dgn_qmix,coord_grid,3,4094,102375,71.0,25,0.1895391666666667,5.60203343629837,37.333573977152504,176.55571975000203
dgn_qmix__N4__ring__seed3,dgn_qmix,coord_grid,3,4095,102400,64.0,25,0.18934125000000002,7.176096002260844,40.012638092041016,176.60086750000482
dgn_qmix__N4__ring__seed3,dgn_qmix,coord_grid,3,4096,102425,64.0,25,0.18914333333333333,7.309470704623631,70.28527886526925,176.65128391701728
dgn_qmix__N4__ring__seed3,dgn_qmix,coord_grid,3,4097,102450,54.0,25,0.18894541666666675,8.444078842798868,44.1581335067749,176.69745637499727
dgn_qmix__N4__ring__seed3,dgn_qmix,coord_grid,3,4098,102475,58.0,25,0.18874750000000007,4.2896714607874555,41.98180230458578,176.74425854202127
dgn_qmix__N4__ring__seed3,dgn_qmix,coord_grid,3,4099,102500,71.0,25,0.18854958333333338,10.723953167597452,85.35557047526042,176.78876191703603
dgn_qmix__N4__ring__seed3,dgn_qmix,coord_grid,3,4100,102525,65.0,25,0.1883516666666667,5.915558440344674,62.073302677699495,176.83960900001694
dgn_qmix__N4__ring__seed3,dgn_qmix,coord_grid,3,4101,102550,52.0,25,0.18815375,8.203744729359945,47.673953692118324,176.88508475001436
dgn_qmix__N4__ring__seed3,dgn_qmix,coord_grid,3,4102,102575,52.0,25,0.18795583333333332,12.595871448516846,43.908791859944664,176.92906308401143
dgn_qmix__N4__ring__seed3,dgn_qmix,coord_grid,3,4103,102600,63.0,25,0.18775791666666664,9.729837656021118,62.45496145884196,176.97303341701627
dgn_qmix__N4__ring__seed3,dgn_qmix,coord_grid,3,4104,102625,29.0,25,0.18756000000000006,3.80162136895316,102.97692980085101,177.02559362503234
dgn_qmix__N4__ring__seed3,dgn_qmix,coord_grid,3,4105,102650,56.0,25,0.18736208333333337,9.286785364151001,101.80913352966309,177.07154108403483
dgn_qmix__N4__ring__seed3,dgn_qmix,coord_grid,3,4106,102675,69.0,25,0.1871641666666667,4.584839850664139,114.26779683430989,177.11677412502468
dgn_qmix__N4__ring__seed3,dgn_qmix,coord_grid,3,4107,102700,59.0,25,0.1869662500000001,5.462398111820221,109.10455830891927,177.16225933399983
dgn_qmix__N4__ring__seed3,dgn_qmix,coord_grid,3,4108,102725,63.0,25,0.18676833333333343,4.110318303108215,102.63709095546177,177.21221362502547
dgn_qmix__N4__ring__seed3,dgn_qmix,coord_grid,3,4109,102750,68.0,25,0.18657041666666674,5.158152401447296,79.86408583323161,177.25689499999862
dgn_qmix__N4__ring__seed3,dgn_qmix,coord_grid,3,4110,102775,64.0,25,0.18637249999999994,5.834080497423808,56.39274597167969,177.30149862502003
dgn_qmix__N4__ring__seed3,dgn_qmix,coord_grid,3,4111,102800,56.0,25,0.18617458333333337,6.737821718056996,61.44649569193522,177.3502065000357
dgn_qmix__N4__ring__seed3,dgn_qmix,coord_grid,3,4112,102825,67.0,25,0.18597666666666668,4.032550351960318,72.22935567583356,177.40584916702937
dgn_qmix__N4__ring__seed3,dgn_qmix,coord_grid,3,4113,102850,71.0,25,0.18577875,8.120142459869385,89.97105916341145,177.4517629169859
dgn_qmix__N4__ring__seed3,dgn_qmix,coord_grid,3,4114,102875,45.0,25,0.18558083333333342,5.936957756678264,49.94428221384684,177.49679854203714
dgn_qmix__N4__ring__seed3,dgn_qmix,coord_grid,3,4115,102900,53.0,25,0.18538291666666673,6.607736945152283,56.57310231526693,177.54089175001718
dgn_qmix__N4__ring__seed3,dgn_qmix,coord_grid,3,4116,102925,43.0,25,0.18518500000000004,7.831557886941092,46.95354052952358,177.58923670899821
dgn_qmix__N4__ring__seed3,dgn_qmix,coord_grid,3,4117,102950,77.0,25,0.18498708333333336,4.270833224058151,64.12487125396729,177.63649216701742
dgn_qmix__N4__ring__seed3,dgn_qmix,coord_grid,3,4118,102975,45.0,25,0.18478916666666678,7.271929015715917,57.14968744913737,177.68232875003014
dgn_qmix__N4__ring__seed3,dgn_qmix,coord_grid,3,4119,103000,57.0,25,0.18459124999999998,7.448593219121297,35.24022960662842,177.72792174998904
dgn_qmix__N4__ring__seed3,dgn_qmix,coord_grid,3,4120,103025,56.0,25,0.1843933333333333,3.768823649202074,59.29040254865374,177.77808245900087
dgn_qmix__N4__ring__seed3,dgn_qmix,coord_grid,3,4121,103050,55.0,25,0.18419541666666672,5.066065013408661,31.862166086832683,177.82316770899342
dgn_qmix__N4__ring__seed3,dgn_qmix,coord_grid,3,4122,103075,38.0,25,0.18399750000000004,5.768707752227783,44.86892795562744,177.86652929201955
dgn_qmix__N4__ring__seed3,dgn_qmix,coord_grid,3,4123,103100,49.0,25,0.18379958333333335,5.746783395608266,38.390795389811196,177.9122863340308
dgn_qmix__N4__ring__seed3,dgn_qmix,coord_grid,3,4124,103125,62.0,25,0.18360166666666677,3.732180723122188,39.68375178745815,177.9639941669884
dgn_qmix__N4__ring__seed3,dgn_qmix,coord_grid,3,4125,103150,54.0,25,0.1834037500000001,2.7433544993400574,41.44497013092041,178.01148816698696
dgn_qmix__N4__ring__seed3,dgn_qmix,coord_grid,3,4126,103175,68.0,25,0.1832058333333334,9.621187488238016,38.66635036468506,178.0564222090179
dgn_qmix__N4__ring__seed3,dgn_qmix,coord_grid,3,4127,103200,73.0,25,0.18300791666666671,3.5112081269423165,52.09395249684652,178.10252337501151
dgn_qmix__N4__ring__seed3,dgn_qmix,coord_grid,3,4128,103225,76.0,25,0.18281000000000003,7.25044504233769,66.0416897365025,178.1526513340068
dgn_qmix__N4__ring__seed3,dgn_qmix,coord_grid,3,4129,103250,59.0,25,0.18261208333333334,5.710627218087514,67.44106896718343,178.19746104202932
dgn_qmix__N4__ring__seed3,dgn_qmix,coord_grid,3,4130,103275,47.0,25,0.18241416666666666,8.029647727807363,44.54026826222738,178.2454254589975
dgn_qmix__N4__ring__seed3,dgn_qmix,coord_grid,3,4131,103300,73.0,25,0.18221625000000008,5.202057401339213,43.553669929504395,178.28934537502937
dgn_qmix__N4__ring__seed3,dgn_qmix,coord_grid,3,4132,103325,62.0,25,0.1820183333333334,10.102020910808019,90.76832580566406,178.3394620839972
dgn_qmix__N4__ring__seed3,dgn_qmix,coord_grid,3,4133,103350,64.0,25,0.1818204166666667,8.887390891710917,50.12804635365804,178.3844688340323
dgn_qmix__N4__ring__seed3,dgn_qmix,coord_grid,3,4134,103375,66.0,25,0.18162250000000002,7.479848166306813,50.04535166422526,178.42937358398922
dgn_qmix__N4__ring__seed3,dgn_qmix,coord_grid,3,4135,103400,47.0,25,0.18142458333333344,9.727479616800943,45.82535489400228,178.4738205000176
dgn_qmix__N4__ring__seed3,dgn_qmix,coord_grid,3,4136,103425,62.0,25,0.18122666666666665,7.0641297953469415,120.29980414254325,178.5244108340121
dgn_qmix__N4__ring__seed3,dgn_qmix,coord_grid,3,4137,103450,69.0,25,0.18102874999999996,8.527139862378439,94.59696578979492,178.56854995898902
dgn_qmix__N4__ring__seed3,dgn_qmix,coord_grid,3,4138,103475,54.0,25,0.18083083333333339,9.91844618320465,96.91689427693684,178.61422287498135
dgn_qmix__N4__ring__seed3,dgn_qmix,coord_grid,3,4139,103500,58.0,25,0.1806329166666667,5.241279462973277,70.26722462972005,178.65897329198197
dgn_qmix__N4__ring__seed3,dgn_qmix,coord_grid,3,4140,103525,63.0,25,0.180435,4.413715056010655,53.361485617501394,178.70844533399213
dgn_qmix__N4__ring__seed3,dgn_qmix,coord_grid,3,4141,103550,69.0,25,0.18023708333333333,9.036215345064798,38.03164863586426,178.75174383400008
dgn_qmix__N4__ring__seed3,dgn_qmix,coord_grid,3,4142,103575,57.0,25,0.18003916666666675,7.600568930308024,69.96538639068604,178.7958765840158
dgn_qmix__N4__ring__seed3,dgn_qmix,coord_grid,3,4143,103600,65.0,25,0.17984125000000006,10.517276068528494,44.96853892008463,178.8397588750231
dgn_qmix__N4__ring__seed3,dgn_qmix,coord_grid,3,4144,103625,51.0,25,0.17964333333333338,7.318448952266148,55.503709520612446,178.88934408401838
dgn_qmix__N4__ring__seed3,dgn_qmix,coord_grid,3,4145,103650,80.0,25,0.1794454166666667,6.771656394004822,42.01134936014811,178.93352945899824
dgn_qmix__N4__ring__seed3,dgn_qmix,coord_grid,3,4146,103675,73.0,25,0.1792475,4.359642585118611,39.90970198313395,178.97749916702742
dgn_qmix__N4__ring__seed3,dgn_qmix,coord_grid,3,4147,103700,48.0,25,0.17904958333333332,7.6114851633707685,73.44297281901042,179.0211433750228
dgn_qmix__N4__ring__seed3,dgn_qmix,coord_grid,3,4148,103725,67.0,25,0.17885166666666674,7.637291635785784,56.67812592642648,179.07031816698145
dgn_qmix__N4__ring__seed3,dgn_qmix,coord_grid,3,4149,103750,55.0,25,0.17865375000000006,6.9007673263549805,64.53458722432454,179.11358333402313
dgn_qmix__N4__ring__seed3,dgn_qmix,coord_grid,3,4150,103775,69.0,25,0.17845583333333337,3.7053372263908386,41.35371843973795,179.15791208401788
dgn_qmix__N4__ring__seed3,dgn_qmix,coord_grid,3,4151,103800,65.0,25,0.17825791666666668,8.205900311470032,60.47022342681885,179.20219224999892
dgn_qmix__N4__ring__seed3,dgn_qmix,coord_grid,3,4152,103825,51.0,25,0.1780600000000001,10.292363916124616,48.93018341064453,179.25111958401976
dgn_qmix__N4__ring__seed3,dgn_qmix,coord_grid,3,4153,103850,69.0,25,0.17786208333333342,7.352095504601796,53.28723430633545,179.29493050003657
dgn_qmix__N4__ring__seed3,dgn_qmix,coord_grid,3,4154,103875,59.0,25,0.17766416666666662,11.36122719446818,53.12769412994385,179.33839879202424
dgn_qmix__N4__ring__seed3,dgn_qmix,coord_grid,3,4155,103900,63.0,25,0.17746625000000005,4.400446812311809,70.1197141011556,179.38251383398892
dgn_qmix__N4__ring__seed3,dgn_qmix,coord_grid,3,4156,103925,64.0,25,0.17726833333333336,4.489374680178506,37.46983364650181,179.43169170903275
dgn_qmix__N4__ring__seed3,dgn_qmix,coord_grid,3,4157,103950,66.0,25,0.17707041666666667,12.354950825373331,79.0751558939616,179.47526095900685
dgn_qmix__N4__ring__seed3,dgn_qmix,coord_grid,3,4158,103975,59.0,25,0.1768725,7.682112693786621,91.49044863382976,179.51881500001764
dgn_qmix__N4__ring__seed3,dgn_qmix,coord_grid,3,4159,104000,30.0,25,0.1766745833333334,6.1848291754722595,69.27859020233154,179.56260562501848
dgn_qmix__N4__ring__seed3,dgn_qmix,coord_grid,3,4160,104025,40.0,25,0.17647666666666673,7.233854481152126,71.42511940002441,179.61036270903423
dgn_qmix__N4__ring__seed3,dgn_qmix,coord_grid,3,4161,104050,78.0,25,0.17627875000000004,11.268084208170572,49.19903882344564,179.65469316701638
dgn_qmix__N4__ring__seed3,dgn_qmix,coord_grid,3,4162,104075,43.0,25,0.17608083333333335,7.535248239835103,51.40018177032471,179.69929895899259
dgn_qmix__N4__ring__seed3,dgn_qmix,coord_grid,3,4163,104100,53.0,25,0.17588291666666667,5.806029876073201,65.01811250050862,179.74303766700905
dgn_qmix__N4__ring__seed3,dgn_qmix,coord_grid,3,4164,104125,55.0,25,0.17568499999999998,7.988160286630903,69.06550325666156,179.79267241701018
dgn_qmix__N4__ring__seed3,dgn_qmix,coord_grid,3,4165,104150,66.0,25,0.1754870833333334,7.567592700322469,86.92652765909831,179.8373113340349
dgn_qmix__N4__ring__seed3,dgn_qmix,coord_grid,3,4166,104175,56.0,25,0.17528916666666672,7.579954504966736,69.887313524882,179.88080645899754
dgn_qmix__N4__ring__seed3,dgn_qmix,coord_grid,3,4167,104200,69.0,25,0.17509125000000003,8.392626285552979,72.93622970581055,179.92518158402527
dgn_qmix__N4__ring__seed3,dgn_qmix,coord_grid,3,4168,104225,55.0,25,0.17489333333333335,9.860465083803449,106.09862627301898,179.97430929198163
dgn_qmix__N4__ring__seed3,dgn_qmix,coord_grid,3,4169,104250,45.0,25,0.17469541666666677,9.418188611666361,82.62728563944499,180.01903795899125
dgn_qmix__N4__ring__seed3,dgn_qmix,coord_grid,3,4170,104275,60.0,25,0.17449750000000008,5.503991186618805,108.18437194824219,180.06307416700292
dgn_qmix__N4__ring__seed3,dgn_qmix,coord_grid,3,4171,104300,72.0,25,0.17429958333333329,8.762108941872915,112.20302740732829,180.1073004170321
dgn_qmix__N4__ring__seed3,dgn_qmix,coord_grid,3,4172,104325,71.0,25,0.1741016666666667,7.513459358896528,85.44406754629952,180.15582870901562
dgn_qmix__N4__ring__seed3,dgn_qmix,coord_grid,3,4173,104350,51.0,25,0.17390375000000002,7.477826078732808,58.15684096018473,180.1988595839939
dgn_qmix__N4__ring__seed3,dgn_qmix,coord_grid,3,4174,104375,41.0,25,0.17370583333333334,7.634271403153737,51.54617500305176,180.24304187501548
dgn_qmix__N4__ring__seed3,dgn_qmix,coord_grid,3,4175,104400,68.0,25,0.17350791666666665,8.447473724683126,77.73167610168457,180.28621562500484
dgn_qmix__N4__ring__seed3,dgn_qmix,coord_grid,3,4176,104425,61.0,25,0.17331000000000008,8.820899452481951,38.06860160827637,180.33581912500085
dgn_qmix__N4__ring__seed3,dgn_qmix,coord_grid,3,4177,104450,50.0,25,0.1731120833333334,10.029947896798452,78.70228068033855,180.3805011670338
dgn_qmix__N4__ring__seed3,dgn_qmix,coord_grid,3,4178,104475,63.0,25,0.1729141666666667,4.591164390246074,103.08071009318034,180.4244460419868
dgn_qmix__N4__ring__seed3,dgn_qmix,coord_grid,3,4179,104500,60.0,25,0.17271625000000013,7.6947398980458575,85.01828829447429,180.4688943339861
dgn_qmix__N4__ring__seed3,dgn_qmix,coord_grid,3,4180,104525,77.0,25,0.17251833333333333,8.908273560660225,89.85092326572963,180.51881037501153
dgn_qmix__N4__ring__seed3,dgn_qmix,coord_grid,3,4181,104550,63.0,25,0.17232041666666664,6.162044684092204,93.07012589772542,180.56293225003174
dgn_qmix__N4__ring__seed3,dgn_qmix,coord_grid,3,4182,104575,76.0,25,0.17212250000000007,13.168148557345072,83.69874000549316,180.60621441702824
dgn_qmix__N4__ring__seed3,dgn_qmix,coord_grid,3,4183,104600,58.0,25,0.17192458333333338,7.697550932566325,101.70464483896892,180.6504206249956
dgn_qmix__N4__ring__seed3,dgn_qmix,coord_grid,3,4184,104625,79.0,25,0.1717266666666667,9.613909908703395,84.10615539550781,180.69966837501852
dgn_qmix__N4__ring__seed3,dgn_qmix,coord_grid,3,4185,104650,49.0,25,0.17152875,7.0028072992960615,106.08613522847493,180.74335608398542
dgn_qmix__N4__ring__seed3,dgn_qmix,coord_grid,3,4186,104675,38.0,25,0.17133083333333343,9.534674247105917,86.03582127888997,180.78765237500193
dgn_qmix__N4__ring__seed3,dgn_qmix,coord_grid,3,4187,104700,22.0,25,0.17113291666666675,10.487590312957764,72.21812502543132,180.83083204203285
dgn_qmix__N4__ring__seed3,dgn_qmix,coord_grid,3,4188,104725,58.0,25,0.17093500000000006,10.61993932723999,68.680422101702,180.88020212500123
dgn_qmix__N4__ring__seed3,dgn_qmix,coord_grid,3,4189,104750,54.0,25,0.17073708333333337,9.047632366418839,34.7097749710083,180.92404508398613
dgn_qmix__N4__ring__seed3,dgn_qmix,coord_grid,3,4190,104775,55.0,25,0.17053916666666669,4.233806828657786,40.40236949920654,180.96744704199955
dgn_qmix__N4__ring__seed3,dgn_qmix,coord_grid,3,4191,104800,64.0,25,0.17034125,8.215253492196402,83.11723709106445,181.0119929590146
dgn_qmix__N4__ring__seed3,dgn_qmix,coord_grid,3,4192,104825,74.0,25,0.1701433333333333,8.194097808429174,101.38243647984096,181.06096037500538
dgn_qmix__N4__ring__seed3,dgn_qmix,coord_grid,3,4193,104850,28.0,25,0.16994541666666674,8.428251584370932,58.07270812988281,181.1042711249902
dgn_qmix__N4__ring__seed3,dgn_qmix,coord_grid,3,4194,104875,61.0,25,0.16974750000000005,15.646785974502563,47.293059984842934,181.14765466703102
dgn_qmix__N4__ring__seed3,dgn_qmix,coord_grid,3,4195,104900,55.0,25,0.16954958333333336,7.448247989018758,61.16157786051432,181.19200495898258
dgn_qmix__N4__ring__seed3,dgn_qmix,coord_grid,3,4196,104925,70.0,25,0.1693516666666668,7.9497138772691995,68.96982983180455,181.24226675002137
dgn_qmix__N4__ring__seed3,dgn_qmix,coord_grid,3,4197,104950,63.0,25,0.16915375,7.461883286635081,63.06446965535482,181.28621200000634
dgn_qmix__N4__ring__seed3,dgn_qmix,coord_grid,3,4198,104975,56.0,25,0.1689558333333333,11.670351028442383,60.518093744913735,181.32971987500787
dgn_qmix__N4__ring__seed3,dgn_qmix,coord_grid,3,4199,105000,75.0,25,0.16875791666666673,11.737524847189585,85.38136990865071,181.37410404201364
dgn_qmix__N4__ring__seed3,dgn_qmix,coord_grid,3,4200,105025,54.0,25,0.16856000000000004,11.087074211665563,93.03108378819057,181.4233040420222
dgn_qmix__N4__ring__seed3,dgn_qmix,coord_grid,3,4201,105050,55.0,25,0.16836208333333336,5.261968771616618,95.39906946818034,181.46641645900672
dgn_qmix__N4__ring__seed3,dgn_qmix,coord_grid,3,4202,105075,31.0,25,0.16816416666666667,7.800515214602153,97.13393020629883,181.50979516701773
dgn_qmix__N4__ring__seed3,dgn_qmix,coord_grid,3,4203,105100,46.0,25,0.1679662500000001,8.069238046805063,103.35373179117839,181.5543222920387
dgn_qmix__N4__ring__seed3,dgn_qmix,coord_grid,3,4204,105125,59.0,25,0.1677683333333334,8.672713824680873,112.01976639883858,181.60286924999673
dgn_qmix__N4__ring__seed3,dgn_qmix,coord_grid,3,4205,105150,57.0,25,0.16757041666666672,8.594833294550577,69.20436477661133,181.6465254590148
dgn_qmix__N4__ring__seed3,dgn_qmix,coord_grid,3,4206,105175,65.0,25,0.16737250000000004,9.198393861452738,45.95350329081217,181.69056225003442
dgn_qmix__N4__ring__seed3,dgn_qmix,coord_grid,3,4207,105200,41.0,25,0.16717458333333335,8.497601310412088,86.01054191589355,181.7341185840196
dgn_qmix__N4__ring__seed3,dgn_qmix,coord_grid,3,4208,105225,54.0,25,0.16697666666666666,7.756548881530762,42.33108493259975,181.78297691699117
dgn_qmix__N4__ring__seed3,dgn_qmix,coord_grid,3,4209,105250,61.0,25,0.16677874999999998,7.896416087945302,57.430373191833496,181.82805404200917
dgn_qmix__N4__ring__seed3,dgn_qmix,coord_grid,3,4210,105275,62.0,25,0.1665808333333334,7.522865792115529,52.455984115600586,181.8727027500281
dgn_qmix__N4__ring__seed3,dgn_qmix,coord_grid,3,4211,105300,64.0,25,0.1663829166666667,10.383021116256714,60.17494901021322,181.9186417920282
dgn_qmix__N4__ring__seed3,dgn_qmix,coord_grid,3,4212,105325,73.0,25,0.16618500000000003,5.420355609485081,43.789175033569336,181.967981875001
dgn_qmix__N4__ring__seed3,dgn_qmix,coord_grid,3,4213,105350,52.0,25,0.16598708333333345,6.3306975563367205,35.91458288828532,182.01287720899563
dgn_qmix__N4__ring__seed3,dgn_qmix,coord_grid,3,4214,105375,62.0,25,0.16578916666666677,7.758379340171814,50.66734218597412,182.05613062501652
dgn_qmix__N4__ring__seed3,dgn_qmix,coord_grid,3,4215,105400,61.0,25,0.16559124999999997,2.8043157855669656,57.94823328653971,182.0997914589825
dgn_qmix__N4__ring__seed3,dgn_qmix,coord_grid,3,4216,105425,61.0,25,0.16539333333333328,5.969375303813389,50.71149362836565,182.14950658398448
dgn_qmix__N4__ring__seed3,dgn_qmix,coord_grid,3,4217,105450,64.0,25,0.1651954166666667,7.15386704603831,65.28763262430827,182.19315895903856
dgn_qmix__N4__ring__seed3,dgn_qmix,coord_grid,3,4218,105475,66.0,25,0.16499750000000002,4.264191438754399,49.95203240712484,182.23771650000708
dgn_qmix__N4__ring__seed3,dgn_qmix,coord_grid,3,4219,105500,61.0,25,0.16479958333333333,3.3696890572706857,48.10264587402344,182.28132595901843
dgn_qmix__N4__ring__seed3,dgn_qmix,coord_grid,3,4220,105525,67.0,25,0.16460166666666676,4.514623011861529,54.930756432669504,182.33219462499255
dgn_qmix__N4__ring__seed3,dgn_qmix,coord_grid,3,4221,105550,43.0,25,0.16440375000000007,8.843445936838785,83.13519255320232,182.37556479201885
dgn_qmix__N4__ring__seed3,dgn_qmix,coord_grid,3,4222,105575,69.0,25,0.16420583333333338,1.9846388598283131,69.17745717366536,182.42002137500094
dgn_qmix__N4__ring__seed3,dgn_qmix,coord_grid,3,4223,105600,57.0,25,0.1640079166666668,7.2315255999565125,49.36768341064453,182.4641039170092
dgn_qmix__N4__ring__seed3,dgn_qmix,coord_grid,3,4224,105625,36.0,25,0.16381,7.874747480664935,76.31195667811802,182.51473075000104
dgn_qmix__N4__ring__seed3,dgn_qmix,coord_grid,3,4225,105650,58.0,25,0.16361208333333332,6.184209783871968,73.26498858133952,182.55930299998727
dgn_qmix__N4__ring__seed3,dgn_qmix,coord_grid,3,4226,105675,18.0,25,0.16341416666666664,6.467938919862111,67.84212176005046,182.6033226249856
dgn_qmix__N4__ring__seed3,dgn_qmix,coord_grid,3,4227,105700,37.0,25,0.16321625000000006,6.678891539573669,75.92710240681966,182.64783945900854
dgn_qmix__N4__ring__seed3,dgn_qmix,coord_grid,3,4228,105725,61.0,25,0.16301833333333338,10.464373111724854,52.721068790980745,182.697437542025
dgn_qmix__N4__ring__seed3,dgn_qmix,coord_grid,3,4229,105750,21.0,25,0.1628204166666667,4.970895767211914,71.68778610229492,182.74126550002256
dgn_qmix__N4__ring__seed3,dgn_qmix,coord_grid,3,4230,105775,36.0,25,0.16262250000000011,4.728868722915649,78.18684927622478,182.7856892090058
dgn_qmix__N4__ring__seed3,dgn_qmix,coord_grid,3,4231,105800,24.0,25,0.16242458333333343,8.29031733671824,99.22692998250325,182.82950958400033
dgn_qmix__N4__ring__seed3,dgn_qmix,coord_grid,3,4232,105825,47.0,25,0.16222666666666674,9.516506944383893,117.09108788626534,182.8786304590176
dgn_qmix__N4__ring__seed3,dgn_qmix,coord_grid,3,4233,105850,67.0,25,0.16202874999999994,7.4938616553942365,84.37280209859212,182.92258870898513
dgn_qmix__N4__ring__seed3,dgn_qmix,coord_grid,3,4234,105875,70.0,25,0.16183083333333337,1.7317599455515544,67.06203206380208,182.96587845898466
dgn_qmix__N4__ring__seed3,dgn_qmix,coord_grid,3,4235,105900,62.0,25,0.16163291666666668,5.70027110973994,70.41904322306316,183.00943904201267
dgn_qmix__N4__ring__seed3,dgn_qmix,coord_grid,3,4236,105925,60.0,25,0.161435,5.6420427816254755,46.74781962803432,183.05869425000856
dgn_qmix__N4__ring__seed3,dgn_qmix,coord_grid,3,4237,105950,65.0,25,0.16123708333333342,4.916481097539266,41.13948472340902,183.10160366701894
dgn_qmix__N4__ring__seed3,dgn_qmix,coord_grid,3,4238,105975,55.0,25,0.16103916666666673,8.909152030944824,56.94325192769369,183.14464025001507
dgn_qmix__N4__ring__seed3,dgn_qmix,coord_grid,3,4239,106000,57.0,25,0.16084125000000005,5.73208353916804,57.69140942891439,183.18833012500545
dgn_qmix__N4__ring__seed3,dgn_qmix,coord_grid,3,4240,106025,79.0,25,0.16064333333333347,6.9798529999596735,47.10815347943987,183.2372843340272
dgn_qmix__N4__ring__seed3,dgn_qmix,coord_grid,3,4241,106050,59.0,25,0.16044541666666667,4.9856356879075365,50.08710734049479,183.28068875003373
dgn_qmix__N4__ring__seed3,dgn_qmix,coord_grid,3,4242,106075,47.0,25,0.1602475,8.829040129979452,53.12776184082031,183.32393850001972
dgn_qmix__N4__ring__seed3,dgn_qmix,coord_grid,3,4243,106100,68.0,25,0.1600495833333333,4.183557639519374,66.06149546305339,183.36769620899577
dgn_qmix__N4__ring__seed3,dgn_qmix,coord_grid,3,4244,106125,68.0,25,0.15985166666666673,7.766019736017499,42.44354438781738,183.41522433399223
dgn_qmix__N4__ring__seed3,dgn_qmix,coord_grid,3,4245,106150,62.0,25,0.15965375000000004,9.120625019073486,42.57572333017985,183.45957212499343
dgn_qmix__N4__ring__seed3,dgn_qmix,coord_grid,3,4246,106175,53.0,25,0.15945583333333335,6.816239674886067,80.10635153452556,183.50252395903226
dgn_qmix__N4__ring__seed3,dgn_qmix,coord_grid,3,4247,106200,50.0,25,0.15925791666666678,11.377689262231192,51.63195323944092,183.54654741700506
dgn_qmix__N4__ring__seed3,dgn_qmix,coord_grid,3,4248,106225,54.0,25,0.1590600000000001,9.8588148355484,42.100602286202566,183.59462016698672
dgn_qmix__N4__ring__seed3,dgn_qmix,coord_grid,3,4249,106250,68.0,25,0.1588620833333334,7.2890731493632,51.02457777659098,183.63908699998865
dgn_qmix__N4__ring__seed3,dgn_qmix,coord_grid,3,4250,106275,70.0,25,0.1586641666666666,7.597927570343018,62.62903086344401,183.68348337500356
dgn_qmix__N4__ring__seed3,dgn_qmix,coord_grid,3,4251,106300,54.0,25,0.15846625000000003,8.272108475367228,57.942094484965004,183.72703729203204
dgn_qmix__N4__ring__seed3,dgn_qmix,coord_grid,3,4252,106325,73.0,25,0.15826833333333334,5.658662123339517,62.70781326293945,183.77644179202616
dgn_qmix__N4__ring__seed3,dgn_qmix,coord_grid,3,4253,106350,63.0,25,0.15807041666666666,8.146422942479452,56.1673158009847,183.81995391700184
dgn_qmix__N4__ring__seed3,dgn_qmix,coord_grid,3,4254,106375,24.0,25,0.15787250000000008,3.9985976219177246,55.52119541168213,183.8637182500097
dgn_qmix__N4__ring__seed3,dgn_qmix,coord_grid,3,4255,106400,66.0,25,0.1576745833333334,6.683914015690486,58.947720209757485,183.90760441700695
dgn_qmix__N4__ring__seed3,dgn_qmix,coord_grid,3,4256,106425,61.0,25,0.1574766666666667,7.479548028537205,118.3729659489223,183.95666158403037
dgn_qmix__N4__ring__seed3,dgn_qmix,coord_grid,3,4257,106450,21.0,25,0.15727875000000013,9.11255399386088,95.27877744038899,184.0008517500246
dgn_qmix__N4__ring__seed3,dgn_qmix,coord_grid,3,4258,106475,61.0,25,0.15708083333333345,4.9985861877600355,69.76891644795735,184.04418908403022
dgn_qmix__N4__ring__seed3,dgn_qmix,coord_grid,3,4259,106500,58.0,25,0.15688291666666665,6.649004777272542,84.99976921081543,184.08813037502114
dgn_qmix__N4__ring__seed3,dgn_qmix,coord_grid,3,4260,106525,50.0,25,0.15668499999999996,9.866469076701573,63.250725337437224,184.13634808402276
dgn_qmix__N4__ring__seed3,dgn_qmix,coord_grid,3,4261,106550,60.0,25,0.1564870833333334,10.502923876047134,57.15983454386393,184.1796535840258
dgn_qmix__N4__ring__seed3,dgn_qmix,coord_grid,3,4262,106575,50.0,25,0.1562891666666667,6.470557361841202,57.24460315704346,184.2239725840045
dgn_qmix__N4__ring__seed3,dgn_qmix,coord_grid,3,4263,106600,77.0,25,0.15609125000000001,7.280016740163167,50.95903650919596,184.26750900002662
dgn_qmix__N4__ring__seed3,dgn_qmix,coord_grid,3,4264,106625,50.0,25,0.15589333333333344,7.9848490953445435,69.23690577915737,184.31597033399157
dgn_qmix__N4__ring__seed3,dgn_qmix,coord_grid,3,4265,106650,58.0,25,0.15569541666666675,9.103347142537435,72.58083883921306,184.35978204198182
dgn_qmix__N4__ring__seed3,dgn_qmix,coord_grid,3,4266,106675,63.0,25,0.15549750000000007,9.170767446359,88.06262461344402,184.40387670899509
dgn_qmix__N4__ring__seed3,dgn_qmix,coord_grid,3,4267,106700,81.0,25,0.15529958333333338,10.005880435307821,55.02864360809326,184.44811308401404
dgn_qmix__N4__ring__seed3,dgn_qmix,coord_grid,3,4268,106725,34.0,25,0.1551016666666667,6.35418895312718,52.58584540230887,184.49709700001404
dgn_qmix__N4__ring__seed3,dgn_qmix,coord_grid,3,4269,106750,60.0,25,0.15490375,7.271066764990489,37.527003606160484,184.5409048750298
dgn_qmix__N4__ring__seed3,dgn_qmix,coord_grid,3,4270,106775,54.0,25,0.15470583333333332,7.346681535243988,58.35160764058431,184.5841403750237
dgn_qmix__N4__ring__seed3,dgn_qmix,coord_grid,3,4271,106800,63.0,25,0.15450791666666674,7.4111436406771345,43.070976893107094,184.62860491703032
dgn_qmix__N4__ring__seed3,dgn_qmix,coord_grid,3,4272,106825,79.0,25,0.15431000000000006,6.279965170792171,51.37662778581892,184.67774845898384
dgn_qmix__N4__ring__seed3,dgn_qmix,coord_grid,3,4273,106850,45.0,25,0.15411208333333337,8.140503933032354,73.19303894042969,184.72098633402493
dgn_qmix__N4__ring__seed3,dgn_qmix,coord_grid,3,4274,106875,63.0,25,0.1539141666666668,9.252073268095652,87.01025358835857,184.76479383400874
dgn_qmix__N4__ring__seed3,dgn_qmix,coord_grid,3,4275,106900,78.0,25,0.1537162500000001,4.506767829259236,105.56111939748128,184.80834358400898
dgn_qmix__N4__ring__seed3,dgn_qmix,coord_grid,3,4276,106925,47.0,25,0.1535183333333333,5.986760037285941,89.60949189322335,184.85767820902402
dgn_qmix__N4__ring__seed3,dgn_qmix,coord_grid,3,4277,106950,81.0,25,0.15332041666666663,6.7254847685496015,71.12206077575684,184.90110462502344
dgn_qmix__N4__ring__seed3,dgn_qmix,coord_grid,3,4278,106975,67.0,25,0.15312250000000005,8.297043442726135,73.31590588887532,184.94570870901225
dgn_qmix__N4__ring__seed3,dgn_qmix,coord_grid,3,4279,107000,64.0,25,0.15292458333333336,10.655333995819092,66.52767117818196,184.98944483400555
dgn_qmix__N4__ring__seed3,dgn_qmix,coord_grid,3,4280,107025,50.0,25,0.15272666666666668,5.051817238330841,74.18636866978237,185.03854616702301
dgn_qmix__N4__ring__seed3,dgn_qmix,coord_grid,3,4281,107050,49.0,25,0.1525287500000001,4.2308283050855,95.80735778808594,185.08241787500447
dgn_qmix__N4__ring__seed3,dgn_qmix,coord_grid,3,4282,107075,71.0,25,0.15233083333333342,4.553232828776042,121.3503983815511,185.12604283401743
dgn_qmix__N4__ring__seed3,dgn_qmix,coord_grid,3,4283,107100,57.0,25,0.15213291666666673,7.899495432774226,140.1526788075765,185.16907674999675
dgn_qmix__N4__ring__seed3,dgn_qmix,coord_grid,3,4284,107125,53.0,25,0.15193500000000004,6.991858448301043,57.5891295841762,185.21783187502297
dgn_qmix__N4__ring__seed3,dgn_qmix,coord_grid,3,4285,107150,64.0,25,0.15173708333333336,12.423186302185059,75.83396021525066,185.26158095902065
dgn_qmix__N4__ring__seed3,dgn_qmix,coord_grid,3,4286,107175,40.0,25,0.15153916666666667,8.975235412518183,81.8106034596761,185.30537112499587
dgn_qmix__N4__ring__seed3,dgn_qmix,coord_grid,3,4287,107200,68.0,25,0.15134124999999998,6.5147088666756945,53.09864616394043,185.34866920899367
dgn_qmix__N4__ring__seed3,dgn_qmix,coord_grid,3,4288,107225,66.0,25,0.1511433333333334,4.913704029151371,50.436866760253906,185.3965210840106
dgn_qmix__N4__ring__seed3,dgn_qmix,coord_grid,3,4289,107250,67.0,25,0.15094541666666672,5.863419016202291,70.8057352701823,185.4398495000205
dgn_qmix__N4__ring__seed3,dgn_qmix,coord_grid,3,4290,107275,58.0,25,0.15074750000000003,5.012869427601497,61.61660226186117,185.48406520899152
dgn_qmix__N4__ring__seed3,dgn_qmix,coord_grid,3,4291,107300,78.0,25,0.15054958333333335,3.282371938228607,45.71981970469157,185.52753779198974
dgn_qmix__N4__ring__seed3,dgn_qmix,coord_grid,3,4292,107325,62.0,25,0.15035166666666677,7.904460481234959,41.914873940604075,185.57700712501537
dgn_qmix__N4__ring__seed3,dgn_qmix,coord_grid,3,4293,107350,60.0,25,0.15015375000000009,8.19750573237737,62.8694798151652,185.62145045900252
dgn_qmix__N4__ring__seed3,dgn_qmix,coord_grid,3,4294,107375,66.0,25,0.1499558333333333,6.60645604133606,60.386764208475746,185.66500137501862
dgn_qmix__N4__ring__seed3,dgn_qmix,coord_grid,3,4295,107400,44.0,25,0.1497579166666667,7.299421469370524,47.25951894124349,185.71022591699148
dgn_qmix__N4__ring__seed3,dgn_qmix,coord_grid,3,4296,107425,83.0,25,0.14956000000000003,6.600678392818996,75.91597148350307,185.7582611250109
dgn_qmix__N4__ring__seed3,dgn_qmix,coord_grid,3,4297,107450,74.0,25,0.14936208333333334,5.854082723458608,59.8450657526652,185.8026833339827
dgn_qmix__N4__ring__seed3,dgn_qmix,coord_grid,3,4298,107475,68.0,25,0.14916416666666676,8.353867848714193,52.56578509012858,185.84627195901703
dgn_qmix__N4__ring__seed3,dgn_qmix,coord_grid,3,4299,107500,57.0,25,0.14896625000000008,10.820242782433828,66.69191773732503,185.8896085000015
dgn_qmix__N4__ring__seed3,dgn_qmix,coord_grid,3,4300,107525,53.0,25,0.1487683333333334,7.9615650943347385,74.18302481515067,185.93823070899816
dgn_qmix__N4__ring__seed3,dgn_qmix,coord_grid,3,4301,107550,58.0,25,0.1485704166666667,7.488666752974193,61.879363695780434,185.98211250000168
dgn_qmix__N4__ring__seed3,dgn_qmix,coord_grid,3,4302,107575,37.0,25,0.14837250000000002,7.535464922587077,47.05555820465088,186.02628866699524
dgn_qmix__N4__ring__seed3,dgn_qmix,coord_grid,3,4303,107600,55.0,25,0.14817458333333333,7.581593503554662,79.43017641703288,186.0707772920141
dgn_qmix__N4__ring__seed3,dgn_qmix,coord_grid,3,4304,107625,51.0,25,0.14797666666666665,3.8320947885513306,80.28992325919015,186.11976833402878
dgn_qmix__N4__ring__seed3,dgn_qmix,coord_grid,3,4305,107650,47.0,25,0.14777875000000007,5.233655005693436,92.42180824279785,186.16428233403713
dgn_qmix__N4__ring__seed3,dgn_qmix,coord_grid,3,4306,107675,63.0,25,0.14758083333333338,6.57228688398997,61.23349189758301,186.20812833402306
dgn_qmix__N4__ring__seed3,dgn_qmix,coord_grid,3,4307,107700,82.0,25,0.1473829166666667,8.422243674596151,109.10164260864258,186.2520970000187
dgn_qmix__N4__ring__seed3,dgn_qmix,coord_grid,3,4308,107725,49.0,25,0.147185,8.124706711087908,82.83548273359027,186.30093566700816
dgn_qmix__N4__ring__seed3,dgn_qmix,coord_grid,3,4309,107750,68.0,25,0.14698708333333343,5.0275468329588575,72.28255653381348,186.34605612501036
dgn_qmix__N4__ring__seed3,dgn_qmix,coord_grid,3,4310,107775,61.0,25,0.14678916666666675,8.418159623940786,85.38025283813477,186.39328399999067
dgn_qmix__N4__ring__seed3,dgn_qmix,coord_grid,3,4311,107800,68.0,25,0.14659124999999995,9.221268435319265,63.22189903259277,186.43692691699835
dgn_qmix__N4__ring__seed3,dgn_qmix,coord_grid,3,4312,107825,50.0,25,0.14639333333333338,8.747600674629211,45.4606693812779,186.48573479201877
dgn_qmix__N4__ring__seed3,dgn_qmix,coord_grid,3,4313,107850,50.0,25,0.1461954166666667,5.818016588687897,66.33947849273682,186.52897016698262
dgn_qmix__N4__ring__seed3,dgn_qmix,coord_grid,3,4314,107875,59.0,25,0.1459975,4.93038194378217,57.208945433298744,186.57301862502936
dgn_qmix__N4__ring__seed3,dgn_qmix,coord_grid,3,4315,107900,63.0,25,0.14579958333333343,8.203914612531662,62.83783117930094,186.61658366699703
dgn_qmix__N4__ring__seed3,dgn_qmix,coord_grid,3,4316,107925,76.0,25,0.14560166666666674,7.324671898569379,59.916731698172434,186.66669654200086
dgn_qmix__N4__ring__seed3,dgn_qmix,coord_grid,3,4317,107950,70.0,25,0.14540375000000005,7.4471240639686584,39.36765193939209,186.7111638340284
dgn_qmix__N4__ring__seed3,dgn_qmix,coord_grid,3,4318,107975,56.0,25,0.14520583333333337,8.99186447262764,62.56890328725179,186.75421425001696
dgn_qmix__N4__ring__seed3,dgn_qmix,coord_grid,3,4319,108000,33.0,25,0.1450079166666668,3.9511231184005737,35.02548313140869,186.79775416699704
dgn_qmix__N4__ring__seed3,dgn_qmix,coord_grid,3,4320,108025,62.0,25,0.14481,5.736238769122532,44.033261162894114,186.84735058399383
dgn_qmix__N4__ring__seed3,dgn_qmix,coord_grid,3,4321,108050,55.0,25,0.1446120833333333,9.910749435424805,41.2265240351359,186.89153391699074
dgn_qmix__N4__ring__seed3,dgn_qmix,coord_grid,3,4322,108075,81.0,25,0.14441416666666673,9.965096096197763,57.52029800415039,186.93588175001787
dgn_qmix__N4__ring__seed3,dgn_qmix,coord_grid,3,4323,108100,56.0,25,0.14421625000000005,6.608635902404785,67.29785633087158,186.97947483399184
dgn_qmix__N4__ring__seed3,dgn_qmix,coord_grid,3,4324,108125,70.0,25,0.14401833333333336,8.116260707378387,60.11144937787737,187.02880845899926
dgn_qmix__N4__ring__seed3,dgn_qmix,coord_grid,3,4325,108150,50.0,25,0.14382041666666667,6.734956522782643,44.860903104146324,187.07217833399773
dgn_qmix__N4__ring__seed3,dgn_qmix,coord_grid,3,4326,108175,66.0,25,0.1436225000000001,5.972598214944203,71.3071829477946,187.11622274998808
dgn_qmix__N4__ring__seed3,dgn_qmix,coord_grid,3,4327,108200,67.0,25,0.1434245833333334,5.826079487800598,59.45777289072672,187.15995004202705
dgn_qmix__N4__ring__seed3,dgn_qmix,coord_grid,3,4328,108225,56.0,25,0.14322666666666672,6.81500518321991,108.72933959960938,187.20810095901834
dgn_qmix__N4__ring__seed3,dgn_qmix,coord_grid,3,4329,108250,71.0,25,0.14302875000000004,6.813957532246907,79.05512396494548,187.25216308399104
dgn_qmix__N4__ring__seed3,dgn_qmix,coord_grid,3,4330,108275,72.0,25,0.14283083333333335,5.794985959927241,65.28849538167317,187.29667775001144
dgn_qmix__N4__ring__seed3,dgn_qmix,coord_grid,3,4331,108300,72.0,25,0.14263291666666666,5.933537503083547,92.82944965362549,187.34041895903647
dgn_qmix__N4__ring__seed3,dgn_qmix,coord_grid,3,4332,108325,70.0,25,0.1424350000000001,4.407995615686689,48.32026890345982,187.38938762503676
dgn_qmix__N4__ring__seed3,dgn_qmix,coord_grid,3,4333,108350,68.0,25,0.1422370833333334,4.895606309175491,56.292578061421715,187.434128916997
dgn_qmix__N4__ring__seed3,dgn_qmix,coord_grid,3,4334,108375,68.0,25,0.14203916666666672,7.54678092400233,31.627906799316406,187.47774375003064
dgn_qmix__N4__ring__seed3,dgn_qmix,coord_grid,3,4335,108400,62.0,25,0.14184125000000003,4.064586877822876,43.51516596476237,187.52176295901882
dgn_qmix__N4__ring__seed3,dgn_qmix,coord_grid,3,4336,108425,41.0,25,0.14164333333333345,9.319250549588885,38.79396711077009,187.5709717090358
dgn_qmix__N4__ring__seed3,dgn_qmix,coord_grid,3,4337,108450,78.0,25,0.14144541666666666,6.88346654176712,82.75784428914388,187.6145526249893
dgn_qmix__N4__ring__seed3,dgn_qmix,coord_grid,3,4338,108475,79.0,25,0.14124749999999997,6.860181291898091,75.11150487263997,187.65789066703292
dgn_qmix__N4__ring__seed3,dgn_qmix,coord_grid,3,4339,108500,61.0,25,0.1410495833333334,6.977026184399922,70.2680155436198,187.70208712498425
dgn_qmix__N4__ring__seed3,dgn_qmix,coord_grid,3,4340,108525,74.0,25,0.1408516666666667,7.369826572281974,59.75077274867466,187.75103566702455
dgn_qmix__N4__ring__seed3,dgn_qmix,coord_grid,3,4341,108550,72.0,25,0.14065375000000002,6.759101738532384,82.83130836486816,187.7950742500252
dgn_qmix__N4__ring__seed3,dgn_qmix,coord_grid,3,4342,108575,45.0,25,0.14045583333333334,6.518797079722087,56.19283231099447,187.8389915000298
dgn_qmix__N4__ring__seed3,dgn_qmix,coord_grid,3,4343,108600,75.0,25,0.14025791666666676,9.08138620853424,51.47886975606283,187.88243341702037
dgn_qmix__N4__ring__seed3,dgn_qmix,coord_grid,3,4344,108625,67.0,25,0.14006000000000007,5.79437791449683,39.41603551592146,187.9317707500304
dgn_qmix__N4__ring__seed3,dgn_qmix,coord_grid,3,4345,108650,69.0,25,0.1398620833333334,5.062051008145015,45.416266759236656,187.97576154203853
dgn_qmix__N4__ring__seed3,dgn_qmix,coord_grid,3,4346,108675,62.0,25,0.1396641666666667,7.809931645790736,64.86184374491374,188.02022470900556
dgn_qmix__N4__ring__seed3,dgn_qmix,coord_grid,3,4347,108700,86.0,25,0.13946625,6.8273635903994245,52.990214029947914,188.06439574999968
dgn_qmix__N4__ring__seed3,dgn_qmix,coord_grid,3,4348,108725,57.0,25,0.13926833333333333,9.380384377070836,56.809775488717214,188.11320083402097
dgn_qmix__N4__ring__seed3,dgn_qmix,coord_grid,3,4349,108750,73.0,25,0.13907041666666675,7.690934876600902,57.885321299235024,188.15688274998683
dgn_qmix__N4__ring__seed3,dgn_qmix,coord_grid,3,4350,108775,61.0,25,0.13887250000000007,9.99796756108602,54.230672200520836,188.20045758399647
dgn_qmix__N4__ring__seed3,dgn_qmix,coord_grid,3,4351,108800,62.0,25,0.13867458333333338,9.265926778316498,60.48048814137777,188.24483216699446
dgn_qmix__N4__ring__seed3,dgn_qmix,coord_grid,3,4352,108825,63.0,25,0.1384766666666667,4.488422547067914,61.26053673880441,188.2939653340145
dgn_qmix__N4__ring__seed3,dgn_qmix,coord_grid,3,4353,108850,30.0,25,0.13827875000000012,7.6650258501370745,66.5218563079834,188.33771304198308
dgn_qmix__N4__ring__seed3,dgn_qmix,coord_grid,3,4354,108875,83.0,25,0.13808083333333343,5.086135764916738,56.29189840952555,188.38222495903028
dgn_qmix__N4__ring__seed3,dgn_qmix,coord_grid,3,4355,108900,67.0,25,0.13788291666666663,8.359702348709106,43.29882971445719,188.4257137090317
dgn_qmix__N4__ring__seed3,dgn_qmix,coord_grid,3,4356,108925,72.0,25,0.13768500000000006,9.380352088383265,55.27283913748605,188.47466075001284
dgn_qmix__N4__ring__seed3,dgn_qmix,coord_grid,3,4357,108950,51.0,25,0.13748708333333337,9.387012163798014,64.628724416097,188.51971629203763
dgn_qmix__N4__ring__seed3,dgn_qmix,coord_grid,3,4358,108975,61.0,25,0.13728916666666668,2.6019302805264792,72.81959088643391,188.5633154590032
dgn_qmix__N4__ring__seed3,dgn_qmix,coord_grid,3,4359,109000,56.0,25,0.13709125,6.614570875962575,76.84554100036621,188.60756483400473
dgn_qmix__N4__ring__seed3,dgn_qmix,coord_grid,3,4360,109025,12.0,25,0.13689333333333342,6.988092354365757,100.87457111903599,188.65675208403263
dgn_qmix__N4__ring__seed3,dgn_qmix,coord_grid,3,4361,109050,77.0,25,0.13669541666666674,7.629638950030009,62.11099942525228,188.70095887500793
dgn_qmix__N4__ring__seed3,dgn_qmix,coord_grid,3,4362,109075,52.0,25,0.13649750000000005,6.957409093777339,61.06861432393392,188.744893916999
dgn_qmix__N4__ring__seed3,dgn_qmix,coord_grid,3,4363,109100,38.0,25,0.13629958333333336,4.528443028529485,74.7515500386556,188.7895132920239
dgn_qmix__N4__ring__seed3,dgn_qmix,coord_grid,3,4364,109125,64.0,25,0.13610166666666668,6.23096194437572,69.97309630257743,188.83880104200216
dgn_qmix__N4__ring__seed3,dgn_qmix,coord_grid,3,4365,109150,67.0,25,0.13590375,4.4901525775591535,98.69523175557454,188.88294770900393
dgn_qmix__N4__ring__seed3,dgn_qmix,coord_grid,3,4366,109175,66.0,25,0.1357058333333333,6.757278521855672,58.3310972849528,188.92635687498841
dgn_qmix__N4__ring__seed3,dgn_qmix,coord_grid,3,4367,109200,60.0,25,0.13550791666666673,6.772166808446248,40.136478106180824,188.9705708749825
dgn_qmix__N4__ring__seed3,dgn_qmix,coord_grid,3,4368,109225,26.0,25,0.13531000000000004,8.390432698386055,73.1803389957973,189.0194920420181
dgn_qmix__N4__ring__seed3,dgn_qmix,coord_grid,3,4369,109250,29.0,25,0.13511208333333335,12.826287150382996,51.84291394551595,189.06359979201807
dgn_qmix__N4__ring__seed3,dgn_qmix,coord_grid,3,4370,109275,63.0,25,0.13491416666666678,5.067557434240977,55.858669916788735,189.1071229170193
dgn_qmix__N4__ring__seed3,dgn_qmix,coord_grid,3,4371,109300,67.0,25,0.1347162500000001,8.66789561510086,63.230326334635414,189.15085750003345
dgn_qmix__N4__ring__seed3,dgn_qmix,coord_grid,3,4372,109325,78.0,25,0.1345183333333333,6.239696221692221,61.68980952671596,189.1998492500279
dgn_qmix__N4__ring__seed3,dgn_qmix,coord_grid,3,4373,109350,80.0,25,0.13432041666666672,8.572653392950693,41.565186182657875,189.24323291698238
dgn_qmix__N4__ring__seed3,dgn_qmix,coord_grid,3,4374,109375,65.0,25,0.13412250000000003,8.722865134477615,46.41199811299642,189.2876760000363
dgn_qmix__N4__ring__seed3,dgn_qmix,coord_grid,3,4375,109400,71.0,25,0.13392458333333335,7.870253523190816,58.592269579569496,189.33091424999293
dgn_qmix__N4__ring__seed3,dgn_qmix,coord_grid,3,4376,109425,77.0,25,0.13372666666666666,4.96375698702676,111.81730651855469,189.37949808401754
dgn_qmix__N4__ring__seed3,dgn_qmix,coord_grid,3,4377,109450,68.0,25,0.13352875000000008,8.73205852508545,99.81177266438802,189.42297016701195
dgn_qmix__N4__ring__seed3,dgn_qmix,coord_grid,3,4378,109475,52.0,25,0.1333308333333334,6.150040109952291,101.3887710571289,189.46650416700868
dgn_qmix__N4__ring__seed3,dgn_qmix,coord_grid,3,4379,109500,61.0,25,0.1331329166666667,7.79846978187561,89.32879130045573,189.51023216702743
dgn_qmix__N4__ring__seed3,dgn_qmix,coord_grid,3,4380,109525,82.0,25,0.13293500000000014,6.23443409374782,103.05842808314732,189.5599096250371
dgn_qmix__N4__ring__seed3,dgn_qmix,coord_grid,3,4381,109550,60.0,25,0.13273708333333334,4.294327278931935,82.41364097595215,189.6035615419969
dgn_qmix__N4__ring__seed3,dgn_qmix,coord_grid,3,4382,109575,78.0,25,0.13253916666666665,4.740335861841838,112.4559694925944,189.64778154203668
dgn_qmix__N4__ring__seed3,dgn_qmix,coord_grid,3,4383,109600,54.0,25,0.13234124999999997,6.285888473192851,121.22629928588867,189.69133470900124
dgn_qmix__N4__ring__seed3,dgn_qmix,coord_grid,3,4384,109625,60.0,25,0.1321433333333334,7.650107179369245,111.20266396658761,189.74059066700283
dgn_qmix__N4__ring__seed3,dgn_qmix,coord_grid,3,4385,109650,75.0,25,0.1319454166666667,7.064974407354991,90.74352169036865,189.78424654202536
dgn_qmix__N4__ring__seed3,dgn_qmix,coord_grid,3,4386,109675,50.0,25,0.13174750000000002,3.3898622592290244,60.650824228922524,189.82773645903217
dgn_qmix__N4__ring__seed3,dgn_qmix,coord_grid,3,4387,109700,74.0,25,0.13154958333333344,5.1874363124370575,46.685386975606285,189.87202029203763
dgn_qmix__N4__ring__seed3,dgn_qmix,coord_grid,3,4388,109725,69.0,25,0.13135166666666676,10.487126503671918,74.59563391549247,189.92096654203488
dgn_qmix__N4__ring__seed3,dgn_qmix,coord_grid,3,4389,109750,70.0,25,0.13115375000000007,10.282752195994059,62.843143463134766,189.96385862503666
dgn_qmix__N4__ring__seed3,dgn_qmix,coord_grid,3,4390,109775,78.0,25,0.13095583333333338,7.807535449663798,45.85577265421549,190.00804737501312
dgn_qmix__N4__ring__seed3,dgn_qmix,coord_grid,3,4391,109800,51.0,25,0.1307579166666667,9.657114962736765,78.93985811869304,190.05184841703158
dgn_qmix__N4__ring__seed3,dgn_qmix,coord_grid,3,4392,109825,60.0,25,0.13056,7.45614606993539,142.27814102172852,190.10081537498627
dgn_qmix__N4__ring__seed3,dgn_qmix,coord_grid,3,4393,109850,83.0,25,0.13036208333333332,6.440066546201706,103.95835367838542,190.14471170899924
dgn_qmix__N4__ring__seed3,dgn_qmix,coord_grid,3,4394,109875,69.0,25,0.13016416666666675,10.644908348719278,76.14272244771321,190.18848270899616
dgn_qmix__N4__ring__seed3,dgn_qmix,coord_grid,3,4395,109900,79.0,25,0.12996625000000006,7.661428431669871,56.508687337239586,190.23192079202272
dgn_qmix__N4__ring__seed3,dgn_qmix,coord_grid,3,4396,109925,76.0,25,0.12976833333333337,7.030836701393127,107.94269507271903,190.28108858398627
dgn_qmix__N4__ring__seed3,dgn_qmix,coord_grid,3,4397,109950,78.0,25,0.1295704166666668,10.675647576649984,72.72864214579265,190.3247969590011
dgn_qmix__N4__ring__seed3,dgn_qmix,coord_grid,3,4398,109975,61.0,25,0.1293725,7.805501272281011,49.780777295430504,190.36927520902827
dgn_qmix__N4__ring__seed3,dgn_qmix,coord_grid,3,4399,110000,54.0,25,0.12917458333333331,7.979661722977956,70.09378751118977,190.4129884589929
dgn_qmix__N4__ring__seed3,dgn_qmix,coord_grid,3,4400,110025,71.0,25,0.12897666666666663,6.2805691957473755,62.449645451136995,190.4617647920386
dgn_qmix__N4__ring__seed3,dgn_qmix,coord_grid,3,4401,110050,67.0,25,0.12877875000000005,6.269994934399922,82.45054880777995,190.5055376670207
dgn_qmix__N4__ring__seed3,dgn_qmix,coord_grid,3,4402,110075,78.0,25,0.12858083333333337,10.549320618311564,72.1503168741862,190.54987604200142
dgn_qmix__N4__ring__seed3,dgn_qmix,coord_grid,3,4403,110100,74.0,25,0.12838291666666668,7.143538296222687,80.25671068827312,190.59389983402798
dgn_qmix__N4__ring__seed3,dgn_qmix,coord_grid,3,4404,110125,47.0,25,0.1281850000000001,10.629916497639247,76.67567225864956,190.64266075001797
dgn_qmix__N4__ring__seed3,dgn_qmix,coord_grid,3,4405,110150,69.0,25,0.12798708333333342,6.079999009768168,41.17778237660726,190.68717625003774
dgn_qmix__N4__ring__seed3,dgn_qmix,coord_grid,3,4406,110175,78.0,25,0.12778916666666673,7.113229374090831,72.59461466471355,190.7303391250316
dgn_qmix__N4__ring__seed3,dgn_qmix,coord_grid,3,4407,110200,62.0,25,0.12759125000000004,6.912306348482768,72.46532408396403,190.77362550003454
dgn_qmix__N4__ring__seed3,dgn_qmix,coord_grid,3,4408,110225,54.0,25,0.12739333333333336,11.570603983742851,58.853673117501394,190.82227420900017
dgn_qmix__N4__ring__seed3,dgn_qmix,coord_grid,3,4409,110250,57.0,25,0.12719541666666667,10.300676504770914,63.02373218536377,190.8669093340286
dgn_qmix__N4__ring__seed3,dgn_qmix,coord_grid,3,4410,110275,77.0,25,0.12699749999999999,9.880512992540995,65.26422627766927,190.91279633401427
dgn_qmix__N4__ring__seed3,dgn_qmix,coord_grid,3,4411,110300,53.0,25,0.1267995833333334,4.498651186625163,62.50268046061198,190.95608041703235
dgn_qmix__N4__ring__seed3,dgn_qmix,coord_grid,3,4412,110325,59.0,25,0.12660166666666672,4.7222552214350015,75.03190558297294,191.00570954201976
dgn_qmix__N4__ring__seed3,dgn_qmix,coord_grid,3,4413,110350,65.0,25,0.12640375000000004,11.34566561381022,58.51681709289551,191.04893204203108
dgn_qmix__N4__ring__seed3,dgn_qmix,coord_grid,3,4414,110375,67.0,25,0.12620583333333346,4.588014592727025,49.8525333404541,191.09274137503235
dgn_qmix__N4__ring__seed3,dgn_qmix,coord_grid,3,4415,110400,68.0,25,0.12600791666666677,11.531858444213867,47.392252604166664,191.1353905419819
dgn_qmix__N4__ring__seed3,dgn_qmix,coord_grid,3,4416,110425,64.0,25,0.12580999999999998,3.3476172174726213,88.04573059082031,191.18453625001712
dgn_qmix__N4__ring__seed3,dgn_qmix,coord_grid,3,4417,110450,70.0,25,0.1256120833333333,8.718826134999594,54.92810980478922,191.22851033398183
dgn_qmix__N4__ring__seed3,dgn_qmix,coord_grid,3,4418,110475,60.0,25,0.12541416666666672,2.7804860174655914,53.512167612711586,191.27246512501733
dgn_qmix__N4__ring__seed3,dgn_qmix,coord_grid,3,4419,110500,67.0,25,0.12521625000000003,6.214171747366588,72.0668888092041,191.31684912502533
dgn_qmix__N4__ring__seed3,dgn_qmix,coord_grid,3,4420,110525,48.0,25,0.12501833333333334,11.339764186314174,54.293451581682476,191.36569404200418
dgn_qmix__N4__ring__seed3,dgn_qmix,coord_grid,3,4421,110550,59.0,25,0.12482041666666677,8.888001044591268,95.00326442718506,191.40929608402075
dgn_qmix__N4__ring__seed3,dgn_qmix,coord_grid,3,4422,110575,70.0,25,0.12462250000000008,9.805090308189392,80.25934918721516,191.4537855000235
dgn_qmix__N4__ring__seed3,dgn_qmix,coord_grid,3,4423,110600,74.0,25,0.1244245833333334,9.190183718999227,83.9680569966634,191.49861825001426
dgn_qmix__N4__ring__seed3,dgn_qmix,coord_grid,3,4424,110625,78.0,25,0.12422666666666671,9.66209180014474,128.99216243198939,191.5472080000327
dgn_qmix__N4__ring__seed3,dgn_qmix,coord_grid,3,4425,110650,59.0,25,0.12402875000000002,6.323166648546855,89.81867663065593,191.59108254202874
dgn_qmix__N4__ring__seed3,dgn_qmix,coord_grid,3,4426,110675,64.0,25,0.12383083333333333,7.044821570316951,66.66205151875813,191.6347984999884
dgn_qmix__N4__ring__seed3,dgn_qmix,coord_grid,3,4427,110700,72.0,25,0.12363291666666665,7.074877659479777,55.49969037373861,191.6787841669866
dgn_qmix__N4__ring__seed3,dgn_qmix,coord_grid,3,4428,110725,57.0,25,0.12343500000000007,5.3995592168399265,60.94953482491629,191.7272933750064
dgn_qmix__N4__ring__seed3,dgn_qmix,coord_grid,3,4429,110750,59.0,25,0.12323708333333339,5.325496087471644,72.97855122884114,191.77068837499246
dgn_qmix__N4__ring__seed3,dgn_qmix,coord_grid,3,4430,110775,66.0,25,0.1230391666666667,4.393530984719594,40.65558020273844,191.81371870898874
dgn_qmix__N4__ring__seed3,dgn_qmix,coord_grid,3,4431,110800,46.0,25,0.12284125000000012,6.176647305488586,47.16717561086019,191.8572719169897
dgn_qmix__N4__ring__seed3,dgn_qmix,coord_grid,3,4432,110825,48.0,25,0.12264333333333344,9.847626285893577,63.55382973807199,191.90676783403615
dgn_qmix__N4__ring__seed3,dgn_qmix,coord_grid,3,4433,110850,71.0,25,0.12244541666666664,7.91546015938123,72.90702120463054,191.95087599998806
dgn_qmix__N4__ring__seed3,dgn_qmix,coord_grid,3,4434,110875,57.0,25,0.12224749999999995,3.612906018892924,48.672017097473145,191.9938984590117
dgn_qmix__N4__ring__seed3,dgn_qmix,coord_grid,3,4435,110900,66.0,25,0.12204958333333338,7.755755205949147,55.50683848063151,192.0373200000031
dgn_qmix__N4__ring__seed3,dgn_qmix,coord_grid,3,4436,110925,69.0,25,0.12185166666666669,8.340762478964669,41.112927300589426,192.0865643750294
dgn_qmix__N4__ring__seed3,dgn_qmix,coord_grid,3,4437,110950,75.0,25,0.12165375,5.224131574233373,70.46541245778401,192.1302264999831
dgn_qmix__N4__ring__seed3,dgn_qmix,coord_grid,3,4438,110975,62.0,25,0.12145583333333343,12.31958818435669,45.995089530944824,192.1745090840268
dgn_qmix__N4__ring__seed3,dgn_qmix,coord_grid,3,4439,111000,64.0,25,0.12125791666666674,8.690946698188782,46.91802406311035,192.21817570901476
dgn_qmix__N4__ring__seed3,dgn_qmix,coord_grid,3,4440,111025,76.0,25,0.12106000000000006,5.225732684135437,45.13968685695103,192.26715691701975
dgn_qmix__N4__ring__seed3,dgn_qmix,coord_grid,3,4441,111050,66.0,25,0.12086208333333337,8.822983503341675,53.80756409962972,192.31132283399347
dgn_qmix__N4__ring__seed3,dgn_qmix,coord_grid,3,4442,111075,60.0,25,0.12066416666666668,6.080462008714676,57.345144271850586,192.35522366699297
dgn_qmix__N4__ring__seed3,dgn_qmix,coord_grid,3,4443,111100,76.0,25,0.12046625,5.264340569575627,70.4404821395874,192.39933937502792
dgn_qmix__N4__ring__seed3,dgn_qmix,coord_grid,3,4444,111125,74.0,25,0.12026833333333331,6.392086795398167,87.36102935246059,192.4486187500297
dgn_qmix__N4__ring__seed3,dgn_qmix,coord_grid,3,4445,111150,84.0,25,0.12007041666666673,7.3428495327631635,88.56863403320312,192.4931376670138
dgn_qmix__N4__ring__seed3,dgn_qmix,coord_grid,3,4446,111175,65.0,25,0.11987250000000005,6.1130998730659485,51.88404083251953,192.53667875000974
dgn_qmix__N4__ring__seed3,dgn_qmix,coord_grid,3,4447,111200,84.0,25,0.11967458333333336,6.285654882589976,84.5319372812907,192.5801714999834
dgn_qmix__N4__ring__seed3,dgn_qmix,coord_grid,3,4448,111225,66.0,25,0.11947666666666679,4.619355235780988,60.74991226196289,192.62928512500366
dgn_qmix__N4__ring__seed3,dgn_qmix,coord_grid,3,4449,111250,23.0,25,0.1192787500000001,7.834485818942388,45.32619031270345,192.6725182090304
dgn_qmix__N4__ring__seed3,dgn_qmix,coord_grid,3,4450,111275,82.0,25,0.11908083333333341,8.942420800526937,90.02878252665202,192.71677587501472
dgn_qmix__N4__ring__seed3,dgn_qmix,coord_grid,3,4451,111300,72.0,25,0.11888291666666662,9.667362014452616,82.42143948872884,192.76106991700362
dgn_qmix__N4__ring__seed3,dgn_qmix,coord_grid,3,4452,111325,74.0,25,0.11868500000000004,7.027518604482923,78.003598349435,192.80985654203687
dgn_qmix__N4__ring__seed3,dgn_qmix,coord_grid,3,4453,111350,76.0,25,0.11848708333333335,5.285388112068176,43.315108935038246,192.85429912502877
dgn_qmix__N4__ring__seed3,dgn_qmix,coord_grid,3,4454,111375,73.0,25,0.11828916666666667,6.999386310577393,66.4039134979248,192.89849558402784
dgn_qmix__N4__ring__seed3,dgn_qmix,coord_grid,3,4455,111400,73.0,25,0.11809125000000009,5.830195228258769,56.20049031575521,192.94305854203412
dgn_qmix__N4__ring__seed3,dgn_qmix,coord_grid,3,4456,111425,75.0,25,0.1178933333333334,8.704478144645691,129.36872754778182,192.99184837500798
dgn_qmix__N4__ring__seed3,dgn_qmix,coord_grid,3,4457,111450,6.0,25,0.11769541666666672,9.024302144845327,48.54797681172689,193.03526533400873
dgn_qmix__N4__ring__seed3,dgn_qmix,coord_grid,3,4458,111475,71.0,25,0.11749750000000003,10.73809520403544,51.73878542582194,193.07908749999478
dgn_qmix__N4__ring__seed3,dgn_qmix,coord_grid,3,4459,111500,65.0,25,0.11729958333333335,8.782223423322042,42.66876252492269,193.1231656250311
dgn_qmix__N4__ring__seed3,dgn_qmix,coord_grid,3,4460,111525,62.0,25,0.11710166666666666,6.9632623706545145,38.423116139003206,193.1722897090367
dgn_qmix__N4__ring__seed3,dgn_qmix,coord_grid,3,4461,111550,76.0,25,0.11690374999999997,8.108334044615427,69.66796239217122,193.21706145902863
dgn_qmix__N4__ring__seed3,dgn_qmix,coord_grid,3,4462,111575,79.0,25,0.1167058333333334,6.366745233535767,42.940516789754234,193.26129129203036
dgn_qmix__N4__ring__seed3,dgn_qmix,coord_grid,3,4463,111600,74.0,25,0.11650791666666671,6.488023579120636,84.67308457692464,193.3050550420303
dgn_qmix__N4__ring__seed3,dgn_qmix,coord_grid,3,4464,111625,66.0,25,0.11631000000000002,13.063413892473493,101.66069902692523,193.35339800000656
dgn_qmix__N4__ring__seed3,dgn_qmix,coord_grid,3,4465,111650,68.0,25,0.11611208333333345,9.724932114283243,58.50469716389974,193.3975707089994
dgn_qmix__N4__ring__seed3,dgn_qmix,coord_grid,3,4466,111675,82.0,25,0.11591416666666676,7.1567967136700945,65.86559422810872,193.44052025000565
dgn_qmix__N4__ring__seed3,dgn_qmix,coord_grid,3,4467,111700,86.0,25,0.11571625000000008,6.369122723738353,85.01742235819499,193.48391708399868
dgn_qmix__N4__ring__seed3,dgn_qmix,coord_grid,3,4468,111725,53.0,25,0.11551833333333328,6.81329379762922,42.805298124040874,193.5329259170103
dgn_qmix__N4__ring__seed3,dgn_qmix,coord_grid,3,4469,111750,75.0,25,0.1153204166666667,6.771892666816711,44.84669272104899,193.57693049998488
dgn_qmix__N4__ring__seed3,dgn_qmix,coord_grid,3,4470,111775,81.0,25,0.11512250000000002,6.3900779485702515,64.07035573323567,193.62103454198223
dgn_qmix__N4__ring__seed3,dgn_qmix,coord_grid,3,4471,111800,87.0,25,0.11492458333333333,8.833435674508413,73.92363421122234,193.6654818750103
dgn_qmix__N4__ring__seed3,dgn_qmix,coord_grid,3,4472,111825,73.0,25,0.11472666666666675,9.809103284563337,74.6103515625,193.7152957500075
dgn_qmix__N4__ring__seed3,dgn_qmix,coord_grid,3,4473,111850,72.0,25,0.11452875000000007,8.019867976506552,71.56880633036296,193.7585934170056
dgn_qmix__N4__ring__seed3,dgn_qmix,coord_grid,3,4474,111875,73.0,25,0.11433083333333338,3.680378794670105,67.73717180887859,193.80142608401366
dgn_qmix__N4__ring__seed3,dgn_qmix,coord_grid,3,4475,111900,68.0,25,0.1141329166666667,8.805864731470743,52.081007639567055,193.8456227920251
dgn_qmix__N4__ring__seed3,dgn_qmix,coord_grid,3,4476,111925,63.0,25,0.11393500000000012,8.31767087323325,88.47479956490653,193.89490474999184
dgn_qmix__N4__ring__seed3,dgn_qmix,coord_grid,3,4477,111950,71.0,25,0.11373708333333332,4.75077207883199,97.77430597941081,193.93899345898535
dgn_qmix__N4__ring__seed3,dgn_qmix,coord_grid,3,4478,111975,63.0,25,0.11353916666666664,6.498233735561371,76.28902753194173,193.9827478340012
dgn_qmix__N4__ring__seed3,dgn_qmix,coord_grid,3,4479,112000,82.0,25,0.11334125000000006,8.806942919890085,56.229591369628906,194.02651341701858
dgn_qmix__N4__ring__seed3,dgn_qmix,coord_grid,3,4480,112025,42.0,25,0.11314333333333337,3.520195892878941,94.39286940438407,194.07575383398216
dgn_qmix__N4__ring__seed3,dgn_qmix,coord_grid,3,4481,112050,1.0,25,0.11294541666666669,8.119552810986837,88.6410624186198,194.11959916702472
dgn_qmix__N4__ring__seed3,dgn_qmix,coord_grid,3,4482,112075,68.0,25,0.11274750000000011,7.278925200303395,100.9262243906657,194.16319950000616
dgn_qmix__N4__ring__seed3,dgn_qmix,coord_grid,3,4483,112100,75.0,25,0.11254958333333343,8.184121449788412,87.61432838439941,194.20705166703556
dgn_qmix__N4__ring__seed3,dgn_qmix,coord_grid,3,4484,112125,84.0,25,0.11235166666666674,6.15818065404892,50.340419496808735,194.25519770901883
dgn_qmix__N4__ring__seed3,dgn_qmix,coord_grid,3,4485,112150,35.0,25,0.11215375000000005,10.480288108189901,76.46841875712077,194.29903699998977
dgn_qmix__N4__ring__seed3,dgn_qmix,coord_grid,3,4486,112175,68.0,25,0.11195583333333337,9.395646492640177,109.74002011617024,194.34360279201064
dgn_qmix__N4__ring__seed3,dgn_qmix,coord_grid,3,4487,112200,63.0,25,0.11175791666666668,8.849091390768686,72.3653351465861,194.38811454200186
dgn_qmix__N4__ring__seed3,dgn_qmix,coord_grid,3,4488,112225,73.0,25,0.11155999999999999,10.288963522229876,132.52080753871374,194.43652133399155
dgn_qmix__N4__ring__seed3,dgn_qmix,coord_grid,3,4489,112250,51.0,25,0.11136208333333342,6.4682702124118805,87.84157244364421,194.48056454199832
dgn_qmix__N4__ring__seed3,dgn_qmix,coord_grid,3,4490,112275,82.0,25,0.11116416666666673,8.055288831392923,57.423896153767906,194.52439729199978
dgn_qmix__N4__ring__seed3,dgn_qmix,coord_grid,3,4491,112300,49.0,25,0.11096625000000004,5.457182248433431,52.55924002329508,194.56839625001885
dgn_qmix__N4__ring__seed3,dgn_qmix,coord_grid,3,4492,112325,79.0,25,0.11076833333333336,8.40479666846139,57.927258355276926,194.61831116699614
dgn_qmix__N4__ring__seed3,dgn_qmix,coord_grid,3,4493,112350,66.0,25,0.11057041666666678,6.454671988884608,83.35933621724446,194.6622887920239
dgn_qmix__N4__ring__seed3,dgn_qmix,coord_grid,3,4494,112375,72.0,25,0.11037249999999998,9.799639642238617,60.219916661580406,194.70637208403787
dgn_qmix__N4__ring__seed3,dgn_qmix,coord_grid,3,4495,112400,78.0,25,0.1101745833333333,6.303304692109426,77.14185810089111,194.74957279203227
dgn_qmix__N4__ring__seed3,dgn_qmix,coord_grid,3,4496,112425,81.0,25,0.10997666666666672,5.1335829836981635,94.18743678501674,194.79833195899846
dgn_qmix__N4__ring__seed3,dgn_qmix,coord_grid,3,4497,112450,86.0,25,0.10977875000000004,9.82488638162613,55.086531003316246,194.84267700003693
dgn_qmix__N4__ring__seed3,dgn_qmix,coord_grid,3,4498,112475,88.0,25,0.10958083333333335,7.283800095319748,43.268269538879395,194.88654199999291
dgn_qmix__N4__ring__seed3,dgn_qmix,coord_grid,3,4499,112500,80.0,25,0.10938291666666677,6.557054718335469,65.96563975016277,194.92962650000118
dgn_qmix__N4__ring__seed3,dgn_qmix,coord_grid,3,4500,112525,51.0,25,0.10918500000000009,10.112404823303223,88.13201195853097,194.9793102919939
dgn_qmix__N4__ring__seed3,dgn_qmix,coord_grid,3,4501,112550,86.0,25,0.1089870833333334,14.50961414972941,130.37288983662924,195.0228413339937
dgn_qmix__N4__ring__seed3,dgn_qmix,coord_grid,3,4502,112575,91.0,25,0.10878916666666671,10.761831442515055,100.71797625223796,195.0663800840266
dgn_qmix__N4__ring__seed3,dgn_qmix,coord_grid,3,4503,112600,62.0,25,0.10859125000000003,9.846246679623922,68.98845672607422,195.11145133402897
dgn_qmix__N4__ring__seed3,dgn_qmix,coord_grid,3,4504,112625,70.0,25,0.10839333333333334,6.94455669607435,91.08436393737793,195.16077349998523
dgn_qmix__N4__ring__seed3,dgn_qmix,coord_grid,3,4505,112650,71.0,25,0.10819541666666666,8.16748317082723,57.9376023610433,195.20423779200064
dgn_qmix__N4__ring__seed3,dgn_qmix,coord_grid,3,4506,112675,69.0,25,0.10799750000000008,5.623564700285594,73.71120516459148,195.24736041703727
dgn_qmix__N4__ring__seed3,dgn_qmix,coord_grid,3,4507,112700,79.0,25,0.10779958333333339,8.961293598016104,69.88576412200928,195.29096054198453
dgn_qmix__N4__ring__seed3,dgn_qmix,coord_grid,3,4508,112725,67.0,25,0.1076016666666667,6.1925457034792215,37.11931773594448,195.33987808402162
dgn_qmix__N4__ring__seed3,dgn_qmix,coord_grid,3,4509,112750,62.0,25,0.10740375000000002,8.801178455352783,56.14363797505697,195.38355600001523
dgn_qmix__N4__ring__seed3,dgn_qmix,coord_grid,3,4510,112775,72.0,25,0.10720583333333344,8.000161866346994,92.43284479777019,195.42761091701686
dgn_qmix__N4__ring__seed3,dgn_qmix,coord_grid,3,4511,112800,56.0,25,0.10700791666666676,8.036056995391846,63.57621065775553,195.4708191670361
dgn_qmix__N4__ring__seed3,dgn_qmix,coord_grid,3,4512,112825,76.0,25,0.10680999999999996,7.9236754179000854,54.54144396100725,195.51954941701842
dgn_qmix__N4__ring__seed3,dgn_qmix,coord_grid,3,4513,112850,67.0,25,0.10661208333333339,5.398525953292847,58.53748734792074,195.56326091702795
dgn_qmix__N4__ring__seed3,dgn_qmix,coord_grid,3,4514,112875,66.0,25,0.1064141666666667,10.004139562447866,91.90635744730632,195.60690187499858
dgn_qmix__N4__ring__seed3,dgn_qmix,coord_grid,3,4515,112900,70.0,25,0.10621625000000001,6.426006078720093,77.1146370569865,195.6501032920205
dgn_qmix__N4__ring__seed3,dgn_qmix,coord_grid,3,4516,112925,71.0,25,0.10601833333333333,9.307922295161656,116.24119240897042,195.69845079199877
dgn_qmix__N4__ring__seed3,dgn_qmix,coord_grid,3,4517,112950,66.0,25,0.10582041666666675,8.738172690073648,72.00106207529704,195.74221766699338
dgn_qmix__N4__ring__seed3,dgn_qmix,coord_grid,3,4518,112975,79.0,25,0.10562250000000006,7.245088795820872,82.56408309936523,195.78492658399045
dgn_qmix__N4__ring__seed3,dgn_qmix,coord_grid,3,4519,113000,78.0,25,0.10542458333333338,9.732859199245771,59.60727596282959,195.82938066701172
dgn_qmix__N4__ring__seed3,dgn_qmix,coord_grid,3,4520,113025,63.0,25,0.10522666666666669,7.501191292490278,134.23597281319755,195.87915304198395
dgn_qmix__N4__ring__seed3,dgn_qmix,coord_grid,3,4521,113050,65.0,25,0.10502875,7.325186808904012,113.75894037882487,195.92507475003367
dgn_qmix__N4__ring__seed3,dgn_qmix,coord_grid,3,4522,113075,70.0,25,0.10483083333333332,11.357354323069254,65.19728183746338,195.96915512502892
dgn_qmix__N4__ring__seed3,dgn_qmix,coord_grid,3,4523,113100,73.0,25,0.10463291666666674,7.568421721458435,110.16445223490398,196.0125296250335
dgn_qmix__N4__ring__seed3,dgn_qmix,coord_grid,3,4524,113125,69.0,25,0.10443500000000006,7.425698110035488,94.58900942121234,196.06591779203154
dgn_qmix__N4__ring__seed3,dgn_qmix,coord_grid,3,4525,113150,50.0,25,0.10423708333333337,5.326107203960419,76.39982414245605,196.11386537499493
dgn_qmix__N4__ring__seed3,dgn_qmix,coord_grid,3,4526,113175,73.0,25,0.10403916666666668,8.947517534097036,48.965733210245766,196.15906441700645
dgn_qmix__N4__ring__seed3,dgn_qmix,coord_grid,3,4527,113200,63.0,25,0.10384125000000011,6.2456079224745435,55.62883758544922,196.2034362499835
dgn_qmix__N4__ring__seed3,dgn_qmix,coord_grid,3,4528,113225,67.0,25,0.10364333333333342,4.873519420623779,59.43646076747349,196.252994999988
dgn_qmix__N4__ring__seed3,dgn_qmix,coord_grid,3,4529,113250,70.0,25,0.10344541666666662,4.648994266986847,59.19968223571777,196.30149891698966
dgn_qmix__N4__ring__seed3,dgn_qmix,coord_grid,3,4530,113275,82.0,25,0.10324750000000005,6.341905951499939,39.56256262461344,196.34811195899965
dgn_qmix__N4__ring__seed3,dgn_qmix,coord_grid,3,4531,113300,90.0,25,0.10304958333333336,5.4246846834818525,58.56548500061035,196.39331687503727
dgn_qmix__N4__ring__seed3,dgn_qmix,coord_grid,3,4532,113325,68.0,25,0.10285166666666667,8.628540873527527,78.65225301470075,196.44239616702544
dgn_qmix__N4__ring__seed3,dgn_qmix,coord_grid,3,4533,113350,84.0,25,0.10265374999999999,5.5649555921554565,88.59237607320149,196.4867803340312
dgn_qmix__N4__ring__seed3,dgn_qmix,coord_grid,3,4534,113375,88.0,25,0.10245583333333341,13.514952381451925,68.20452944437663,196.53204937500414
dgn_qmix__N4__ring__seed3,dgn_qmix,coord_grid,3,4535,113400,57.0,25,0.10225791666666673,8.454767843087515,96.13226699829102,196.57888033398194
dgn_qmix__N4__ring__seed3,dgn_qmix,coord_grid,3,4536,113425,63.0,25,0.10206000000000004,4.8435035688536505,92.5503649030413,196.6289947089972
dgn_qmix__N4__ring__seed3,dgn_qmix,coord_grid,3,4537,113450,80.0,25,0.10186208333333346,9.62705773115158,35.181315104166664,196.67503287503496
dgn_qmix__N4__ring__seed3,dgn_qmix,coord_grid,3,4538,113475,62.0,25,0.10166416666666667,10.043609062830607,87.9736270904541,196.71970424999017
dgn_qmix__N4__ring__seed3,dgn_qmix,coord_grid,3,4539,113500,67.0,25,0.10146624999999998,7.216142326593399,82.91576194763184,196.76362074998906
dgn_qmix__N4__ring__seed3,dgn_qmix,coord_grid,3,4540,113525,65.0,25,0.1012683333333334,8.231493643351964,121.78832517351422,196.81246141699376
dgn_qmix__N4__ring__seed3,dgn_qmix,coord_grid,3,4541,113550,81.0,25,0.10107041666666672,11.006851891676584,92.0201358795166,196.85495779203484
dgn_qmix__N4__ring__seed3,dgn_qmix,coord_grid,3,4542,113575,43.0,25,0.10087250000000003,7.2186563313007355,101.10141436258952,196.89879716699943
dgn_qmix__N4__ring__seed3,dgn_qmix,coord_grid,3,4543,113600,82.0,25,0.10067458333333335,7.234068234761556,89.99472363789876,196.9433457920095
dgn_qmix__N4__ring__seed3,dgn_qmix,coord_grid,3,4544,113625,72.0,25,0.10047666666666677,10.936694145202637,116.85681969778878,196.99250824999763
dgn_qmix__N4__ring__seed3,dgn_qmix,coord_grid,3,4545,113650,69.0,25,0.10027875000000008,7.381700307130814,88.74829928080241,197.03623929200694
dgn_qmix__N4__ring__seed3,dgn_qmix,coord_grid,3,4546,113675,68.0,25,0.1000808333333334,8.13601287206014,74.61880111694336,197.08024670899613
dgn_qmix__N4__ring__seed3,dgn_qmix,coord_grid,3,4547,113700,71.0,25,0.09988291666666671,11.751045862833658,90.47255007425944,197.12881854199804
dgn_qmix__N4__ring__seed3,dgn_qmix,coord_grid,3,4548,113725,63.0,25,0.09968500000000002,7.036062828132084,82.97380937848773,197.1798691250151
dgn_qmix__N4__ring__seed3,dgn_qmix,coord_grid,3,4549,113750,68.0,25,0.09948708333333334,6.9671923617521925,33.40968259175619,197.22470329201315
dgn_qmix__N4__ring__seed3,dgn_qmix,coord_grid,3,4550,113775,50.0,25,0.09928916666666665,12.530380884806315,44.559449195861816,197.26863429200603
dgn_qmix__N4__ring__seed3,dgn_qmix,coord_grid,3,4551,113800,73.0,25,0.09909125000000008,6.245717684427897,41.1639347076416,197.31329641700722
dgn_qmix__N4__ring__seed3,dgn_qmix,coord_grid,3,4552,113825,77.0,25,0.09889333333333339,12.213808826037816,129.12700707571847,197.3621332499897
dgn_qmix__N4__ring__seed3,dgn_qmix,coord_grid,3,4553,113850,76.0,25,0.0986954166666667,9.025213241577148,86.78228791554768,197.40606220898917
dgn_qmix__N4__ring__seed3,dgn_qmix,coord_grid,3,4554,113875,36.0,25,0.09849750000000013,10.173164625962576,100.75351206461589,197.4499638749985
dgn_qmix__N4__ring__seed3,dgn_qmix,coord_grid,3,4555,113900,72.0,25,0.09829958333333333,6.445109208424886,98.74641418457031,197.49462195899105
dgn_qmix__N4__ring__seed3,dgn_qmix,coord_grid,3,4556,113925,56.0,25,0.09810166666666664,8.03007355758122,85.04201207842145,197.54489095899044
dgn_qmix__N4__ring__seed3,dgn_qmix,coord_grid,3,4557,113950,5.0,25,0.09790375000000007,6.297808796167374,83.43237241109212,197.58853141701547
dgn_qmix__N4__ring__seed3,dgn_qmix,coord_grid,3,4558,113975,48.0,25,0.09770583333333338,7.340452045202255,79.11867268880208,197.63099762500497
dgn_qmix__N4__ring__seed3,dgn_qmix,coord_grid,3,4559,114000,61.0,25,0.0975079166666667,14.049253523349762,42.335225105285645,197.67456704203505
dgn_qmix__N4__ring__seed3,dgn_qmix,coord_grid,3,4560,114025,81.0,25,0.09731000000000001,11.603135406970978,47.415604727608816,197.72410325001692
dgn_qmix__N4__ring__seed3,dgn_qmix,coord_grid,3,4561,114050,84.0,25,0.09711208333333343,12.965785582860311,97.88685989379883,197.76853658398613
dgn_qmix__N4__ring__seed3,dgn_qmix,coord_grid,3,4562,114075,81.0,25,0.09691416666666675,5.579192856947581,91.52412287394206,197.8123435000307
dgn_qmix__N4__ring__seed3,dgn_qmix,coord_grid,3,4563,114100,44.0,25,0.09671625000000006,6.812292655309041,121.8167298634847,197.85679654200794
dgn_qmix__N4__ring__seed3,dgn_qmix,coord_grid,3,4564,114125,49.0,25,0.09651833333333337,5.692017759595599,74.13306862967355,197.9066509170225
dgn_qmix__N4__ring__seed3,dgn_qmix,coord_grid,3,4565,114150,78.0,25,0.09632041666666669,11.97903742392858,88.93336804707845,197.9517786669894
dgn_qmix__N4__ring__seed3,dgn_qmix,coord_grid,3,4566,114175,66.0,25,0.0961225,4.687655419111252,73.26515452067058,197.99550650001038
dgn_qmix__N4__ring__seed3,dgn_qmix,coord_grid,3,4567,114200,67.0,25,0.09592458333333331,9.09255337715149,81.05184427897136,198.03925383399474
dgn_qmix__N4__ring__seed3,dgn_qmix,coord_grid,3,4568,114225,74.0,25,0.09572666666666674,9.376111217907496,72.05684007917132,198.08847116702236
dgn_qmix__N4__ring__seed3,dgn_qmix,coord_grid,3,4569,114250,65.0,25,0.09552875000000005,3.7036266724268594,102.08008130391438,198.13243004202377
dgn_qmix__N4__ring__seed3,dgn_qmix,coord_grid,3,4570,114275,87.0,25,0.09533083333333336,10.711990267038345,83.70229148864746,198.1758465419989
dgn_qmix__N4__ring__seed3,dgn_qmix,coord_grid,3,4571,114300,71.0,25,0.09513291666666679,9.03893792629242,72.15344683329265,198.22018920903793
dgn_qmix__N4__ring__seed3,dgn_qmix,coord_grid,3,4572,114325,84.0,25,0.0949350000000001,4.882732221058437,59.441133226667134,198.27027595898835
dgn_qmix__N4__ring__seed3,dgn_qmix,coord_grid,3,4573,114350,84.0,25,0.0947370833333333,9.020263036092123,55.110082944234215,198.3138774590334
dgn_qmix__N4__ring__seed3,dgn_qmix,coord_grid,3,4574,114375,72.0,25,0.09453916666666673,7.092865069707234,64.01009877522786,198.35771358403144
dgn_qmix__N4__ring__seed3,dgn_qmix,coord_grid,3,4575,114400,75.0,25,0.09434125000000004,8.992095023393631,60.577178955078125,198.4011618340155
dgn_qmix__N4__ring__seed3,dgn_qmix,coord_grid,3,4576,114425,77.0,25,0.09414333333333336,8.66624926669257,56.25004686628069,198.4502267090138
dgn_qmix__N4__ring__seed3,dgn_qmix,coord_grid,3,4577,114450,80.0,25,0.09394541666666667,7.615639607111613,95.16753832499187,198.494343709026
dgn_qmix__N4__ring__seed3,dgn_qmix,coord_grid,3,4578,114475,74.0,25,0.0937475000000001,11.90192981561025,80.20003255208333,198.53787491703406
dgn_qmix__N4__ring__seed3,dgn_qmix,coord_grid,3,4579,114500,84.0,25,0.09354958333333341,14.236697713534037,90.42381477355957,198.5820176670095
dgn_qmix__N4__ring__seed3,dgn_qmix,coord_grid,3,4580,114525,82.0,25,0.09335166666666672,12.588505813053676,66.36016409737724,198.63117916701594
dgn_qmix__N4__ring__seed3,dgn_qmix,coord_grid,3,4581,114550,42.0,25,0.09315375000000004,9.187839726607004,49.00118923187256,198.67489687498892
dgn_qmix__N4__ring__seed3,dgn_qmix,coord_grid,3,4582,114575,73.0,25,0.09295583333333335,9.887632459402084,54.62995719909668,198.7194840000011
dgn_qmix__N4__ring__seed3,dgn_qmix,coord_grid,3,4583,114600,75.0,25,0.09275791666666666,8.270445426305136,71.20941797892253,198.76397570903646
dgn_qmix__N4__ring__seed3,dgn_qmix,coord_grid,3,4584,114625,62.0,25,0.09255999999999998,7.768294334411621,117.17773982456752,198.8138804170303
dgn_qmix__N4__ring__seed3,dgn_qmix,coord_grid,3,4585,114650,73.0,25,0.0923620833333334,6.712698936462402,77.88550059000652,198.85798262502067
dgn_qmix__N4__ring__seed3,dgn_qmix,coord_grid,3,4586,114675,70.0,25,0.09216416666666671,9.718466619650522,98.05189259847005,198.90173174999654
dgn_qmix__N4__ring__seed3,dgn_qmix,coord_grid,3,4587,114700,53.0,25,0.09196625000000003,10.123116374015808,48.77608871459961,198.9451499170391
dgn_qmix__N4__ring__seed3,dgn_qmix,coord_grid,3,4588,114725,86.0,25,0.09176833333333345,7.297612905502319,42.90264892578125,198.99407904199325
dgn_qmix__N4__ring__seed3,dgn_qmix,coord_grid,3,4589,114750,52.0,25,0.09157041666666677,6.4690981805324554,58.49711799621582,199.0366612499929
dgn_qmix__N4__ring__seed3,dgn_qmix,coord_grid,3,4590,114775,48.0,25,0.09137249999999997,11.084632078806559,49.77994283040365,199.07966804201715
dgn_qmix__N4__ring__seed3,dgn_qmix,coord_grid,3,4591,114800,68.0,25,0.09117458333333328,8.46857194105784,87.77563031514485,199.12254775001202
dgn_qmix__N4__ring__seed3,dgn_qmix,coord_grid,3,4592,114825,67.0,25,0.0909766666666667,8.717384900365557,80.76930182320731,199.17191012500552
dgn_qmix__N4__ring__seed3,dgn_qmix,coord_grid,3,4593,114850,90.0,25,0.09077875000000002,11.31734530131022,115.89807065327962,199.21552000002703
dgn_qmix__N4__ring__seed3,dgn_qmix,coord_grid,3,4594,114875,73.0,25,0.09058083333333333,10.507072667280832,126.61123593648274,199.25979745900258
dgn_qmix__N4__ring__seed3,dgn_qmix,coord_grid,3,4595,114900,80.0,25,0.09038291666666676,6.859179814656575,116.65166918436687,199.30392041703453
dgn_qmix__N4__ring__seed3,dgn_qmix,coord_grid,3,4596,114925,63.0,25,0.09018500000000007,8.941757270268031,38.03937176295689,199.35285458399449
dgn_qmix__N4__ring__seed3,dgn_qmix,coord_grid,3,4597,114950,75.0,25,0.08998708333333338,8.208844383557638,72.59816773732503,199.39667016698513
dgn_qmix__N4__ring__seed3,dgn_qmix,coord_grid,3,4598,114975,77.0,25,0.08978916666666681,8.66315253575643,114.99898465474446,199.44081066700164
dgn_qmix__N4__ring__seed3,dgn_qmix,coord_grid,3,4599,115000,84.0,25,0.08959125000000001,6.945489784081777,113.6678072611491,199.48526054201648
dgn_qmix__N4__ring__seed3,dgn_qmix,coord_grid,3,4600,115025,83.0,25,0.08939333333333332,6.313381637845721,107.02768816266742,199.534932709008
dgn_qmix__N4__ring__seed3,dgn_qmix,coord_grid,3,4601,115050,74.0,25,0.08919541666666664,8.584630290667215,87.98799578348796,199.57917525002267
dgn_qmix__N4__ring__seed3,dgn_qmix,coord_grid,3,4602,115075,86.0,25,0.08899750000000006,4.22419406970342,121.89699872334798,199.62353566702222
dgn_qmix__N4__ring__seed3,dgn_qmix,coord_grid,3,4603,115100,78.0,25,0.08879958333333338,7.252027412255605,145.29436111450195,199.66653229203075
dgn_qmix__N4__ring__seed3,dgn_qmix,coord_grid,3,4604,115125,90.0,25,0.08860166666666669,4.171336455004556,71.25429480416435,199.7153216250008
dgn_qmix__N4__ring__seed3,dgn_qmix,coord_grid,3,4605,115150,87.0,25,0.08840375000000011,7.331248641014099,57.3575185139974,199.7589875840349
dgn_qmix__N4__ring__seed3,dgn_qmix,coord_grid,3,4606,115175,80.0,25,0.08820583333333343,5.43671041727066,51.7141949335734,199.80248183402
dgn_qmix__N4__ring__seed3,dgn_qmix,coord_grid,3,4607,115200,67.0,25,0.08800791666666674,6.697436571121216,101.76427205403645,199.84720633400138
dgn_qmix__N4__ring__seed3,dgn_qmix,coord_grid,3,4608,115225,29.0,25,0.08780999999999994,7.38737382207598,66.61453001839774,199.89627174998168
dgn_qmix__N4__ring__seed3,dgn_qmix,coord_grid,3,4609,115250,77.0,25,0.08761208333333337,8.53942354520162,63.9560276667277,199.93997704202775
dgn_qmix__N4__ring__seed3,dgn_qmix,coord_grid,3,4610,115275,38.0,25,0.08741416666666668,10.867336670557657,55.837331453959145,199.98338258400327
dgn_qmix__N4__ring__seed3,dgn_qmix,coord_grid,3,4611,115300,62.0,25,0.08721625,4.845773269732793,57.18777815500895,200.0274651669897
dgn_qmix__N4__ring__seed3,dgn_qmix,coord_grid,3,4612,115325,82.0,25,0.08701833333333342,3.4167573111397878,78.10624149867466,200.0763732920168
dgn_qmix__N4__ring__seed3,dgn_qmix,coord_grid,3,4613,115350,86.0,25,0.08682041666666673,10.00918702284495,38.113237380981445,200.12019370903727
dgn_qmix__N4__ring__seed3,dgn_qmix,coord_grid,3,4614,115375,85.0,25,0.08662250000000005,12.88834641377131,57.411606788635254,200.16414120898116
dgn_qmix__N4__ring__seed3,dgn_qmix,coord_grid,3,4615,115400,76.0,25,0.08642458333333347,12.940730571746826,38.37989012400309,200.2086387919844
dgn_qmix__N4__ring__seed3,dgn_qmix,coord_grid,3,4616,115425,73.0,25,0.08622666666666667,6.947589959417071,147.4194564819336,200.25790666701505
dgn_qmix__N4__ring__seed3,dgn_qmix,coord_grid,3,4617,115450,3.0,25,0.08602874999999999,9.32661078373591,130.11038716634116,200.30250145902392
dgn_qmix__N4__ring__seed3,dgn_qmix,coord_grid,3,4618,115475,72.0,25,0.0858308333333333,9.913879911104837,124.88391812642415,200.34578650002368
dgn_qmix__N4__ring__seed3,dgn_qmix,coord_grid,3,4619,115500,76.0,25,0.08563291666666673,9.081309199333191,125.5161984761556,200.3924537919811
dgn_qmix__N4__ring__seed3,dgn_qmix,coord_grid,3,4620,115525,36.0,25,0.08543500000000004,9.201972161020551,98.469968523298,200.4413150420296
dgn_qmix__N4__ring__seed3,dgn_qmix,coord_grid,3,4621,115550,90.0,25,0.08523708333333335,8.8396497964859,99.86776987711589,200.48599758400815
dgn_qmix__N4__ring__seed3,dgn_qmix,coord_grid,3,4622,115575,84.0,25,0.08503916666666678,5.949485619862874,64.48145357767741,200.5294289169833
dgn_qmix__N4__ring__seed3,dgn_qmix,coord_grid,3,4623,115600,63.0,25,0.08484125000000009,10.48318561911583,67.2020788192749,200.57285670901183
dgn_qmix__N4__ring__seed3,dgn_qmix,coord_grid,3,4624,115625,83.0,25,0.0846433333333334,9.569850308554512,62.738159724644255,200.62168770900462
dgn_qmix__N4__ring__seed3,dgn_qmix,coord_grid,3,4625,115650,80.0,25,0.0844454166666666,9.355270942052206,51.648664792378746,200.6656236249837
dgn_qmix__N4__ring__seed3,dgn_qmix,coord_grid,3,4626,115675,71.0,25,0.08424750000000003,10.85702129205068,123.30641587575276,200.70959250000305
dgn_qmix__N4__ring__seed3,dgn_qmix,coord_grid,3,4627,115700,71.0,25,0.08404958333333334,10.480518102645874,77.48977947235107,200.7540619589854
dgn_qmix__N4__ring__seed3,dgn_qmix,coord_grid,3,4628,115725,73.0,25,0.08385166666666666,10.508498396192278,50.46724591936384,200.8038618339924
dgn_qmix__N4__ring__seed3,dgn_qmix,coord_grid,3,4629,115750,85.0,25,0.08365375000000008,10.43390691280365,77.40389696756999,200.84781816700706
dgn_qmix__N4__ring__seed3,dgn_qmix,coord_grid,3,4630,115775,42.0,25,0.0834558333333334,11.840123256047567,88.12047704060872,200.8916615000344
dgn_qmix__N4__ring__seed3,dgn_qmix,coord_grid,3,4631,115800,68.0,25,0.08325791666666671,11.288039684295654,86.44097169240315,200.9349603750161
dgn_qmix__N4__ring__seed3,dgn_qmix,coord_grid,3,4632,115825,80.0,25,0.08306000000000013,11.106506960732597,67.77110508510044,200.98371050000424
dgn_qmix__N4__ring__seed3,dgn_qmix,coord_grid,3,4633,115850,92.0,25,0.08286208333333345,7.826027870178223,100.46310361226399,201.02824549999787
dgn_qmix__N4__ring__seed3,dgn_qmix,coord_grid,3,4634,115875,90.0,25,0.08266416666666665,8.536287208398184,83.16598955790202,201.071936250024
dgn_qmix__N4__ring__seed3,dgn_qmix,coord_grid,3,4635,115900,82.0,25,0.08246624999999996,5.011304795742035,112.83033466339111,201.1152183340164
dgn_qmix__N4__ring__seed3,dgn_qmix,coord_grid,3,4636,115925,76.0,25,0.08226833333333339,7.34754170690264,52.94091388157436,201.16408600000432
dgn_qmix__N4__ring__seed3,dgn_qmix,coord_grid,3,4637,115950,78.0,25,0.0820704166666667,13.803795178731283,42.312131563822426,201.20791500003543
dgn_qmix__N4__ring__seed3,dgn_qmix,coord_grid,3,4638,115975,92.0,25,0.08187250000000001,8.49717120329539,61.73722457885742,201.2554448340088
dgn_qmix__N4__ring__seed3,dgn_qmix,coord_grid,3,4639,116000,72.0,25,0.08167458333333344,7.017544547716777,84.31801954905193,201.30039387498982
dgn_qmix__N4__ring__seed3,dgn_qmix,coord_grid,3,4640,116025,65.0,25,0.08147666666666675,8.830399581364222,55.51068769182478,201.3496415420086
dgn_qmix__N4__ring__seed3,dgn_qmix,coord_grid,3,4641,116050,80.0,25,0.08127875000000007,10.208029866218567,68.6320063273112,201.39336204202846
dgn_qmix__N4__ring__seed3,dgn_qmix,coord_grid,3,4642,116075,87.0,25,0.08108083333333338,6.725440541903178,77.08727073669434,201.43777725001564
dgn_qmix__N4__ring__seed3,dgn_qmix,coord_grid,3,4643,116100,79.0,25,0.0808829166666667,7.111893018086751,85.54945087432861,201.4814145420096
dgn_qmix__N4__ring__seed3,dgn_qmix,coord_grid,3,4644,116125,86.0,25,0.080685,11.46007696219853,51.64030129568918,201.53062508400762
dgn_qmix__N4__ring__seed3,dgn_qmix,coord_grid,3,4645,116150,74.0,25,0.08048708333333332,10.244808673858643,112.22059758504231,201.5744531250093
dgn_qmix__N4__ring__seed3,dgn_qmix,coord_grid,3,4646,116175,67.0,25,0.08028916666666674,9.82060295343399,111.14710362752278,201.6177505000378
dgn_qmix__N4__ring__seed3,dgn_qmix,coord_grid,3,4647,116200,78.0,25,0.08009125000000006,5.932750244935353,89.80496978759766,201.66217354201945
dgn_qmix__N4__ring__seed3,dgn_qmix,coord_grid,3,4648,116225,76.0,25,0.07989333333333337,8.102328504834857,119.46179526192802,201.71106208401034
dgn_qmix__N4__ring__seed3,dgn_qmix,coord_grid,3,4649,116250,81.0,25,0.0796954166666668,8.723049024740854,54.7024834950765,201.75496950000525
dgn_qmix__N4__ring__seed3,dgn_qmix,coord_grid,3,4650,116275,84.0,25,0.07949750000000011,5.850213249524434,46.131598790486656,201.79903475003084
dgn_qmix__N4__ring__seed3,dgn_qmix,coord_grid,3,4651,116300,87.0,25,0.07929958333333331,13.473586082458496,70.07479349772136,201.84295075002592
dgn_qmix__N4__ring__seed3,dgn_qmix,coord_grid,3,4652,116325,68.0,25,0.07910166666666663,3.828246831893921,88.85016686575753,201.89207183400868
dgn_qmix__N4__ring__seed3,dgn_qmix,coord_grid,3,4653,116350,89.0,25,0.07890375000000005,11.906566381454468,90.911314646403,201.93547370901797
dgn_qmix__N4__ring__seed3,dgn_qmix,coord_grid,3,4654,116375,63.0,25,0.07870583333333336,8.114053189754486,125.74739011128743,201.979133041983
dgn_qmix__N4__ring__seed3,dgn_qmix,coord_grid,3,4655,116400,65.0,25,0.07850791666666668,5.050234357515971,89.02926349639893,202.02309533400694
dgn_qmix__N4__ring__seed3,dgn_qmix,coord_grid,3,4656,116425,77.0,25,0.0783100000000001,10.880132062094551,67.5845080784389,202.0720938339946
dgn_qmix__N4__ring__seed3,dgn_qmix,coord_grid,3,4657,116450,71.0,25,0.07811208333333342,11.60818370183309,38.719715436299644,202.11601108399918
dgn_qmix__N4__ring__seed3,dgn_qmix,coord_grid,3,4658,116475,85.0,25,0.07791416666666673,11.753072301546732,75.26498349507649,202.1599712499883
dgn_qmix__N4__ring__seed3,dgn_qmix,coord_grid,3,4659,116500,79.0,25,0.07771625000000004,8.084835012753805,97.19533602396648,202.20426383399172
dgn_qmix__N4__ring__seed3,dgn_qmix,coord_grid,3,4660,116525,67.0,25,0.07751833333333336,8.222923346928187,50.89093153817313,202.25393129198346
dgn_qmix__N4__ring__seed3,dgn_qmix,coord_grid,3,4661,116550,80.0,25,0.07732041666666667,9.60990192492803,91.9984359741211,202.29715133400168
dgn_qmix__N4__ring__seed3,dgn_qmix,coord_grid,3,4662,116575,58.0,25,0.07712249999999998,8.741034309069315,99.49097506205241,202.34044262499083
dgn_qmix__N4__ring__seed3,dgn_qmix,coord_grid,3,4663,116600,15.0,25,0.07692458333333341,8.927111784617106,77.18417867024739,202.3839600420324
dgn_qmix__N4__ring__seed3,dgn_qmix,coord_grid,3,4664,116625,80.0,25,0.07672666666666672,6.231647849082947,56.47096470424107,202.4321252090158
dgn_qmix__N4__ring__seed3,dgn_qmix,coord_grid,3,4665,116650,67.0,25,0.07652875000000003,6.703128635883331,62.2611083984375,202.47541841701604
dgn_qmix__N4__ring__seed3,dgn_qmix,coord_grid,3,4666,116675,85.0,25,0.07633083333333335,9.748519440491995,58.57031536102295,202.5191563339904
dgn_qmix__N4__ring__seed3,dgn_qmix,coord_grid,3,4667,116700,90.0,25,0.07613291666666677,9.916463295618692,105.69301478068034,202.5635810419917
dgn_qmix__N4__ring__seed3,dgn_qmix,coord_grid,3,4668,116725,73.0,25,0.07593500000000009,10.03565342085702,64.7772742680141,202.61163975001546
dgn_qmix__N4__ring__seed3,dgn_qmix,coord_grid,3,4669,116750,80.0,25,0.07573708333333329,10.910643021265665,67.42575772603352,202.65645062498515
dgn_qmix__N4__ring__seed3,dgn_qmix,coord_grid,3,4670,116775,57.0,25,0.07553916666666671,7.009053826332092,114.4085865020752,202.721820167033
dgn_qmix__N4__ring__seed3,dgn_qmix,coord_grid,3,4671,116800,79.0,25,0.07534125000000003,9.727532426516214,53.593894958496094,202.79522641701624
dgn_qmix__N4__ring__seed3,dgn_qmix,coord_grid,3,4672,116825,86.0,25,0.07514333333333334,6.005639101777758,66.74027252197266,202.8451391250128
dgn_qmix__N4__ring__seed3,dgn_qmix,coord_grid,3,4673,116850,75.0,25,0.07494541666666676,11.291278580824534,48.7838929494222,202.88887712499127
dgn_qmix__N4__ring__seed3,dgn_qmix,coord_grid,3,4674,116875,86.0,25,0.07474750000000008,5.915828863779704,49.039066314697266,202.93335104198195
dgn_qmix__N4__ring__seed3,dgn_qmix,coord_grid,3,4675,116900,82.0,25,0.07454958333333339,7.837994048992793,50.82878589630127,202.97687504201895
dgn_qmix__N4__ring__seed3,dgn_qmix,coord_grid,3,4676,116925,79.0,25,0.0743516666666667,9.239202959196907,72.68784822736468,203.02544991701143
dgn_qmix__N4__ring__seed3,dgn_qmix,coord_grid,3,4677,116950,77.0,25,0.07415375000000002,6.440631151199341,104.36672147115071,203.06987004203256
dgn_qmix__N4__ring__seed3,dgn_qmix,coord_grid,3,4678,116975,52.0,25,0.07395583333333333,5.640343566735585,104.1615784962972,203.1131989590358
dgn_qmix__N4__ring__seed3,dgn_qmix,coord_grid,3,4679,117000,77.0,25,0.07375791666666665,8.101660052935282,100.23892339070638,203.15725062502315
dgn_qmix__N4__ring__seed3,dgn_qmix,coord_grid,3,4680,117025,91.0,25,0.07356000000000007,11.365890196391515,141.30394526890345,203.20645749999676
dgn_qmix__N4__ring__seed3,dgn_qmix,coord_grid,3,4681,117050,93.0,25,0.07336208333333338,9.25548768043518,99.54393132527669,203.25151495903265
dgn_qmix__N4__ring__seed3,dgn_qmix,coord_grid,3,4682,117075,92.0,25,0.0731641666666667,10.938010036945343,127.54508145650227,203.29528212500736
dgn_qmix__N4__ring__seed3,dgn_qmix,coord_grid,3,4683,117100,73.0,25,0.07296625000000001,10.267827928066254,156.51056289672852,203.33892570901662
dgn_qmix__N4__ring__seed3,dgn_qmix,coord_grid,3,4684,117125,67.0,25,0.07276833333333343,9.788346290588379,106.98284448896136,203.3871697090217
dgn_qmix__N4__ring__seed3,dgn_qmix,coord_grid,3,4685,117150,81.0,25,0.07257041666666675,11.944102704524994,139.57398796081543,203.4309803750366
dgn_qmix__N4__ring__seed3,dgn_qmix,coord_grid,3,4686,117175,55.0,25,0.07237249999999995,12.054106752077738,129.84329795837402,203.47546204202808
dgn_qmix__N4__ring__seed3,dgn_qmix,coord_grid,3,4687,117200,75.0,25,0.07217458333333338,9.320241828759512,173.75424194335938,203.5191967500141
dgn_qmix__N4__ring__seed3,dgn_qmix,coord_grid,3,4688,117225,81.0,25,0.07197666666666669,8.69201101575579,119.22395433698382,203.56794370902935
dgn_qmix__N4__ring__seed3,dgn_qmix,coord_grid,3,4689,117250,69.0,25,0.07177875,8.367266376813253,118.09601974487305,203.61151499999687
dgn_qmix__N4__ring__seed3,dgn_qmix,coord_grid,3,4690,117275,78.0,25,0.07158083333333343,12.109278202056885,109.36222394307454,203.65584891702747
dgn_qmix__N4__ring__seed3,dgn_qmix,coord_grid,3,4691,117300,74.0,25,0.07138291666666674,8.720119655132294,72.14033349355061,203.69966991699766
dgn_qmix__N4__ring__seed3,dgn_qmix,coord_grid,3,4692,117325,86.0,25,0.07118500000000005,7.453050238745553,111.79257202148438,203.74953254201682
dgn_qmix__N4__ring__seed3,dgn_qmix,coord_grid,3,4693,117350,64.0,25,0.07098708333333337,6.291144569714864,116.24635569254558,203.79308533400763
dgn_qmix__N4__ring__seed3,dgn_qmix,coord_grid,3,4694,117375,76.0,25,0.07078916666666679,5.228516399860382,113.49700927734375,203.83721591701033
dgn_qmix__N4__ring__seed3,dgn_qmix,coord_grid,3,4695,117400,84.0,25,0.07059125,6.976003845532735,81.66839917500813,203.88111012498848
dgn_qmix__N4__ring__seed3,dgn_qmix,coord_grid,3,4696,117425,82.0,25,0.07039333333333331,7.729314735957554,90.01994596208844,203.929987874988
dgn_qmix__N4__ring__seed3,dgn_qmix,coord_grid,3,4697,117450,80.0,25,0.07019541666666673,9.621801932652792,38.392082850138344,203.97445845900802
dgn_qmix__N4__ring__seed3,dgn_qmix,coord_grid,3,4698,117475,79.0,25,0.06999750000000005,11.691630442937216,91.63828595479329,204.01771266700234
dgn_qmix__N4__ring__seed3,dgn_qmix,coord_grid,3,4699,117500,87.0,25,0.06979958333333336,6.82729168732961,77.57909266153972,204.0618368340074
dgn_qmix__N4__ring__seed3,dgn_qmix,coord_grid,3,4700,117525,80.0,25,0.06960166666666667,9.077721902302333,80.40095356532505,204.1107423750218
dgn_qmix__N4__ring__seed3,dgn_qmix,coord_grid,3,4701,117550,83.0,25,0.0694037500000001,5.314779977003734,86.08620325724284,204.15428479202092
dgn_qmix__N4__ring__seed3,dgn_qmix,coord_grid,3,4702,117575,82.0,25,0.06920583333333341,7.122602661450704,127.47604751586914,204.19785041699652
dgn_qmix__N4__ring__seed3,dgn_qmix,coord_grid,3,4703,117600,77.0,25,0.06900791666666672,10.96397982041041,117.39216550191243,204.24120258400217
dgn_qmix__N4__ring__seed3,dgn_qmix,coord_grid,3,4704,117625,86.0,25,0.06881000000000004,11.652053492409843,104.34927722385952,204.29035825002939
dgn_qmix__N4__ring__seed3,dgn_qmix,coord_grid,3,4705,117650,74.0,25,0.06861208333333335,8.002320488293966,90.26368459065755,204.33350383403013
dgn_qmix__N4__ring__seed3,dgn_qmix,coord_grid,3,4706,117675,78.0,25,0.06841416666666666,8.020470778147379,112.86166699727376,204.37732012500055
dgn_qmix__N4__ring__seed3,dgn_qmix,coord_grid,3,4707,117700,81.0,25,0.06821625000000009,7.203733325004578,54.12439092000326,204.42067100002896
dgn_qmix__N4__ring__seed3,dgn_qmix,coord_grid,3,4708,117725,89.0,25,0.0680183333333334,5.185454257896969,59.78044537135533,204.47051750001265
dgn_qmix__N4__ring__seed3,dgn_qmix,coord_grid,3,4709,117750,73.0,25,0.06782041666666672,10.931448936462402,56.71462027231852,204.51367266703164
dgn_qmix__N4__ring__seed3,dgn_qmix,coord_grid,3,4710,117775,25.0,25,0.06762250000000003,9.811764796574911,104.91289520263672,204.5568420420168
dgn_qmix__N4__ring__seed3,dgn_qmix,coord_grid,3,4711,117800,78.0,25,0.06742458333333345,9.888412872950235,98.29063351949056,204.6005319590331
dgn_qmix__N4__ring__seed3,dgn_qmix,coord_grid,3,4712,117825,88.0,25,0.06722666666666666,10.158959593091692,150.90945652553015,204.6498372090282
dgn_qmix__N4__ring__seed3,dgn_qmix,coord_grid,3,4713,117850,68.0,25,0.06702874999999997,10.245835661888123,116.10128911336263,204.69390466698678
dgn_qmix__N4__ring__seed3,dgn_qmix,coord_grid,3,4714,117875,87.0,25,0.0668308333333334,5.590218981107076,123.1316105524699,204.73763008398237
dgn_qmix__N4__ring__seed3,dgn_qmix,coord_grid,3,4715,117900,85.0,25,0.06663291666666671,10.383471647898356,138.61956977844238,204.7813580420334
dgn_qmix__N4__ring__seed3,dgn_qmix,coord_grid,3,4716,117925,80.0,25,0.06643500000000002,11.23652958869934,114.3086803981236,204.8310183340218
dgn_qmix__N4__ring__seed3,dgn_qmix,coord_grid,3,4717,117950,75.0,25,0.06623708333333334,5.250491251548131,50.65756797790527,204.87484637502348
dgn_qmix__N4__ring__seed3,dgn_qmix,coord_grid,3,4718,117975,82.0,25,0.06603916666666676,6.157221396764119,76.43692207336426,204.91930770903127
dgn_qmix__N4__ring__seed3,dgn_qmix,coord_grid,3,4719,118000,34.0,25,0.06584125000000007,6.451885461807251,123.92344093322754,204.96226025000215
dgn_qmix__N4__ring__seed3,dgn_qmix,coord_grid,3,4720,118025,86.0,25,0.06564333333333339,10.856080191476005,81.93400355747768,205.01135866699042
dgn_qmix__N4__ring__seed3,dgn_qmix,coord_grid,3,4721,118050,67.0,25,0.0654454166666667,10.909482717514038,65.60025024414062,205.05484487500507
dgn_qmix__N4__ring__seed3,dgn_qmix,coord_grid,3,4722,118075,84.0,25,0.06524750000000001,5.359333296616872,109.89590644836426,205.09823333402164
dgn_qmix__N4__ring__seed3,dgn_qmix,coord_grid,3,4723,118100,87.0,25,0.06504958333333333,8.014436592658361,59.532480239868164,205.14047762501286
dgn_qmix__N4__ring__seed3,dgn_qmix,coord_grid,3,4724,118125,43.0,25,0.06485166666666675,11.224520589624133,83.71636472429547,205.1895689170342
dgn_qmix__N4__ring__seed3,dgn_qmix,coord_grid,3,4725,118150,69.0,25,0.06465375000000007,6.834709465503693,83.26580301920573,205.23289191699587
dgn_qmix__N4__ring__seed3,dgn_qmix,coord_grid,3,4726,118175,80.0,25,0.06445583333333338,7.6199482679367065,61.89879067738851,205.2764530419954
dgn_qmix__N4__ring__seed3,dgn_qmix,coord_grid,3,4727,118200,35.0,25,0.06425791666666669,6.975406229496002,40.19147650400797,205.32033145899186
dgn_qmix__N4__ring__seed3,dgn_qmix,coord_grid,3,4728,118225,71.0,25,0.06406000000000012,4.778953518186297,62.137711661202566,205.36976304202108
dgn_qmix__N4__ring__seed3,dgn_qmix,coord_grid,3,4729,118250,78.0,25,0.06386208333333343,11.1014763712883,120.04690424601237,205.41569120902568
dgn_qmix__N4__ring__seed3,dgn_qmix,coord_grid,3,4730,118275,58.0,25,0.06366416666666663,8.64786990483602,117.79723230997722,205.46073037502356
dgn_qmix__N4__ring__seed3,dgn_qmix,coord_grid,3,4731,118300,48.0,25,0.06346625000000006,7.608685731887817,128.98146184285483,205.50466012500692
dgn_qmix__N4__ring__seed3,dgn_qmix,coord_grid,3,4732,118325,65.0,25,0.06326833333333337,6.743720659187862,142.62396948678153,205.55386729200836
dgn_qmix__N4__ring__seed3,dgn_qmix,coord_grid,3,4733,118350,69.0,25,0.06307041666666668,7.2830506563186646,134.83704630533853,205.59743966703536
dgn_qmix__N4__ring__seed3,dgn_qmix,coord_grid,3,4734,118375,84.0,25,0.0628725,9.531437277793884,160.6396573384603,205.64156145899324
dgn_qmix__N4__ring__seed3,dgn_qmix,coord_grid,3,4735,118400,91.0,25,0.06267458333333342,7.240087588628133,85.06199709574382,205.68472791701788
dgn_qmix__N4__ring__seed3,dgn_qmix,coord_grid,3,4736,118425,86.0,25,0.062476666666666736,10.398856793131147,102.83733258928571,205.7344310840126
dgn_qmix__N4__ring__seed3,dgn_qmix,coord_grid,3,4737,118450,86.0,25,0.06227875000000005,8.626956105232239,117.41175778706868,205.77871120901546
dgn_qmix__N4__ring__seed3,dgn_qmix,coord_grid,3,4738,118475,87.0,25,0.06208083333333336,7.4565532604853315,90.38698228200276,205.8226073749829
dgn_qmix__N4__ring__seed3,dgn_qmix,coord_grid,3,4739,118500,81.0,25,0.061882916666666676,9.15576982498169,141.33006064097086,205.86561345902737
dgn_qmix__N4__ring__seed3,dgn_qmix,coord_grid,3,4740,118525,83.0,25,0.06168499999999999,12.826565844672066,102.71386555262974,205.91457166703185
dgn_qmix__N4__ring__seed3,dgn_qmix,coord_grid,3,4741,118550,77.0,25,0.0614870833333333,4.612312893072764,83.39487902323405,205.95874316699337
dgn_qmix__N4__ring__seed3,dgn_qmix,coord_grid,3,4742,118575,75.0,25,0.06128916666666673,7.688380221525828,53.343776067097984,206.00325108401012
dgn_qmix__N4__ring__seed3,dgn_qmix,coord_grid,3,4743,118600,92.0,25,0.06109125000000004,6.365633110205333,85.56910228729248,206.0477370840381
dgn_qmix__N4__ring__seed3,dgn_qmix,coord_grid,3,4744,118625,84.0,25,0.060893333333333355,8.48498787198748,154.8977541242327,206.09752412501257
dgn_qmix__N4__ring__seed3,dgn_qmix,coord_grid,3,4745,118650,72.0,25,0.06069541666666678,7.898859779040019,141.52827739715576,206.14170491701225
dgn_qmix__N4__ring__seed3,dgn_qmix,coord_grid,3,4746,118675,13.0,25,0.06049750000000009,10.293142080307007,107.87482070922852,206.1849683339824
dgn_qmix__N4__ring__seed3,dgn_qmix,coord_grid,3,4747,118700,63.0,25,0.060299583333333295,10.631973187128702,126.05190404256184,206.22839720902266
dgn_qmix__N4__ring__seed3,dgn_qmix,coord_grid,3,4748,118725,80.0,25,0.06010166666666672,9.937451686177935,115.4059704371861,206.27709437499288
dgn_qmix__N4__ring__seed3,dgn_qmix,coord_grid,3,4749,118750,78.0,25,0.05990375000000003,11.479317943255106,132.19745222727457,206.32125849998556
dgn_qmix__N4__ring__seed3,dgn_qmix,coord_grid,3,4750,118775,90.0,25,0.05970583333333335,8.659502685070038,102.13934834798177,206.36455916700652
dgn_qmix__N4__ring__seed3,dgn_qmix,coord_grid,3,4751,118800,74.0,25,0.05950791666666666,1.7247782945632935,99.54830614725749,206.40767008403782
dgn_qmix__N4__ring__seed3,dgn_qmix,coord_grid,3,4752,118825,78.0,25,0.059310000000000085,4.693658241203853,74.98594692775181,206.45638450002298
dgn_qmix__N4__ring__seed3,dgn_qmix,coord_grid,3,4753,118850,82.0,25,0.0591120833333334,5.44603172938029,64.38668791453044,206.50072025001282
dgn_qmix__N4__ring__seed3,dgn_qmix,coord_grid,3,4754,118875,76.0,25,0.05891416666666671,12.104710578918457,68.50854619344075,206.54397341702133
dgn_qmix__N4__ring__seed3,dgn_qmix,coord_grid,3,4755,118900,86.0,25,0.058716250000000136,7.484118580818176,68.79869778951009,206.58774654200533
dgn_qmix__N4__ring__seed3,dgn_qmix,coord_grid,3,4756,118925,3.0,25,0.05851833333333334,12.741637315068926,70.00452504839215,206.63728187500965
dgn_qmix__N4__ring__seed3,dgn_qmix,coord_grid,3,4757,118950,88.0,25,0.05832041666666665,9.008668879667917,81.54827562967937,206.6819602919859
dgn_qmix__N4__ring__seed3,dgn_qmix,coord_grid,3,4758,118975,90.0,25,0.058122499999999966,5.461038847764333,109.2129503885905,206.7256814999855
dgn_qmix__N4__ring__seed3,dgn_qmix,coord_grid,3,4759,119000,81.0,25,0.05792458333333339,9.01762592792511,115.38240623474121,206.769344291999
dgn_qmix__N4__ring__seed3,dgn_qmix,coord_grid,3,4760,119025,91.0,25,0.057726666666666704,4.949446661131723,62.62799480983189,206.81801975000417
dgn_qmix__N4__ring__seed3,dgn_qmix,coord_grid,3,4761,119050,81.0,25,0.05752875000000002,7.3104930718739825,66.05868657430013,206.86243762500817
dgn_qmix__N4__ring__seed3,dgn_qmix,coord_grid,3,4762,119075,81.0,25,0.05733083333333344,7.427329222361247,53.924954096476235,206.90617729199585
dgn_qmix__N4__ring__seed3,dgn_qmix,coord_grid,3,4763,119100,36.0,25,0.057132916666666755,8.561968127886454,110.31657282511394,206.95041966700228
dgn_qmix__N4__ring__seed3,dgn_qmix,coord_grid,3,4764,119125,88.0,25,0.05693500000000007,10.841003622327532,111.48320715767997,206.9998250839999
dgn_qmix__N4__ring__seed3,dgn_qmix,coord_grid,3,4765,119150,80.0,25,0.05673708333333338,10.52076224486033,128.91322072347006,207.0436057089828
dgn_qmix__N4__ring__seed3,dgn_qmix,coord_grid,3,4766,119175,76.0,25,0.056539166666666696,8.712649782498678,145.8824234008789,207.08743266703095
dgn_qmix__N4__ring__seed3,dgn_qmix,coord_grid,3,4767,119200,92.0,25,0.05634125000000001,8.1440642674764,135.66205342610678,207.1313570420025
dgn_qmix__N4__ring__seed3,dgn_qmix,coord_grid,3,4768,119225,69.0,25,0.05614333333333332,9.89952792440142,129.20237404959542,207.1798014169908
dgn_qmix__N4__ring__seed3,dgn_qmix,coord_grid,3,4769,119250,55.0,25,0.05594541666666675,6.4704978466033936,153.51196670532227,207.22382875002222
dgn_qmix__N4__ring__seed3,dgn_qmix,coord_grid,3,4770,119275,69.0,25,0.05574750000000006,4.815178453922272,100.46230697631836,207.26757533400087
dgn_qmix__N4__ring__seed3,dgn_qmix,coord_grid,3,4771,119300,77.0,25,0.055549583333333374,7.651467442512512,118.47836939493816,207.311276249995
dgn_qmix__N4__ring__seed3,dgn_qmix,coord_grid,3,4772,119325,5.0,25,0.0553516666666668,9.735269393239703,84.61874008178711,207.35982466698624
dgn_qmix__N4__ring__seed3,dgn_qmix,coord_grid,3,4773,119350,80.0,25,0.05515375,15.98648715019226,92.72655963897705,207.40363237500424
dgn_qmix__N4__ring__seed3,dgn_qmix,coord_grid,3,4774,119375,88.0,25,0.054955833333333315,7.1668927272160845,80.12792587280273,207.44796020898502
dgn_qmix__N4__ring__seed3,dgn_qmix,coord_grid,3,4775,119400,84.0,25,0.05475791666666663,19.347851117451984,73.83877436319987,207.49240262503736
dgn_qmix__N4__ring__seed3,dgn_qmix,coord_grid,3,4776,119425,84.0,25,0.05456000000000005,9.031835624149867,171.02304186139787,207.5414738340187
dgn_qmix__N4__ring__seed3,dgn_qmix,coord_grid,3,4777,119450,68.0,25,0.054362083333333366,14.306716124216715,151.7839438120524,207.58647187502356
dgn_qmix__N4__ring__seed3,dgn_qmix,coord_grid,3,4778,119475,81.0,25,0.05416416666666668,7.71360723177592,161.42615254720053,207.62917279201793
dgn_qmix__N4__ring__seed3,dgn_qmix,coord_grid,3,4779,119500,86.0,25,0.053966250000000104,9.06951093673706,192.17462031046549,207.6736198340077
dgn_qmix__N4__ring__seed3,dgn_qmix,coord_grid,3,4780,119525,88.0,25,0.05376833333333342,10.212863615580968,170.2788952418736,207.72347725002328
dgn_qmix__N4__ring__seed3,dgn_qmix,coord_grid,3,4781,119550,84.0,25,0.05357041666666673,9.512215356032053,129.37437057495117,207.76725291699404
dgn_qmix__N4__ring__seed3,dgn_qmix,coord_grid,3,4782,119575,87.0,25,0.053372500000000045,8.03335956732432,103.63938395182292,207.81116654200014
dgn_qmix__N4__ring__seed3,dgn_qmix,coord_grid,3,4783,119600,90.0,25,0.05317458333333336,12.160853286584219,68.19321346282959,207.85459054203238
dgn_qmix__N4__ring__seed3,dgn_qmix,coord_grid,3,4784,119625,77.0,25,0.05297666666666667,10.10511691229684,91.79350444248745,207.90351604198804
dgn_qmix__N4__ring__seed3,dgn_qmix,coord_grid,3,4785,119650,83.0,25,0.052778749999999985,9.275318483511606,81.51581700642903,207.9481304170331
dgn_qmix__N4__ring__seed3,dgn_qmix,coord_grid,3,4786,119675,88.0,25,0.05258083333333341,7.313712894916534,122.53811073303223,207.99224487500032
dgn_qmix__N4__ring__seed3,dgn_qmix,coord_grid,3,4787,119700,86.0,25,0.05238291666666672,6.940332253774007,130.02509943644205,208.03679533401737
dgn_qmix__N4__ring__seed3,dgn_qmix,coord_grid,3,4788,119725,88.0,25,0.05218500000000004,11.587332129478455,111.87556185041156,208.08507983398158
dgn_qmix__N4__ring__seed3,dgn_qmix,coord_grid,3,4789,119750,80.0,25,0.05198708333333346,9.22861115137736,91.7101936340332,208.12836662499467
dgn_qmix__N4__ring__seed3,dgn_qmix,coord_grid,3,4790,119775,90.0,25,0.051789166666666775,5.24312158425649,112.59478823343913,208.1717700419831
dgn_qmix__N4__ring__seed3,dgn_qmix,coord_grid,3,4791,119800,69.0,25,0.05159124999999998,11.191313823064169,122.4182243347168,208.21540954202646
dgn_qmix__N4__ring__seed3,dgn_qmix,coord_grid,3,4792,119825,75.0,25,0.05139333333333329,9.910073127065386,127.1665894644601,208.2645608750172
dgn_qmix__N4__ring__seed3,dgn_qmix,coord_grid,3,4793,119850,83.0,25,0.051195416666666715,7.4951387246449785,99.52144304911296,208.30852058401797
dgn_qmix__N4__ring__seed3,dgn_qmix,coord_grid,3,4794,119875,91.0,25,0.05099750000000003,6.573332707087199,131.98799641927084,208.3519044170389
dgn_qmix__N4__ring__seed3,dgn_qmix,coord_grid,3,4795,119900,83.0,25,0.05079958333333334,10.759069124857584,96.16383298238118,208.3959360840381
dgn_qmix__N4__ring__seed3,dgn_qmix,coord_grid,3,4796,119925,94.0,25,0.05060166666666677,6.932202475411551,143.6343607221331,208.44608191703446
dgn_qmix__N4__ring__seed3,dgn_qmix,coord_grid,3,4797,119950,78.0,25,0.05040375000000008,7.553329368432363,103.96334298451741,208.48992775002262
dgn_qmix__N4__ring__seed3,dgn_qmix,coord_grid,3,4798,119975,69.0,25,0.050205833333333394,12.012583255767822,70.63054021199544,208.53392420901218
dgn_qmix__N4__ring__seed3,dgn_qmix,coord_grid,3,4799,120000,81.0,25,0.05000791666666671,10.189589500427246,94.8673210144043,208.57809466699837
dgn_qmix__N4__ring__seed3,dgn_qmix,coord_grid,3,4800,120025,84.0,25,0.050000000000000044,7.605324489729745,134.80670383998327,208.6274791249889
dgn_qmix__N4__ring__seed3,dgn_qmix,coord_grid,3,4801,120050,92.0,25,0.050000000000000044,11.649696032206217,110.44658025105794,208.6723404590157
dgn_qmix__N4__ring__seed3,dgn_qmix,coord_grid,3,4802,120075,82.0,25,0.050000000000000044,8.498538633187612,108.87963994344075,208.71670666703722
dgn_qmix__N4__ring__seed3,dgn_qmix,coord_grid,3,4803,120100,79.0,25,0.050000000000000044,12.927331844965616,64.06882095336914,208.76108720898628
dgn_qmix__N4__ring__seed3,dgn_qmix,coord_grid,3,4804,120125,89.0,25,0.050000000000000044,9.274980579103742,95.35296276637486,208.809635624988
dgn_qmix__N4__ring__seed3,dgn_qmix,coord_grid,3,4805,120150,86.0,25,0.050000000000000044,8.441845754782358,107.20151074727376,208.85363929200685
dgn_qmix__N4__ring__seed3,dgn_qmix,coord_grid,3,4806,120175,86.0,25,0.050000000000000044,9.457268198331198,79.64294115702312,208.89689408399863
dgn_qmix__N4__ring__seed3,dgn_qmix,coord_grid,3,4807,120200,65.0,25,0.050000000000000044,9.482327063878378,97.58978080749512,208.94150362501387
dgn_qmix__N4__ring__seed3,dgn_qmix,coord_grid,3,4808,120225,90.0,25,0.050000000000000044,5.395072834832328,183.94998359680176,208.99048620898975
dgn_qmix__N4__ring__seed3,dgn_qmix,coord_grid,3,4809,120250,83.0,25,0.050000000000000044,8.084402223428091,163.19225438435873,209.03436783398502
dgn_qmix__N4__ring__seed3,dgn_qmix,coord_grid,3,4810,120275,70.0,25,0.050000000000000044,6.038944780826569,181.70802434285483,209.07866150001064
dgn_qmix__N4__ring__seed3,dgn_qmix,coord_grid,3,4811,120300,25.0,25,0.050000000000000044,13.379044850667318,136.06160100301108,209.12148025003262
dgn_qmix__N4__ring__seed3,dgn_qmix,coord_grid,3,4812,120325,79.0,25,0.050000000000000044,8.391115018299647,107.85765566144671,209.17041491699638
dgn_qmix__N4__ring__seed3,dgn_qmix,coord_grid,3,4813,120350,87.0,25,0.050000000000000044,8.600248456001282,91.51820818583171,209.21485137502896
dgn_qmix__N4__ring__seed3,dgn_qmix,coord_grid,3,4814,120375,84.0,25,0.050000000000000044,10.19617517789205,63.90350087483724,209.25816687499173
dgn_qmix__N4__ring__seed3,dgn_qmix,coord_grid,3,4815,120400,3.0,25,0.050000000000000044,9.298712015151978,72.6621691385905,209.30274241702864
dgn_qmix__N4__ring__seed3,dgn_qmix,coord_grid,3,4816,120425,79.0,25,0.050000000000000044,9.131530489240374,70.45473207746234,209.35119308403227
dgn_qmix__N4__ring__seed3,dgn_qmix,coord_grid,3,4817,120450,79.0,25,0.050000000000000044,9.358916958173117,94.74781926472981,209.39575608400628
dgn_qmix__N4__ring__seed3,dgn_qmix,coord_grid,3,4818,120475,88.0,25,0.050000000000000044,4.348631501197815,77.94321695963542,209.43946104199858
dgn_qmix__N4__ring__seed3,dgn_qmix,coord_grid,3,4819,120500,85.0,25,0.050000000000000044,5.356519997119904,79.52466932932536,209.48335837502964
dgn_qmix__N4__ring__seed3,dgn_qmix,coord_grid,3,4820,120525,51.0,25,0.050000000000000044,8.196510417120797,115.25526482718331,209.5328132089926
dgn_qmix__N4__ring__seed3,dgn_qmix,coord_grid,3,4821,120550,70.0,25,0.050000000000000044,6.570921341578166,93.7850964864095,209.5773919170024
dgn_qmix__N4__ring__seed3,dgn_qmix,coord_grid,3,4822,120575,54.0,25,0.050000000000000044,7.3424854675928755,108.54973125457764,209.62121437501628
dgn_qmix__N4__ring__seed3,dgn_qmix,coord_grid,3,4823,120600,73.0,25,0.050000000000000044,9.474873979886373,144.87049674987793,209.66540800000075
dgn_qmix__N4__ring__seed3,dgn_qmix,coord_grid,3,4824,120625,91.0,25,0.050000000000000044,8.4118504013334,91.41156932285854,209.71359912498156
dgn_qmix__N4__ring__seed3,dgn_qmix,coord_grid,3,4825,120650,80.0,25,0.050000000000000044,5.688677996397018,94.26363118489583,209.75717841699952
dgn_qmix__N4__ring__seed3,dgn_qmix,coord_grid,3,4826,120675,52.0,25,0.050000000000000044,3.811428725719452,132.6174685160319,209.80124170903582
dgn_qmix__N4__ring__seed3,dgn_qmix,coord_grid,3,4827,120700,86.0,25,0.050000000000000044,10.521491348743439,72.16765244801839,209.8456111670239
dgn_qmix__N4__ring__seed3,dgn_qmix,coord_grid,3,4828,120725,84.0,25,0.050000000000000044,9.266354492732457,89.91363416399274,209.89519474998815
dgn_qmix__N4__ring__seed3,dgn_qmix,coord_grid,3,4829,120750,79.0,25,0.050000000000000044,7.890520791212718,152.44257609049478,209.93890449998435
dgn_qmix__N4__ring__seed3,dgn_qmix,coord_grid,3,4830,120775,87.0,25,0.050000000000000044,15.900952498118082,121.76928456624348,209.98231841699453
dgn_qmix__N4__ring__seed3,dgn_qmix,coord_grid,3,4831,120800,67.0,25,0.050000000000000044,11.699529111385345,80.20889727274577,210.02565833402332
dgn_qmix__N4__ring__seed3,dgn_qmix,coord_grid,3,4832,120825,53.0,25,0.050000000000000044,4.568371755736215,56.260837009974885,210.0747224999941
dgn_qmix__N4__ring__seed3,dgn_qmix,coord_grid,3,4833,120850,63.0,25,0.050000000000000044,9.558554490407309,72.07462120056152,210.1195834170212
dgn_qmix__N4__ring__seed3,dgn_qmix,coord_grid,3,4834,120875,86.0,25,0.050000000000000044,5.573058644930522,93.09012508392334,210.162938375026
dgn_qmix__N4__ring__seed3,dgn_qmix,coord_grid,3,4835,120900,84.0,25,0.050000000000000044,9.49105554819107,78.38512706756592,210.20677633403102
dgn_qmix__N4__ring__seed3,dgn_qmix,coord_grid,3,4836,120925,72.0,25,0.050000000000000044,12.10805196421487,120.29742649623326,210.2556513749878
dgn_qmix__N4__ring__seed3,dgn_qmix,coord_grid,3,4837,120950,74.0,25,0.050000000000000044,10.475069363911947,56.41847642262777,210.29978066700278
dgn_qmix__N4__ring__seed3,dgn_qmix,coord_grid,3,4838,120975,87.0,25,0.050000000000000044,10.645896871884664,123.39999516805013,210.34424608398695
dgn_qmix__N4__ring__seed3,dgn_qmix,coord_grid,3,4839,121000,79.0,25,0.050000000000000044,7.490316828091939,127.22864151000977,210.3906697499915
dgn_qmix__N4__ring__seed3,dgn_qmix,coord_grid,3,4840,121025,75.0,25,0.050000000000000044,10.692469341414315,164.6954242161342,210.4402434169897
dgn_qmix__N4__ring__seed3,dgn_qmix,coord_grid,3,4841,121050,67.0,25,0.050000000000000044,11.091494599978128,77.41357866923015,210.48467804200482
dgn_qmix__N4__ring__seed3,dgn_qmix,coord_grid,3,4842,121075,81.0,25,0.050000000000000044,9.037940581639608,91.75382137298584,210.52828437503194
dgn_qmix__N4__ring__seed3,dgn_qmix,coord_grid,3,4843,121100,85.0,25,0.050000000000000044,10.420432130495707,105.34818204243977,210.57264270901214
dgn_qmix__N4__ring__seed3,dgn_qmix,coord_grid,3,4844,121125,89.0,25,0.050000000000000044,7.805866275514875,131.5342401776995,210.6220789590152
dgn_qmix__N4__ring__seed3,dgn_qmix,coord_grid,3,4845,121150,82.0,25,0.050000000000000044,3.5798940857251487,138.17374420166016,210.6667131250142
dgn_qmix__N4__ring__seed3,dgn_qmix,coord_grid,3,4846,121175,78.0,25,0.050000000000000044,9.52391004562378,51.185821215311684,210.7114666249836
dgn_qmix__N4__ring__seed3,dgn_qmix,coord_grid,3,4847,121200,88.0,25,0.050000000000000044,8.584833860397339,85.58596547444661,210.75510379200568
dgn_qmix__N4__ring__seed3,dgn_qmix,coord_grid,3,4848,121225,92.0,25,0.050000000000000044,8.340783323560442,91.94633102416992,210.80434525001328
dgn_qmix__N4__ring__seed3,dgn_qmix,coord_grid,3,4849,121250,98.0,25,0.050000000000000044,11.279108166694641,72.09203402201335,210.84771145903505
dgn_qmix__N4__ring__seed3,dgn_qmix,coord_grid,3,4850,121275,83.0,25,0.050000000000000044,7.504684587319692,53.53047180175781,210.891235166986
dgn_qmix__N4__ring__seed3,dgn_qmix,coord_grid,3,4851,121300,67.0,25,0.050000000000000044,8.763816694418589,103.13186963399251,210.9348762090085
dgn_qmix__N4__ring__seed3,dgn_qmix,coord_grid,3,4852,121325,88.0,25,0.050000000000000044,9.38405030965805,116.62749535696847,210.98442583403084
dgn_qmix__N4__ring__seed3,dgn_qmix,coord_grid,3,4853,121350,64.0,25,0.050000000000000044,4.177980820337932,156.57835896809897,211.02821504202439
dgn_qmix__N4__ring__seed3,dgn_qmix,coord_grid,3,4854,121375,86.0,25,0.050000000000000044,11.641517599423727,134.6551373799642,211.07121641701087
dgn_qmix__N4__ring__seed3,dgn_qmix,coord_grid,3,4855,121400,77.0,25,0.050000000000000044,8.406607290109,143.56620407104492,211.11609570903238
dgn_qmix__N4__ring__seed3,dgn_qmix,coord_grid,3,4856,121425,72.0,25,0.050000000000000044,7.172197495188032,123.45185252598354,211.16517074999865
dgn_qmix__N4__ring__seed3,dgn_qmix,coord_grid,3,4857,121450,32.0,25,0.050000000000000044,10.410252730051676,127.29319953918457,211.20875466702273
dgn_qmix__N4__ring__seed3,dgn_qmix,coord_grid,3,4858,121475,77.0,25,0.050000000000000044,10.068221092224121,192.21367390950522,211.2533725000103
dgn_qmix__N4__ring__seed3,dgn_qmix,coord_grid,3,4859,121500,89.0,25,0.050000000000000044,8.473023076852163,105.85091781616211,211.29660729202442
dgn_qmix__N4__ring__seed3,dgn_qmix,coord_grid,3,4860,121525,82.0,25,0.050000000000000044,10.268099103655134,108.45745849609375,211.34619737503817
dgn_qmix__N4__ring__seed3,dgn_qmix,coord_grid,3,4861,121550,1.0,25,0.050000000000000044,10.89989948272705,131.59736506144205,211.38981087499997
dgn_qmix__N4__ring__seed3,dgn_qmix,coord_grid,3,4862,121575,67.0,25,0.050000000000000044,11.774419864018759,124.8892027537028,211.43422533402918
dgn_qmix__N4__ring__seed3,dgn_qmix,coord_grid,3,4863,121600,64.0,25,0.050000000000000044,11.585951824982962,57.44650681813558,211.47808695898857
dgn_qmix__N4__ring__seed3,dgn_qmix,coord_grid,3,4864,121625,90.0,25,0.050000000000000044,12.112244912556239,76.80075318472726,211.52754704200197
dgn_qmix__N4__ring__seed3,dgn_qmix,coord_grid,3,4865,121650,86.0,25,0.050000000000000044,12.570275704065958,82.94425519307454,211.5718440419878
dgn_qmix__N4__ring__seed3,dgn_qmix,coord_grid,3,4866,121675,90.0,25,0.050000000000000044,8.371080617109934,100.78240458170573,211.61585162498523
dgn_qmix__N4__ring__seed3,dgn_qmix,coord_grid,3,4867,121700,92.0,25,0.050000000000000044,7.8735699852307635,97.37561416625977,211.65954658400733
dgn_qmix__N4__ring__seed3,dgn_qmix,coord_grid,3,4868,121725,77.0,25,0.050000000000000044,4.929958275386265,90.86073875427246,211.70910470903618
dgn_qmix__N4__ring__seed3,dgn_qmix,coord_grid,3,4869,121750,84.0,25,0.050000000000000044,9.51109904050827,52.00279998779297,211.752839208988
dgn_qmix__N4__ring__seed3,dgn_qmix,coord_grid,3,4870,121775,83.0,25,0.050000000000000044,5.63415402173996,91.36977767944336,211.796556708985
dgn_qmix__N4__ring__seed3,dgn_qmix,coord_grid,3,4871,121800,44.0,25,0.050000000000000044,6.6576579213142395,132.0201212565104,211.84052850003354
dgn_qmix__N4__ring__seed3,dgn_qmix,coord_grid,3,4872,121825,69.0,25,0.050000000000000044,14.280299254826136,143.82882145472936,211.88935275003314
dgn_qmix__N4__ring__seed3,dgn_qmix,coord_grid,3,4873,121850,96.0,25,0.050000000000000044,7.974412043889363,91.37247848510742,211.9335150840343
dgn_qmix__N4__ring__seed3,dgn_qmix,coord_grid,3,4874,121875,81.0,25,0.050000000000000044,4.54431939125061,72.62853495279948,211.97788645903347
dgn_qmix__N4__ring__seed3,dgn_qmix,coord_grid,3,4875,121900,82.0,25,0.050000000000000044,6.805017650127411,85.7047119140625,212.02148275001673
dgn_qmix__N4__ring__seed3,dgn_qmix,coord_grid,3,4876,121925,88.0,25,0.050000000000000044,7.7366949660437445,99.42872156415667,212.07043675001478
dgn_qmix__N4__ring__seed3,dgn_qmix,coord_grid,3,4877,121950,74.0,25,0.050000000000000044,9.59486472606659,74.71546045939128,212.11518345901277
dgn_qmix__N4__ring__seed3,dgn_qmix,coord_grid,3,4878,121975,77.0,25,0.050000000000000044,13.256416579087576,85.19864749908447,212.15928083402105
dgn_qmix__N4__ring__seed3,dgn_qmix,coord_grid,3,4879,122000,58.0,25,0.050000000000000044,9.091124614079794,138.75861612955728,212.20254291698802
dgn_qmix__N4__ring__seed3,dgn_qmix,coord_grid,3,4880,122025,82.0,25,0.050000000000000044,12.669425283159528,70.2125734601702,212.25156729202718
dgn_qmix__N4__ring__seed3,dgn_qmix,coord_grid,3,4881,122050,84.0,25,0.050000000000000044,6.944513996442159,53.70481618245443,212.29527925001457
dgn_qmix__N4__ring__seed3,dgn_qmix,coord_grid,3,4882,122075,84.0,25,0.050000000000000044,11.959904591242472,63.96205520629883,212.33905112498906
dgn_qmix__N4__ring__seed3,dgn_qmix,coord_grid,3,4883,122100,87.0,25,0.050000000000000044,12.75553814570109,87.79512182871501,212.38273341703461
dgn_qmix__N4__ring__seed3,dgn_qmix,coord_grid,3,4884,122125,75.0,25,0.050000000000000044,9.734265531812396,106.08139092581612,212.43182774999877
dgn_qmix__N4__ring__seed3,dgn_qmix,coord_grid,3,4885,122150,90.0,25,0.050000000000000044,5.436291575431824,130.38654454549155,212.47564937500283
dgn_qmix__N4__ring__seed3,dgn_qmix,coord_grid,3,4886,122175,82.0,25,0.050000000000000044,6.832286357879639,72.97817611694336,212.52036633400712
dgn_qmix__N4__ring__seed3,dgn_qmix,coord_grid,3,4887,122200,93.0,25,0.050000000000000044,7.694401482741038,78.93586079279582,212.56413129199063
dgn_qmix__N4__ring__seed3,dgn_qmix,coord_grid,3,4888,122225,87.0,25,0.050000000000000044,9.698737178530012,67.16263471330915,212.61336137499893
dgn_qmix__N4__ring__seed3,dgn_qmix,coord_grid,3,4889,122250,92.0,25,0.050000000000000044,8.67487347126007,77.35693422953288,212.65647354198154
dgn_qmix__N4__ring__seed3,dgn_qmix,coord_grid,3,4890,122275,87.0,25,0.050000000000000044,11.62255851427714,126.33097330729167,212.70098166703247
dgn_qmix__N4__ring__seed3,dgn_qmix,coord_grid,3,4891,122300,84.0,25,0.050000000000000044,14.469921708106995,71.85927391052246,212.74464945902582
dgn_qmix__N4__ring__seed3,dgn_qmix,coord_grid,3,4892,122325,79.0,25,0.050000000000000044,8.483427337237767,83.75013405936105,212.79324858402833
dgn_qmix__N4__ring__seed3,dgn_qmix,coord_grid,3,4893,122350,68.0,25,0.050000000000000044,10.956335584322611,115.18783696492513,212.83731224999065
dgn_qmix__N4__ring__seed3,dgn_qmix,coord_grid,3,4894,122375,35.0,25,0.050000000000000044,8.856967051823935,106.81649653116862,212.88171433401294
dgn_qmix__N4__ring__seed3,dgn_qmix,coord_grid,3,4895,122400,78.0,25,0.050000000000000044,13.01346755027771,76.42701721191406,212.92432541702874
dgn_qmix__N4__ring__seed3,dgn_qmix,coord_grid,3,4896,122425,90.0,25,0.050000000000000044,9.515777094023568,115.46983228410993,212.9726510840119
dgn_qmix__N4__ring__seed3,dgn_qmix,coord_grid,3,4897,122450,78.0,25,0.050000000000000044,10.81214209397634,152.61964797973633,213.01662229199428
dgn_qmix__N4__ring__seed3,dgn_qmix,coord_grid,3,4898,122475,50.0,25,0.050000000000000044,6.541235446929932,170.9458236694336,213.0604788340279
dgn_qmix__N4__ring__seed3,dgn_qmix,coord_grid,3,4899,122500,84.0,25,0.050000000000000044,9.090072870254517,96.20340029398601,213.10392158402828
dgn_qmix__N4__ring__seed3,dgn_qmix,coord_grid,3,4900,122525,69.0,25,0.050000000000000044,5.963013206209455,49.873478753226145,213.15222333400743
dgn_qmix__N4__ring__seed3,dgn_qmix,coord_grid,3,4901,122550,80.0,25,0.050000000000000044,13.652001659075419,148.44951820373535,213.1961415419937
dgn_qmix__N4__ring__seed3,dgn_qmix,coord_grid,3,4902,122575,96.0,25,0.050000000000000044,4.927967657645543,123.2890027364095,213.2399267090368
dgn_qmix__N4__ring__seed3,dgn_qmix,coord_grid,3,4903,122600,80.0,25,0.050000000000000044,7.763618230819702,98.33489481608073,213.28376912500244
dgn_qmix__N4__ring__seed3,dgn_qmix,coord_grid,3,4904,122625,9.0,25,0.050000000000000044,10.680098703929357,176.20098059517997,213.33289183402667
dgn_qmix__N4__ring__seed3,dgn_qmix,coord_grid,3,4905,122650,82.0,25,0.050000000000000044,12.246614694595337,110.51337814331055,213.37708233401645
dgn_qmix__N4__ring__seed3,dgn_qmix,coord_grid,3,4906,122675,84.0,25,0.050000000000000044,6.486746907234192,133.2484426498413,213.4206350420136
dgn_qmix__N4__ring__seed3,dgn_qmix,coord_grid,3,4907,122700,85.0,25,0.050000000000000044,6.558857679367065,164.53970591227213,213.4641264170059
dgn_qmix__N4__ring__seed3,dgn_qmix,coord_grid,3,4908,122725,69.0,25,0.050000000000000044,18.123752185276576,168.3989988054548,213.51334229198983
dgn_qmix__N4__ring__seed3,dgn_qmix,coord_grid,3,4909,122750,87.0,25,0.050000000000000044,11.023813327153524,136.20049635569254,213.55719791701995
dgn_qmix__N4__ring__seed3,dgn_qmix,coord_grid,3,4910,122775,39.0,25,0.050000000000000044,9.274183928966522,112.36190668741862,213.60041133401683
dgn_qmix__N4__ring__seed3,dgn_qmix,coord_grid,3,4911,122800,87.0,25,0.050000000000000044,11.003909945487976,114.27826881408691,213.64463191700634
dgn_qmix__N4__ring__seed3,dgn_qmix,coord_grid,3,4912,122825,84.0,25,0.050000000000000044,10.087366580963135,150.02784837995256,213.69304429198382
dgn_qmix__N4__ring__seed3,dgn_qmix,coord_grid,3,4913,122850,89.0,25,0.050000000000000044,12.7349460820357,126.51427523295085,213.73759087501094
dgn_qmix__N4__ring__seed3,dgn_qmix,coord_grid,3,4914,122875,86.0,25,0.050000000000000044,10.230466842651367,131.73491287231445,213.7810175420018
dgn_qmix__N4__ring__seed3,dgn_qmix,coord_grid,3,4915,122900,89.0,25,0.050000000000000044,14.13257352511088,103.28300348917644,213.8250970839872
dgn_qmix__N4__ring__seed3,dgn_qmix,coord_grid,3,4916,122925,83.0,25,0.050000000000000044,11.64373517036438,83.4852910723005,213.87425904202973
dgn_qmix__N4__ring__seed3,dgn_qmix,coord_grid,3,4917,122950,78.0,25,0.050000000000000044,6.081302901109059,83.2614917755127,213.91720604203874
dgn_qmix__N4__ring__seed3,dgn_qmix,coord_grid,3,4918,122975,57.0,25,0.050000000000000044,6.726122478644053,90.44227091471355,213.96143545903033
dgn_qmix__N4__ring__seed3,dgn_qmix,coord_grid,3,4919,123000,84.0,25,0.050000000000000044,8.864202578862509,107.17731857299805,214.0042257499881
dgn_qmix__N4__ring__seed3,dgn_qmix,coord_grid,3,4920,123025,73.0,25,0.050000000000000044,6.286462528364999,108.21200997488839,214.05308508401504
dgn_qmix__N4__ring__seed3,dgn_qmix,coord_grid,3,4921,123050,88.0,25,0.050000000000000044,11.174098213513693,142.10988108317056,214.09679854201386
dgn_qmix__N4__ring__seed3,dgn_qmix,coord_grid,3,4922,123075,78.0,25,0.050000000000000044,11.744950532913208,185.70116170247397,214.14017174998298
dgn_qmix__N4__ring__seed3,dgn_qmix,coord_grid,3,4923,123100,77.0,25,0.050000000000000044,11.095446030298868,156.38388442993164,214.1840815420146
dgn_qmix__N4__ring__seed3,dgn_qmix,coord_grid,3,4924,123125,70.0,25,0.050000000000000044,8.133782420839582,153.29077638898576,214.233354334021
dgn_qmix__N4__ring__seed3,dgn_qmix,coord_grid,3,4925,123150,85.0,25,0.050000000000000044,5.622923334439595,122.96117512385051,214.27675904199714
dgn_qmix__N4__ring__seed3,dgn_qmix,coord_grid,3,4926,123175,84.0,25,0.050000000000000044,7.626247922579448,155.662327448527,214.32063829200342
dgn_qmix__N4__ring__seed3,dgn_qmix,coord_grid,3,4927,123200,82.0,25,0.050000000000000044,7.936361034711202,83.93237813313802,214.364578000037
dgn_qmix__N4__ring__seed3,dgn_qmix,coord_grid,3,4928,123225,74.0,25,0.050000000000000044,8.949675849505834,129.1585475376674,214.41372191702249
dgn_qmix__N4__ring__seed3,dgn_qmix,coord_grid,3,4929,123250,55.0,25,0.050000000000000044,9.889352162679037,116.8123124440511,214.4576600419823
dgn_qmix__N4__ring__seed3,dgn_qmix,coord_grid,3,4930,123275,82.0,25,0.050000000000000044,9.628217538197836,175.00837834676108,214.50179833400762
dgn_qmix__N4__ring__seed3,dgn_qmix,coord_grid,3,4931,123300,89.0,25,0.050000000000000044,9.334309736887613,216.98987579345703,214.54583058401477
dgn_qmix__N4__ring__seed3,dgn_qmix,coord_grid,3,4932,123325,75.0,25,0.050000000000000044,10.96272645677839,125.32861655099052,214.59530058398377
dgn_qmix__N4__ring__seed3,dgn_qmix,coord_grid,3,4933,123350,94.0,25,0.050000000000000044,9.239382565021515,152.9393742879232,214.63879166700644
dgn_qmix__N4__ring__seed3,dgn_qmix,coord_grid,3,4934,123375,76.0,25,0.050000000000000044,9.694817741711935,138.1937052408854,214.6828585420153
dgn_qmix__N4__ring__seed3,dgn_qmix,coord_grid,3,4935,123400,68.0,25,0.050000000000000044,8.894440193970999,112.40979258219402,214.72805033402983
dgn_qmix__N4__ring__seed3,dgn_qmix,coord_grid,3,4936,123425,89.0,25,0.050000000000000044,12.404188769204277,155.49288177490234,214.7775371670141
dgn_qmix__N4__ring__seed3,dgn_qmix,coord_grid,3,4937,123450,84.0,25,0.050000000000000044,8.868515173594156,103.12555185953777,214.82135108398506
dgn_qmix__N4__ring__seed3,dgn_qmix,coord_grid,3,4938,123475,26.0,25,0.050000000000000044,11.898094097773233,85.32839393615723,214.8661030420335
dgn_qmix__N4__ring__seed3,dgn_qmix,coord_grid,3,4939,123500,90.0,25,0.050000000000000044,10.974242289861044,63.68635082244873,214.91158133401768
dgn_qmix__N4__ring__seed3,dgn_qmix,coord_grid,3,4940,123525,75.0,25,0.050000000000000044,12.35833672114781,59.463712964739116,214.95991412503645
dgn_qmix__N4__ring__seed3,dgn_qmix,coord_grid,3,4941,123550,78.0,25,0.050000000000000044,8.838984072208405,57.95041720072428,215.00352754199412
dgn_qmix__N4__ring__seed3,dgn_qmix,coord_grid,3,4942,123575,76.0,25,0.050000000000000044,14.192230860392252,78.65116119384766,215.04762941703666
dgn_qmix__N4__ring__seed3,dgn_qmix,coord_grid,3,4943,123600,92.0,25,0.050000000000000044,8.826395869255066,80.02553749084473,215.09126370900776
dgn_qmix__N4__ring__seed3,dgn_qmix,coord_grid,3,4944,123625,91.0,25,0.050000000000000044,10.293896266392299,75.53593117850167,215.13981070899172
dgn_qmix__N4__ring__seed3,dgn_qmix,coord_grid,3,4945,123650,69.0,25,0.050000000000000044,13.130630731582642,76.22171211242676,215.18307287502103
dgn_qmix__N4__ring__seed3,dgn_qmix,coord_grid,3,4946,123675,89.0,25,0.050000000000000044,14.023011773824692,69.97448253631592,215.2266561249853
dgn_qmix__N4__ring__seed3,dgn_qmix,coord_grid,3,4947,123700,73.0,25,0.050000000000000044,8.440549949804941,68.9569304784139,215.27108558401233
dgn_qmix__N4__ring__seed3,dgn_qmix,coord_grid,3,4948,123725,82.0,25,0.050000000000000044,13.985369324684143,62.288060324532644,215.31907829199918
dgn_qmix__N4__ring__seed3,dgn_qmix,coord_grid,3,4949,123750,92.0,25,0.050000000000000044,11.789181669553122,61.70203876495361,215.36215795902535
dgn_qmix__N4__ring__seed3,dgn_qmix,coord_grid,3,4950,123775,83.0,25,0.050000000000000044,4.786739627520244,136.70361137390137,215.40493587503443
dgn_qmix__N4__ring__seed3,dgn_qmix,coord_grid,3,4951,123800,78.0,25,0.050000000000000044,8.913201491038004,97.34436066945393,215.44844783400185
dgn_qmix__N4__ring__seed3,dgn_qmix,coord_grid,3,4952,123825,77.0,25,0.050000000000000044,11.556155630520411,82.36205182756696,215.49820529203862
dgn_qmix__N4__ring__seed3,dgn_qmix,coord_grid,3,4953,123850,86.0,25,0.050000000000000044,13.908941308657328,69.67516263326009,215.54125808400568
dgn_qmix__N4__ring__seed3,dgn_qmix,coord_grid,3,4954,123875,77.0,25,0.050000000000000044,7.973119686047236,48.32813103993734,215.58480329200393
dgn_qmix__N4__ring__seed3,dgn_qmix,coord_grid,3,4955,123900,41.0,25,0.050000000000000044,10.153258204460144,102.22987047831218,215.62847783399047
dgn_qmix__N4__ring__seed3,dgn_qmix,coord_grid,3,4956,123925,69.0,25,0.050000000000000044,7.986759015492031,149.6533911568778,215.67715162498644
dgn_qmix__N4__ring__seed3,dgn_qmix,coord_grid,3,4957,123950,87.0,25,0.050000000000000044,7.0702735384305315,112.20783042907715,215.72210341703612
dgn_qmix__N4__ring__seed3,dgn_qmix,coord_grid,3,4958,123975,68.0,25,0.050000000000000044,6.754292647043864,105.37071100870769,215.7657074169838
dgn_qmix__N4__ring__seed3,dgn_qmix,coord_grid,3,4959,124000,85.0,25,0.050000000000000044,7.739370763301849,93.39588292439778,215.8101944589871
dgn_qmix__N4__ring__seed3,dgn_qmix,coord_grid,3,4960,124025,80.0,25,0.050000000000000044,8.915460927145821,164.23482949393136,215.85957120900275
dgn_qmix__N4__ring__seed3,dgn_qmix,coord_grid,3,4961,124050,86.0,25,0.050000000000000044,12.198938210805258,151.71113268534342,215.90336487500463
dgn_qmix__N4__ring__seed3,dgn_qmix,coord_grid,3,4962,124075,59.0,25,0.050000000000000044,13.122194131215414,147.45702107747397,215.94681537500583
dgn_qmix__N4__ring__seed3,dgn_qmix,coord_grid,3,4963,124100,80.0,25,0.050000000000000044,17.516754309336346,89.57009347279866,215.99032658402575
dgn_qmix__N4__ring__seed3,dgn_qmix,coord_grid,3,4964,124125,45.0,25,0.050000000000000044,11.327484743935722,96.84656415666852,216.03948233398842
dgn_qmix__N4__ring__seed3,dgn_qmix,coord_grid,3,4965,124150,44.0,25,0.050000000000000044,8.133451094230017,145.07672691345215,216.08354137500282
dgn_qmix__N4__ring__seed3,dgn_qmix,coord_grid,3,4966,124175,76.0,25,0.050000000000000044,11.918924490610758,48.78919537862142,216.12786429200787
dgn_qmix__N4__ring__seed3,dgn_qmix,coord_grid,3,4967,124200,64.0,25,0.050000000000000044,6.7718221346537275,67.9671983718872,216.17198145901784
dgn_qmix__N4__ring__seed3,dgn_qmix,coord_grid,3,4968,124225,67.0,25,0.050000000000000044,12.95018652507237,175.9710976736886,216.22168416698696
dgn_qmix__N4__ring__seed3,dgn_qmix,coord_grid,3,4969,124250,73.0,25,0.050000000000000044,10.112131476402283,136.99052365620932,216.2661277920124
dgn_qmix__N4__ring__seed3,dgn_qmix,coord_grid,3,4970,124275,82.0,25,0.050000000000000044,13.844082355499268,128.91563733418783,216.31056433403865
dgn_qmix__N4__ring__seed3,dgn_qmix,coord_grid,3,4971,124300,82.0,25,0.050000000000000044,14.989237467447916,139.94074567159018,216.35422962502344
dgn_qmix__N4__ring__seed3,dgn_qmix,coord_grid,3,4972,124325,86.0,25,0.050000000000000044,11.109472053391594,119.25958360944476,216.4031696250313
dgn_qmix__N4__ring__seed3,dgn_qmix,coord_grid,3,4973,124350,56.0,25,0.050000000000000044,11.837062736352285,124.8427022298177,216.44672054203693
dgn_qmix__N4__ring__seed3,dgn_qmix,coord_grid,3,4974,124375,49.0,25,0.050000000000000044,5.601085344950358,89.44886493682861,216.4900050840224
dgn_qmix__N4__ring__seed3,dgn_qmix,coord_grid,3,4975,124400,94.0,25,0.050000000000000044,8.095162868499756,76.64201164245605,216.53439470898593
dgn_qmix__N4__ring__seed3,dgn_qmix,coord_grid,3,4976,124425,61.0,25,0.050000000000000044,7.597300870077951,98.64200483049665,216.5836588750244
dgn_qmix__N4__ring__seed3,dgn_qmix,coord_grid,3,4977,124450,84.0,25,0.050000000000000044,5.661107957363129,88.8075803120931,216.62704504199792
dgn_qmix__N4__ring__seed3,dgn_qmix,coord_grid,3,4978,124475,78.0,25,0.050000000000000044,9.36530014872551,37.618045806884766,216.67158245900646
dgn_qmix__N4__ring__seed3,dgn_qmix,coord_grid,3,4979,124500,77.0,25,0.050000000000000044,12.008981466293335,64.8187936147054,216.71628816699376
dgn_qmix__N4__ring__seed3,dgn_qmix,coord_grid,3,4980,124525,53.0,25,0.050000000000000044,10.72193694114685,134.48857607160295,216.7652957920218
dgn_qmix__N4__ring__seed3,dgn_qmix,coord_grid,3,4981,124550,64.0,25,0.050000000000000044,7.007928252220154,154.29911931355795,216.8087482090341
dgn_qmix__N4__ring__seed3,dgn_qmix,coord_grid,3,4982,124575,71.0,25,0.050000000000000044,11.289411981900534,120.64435577392578,216.852237708983
dgn_qmix__N4__ring__seed3,dgn_qmix,coord_grid,3,4983,124600,83.0,25,0.050000000000000044,5.083508690198262,124.17495663960774,216.89612729201326
dgn_qmix__N4__ring__seed3,dgn_qmix,coord_grid,3,4984,124625,86.0,25,0.050000000000000044,7.411133340426853,70.59527805873326,216.94521720899502
dgn_qmix__N4__ring__seed3,dgn_qmix,coord_grid,3,4985,124650,88.0,25,0.050000000000000044,9.94625210762024,74.90486145019531,216.9890764169977
dgn_qmix__N4__ring__seed3,dgn_qmix,coord_grid,3,4986,124675,26.0,25,0.050000000000000044,8.794390539328257,75.90573851267497,217.03307766700163
dgn_qmix__N4__ring__seed3,dgn_qmix,coord_grid,3,4987,124700,1.0,25,0.050000000000000044,3.7110582192738852,85.2899112701416,217.07640025002183
dgn_qmix__N4__ring__seed3,dgn_qmix,coord_grid,3,4988,124725,85.0,25,0.050000000000000044,14.256912572043282,69.89285414559501,217.12584049999714
dgn_qmix__N4__ring__seed3,dgn_qmix,coord_grid,3,4989,124750,1.0,25,0.050000000000000044,10.700691839059195,123.64981778462727,217.169582542032
dgn_qmix__N4__ring__seed3,dgn_qmix,coord_grid,3,4990,124775,59.0,25,0.050000000000000044,10.36294972896576,134.6237335205078,217.21367758401902
dgn_qmix__N4__ring__seed3,dgn_qmix,coord_grid,3,4991,124800,81.0,25,0.050000000000000044,8.800766865412394,147.36504109700522,217.25687858398305
dgn_qmix__N4__ring__seed3,dgn_qmix,coord_grid,3,4992,124825,52.0,25,0.050000000000000044,13.068002700805664,121.14146150861468,217.30657533399062
dgn_qmix__N4__ring__seed3,dgn_qmix,coord_grid,3,4993,124850,77.0,25,0.050000000000000044,12.412517646948496,136.15352058410645,217.3508166249958
dgn_qmix__N4__ring__seed3,dgn_qmix,coord_grid,3,4994,124875,79.0,25,0.050000000000000044,13.867961406707764,71.93610699971516,217.3941517919884
dgn_qmix__N4__ring__seed3,dgn_qmix,coord_grid,3,4995,124900,82.0,25,0.050000000000000044,13.991360028584799,110.52859687805176,217.43817212502472
dgn_qmix__N4__ring__seed3,dgn_qmix,coord_grid,3,4996,124925,80.0,25,0.050000000000000044,7.832920244761875,118.1752599988665,217.48758658400038
dgn_qmix__N4__ring__seed3,dgn_qmix,coord_grid,3,4997,124950,77.0,25,0.050000000000000044,11.396050353844961,169.70351346333823,217.53129170899047
dgn_qmix__N4__ring__seed3,dgn_qmix,coord_grid,3,4998,124975,90.0,25,0.050000000000000044,8.92363409201304,168.9292221069336,217.57476420898456
dgn_qmix__N4__ring__seed3,dgn_qmix,coord_grid,3,4999,125000,76.0,25,0.050000000000000044,7.803955952326457,152.48430887858072,217.61920933402143
dgn_qmix__N4__ring__seed3,dgn_qmix,coord_grid,3,5000,125025,40.0,25,0.050000000000000044,10.862509472029549,156.65548706054688,217.66818504198454
dgn_qmix__N4__ring__seed3,dgn_qmix,coord_grid,3,5001,125050,94.0,25,0.050000000000000044,12.935431480407715,116.65569178263347,217.7129287919961
dgn_qmix__N4__ring__seed3,dgn_qmix,coord_grid,3,5002,125075,38.0,25,0.050000000000000044,11.693543752034506,111.09480794270833,217.7571536669857
dgn_qmix__N4__ring__seed3,dgn_qmix,coord_grid,3,5003,125100,92.0,25,0.050000000000000044,12.867214520772299,99.27770614624023,217.80045454198262
dgn_qmix__N4__ring__seed3,dgn_qmix,coord_grid,3,5004,125125,86.0,25,0.050000000000000044,6.739372508866446,116.0287699018206,217.84984291699948
dgn_qmix__N4__ring__seed3,dgn_qmix,coord_grid,3,5005,125150,90.0,25,0.050000000000000044,10.992958307266235,82.92267481486003,217.89327262499137
dgn_qmix__N4__ring__seed3,dgn_qmix,coord_grid,3,5006,125175,79.0,25,0.050000000000000044,11.915780981381735,67.97914123535156,217.93740212498233
dgn_qmix__N4__ring__seed3,dgn_qmix,coord_grid,3,5007,125200,81.0,25,0.050000000000000044,6.620535622040431,94.3276596069336,217.9804839590215
dgn_qmix__N4__ring__seed3,dgn_qmix,coord_grid,3,5008,125225,89.0,25,0.050000000000000044,9.574658257620674,124.48100771222796,218.02953816700028
dgn_qmix__N4__ring__seed3,dgn_qmix,coord_grid,3,5009,125250,77.0,25,0.050000000000000044,7.065177659193675,166.34735298156738,218.0729991249973
dgn_qmix__N4__ring__seed3,dgn_qmix,coord_grid,3,5010,125275,82.0,25,0.050000000000000044,9.798689524332682,182.21111869812012,218.11632149998331
dgn_qmix__N4__ring__seed3,dgn_qmix,coord_grid,3,5011,125300,67.0,25,0.050000000000000044,11.425111273924509,139.70149358113608,218.1598882090184
dgn_qmix__N4__ring__seed3,dgn_qmix,coord_grid,3,5012,125325,92.0,25,0.050000000000000044,8.222963179860797,119.79795128958565,218.20854329201393
dgn_qmix__N4__ring__seed3,dgn_qmix,coord_grid,3,5013,125350,80.0,25,0.050000000000000044,18.587920983632404,189.29715474446616,218.25232199998572
dgn_qmix__N4__ring__seed3,dgn_qmix,coord_grid,3,5014,125375,66.0,25,0.050000000000000044,6.952854732672374,126.69755681355794,218.29529279202688
dgn_qmix__N4__ring__seed3,dgn_qmix,coord_grid,3,5015,125400,84.0,25,0.050000000000000044,16.616735299428303,117.61238861083984,218.33896233403357
dgn_qmix__N4__ring__seed3,dgn_qmix,coord_grid,3,5016,125425,76.0,25,0.050000000000000044,7.428471718515668,79.58961541312081,218.38784024998313
dgn_qmix__N4__ring__seed3,dgn_qmix,coord_grid,3,5017,125450,91.0,25,0.050000000000000044,12.851668357849121,75.47986698150635,218.4310662500211
dgn_qmix__N4__ring__seed3,dgn_qmix,coord_grid,3,5018,125475,60.0,25,0.050000000000000044,6.598299066225688,64.32401053110759,218.47431812499417
dgn_qmix__N4__ring__seed3,dgn_qmix,coord_grid,3,5019,125500,74.0,25,0.050000000000000044,15.005502382914225,73.05142911275227,218.51803208398633
dgn_qmix__N4__ring__seed3,dgn_qmix,coord_grid,3,5020,125525,77.0,25,0.050000000000000044,6.992311375481742,83.36476298740932,218.56707695900695
dgn_qmix__N4__ring__seed3,dgn_qmix,coord_grid,3,5021,125550,89.0,25,0.050000000000000044,11.922617197036743,57.17791239420573,218.6109080419992
dgn_qmix__N4__ring__seed3,dgn_qmix,coord_grid,3,5022,125575,88.0,25,0.050000000000000044,11.876041809717814,59.80781809488932,218.6540523340227
dgn_qmix__N4__ring__seed3,dgn_qmix,coord_grid,3,5023,125600,78.0,25,0.050000000000000044,13.113310724496841,108.7668908437093,218.69828866701573
dgn_qmix__N4__ring__seed3,dgn_qmix,coord_grid,3,5024,125625,87.0,25,0.050000000000000044,10.586307798113141,90.14521844046456,218.74805712501984
dgn_qmix__N4__ring__seed3,dgn_qmix,coord_grid,3,5025,125650,74.0,25,0.050000000000000044,13.404772281646729,137.0160230000814,218.7917660420062
dgn_qmix__N4__ring__seed3,dgn_qmix,coord_grid,3,5026,125675,66.0,25,0.050000000000000044,10.02615394194921,124.08658091227214,218.83652645902475
dgn_qmix__N4__ring__seed3,dgn_qmix,coord_grid,3,5027,125700,77.0,25,0.050000000000000044,10.887044847011566,87.56777254740398,218.87993537500734
dgn_qmix__N4__ring__seed3,dgn_qmix,coord_grid,3,5028,125725,85.0,25,0.050000000000000044,8.669375215257917,54.20995031084333,218.9284595840145
dgn_qmix__N4__ring__seed3,dgn_qmix,coord_grid,3,5029,125750,0.0,25,0.050000000000000044,7.872189203898112,111.75240008036296,218.97285854199436
dgn_qmix__N4__ring__seed3,dgn_qmix,coord_grid,3,5030,125775,88.0,25,0.050000000000000044,9.983110785484314,94.02270189921062,219.0163440000033
dgn_qmix__N4__ring__seed3,dgn_qmix,coord_grid,3,5031,125800,76.0,25,0.050000000000000044,10.688109119733175,91.13951746622722,219.06168579199584
dgn_qmix__N4__ring__seed3,dgn_qmix,coord_grid,3,5032,125825,92.0,25,0.050000000000000044,9.311067496027265,201.28962053571428,219.1114780420321
dgn_qmix__N4__ring__seed3,dgn_qmix,coord_grid,3,5033,125850,38.0,25,0.050000000000000044,5.59952758749326,134.13348007202148,219.15567424998153
dgn_qmix__N4__ring__seed3,dgn_qmix,coord_grid,3,5034,125875,64.0,25,0.050000000000000044,6.562108556429545,80.00690205891927,219.1994037090335
dgn_qmix__N4__ring__seed3,dgn_qmix,coord_grid,3,5035,125900,76.0,25,0.050000000000000044,10.862303495407104,110.59632396697998,219.24270945903845
dgn_qmix__N4__ring__seed3,dgn_qmix,coord_grid,3,5036,125925,0.0,25,0.050000000000000044,9.546920214380537,98.86584036690849,219.29162254201947
dgn_qmix__N4__ring__seed3,dgn_qmix,coord_grid,3,5037,125950,76.0,25,0.050000000000000044,6.001519064108531,168.38606135050455,219.33595179201802
dgn_qmix__N4__ring__seed3,dgn_qmix,coord_grid,3,5038,125975,56.0,25,0.050000000000000044,8.65262089172999,92.77484226226807,219.38310187502066
dgn_qmix__N4__ring__seed3,dgn_qmix,coord_grid,3,5039,126000,77.0,25,0.050000000000000044,13.086481213569641,140.65378952026367,219.4277735420037
dgn_qmix__N4__ring__seed3,dgn_qmix,coord_grid,3,5040,126025,40.0,25,0.050000000000000044,8.86593736921038,104.94909994942802,219.47595604200615
dgn_qmix__N4__ring__seed3,dgn_qmix,coord_grid,3,5041,126050,82.0,25,0.050000000000000044,8.961427450180054,50.32826296488444,219.52015412499895
dgn_qmix__N4__ring__seed3,dgn_qmix,coord_grid,3,5042,126075,90.0,25,0.050000000000000044,5.641950676838557,72.36001745859782,219.5641462500207
dgn_qmix__N4__ring__seed3,dgn_qmix,coord_grid,3,5043,126100,87.0,25,0.050000000000000044,4.399296124776204,137.67132123311362,219.60768312501023
dgn_qmix__N4__ring__seed3,dgn_qmix,coord_grid,3,5044,126125,81.0,25,0.050000000000000044,9.174378429140363,141.35773359026228,219.656540416996
dgn_qmix__N4__ring__seed3,dgn_qmix,coord_grid,3,5045,126150,91.0,25,0.050000000000000044,10.511151274045309,104.56856791178386,219.7008511670283
dgn_qmix__N4__ring__seed3,dgn_qmix,coord_grid,3,5046,126175,83.0,25,0.050000000000000044,10.691843847433725,177.8127555847168,219.7458365840139
dgn_qmix__N4__ring__seed3,dgn_qmix,coord_grid,3,5047,126200,75.0,25,0.050000000000000044,9.143488248189291,161.3109359741211,219.78981637500692
dgn_qmix__N4__ring__seed3,dgn_qmix,coord_grid,3,5048,126225,88.0,25,0.050000000000000044,10.6048264673778,115.8524055480957,219.83959766698536
dgn_qmix__N4__ring__seed3,dgn_qmix,coord_grid,3,5049,126250,88.0,25,0.050000000000000044,10.071819007396698,107.78260803222656,219.8831626669853
dgn_qmix__N4__ring__seed3,dgn_qmix,coord_grid,3,5050,126275,88.0,25,0.050000000000000044,7.241613149642944,108.40049235026042,219.92677208402893
dgn_qmix__N4__ring__seed3,dgn_qmix,coord_grid,3,5051,126300,65.0,25,0.050000000000000044,12.569111744562784,99.84611701965332,219.97028700000374
dgn_qmix__N4__ring__seed3,dgn_qmix,coord_grid,3,5052,126325,83.0,25,0.050000000000000044,10.519568988255092,117.17915562220982,220.01940529199783
dgn_qmix__N4__ring__seed3,dgn_qmix,coord_grid,3,5053,126350,81.0,25,0.050000000000000044,15.08907683690389,157.9919865926107,220.06249408400618
dgn_qmix__N4__ring__seed3,dgn_qmix,coord_grid,3,5054,126375,91.0,25,0.050000000000000044,14.935970703760782,70.93642107645671,220.1065886670258
dgn_qmix__N4__ring__seed3,dgn_qmix,coord_grid,3,5055,126400,71.0,25,0.050000000000000044,7.773114403088887,79.43399556477864,220.15131149999797
dgn_qmix__N4__ring__seed3,dgn_qmix,coord_grid,3,5056,126425,85.0,25,0.050000000000000044,8.926309960229057,99.68637139456612,220.20018070901278
dgn_qmix__N4__ring__seed3,dgn_qmix,coord_grid,3,5057,126450,19.0,25,0.050000000000000044,13.214134573936462,102.35737482706706,220.24401479202788
dgn_qmix__N4__ring__seed3,dgn_qmix,coord_grid,3,5058,126475,81.0,25,0.050000000000000044,6.68314911921819,70.1324914296468,220.28708174999338
dgn_qmix__N4__ring__seed3,dgn_qmix,coord_grid,3,5059,126500,80.0,25,0.050000000000000044,13.02324891090393,55.58563232421875,220.3315559590119
dgn_qmix__N4__ring__seed3,dgn_qmix,coord_grid,3,5060,126525,85.0,25,0.050000000000000044,5.154253363609314,74.0229971749442,220.3824489589897
dgn_qmix__N4__ring__seed3,dgn_qmix,coord_grid,3,5061,126550,56.0,25,0.050000000000000044,6.921147406101227,117.18772315979004,220.42877904203488
dgn_qmix__N4__ring__seed3,dgn_qmix,coord_grid,3,5062,126575,70.0,25,0.050000000000000044,5.746059377988179,106.09543355305989,220.47387841698946
dgn_qmix__N4__ring__seed3,dgn_qmix,coord_grid,3,5063,126600,82.0,25,0.050000000000000044,7.129526058832805,79.25485801696777,220.51877129200147
dgn_qmix__N4__ring__seed3,dgn_qmix,coord_grid,3,5064,126625,87.0,25,0.050000000000000044,9.030925631523132,143.37100437709265,220.56784174998756
dgn_qmix__N4__ring__seed3,dgn_qmix,coord_grid,3,5065,126650,70.0,25,0.050000000000000044,12.25751539071401,49.854713122049965,220.61247445899062
dgn_qmix__N4__ring__seed3,dgn_qmix,coord_grid,3,5066,126675,51.0,25,0.050000000000000044,8.604868551095327,125.2444117863973,220.6570352499839
dgn_qmix__N4__ring__seed3,dgn_qmix,coord_grid,3,5067,126700,72.0,25,0.050000000000000044,9.58684472242991,137.09105428059897,220.70086141698994
dgn_qmix__N4__ring__seed3,dgn_qmix,coord_grid,3,5068,126725,92.0,25,0.050000000000000044,9.723569197314125,99.4136472429548,220.75051550002536
dgn_qmix__N4__ring__seed3,dgn_qmix,coord_grid,3,5069,126750,78.0,25,0.050000000000000044,12.306639830271402,60.02159118652344,220.7948745000176
dgn_qmix__N4__ring__seed3,dgn_qmix,coord_grid,3,5070,126775,83.0,25,0.050000000000000044,13.348064303398132,83.47215970357259,220.83924562501488
dgn_qmix__N4__ring__seed3,dgn_qmix,coord_grid,3,5071,126800,88.0,25,0.050000000000000044,6.959500372409821,67.94058799743652,220.88414491701405
dgn_qmix__N4__ring__seed3,dgn_qmix,coord_grid,3,5072,126825,90.0,25,0.050000000000000044,8.90326486315046,54.61294610159738,220.93339125002967
dgn_qmix__N4__ring__seed3,dgn_qmix,coord_grid,3,5073,126850,44.0,25,0.050000000000000044,7.800211250782013,78.46780268351237,220.97761699999683
dgn_qmix__N4__ring__seed3,dgn_qmix,coord_grid,3,5074,126875,83.0,25,0.050000000000000044,6.500587423642476,59.81403096516927,221.02263508399483
dgn_qmix__N4__ring__seed3,dgn_qmix,coord_grid,3,5075,126900,85.0,25,0.050000000000000044,10.081112662951151,174.06519571940103,221.06708283402259
dgn_qmix__N4__ring__seed3,dgn_qmix,coord_grid,3,5076,126925,72.0,25,0.050000000000000044,11.215343253953117,137.36200169154577,221.11645520903403
dgn_qmix__N4__ring__seed3,dgn_qmix,coord_grid,3,5077,126950,88.0,25,0.050000000000000044,4.548366129398346,97.81258964538574,221.16125116701005
dgn_qmix__N4__ring__seed3,dgn_qmix,coord_grid,3,5078,126975,65.0,25,0.050000000000000044,12.056994994481405,90.06607723236084,221.2049044590094
dgn_qmix__N4__ring__seed3,dgn_qmix,coord_grid,3,5079,127000,91.0,25,0.050000000000000044,12.241805503765741,109.93082491556804,221.2486565419822
dgn_qmix__N4__ring__seed3,dgn_qmix,coord_grid,3,5080,127025,90.0,25,0.050000000000000044,10.336716890335083,120.42743028913226,221.29731599998195
dgn_qmix__N4__ring__seed3,dgn_qmix,coord_grid,3,5081,127050,64.0,25,0.050000000000000044,6.553219715754191,65.03928565979004,221.34145437501138
dgn_qmix__N4__ring__seed3,dgn_qmix,coord_grid,3,5082,127075,86.0,25,0.050000000000000044,9.982948362827301,70.15231164296468,221.3853736250312
dgn_qmix__N4__ring__seed3,dgn_qmix,coord_grid,3,5083,127100,80.0,25,0.050000000000000044,14.83510684967041,127.39378611246745,221.4300732089905
dgn_qmix__N4__ring__seed3,dgn_qmix,coord_grid,3,5084,127125,73.0,25,0.050000000000000044,10.166526079177856,103.68522208077567,221.47979220899288
dgn_qmix__N4__ring__seed3,dgn_qmix,coord_grid,3,5085,127150,46.0,25,0.050000000000000044,11.53670072555542,154.13481458028158,221.52383862499846
dgn_qmix__N4__ring__seed3,dgn_qmix,coord_grid,3,5086,127175,68.0,25,0.050000000000000044,11.421077132225037,115.45300674438477,221.56700745900162
dgn_qmix__N4__ring__seed3,dgn_qmix,coord_grid,3,5087,127200,80.0,25,0.050000000000000044,8.953078111012777,140.76757685343424,221.61133962502936
dgn_qmix__N4__ring__seed3,dgn_qmix,coord_grid,3,5088,127225,76.0,25,0.050000000000000044,7.7744832038879395,90.8369881766183,221.6601061670226
dgn_qmix__N4__ring__seed3,dgn_qmix,coord_grid,3,5089,127250,90.0,25,0.050000000000000044,9.190736969312033,118.05077489217122,221.70446291699773
dgn_qmix__N4__ring__seed3,dgn_qmix,coord_grid,3,5090,127275,70.0,25,0.050000000000000044,5.928083439668019,127.1378714243571,221.74816362501588
dgn_qmix__N4__ring__seed3,dgn_qmix,coord_grid,3,5091,127300,85.0,25,0.050000000000000044,11.50040070215861,115.53909428914388,221.7919455000083
dgn_qmix__N4__ring__seed3,dgn_qmix,coord_grid,3,5092,127325,54.0,25,0.050000000000000044,7.913528851100376,64.6344495500837,221.8418899999815
dgn_qmix__N4__ring__seed3,dgn_qmix,coord_grid,3,5093,127350,88.0,25,0.050000000000000044,13.61262067159017,116.57912000020345,221.88563391700154
dgn_qmix__N4__ring__seed3,dgn_qmix,coord_grid,3,5094,127375,84.0,25,0.050000000000000044,9.083581248919169,90.86419423421223,221.9302284590085
dgn_qmix__N4__ring__seed3,dgn_qmix,coord_grid,3,5095,127400,92.0,25,0.050000000000000044,9.508332510789236,92.90973409016927,221.97387087502284
dgn_qmix__N4__ring__seed3,dgn_qmix,coord_grid,3,5096,127425,38.0,25,0.050000000000000044,6.194520499025073,107.50554684230259,222.02279058401473
dgn_qmix__N4__ring__seed3,dgn_qmix,coord_grid,3,5097,127450,11.0,25,0.050000000000000044,13.719339370727539,75.72234725952148,222.06700124999043
dgn_qmix__N4__ring__seed3,dgn_qmix,coord_grid,3,5098,127475,85.0,25,0.050000000000000044,14.195564190546671,161.9267921447754,222.11089437501505
dgn_qmix__N4__ring__seed3,dgn_qmix,coord_grid,3,5099,127500,76.0,25,0.050000000000000044,11.364574829737345,114.524232228597,222.15456558403093
dgn_qmix__N4__ring__seed3,dgn_qmix,coord_grid,3,5100,127525,74.0,25,0.050000000000000044,7.221753903797695,84.88708169119698,222.2035720840213
dgn_qmix__N4__ring__seed3,dgn_qmix,coord_grid,3,5101,127550,83.0,25,0.050000000000000044,8.435800592104593,108.30117797851562,222.2475728749996
dgn_qmix__N4__ring__seed3,dgn_qmix,coord_grid,3,5102,127575,82.0,25,0.050000000000000044,6.471549312273662,88.96018536885579,222.29131308401702
dgn_qmix__N4__ring__seed3,dgn_qmix,coord_grid,3,5103,127600,86.0,25,0.050000000000000044,7.709754765033722,107.81001218159993,222.33427537500393
dgn_qmix__N4__ring__seed3,dgn_qmix,coord_grid,3,5104,127625,90.0,25,0.050000000000000044,8.882207904543195,76.48569107055664,222.3837490840233
dgn_qmix__N4__ring__seed3,dgn_qmix,coord_grid,3,5105,127650,53.0,25,0.050000000000000044,12.588450729846954,146.1794058481852,222.4275309590157
dgn_qmix__N4__ring__seed3,dgn_qmix,coord_grid,3,5106,127675,84.0,25,0.050000000000000044,4.089548091093699,83.12302080790202,222.47177016700152
dgn_qmix__N4__ring__seed3,dgn_qmix,coord_grid,3,5107,127700,93.0,25,0.050000000000000044,8.290723075469336,51.57313855489095,222.51528283400694
dgn_qmix__N4__ring__seed3,dgn_qmix,coord_grid,3,5108,127725,57.0,25,0.050000000000000044,5.127938619681767,97.04943575177874,222.56454116699751
dgn_qmix__N4__ring__seed3,dgn_qmix,coord_grid,3,5109,127750,88.0,25,0.050000000000000044,10.709525267283121,94.5254643758138,222.6082953750156
dgn_qmix__N4__ring__seed3,dgn_qmix,coord_grid,3,5110,127775,21.0,25,0.050000000000000044,2.4643481771151223,50.77972984313965,222.6525345420232
dgn_qmix__N4__ring__seed3,dgn_qmix,coord_grid,3,5111,127800,55.0,25,0.050000000000000044,12.584964344898859,83.17845344543457,222.69581770902732
dgn_qmix__N4__ring__seed3,dgn_qmix,coord_grid,3,5112,127825,87.0,25,0.050000000000000044,5.659326085022518,68.80057171412876,222.74525566701777
dgn_qmix__N4__ring__seed3,dgn_qmix,coord_grid,3,5113,127850,53.0,25,0.050000000000000044,5.79088235894839,116.31885687510173,222.79047833400546
dgn_qmix__N4__ring__seed3,dgn_qmix,coord_grid,3,5114,127875,80.0,25,0.050000000000000044,12.340047518412272,132.09148724873862,222.83525258401642
dgn_qmix__N4__ring__seed3,dgn_qmix,coord_grid,3,5115,127900,80.0,25,0.050000000000000044,9.188133120536804,112.17534255981445,222.8801851249882
dgn_qmix__N4__ring__seed3,dgn_qmix,coord_grid,3,5116,127925,95.0,25,0.050000000000000044,7.719382660729544,71.18723705836705,222.9291077090311
dgn_qmix__N4__ring__seed3,dgn_qmix,coord_grid,3,5117,127950,84.0,25,0.050000000000000044,11.65563311179479,84.2645206451416,222.97323158400832
dgn_qmix__N4__ring__seed3,dgn_qmix,coord_grid,3,5118,127975,54.0,25,0.050000000000000044,8.070716480414072,103.48330179850261,223.01682250003796
dgn_qmix__N4__ring__seed3,dgn_qmix,coord_grid,3,5119,128000,90.0,25,0.050000000000000044,12.355416258176168,83.98662376403809,223.0625522499904
dgn_qmix__N4__ring__seed3,dgn_qmix,coord_grid,3,5120,128025,86.0,25,0.050000000000000044,7.188954438482012,88.12450299944196,223.11188204202335
dgn_qmix__N4__ring__seed3,dgn_qmix,coord_grid,3,5121,128050,72.0,25,0.050000000000000044,13.141337474187216,75.76634279886882,223.15614391700365
dgn_qmix__N4__ring__seed3,dgn_qmix,coord_grid,3,5122,128075,47.0,25,0.050000000000000044,7.155153850714366,130.69448788960776,223.2001721250126
dgn_qmix__N4__ring__seed3,dgn_qmix,coord_grid,3,5123,128100,94.0,25,0.050000000000000044,9.371658424536387,109.08056131998698,223.24376762501197
dgn_qmix__N4__ring__seed3,dgn_qmix,coord_grid,3,5124,128125,92.0,25,0.050000000000000044,14.65933268410819,107.9762328011649,223.29265033401316
dgn_qmix__N4__ring__seed3,dgn_qmix,coord_grid,3,5125,128150,68.0,25,0.050000000000000044,10.73952696720759,109.97067324320476,223.33750349999173
dgn_qmix__N4__ring__seed3,dgn_qmix,coord_grid,3,5126,128175,84.0,25,0.050000000000000044,11.242521901925405,45.086561838785805,223.38103749998845
dgn_qmix__N4__ring__seed3,dgn_qmix,coord_grid,3,5127,128200,87.0,25,0.050000000000000044,9.474075039227804,85.28853543599446,223.42566420900403
dgn_qmix__N4__ring__seed3,dgn_qmix,coord_grid,3,5128,128225,86.0,25,0.050000000000000044,11.146690334592547,160.960814339774,223.47482583398232
dgn_qmix__N4__ring__seed3,dgn_qmix,coord_grid,3,5129,128250,89.0,25,0.050000000000000044,13.366840501626333,41.91697565714518,223.51932554203086
dgn_qmix__N4__ring__seed3,dgn_qmix,coord_grid,3,5130,128275,95.0,25,0.050000000000000044,12.202093601226807,82.00331115722656,223.56305970903486
dgn_qmix__N4__ring__seed3,dgn_qmix,coord_grid,3,5131,128300,73.0,25,0.050000000000000044,11.081912279129028,110.30326334635417,223.60738649999257
dgn_qmix__N4__ring__seed3,dgn_qmix,coord_grid,3,5132,128325,86.0,25,0.050000000000000044,9.533441816057477,156.79308319091797,223.657073209004
dgn_qmix__N4__ring__seed3,dgn_qmix,coord_grid,3,5133,128350,67.0,25,0.050000000000000044,11.184229791164398,185.22277069091797,223.70062562503153
dgn_qmix__N4__ring__seed3,dgn_qmix,coord_grid,3,5134,128375,92.0,25,0.050000000000000044,6.350246628125508,145.17180252075195,223.74494441703428
dgn_qmix__N4__ring__seed3,dgn_qmix,coord_grid,3,5135,128400,90.0,25,0.050000000000000044,10.957061489423117,243.84232139587402,223.78806379198795
dgn_qmix__N4__ring__seed3,dgn_qmix,coord_grid,3,5136,128425,78.0,25,0.050000000000000044,14.664062295641218,145.97872815813338,223.83654454199132
dgn_qmix__N4__ring__seed3,dgn_qmix,coord_grid,3,5137,128450,78.0,25,0.050000000000000044,13.732018073399862,213.7857208251953,223.87988712498918
dgn_qmix__N4__ring__seed3,dgn_qmix,coord_grid,3,5138,128475,80.0,25,0.050000000000000044,10.671277264753977,131.6123892466227,223.92431999999098
dgn_qmix__N4__ring__seed3,dgn_qmix,coord_grid,3,5139,128500,86.0,25,0.050000000000000044,11.220379511515299,162.82890955607095,223.96755854203366
dgn_qmix__N4__ring__seed3,dgn_qmix,coord_grid,3,5140,128525,79.0,25,0.050000000000000044,10.891883628708976,78.51678330557687,224.01663641701452
dgn_qmix__N4__ring__seed3,dgn_qmix,coord_grid,3,5141,128550,68.0,25,0.050000000000000044,10.491224765777588,108.56430498758952,224.06100337498356
dgn_qmix__N4__ring__seed3,dgn_qmix,coord_grid,3,5142,128575,85.0,25,0.050000000000000044,3.612007439136505,101.5908597310384,224.10469458403531
dgn_qmix__N4__ring__seed3,dgn_qmix,coord_grid,3,5143,128600,72.0,25,0.050000000000000044,10.116705973943075,79.31646474202473,224.14806945901364
dgn_qmix__N4__ring__seed3,dgn_qmix,coord_grid,3,5144,128625,49.0,25,0.050000000000000044,5.950147160461971,61.55591556004116,224.1965316249989
dgn_qmix__N4__ring__seed3,dgn_qmix,coord_grid,3,5145,128650,70.0,25,0.050000000000000044,7.973564982414246,83.80463536580403,224.2404894999927
dgn_qmix__N4__ring__seed3,dgn_qmix,coord_grid,3,5146,128675,87.0,25,0.050000000000000044,10.170777459939321,80.42613792419434,224.28390124998987
dgn_qmix__N4__ring__seed3,dgn_qmix,coord_grid,3,5147,128700,100.0,25,0.050000000000000044,17.018334706624348,81.71551195780437,224.3276209590258
dgn_qmix__N4__ring__seed3,dgn_qmix,coord_grid,3,5148,128725,17.0,25,0.050000000000000044,9.969909514699664,72.96932111467633,224.38025866699172
dgn_qmix__N4__ring__seed3,dgn_qmix,coord_grid,3,5149,128750,81.0,25,0.050000000000000044,7.389487385749817,93.69373893737793,224.42567537503783
dgn_qmix__N4__ring__seed3,dgn_qmix,coord_grid,3,5150,128775,91.0,25,0.050000000000000044,10.371771474679312,65.7045046488444,224.4703628750285
dgn_qmix__N4__ring__seed3,dgn_qmix,coord_grid,3,5151,128800,79.0,25,0.050000000000000044,10.185784498850504,104.79624684651692,224.51446029200451
dgn_qmix__N4__ring__seed3,dgn_qmix,coord_grid,3,5152,128825,51.0,25,0.050000000000000044,10.960291590009417,122.12229919433594,224.56379408400971
dgn_qmix__N4__ring__seed3,dgn_qmix,coord_grid,3,5153,128850,83.0,25,0.050000000000000044,7.412684818108876,162.4347241719564,224.60761304199696
dgn_qmix__N4__ring__seed3,dgn_qmix,coord_grid,3,5154,128875,2.0,25,0.050000000000000044,7.951562310258548,156.32401275634766,224.65083595900796
dgn_qmix__N4__ring__seed3,dgn_qmix,coord_grid,3,5155,128900,74.0,25,0.050000000000000044,9.006051937739054,80.03740978240967,224.69416666700272
dgn_qmix__N4__ring__seed3,dgn_qmix,coord_grid,3,5156,128925,80.0,25,0.050000000000000044,8.379751307623726,136.2125015258789,224.7430902920314
dgn_qmix__N4__ring__seed3,dgn_qmix,coord_grid,3,5157,128950,86.0,25,0.050000000000000044,11.31850771109263,80.04178428649902,224.7875705420156
dgn_qmix__N4__ring__seed3,dgn_qmix,coord_grid,3,5158,128975,57.0,25,0.050000000000000044,7.121575315793355,64.89449628194173,224.83143645903328
dgn_qmix__N4__ring__seed3,dgn_qmix,coord_grid,3,5159,129000,38.0,25,0.050000000000000044,9.445629080136618,55.73417536417643,224.87534662499093
dgn_qmix__N4__ring__seed3,dgn_qmix,coord_grid,3,5160,129025,87.0,25,0.050000000000000044,10.085817558424813,127.3561406816755,224.92426699999487
dgn_qmix__N4__ring__seed3,dgn_qmix,coord_grid,3,5161,129050,80.0,25,0.050000000000000044,7.054419259230296,104.5046838124593,224.96860404202016
dgn_qmix__N4__ring__seed3,dgn_qmix,coord_grid,3,5162,129075,85.0,25,0.050000000000000044,12.362979253133139,65.25821336110432,225.01318833400728
dgn_qmix__N4__ring__seed3,dgn_qmix,coord_grid,3,5163,129100,71.0,25,0.050000000000000044,9.632919629414877,126.5460974375407,225.05729541700566
dgn_qmix__N4__ring__seed3,dgn_qmix,coord_grid,3,5164,129125,79.0,25,0.050000000000000044,12.14256136757987,184.047303880964,225.10625637503108
dgn_qmix__N4__ring__seed3,dgn_qmix,coord_grid,3,5165,129150,89.0,25,0.050000000000000044,7.385085165500641,172.3716983795166,225.15029537503142
dgn_qmix__N4__ring__seed3,dgn_qmix,coord_grid,3,5166,129175,81.0,25,0.050000000000000044,13.889807224273682,106.20468775431316,225.19389291701373
dgn_qmix__N4__ring__seed3,dgn_qmix,coord_grid,3,5167,129200,69.0,25,0.050000000000000044,10.387167493502298,118.86566225687663,225.23815408401424
dgn_qmix__N4__ring__seed3,dgn_qmix,coord_grid,3,5168,129225,89.0,25,0.050000000000000044,13.856632913861956,121.45524651663644,225.28617550001945
dgn_qmix__N4__ring__seed3,dgn_qmix,coord_grid,3,5169,129250,89.0,25,0.050000000000000044,11.886446674664816,108.80338795979817,225.32981141703203
dgn_qmix__N4__ring__seed3,dgn_qmix,coord_grid,3,5170,129275,46.0,25,0.050000000000000044,11.920549551645914,181.71253458658853,225.37287591700442
dgn_qmix__N4__ring__seed3,dgn_qmix,coord_grid,3,5171,129300,78.0,25,0.050000000000000044,10.460230032602945,185.57219696044922,225.41719608398853
dgn_qmix__N4__ring__seed3,dgn_qmix,coord_grid,3,5172,129325,88.0,25,0.050000000000000044,14.996274539402553,121.31545148577008,225.46649279200938
dgn_qmix__N4__ring__seed3,dgn_qmix,coord_grid,3,5173,129350,82.0,25,0.050000000000000044,7.184546927611033,71.26260503133138,225.5106940420228
dgn_qmix__N4__ring__seed3,dgn_qmix,coord_grid,3,5174,129375,78.0,25,0.050000000000000044,7.832787096500397,62.11979230244955,225.55396079202183
dgn_qmix__N4__ring__seed3,dgn_qmix,coord_grid,3,5175,129400,82.0,25,0.050000000000000044,11.416724423567453,78.44747988382976,225.59768375003478
dgn_qmix__N4__ring__seed3,dgn_qmix,coord_grid,3,5176,129425,79.0,25,0.050000000000000044,5.147747193064008,118.24684797014508,225.64619375002803
dgn_qmix__N4__ring__seed3,dgn_qmix,coord_grid,3,5177,129450,77.0,25,0.050000000000000044,5.905605316162109,55.6253776550293,225.6901454590261
dgn_qmix__N4__ring__seed3,dgn_qmix,coord_grid,3,5178,129475,80.0,25,0.050000000000000044,12.708485126495361,140.74853897094727,225.73446408403106
dgn_qmix__N4__ring__seed3,dgn_qmix,coord_grid,3,5179,129500,77.0,25,0.050000000000000044,11.619805971781412,149.5787811279297,225.77893483400112
dgn_qmix__N4__ring__seed3,dgn_qmix,coord_grid,3,5180,129525,86.0,25,0.050000000000000044,9.95645797252655,144.9470694405692,225.82763062498998
dgn_qmix__N4__ring__seed3,dgn_qmix,coord_grid,3,5181,129550,83.0,25,0.050000000000000044,8.219140529632568,145.55701446533203,225.87161000003107
dgn_qmix__N4__ring__seed3,dgn_qmix,coord_grid,3,5182,129575,83.0,25,0.050000000000000044,7.673049350579579,110.22112401326497,225.9145079170121
dgn_qmix__N4__ring__seed3,dgn_qmix,coord_grid,3,5183,129600,89.0,25,0.050000000000000044,9.938081920146942,91.78164132436116,225.95773287501652
dgn_qmix__N4__ring__seed3,dgn_qmix,coord_grid,3,5184,129625,87.0,25,0.050000000000000044,6.155494792120797,141.65780530657088,226.00661212502746
dgn_qmix__N4__ring__seed3,dgn_qmix,coord_grid,3,5185,129650,73.0,25,0.050000000000000044,15.692868709564209,120.67519919077556,226.05032329203095
dgn_qmix__N4__ring__seed3,dgn_qmix,coord_grid,3,5186,129675,73.0,25,0.050000000000000044,9.985895901918411,144.63790448506674,226.09761033399263
dgn_qmix__N4__ring__seed3,dgn_qmix,coord_grid,3,5187,129700,92.0,25,0.050000000000000044,7.731115798155467,56.3280398050944,226.14109670900507
dgn_qmix__N4__ring__seed3,dgn_qmix,coord_grid,3,5188,129725,75.0,25,0.050000000000000044,13.603374072483607,70.73642948695591,226.19006845902186
dgn_qmix__N4__ring__seed3,dgn_qmix,coord_grid,3,5189,129750,73.0,25,0.050000000000000044,9.964503725369772,150.83038266499838,226.23391179199098
dgn_qmix__N4__ring__seed3,dgn_qmix,coord_grid,3,5190,129775,70.0,25,0.050000000000000044,9.33917268117269,138.3142293294271,226.2785870420048
dgn_qmix__N4__ring__seed3,dgn_qmix,coord_grid,3,5191,129800,80.0,25,0.050000000000000044,11.488202691078186,148.63889662424722,226.32242749998113
dgn_qmix__N4__ring__seed3,dgn_qmix,coord_grid,3,5192,129825,86.0,25,0.050000000000000044,9.612958567483085,231.362064906529,226.3727796250023
dgn_qmix__N4__ring__seed3,dgn_qmix,coord_grid,3,5193,129850,82.0,25,0.050000000000000044,8.103219787279764,121.25011126200359,226.41658379201544
dgn_qmix__N4__ring__seed3,dgn_qmix,coord_grid,3,5194,129875,89.0,25,0.050000000000000044,6.673363228638967,114.79971059163411,226.46071637503337
dgn_qmix__N4__ring__seed3,dgn_qmix,coord_grid,3,5195,129900,63.0,25,0.050000000000000044,10.543067971865336,107.22914568583171,226.50425766699482
dgn_qmix__N4__ring__seed3,dgn_qmix,coord_grid,3,5196,129925,79.0,25,0.050000000000000044,9.140887669154576,100.79742213657924,226.55274900002405
dgn_qmix__N4__ring__seed3,dgn_qmix,coord_grid,3,5197,129950,88.0,25,0.050000000000000044,7.665749649206798,59.9619935353597,226.59729645901825
dgn_qmix__N4__ring__seed3,dgn_qmix,coord_grid,3,5198,129975,78.0,25,0.050000000000000044,7.985590994358063,47.048854192097984,226.6410772500094
dgn_qmix__N4__ring__seed3,dgn_qmix,coord_grid,3,5199,130000,81.0,25,0.050000000000000044,14.91208012898763,62.749871571858726,226.6864087919821
dgn_qmix__N4__ring__seed3,dgn_qmix,coord_grid,3,5200,130025,90.0,25,0.050000000000000044,11.191501379013062,129.204042162214,226.73578512499807
dgn_qmix__N4__ring__seed3,dgn_qmix,coord_grid,3,5201,130050,90.0,25,0.050000000000000044,13.315395991007486,180.17816670735678,226.7794605839881
dgn_qmix__N4__ring__seed3,dgn_qmix,coord_grid,3,5202,130075,90.0,25,0.050000000000000044,12.660964528719584,131.7060489654541,226.82279387500603
dgn_qmix__N4__ring__seed3,dgn_qmix,coord_grid,3,5203,130100,82.0,25,0.050000000000000044,7.96535340944926,70.27049509684245,226.86610408400884
dgn_qmix__N4__ring__seed3,dgn_qmix,coord_grid,3,5204,130125,86.0,25,0.050000000000000044,11.771082043647766,126.50469861711774,226.9152216250077
dgn_qmix__N4__ring__seed3,dgn_qmix,coord_grid,3,5205,130150,23.0,25,0.050000000000000044,7.356564879417419,167.11222394307455,226.95911379199242
dgn_qmix__N4__ring__seed3,dgn_qmix,coord_grid,3,5206,130175,87.0,25,0.050000000000000044,11.337186574935913,113.32579549153645,227.00366841698997
dgn_qmix__N4__ring__seed3,dgn_qmix,coord_grid,3,5207,130200,63.0,25,0.050000000000000044,7.887512981891632,98.47806358337402,227.04674016701756
dgn_qmix__N4__ring__seed3,dgn_qmix,coord_grid,3,5208,130225,94.0,25,0.050000000000000044,18.01147030081068,159.55940682547433,227.09808399999747
dgn_qmix__N4__ring__seed3,dgn_qmix,coord_grid,3,5209,130250,67.0,25,0.050000000000000044,5.383444607257843,209.5266628265381,227.1545715840184
dgn_qmix__N4__ring__seed3,dgn_qmix,coord_grid,3,5210,130275,31.0,25,0.050000000000000044,12.28962262471517,138.36432456970215,227.20305808400735
dgn_qmix__N4__ring__seed3,dgn_qmix,coord_grid,3,5211,130300,91.0,25,0.050000000000000044,4.638599177201589,102.06083424886067,227.24870045902207
dgn_qmix__N4__ring__seed3,dgn_qmix,coord_grid,3,5212,130325,87.0,25,0.050000000000000044,10.264377185276576,130.6342931474958,227.29722479201155
dgn_qmix__N4__ring__seed3,dgn_qmix,coord_grid,3,5213,130350,93.0,25,0.050000000000000044,12.64521344502767,114.0990556081136,227.34185570903355
dgn_qmix__N4__ring__seed3,dgn_qmix,coord_grid,3,5214,130375,83.0,25,0.050000000000000044,11.472920417785645,111.80082098642985,227.38538175000576
dgn_qmix__N4__ring__seed3,dgn_qmix,coord_grid,3,5215,130400,85.0,25,0.050000000000000044,10.73182745774587,137.3000462849935,227.42937854200136
dgn_qmix__N4__ring__seed3,dgn_qmix,coord_grid,3,5216,130425,68.0,25,0.050000000000000044,8.871219319956642,125.31117139543805,227.47979908401612
dgn_qmix__N4__ring__seed3,dgn_qmix,coord_grid,3,5217,130450,72.0,25,0.050000000000000044,6.879035989443461,159.8217372894287,227.52759449998848
dgn_qmix__N4__ring__seed3,dgn_qmix,coord_grid,3,5218,130475,85.0,25,0.050000000000000044,12.23403525352478,150.92608515421549,227.5717458340223
dgn_qmix__N4__ring__seed3,dgn_qmix,coord_grid,3,5219,130500,87.0,25,0.050000000000000044,14.674438873926798,149.40156682332358,227.6159303750028
dgn_qmix__N4__ring__seed3,dgn_qmix,coord_grid,3,5220,130525,82.0,25,0.050000000000000044,8.46501178400857,151.41174534388952,227.66632016701624
dgn_qmix__N4__ring__seed3,dgn_qmix,coord_grid,3,5221,130550,83.0,25,0.050000000000000044,16.026431798934937,154.63273429870605,227.7103410839918
dgn_qmix__N4__ring__seed3,dgn_qmix,coord_grid,3,5222,130575,88.0,25,0.050000000000000044,16.10658589998881,138.22106488545737,227.75341537501663
dgn_qmix__N4__ring__seed3,dgn_qmix,coord_grid,3,5223,130600,32.0,25,0.050000000000000044,9.482744495073954,132.2716464996338,227.79795099998591
dgn_qmix__N4__ring__seed3,dgn_qmix,coord_grid,3,5224,130625,85.0,25,0.050000000000000044,7.633530582700457,217.4998539515904,227.84697200002847
dgn_qmix__N4__ring__seed3,dgn_qmix,coord_grid,3,5225,130650,94.0,25,0.050000000000000044,11.458346168200174,111.58932717641194,227.8901707920013
dgn_qmix__N4__ring__seed3,dgn_qmix,coord_grid,3,5226,130675,90.0,25,0.050000000000000044,6.916106204191844,55.30945587158203,227.93439366703387
dgn_qmix__N4__ring__seed3,dgn_qmix,coord_grid,3,5227,130700,67.0,25,0.050000000000000044,7.148212194442749,53.2634801864624,227.97902445902582
dgn_qmix__N4__ring__seed3,dgn_qmix,coord_grid,3,5228,130725,92.0,25,0.050000000000000044,11.083305750574384,124.8477532523019,228.0278022090206
dgn_qmix__N4__ring__seed3,dgn_qmix,coord_grid,3,5229,130750,84.0,25,0.050000000000000044,8.4688587586085,173.96599960327148,228.07192691700766
dgn_qmix__N4__ring__seed3,dgn_qmix,coord_grid,3,5230,130775,87.0,25,0.050000000000000044,6.941883186499278,177.80306243896484,228.11602445901372
dgn_qmix__N4__ring__seed3,dgn_qmix,coord_grid,3,5231,130800,68.0,25,0.050000000000000044,9.334308167298635,170.28070894877115,228.16574441699777
dgn_qmix__N4__ring__seed3,dgn_qmix,coord_grid,3,5232,130825,72.0,25,0.050000000000000044,8.28056241784777,87.47239412580218,228.218628083996
dgn_qmix__N4__ring__seed3,dgn_qmix,coord_grid,3,5233,130850,52.0,25,0.050000000000000044,14.854805886745453,107.72823842366536,228.2644827500335
dgn_qmix__N4__ring__seed3,dgn_qmix,coord_grid,3,5234,130875,88.0,25,0.050000000000000044,11.719593942165375,81.25712140401204,228.30803954199655
dgn_qmix__N4__ring__seed3,dgn_qmix,coord_grid,3,5235,130900,78.0,25,0.050000000000000044,14.21671438217163,68.95621109008789,228.35224645899143
dgn_qmix__N4__ring__seed3,dgn_qmix,coord_grid,3,5236,130925,1.0,25,0.050000000000000044,8.24272780758994,158.6819030216762,228.40161945903674
dgn_qmix__N4__ring__seed3,dgn_qmix,coord_grid,3,5237,130950,53.0,25,0.050000000000000044,9.791720787684122,126.27372042338054,228.44535850000102
dgn_qmix__N4__ring__seed3,dgn_qmix,coord_grid,3,5238,130975,66.0,25,0.050000000000000044,8.032160073518753,86.83825302124023,228.48973462503636
dgn_qmix__N4__ring__seed3,dgn_qmix,coord_grid,3,5239,131000,88.0,25,0.050000000000000044,12.897432009379068,63.86420758565267,228.5342287090025
dgn_qmix__N4__ring__seed3,dgn_qmix,coord_grid,3,5240,131025,27.0,25,0.050000000000000044,11.151276060513087,125.43321446010044,228.58483125001658
dgn_qmix__N4__ring__seed3,dgn_qmix,coord_grid,3,5241,131050,70.0,25,0.050000000000000044,10.526131451129913,106.66041946411133,228.62934383400716
dgn_qmix__N4__ring__seed3,dgn_qmix,coord_grid,3,5242,131075,79.0,25,0.050000000000000044,3.8824089765548706,75.36744213104248,228.6736653749831
dgn_qmix__N4__ring__seed3,dgn_qmix,coord_grid,3,5243,131100,66.0,25,0.050000000000000044,11.32121636470159,75.74827194213867,228.71799766703043
dgn_qmix__N4__ring__seed3,dgn_qmix,coord_grid,3,5244,131125,40.0,25,0.050000000000000044,6.176403948238918,119.32858221871513,228.76720537501387
dgn_qmix__N4__ring__seed3,dgn_qmix,coord_grid,3,5245,131150,91.0,25,0.050000000000000044,10.593008697032928,127.05103588104248,228.81115116702858
dgn_qmix__N4__ring__seed3,dgn_qmix,coord_grid,3,5246,131175,66.0,25,0.050000000000000044,11.49646981060505,87.47487894694011,228.85525704198517
dgn_qmix__N4__ring__seed3,dgn_qmix,coord_grid,3,5247,131200,86.0,25,0.050000000000000044,12.728574275970459,105.3277530670166,228.9005299170385
dgn_qmix__N4__ring__seed3,dgn_qmix,coord_grid,3,5248,131225,22.0,25,0.050000000000000044,6.422267896788461,121.01529802594867,228.95065466698725
dgn_qmix__N4__ring__seed3,dgn_qmix,coord_grid,3,5249,131250,77.0,25,0.050000000000000044,10.073385238647461,168.20410792032877,228.9955807920196
dgn_qmix__N4__ring__seed3,dgn_qmix,coord_grid,3,5250,131275,2.0,25,0.050000000000000044,12.007450103759766,190.55921173095703,229.0391712920391
dgn_qmix__N4__ring__seed3,dgn_qmix,coord_grid,3,5251,131300,11.0,25,0.050000000000000044,11.209527134895325,201.85958862304688,229.0838007919956
dgn_qmix__N4__ring__seed3,dgn_qmix,coord_grid,3,5252,131325,50.0,25,0.050000000000000044,9.780965805053711,99.16610390799386,229.13297654199414
dgn_qmix__N4__ring__seed3,dgn_qmix,coord_grid,3,5253,131350,48.0,25,0.050000000000000044,13.674931565920511,105.85039647420247,229.1771473340341
dgn_qmix__N4__ring__seed3,dgn_qmix,coord_grid,3,5254,131375,90.0,25,0.050000000000000044,5.465153008699417,96.51810963948567,229.22106595902005
dgn_qmix__N4__ring__seed3,dgn_qmix,coord_grid,3,5255,131400,98.0,25,0.050000000000000044,6.445757577816646,105.70773887634277,229.265147084021
dgn_qmix__N4__ring__seed3,dgn_qmix,coord_grid,3,5256,131425,84.0,25,0.050000000000000044,6.8087551934378485,220.33448028564453,229.31437216699123
dgn_qmix__N4__ring__seed3,dgn_qmix,coord_grid,3,5257,131450,83.0,25,0.050000000000000044,11.393415808677673,122.56906572977702,229.35842008399777
dgn_qmix__N4__ring__seed3,dgn_qmix,coord_grid,3,5258,131475,79.0,25,0.050000000000000044,13.880409002304077,154.5830535888672,229.40174191701226
dgn_qmix__N4__ring__seed3,dgn_qmix,coord_grid,3,5259,131500,49.0,25,0.050000000000000044,8.195011715094248,161.72337595621744,229.4452128750272
dgn_qmix__N4__ring__seed3,dgn_qmix,coord_grid,3,5260,131525,80.0,25,0.050000000000000044,13.110618182591029,95.33473096575055,229.49350912502268
dgn_qmix__N4__ring__seed3,dgn_qmix,coord_grid,3,5261,131550,64.0,25,0.050000000000000044,5.637139861782392,51.35057067871094,229.5375957500073
dgn_qmix__N4__ring__seed3,dgn_qmix,coord_grid,3,5262,131575,92.0,25,0.050000000000000044,8.33842553695043,92.68766911824544,229.58146587503143
dgn_qmix__N4__ring__seed3,dgn_qmix,coord_grid,3,5263,131600,87.0,25,0.050000000000000044,15.750089804331461,95.3657735188802,229.625614708988
dgn_qmix__N4__ring__seed3,dgn_qmix,coord_grid,3,5264,131625,68.0,25,0.050000000000000044,11.056131584303719,110.17671639578683,229.67500783398282
dgn_qmix__N4__ring__seed3,dgn_qmix,coord_grid,3,5265,131650,83.0,25,0.050000000000000044,12.6562087337176,152.8375015258789,229.71870737499557
dgn_qmix__N4__ring__seed3,dgn_qmix,coord_grid,3,5266,131675,63.0,25,0.050000000000000044,8.493537644545237,81.9221305847168,229.76268129202072
dgn_qmix__N4__ring__seed3,dgn_qmix,coord_grid,3,5267,131700,83.0,25,0.050000000000000044,8.482254346211752,126.51013565063477,229.80649583402555
dgn_qmix__N4__ring__seed3,dgn_qmix,coord_grid,3,5268,131725,70.0,25,0.050000000000000044,6.699266314506531,143.56643050057548,229.85602816700703
dgn_qmix__N4__ring__seed3,dgn_qmix,coord_grid,3,5269,131750,91.0,25,0.050000000000000044,8.500057180722555,181.4036750793457,229.90015587501694
dgn_qmix__N4__ring__seed3,dgn_qmix,coord_grid,3,5270,131775,84.0,25,0.050000000000000044,10.632922430833181,143.08117294311523,229.94376954203472
dgn_qmix__N4__ring__seed3,dgn_qmix,coord_grid,3,5271,131800,82.0,25,0.050000000000000044,12.630844394365946,188.69640096028647,229.98731483402662
dgn_qmix__N4__ring__seed3,dgn_qmix,coord_grid,3,5272,131825,88.0,25,0.050000000000000044,7.924436858722141,147.28157097952706,230.0361906249891
dgn_qmix__N4__ring__seed3,dgn_qmix,coord_grid,3,5273,131850,75.0,25,0.050000000000000044,11.409041186173758,64.77443949381511,230.08024066698272
dgn_qmix__N4__ring__seed3,dgn_qmix,coord_grid,3,5274,131875,83.0,25,0.050000000000000044,10.925038496653238,115.94821357727051,230.12341845902847
dgn_qmix__N4__ring__seed3,dgn_qmix,coord_grid,3,5275,131900,82.0,25,0.050000000000000044,11.200760444005331,74.9069112141927,230.16718204203062
dgn_qmix__N4__ring__seed3,dgn_qmix,coord_grid,3,5276,131925,76.0,25,0.050000000000000044,9.801004324640546,71.51771109444755,230.21657650003908
dgn_qmix__N4__ring__seed3,dgn_qmix,coord_grid,3,5277,131950,82.0,25,0.050000000000000044,13.774031639099121,138.74505106608072,230.2605133749894
dgn_qmix__N4__ring__seed3,dgn_qmix,coord_grid,3,5278,131975,24.0,25,0.050000000000000044,10.522999882698059,205.88502756754556,230.3038911250187
dgn_qmix__N4__ring__seed3,dgn_qmix,coord_grid,3,5279,132000,84.0,25,0.050000000000000044,9.827622493108114,119.88286399841309,230.34721245901892
dgn_qmix__N4__ring__seed3,dgn_qmix,coord_grid,3,5280,132025,87.0,25,0.050000000000000044,11.741402574947902,79.05511093139648,230.39610008400632
dgn_qmix__N4__ring__seed3,dgn_qmix,coord_grid,3,5281,132050,81.0,25,0.050000000000000044,8.212502439816793,99.38088798522949,230.4399744590046
dgn_qmix__N4__ring__seed3,dgn_qmix,coord_grid,3,5282,132075,80.0,25,0.050000000000000044,10.732559363047281,128.48951117197672,230.48435720900306
dgn_qmix__N4__ring__seed3,dgn_qmix,coord_grid,3,5283,132100,77.0,25,0.050000000000000044,14.095706621805826,90.07597573598225,230.52826183399884
dgn_qmix__N4__ring__seed3,dgn_qmix,coord_grid,3,5284,132125,72.0,25,0.050000000000000044,9.057772917406899,79.83612087794712,230.57679116702639
dgn_qmix__N4__ring__seed3,dgn_qmix,coord_grid,3,5285,132150,87.0,25,0.050000000000000044,12.214183628559113,80.82383728027344,230.62052341701929
dgn_qmix__N4__ring__seed3,dgn_qmix,coord_grid,3,5286,132175,90.0,25,0.050000000000000044,11.275344530741373,84.91353225708008,230.66527758399025
dgn_qmix__N4__ring__seed3,dgn_qmix,coord_grid,3,5287,132200,93.0,25,0.050000000000000044,8.072757333517075,81.24211184183757,230.71025433402974
dgn_qmix__N4__ring__seed3,dgn_qmix,coord_grid,3,5288,132225,87.0,25,0.050000000000000044,11.515340634754725,226.75346047537667,230.7593329169904
dgn_qmix__N4__ring__seed3,dgn_qmix,coord_grid,3,5289,132250,82.0,25,0.050000000000000044,11.516374627749125,167.26177978515625,230.80413137498545
dgn_qmix__N4__ring__seed3,dgn_qmix,coord_grid,3,5290,132275,85.0,25,0.050000000000000044,10.481613258520762,200.50350189208984,230.84774433402345
dgn_qmix__N4__ring__seed3,dgn_qmix,coord_grid,3,5291,132300,75.0,25,0.050000000000000044,13.113540728886923,209.47878901163736,230.89149520901265
dgn_qmix__N4__ring__seed3,dgn_qmix,coord_grid,3,5292,132325,88.0,25,0.050000000000000044,11.219619631767273,193.3332290649414,230.9404327920056
dgn_qmix__N4__ring__seed3,dgn_qmix,coord_grid,3,5293,132350,86.0,25,0.050000000000000044,6.379910906155904,156.58371861775717,230.98450062499614
dgn_qmix__N4__ring__seed3,dgn_qmix,coord_grid,3,5294,132375,80.0,25,0.050000000000000044,8.131905833880106,80.00413767496745,231.02849487500498
dgn_qmix__N4__ring__seed3,dgn_qmix,coord_grid,3,5295,132400,50.0,25,0.050000000000000044,9.389831821123758,141.11144574483237,231.07184920902364
dgn_qmix__N4__ring__seed3,dgn_qmix,coord_grid,3,5296,132425,85.0,25,0.050000000000000044,11.947279248918806,73.12186595371791,231.12098808400333
dgn_qmix__N4__ring__seed3,dgn_qmix,coord_grid,3,5297,132450,92.0,25,0.050000000000000044,10.71227208773295,193.90886878967285,231.1652440840262
dgn_qmix__N4__ring__seed3,dgn_qmix,coord_grid,3,5298,132475,69.0,25,0.050000000000000044,10.720216512680054,230.1757672627767,231.2091248339857
dgn_qmix__N4__ring__seed3,dgn_qmix,coord_grid,3,5299,132500,71.0,25,0.050000000000000044,8.621330320835114,164.05579121907553,231.25352608400863
dgn_qmix__N4__ring__seed3,dgn_qmix,coord_grid,3,5300,132525,3.0,25,0.050000000000000044,14.239164761134557,170.50254821777344,231.30213133402867
dgn_qmix__N4__ring__seed3,dgn_qmix,coord_grid,3,5301,132550,82.0,25,0.050000000000000044,10.418904801209768,67.8973159790039,231.34637600003043
dgn_qmix__N4__ring__seed3,dgn_qmix,coord_grid,3,5302,132575,89.0,25,0.050000000000000044,11.606808443864187,114.855712890625,231.3897284999839
dgn_qmix__N4__ring__seed3,dgn_qmix,coord_grid,3,5303,132600,88.0,25,0.050000000000000044,11.584386388460794,121.48094304402669,231.4331734169973
dgn_qmix__N4__ring__seed3,dgn_qmix,coord_grid,3,5304,132625,86.0,25,0.050000000000000044,9.239475403513227,174.83560289655412,231.48248958401382
dgn_qmix__N4__ring__seed3,dgn_qmix,coord_grid,3,5305,132650,76.0,25,0.050000000000000044,7.008123497168223,204.33209609985352,231.53172716702102
dgn_qmix__N4__ring__seed3,dgn_qmix,coord_grid,3,5306,132675,80.0,25,0.050000000000000044,11.086377104123434,174.69989140828451,231.59036595898215
dgn_qmix__N4__ring__seed3,dgn_qmix,coord_grid,3,5307,132700,90.0,25,0.050000000000000044,8.165456295013428,116.74604924519856,231.64789887500228
dgn_qmix__N4__ring__seed3,dgn_qmix,coord_grid,3,5308,132725,87.0,25,0.050000000000000044,10.152984721320015,136.68150002615792,231.70693975000177
dgn_qmix__N4__ring__seed3,dgn_qmix,coord_grid,3,5309,132750,68.0,25,0.050000000000000044,11.858294010162354,120.26857439676921,231.75462366698775
dgn_qmix__N4__ring__seed3,dgn_qmix,coord_grid,3,5310,132775,86.0,25,0.050000000000000044,3.551085611184438,185.6688658396403,231.80331425002078
dgn_qmix__N4__ring__seed3,dgn_qmix,coord_grid,3,5311,132800,90.0,25,0.050000000000000044,11.434985001881918,120.4843978881836,231.85469833400566
dgn_qmix__N4__ring__seed3,dgn_qmix,coord_grid,3,5312,132825,86.0,25,0.050000000000000044,11.981891291482109,59.79560061863491,231.90807629202027
dgn_qmix__N4__ring__seed3,dgn_qmix,coord_grid,3,5313,132850,87.0,25,0.050000000000000044,7.242990791797638,70.16127745310466,231.96081566700013
dgn_qmix__N4__ring__seed3,dgn_qmix,coord_grid,3,5314,132875,76.0,25,0.050000000000000044,7.291797399520874,120.40862655639648,232.00803262501722
dgn_qmix__N4__ring__seed3,dgn_qmix,coord_grid,3,5315,132900,80.0,25,0.050000000000000044,11.111265997091929,177.52684020996094,232.054631334031
dgn_qmix__N4__ring__seed3,dgn_qmix,coord_grid,3,5316,132925,78.0,25,0.050000000000000044,12.285856791904994,189.86755153111048,232.10381458402844
dgn_qmix__N4__ring__seed3,dgn_qmix,coord_grid,3,5317,132950,84.0,25,0.050000000000000044,12.442564765612284,213.96439615885416,232.14781362499343
dgn_qmix__N4__ring__seed3,dgn_qmix,coord_grid,3,5318,132975,85.0,25,0.050000000000000044,9.49225421746572,197.1919428507487,232.1906427090289
dgn_qmix__N4__ring__seed3,dgn_qmix,coord_grid,3,5319,133000,90.0,25,0.050000000000000044,8.697688062985739,137.8613166809082,232.2363798340084
dgn_qmix__N4__ring__seed3,dgn_qmix,coord_grid,3,5320,133025,94.0,25,0.050000000000000044,16.122975860323226,179.96079036167689,232.28810683399206
dgn_qmix__N4__ring__seed3,dgn_qmix,coord_grid,3,5321,133050,96.0,25,0.050000000000000044,12.892048239707947,154.66639200846353,232.3337591669988
dgn_qmix__N4__ring__seed3,dgn_qmix,coord_grid,3,5322,133075,80.0,25,0.050000000000000044,10.834023078282675,114.02215321858723,232.3802049169899
dgn_qmix__N4__ring__seed3,dgn_qmix,coord_grid,3,5323,133100,71.0,25,0.050000000000000044,9.435478488604227,71.36135991414388,232.42299454199383
dgn_qmix__N4__ring__seed3,dgn_qmix,coord_grid,3,5324,133125,90.0,25,0.050000000000000044,8.127300279481071,104.55939265659877,232.47160212503513
dgn_qmix__N4__ring__seed3,dgn_qmix,coord_grid,3,5325,133150,71.0,25,0.050000000000000044,9.590197543303171,105.53821182250977,232.5147502500331
dgn_qmix__N4__ring__seed3,dgn_qmix,coord_grid,3,5326,133175,85.0,25,0.050000000000000044,9.708958129088083,124.48588307698567,232.55927733401768
dgn_qmix__N4__ring__seed3,dgn_qmix,coord_grid,3,5327,133200,73.0,25,0.050000000000000044,14.810052712758383,68.7920290629069,232.60627950000344
dgn_qmix__N4__ring__seed3,dgn_qmix,coord_grid,3,5328,133225,68.0,25,0.050000000000000044,9.325032012803215,128.33238656180245,232.6558894169866
dgn_qmix__N4__ring__seed3,dgn_qmix,coord_grid,3,5329,133250,91.0,25,0.050000000000000044,12.646776914596558,78.68601353963216,232.69919266703073
dgn_qmix__N4__ring__seed3,dgn_qmix,coord_grid,3,5330,133275,80.0,25,0.050000000000000044,9.249300082524618,111.84151204427083,232.74292983399937
dgn_qmix__N4__ring__seed3,dgn_qmix,coord_grid,3,5331,133300,80.0,25,0.050000000000000044,9.185669004917145,135.08298873901367,232.78688041702844
dgn_qmix__N4__ring__seed3,dgn_qmix,coord_grid,3,5332,133325,70.0,25,0.050000000000000044,12.133823454380035,127.284177507673,232.83594925003126
dgn_qmix__N4__ring__seed3,dgn_qmix,coord_grid,3,5333,133350,62.0,25,0.050000000000000044,8.296592434247335,91.3254165649414,232.8826407089946
dgn_qmix__N4__ring__seed3,dgn_qmix,coord_grid,3,5334,133375,65.0,25,0.050000000000000044,11.618522783120474,181.39340337117514,232.9268039999879
dgn_qmix__N4__ring__seed3,dgn_qmix,coord_grid,3,5335,133400,88.0,25,0.050000000000000044,8.352416733900705,170.9711570739746,232.97524179203901
dgn_qmix__N4__ring__seed3,dgn_qmix,coord_grid,3,5336,133425,49.0,25,0.050000000000000044,12.727376665387835,166.23359952654158,233.03498641698388
dgn_qmix__N4__ring__seed3,dgn_qmix,coord_grid,3,5337,133450,74.0,25,0.050000000000000044,4.597169225414594,82.92671140034993,233.08194616698893
dgn_qmix__N4__ring__seed3,dgn_qmix,coord_grid,3,5338,133475,89.0,25,0.050000000000000044,11.963985403378805,137.29748598734537,233.12896508403355
dgn_qmix__N4__ring__seed3,dgn_qmix,coord_grid,3,5339,133500,79.0,25,0.050000000000000044,11.994531194368998,195.60772641499838,233.17420775000937
dgn_qmix__N4__ring__seed3,dgn_qmix,coord_grid,3,5340,133525,83.0,25,0.050000000000000044,12.488551139831543,124.48857934134347,233.22587525000563
dgn_qmix__N4__ring__seed3,dgn_qmix,coord_grid,3,5341,133550,81.0,25,0.050000000000000044,7.801350851853688,124.32109069824219,233.27172270900337
dgn_qmix__N4__ring__seed3,dgn_qmix,coord_grid,3,5342,133575,79.0,25,0.050000000000000044,9.629147589206696,103.68881734212239,233.31547691702144
dgn_qmix__N4__ring__seed3,dgn_qmix,coord_grid,3,5343,133600,64.0,25,0.050000000000000044,8.060965557893118,94.81367937723796,233.36058383400086
dgn_qmix__N4__ring__seed3,dgn_qmix,coord_grid,3,5344,133625,77.0,25,0.050000000000000044,9.370299730982099,93.09516361781529,233.41093958402053
dgn_qmix__N4__ring__seed3,dgn_qmix,coord_grid,3,5345,133650,64.0,25,0.050000000000000044,13.506109893321991,108.43073908487956,233.45633079198888
dgn_qmix__N4__ring__seed3,dgn_qmix,coord_grid,3,5346,133675,89.0,25,0.050000000000000044,11.937931021054586,92.4222224553426,233.50146558403503
dgn_qmix__N4__ring__seed3,dgn_qmix,coord_grid,3,5347,133700,96.0,25,0.050000000000000044,10.827101627985636,92.46863428751628,233.54538066702662
dgn_qmix__N4__ring__seed3,dgn_qmix,coord_grid,3,5348,133725,91.0,25,0.050000000000000044,10.700669152396065,172.37224524361747,233.59638270898722
dgn_qmix__N4__ring__seed3,dgn_qmix,coord_grid,3,5349,133750,76.0,25,0.050000000000000044,5.982925782601039,157.44801457722983,233.64364854199812
dgn_qmix__N4__ring__seed3,dgn_qmix,coord_grid,3,5350,133775,86.0,25,0.050000000000000044,13.990370194117228,205.52298545837402,233.6905868750182
dgn_qmix__N4__ring__seed3,dgn_qmix,coord_grid,3,5351,133800,68.0,25,0.050000000000000044,22.109074513117474,103.08574231465657,233.7382667090278
dgn_qmix__N4__ring__seed3,dgn_qmix,coord_grid,3,5352,133825,90.0,25,0.050000000000000044,5.226503900119236,161.61836188180106,233.78974508401006
dgn_qmix__N4__ring__seed3,dgn_qmix,coord_grid,3,5353,133850,86.0,25,0.050000000000000044,10.66761028766632,160.3041559855143,233.83335091703339
dgn_qmix__N4__ring__seed3,dgn_qmix,coord_grid,3,5354,133875,84.0,25,0.050000000000000044,8.599325954914093,203.05368677775064,233.88248787500197
dgn_qmix__N4__ring__seed3,dgn_qmix,coord_grid,3,5355,133900,80.0,25,0.050000000000000044,11.036795059839884,218.89487584431967,233.93060166703071
dgn_qmix__N4__ring__seed3,dgn_qmix,coord_grid,3,5356,133925,93.0,25,0.050000000000000044,8.224428432328361,171.329105922154,233.9825389169855
dgn_qmix__N4__ring__seed3,dgn_qmix,coord_grid,3,5357,133950,87.0,25,0.050000000000000044,11.92594071229299,182.0998675028483,234.02995108399773
dgn_qmix__N4__ring__seed3,dgn_qmix,coord_grid,3,5358,133975,71.0,25,0.050000000000000044,15.999967992305756,117.59527905782063,234.0757095000008
dgn_qmix__N4__ring__seed3,dgn_qmix,coord_grid,3,5359,134000,96.0,25,0.050000000000000044,7.230044523874919,117.07330385843913,234.12154333398212
dgn_qmix__N4__ring__seed3,dgn_qmix,coord_grid,3,5360,134025,91.0,25,0.050000000000000044,16.0174241065979,126.11999348231724,234.17129399999976
dgn_qmix__N4__ring__seed3,dgn_qmix,coord_grid,3,5361,134050,75.0,25,0.050000000000000044,8.436039090156555,47.47754510243734,234.21598170901416
dgn_qmix__N4__ring__seed3,dgn_qmix,coord_grid,3,5362,134075,82.0,25,0.050000000000000044,7.289374073346456,170.51305452982584,234.26237729203422
dgn_qmix__N4__ring__seed3,dgn_qmix,coord_grid,3,5363,134100,80.0,25,0.050000000000000044,7.215406835079193,112.22755495707194,234.30844462499954
dgn_qmix__N4__ring__seed3,dgn_qmix,coord_grid,3,5364,134125,76.0,25,0.050000000000000044,5.6622321265084405,162.37239401681083,234.36029379203683
dgn_qmix__N4__ring__seed3,dgn_qmix,coord_grid,3,5365,134150,90.0,25,0.050000000000000044,14.913526525100073,226.919553120931,234.40624008403393
dgn_qmix__N4__ring__seed3,dgn_qmix,coord_grid,3,5366,134175,74.0,25,0.050000000000000044,5.154629111289978,134.30995559692383,234.45263612503186
dgn_qmix__N4__ring__seed3,dgn_qmix,coord_grid,3,5367,134200,80.0,25,0.050000000000000044,8.226320882638296,152.2047030131022,234.4957115839934
dgn_qmix__N4__ring__seed3,dgn_qmix,coord_grid,3,5368,134225,94.0,25,0.050000000000000044,7.159737007958548,196.0143710545131,234.5452304999926
dgn_qmix__N4__ring__seed3,dgn_qmix,coord_grid,3,5369,134250,84.0,25,0.050000000000000044,14.72383737564087,141.45524470011392,234.59286858403357
dgn_qmix__N4__ring__seed3,dgn_qmix,coord_grid,3,5370,134275,81.0,25,0.050000000000000044,13.577894528706869,202.509495417277,234.63851179199992
dgn_qmix__N4__ring__seed3,dgn_qmix,coord_grid,3,5371,134300,47.0,25,0.050000000000000044,8.3676145474116,164.33848412831625,234.6843988749897
dgn_qmix__N4__ring__seed3,dgn_qmix,coord_grid,3,5372,134325,77.0,25,0.050000000000000044,16.083972130502975,101.1411612374442,234.7367532090284
dgn_qmix__N4__ring__seed3,dgn_qmix,coord_grid,3,5373,134350,84.0,25,0.050000000000000044,11.68230543533961,64.38202317555745,234.78196637501242
dgn_qmix__N4__ring__seed3,dgn_qmix,coord_grid,3,5374,134375,78.0,25,0.050000000000000044,11.624699195226034,75.76914087931316,234.82746608398156
dgn_qmix__N4__ring__seed3,dgn_qmix,coord_grid,3,5375,134400,88.0,25,0.050000000000000044,10.321096221605936,49.787469228108726,234.87178629200207
dgn_qmix__N4__ring__seed3,dgn_qmix,coord_grid,3,5376,134425,82.0,25,0.050000000000000044,9.292901345661708,105.0114266531808,234.9242124169832
dgn_qmix__N4__ring__seed3,dgn_qmix,coord_grid,3,5377,134450,77.0,25,0.050000000000000044,9.630022267500559,162.33135986328125,234.9712671249872
dgn_qmix__N4__ring__seed3,dgn_qmix,coord_grid,3,5378,134475,96.0,25,0.050000000000000044,9.39757494131724,87.49580891927083,235.01868037501117
dgn_qmix__N4__ring__seed3,dgn_qmix,coord_grid,3,5379,134500,83.0,25,0.050000000000000044,7.129669586817424,48.39695040384928,235.0648296669824
dgn_qmix__N4__ring__seed3,dgn_qmix,coord_grid,3,5380,134525,92.0,25,0.050000000000000044,9.74537724682263,71.53036553519112,235.11370691703632
dgn_qmix__N4__ring__seed3,dgn_qmix,coord_grid,3,5381,134550,87.0,25,0.050000000000000044,12.85564104715983,80.39673932393391,235.1599011250073
dgn_qmix__N4__ring__seed3,dgn_qmix,coord_grid,3,5382,134575,88.0,25,0.050000000000000044,8.00747666756312,99.08041063944499,235.20583779201843
dgn_qmix__N4__ring__seed3,dgn_qmix,coord_grid,3,5383,134600,92.0,25,0.050000000000000044,6.951615472634633,115.86507797241211,235.25053925003158
dgn_qmix__N4__ring__seed3,dgn_qmix,coord_grid,3,5384,134625,67.0,25,0.050000000000000044,11.701610854693822,235.3337903703962,235.30363287503133
dgn_qmix__N4__ring__seed3,dgn_qmix,coord_grid,3,5385,134650,95.0,25,0.050000000000000044,16.065401871999104,153.54204940795898,235.34947616700083
dgn_qmix__N4__ring__seed3,dgn_qmix,coord_grid,3,5386,134675,84.0,25,0.050000000000000044,8.167086511850357,124.72631072998047,235.39416349999374
dgn_qmix__N4__ring__seed3,dgn_qmix,coord_grid,3,5387,134700,81.0,25,0.050000000000000044,10.696685353914896,69.6846357981364,235.43814529199153
dgn_qmix__N4__ring__seed3,dgn_qmix,coord_grid,3,5388,134725,88.0,25,0.050000000000000044,7.734799998147147,113.89208711896624,235.49006095901132
dgn_qmix__N4__ring__seed3,dgn_qmix,coord_grid,3,5389,134750,86.0,25,0.050000000000000044,12.463156441847483,88.19374720255534,235.53359554201597
dgn_qmix__N4__ring__seed3,dgn_qmix,coord_grid,3,5390,134775,85.0,25,0.050000000000000044,8.170186122258505,84.38191223144531,235.57780941703822
dgn_qmix__N4__ring__seed3,dgn_qmix,coord_grid,3,5391,134800,73.0,25,0.050000000000000044,10.755798478921255,93.16353543599446,235.6235092499992
dgn_qmix__N4__ring__seed3,dgn_qmix,coord_grid,3,5392,134825,89.0,25,0.050000000000000044,8.118663166250501,133.66348484584265,235.6720232089865
dgn_qmix__N4__ring__seed3,dgn_qmix,coord_grid,3,5393,134850,78.0,25,0.050000000000000044,9.38994280497233,140.90216700236002,235.71488754200982
dgn_qmix__N4__ring__seed3,dgn_qmix,coord_grid,3,5394,134875,75.0,25,0.050000000000000044,10.71764749288559,166.75372886657715,235.7572910420131
dgn_qmix__N4__ring__seed3,dgn_qmix,coord_grid,3,5395,134900,89.0,25,0.050000000000000044,13.282976746559143,108.56117502848308,235.80088687501848
dgn_qmix__N4__ring__seed3,dgn_qmix,coord_grid,3,5396,134925,88.0,25,0.050000000000000044,9.632097584860665,88.64181627546039,235.84821891703177
dgn_qmix__N4__ring__seed3,dgn_qmix,coord_grid,3,5397,134950,90.0,25,0.050000000000000044,11.643972973028818,88.02646954854329,235.89078162499936
dgn_qmix__N4__ring__seed3,dgn_qmix,coord_grid,3,5398,134975,47.0,25,0.050000000000000044,15.51753850777944,145.54265848795572,235.93655304203276
dgn_qmix__N4__ring__seed3,dgn_qmix,coord_grid,3,5399,135000,83.0,25,0.050000000000000044,11.933474481105804,71.59865538279216,235.97986420901725
dgn_qmix__N4__ring__seed3,dgn_qmix,coord_grid,3,5400,135025,59.0,25,0.050000000000000044,11.507978882108416,73.61401312691825,236.0298039590125
dgn_qmix__N4__ring__seed3,dgn_qmix,coord_grid,3,5401,135050,84.0,25,0.050000000000000044,9.987463474273682,83.95431232452393,236.0760855000117
dgn_qmix__N4__ring__seed3,dgn_qmix,coord_grid,3,5402,135075,74.0,25,0.050000000000000044,8.268611987431845,169.14520899454752,236.11939654202433
dgn_qmix__N4__ring__seed3,dgn_qmix,coord_grid,3,5403,135100,88.0,25,0.050000000000000044,12.64614232381185,125.39908536275227,236.16316562501015
dgn_qmix__N4__ring__seed3,dgn_qmix,coord_grid,3,5404,135125,86.0,25,0.050000000000000044,10.903176018169948,155.07171739850725,236.21194029203616
dgn_qmix__N4__ring__seed3,dgn_qmix,coord_grid,3,5405,135150,87.0,25,0.050000000000000044,12.199812610944113,119.72641245524089,236.25477770902216
dgn_qmix__N4__ring__seed3,dgn_qmix,coord_grid,3,5406,135175,58.0,25,0.050000000000000044,8.000939329465231,141.6373291015625,236.29794412502088
dgn_qmix__N4__ring__seed3,dgn_qmix,coord_grid,3,5407,135200,92.0,25,0.050000000000000044,15.233245849609375,61.610791524251304,236.34059091698145
dgn_qmix__N4__ring__seed3,dgn_qmix,coord_grid,3,5408,135225,88.0,25,0.050000000000000044,16.357823065349034,86.83898871285575,236.3890648339875
dgn_qmix__N4__ring__seed3,dgn_qmix,coord_grid,3,5409,135250,83.0,25,0.050000000000000044,10.795115093390146,129.8262538909912,236.4329078340088
dgn_qmix__N4__ring__seed3,dgn_qmix,coord_grid,3,5410,135275,65.0,25,0.050000000000000044,11.666924019654592,66.29666328430176,236.47774491703603
dgn_qmix__N4__ring__seed3,dgn_qmix,coord_grid,3,5411,135300,72.0,25,0.050000000000000044,8.44414589802424,144.61644236246744,236.521372083982
dgn_qmix__N4__ring__seed3,dgn_qmix,coord_grid,3,5412,135325,78.0,25,0.050000000000000044,7.678640876497541,183.93233489990234,236.5735064590117
dgn_qmix__N4__ring__seed3,dgn_qmix,coord_grid,3,5413,135350,83.0,25,0.050000000000000044,10.758098244667053,211.6420135498047,236.61945125000784
dgn_qmix__N4__ring__seed3,dgn_qmix,coord_grid,3,5414,135375,80.0,25,0.050000000000000044,13.108968178431192,124.93427276611328,236.66649508400587
dgn_qmix__N4__ring__seed3,dgn_qmix,coord_grid,3,5415,135400,86.0,25,0.050000000000000044,13.931477328141531,69.29006512959798,236.71144570899196
dgn_qmix__N4__ring__seed3,dgn_qmix,coord_grid,3,5416,135425,83.0,25,0.050000000000000044,12.541064092091151,199.04703848702567,236.76129391702125
dgn_qmix__N4__ring__seed3,dgn_qmix,coord_grid,3,5417,135450,86.0,25,0.050000000000000044,8.329262971878052,133.0969670613607,236.80557279201457
dgn_qmix__N4__ring__seed3,dgn_qmix,coord_grid,3,5418,135475,81.0,25,0.050000000000000044,15.941539923350016,81.5921999613444,236.85073283402016
dgn_qmix__N4__ring__seed3,dgn_qmix,coord_grid,3,5419,135500,85.0,25,0.050000000000000044,9.683661182721456,88.26139831542969,236.8957128750044
dgn_qmix__N4__ring__seed3,dgn_qmix,coord_grid,3,5420,135525,55.0,25,0.050000000000000044,7.387542928968157,134.76499557495117,236.94629504199838
dgn_qmix__N4__ring__seed3,dgn_qmix,coord_grid,3,5421,135550,43.0,25,0.050000000000000044,8.483505447705587,157.39027468363443,236.9909045000095
dgn_qmix__N4__ring__seed3,dgn_qmix,coord_grid,3,5422,135575,92.0,25,0.050000000000000044,9.975823084513346,120.86361948649089,237.03600337501848
dgn_qmix__N4__ring__seed3,dgn_qmix,coord_grid,3,5423,135600,64.0,25,0.050000000000000044,11.10839037100474,74.87539831797282,237.07939162501134
dgn_qmix__N4__ring__seed3,dgn_qmix,coord_grid,3,5424,135625,78.0,25,0.050000000000000044,4.770365510668073,82.3826174054827,237.13152495899703
dgn_qmix__N4__ring__seed3,dgn_qmix,coord_grid,3,5425,135650,60.0,25,0.050000000000000044,8.719019075234732,82.37175178527832,237.17829966702266
dgn_qmix__N4__ring__seed3,dgn_qmix,coord_grid,3,5426,135675,60.0,25,0.050000000000000044,11.453420718510946,80.84647941589355,237.22535329201492
dgn_qmix__N4__ring__seed3,dgn_qmix,coord_grid,3,5427,135700,40.0,25,0.050000000000000044,13.093655606110891,160.08534876505533,237.26920095901005
dgn_qmix__N4__ring__seed3,dgn_qmix,coord_grid,3,5428,135725,66.0,25,0.050000000000000044,12.649802769933428,159.58586992536272,237.31915200001094
dgn_qmix__N4__ring__seed3,dgn_qmix,coord_grid,3,5429,135750,87.0,25,0.050000000000000044,4.9996805389722185,98.00789705912273,237.36335866700392
dgn_qmix__N4__ring__seed3,dgn_qmix,coord_grid,3,5430,135775,82.0,25,0.050000000000000044,9.510454644759497,60.55223433176676,237.40723554202123
dgn_qmix__N4__ring__seed3,dgn_qmix,coord_grid,3,5431,135800,84.0,25,0.050000000000000044,10.834012806415558,145.06801223754883,237.45392120903125
dgn_qmix__N4__ring__seed3,dgn_qmix,coord_grid,3,5432,135825,88.0,25,0.050000000000000044,11.61253731591361,60.811382566179546,237.50585508398945
dgn_qmix__N4__ring__seed3,dgn_qmix,coord_grid,3,5433,135850,70.0,25,0.050000000000000044,9.644436021645864,106.34567832946777,237.55416250001872
dgn_qmix__N4__ring__seed3,dgn_qmix,coord_grid,3,5434,135875,57.0,25,0.050000000000000044,6.4537198940912885,94.32108815511067,237.6001549999928
dgn_qmix__N4__ring__seed3,dgn_qmix,coord_grid,3,5435,135900,77.0,25,0.050000000000000044,13.809410889943441,168.81423060099283,237.6473573340336
dgn_qmix__N4__ring__seed3,dgn_qmix,coord_grid,3,5436,135925,80.0,25,0.050000000000000044,14.133300508771624,118.62515531267438,237.6973161250353
dgn_qmix__N4__ring__seed3,dgn_qmix,coord_grid,3,5437,135950,75.0,25,0.050000000000000044,8.667617777983347,104.82906087239583,237.7411836250103
dgn_qmix__N4__ring__seed3,dgn_qmix,coord_grid,3,5438,135975,85.0,25,0.050000000000000044,7.081804384787877,115.59975941975911,237.78715483401902
dgn_qmix__N4__ring__seed3,dgn_qmix,coord_grid,3,5439,136000,46.0,25,0.050000000000000044,12.023627638816833,110.52610206604004,237.83462104201317
dgn_qmix__N4__ring__seed3,dgn_qmix,coord_grid,3,5440,136025,93.0,25,0.050000000000000044,9.570704749652318,101.34643282209124,237.88692837499548
dgn_qmix__N4__ring__seed3,dgn_qmix,coord_grid,3,5441,136050,69.0,25,0.050000000000000044,12.884998261928558,136.04507191975912,237.93174787500175
dgn_qmix__N4__ring__seed3,dgn_qmix,coord_grid,3,5442,136075,72.0,25,0.050000000000000044,9.430141170819601,173.12665049235025,237.97710016701603
dgn_qmix__N4__ring__seed3,dgn_qmix,coord_grid,3,5443,136100,84.0,25,0.050000000000000044,14.369189659754435,121.37675094604492,238.0222906669951
dgn_qmix__N4__ring__seed3,dgn_qmix,coord_grid,3,5444,136125,94.0,25,0.050000000000000044,7.057328505175454,76.06627001081195,238.07279325003037
dgn_qmix__N4__ring__seed3,dgn_qmix,coord_grid,3,5445,136150,78.0,25,0.050000000000000044,13.285351186990738,85.50001970926921,238.11957550002262
dgn_qmix__N4__ring__seed3,dgn_qmix,coord_grid,3,5446,136175,78.0,25,0.050000000000000044,9.37964109579722,69.7599328358968,238.16537637502188
dgn_qmix__N4__ring__seed3,dgn_qmix,coord_grid,3,5447,136200,83.0,25,0.050000000000000044,12.130837043126425,107.83286984761556,238.21125062502688
dgn_qmix__N4__ring__seed3,dgn_qmix,coord_grid,3,5448,136225,77.0,25,0.050000000000000044,13.25481196812221,191.8252078465053,238.26135149999755
dgn_qmix__N4__ring__seed3,dgn_qmix,coord_grid,3,5449,136250,85.0,25,0.050000000000000044,14.270390351613363,163.78214009602866,238.30664133402752
dgn_qmix__N4__ring__seed3,dgn_qmix,coord_grid,3,5450,136275,89.0,25,0.050000000000000044,11.9025772412618,111.21757380167644,238.35136258398416
dgn_qmix__N4__ring__seed3,dgn_qmix,coord_grid,3,5451,136300,83.0,25,0.050000000000000044,13.745925803979238,104.71462504069011,238.39581000001635
dgn_qmix__N4__ring__seed3,dgn_qmix,coord_grid,3,5452,136325,71.0,25,0.050000000000000044,15.78109175818307,106.71631567818778,238.44813687499845
dgn_qmix__N4__ring__seed3,dgn_qmix,coord_grid,3,5453,136350,76.0,25,0.050000000000000044,11.710122028986612,145.17506408691406,238.49471375002759
dgn_qmix__N4__ring__seed3,dgn_qmix,coord_grid,3,5454,136375,84.0,25,0.050000000000000044,12.101193904876709,107.10969003041585,238.53941595903598
dgn_qmix__N4__ring__seed3,dgn_qmix,coord_grid,3,5455,136400,0.0,25,0.050000000000000044,15.603608767191568,80.71975644429524,238.58437916700495
dgn_qmix__N4__ring__seed3,dgn_qmix,coord_grid,3,5456,136425,5.0,25,0.050000000000000044,10.761397191456386,142.79936872209822,238.63389379199361
dgn_qmix__N4__ring__seed3,dgn_qmix,coord_grid,3,5457,136450,35.0,25,0.050000000000000044,12.045929968357086,103.73417282104492,238.68070045899367
dgn_qmix__N4__ring__seed3,dgn_qmix,coord_grid,3,5458,136475,72.0,25,0.050000000000000044,12.460484345753988,97.98970794677734,238.7274626250146
dgn_qmix__N4__ring__seed3,dgn_qmix,coord_grid,3,5459,136500,84.0,25,0.050000000000000044,6.2521442373593645,117.67164421081543,238.7723503340385
dgn_qmix__N4__ring__seed3,dgn_qmix,coord_grid,3,5460,136525,81.0,25,0.050000000000000044,11.104753289903913,103.60642787388393,238.82527208398096
dgn_qmix__N4__ring__seed3,dgn_qmix,coord_grid,3,5461,136550,88.0,25,0.050000000000000044,7.647731602191925,118.0837173461914,238.87177970900666
dgn_qmix__N4__ring__seed3,dgn_qmix,coord_grid,3,5462,136575,74.0,25,0.050000000000000044,9.595030178626379,80.71079699198405,238.91786683403188
dgn_qmix__N4__ring__seed3,dgn_qmix,coord_grid,3,5463,136600,54.0,25,0.050000000000000044,8.266617238521576,74.41794395446777,238.96310529200127
dgn_qmix__N4__ring__seed3,dgn_qmix,coord_grid,3,5464,136625,82.0,25,0.050000000000000044,10.68413611820766,82.32256480625698,239.01379262498813
dgn_qmix__N4__ring__seed3,dgn_qmix,coord_grid,3,5465,136650,81.0,25,0.050000000000000044,8.366506258646647,103.21861902872722,239.05760325002484
dgn_qmix__N4__ring__seed3,dgn_qmix,coord_grid,3,5466,136675,80.0,25,0.050000000000000044,11.933129270871481,71.81382942199707,239.10228987503797
dgn_qmix__N4__ring__seed3,dgn_qmix,coord_grid,3,5467,136700,84.0,25,0.050000000000000044,11.74914320309957,75.51132392883301,239.14569924998796
dgn_qmix__N4__ring__seed3,dgn_qmix,coord_grid,3,5468,136725,88.0,25,0.050000000000000044,12.643058913094658,72.02561405726841,239.19477425003424
dgn_qmix__N4__ring__seed3,dgn_qmix,coord_grid,3,5469,136750,94.0,25,0.050000000000000044,13.259724299112955,81.01217842102051,239.23900183400838
dgn_qmix__N4__ring__seed3,dgn_qmix,coord_grid,3,5470,136775,92.0,25,0.050000000000000044,12.45984915892283,55.36745071411133,239.28239783400204
dgn_qmix__N4__ring__seed3,dgn_qmix,coord_grid,3,5471,136800,82.0,25,0.050000000000000044,13.335063616434732,65.8024133046468,239.32618337502936
dgn_qmix__N4__ring__seed3,dgn_qmix,coord_grid,3,5472,136825,41.0,25,0.050000000000000044,9.640808377947126,142.62190519060408,239.3752899169922
dgn_qmix__N4__ring__seed3,dgn_qmix,coord_grid,3,5473,136850,84.0,25,0.050000000000000044,16.896262804667156,142.77450561523438,239.41775312501704
dgn_qmix__N4__ring__seed3,dgn_qmix,coord_grid,3,5474,136875,70.0,25,0.050000000000000044,10.186297734578451,164.74188995361328,239.4621307500056
dgn_qmix__N4__ring__seed3,dgn_qmix,coord_grid,3,5475,136900,92.0,25,0.050000000000000044,7.66365110874176,170.99183909098306,239.50599325000076
dgn_qmix__N4__ring__seed3,dgn_qmix,coord_grid,3,5476,136925,68.0,25,0.050000000000000044,11.908873966761998,123.08174896240234,239.55546900001355
dgn_qmix__N4__ring__seed3,dgn_qmix,coord_grid,3,5477,136950,82.0,25,0.050000000000000044,10.798046534260115,159.47092946370444,239.5990219170344
dgn_qmix__N4__ring__seed3,dgn_qmix,coord_grid,3,5478,136975,81.0,25,0.050000000000000044,10.529251635074615,135.5515276590983,239.64280912501272
dgn_qmix__N4__ring__seed3,dgn_qmix,coord_grid,3,5479,137000,76.0,25,0.050000000000000044,11.07325428724289,162.52993774414062,239.68742841703352
dgn_qmix__N4__ring__seed3,dgn_qmix,coord_grid,3,5480,137025,60.0,25,0.050000000000000044,12.106680963720594,246.0895494733538,239.73693966702558
dgn_qmix__N4__ring__seed3,dgn_qmix,coord_grid,3,5481,137050,85.0,25,0.050000000000000044,17.31140422821045,197.57595443725586,239.78041762503562
dgn_qmix__N4__ring__seed3,dgn_qmix,coord_grid,3,5482,137075,82.0,25,0.050000000000000044,11.412111500898996,154.46703402201334,239.82382225000765
dgn_qmix__N4__ring__seed3,dgn_qmix,coord_grid,3,5483,137100,58.0,25,0.050000000000000044,9.911784927050272,71.51288890838623,239.8670933340327
dgn_qmix__N4__ring__seed3,dgn_qmix,coord_grid,3,5484,137125,82.0,25,0.050000000000000044,16.217714616230555,82.226870400565,239.9157732920139
dgn_qmix__N4__ring__seed3,dgn_qmix,coord_grid,3,5485,137150,82.0,25,0.050000000000000044,11.27440869808197,83.17222944895427,239.95917354198173
dgn_qmix__N4__ring__seed3,dgn_qmix,coord_grid,3,5486,137175,83.0,25,0.050000000000000044,10.135654091835022,136.5241266886393,240.0035064999829
dgn_qmix__N4__ring__seed3,dgn_qmix,coord_grid,3,5487,137200,92.0,25,0.050000000000000044,8.814370711644491,95.60575866699219,240.04789608402643
dgn_qmix__N4__ring__seed3,dgn_qmix,coord_grid,3,5488,137225,34.0,25,0.050000000000000044,10.911594424928937,99.66050774710519,240.09702400001697
dgn_qmix__N4__ring__seed3,dgn_qmix,coord_grid,3,5489,137250,85.0,25,0.050000000000000044,17.887601375579834,80.33896128336589,240.14094741700683
dgn_qmix__N4__ring__seed3,dgn_qmix,coord_grid,3,5490,137275,85.0,25,0.050000000000000044,10.797114988168081,92.61854489644368,240.18478762498125
dgn_qmix__N4__ring__seed3,dgn_qmix,coord_grid,3,5491,137300,83.0,25,0.050000000000000044,12.197533190250397,65.99873352050781,240.2287097920198
dgn_qmix__N4__ring__seed3,dgn_qmix,coord_grid,3,5492,137325,88.0,25,0.050000000000000044,9.187944497380938,63.6759820665632,240.2777960000094
dgn_qmix__N4__ring__seed3,dgn_qmix,coord_grid,3,5493,137350,87.0,25,0.050000000000000044,10.130890329678854,83.54150199890137,240.3222256670124
dgn_qmix__N4__ring__seed3,dgn_qmix,coord_grid,3,5494,137375,76.0,25,0.050000000000000044,14.358205537001291,107.17658011118571,240.36494187498465
dgn_qmix__N4__ring__seed3,dgn_qmix,coord_grid,3,5495,137400,59.0,25,0.050000000000000044,13.314442157745361,79.01826667785645,240.4086284590303
dgn_qmix__N4__ring__seed3,dgn_qmix,coord_grid,3,5496,137425,75.0,25,0.050000000000000044,12.11630710533687,113.13341413225446,240.45775599998888
dgn_qmix__N4__ring__seed3,dgn_qmix,coord_grid,3,5497,137450,73.0,25,0.050000000000000044,12.044973055521647,87.17949867248535,240.50172920903424
dgn_qmix__N4__ring__seed3,dgn_qmix,coord_grid,3,5498,137475,84.0,25,0.050000000000000044,8.857143382231394,120.29454517364502,240.54566395899747
dgn_qmix__N4__ring__seed3,dgn_qmix,coord_grid,3,5499,137500,68.0,25,0.050000000000000044,5.217572500308354,109.34296162923177,240.58960441703675
dgn_qmix__N4__ring__seed3,dgn_qmix,coord_grid,3,5500,137525,82.0,25,0.050000000000000044,14.297115462166923,93.7530757359096,240.6393511670176
dgn_qmix__N4__ring__seed3,dgn_qmix,coord_grid,3,5501,137550,87.0,25,0.050000000000000044,6.153902451197307,82.15989430745442,240.683216000034
dgn_qmix__N4__ring__seed3,dgn_qmix,coord_grid,3,5502,137575,77.0,25,0.050000000000000044,11.344266653060913,140.91697120666504,240.72718095901655
dgn_qmix__N4__ring__seed3,dgn_qmix,coord_grid,3,5503,137600,90.0,25,0.050000000000000044,15.889874935150146,117.86968040466309,240.77124487503897
dgn_qmix__N4__ring__seed3,dgn_qmix,coord_grid,3,5504,137625,75.0,25,0.050000000000000044,11.846697466714042,108.5759631565639,240.8204123339965
dgn_qmix__N4__ring__seed3,dgn_qmix,coord_grid,3,5505,137650,89.0,25,0.050000000000000044,6.5871216257413225,178.8194122314453,240.864492334018
dgn_qmix__N4__ring__seed3,dgn_qmix,coord_grid,3,5506,137675,86.0,25,0.050000000000000044,13.605922063191732,222.19313939412436,240.90839987498475
dgn_qmix__N4__ring__seed3,dgn_qmix,coord_grid,3,5507,137700,16.0,25,0.050000000000000044,6.935986757278442,259.6260172526042,240.95208508399082
dgn_qmix__N4__ring__seed3,dgn_qmix,coord_grid,3,5508,137725,87.0,25,0.050000000000000044,15.979965618678502,233.91842542375838,241.00055270898156
dgn_qmix__N4__ring__seed3,dgn_qmix,coord_grid,3,5509,137750,80.0,25,0.050000000000000044,14.443208694458008,93.77529970804851,241.04521275003208
dgn_qmix__N4__ring__seed3,dgn_qmix,coord_grid,3,5510,137775,94.0,25,0.050000000000000044,6.273949841658275,105.6560427347819,241.08907316700788
dgn_qmix__N4__ring__seed3,dgn_qmix,coord_grid,3,5511,137800,86.0,25,0.050000000000000044,15.292259395122528,128.60701370239258,241.13327791698975
dgn_qmix__N4__ring__seed3,dgn_qmix,coord_grid,3,5512,137825,82.0,25,0.050000000000000044,16.906172037124634,213.34947531563895,241.18123608402675
dgn_qmix__N4__ring__seed3,dgn_qmix,coord_grid,3,5513,137850,53.0,25,0.050000000000000044,11.211716930071512,197.16298166910806,241.22521212499123
dgn_qmix__N4__ring__seed3,dgn_qmix,coord_grid,3,5514,137875,88.0,25,0.050000000000000044,9.771334131558737,142.41047159830728,241.26961499999743
dgn_qmix__N4__ring__seed3,dgn_qmix,coord_grid,3,5515,137900,83.0,25,0.050000000000000044,15.001757065455118,190.6687380472819,241.31351408403134
dgn_qmix__N4__ring__seed3,dgn_qmix,coord_grid,3,5516,137925,80.0,25,0.050000000000000044,12.716341291155134,224.01157706124442,241.3624955000123
dgn_qmix__N4__ring__seed3,dgn_qmix,coord_grid,3,5517,137950,90.0,25,0.050000000000000044,8.287128130594889,188.7066733042399,241.40586820902536
dgn_qmix__N4__ring__seed3,dgn_qmix,coord_grid,3,5518,137975,88.0,25,0.050000000000000044,3.5986595253149667,160.49684778849283,241.44983487500576
dgn_qmix__N4__ring__seed3,dgn_qmix,coord_grid,3,5519,138000,48.0,25,0.050000000000000044,15.004150569438934,249.3827158610026,241.49307712499285
dgn_qmix__N4__ring__seed3,dgn_qmix,coord_grid,3,5520,138025,86.0,25,0.050000000000000044,13.488038880484444,211.97071075439453,241.54107133403886
dgn_qmix__N4__ring__seed3,dgn_qmix,coord_grid,3,5521,138050,82.0,25,0.050000000000000044,8.129989564418793,199.6868578592936,241.5868590840255
dgn_qmix__N4__ring__seed3,dgn_qmix,coord_grid,3,5522,138075,50.0,25,0.050000000000000044,12.130907873312632,218.9007167816162,241.6324654170312
dgn_qmix__N4__ring__seed3,dgn_qmix,coord_grid,3,5523,138100,96.0,25,0.050000000000000044,7.501231988271077,119.46841112772624,241.67794704198604
dgn_qmix__N4__ring__seed3,dgn_qmix,coord_grid,3,5524,138125,5.0,25,0.050000000000000044,7.403434523514339,52.44062614440918,241.72690512501867
dgn_qmix__N4__ring__seed3,dgn_qmix,coord_grid,3,5525,138150,87.0,25,0.050000000000000044,7.425584852695465,94.5646619796753,241.77151054202113
dgn_qmix__N4__ring__seed3,dgn_qmix,coord_grid,3,5526,138175,96.0,25,0.050000000000000044,14.32787831624349,99.8215503692627,241.81561462499667
dgn_qmix__N4__ring__seed3,dgn_qmix,coord_grid,3,5527,138200,77.0,25,0.050000000000000044,9.852324148019155,106.98182169596355,241.85917854198487
dgn_qmix__N4__ring__seed3,dgn_qmix,coord_grid,3,5528,138225,81.0,25,0.050000000000000044,6.262326853615897,114.17777579171317,241.90869558398845
dgn_qmix__N4__ring__seed3,dgn_qmix,coord_grid,3,5529,138250,84.0,25,0.050000000000000044,15.209926883379618,114.46166865030925,241.95216287503717
dgn_qmix__N4__ring__seed3,dgn_qmix,coord_grid,3,5530,138275,68.0,25,0.050000000000000044,12.77404773235321,85.38955752054851,241.99615750001976
dgn_qmix__N4__ring__seed3,dgn_qmix,coord_grid,3,5531,138300,85.0,25,0.050000000000000044,11.155750155448914,85.30456415812175,242.03997404198162
dgn_qmix__N4__ring__seed3,dgn_qmix,coord_grid,3,5532,138325,80.0,25,0.050000000000000044,8.852763210024152,81.34625107901437,242.0893056250061
dgn_qmix__N4__ring__seed3,dgn_qmix,coord_grid,3,5533,138350,83.0,25,0.050000000000000044,6.537812987963359,87.76116752624512,242.13393208401976
dgn_qmix__N4__ring__seed3,dgn_qmix,coord_grid,3,5534,138375,81.0,25,0.050000000000000044,12.598285754521688,108.20962270100911,242.17788366699824
dgn_qmix__N4__ring__seed3,dgn_qmix,coord_grid,3,5535,138400,71.0,25,0.050000000000000044,14.67773667971293,142.23612785339355,242.2219395840075
dgn_qmix__N4__ring__seed3,dgn_qmix,coord_grid,3,5536,138425,96.0,25,0.050000000000000044,11.261189562933785,184.62335859026228,242.2706091250293
dgn_qmix__N4__ring__seed3,dgn_qmix,coord_grid,3,5537,138450,82.0,25,0.050000000000000044,13.450202941894531,120.86270141601562,242.31413600000087
dgn_qmix__N4__ring__seed3,dgn_qmix,coord_grid,3,5538,138475,87.0,25,0.050000000000000044,7.563059250513713,108.95588684082031,242.35782941698562
dgn_qmix__N4__ring__seed3,dgn_qmix,coord_grid,3,5539,138500,74.0,25,0.050000000000000044,11.853123962879181,103.4747765858968,242.40138129203115
dgn_qmix__N4__ring__seed3,dgn_qmix,coord_grid,3,5540,138525,88.0,25,0.050000000000000044,10.600134338651385,126.27224404471261,242.4515408340376
dgn_qmix__N4__ring__seed3,dgn_qmix,coord_grid,3,5541,138550,83.0,25,0.050000000000000044,13.698570589224497,152.14993286132812,242.49628804199165
dgn_qmix__N4__ring__seed3,dgn_qmix,coord_grid,3,5542,138575,88.0,25,0.050000000000000044,8.62559046347936,125.6740296681722,242.54081079200841
dgn_qmix__N4__ring__seed3,dgn_qmix,coord_grid,3,5543,138600,84.0,25,0.050000000000000044,7.511550625165303,139.1548023223877,242.5855931250262
dgn_qmix__N4__ring__seed3,dgn_qmix,coord_grid,3,5544,138625,88.0,25,0.050000000000000044,15.659690311976842,155.202265058245,242.63444258400705
dgn_qmix__N4__ring__seed3,dgn_qmix,coord_grid,3,5545,138650,75.0,25,0.050000000000000044,10.603296558062235,72.0887549718221,242.67840099998284
dgn_qmix__N4__ring__seed3,dgn_qmix,coord_grid,3,5546,138675,83.0,25,0.050000000000000044,9.301959951718649,82.22077624003093,242.72093712503556
dgn_qmix__N4__ring__seed3,dgn_qmix,coord_grid,3,5547,138700,85.0,25,0.050000000000000044,5.22818323969841,130.26977411905924,242.76565145899076
dgn_qmix__N4__ring__seed3,dgn_qmix,coord_grid,3,5548,138725,30.0,25,0.050000000000000044,13.14855796950204,146.19655118669783,242.81391270901076
dgn_qmix__N4__ring__seed3,dgn_qmix,coord_grid,3,5549,138750,61.0,25,0.050000000000000044,9.828511089086533,104.3232905069987,242.86018520902144
dgn_qmix__N4__ring__seed3,dgn_qmix,coord_grid,3,5550,138775,82.0,25,0.050000000000000044,7.1514833470185595,115.71971702575684,242.9037565839826
dgn_qmix__N4__ring__seed3,dgn_qmix,coord_grid,3,5551,138800,87.0,25,0.050000000000000044,7.476172784964244,155.0440133412679,242.94700375001412
dgn_qmix__N4__ring__seed3,dgn_qmix,coord_grid,3,5552,138825,89.0,25,0.050000000000000044,10.989927308900016,100.85824366978237,242.99717250000685
dgn_qmix__N4__ring__seed3,dgn_qmix,coord_grid,3,5553,138850,71.0,25,0.050000000000000044,8.56081517537435,199.67278544108072,243.04127724998398
dgn_qmix__N4__ring__seed3,dgn_qmix,coord_grid,3,5554,138875,78.0,25,0.050000000000000044,7.466783702373505,188.77440770467123,243.08603250002488
dgn_qmix__N4__ring__seed3,dgn_qmix,coord_grid,3,5555,138900,81.0,25,0.050000000000000044,6.208274036645889,78.12868944803874,243.12964158400428
dgn_qmix__N4__ring__seed3,dgn_qmix,coord_grid,3,5556,138925,84.0,25,0.050000000000000044,11.169705493109566,81.48659024919782,243.17851391702425
dgn_qmix__N4__ring__seed3,dgn_qmix,coord_grid,3,5557,138950,94.0,25,0.050000000000000044,9.69768911600113,163.29876772562662,243.2227962089819
dgn_qmix__N4__ring__seed3,dgn_qmix,coord_grid,3,5558,138975,86.0,25,0.050000000000000044,13.480789025624594,74.46638933817546,243.26667233399348
dgn_qmix__N4__ring__seed3,dgn_qmix,coord_grid,3,5559,139000,86.0,25,0.050000000000000044,9.43241290251414,144.35724353790283,243.31109712499892
dgn_qmix__N4__ring__seed3,dgn_qmix,coord_grid,3,5560,139025,21.0,25,0.050000000000000044,13.773834960801262,180.98301233564104,243.36020150000695
dgn_qmix__N4__ring__seed3,dgn_qmix,coord_grid,3,5561,139050,5.0,25,0.050000000000000044,14.056668003400167,157.00625356038412,243.4065205840161
dgn_qmix__N4__ring__seed3,dgn_qmix,coord_grid,3,5562,139075,80.0,25,0.050000000000000044,12.821985264619192,151.80322074890137,243.4500489589991
dgn_qmix__N4__ring__seed3,dgn_qmix,coord_grid,3,5563,139100,0.0,25,0.050000000000000044,6.510976513226827,147.08079783121744,243.4950184589834
dgn_qmix__N4__ring__seed3,dgn_qmix,coord_grid,3,5564,139125,0.0,25,0.050000000000000044,9.388032947267805,166.60023607526506,243.54364124999847
dgn_qmix__N4__ring__seed3,dgn_qmix,coord_grid,3,5565,139150,72.0,25,0.050000000000000044,10.070707281430563,151.19133440653482,243.58703624998452
dgn_qmix__N4__ring__seed3,dgn_qmix,coord_grid,3,5566,139175,90.0,25,0.050000000000000044,15.898356596628824,73.40987332661946,243.63122204202227
dgn_qmix__N4__ring__seed3,dgn_qmix,coord_grid,3,5567,139200,80.0,25,0.050000000000000044,5.264275093873342,84.93277295430501,243.67465175001416
dgn_qmix__N4__ring__seed3,dgn_qmix,coord_grid,3,5568,139225,87.0,25,0.050000000000000044,12.121064714023046,71.17936979021344,243.72359574999427
dgn_qmix__N4__ring__seed3,dgn_qmix,coord_grid,3,5569,139250,65.0,25,0.050000000000000044,10.25994568069776,129.05191357930502,243.76769033400342
dgn_qmix__N4__ring__seed3,dgn_qmix,coord_grid,3,5570,139275,73.0,25,0.050000000000000044,13.289706856012344,126.43704414367676,243.8119219589862
dgn_qmix__N4__ring__seed3,dgn_qmix,coord_grid,3,5571,139300,73.0,25,0.050000000000000044,7.288432945807775,104.83470853169759,243.85562433401356
dgn_qmix__N4__ring__seed3,dgn_qmix,coord_grid,3,5572,139325,78.0,25,0.050000000000000044,7.837505715233939,170.94169289725167,243.90269000001717
dgn_qmix__N4__ring__seed3,dgn_qmix,coord_grid,3,5573,139350,88.0,25,0.050000000000000044,12.11348040898641,207.0437240600586,243.94644629198592
dgn_qmix__N4__ring__seed3,dgn_qmix,coord_grid,3,5574,139375,87.0,25,0.050000000000000044,8.86568640669187,148.92625331878662,243.9907630420057
dgn_qmix__N4__ring__seed3,dgn_qmix,coord_grid,3,5575,139400,84.0,25,0.050000000000000044,9.155989289283752,138.19534174601236,244.03366412501782
dgn_qmix__N4__ring__seed3,dgn_qmix,coord_grid,3,5576,139425,92.0,25,0.050000000000000044,9.689320189612252,163.88541739327567,244.08374899998307
dgn_qmix__N4__ring__seed3,dgn_qmix,coord_grid,3,5577,139450,74.0,25,0.050000000000000044,8.758644620577494,127.10875701904297,244.12752679199912
dgn_qmix__N4__ring__seed3,dgn_qmix,coord_grid,3,5578,139475,77.0,25,0.050000000000000044,7.885759154955546,75.85674667358398,244.17101712501608
dgn_qmix__N4__ring__seed3,dgn_qmix,coord_grid,3,5579,139500,76.0,25,0.050000000000000044,14.753655453523,46.92852274576823,244.21532054198906
dgn_qmix__N4__ring__seed3,dgn_qmix,coord_grid,3,5580,139525,9.0,25,0.050000000000000044,11.751615234783717,125.01171983991351,244.26432854199084
dgn_qmix__N4__ring__seed3,dgn_qmix,coord_grid,3,5581,139550,80.0,25,0.050000000000000044,16.450374643007915,112.72318776448567,244.30786570900818
dgn_qmix__N4__ring__seed3,dgn_qmix,coord_grid,3,5582,139575,80.0,25,0.050000000000000044,8.361684799194336,94.60084915161133,244.35130991699407
dgn_qmix__N4__ring__seed3,dgn_qmix,coord_grid,3,5583,139600,80.0,25,0.050000000000000044,10.37949013710022,97.48447863260905,244.3953080420033
dgn_qmix__N4__ring__seed3,dgn_qmix,coord_grid,3,5584,139625,83.0,25,0.050000000000000044,11.761164801461357,79.35502515520368,244.44381920900196
dgn_qmix__N4__ring__seed3,dgn_qmix,coord_grid,3,5585,139650,88.0,25,0.050000000000000044,9.069030344486237,59.464494705200195,244.48746358399512
dgn_qmix__N4__ring__seed3,dgn_qmix,coord_grid,3,5586,139675,80.0,25,0.050000000000000044,8.886228720347086,76.8242956797282,244.53154070902383
dgn_qmix__N4__ring__seed3,dgn_qmix,coord_grid,3,5587,139700,70.0,25,0.050000000000000044,12.707351565361023,105.77875518798828,244.5752365840017
dgn_qmix__N4__ring__seed3,dgn_qmix,coord_grid,3,5588,139725,96.0,25,0.050000000000000044,9.061188561575753,144.8734872000558,244.62516820902238
dgn_qmix__N4__ring__seed3,dgn_qmix,coord_grid,3,5589,139750,74.0,25,0.050000000000000044,15.937143544356028,123.50624720255534,244.66985933401156
dgn_qmix__N4__ring__seed3,dgn_qmix,coord_grid,3,5590,139775,78.0,25,0.050000000000000044,3.226357360680898,149.25778834025064,244.71357441699365
dgn_qmix__N4__ring__seed3,dgn_qmix,coord_grid,3,5591,139800,83.0,25,0.050000000000000044,15.30716339747111,168.22829564412436,244.75621233403217
dgn_qmix__N4__ring__seed3,dgn_qmix,coord_grid,3,5592,139825,81.0,25,0.050000000000000044,9.756935375077385,92.42014639718192,244.8053430840373
dgn_qmix__N4__ring__seed3,dgn_qmix,coord_grid,3,5593,139850,65.0,25,0.050000000000000044,11.001959403355917,83.52035013834636,244.8495189170353
dgn_qmix__N4__ring__seed3,dgn_qmix,coord_grid,3,5594,139875,77.0,25,0.050000000000000044,2.8646457294623056,114.45657730102539,244.8921896670363
dgn_qmix__N4__ring__seed3,dgn_qmix,coord_grid,3,5595,139900,45.0,25,0.050000000000000044,15.157014528910318,133.02969614664713,244.93633166700602
dgn_qmix__N4__ring__seed3,dgn_qmix,coord_grid,3,5596,139925,84.0,25,0.050000000000000044,10.525818058422633,196.9184515816825,244.9850860000006
dgn_qmix__N4__ring__seed3,dgn_qmix,coord_grid,3,5597,139950,73.0,25,0.050000000000000044,9.90524665514628,166.95675659179688,245.0290448340238
dgn_qmix__N4__ring__seed3,dgn_qmix,coord_grid,3,5598,139975,15.0,25,0.050000000000000044,15.036315679550171,149.6679662068685,245.07253800000763
dgn_qmix__N4__ring__seed3,dgn_qmix,coord_grid,3,5599,140000,79.0,25,0.050000000000000044,9.364969571431478,75.99486096700032,245.11522587499348
dgn_qmix__N4__ring__seed3,dgn_qmix,coord_grid,3,5600,140025,86.0,25,0.050000000000000044,9.759038295064654,74.92716898236957,245.16404679202242
dgn_qmix__N4__ring__seed3,dgn_qmix,coord_grid,3,5601,140050,5.0,25,0.050000000000000044,5.315317511558533,91.17318852742513,245.2080367919989
dgn_qmix__N4__ring__seed3,dgn_qmix,coord_grid,3,5602,140075,85.0,25,0.050000000000000044,7.720223695039749,110.27722422281902,245.25219016702613
dgn_qmix__N4__ring__seed3,dgn_qmix,coord_grid,3,5603,140100,93.0,25,0.050000000000000044,10.958494822184244,164.22365188598633,245.29566212499049
dgn_qmix__N4__ring__seed3,dgn_qmix,coord_grid,3,5604,140125,58.0,25,0.050000000000000044,9.679150990077428,240.59641810825892,245.34397545899265
dgn_qmix__N4__ring__seed3,dgn_qmix,coord_grid,3,5605,140150,8.0,25,0.050000000000000044,14.77998665968577,207.1781489054362,245.38747374998638
dgn_qmix__N4__ring__seed3,dgn_qmix,coord_grid,3,5606,140175,35.0,25,0.050000000000000044,13.25476853052775,161.22845776875815,245.43023370899027
dgn_qmix__N4__ring__seed3,dgn_qmix,coord_grid,3,5607,140200,3.0,25,0.050000000000000044,10.756508310635885,144.17335192362467,245.47486050002044
dgn_qmix__N4__ring__seed3,dgn_qmix,coord_grid,3,5608,140225,5.0,25,0.050000000000000044,14.658827764647347,265.5684378487723,245.52384650002932
dgn_qmix__N4__ring__seed3,dgn_qmix,coord_grid,3,5609,140250,55.0,25,0.050000000000000044,13.203891833623251,178.61222966512045,245.567568959028
dgn_qmix__N4__ring__seed3,dgn_qmix,coord_grid,3,5610,140275,77.0,25,0.050000000000000044,13.124875982602438,267.29109446207684,245.61178333399585
dgn_qmix__N4__ring__seed3,dgn_qmix,coord_grid,3,5611,140300,87.0,25,0.050000000000000044,11.454352289438248,161.3374786376953,245.6552412090241
dgn_qmix__N4__ring__seed3,dgn_qmix,coord_grid,3,5612,140325,79.0,25,0.050000000000000044,10.283610769680568,208.47904913766044,245.70411612500902
dgn_qmix__N4__ring__seed3,dgn_qmix,coord_grid,3,5613,140350,88.0,25,0.050000000000000044,10.7521390914917,242.65511067708334,245.74721845902968
dgn_qmix__N4__ring__seed3,dgn_qmix,coord_grid,3,5614,140375,82.0,25,0.050000000000000044,9.875508427619934,143.6965077718099,245.79022245900705
dgn_qmix__N4__ring__seed3,dgn_qmix,coord_grid,3,5615,140400,90.0,25,0.050000000000000044,11.688708702723185,98.26951662699382,245.8341408339911
dgn_qmix__N4__ring__seed3,dgn_qmix,coord_grid,3,5616,140425,56.0,25,0.050000000000000044,15.21329299041203,128.5689596448626,245.88365220901323
dgn_qmix__N4__ring__seed3,dgn_qmix,coord_grid,3,5617,140450,44.0,25,0.050000000000000044,10.34891445438067,167.33198261260986,245.92844854202121
dgn_qmix__N4__ring__seed3,dgn_qmix,coord_grid,3,5618,140475,35.0,25,0.050000000000000044,15.705087542533875,220.22174326578775,245.97275083401473
dgn_qmix__N4__ring__seed3,dgn_qmix,coord_grid,3,5619,140500,81.0,25,0.050000000000000044,14.016570250193277,207.96376673380533,246.01741495903116
dgn_qmix__N4__ring__seed3,dgn_qmix,coord_grid,3,5620,140525,44.0,25,0.050000000000000044,14.174001012529645,148.63623946053642,246.0664662499912
dgn_qmix__N4__ring__seed3,dgn_qmix,coord_grid,3,5621,140550,71.0,25,0.050000000000000044,11.100380857785543,162.06653594970703,246.110731208988
dgn_qmix__N4__ring__seed3,dgn_qmix,coord_grid,3,5622,140575,35.0,25,0.050000000000000044,14.298409938812256,230.50465520222983,246.1543343340163
dgn_qmix__N4__ring__seed3,dgn_qmix,coord_grid,3,5623,140600,82.0,25,0.050000000000000044,16.60371955235799,197.1314493815104,246.19789258402307
dgn_qmix__N4__ring__seed3,dgn_qmix,coord_grid,3,5624,140625,89.0,25,0.050000000000000044,8.950543284416199,212.59700884137834,246.24726845900295
dgn_qmix__N4__ring__seed3,dgn_qmix,coord_grid,3,5625,140650,92.0,25,0.050000000000000044,16.277727286020916,145.8844337463379,246.29127058398444
dgn_qmix__N4__ring__seed3,dgn_qmix,coord_grid,3,5626,140675,91.0,25,0.050000000000000044,13.56067975362142,211.26196352640787,246.33430079201935
dgn_qmix__N4__ring__seed3,dgn_qmix,coord_grid,3,5627,140700,90.0,25,0.050000000000000044,12.84923255443573,167.85341008504233,246.37854916701326
dgn_qmix__N4__ring__seed3,dgn_qmix,coord_grid,3,5628,140725,83.0,25,0.050000000000000044,14.293343254498073,149.6148281097412,246.42809354199562
dgn_qmix__N4__ring__seed3,dgn_qmix,coord_grid,3,5629,140750,74.0,25,0.050000000000000044,7.674550185600917,85.06097793579102,246.47241937502986
dgn_qmix__N4__ring__seed3,dgn_qmix,coord_grid,3,5630,140775,88.0,25,0.050000000000000044,10.91623600323995,125.72282028198242,246.5158254590351
dgn_qmix__N4__ring__seed3,dgn_qmix,coord_grid,3,5631,140800,81.0,25,0.050000000000000044,12.191509286562601,122.68926684061687,246.5598411670071
dgn_qmix__N4__ring__seed3,dgn_qmix,coord_grid,3,5632,140825,89.0,25,0.050000000000000044,9.129679586206164,133.20303344726562,246.60990595899057
dgn_qmix__N4__ring__seed3,dgn_qmix,coord_grid,3,5633,140850,60.0,25,0.050000000000000044,12.797548850377401,138.57231267293295,246.65579245903064
dgn_qmix__N4__ring__seed3,dgn_qmix,coord_grid,3,5634,140875,61.0,25,0.050000000000000044,4.002418418725331,72.08285776774089,246.69962612498784
dgn_qmix__N4__ring__seed3,dgn_qmix,coord_grid,3,5635,140900,84.0,25,0.050000000000000044,17.192124843597412,98.21952946980794,246.74399250000715
dgn_qmix__N4__ring__seed3,dgn_qmix,coord_grid,3,5636,140925,73.0,25,0.050000000000000044,13.250314371926445,88.123227255685,246.7933880839846
dgn_qmix__N4__ring__seed3,dgn_qmix,coord_grid,3,5637,140950,79.0,25,0.050000000000000044,12.492247780164083,88.3029333750407,246.83737533399835
dgn_qmix__N4__ring__seed3,dgn_qmix,coord_grid,3,5638,140975,77.0,25,0.050000000000000044,13.692894458770752,129.6253344217936,246.88061329198536
dgn_qmix__N4__ring__seed3,dgn_qmix,coord_grid,3,5639,141000,86.0,25,0.050000000000000044,9.39924967288971,152.58955351511636,246.9242655840353
dgn_qmix__N4__ring__seed3,dgn_qmix,coord_grid,3,5640,141025,70.0,25,0.050000000000000044,9.18486135346549,239.05846786499023,246.97380687500117
dgn_qmix__N4__ring__seed3,dgn_qmix,coord_grid,3,5641,141050,68.0,25,0.050000000000000044,10.232581198215485,101.74395942687988,247.01728700002423
dgn_qmix__N4__ring__seed3,dgn_qmix,coord_grid,3,5642,141075,68.0,25,0.050000000000000044,9.35649069150289,118.71927706400554,247.06134183402173
dgn_qmix__N4__ring__seed3,dgn_qmix,coord_grid,3,5643,141100,86.0,25,0.050000000000000044,12.316363831361135,201.48760732014975,247.10554941702867
dgn_qmix__N4__ring__seed3,dgn_qmix,coord_grid,3,5644,141125,90.0,25,0.050000000000000044,11.637472016470772,202.43353053501673,247.155130750034
dgn_qmix__N4__ring__seed3,dgn_qmix,coord_grid,3,5645,141150,86.0,25,0.050000000000000044,8.277903189261755,184.67635218302408,247.19857962499373
dgn_qmix__N4__ring__seed3,dgn_qmix,coord_grid,3,5646,141175,93.0,25,0.050000000000000044,12.831320742766062,215.1120751698812,247.24321899999632
dgn_qmix__N4__ring__seed3,dgn_qmix,coord_grid,3,5647,141200,88.0,25,0.050000000000000044,11.746632099151611,220.51552772521973,247.28722312499303
dgn_qmix__N4__ring__seed3,dgn_qmix,coord_grid,3,5648,141225,76.0,25,0.050000000000000044,8.260620968682426,136.52063315255302,247.33589625003515
dgn_qmix__N4__ring__seed3,dgn_qmix,coord_grid,3,5649,141250,96.0,25,0.050000000000000044,7.904871344566345,128.11073557535806,247.38018237502547
dgn_qmix__N4__ring__seed3,dgn_qmix,coord_grid,3,5650,141275,70.0,25,0.050000000000000044,9.037179470062256,66.27910327911377,247.42273487499915
dgn_qmix__N4__ring__seed3,dgn_qmix,coord_grid,3,5651,141300,90.0,25,0.050000000000000044,8.691091030836105,86.74074459075928,247.46710841701133
dgn_qmix__N4__ring__seed3,dgn_qmix,coord_grid,3,5652,141325,91.0,25,0.050000000000000044,13.101808735302516,96.53896767752511,247.51657945901388
dgn_qmix__N4__ring__seed3,dgn_qmix,coord_grid,3,5653,141350,24.0,25,0.050000000000000044,7.429233183463414,109.42825063069661,247.56042579200584
dgn_qmix__N4__ring__seed3,dgn_qmix,coord_grid,3,5654,141375,23.0,25,0.050000000000000044,6.880988945563634,156.6752675374349,247.60363299999153
dgn_qmix__N4__ring__seed3,dgn_qmix,coord_grid,3,5655,141400,42.0,25,0.050000000000000044,5.199643691380818,186.93781153361002,247.64706708403537
dgn_qmix__N4__ring__seed3,dgn_qmix,coord_grid,3,5656,141425,86.0,25,0.050000000000000044,9.169533320835658,157.1025902884347,247.69615741702728
dgn_qmix__N4__ring__seed3,dgn_qmix,coord_grid,3,5657,141450,87.0,25,0.050000000000000044,7.288521607716878,156.30510902404785,247.7397545420099
dgn_qmix__N4__ring__seed3,dgn_qmix,coord_grid,3,5658,141475,66.0,25,0.050000000000000044,3.5547837813695273,163.200164159139,247.7824442500132
dgn_qmix__N4__ring__seed3,dgn_qmix,coord_grid,3,5659,141500,84.0,25,0.050000000000000044,10.89107620716095,128.7358274459839,247.82679220900172
dgn_qmix__N4__ring__seed3,dgn_qmix,coord_grid,3,5660,141525,73.0,25,0.050000000000000044,13.32157039642334,80.43374143327985,247.8763382920297
dgn_qmix__N4__ring__seed3,dgn_qmix,coord_grid,3,5661,141550,87.0,25,0.050000000000000044,10.29042879740397,149.60604921976724,247.92005133401835
dgn_qmix__N4__ring__seed3,dgn_qmix,coord_grid,3,5662,141575,91.0,25,0.050000000000000044,11.53063162167867,123.55089314778645,247.96341266698437
dgn_qmix__N4__ring__seed3,dgn_qmix,coord_grid,3,5663,141600,84.0,25,0.050000000000000044,12.707254608472189,108.70381355285645,248.0072704590275
dgn_qmix__N4__ring__seed3,dgn_qmix,coord_grid,3,5664,141625,87.0,25,0.050000000000000044,6.326088207108634,196.32002694266183,248.0568590000039
dgn_qmix__N4__ring__seed3,dgn_qmix,coord_grid,3,5665,141650,90.0,25,0.050000000000000044,18.12749449412028,128.9055964152018,248.1008088340168
dgn_qmix__N4__ring__seed3,dgn_qmix,coord_grid,3,5666,141675,94.0,25,0.050000000000000044,10.675458351771036,86.79498545328777,248.14528133400017
dgn_qmix__N4__ring__seed3,dgn_qmix,coord_grid,3,5667,141700,88.0,25,0.050000000000000044,10.196717341740927,97.63596789042155,248.1892518340028
dgn_qmix__N4__ring__seed3,dgn_qmix,coord_grid,3,5668,141725,77.0,25,0.050000000000000044,10.841495684215001,97.80155454363141,248.23786466702586
dgn_qmix__N4__ring__seed3,dgn_qmix,coord_grid,3,5669,141750,90.0,25,0.050000000000000044,8.69586181640625,161.31516710917154,248.280915209034
dgn_qmix__N4__ring__seed3,dgn_qmix,coord_grid,3,5670,141775,56.0,25,0.050000000000000044,10.090306480725607,238.40638860066733,248.32426729198778
dgn_qmix__N4__ring__seed3,dgn_qmix,coord_grid,3,5671,141800,85.0,25,0.050000000000000044,7.471464961767197,140.2108325958252,248.36990674998378
dgn_qmix__N4__ring__seed3,dgn_qmix,coord_grid,3,5672,141825,73.0,25,0.050000000000000044,10.43268963268825,230.1025118146624,248.4209073749953
dgn_qmix__N4__ring__seed3,dgn_qmix,coord_grid,3,5673,141850,75.0,25,0.050000000000000044,16.698102315266926,236.98402150472006,248.4647404170246
dgn_qmix__N4__ring__seed3,dgn_qmix,coord_grid,3,5674,141875,82.0,25,0.050000000000000044,6.9297990798950195,221.92535273234049,248.5086862089811
dgn_qmix__N4__ring__seed3,dgn_qmix,coord_grid,3,5675,141900,88.0,25,0.050000000000000044,15.483760992685953,217.23416646321616,248.5521614170284
dgn_qmix__N4__ring__seed3,dgn_qmix,coord_grid,3,5676,141925,74.0,25,0.050000000000000044,18.704771995544434,259.4566083635603,248.6016851250315
dgn_qmix__N4__ring__seed3,dgn_qmix,coord_grid,3,5677,141950,88.0,25,0.050000000000000044,12.507590025663376,239.87959671020508,248.6456707920297
dgn_qmix__N4__ring__seed3,dgn_qmix,coord_grid,3,5678,141975,94.0,25,0.050000000000000044,8.853233754634857,169.33110936482748,248.68937199999345
dgn_qmix__N4__ring__seed3,dgn_qmix,coord_grid,3,5679,142000,90.0,25,0.050000000000000044,10.826526721318563,210.88269106547037,248.73345266701654
dgn_qmix__N4__ring__seed3,dgn_qmix,coord_grid,3,5680,142025,88.0,25,0.050000000000000044,10.753436088562012,219.38970511300224,248.78229687502608
dgn_qmix__N4__ring__seed3,dgn_qmix,coord_grid,3,5681,142050,84.0,25,0.050000000000000044,10.178381472826004,203.52674865722656,248.82596379198367
dgn_qmix__N4__ring__seed3,dgn_qmix,coord_grid,3,5682,142075,78.0,25,0.050000000000000044,7.919170558452606,199.92309188842773,248.87078837503213
dgn_qmix__N4__ring__seed3,dgn_qmix,coord_grid,3,5683,142100,86.0,25,0.050000000000000044,13.898405313491821,166.5495974222819,248.91402062500129
dgn_qmix__N4__ring__seed3,dgn_qmix,coord_grid,3,5684,142125,85.0,25,0.050000000000000044,11.854627319744655,148.66871288844519,248.96382320899284
dgn_qmix__N4__ring__seed3,dgn_qmix,coord_grid,3,5685,142150,91.0,25,0.050000000000000044,4.021212120850881,208.1562728881836,249.00793575000716
dgn_qmix__N4__ring__seed3,dgn_qmix,coord_grid,3,5686,142175,13.0,25,0.050000000000000044,17.545271396636963,176.44833119710287,249.05065966700204
dgn_qmix__N4__ring__seed3,dgn_qmix,coord_grid,3,5687,142200,90.0,25,0.050000000000000044,11.602906902631124,155.05412673950195,249.09450474998448
dgn_qmix__N4__ring__seed3,dgn_qmix,coord_grid,3,5688,142225,83.0,25,0.050000000000000044,11.068972868578774,167.3483772277832,249.14373220899142
dgn_qmix__N4__ring__seed3,dgn_qmix,coord_grid,3,5689,142250,74.0,25,0.050000000000000044,10.307048002878824,150.80438359578451,249.18727170903003
dgn_qmix__N4__ring__seed3,dgn_qmix,coord_grid,3,5690,142275,41.0,25,0.050000000000000044,12.721468130747477,131.72673479715982,249.23110683402047
dgn_qmix__N4__ring__seed3,dgn_qmix,coord_grid,3,5691,142300,94.0,25,0.050000000000000044,12.866122404734293,147.98684374491373,249.27512570901308
dgn_qmix__N4__ring__seed3,dgn_qmix,coord_grid,3,5692,142325,95.0,25,0.050000000000000044,15.196355138506208,223.3260454450335,249.32428487500874
dgn_qmix__N4__ring__seed3,dgn_qmix,coord_grid,3,5693,142350,76.0,25,0.050000000000000044,9.755464295546213,70.79775301615398,249.3683615840273
dgn_qmix__N4__ring__seed3,dgn_qmix,coord_grid,3,5694,142375,76.0,25,0.050000000000000044,12.458390156428019,99.97770881652832,249.41281666699797
dgn_qmix__N4__ring__seed3,dgn_qmix,coord_grid,3,5695,142400,64.0,25,0.050000000000000044,12.949122746785482,197.1584269205729,249.45627258403692
dgn_qmix__N4__ring__seed3,dgn_qmix,coord_grid,3,5696,142425,80.0,25,0.050000000000000044,14.445707832063947,144.8870108468192,249.50551558402367
dgn_qmix__N4__ring__seed3,dgn_qmix,coord_grid,3,5697,142450,92.0,25,0.050000000000000044,17.444377144177754,62.029343605041504,249.54925766703673
dgn_qmix__N4__ring__seed3,dgn_qmix,coord_grid,3,5698,142475,83.0,25,0.050000000000000044,12.28394728899002,82.16039594014485,249.59357916703448
dgn_qmix__N4__ring__seed3,dgn_qmix,coord_grid,3,5699,142500,79.0,25,0.050000000000000044,12.65067172050476,147.41005198160806,249.63783183402847
dgn_qmix__N4__ring__seed3,dgn_qmix,coord_grid,3,5700,142525,74.0,25,0.050000000000000044,7.988872442926679,174.77344131469727,249.6866175000323
dgn_qmix__N4__ring__seed3,dgn_qmix,coord_grid,3,5701,142550,76.0,25,0.050000000000000044,17.817343672116596,129.7227643330892,249.73065462498926
dgn_qmix__N4__ring__seed3,dgn_qmix,coord_grid,3,5702,142575,79.0,25,0.050000000000000044,3.1216927766799927,130.6939016977946,249.77456791698933
dgn_qmix__N4__ring__seed3,dgn_qmix,coord_grid,3,5703,142600,87.0,25,0.050000000000000044,10.876451949278513,80.9570541381836,249.81823945901124
dgn_qmix__N4__ring__seed3,dgn_qmix,coord_grid,3,5704,142625,78.0,25,0.050000000000000044,15.142168317522321,151.74264526367188,249.8673997920123
dgn_qmix__N4__ring__seed3,dgn_qmix,coord_grid,3,5705,142650,81.0,25,0.050000000000000044,11.929124116897583,186.76803970336914,249.9113018750213
dgn_qmix__N4__ring__seed3,dgn_qmix,coord_grid,3,5706,142675,88.0,25,0.050000000000000044,10.893577575683594,91.33690770467122,249.95495191699592
dgn_qmix__N4__ring__seed3,dgn_qmix,coord_grid,3,5707,142700,64.0,25,0.050000000000000044,14.16253505150477,167.66536394755045,249.99834733398166
dgn_qmix__N4__ring__seed3,dgn_qmix,coord_grid,3,5708,142725,27.0,25,0.050000000000000044,15.727756227765765,118.20503234863281,250.04702908400213
dgn_qmix__N4__ring__seed3,dgn_qmix,coord_grid,3,5709,142750,66.0,25,0.050000000000000044,11.364128430684408,107.1013650894165,250.09078020899324
dgn_qmix__N4__ring__seed3,dgn_qmix,coord_grid,3,5710,142775,23.0,25,0.050000000000000044,13.104361255963644,234.5268465677897,250.13510262500495
dgn_qmix__N4__ring__seed3,dgn_qmix,coord_grid,3,5711,142800,83.0,25,0.050000000000000044,9.745287458101908,84.84004147847493,250.17867979203584
dgn_qmix__N4__ring__seed3,dgn_qmix,coord_grid,3,5712,142825,49.0,25,0.050000000000000044,7.48869207075664,98.35312979561942,250.22709320898866
dgn_qmix__N4__ring__seed3,dgn_qmix,coord_grid,3,5713,142850,80.0,25,0.050000000000000044,5.043949236472447,123.28860092163086,250.27140804199735
dgn_qmix__N4__ring__seed3,dgn_qmix,coord_grid,3,5714,142875,83.0,25,0.050000000000000044,6.673429787158966,144.40784327189127,250.31533737498103
dgn_qmix__N4__ring__seed3,dgn_qmix,coord_grid,3,5715,142900,86.0,25,0.050000000000000044,4.280497372150421,87.36206181844075,250.35910862503806
dgn_qmix__N4__ring__seed3,dgn_qmix,coord_grid,3,5716,142925,84.0,25,0.050000000000000044,17.005725077220372,133.36744090488978,250.40853770903777
dgn_qmix__N4__ring__seed3,dgn_qmix,coord_grid,3,5717,142950,83.0,25,0.050000000000000044,16.19457467397054,186.12431208292642,250.45222691702656
dgn_qmix__N4__ring__seed3,dgn_qmix,coord_grid,3,5718,142975,78.0,25,0.050000000000000044,9.456664741039276,61.42333984375,250.4954907920328
dgn_qmix__N4__ring__seed3,dgn_qmix,coord_grid,3,5719,143000,84.0,25,0.050000000000000044,12.513453821341196,82.78281847635905,250.5398192499997
dgn_qmix__N4__ring__seed3,dgn_qmix,coord_grid,3,5720,143025,90.0,25,0.050000000000000044,6.241019180842808,91.51853779384068,250.58844020898687
dgn_qmix__N4__ring__seed3,dgn_qmix,coord_grid,3,5721,143050,95.0,25,0.050000000000000044,9.165199543039003,55.055637995402016,250.63261691702064
dgn_qmix__N4__ring__seed3,dgn_qmix,coord_grid,3,5722,143075,76.0,25,0.050000000000000044,8.801574548085531,130.8488883972168,250.67807166703278
dgn_qmix__N4__ring__seed3,dgn_qmix,coord_grid,3,5723,143100,79.0,25,0.050000000000000044,11.470302323500315,98.65833981831868,250.72253395902226
dgn_qmix__N4__ring__seed3,dgn_qmix,coord_grid,3,5724,143125,82.0,25,0.050000000000000044,12.631224295922689,108.70286614554269,250.77152483398095
dgn_qmix__N4__ring__seed3,dgn_qmix,coord_grid,3,5725,143150,92.0,25,0.050000000000000044,20.427640914916992,192.02482795715332,250.81544191698777
dgn_qmix__N4__ring__seed3,dgn_qmix,coord_grid,3,5726,143175,65.0,25,0.050000000000000044,15.88802440961202,93.25213813781738,250.85924354201416
dgn_qmix__N4__ring__seed3,dgn_qmix,coord_grid,3,5727,143200,87.0,25,0.050000000000000044,12.782237331072489,150.42429733276367,250.90369750000536
dgn_qmix__N4__ring__seed3,dgn_qmix,coord_grid,3,5728,143225,88.0,25,0.050000000000000044,5.791184493473598,129.64130783081055,250.95291187503608
dgn_qmix__N4__ring__seed3,dgn_qmix,coord_grid,3,5729,143250,84.0,25,0.050000000000000044,8.914336284001669,159.25825627644858,250.99690929200733
dgn_qmix__N4__ring__seed3,dgn_qmix,coord_grid,3,5730,143275,86.0,25,0.050000000000000044,4.334251324335734,199.17182985941568,251.04053599998588
dgn_qmix__N4__ring__seed3,dgn_qmix,coord_grid,3,5731,143300,81.0,25,0.050000000000000044,12.995458006858826,199.92715199788412,251.08466233400395
dgn_qmix__N4__ring__seed3,dgn_qmix,coord_grid,3,5732,143325,80.0,25,0.050000000000000044,13.486452341079712,209.53795678274972,251.13543020898942
dgn_qmix__N4__ring__seed3,dgn_qmix,coord_grid,3,5733,143350,89.0,25,0.050000000000000044,14.867984960476557,156.43628629048666,251.1795481669833
dgn_qmix__N4__ring__seed3,dgn_qmix,coord_grid,3,5734,143375,89.0,25,0.050000000000000044,15.255545298258463,138.78230985005698,251.22277295903768
dgn_qmix__N4__ring__seed3,dgn_qmix,coord_grid,3,5735,143400,79.0,25,0.050000000000000044,21.26161988576253,137.3691609700521,251.26656062499387
dgn_qmix__N4__ring__seed3,dgn_qmix,coord_grid,3,5736,143425,90.0,25,0.050000000000000044,13.735212871006556,191.69537353515625,251.3155053750379
dgn_qmix__N4__ring__seed3,dgn_qmix,coord_grid,3,5737,143450,84.0,25,0.050000000000000044,10.571286996205648,186.4335683186849,251.3583294590353
dgn_qmix__N4__ring__seed3,dgn_qmix,coord_grid,3,5738,143475,57.0,25,0.050000000000000044,9.552236596743265,219.28267923990884,251.40256004198454
dgn_qmix__N4__ring__seed3,dgn_qmix,coord_grid,3,5739,143500,86.0,25,0.050000000000000044,14.298380215962728,166.85572306315103,251.44606445898535
dgn_qmix__N4__ring__seed3,dgn_qmix,coord_grid,3,5740,143525,84.0,25,0.050000000000000044,10.985290016446795,199.9863728114537,251.4949091669987
dgn_qmix__N4__ring__seed3,dgn_qmix,coord_grid,3,5741,143550,58.0,25,0.050000000000000044,9.292558828989664,216.85636774698892,251.54032495903084
dgn_qmix__N4__ring__seed3,dgn_qmix,coord_grid,3,5742,143575,80.0,25,0.050000000000000044,10.997766892115274,100.5243746439616,251.58458625001367
dgn_qmix__N4__ring__seed3,dgn_qmix,coord_grid,3,5743,143600,17.0,25,0.050000000000000044,13.692069013913473,121.04738235473633,251.62870970903896
dgn_qmix__N4__ring__seed3,dgn_qmix,coord_grid,3,5744,143625,68.0,25,0.050000000000000044,11.956335408346993,133.35033852713448,251.6780519169988
dgn_qmix__N4__ring__seed3,dgn_qmix,coord_grid,3,5745,143650,71.0,25,0.050000000000000044,4.352789004643758,149.8646558125814,251.72206570900744
dgn_qmix__N4__ring__seed3,dgn_qmix,coord_grid,3,5746,143675,90.0,25,0.050000000000000044,7.141342679659526,255.52090454101562,251.7664869169821
dgn_qmix__N4__ring__seed3,dgn_qmix,coord_grid,3,5747,143700,83.0,25,0.050000000000000044,3.272113104661306,204.88270632425943,251.81126520899124
dgn_qmix__N4__ring__seed3,dgn_qmix,coord_grid,3,5748,143725,86.0,25,0.050000000000000044,13.73753993851798,238.24830845424108,251.86038629198447
dgn_qmix__N4__ring__seed3,dgn_qmix,coord_grid,3,5749,143750,85.0,25,0.050000000000000044,17.098544259866078,151.99311224619547,251.90408720902633
dgn_qmix__N4__ring__seed3,dgn_qmix,coord_grid,3,5750,143775,86.0,25,0.050000000000000044,5.652177671591441,93.27285893758138,251.94737850001547
dgn_qmix__N4__ring__seed3,dgn_qmix,coord_grid,3,5751,143800,66.0,25,0.050000000000000044,11.543126900990805,130.64164924621582,251.9912476669997
dgn_qmix__N4__ring__seed3,dgn_qmix,coord_grid,3,5752,143825,87.0,25,0.050000000000000044,12.580568415778023,195.21962193080358,252.039936458983
dgn_qmix__N4__ring__seed3,dgn_qmix,coord_grid,3,5753,143850,86.0,25,0.050000000000000044,14.210557460784912,233.46318689982095,252.08374837500742
dgn_qmix__N4__ring__seed3,dgn_qmix,coord_grid,3,5754,143875,72.0,25,0.050000000000000044,12.84002959728241,177.03492482503256,252.12830954202218
dgn_qmix__N4__ring__seed3,dgn_qmix,coord_grid,3,5755,143900,84.0,25,0.050000000000000044,12.795211633046469,224.60059102376303,252.1711774999858
dgn_qmix__N4__ring__seed3,dgn_qmix,coord_grid,3,5756,143925,87.0,25,0.050000000000000044,9.67610033920833,211.36594608851843,252.2199780420051
dgn_qmix__N4__ring__seed3,dgn_qmix,coord_grid,3,5757,143950,72.0,25,0.050000000000000044,17.55397601922353,248.88140106201172,252.26407166698482
dgn_qmix__N4__ring__seed3,dgn_qmix,coord_grid,3,5758,143975,80.0,25,0.050000000000000044,10.488860885302225,133.69102668762207,252.3078597499989
dgn_qmix__N4__ring__seed3,dgn_qmix,coord_grid,3,5759,144000,90.0,25,0.050000000000000044,10.494263688723246,100.81607500712077,252.35088608402293
dgn_qmix__N4__ring__seed3,dgn_qmix,coord_grid,3,5760,144025,90.0,25,0.050000000000000044,7.328683410372053,183.399229322161,252.3996635840158
dgn_qmix__N4__ring__seed3,dgn_qmix,coord_grid,3,5761,144050,56.0,25,0.050000000000000044,15.829113165537516,151.84528350830078,252.44351441698382
dgn_qmix__N4__ring__seed3,dgn_qmix,coord_grid,3,5762,144075,85.0,25,0.050000000000000044,15.130771160125732,141.1140422821045,252.48839012498502
dgn_qmix__N4__ring__seed3,dgn_qmix,coord_grid,3,5763,144100,63.0,25,0.050000000000000044,12.619553327560425,161.07610511779785,252.5316287500318
dgn_qmix__N4__ring__seed3,dgn_qmix,coord_grid,3,5764,144125,76.0,25,0.050000000000000044,8.40035149029323,202.38954598563058,252.58016379200853
dgn_qmix__N4__ring__seed3,dgn_qmix,coord_grid,3,5765,144150,93.0,25,0.050000000000000044,5.786689519882202,207.2700227101644,252.6247094590217
dgn_qmix__N4__ring__seed3,dgn_qmix,coord_grid,3,5766,144175,80.0,25,0.050000000000000044,7.72148581345876,142.80364481608072,252.66827395901782
dgn_qmix__N4__ring__seed3,dgn_qmix,coord_grid,3,5767,144200,80.0,25,0.050000000000000044,17.880481123924255,95.62116114298503,252.71179324999684
dgn_qmix__N4__ring__seed3,dgn_qmix,coord_grid,3,5768,144225,76.0,25,0.050000000000000044,8.995525590011052,203.22159249441964,252.76082579203648
dgn_qmix__N4__ring__seed3,dgn_qmix,coord_grid,3,5769,144250,86.0,25,0.050000000000000044,11.741070111592611,164.04185485839844,252.80520054203225
dgn_qmix__N4__ring__seed3,dgn_qmix,coord_grid,3,5770,144275,78.0,25,0.050000000000000044,6.626946767171224,181.13422012329102,252.8482876670314
dgn_qmix__N4__ring__seed3,dgn_qmix,coord_grid,3,5771,144300,76.0,25,0.050000000000000044,14.529239316781362,62.251721700032554,252.89397537498735
dgn_qmix__N4__ring__seed3,dgn_qmix,coord_grid,3,5772,144325,80.0,25,0.050000000000000044,14.257823535374232,55.0697261265346,252.94303716701688
dgn_qmix__N4__ring__seed3,dgn_qmix,coord_grid,3,5773,144350,78.0,25,0.050000000000000044,11.402841637531916,127.7261594136556,252.98751591698965
dgn_qmix__N4__ring__seed3,dgn_qmix,coord_grid,3,5774,144375,75.0,25,0.050000000000000044,10.26763767004013,148.85403315226236,253.03145441698143
dgn_qmix__N4__ring__seed3,dgn_qmix,coord_grid,3,5775,144400,86.0,25,0.050000000000000044,9.444133639335632,132.322416305542,253.0748392920359
dgn_qmix__N4__ring__seed3,dgn_qmix,coord_grid,3,5776,144425,69.0,25,0.050000000000000044,12.286120993750435,171.29233333042689,253.1247602920048
dgn_qmix__N4__ring__seed3,dgn_qmix,coord_grid,3,5777,144450,83.0,25,0.050000000000000044,12.121804495652517,215.27278010050455,253.1689728340134
dgn_qmix__N4__ring__seed3,dgn_qmix,coord_grid,3,5778,144475,81.0,25,0.050000000000000044,15.038304328918457,196.1665128072103,253.21305520902388
dgn_qmix__N4__ring__seed3,dgn_qmix,coord_grid,3,5779,144500,90.0,25,0.050000000000000044,10.213987588882446,123.17122014363606,253.2571723749861
dgn_qmix__N4__ring__seed3,dgn_qmix,coord_grid,3,5780,144525,81.0,25,0.050000000000000044,8.761757169451032,167.16231972830636,253.3059503340046
dgn_qmix__N4__ring__seed3,dgn_qmix,coord_grid,3,5781,144550,74.0,25,0.050000000000000044,9.575536966323853,166.69773483276367,253.35060375003377
dgn_qmix__N4__ring__seed3,dgn_qmix,coord_grid,3,5782,144575,86.0,25,0.050000000000000044,10.188265999158224,96.21706708272298,253.39449408400105
dgn_qmix__N4__ring__seed3,dgn_qmix,coord_grid,3,5783,144600,92.0,25,0.050000000000000044,19.567410906155903,144.36346562703451,253.43868779198965
dgn_qmix__N4__ring__seed3,dgn_qmix,coord_grid,3,5784,144625,68.0,25,0.050000000000000044,13.822352954319545,126.9005377633231,253.4871624170337
dgn_qmix__N4__ring__seed3,dgn_qmix,coord_grid,3,5785,144650,73.0,25,0.050000000000000044,9.626192271709442,199.8253402709961,253.53147233399795
dgn_qmix__N4__ring__seed3,dgn_qmix,coord_grid,3,5786,144675,79.0,25,0.050000000000000044,10.940962572892508,194.72437477111816,253.57514608401107
dgn_qmix__N4__ring__seed3,dgn_qmix,coord_grid,3,5787,144700,74.0,25,0.050000000000000044,15.148214181264242,97.18004862467448,253.61880624998594
dgn_qmix__N4__ring__seed3,dgn_qmix,coord_grid,3,5788,144725,44.0,25,0.050000000000000044,8.136405399867467,176.23406219482422,253.6682142500067
dgn_qmix__N4__ring__seed3,dgn_qmix,coord_grid,3,5789,144750,88.0,25,0.050000000000000044,9.774750997622808,91.72148768107097,253.71207725000568
dgn_qmix__N4__ring__seed3,dgn_qmix,coord_grid,3,5790,144775,96.0,25,0.050000000000000044,10.563738276561102,122.29463895161946,253.75509891699767
dgn_qmix__N4__ring__seed3,dgn_qmix,coord_grid,3,5791,144800,79.0,25,0.050000000000000044,16.90707031885783,73.69653574625652,253.79856249998556
dgn_qmix__N4__ring__seed3,dgn_qmix,coord_grid,3,5792,144825,86.0,25,0.050000000000000044,14.346173107624054,150.79321016584123,253.8476275000139
dgn_qmix__N4__ring__seed3,dgn_qmix,coord_grid,3,5793,144850,83.0,25,0.050000000000000044,7.579130291938782,223.340181350708,253.8920201670262
dgn_qmix__N4__ring__seed3,dgn_qmix,coord_grid,3,5794,144875,90.0,25,0.050000000000000044,19.248030960559845,183.5878963470459,253.9363446669886
dgn_qmix__N4__ring__seed3,dgn_qmix,coord_grid,3,5795,144900,60.0,25,0.050000000000000044,15.763966724276543,74.04980723063152,253.98064004199114
dgn_qmix__N4__ring__seed3,dgn_qmix,coord_grid,3,5796,144925,76.0,25,0.050000000000000044,12.767050657953535,122.4548944745745,254.02949216699926
dgn_qmix__N4__ring__seed3,dgn_qmix,coord_grid,3,5797,144950,84.0,25,0.050000000000000044,15.395438194274902,173.87023798624674,254.07321312499698
dgn_qmix__N4__ring__seed3,dgn_qmix,coord_grid,3,5798,144975,76.0,25,0.050000000000000044,13.650256276130676,218.1590207417806,254.11637750000227
dgn_qmix__N4__ring__seed3,dgn_qmix,coord_grid,3,5799,145000,8.0,25,0.050000000000000044,6.765371680259705,245.29220072428384,254.16127945901826
dgn_qmix__N4__ring__seed3,dgn_qmix,coord_grid,3,5800,145025,60.0,25,0.050000000000000044,11.268047247614179,266.46087646484375,254.2108990420238
dgn_qmix__N4__ring__seed3,dgn_qmix,coord_grid,3,5801,145050,88.0,25,0.050000000000000044,7.089402993520101,157.13245391845703,254.25462287501432
dgn_qmix__N4__ring__seed3,dgn_qmix,coord_grid,3,5802,145075,36.0,25,0.050000000000000044,12.080393175284067,59.94963455200195,254.29841658403166
dgn_qmix__N4__ring__seed3,dgn_qmix,coord_grid,3,5803,145100,44.0,25,0.050000000000000044,12.85130931933721,80.305113474528,254.34270129201468
dgn_qmix__N4__ring__seed3,dgn_qmix,coord_grid,3,5804,145125,52.0,25,0.050000000000000044,9.056405544281006,240.54589189801897,254.392195500026
dgn_qmix__N4__ring__seed3,dgn_qmix,coord_grid,3,5805,145150,24.0,25,0.050000000000000044,12.47118091583252,222.95894368489584,254.4367279590224
dgn_qmix__N4__ring__seed3,dgn_qmix,coord_grid,3,5806,145175,40.0,25,0.050000000000000044,14.891942183176676,221.27379099527994,254.48060808400624
dgn_qmix__N4__ring__seed3,dgn_qmix,coord_grid,3,5807,145200,44.0,25,0.050000000000000044,14.9257918993632,133.73885345458984,254.52439108403632
dgn_qmix__N4__ring__seed3,dgn_qmix,coord_grid,3,5808,145225,72.0,25,0.050000000000000044,16.77441896711077,189.6895980834961,254.57381354202516
dgn_qmix__N4__ring__seed3,dgn_qmix,coord_grid,3,5809,145250,67.0,25,0.050000000000000044,14.681978424390158,279.0681508382161,254.6168767089839
dgn_qmix__N4__ring__seed3,dgn_qmix,coord_grid,3,5810,145275,37.0,25,0.050000000000000044,16.416056632995605,307.61664326985675,254.66126741701737
dgn_qmix__N4__ring__seed3,dgn_qmix,coord_grid,3,5811,145300,36.0,25,0.050000000000000044,8.403356651465097,237.40688959757486,254.7054475839832
dgn_qmix__N4__ring__seed3,dgn_qmix,coord_grid,3,5812,145325,38.0,25,0.050000000000000044,16.537147794451034,250.3913301740374,254.7539509590133
dgn_qmix__N4__ring__seed3,dgn_qmix,coord_grid,3,5813,145350,26.0,25,0.050000000000000044,13.832162578900656,181.29678090413412,254.79881170898443
dgn_qmix__N4__ring__seed3,dgn_qmix,coord_grid,3,5814,145375,56.0,25,0.050000000000000044,13.476759394009909,79.92118326822917,254.8428176669986
dgn_qmix__N4__ring__seed3,dgn_qmix,coord_grid,3,5815,145400,87.0,25,0.050000000000000044,16.52370222409566,223.80857849121094,254.88594137498876
dgn_qmix__N4__ring__seed3,dgn_qmix,coord_grid,3,5816,145425,40.0,25,0.050000000000000044,10.869090454918998,195.39156559535436,254.9353548749932
dgn_qmix__N4__ring__seed3,dgn_qmix,coord_grid,3,5817,145450,19.0,25,0.050000000000000044,13.035277644793192,185.00152842203775,254.97952295903815
dgn_qmix__N4__ring__seed3,dgn_qmix,coord_grid,3,5818,145475,54.0,25,0.050000000000000044,10.037205457687378,166.3268082936605,255.02317079203203
dgn_qmix__N4__ring__seed3,dgn_qmix,coord_grid,3,5819,145500,55.0,25,0.050000000000000044,8.32477774222692,126.95252482096355,255.06655816698913
dgn_qmix__N4__ring__seed3,dgn_qmix,coord_grid,3,5820,145525,88.0,25,0.050000000000000044,18.216535023280553,268.30154309953963,255.1153756250278
dgn_qmix__N4__ring__seed3,dgn_qmix,coord_grid,3,5821,145550,35.0,25,0.050000000000000044,6.729466279347737,248.91825993855795,255.15977887500776
dgn_qmix__N4__ring__seed3,dgn_qmix,coord_grid,3,5822,145575,48.0,25,0.050000000000000044,15.250040213267008,234.8469009399414,255.20371104200603
dgn_qmix__N4__ring__seed3,dgn_qmix,coord_grid,3,5823,145600,33.0,25,0.050000000000000044,12.407504995663961,260.67407480875653,255.24731325003086
dgn_qmix__N4__ring__seed3,dgn_qmix,coord_grid,3,5824,145625,0.0,25,0.050000000000000044,12.06807974406651,223.24931280953544,255.29703900002642
dgn_qmix__N4__ring__seed3,dgn_qmix,coord_grid,3,5825,145650,42.0,25,0.050000000000000044,13.080236275990805,233.37660344441733,255.3408659590059
dgn_qmix__N4__ring__seed3,dgn_qmix,coord_grid,3,5826,145675,62.0,25,0.050000000000000044,11.122955640157064,253.50525665283203,255.38453012501122
dgn_qmix__N4__ring__seed3,dgn_qmix,coord_grid,3,5827,145700,82.0,25,0.050000000000000044,14.149772008260092,148.76270167032877,255.42916599998716
dgn_qmix__N4__ring__seed3,dgn_qmix,coord_grid,3,5828,145725,77.0,25,0.050000000000000044,11.879537378038679,91.97802134922573,255.47728475002805
dgn_qmix__N4__ring__seed3,dgn_qmix,coord_grid,3,5829,145750,41.0,25,0.050000000000000044,6.483805298805237,136.53734588623047,255.5214090840309
dgn_qmix__N4__ring__seed3,dgn_qmix,coord_grid,3,5830,145775,21.0,25,0.050000000000000044,18.406683603922527,121.60830148061116,255.56519599998137
dgn_qmix__N4__ring__seed3,dgn_qmix,coord_grid,3,5831,145800,74.0,25,0.050000000000000044,11.911266962687174,72.1944154103597,255.60889654199127
dgn_qmix__N4__ring__seed3,dgn_qmix,coord_grid,3,5832,145825,80.0,25,0.050000000000000044,11.105177998542786,188.00194331577845,255.65928720898228
dgn_qmix__N4__ring__seed3,dgn_qmix,coord_grid,3,5833,145850,7.0,25,0.050000000000000044,10.868918577829996,231.32413736979166,255.70310237503145
dgn_qmix__N4__ring__seed3,dgn_qmix,coord_grid,3,5834,145875,83.0,25,0.050000000000000044,11.74172725280126,245.30933062235513,255.7461856250302
dgn_qmix__N4__ring__seed3,dgn_qmix,coord_grid,3,5835,145900,47.0,25,0.050000000000000044,10.715500672658285,260.38301912943524,255.78954362502554
dgn_qmix__N4__ring__seed3,dgn_qmix,coord_grid,3,5836,145925,92.0,25,0.050000000000000044,17.07481622695923,176.462712424142,255.83756116701989
dgn_qmix__N4__ring__seed3,dgn_qmix,coord_grid,3,5837,145950,62.0,25,0.050000000000000044,17.143218835194904,199.1814753214518,255.88200049998704
dgn_qmix__N4__ring__seed3,dgn_qmix,coord_grid,3,5838,145975,90.0,25,0.050000000000000044,13.617821534474691,182.45273971557617,255.92560575000243
dgn_qmix__N4__ring__seed3,dgn_qmix,coord_grid,3,5839,146000,68.0,25,0.050000000000000044,10.93756377696991,154.95438957214355,255.96948279201752
dgn_qmix__N4__ring__seed3,dgn_qmix,coord_grid,3,5840,146025,82.0,25,0.050000000000000044,10.721513748168945,150.4804676600865,256.0183573749964
dgn_qmix__N4__ring__seed3,dgn_qmix,coord_grid,3,5841,146050,77.0,25,0.050000000000000044,6.849222501118978,71.75826708475749,256.0614417089964
dgn_qmix__N4__ring__seed3,dgn_qmix,coord_grid,3,5842,146075,82.0,25,0.050000000000000044,17.06234496831894,142.7572841644287,256.10476925002877
dgn_qmix__N4__ring__seed3,dgn_qmix,coord_grid,3,5843,146100,78.0,25,0.050000000000000044,14.308064122994741,151.74134318033853,256.1487959169899
dgn_qmix__N4__ring__seed3,dgn_qmix,coord_grid,3,5844,146125,77.0,25,0.050000000000000044,12.106864443847112,77.2430888584682,256.1972798749921
dgn_qmix__N4__ring__seed3,dgn_qmix,coord_grid,3,5845,146150,91.0,25,0.050000000000000044,9.651053686936697,83.39382712046306,256.2411243750248
dgn_qmix__N4__ring__seed3,dgn_qmix,coord_grid,3,5846,146175,78.0,25,0.050000000000000044,8.259919703006744,101.07920519510905,256.2849545420031
dgn_qmix__N4__ring__seed3,dgn_qmix,coord_grid,3,5847,146200,20.0,25,0.050000000000000044,8.925448894500732,133.2295939127604,256.3290055420366
dgn_qmix__N4__ring__seed3,dgn_qmix,coord_grid,3,5848,146225,88.0,25,0.050000000000000044,11.424454603876386,207.54743303571428,256.3780329590081
dgn_qmix__N4__ring__seed3,dgn_qmix,coord_grid,3,5849,146250,13.0,25,0.050000000000000044,15.255728085835775,142.3419500986735,256.42148987500696
dgn_qmix__N4__ring__seed3,dgn_qmix,coord_grid,3,5850,146275,46.0,25,0.050000000000000044,14.750556786855062,144.78251965840658,256.465310959029
dgn_qmix__N4__ring__seed3,dgn_qmix,coord_grid,3,5851,146300,47.0,25,0.050000000000000044,11.785208344459534,137.7595074971517,256.50988716701977
dgn_qmix__N4__ring__seed3,dgn_qmix,coord_grid,3,5852,146325,80.0,25,0.050000000000000044,8.623426267078944,118.7437379019601,256.5591918340069
dgn_qmix__N4__ring__seed3,dgn_qmix,coord_grid,3,5853,146350,61.0,25,0.050000000000000044,9.958189904689789,165.02874374389648,256.60282841703156
dgn_qmix__N4__ring__seed3,dgn_qmix,coord_grid,3,5854,146375,24.0,25,0.050000000000000044,12.535277446111044,182.86024729410806,256.6475491669844
dgn_qmix__N4__ring__seed3,dgn_qmix,coord_grid,3,5855,146400,82.0,25,0.050000000000000044,22.726069450378418,160.18865839640299,256.6914538340061
dgn_qmix__N4__ring__seed3,dgn_qmix,coord_grid,3,5856,146425,53.0,25,0.050000000000000044,8.438642024993896,226.308710370745,256.74009220901644
dgn_qmix__N4__ring__seed3,dgn_qmix,coord_grid,3,5857,146450,91.0,25,0.050000000000000044,7.450460294882457,233.38338979085287,256.78390016703634
dgn_qmix__N4__ring__seed3,dgn_qmix,coord_grid,3,5858,146475,66.0,25,0.050000000000000044,9.632368048032125,252.10498174031576,256.82758595899213
dgn_qmix__N4__ring__seed3,dgn_qmix,coord_grid,3,5859,146500,82.0,25,0.050000000000000044,11.379231890042623,187.12756220499674,256.8711471250281
dgn_qmix__N4__ring__seed3,dgn_qmix,coord_grid,3,5860,146525,42.0,25,0.050000000000000044,10.624833277293614,173.6508778163365,256.91992920899065
dgn_qmix__N4__ring__seed3,dgn_qmix,coord_grid,3,5861,146550,64.0,25,0.050000000000000044,9.710648854573568,124.76601028442383,256.9636487499811
dgn_qmix__N4__ring__seed3,dgn_qmix,coord_grid,3,5862,146575,60.0,25,0.050000000000000044,10.759063144524893,144.74117596944174,257.00700166699244
dgn_qmix__N4__ring__seed3,dgn_qmix,coord_grid,3,5863,146600,52.0,25,0.050000000000000044,10.856499056021372,203.94748051961264,257.05218666698784
dgn_qmix__N4__ring__seed3,dgn_qmix,coord_grid,3,5864,146625,64.0,25,0.050000000000000044,13.44547223193305,204.54126848493303,257.1015771669918
dgn_qmix__N4__ring__seed3,dgn_qmix,coord_grid,3,5865,146650,62.0,25,0.050000000000000044,9.470854123433432,224.60311635335287,257.14709712500917
dgn_qmix__N4__ring__seed3,dgn_qmix,coord_grid,3,5866,146675,86.0,25,0.050000000000000044,21.443490107854206,127.75336996714275,257.1908637920278
dgn_qmix__N4__ring__seed3,dgn_qmix,coord_grid,3,5867,146700,86.0,25,0.050000000000000044,8.726721167564392,166.9303461710612,257.2343853749917
dgn_qmix__N4__ring__seed3,dgn_qmix,coord_grid,3,5868,146725,41.0,25,0.050000000000000044,5.35761114529201,127.0460341317313,257.2830052920035
dgn_qmix__N4__ring__seed3,dgn_qmix,coord_grid,3,5869,146750,71.0,25,0.050000000000000044,15.788456529378891,170.12200800577799,257.3264315840206
dgn_qmix__N4__ring__seed3,dgn_qmix,coord_grid,3,5870,146775,78.0,25,0.050000000000000044,12.118122855822245,227.03967412312826,257.37116325000534
dgn_qmix__N4__ring__seed3,dgn_qmix,coord_grid,3,5871,146800,80.0,25,0.050000000000000044,8.980059266090393,238.63223266601562,257.41526358400006
dgn_qmix__N4__ring__seed3,dgn_qmix,coord_grid,3,5872,146825,72.0,25,0.050000000000000044,11.230932576315743,242.41559491838728,257.46455604198854
dgn_qmix__N4__ring__seed3,dgn_qmix,coord_grid,3,5873,146850,51.0,25,0.050000000000000044,23.714620113372803,284.47703043619794,257.50915704201907
dgn_qmix__N4__ring__seed3,dgn_qmix,coord_grid,3,5874,146875,90.0,25,0.050000000000000044,10.078720490137735,270.18885548909503,257.55322762503056
dgn_qmix__N4__ring__seed3,dgn_qmix,coord_grid,3,5875,146900,50.0,25,0.050000000000000044,6.563631057739258,262.4364471435547,257.59731845901115
dgn_qmix__N4__ring__seed3,dgn_qmix,coord_grid,3,5876,146925,1.0,25,0.050000000000000044,12.325886419841222,164.59961754935128,257.6463845000253
dgn_qmix__N4__ring__seed3,dgn_qmix,coord_grid,3,5877,146950,76.0,25,0.050000000000000044,10.796306411425272,243.66200002034506,257.6899694169988
dgn_qmix__N4__ring__seed3,dgn_qmix,coord_grid,3,5878,146975,44.0,25,0.050000000000000044,10.619851032892862,183.76328150431314,257.73406116699334
dgn_qmix__N4__ring__seed3,dgn_qmix,coord_grid,3,5879,147000,74.0,25,0.050000000000000044,13.11114784081777,131.831636428833,257.77774670900544
dgn_qmix__N4__ring__seed3,dgn_qmix,coord_grid,3,5880,147025,81.0,25,0.050000000000000044,17.743369511195592,245.75693675449915,257.8289612919907
dgn_qmix__N4__ring__seed3,dgn_qmix,coord_grid,3,5881,147050,22.0,25,0.050000000000000044,14.121056040128073,217.77043787638345,257.87959608400706
dgn_qmix__N4__ring__seed3,dgn_qmix,coord_grid,3,5882,147075,89.0,25,0.050000000000000044,10.684561133384705,130.21249643961588,257.92585441702977
dgn_qmix__N4__ring__seed3,dgn_qmix,coord_grid,3,5883,147100,77.0,25,0.050000000000000044,5.641748468081157,180.4851500193278,257.97098658402683
dgn_qmix__N4__ring__seed3,dgn_qmix,coord_grid,3,5884,147125,77.0,25,0.050000000000000044,12.275209086281913,178.85488346644811,258.0243879589834
dgn_qmix__N4__ring__seed3,dgn_qmix,coord_grid,3,5885,147150,83.0,25,0.050000000000000044,9.013794789711634,119.31287829081218,258.0695622920175
dgn_qmix__N4__ring__seed3,dgn_qmix,coord_grid,3,5886,147175,75.0,25,0.050000000000000044,6.16357421875,124.8298978805542,258.11410387500655
dgn_qmix__N4__ring__seed3,dgn_qmix,coord_grid,3,5887,147200,75.0,25,0.050000000000000044,15.706895252068838,95.77929433186848,258.1590853339876
dgn_qmix__N4__ring__seed3,dgn_qmix,coord_grid,3,5888,147225,36.0,25,0.050000000000000044,11.006336859294347,180.45668247767858,258.2098602090264
dgn_qmix__N4__ring__seed3,dgn_qmix,coord_grid,3,5889,147250,89.0,25,0.050000000000000044,11.92192312081655,122.73483498891194,258.25398833403597
dgn_qmix__N4__ring__seed3,dgn_qmix,coord_grid,3,5890,147275,94.0,25,0.050000000000000044,16.30840329329173,124.55353514353435,258.2980488750036
dgn_qmix__N4__ring__seed3,dgn_qmix,coord_grid,3,5891,147300,70.0,25,0.050000000000000044,10.894375403722128,104.03311157226562,258.3434341670363
dgn_qmix__N4__ring__seed3,dgn_qmix,coord_grid,3,5892,147325,90.0,25,0.050000000000000044,10.28360663141523,88.92757906232562,258.39441479201196
dgn_qmix__N4__ring__seed3,dgn_qmix,coord_grid,3,5893,147350,70.0,25,0.050000000000000044,9.524301797151566,170.36999638875326,258.4387512499816
dgn_qmix__N4__ring__seed3,dgn_qmix,coord_grid,3,5894,147375,60.0,25,0.050000000000000044,13.931488196055094,142.8371899922689,258.48212762502953
dgn_qmix__N4__ring__seed3,dgn_qmix,coord_grid,3,5895,147400,77.0,25,0.050000000000000044,15.673769156138102,149.9525578816732,258.52658129198244
dgn_qmix__N4__ring__seed3,dgn_qmix,coord_grid,3,5896,147425,62.0,25,0.050000000000000044,11.586019941738673,251.51107842581612,258.5764831249835
dgn_qmix__N4__ring__seed3,dgn_qmix,coord_grid,3,5897,147450,89.0,25,0.050000000000000044,9.855536580085754,156.30666160583496,258.6203081670101
dgn_qmix__N4__ring__seed3,dgn_qmix,coord_grid,3,5898,147475,58.0,25,0.050000000000000044,11.885450065135956,194.07532246907553,258.6651494590333
dgn_qmix__N4__ring__seed3,dgn_qmix,coord_grid,3,5899,147500,88.0,25,0.050000000000000044,13.748874743779501,178.59364064534506,258.7091067500296
dgn_qmix__N4__ring__seed3,dgn_qmix,coord_grid,3,5900,147525,74.0,25,0.050000000000000044,14.031129462378365,268.1941452026367,258.7586925420328
dgn_qmix__N4__ring__seed3,dgn_qmix,coord_grid,3,5901,147550,0.0,25,0.050000000000000044,11.840490380922953,287.72890218098956,258.8032460419927
dgn_qmix__N4__ring__seed3,dgn_qmix,coord_grid,3,5902,147575,88.0,25,0.050000000000000044,7.480160156885783,173.14084180196127,258.84645079198526
dgn_qmix__N4__ring__seed3,dgn_qmix,coord_grid,3,5903,147600,82.0,25,0.050000000000000044,7.076382587353389,245.22237618764242,258.8896940840059
dgn_qmix__N4__ring__seed3,dgn_qmix,coord_grid,3,5904,147625,72.0,25,0.050000000000000044,18.173189061028616,174.26211874825614,258.9417065840098
dgn_qmix__N4__ring__seed3,dgn_qmix,coord_grid,3,5905,147650,66.0,25,0.050000000000000044,12.202836443980535,87.09842427571614,258.989674750017
dgn_qmix__N4__ring__seed3,dgn_qmix,coord_grid,3,5906,147675,88.0,25,0.050000000000000044,6.187436401844025,170.89734172821045,259.03529641701607
dgn_qmix__N4__ring__seed3,dgn_qmix,coord_grid,3,5907,147700,82.0,25,0.050000000000000044,10.580825765927633,197.1357046763102,259.0793545420165
dgn_qmix__N4__ring__seed3,dgn_qmix,coord_grid,3,5908,147725,81.0,25,0.050000000000000044,9.071062122072492,167.08142852783203,259.1280282920343
dgn_qmix__N4__ring__seed3,dgn_qmix,coord_grid,3,5909,147750,46.0,25,0.050000000000000044,6.708909551302592,120.34224128723145,259.17197370901704
dgn_qmix__N4__ring__seed3,dgn_qmix,coord_grid,3,5910,147775,46.0,25,0.050000000000000044,9.516837497552237,91.93176968892415,259.2156258749892
dgn_qmix__N4__ring__seed3,dgn_qmix,coord_grid,3,5911,147800,67.0,25,0.050000000000000044,13.206324557463327,173.97614415486655,259.25870012503583
dgn_qmix__N4__ring__seed3,dgn_qmix,coord_grid,3,5912,147825,80.0,25,0.050000000000000044,10.33484401021685,141.38581739153182,259.3077124590054
dgn_qmix__N4__ring__seed3,dgn_qmix,coord_grid,3,5913,147850,46.0,25,0.050000000000000044,12.779360920190811,86.34614817301433,259.3528128340258
dgn_qmix__N4__ring__seed3,dgn_qmix,coord_grid,3,5914,147875,86.0,25,0.050000000000000044,8.560484449068705,118.93171246846516,259.39680704200873
dgn_qmix__N4__ring__seed3,dgn_qmix,coord_grid,3,5915,147900,7.0,25,0.050000000000000044,14.590860019127527,170.8363520304362,259.4407885420369
dgn_qmix__N4__ring__seed3,dgn_qmix,coord_grid,3,5916,147925,79.0,25,0.050000000000000044,13.442035283361163,165.8538534981864,259.49005575000774
dgn_qmix__N4__ring__seed3,dgn_qmix,coord_grid,3,5917,147950,84.0,25,0.050000000000000044,12.025518914063772,98.69062678019206,259.5343422089936
dgn_qmix__N4__ring__seed3,dgn_qmix,coord_grid,3,5918,147975,68.0,25,0.050000000000000044,16.16735327243805,124.41113917032878,259.57826949999435
dgn_qmix__N4__ring__seed3,dgn_qmix,coord_grid,3,5919,148000,85.0,25,0.050000000000000044,8.35855213801066,100.38278897603352,259.6217249589972
dgn_qmix__N4__ring__seed3,dgn_qmix,coord_grid,3,5920,148025,85.0,25,0.050000000000000044,9.028290731566292,151.7621122087751,259.67062212503515
dgn_qmix__N4__ring__seed3,dgn_qmix,coord_grid,3,5921,148050,80.0,25,0.050000000000000044,7.396185487508774,180.21732457478842,259.71466512500774
dgn_qmix__N4__ring__seed3,dgn_qmix,coord_grid,3,5922,148075,88.0,25,0.050000000000000044,16.474165956179302,262.0807139078776,259.7581624590093
dgn_qmix__N4__ring__seed3,dgn_qmix,coord_grid,3,5923,148100,75.0,25,0.050000000000000044,11.963650703430176,253.83279863993326,259.8040499170311
dgn_qmix__N4__ring__seed3,dgn_qmix,coord_grid,3,5924,148125,86.0,25,0.050000000000000044,11.163587042263575,226.82385308401925,259.8531725840294
dgn_qmix__N4__ring__seed3,dgn_qmix,coord_grid,3,5925,148150,90.0,25,0.050000000000000044,15.1413134932518,211.7374585469564,259.89779279200593
dgn_qmix__N4__ring__seed3,dgn_qmix,coord_grid,3,5926,148175,92.0,25,0.050000000000000044,13.063342571258545,225.5841407775879,259.94112000003224
dgn_qmix__N4__ring__seed3,dgn_qmix,coord_grid,3,5927,148200,79.0,25,0.050000000000000044,13.306175748507181,216.5803476969401,259.9854449169943
dgn_qmix__N4__ring__seed3,dgn_qmix,coord_grid,3,5928,148225,64.0,25,0.050000000000000044,14.53700920513698,259.2814074925014,260.0351226250059
dgn_qmix__N4__ring__seed3,dgn_qmix,coord_grid,3,5929,148250,83.0,25,0.050000000000000044,12.23711288968722,269.79412746429443,260.07944266701816
dgn_qmix__N4__ring__seed3,dgn_qmix,coord_grid,3,5930,148275,40.0,25,0.050000000000000044,13.442082027594248,220.1627108256022,260.1241115840385
dgn_qmix__N4__ring__seed3,dgn_qmix,coord_grid,3,5931,148300,80.0,25,0.050000000000000044,6.622349401315053,154.4982827504476,260.167900083994
dgn_qmix__N4__ring__seed3,dgn_qmix,coord_grid,3,5932,148325,86.0,25,0.050000000000000044,8.548139819077083,144.06880732945032,260.2166353749926
dgn_qmix__N4__ring__seed3,dgn_qmix,coord_grid,3,5933,148350,92.0,25,0.050000000000000044,15.76671451330185,170.915797551473,260.2615653750254
dgn_qmix__N4__ring__seed3,dgn_qmix,coord_grid,3,5934,148375,72.0,25,0.050000000000000044,16.32710087299347,236.49708811442056,260.3044264999917
dgn_qmix__N4__ring__seed3,dgn_qmix,coord_grid,3,5935,148400,25.0,25,0.050000000000000044,9.599846243858337,248.53764851888022,260.3475938339834
dgn_qmix__N4__ring__seed3,dgn_qmix,coord_grid,3,5936,148425,82.0,25,0.050000000000000044,8.077719526631492,138.20145797729492,260.396980584017
dgn_qmix__N4__ring__seed3,dgn_qmix,coord_grid,3,5937,148450,85.0,25,0.050000000000000044,11.839763542016348,140.60238075256348,260.4418497920269
dgn_qmix__N4__ring__seed3,dgn_qmix,coord_grid,3,5938,148475,80.0,25,0.050000000000000044,10.598781625429789,86.70043563842773,260.48566850001225
dgn_qmix__N4__ring__seed3,dgn_qmix,coord_grid,3,5939,148500,68.0,25,0.050000000000000044,9.243487457434336,138.2402432759603,260.52925562503515
dgn_qmix__N4__ring__seed3,dgn_qmix,coord_grid,3,5940,148525,82.0,25,0.050000000000000044,9.336722680500575,131.2820085797991,260.577989124984
dgn_qmix__N4__ring__seed3,dgn_qmix,coord_grid,3,5941,148550,89.0,25,0.050000000000000044,10.515377948681513,112.30276679992676,260.6225334589835
dgn_qmix__N4__ring__seed3,dgn_qmix,coord_grid,3,5942,148575,40.0,25,0.050000000000000044,16.41371836264928,163.09638086954752,260.6664054589928
dgn_qmix__N4__ring__seed3,dgn_qmix,coord_grid,3,5943,148600,49.0,25,0.050000000000000044,8.527674992879232,223.14928181966147,260.7106826250092
dgn_qmix__N4__ring__seed3,dgn_qmix,coord_grid,3,5944,148625,89.0,25,0.050000000000000044,5.626144502844129,218.38731057303292,260.7600872500334
dgn_qmix__N4__ring__seed3,dgn_qmix,coord_grid,3,5945,148650,64.0,25,0.050000000000000044,12.789567013581594,171.95422236124674,260.8040627919836
dgn_qmix__N4__ring__seed3,dgn_qmix,coord_grid,3,5946,148675,50.0,25,0.050000000000000044,10.229594866434732,145.47678311665854,260.8470795840258
dgn_qmix__N4__ring__seed3,dgn_qmix,coord_grid,3,5947,148700,69.0,25,0.050000000000000044,10.041111469268799,160.6712557474772,260.890940042038
dgn_qmix__N4__ring__seed3,dgn_qmix,coord_grid,3,5948,148725,58.0,25,0.050000000000000044,14.63027048110962,103.1615720476423,260.9395139589906
dgn_qmix__N4__ring__seed3,dgn_qmix,coord_grid,3,5949,148750,88.0,25,0.050000000000000044,6.683943907419841,135.9053700764974,260.98370758403325
dgn_qmix__N4__ring__seed3,dgn_qmix,coord_grid,3,5950,148775,94.0,25,0.050000000000000044,13.158972144126892,137.95008277893066,261.0283465840039
dgn_qmix__N4__ring__seed3,dgn_qmix,coord_grid,3,5951,148800,81.0,25,0.050000000000000044,11.69831383228302,131.99288431803384,261.0720824589953
dgn_qmix__N4__ring__seed3,dgn_qmix,coord_grid,3,5952,148825,87.0,25,0.050000000000000044,13.88308320726667,200.54570661272322,261.12051095900824
dgn_qmix__N4__ring__seed3,dgn_qmix,coord_grid,3,5953,148850,95.0,25,0.050000000000000044,9.531904369592667,228.28922526041666,261.16343379201135
dgn_qmix__N4__ring__seed3,dgn_qmix,coord_grid,3,5954,148875,86.0,25,0.050000000000000044,14.362892895936966,104.0624262491862,261.2073037500377
dgn_qmix__N4__ring__seed3,dgn_qmix,coord_grid,3,5955,148900,86.0,25,0.050000000000000044,5.071879088878632,143.7843805948893,261.25324900000123
dgn_qmix__N4__ring__seed3,dgn_qmix,coord_grid,3,5956,148925,98.0,25,0.050000000000000044,9.988378320421491,150.01486260550362,261.30239204200916
dgn_qmix__N4__ring__seed3,dgn_qmix,coord_grid,3,5957,148950,86.0,25,0.050000000000000044,10.851532936096191,115.46005948384602,261.34654200001387
dgn_qmix__N4__ring__seed3,dgn_qmix,coord_grid,3,5958,148975,84.0,25,0.050000000000000044,14.931270917256674,137.16860326131186,261.3909650000278
dgn_qmix__N4__ring__seed3,dgn_qmix,coord_grid,3,5959,149000,73.0,25,0.050000000000000044,10.86886433760325,107.00460497538249,261.4342109169811
dgn_qmix__N4__ring__seed3,dgn_qmix,coord_grid,3,5960,149025,92.0,25,0.050000000000000044,16.523135593959264,186.93545532226562,261.4825825840235
dgn_qmix__N4__ring__seed3,dgn_qmix,coord_grid,3,5961,149050,80.0,25,0.050000000000000044,9.594133446613947,85.41005007425944,261.52691654203227
dgn_qmix__N4__ring__seed3,dgn_qmix,coord_grid,3,5962,149075,81.0,25,0.050000000000000044,11.634743769963583,73.08242257436116,261.5706040840014
dgn_qmix__N4__ring__seed3,dgn_qmix,coord_grid,3,5963,149100,84.0,25,0.050000000000000044,10.057035505771637,207.72011057535806,261.61490529199364
dgn_qmix__N4__ring__seed3,dgn_qmix,coord_grid,3,5964,149125,11.0,25,0.050000000000000044,12.670316832406181,103.29652132306781,261.6666117089917
dgn_qmix__N4__ring__seed3,dgn_qmix,coord_grid,3,5965,149150,15.0,25,0.050000000000000044,10.5965443054835,108.89457575480144,261.71047733398154
dgn_qmix__N4__ring__seed3,dgn_qmix,coord_grid,3,5966,149175,72.0,25,0.050000000000000044,10.591000974178314,138.81167856852213,261.75525245902827
dgn_qmix__N4__ring__seed3,dgn_qmix,coord_grid,3,5967,149200,61.0,25,0.050000000000000044,9.091726541519165,78.49023373921712,261.7989626250346
dgn_qmix__N4__ring__seed3,dgn_qmix,coord_grid,3,5968,149225,58.0,25,0.050000000000000044,5.994429281779698,95.32732173374721,261.8478579589864
dgn_qmix__N4__ring__seed3,dgn_qmix,coord_grid,3,5969,149250,16.0,25,0.050000000000000044,13.487766712903976,176.9291674296061,261.8960976250237
dgn_qmix__N4__ring__seed3,dgn_qmix,coord_grid,3,5970,149275,86.0,25,0.050000000000000044,17.556777556737263,167.54306030273438,261.93986966699595
dgn_qmix__N4__ring__seed3,dgn_qmix,coord_grid,3,5971,149300,34.0,25,0.050000000000000044,18.96813690662384,229.00994110107422,261.98382029199274
dgn_qmix__N4__ring__seed3,dgn_qmix,coord_grid,3,5972,149325,1.0,25,0.050000000000000044,11.642735481262207,193.10487910679407,262.0335435420275
dgn_qmix__N4__ring__seed3,dgn_qmix,coord_grid,3,5973,149350,82.0,25,0.050000000000000044,9.577435662349066,73.27140235900879,262.0767114170012
dgn_qmix__N4__ring__seed3,dgn_qmix,coord_grid,3,5974,149375,75.0,25,0.050000000000000044,11.644267519315084,103.52028210957845,262.1205732920207
dgn_qmix__N4__ring__seed3,dgn_qmix,coord_grid,3,5975,149400,78.0,25,0.050000000000000044,9.772386074066162,129.88031895955405,262.16443216701737
dgn_qmix__N4__ring__seed3,dgn_qmix,coord_grid,3,5976,149425,35.0,25,0.050000000000000044,11.49284793649401,118.9204570225307,262.212892999989
dgn_qmix__N4__ring__seed3,dgn_qmix,coord_grid,3,5977,149450,94.0,25,0.050000000000000044,14.670728286107382,109.28503227233887,262.25658470898634
dgn_qmix__N4__ring__seed3,dgn_qmix,coord_grid,3,5978,149475,37.0,25,0.050000000000000044,8.989894469579061,206.6102670033773,262.3002575840219
dgn_qmix__N4__ring__seed3,dgn_qmix,coord_grid,3,5979,149500,94.0,25,0.050000000000000044,10.78792174657186,218.81349309285483,262.34471070900327
dgn_qmix__N4__ring__seed3,dgn_qmix,coord_grid,3,5980,149525,78.0,25,0.050000000000000044,10.049208641052246,214.828008379255,262.39331420901
dgn_qmix__N4__ring__seed3,dgn_qmix,coord_grid,3,5981,149550,76.0,25,0.050000000000000044,6.515795697768529,123.74508666992188,262.4374808749999
dgn_qmix__N4__ring__seed3,dgn_qmix,coord_grid,3,5982,149575,68.0,25,0.050000000000000044,13.14495555559794,82.0658369064331,262.4809688749956
dgn_qmix__N4__ring__seed3,dgn_qmix,coord_grid,3,5983,149600,83.0,25,0.050000000000000044,14.852635065714518,185.97064590454102,262.5252682500286
dgn_qmix__N4__ring__seed3,dgn_qmix,coord_grid,3,5984,149625,88.0,25,0.050000000000000044,13.437311717442103,207.13482012067522,262.5752060840023
dgn_qmix__N4__ring__seed3,dgn_qmix,coord_grid,3,5985,149650,92.0,25,0.050000000000000044,13.394611676534018,77.81381543477376,262.61905245902017
dgn_qmix__N4__ring__seed3,dgn_qmix,coord_grid,3,5986,149675,82.0,25,0.050000000000000044,12.9443931778272,97.54383659362793,262.66338450001786
dgn_qmix__N4__ring__seed3,dgn_qmix,coord_grid,3,5987,149700,92.0,25,0.050000000000000044,5.437698741753896,105.71799341837566,262.70721175003564
dgn_qmix__N4__ring__seed3,dgn_qmix,coord_grid,3,5988,149725,40.0,25,0.050000000000000044,11.444312449012484,110.24651064191546,262.7565454590367
dgn_qmix__N4__ring__seed3,dgn_qmix,coord_grid,3,5989,149750,84.0,25,0.050000000000000044,13.645039439201355,83.10781160990398,262.8016042500385
dgn_qmix__N4__ring__seed3,dgn_qmix,coord_grid,3,5990,149775,70.0,25,0.050000000000000044,11.981931845347086,151.19681294759116,262.8460424169898
dgn_qmix__N4__ring__seed3,dgn_qmix,coord_grid,3,5991,149800,87.0,25,0.050000000000000044,9.56690533955892,111.96146329243977,262.89074487501057
dgn_qmix__N4__ring__seed3,dgn_qmix,coord_grid,3,5992,149825,43.0,25,0.050000000000000044,10.421463796070643,240.0383017403739,262.9404064590344
dgn_qmix__N4__ring__seed3,dgn_qmix,coord_grid,3,5993,149850,67.0,25,0.050000000000000044,17.84169292449951,148.58273951212564,262.9844820420258
dgn_qmix__N4__ring__seed3,dgn_qmix,coord_grid,3,5994,149875,82.0,25,0.050000000000000044,9.3713472088178,233.21220588684082,263.0281734170276
dgn_qmix__N4__ring__seed3,dgn_qmix,coord_grid,3,5995,149900,82.0,25,0.050000000000000044,13.12561563650767,127.0144116083781,263.07179775001714
dgn_qmix__N4__ring__seed3,dgn_qmix,coord_grid,3,5996,149925,16.0,25,0.050000000000000044,11.760766097477504,114.53987285069057,263.1210458750138
dgn_qmix__N4__ring__seed3,dgn_qmix,coord_grid,3,5997,149950,91.0,25,0.050000000000000044,15.95436429977417,158.35847854614258,263.1642014590325
dgn_qmix__N4__ring__seed3,dgn_qmix,coord_grid,3,5998,149975,83.0,25,0.050000000000000044,14.463330745697021,210.21255238850912,263.2079308340326
dgn_qmix__N4__ring__seed3,dgn_qmix,coord_grid,3,5999,150000,47.0,25,0.050000000000000044,11.06771876414617,70.80155499776204,263.2517187090125
