run_id,algo,env,seed,episode,env_step,return,episode_len,epsilon,loss,grad_norm,wallclock_s
gnn_rep__N8__line__seed6,gnn_qmix,coord_grid,6,0,25,5.0,25,0.99981,,,0.0023646000008739065
gnn_rep__N8__line__seed6,gnn_qmix,coord_grid,6,1,50,14.0,25,0.9996120833333333,,,0.13574480000170297
gnn_rep__N8__line__seed6,gnn_qmix,coord_grid,6,2,75,6.0,25,0.9994141666666667,,,0.3022406999989471
gnn_rep__N8__line__seed6,gnn_qmix,coord_grid,6,3,100,1.0,25,0.99921625,,,0.40232539999851724
gnn_rep__N8__line__seed6,gnn_qmix,coord_grid,6,4,125,6.0,25,0.9990183333333333,,,0.4939101000018127
gnn_rep__N8__line__seed6,gnn_qmix,coord_grid,6,5,150,8.0,25,0.9988204166666667,,,0.6617986999990535
gnn_rep__N8__line__seed6,gnn_qmix,coord_grid,6,6,175,4.0,25,0.9986225,,,0.7661240000015823
gnn_rep__N8__line__seed6,gnn_qmix,coord_grid,6,7,200,1.0,25,0.9984245833333333,,,0.8941986999998335
gnn_rep__N8__line__seed6,gnn_qmix,coord_grid,6,8,225,10.0,25,0.9982266666666667,3.4973089013780867,27.95981924874442,0.9630852000009327
gnn_rep__N8__line__seed6,gnn_qmix,coord_grid,6,9,250,6.0,25,0.99802875,1.537180244922638,17.570689519246418,1.1020496999990428
gnn_rep__N8__line__seed6,gnn_qmix,coord_grid,6,10,275,18.0,25,0.9978308333333333,0.7361357609430949,8.567346215248108,1.2101126000015938
gnn_rep__N8__line__seed6,gnn_qmix,coord_grid,6,11,300,10.0,25,0.9976329166666666,3.25213893254598,31.934773445129395,1.2959775000017544
gnn_rep__N8__line__seed6,gnn_qmix,coord_grid,6,12,325,3.0,25,0.997435,2.061883168561118,24.631947653634207,1.3764140000021143
gnn_rep__N8__line__seed6,gnn_qmix,coord_grid,6,13,350,6.0,25,0.9972370833333334,0.3593065564831098,8.23703153928121,1.4760153999995964
gnn_rep__N8__line__seed6,gnn_qmix,coord_grid,6,14,375,5.0,25,0.9970391666666667,0.35483765850464505,6.441601832707723,1.5488179999993008
gnn_rep__N8__line__seed6,gnn_qmix,coord_grid,6,15,400,11.0,25,0.99684125,0.2206782673796018,3.584798435370127,1.6221036999995704
gnn_rep__N8__line__seed6,gnn_qmix,coord_grid,6,16,425,4.0,25,0.9966433333333333,0.6501028920922961,8.731763771602086,1.7465951000012865
gnn_rep__N8__line__seed6,gnn_qmix,coord_grid,6,17,450,13.0,25,0.9964454166666666,0.31658854832251865,3.919013172388077,1.797733800001879
gnn_rep__N8__line__seed6,gnn_qmix,coord_grid,6,18,475,9.0,25,0.9962475,0.42020759483178455,5.76013429959615,1.8849116000019421
gnn_rep__N8__line__seed6,gnn_qmix,coord_grid,6,19,500,7.0,25,0.9960495833333334,0.4436504046122233,5.367376804351807,1.9426668000014615
gnn_rep__N8__line__seed6,gnn_qmix,coord_grid,6,20,525,6.0,25,0.9958516666666667,2.168119362422398,8.681502137865339,2.021558799999184
gnn_rep__N8__line__seed6,gnn_qmix,coord_grid,6,21,550,4.0,25,0.99565375,3.614785114924113,10.28586196899414,2.1056266999985382
gnn_rep__N8__line__seed6,gnn_qmix,coord_grid,6,22,575,13.0,25,0.9954558333333333,4.375370581944783,12.850017070770264,2.172449500001676
gnn_rep__N8__line__seed6,gnn_qmix,coord_grid,6,23,600,12.0,25,0.9952579166666666,2.4819067319234214,17.159292538960774,2.2478043000010075
gnn_rep__N8__line__seed6,gnn_qmix,coord_grid,6,24,625,3.0,25,0.9950600000000001,1.0947598304067339,12.904972417013985,2.3306669000012334
gnn_rep__N8__line__seed6,gnn_qmix,coord_grid,6,25,650,9.0,25,0.9948620833333334,1.2046345472335815,17.208048343658447,2.3930270000018936
gnn_rep__N8__line__seed6,gnn_qmix,coord_grid,6,26,675,5.0,25,0.9946641666666667,0.9199914634227753,5.833337744077046,2.4521251000005577
gnn_rep__N8__line__seed6,gnn_qmix,coord_grid,6,27,700,10.0,25,0.99446625,3.098436792691549,16.80270512898763,2.551437199999782
gnn_rep__N8__line__seed6,gnn_qmix,coord_grid,6,28,725,7.0,25,0.9942683333333333,4.293403761727469,15.961745262145996,2.6376597999988007
gnn_rep__N8__line__seed6,gnn_qmix,coord_grid,6,29,750,6.0,25,0.9940704166666666,1.7727851668993633,10.918701648712158,2.708466200001567
gnn_rep__N8__line__seed6,gnn_qmix,coord_grid,6,30,775,7.0,25,0.9938725,0.6577764103809992,6.040066957473755,2.7781802999998035
gnn_rep__N8__line__seed6,gnn_qmix,coord_grid,6,31,800,4.0,25,0.9936745833333334,0.23750762393077215,2.6674334605534873,2.876749999999447
gnn_rep__N8__line__seed6,gnn_qmix,coord_grid,6,32,825,7.0,25,0.9934766666666667,0.13894975504704885,0.8668484900678907,2.9503369000012754
gnn_rep__N8__line__seed6,gnn_qmix,coord_grid,6,33,850,5.0,25,0.99327875,0.16763997822999954,0.7610732515652975,3.031091100001504
gnn_rep__N8__line__seed6,gnn_qmix,coord_grid,6,34,875,5.0,25,0.9930808333333333,0.1436929019788901,0.6732234954833984,3.1020042999989528
gnn_rep__N8__line__seed6,gnn_qmix,coord_grid,6,35,900,5.0,25,0.9928829166666666,0.14198792353272438,0.6880588134129842,3.1542895000020508
gnn_rep__N8__line__seed6,gnn_qmix,coord_grid,6,36,925,7.0,25,0.992685,0.15859895518847875,0.5548100258622851,3.211353099999542
gnn_rep__N8__line__seed6,gnn_qmix,coord_grid,6,37,950,9.0,25,0.9924870833333334,0.13740810006856918,0.5221665998299917,3.2734672000005958
gnn_rep__N8__line__seed6,gnn_qmix,coord_grid,6,38,975,6.0,25,0.9922891666666667,0.12156171351671219,0.5681482503811518,3.346332100001746
gnn_rep__N8__line__seed6,gnn_qmix,coord_grid,6,39,1000,9.0,25,0.99209125,0.12546963741381964,0.44311392307281494,3.413503399999172
gnn_rep__N8__line__seed6,gnn_qmix,coord_grid,6,40,1025,4.0,25,0.9918933333333333,0.2721226853983743,1.9557849168777466,3.4993427000008523
gnn_rep__N8__line__seed6,gnn_qmix,coord_grid,6,41,1050,7.0,25,0.9916954166666667,0.1732539882262548,1.5235366821289062,3.575852699999814
gnn_rep__N8__line__seed6,gnn_qmix,coord_grid,6,42,1075,9.0,25,0.9914975,0.1208123192191124,0.8227918396393458,3.6478478999997606
gnn_rep__N8__line__seed6,gnn_qmix,coord_grid,6,43,1100,5.0,25,0.9912995833333333,0.11923628176252048,0.9537942359844843,3.7230793000017
gnn_rep__N8__line__seed6,gnn_qmix,coord_grid,6,44,1125,8.0,25,0.9911016666666667,0.13748970414910996,0.6849406361579895,3.7712935999988986
gnn_rep__N8__line__seed6,gnn_qmix,coord_grid,6,45,1150,8.0,25,0.99090375,0.13808554783463478,0.5415689051151276,3.8332977999998548
gnn_rep__N8__line__seed6,gnn_qmix,coord_grid,6,46,1175,3.0,25,0.9907058333333333,0.12188171843687694,0.7636222938696543,3.9092335999994248
gnn_rep__N8__line__seed6,gnn_qmix,coord_grid,6,47,1200,2.0,25,0.9905079166666667,0.14746533334255219,0.6404624581336975,3.9675438000012946
gnn_rep__N8__line__seed6,gnn_qmix,coord_grid,6,48,1225,3.0,25,0.99031,0.15154035815170833,0.611178628035954,4.021573599999101
gnn_rep__N8__line__seed6,gnn_qmix,coord_grid,6,49,1250,4.0,25,0.9901120833333333,0.1597886085510254,0.49702926476796466,4.10109089999969
gnn_rep__N8__line__seed6,gnn_qmix,coord_grid,6,50,1275,9.0,25,0.9899141666666667,0.13278766348958015,0.6645303269227346,4.2143488000001526
gnn_rep__N8__line__seed6,gnn_qmix,coord_grid,6,51,1300,9.0,25,0.98971625,0.12899253765741983,0.5717023511727651,4.298415199998999
gnn_rep__N8__line__seed6,gnn_qmix,coord_grid,6,52,1325,10.0,25,0.9895183333333334,0.12635852609361922,0.561633540051324,4.405158400000801
gnn_rep__N8__line__seed6,gnn_qmix,coord_grid,6,53,1350,8.0,25,0.9893204166666667,0.12481240679820378,0.6381052434444427,4.499081599999045
gnn_rep__N8__line__seed6,gnn_qmix,coord_grid,6,54,1375,2.0,25,0.9891225,0.10639287158846855,0.7455354928970337,4.546184999999241
gnn_rep__N8__line__seed6,gnn_qmix,coord_grid,6,55,1400,7.0,25,0.9889245833333333,0.12860970944166183,0.727045883735021,4.636844900000142
gnn_rep__N8__line__seed6,gnn_qmix,coord_grid,6,56,1425,3.0,25,0.9887266666666666,0.12244713093553271,0.5314903685024807,4.713178699999844
gnn_rep__N8__line__seed6,gnn_qmix,coord_grid,6,57,1450,6.0,25,0.98852875,0.12338874240716298,0.6464249392350515,4.79440650000106
gnn_rep__N8__line__seed6,gnn_qmix,coord_grid,6,58,1475,9.0,25,0.9883308333333334,0.14703581233819327,0.5237599710623423,4.8658570000006875
gnn_rep__N8__line__seed6,gnn_qmix,coord_grid,6,59,1500,13.0,25,0.9881329166666667,0.10191099531948566,0.6234054466088613,4.949666900000011
gnn_rep__N8__line__seed6,gnn_qmix,coord_grid,6,60,1525,8.0,25,0.987935,0.12604105366127832,0.4412785768508911,5.0408568999991985
gnn_rep__N8__line__seed6,gnn_qmix,coord_grid,6,61,1550,8.0,25,0.9877370833333333,0.11987330764532089,0.4979107429583867,5.11906369999997
gnn_rep__N8__line__seed6,gnn_qmix,coord_grid,6,62,1575,1.0,25,0.9875391666666666,0.10457671930392583,0.49898989498615265,5.193640599998616
gnn_rep__N8__line__seed6,gnn_qmix,coord_grid,6,63,1600,3.0,25,0.98734125,0.1446433961391449,0.5592663437128067,5.279679399998713
gnn_rep__N8__line__seed6,gnn_qmix,coord_grid,6,64,1625,2.0,25,0.9871433333333334,0.1133981357727732,0.5434857479163578,5.374522699999943
gnn_rep__N8__line__seed6,gnn_qmix,coord_grid,6,65,1650,15.0,25,0.9869454166666667,0.1322685827811559,0.6219260593255361,5.47551680000106
gnn_rep__N8__line__seed6,gnn_qmix,coord_grid,6,66,1675,6.0,25,0.9867475,0.11963112962742646,0.4991084188222885,5.5419872000020405
gnn_rep__N8__line__seed6,gnn_qmix,coord_grid,6,67,1700,10.0,25,0.9865495833333333,0.11365260059634845,0.4514888674020767,5.6042460999997274
gnn_rep__N8__line__seed6,gnn_qmix,coord_grid,6,68,1725,3.0,25,0.9863516666666666,0.12307771295309067,0.6566661085401263,5.701357000001735
gnn_rep__N8__line__seed6,gnn_qmix,coord_grid,6,69,1750,9.0,25,0.98615375,0.11877637356519699,0.5087943325440089,5.7709605999989435
gnn_rep__N8__line__seed6,gnn_qmix,coord_grid,6,70,1775,9.0,25,0.9859558333333334,0.1453163909415404,0.4300000071525574,5.857865500001935
gnn_rep__N8__line__seed6,gnn_qmix,coord_grid,6,71,1800,8.0,25,0.9857579166666667,0.11429150526722272,0.569733257095019,5.9401725999996415
gnn_rep__N8__line__seed6,gnn_qmix,coord_grid,6,72,1825,8.0,25,0.98556,0.19310503772326879,1.5722278101103646,6.009022999998706
gnn_rep__N8__line__seed6,gnn_qmix,coord_grid,6,73,1850,11.0,25,0.9853620833333333,0.16289463887612024,0.9879632194836935,6.101516400001856
gnn_rep__N8__line__seed6,gnn_qmix,coord_grid,6,74,1875,6.0,25,0.9851641666666666,0.14339368542035422,0.5474582811196645,6.172434100000828
gnn_rep__N8__line__seed6,gnn_qmix,coord_grid,6,75,1900,10.0,25,0.98496625,0.16741901636123657,0.733984092871348,6.244251600001007
gnn_rep__N8__line__seed6,gnn_qmix,coord_grid,6,76,1925,8.0,25,0.9847683333333334,0.147854568702834,0.9240979296820504,6.342631200001051
gnn_rep__N8__line__seed6,gnn_qmix,coord_grid,6,77,1950,12.0,25,0.9845704166666667,0.11787762492895126,0.7782079875469208,6.414394300001732
gnn_rep__N8__line__seed6,gnn_qmix,coord_grid,6,78,1975,3.0,25,0.9843725,0.1148575134575367,0.5871052543322245,6.469846600000892
gnn_rep__N8__line__seed6,gnn_qmix,coord_grid,6,79,2000,5.0,25,0.9841745833333333,0.14934861908356348,0.7858872711658478,6.537534600000072
gnn_rep__N8__line__seed6,gnn_qmix,coord_grid,6,80,2025,1.0,25,0.9839766666666667,0.12292296013661794,0.5414633069719587,6.6095760999996855
gnn_rep__N8__line__seed6,gnn_qmix,coord_grid,6,81,2050,7.0,25,0.98377875,0.11770518124103546,0.5799756000439326,6.6678255000006175
gnn_rep__N8__line__seed6,gnn_qmix,coord_grid,6,82,2075,9.0,25,0.9835808333333333,0.1408997525771459,0.5484301249186198,6.733194899999944
gnn_rep__N8__line__seed6,gnn_qmix,coord_grid,6,83,2100,10.0,25,0.9833829166666667,0.14264805614948273,0.788588136434555,6.839568399998825
gnn_rep__N8__line__seed6,gnn_qmix,coord_grid,6,84,2125,3.0,25,0.983185,0.10100135207176208,0.6628343377794538,6.9115736999992805
gnn_rep__N8__line__seed6,gnn_qmix,coord_grid,6,85,2150,8.0,25,0.9829870833333333,0.11630803470810254,0.7080922822157542,6.996641099998669
gnn_rep__N8__line__seed6,gnn_qmix,coord_grid,6,86,2175,4.0,25,0.9827891666666667,0.1272719825307528,0.6140783826510111,7.113353600001574
gnn_rep__N8__line__seed6,gnn_qmix,coord_grid,6,87,2200,7.0,25,0.98259125,0.13072405755519867,0.6402760843435923,7.196311200001219
gnn_rep__N8__line__seed6,gnn_qmix,coord_grid,6,88,2225,10.0,25,0.9823933333333333,0.11431794187852315,0.5707821718284062,7.283748199999536
gnn_rep__N8__line__seed6,gnn_qmix,coord_grid,6,89,2250,10.0,25,0.9821954166666667,0.13637567187349,0.66176105539004,7.354638699998759
gnn_rep__N8__line__seed6,gnn_qmix,coord_grid,6,90,2275,3.0,25,0.9819975,0.1431260034441948,0.7060860693454742,7.471581300000253
gnn_rep__N8__line__seed6,gnn_qmix,coord_grid,6,91,2300,7.0,25,0.9817995833333333,0.12073569372296333,0.6779561837514242,7.59874470000068
gnn_rep__N8__line__seed6,gnn_qmix,coord_grid,6,92,2325,6.0,25,0.9816016666666667,0.12768884322472981,0.7547665919576373,7.675900000002002
gnn_rep__N8__line__seed6,gnn_qmix,coord_grid,6,93,2350,9.0,25,0.98140375,0.14813904091715813,0.8254407842954,7.737639800001489
gnn_rep__N8__line__seed6,gnn_qmix,coord_grid,6,94,2375,3.0,25,0.9812058333333333,0.1256775880853335,0.7488823433717092,7.805922899999132
gnn_rep__N8__line__seed6,gnn_qmix,coord_grid,6,95,2400,10.0,25,0.9810079166666666,0.11619580909609795,0.5144554674625397,7.8523381000013615
gnn_rep__N8__line__seed6,gnn_qmix,coord_grid,6,96,2425,5.0,25,0.98081,0.1253079271742276,0.5571541615894863,7.9241020000008575
gnn_rep__N8__line__seed6,gnn_qmix,coord_grid,6,97,2450,2.0,25,0.9806120833333334,0.15006228536367416,0.7714199225107828,7.995187699998496
gnn_rep__N8__line__seed6,gnn_qmix,coord_grid,6,98,2475,6.0,25,0.9804141666666667,0.12167189021905263,0.6095505158106486,8.139312999999675
gnn_rep__N8__line__seed6,gnn_qmix,coord_grid,6,99,2500,11.0,25,0.98021625,0.14110027129451433,0.6448474725087484,8.187878199998522
gnn_rep__N8__line__seed6,gnn_qmix,coord_grid,6,100,2525,3.0,25,0.9800183333333333,0.13723342333521163,0.6580195086342948,8.257545700002083
gnn_rep__N8__line__seed6,gnn_qmix,coord_grid,6,101,2550,11.0,25,0.9798204166666666,0.14534163971741995,0.5584322661161423,8.309533499999816
gnn_rep__N8__line__seed6,gnn_qmix,coord_grid,6,102,2575,6.0,25,0.9796225,0.11586220189929008,0.5780141055583954,8.372588000001997
gnn_rep__N8__line__seed6,gnn_qmix,coord_grid,6,103,2600,10.0,25,0.9794245833333334,0.11092734585205714,0.7205396592617035,8.438763199999812
gnn_rep__N8__line__seed6,gnn_qmix,coord_grid,6,104,2625,10.0,25,0.9792266666666667,0.14564135564225061,1.3925483056477137,8.492502299999614
gnn_rep__N8__line__seed6,gnn_qmix,coord_grid,6,105,2650,4.0,25,0.97902875,0.15454592059055963,0.9980957011381785,8.554771200000687
gnn_rep__N8__line__seed6,gnn_qmix,coord_grid,6,106,2675,4.0,25,0.9788308333333333,0.1533889559408029,0.9331786334514618,8.675691299999016
gnn_rep__N8__line__seed6,gnn_qmix,coord_grid,6,107,2700,2.0,25,0.9786329166666666,0.13734318564335504,0.8175954123338064,8.787385899999208
gnn_rep__N8__line__seed6,gnn_qmix,coord_grid,6,108,2725,7.0,25,0.9784349999999999,0.14317126785005843,0.9550616911479405,8.862719500000821
gnn_rep__N8__line__seed6,gnn_qmix,coord_grid,6,109,2750,7.0,25,0.9782370833333334,0.13695275659362474,0.6915263632933298,8.936423099999956
gnn_rep__N8__line__seed6,gnn_qmix,coord_grid,6,110,2775,2.0,25,0.9780391666666667,0.1653463107844194,0.8649110794067383,9.012749599998642
gnn_rep__N8__line__seed6,gnn_qmix,coord_grid,6,111,2800,5.0,25,0.97784125,0.14513646811246872,0.5642233540614446,9.078016200001002
gnn_rep__N8__line__seed6,gnn_qmix,coord_grid,6,112,2825,8.0,25,0.9776433333333333,0.13318388909101486,0.6944871459688459,9.166023199999472
gnn_rep__N8__line__seed6,gnn_qmix,coord_grid,6,113,2850,7.0,25,0.9774454166666666,0.13729015737771988,0.7025776008764902,9.228218299998844
gnn_rep__N8__line__seed6,gnn_qmix,coord_grid,6,114,2875,9.0,25,0.9772475,0.14060183862845102,0.7059187342723211,9.391528600001038
gnn_rep__N8__line__seed6,gnn_qmix,coord_grid,6,115,2900,10.0,25,0.9770495833333334,0.13525051126877466,0.6950826644897461,9.454595600000175
gnn_rep__N8__line__seed6,gnn_qmix,coord_grid,6,116,2925,3.0,25,0.9768516666666667,0.10021505664501872,0.5954151366438184,9.581074000001536
gnn_rep__N8__line__seed6,gnn_qmix,coord_grid,6,117,2950,3.0,25,0.97665375,0.11799498274922371,0.6284530907869339,9.686921900000016
gnn_rep__N8__line__seed6,gnn_qmix,coord_grid,6,118,2975,9.0,25,0.9764558333333333,0.11330904066562653,0.5998704532782236,9.81502829999954
gnn_rep__N8__line__seed6,gnn_qmix,coord_grid,6,119,3000,8.0,25,0.9762579166666667,0.13932283595204353,0.8528731713692347,9.929162600001291
gnn_rep__N8__line__seed6,gnn_qmix,coord_grid,6,120,3025,5.0,25,0.97606,0.1072830930352211,0.7045620339257377,10.027421599999798
gnn_rep__N8__line__seed6,gnn_qmix,coord_grid,6,121,3050,10.0,25,0.9758620833333334,0.17406428356965384,0.6575945317745209,10.141647600001306
gnn_rep__N8__line__seed6,gnn_qmix,coord_grid,6,122,3075,3.0,25,0.9756641666666667,0.11370618020494778,0.6555782457192739,10.25835250000091
gnn_rep__N8__line__seed6,gnn_qmix,coord_grid,6,123,3100,6.0,25,0.97546625,0.12129928916692734,0.6838604708512624,10.371278200000233
gnn_rep__N8__line__seed6,gnn_qmix,coord_grid,6,124,3125,2.0,25,0.9752683333333333,0.12983797384159906,0.8330282909529549,10.442233400000987
gnn_rep__N8__line__seed6,gnn_qmix,coord_grid,6,125,3150,7.0,25,0.9750704166666667,0.15606704354286194,0.6865815172592798,10.493100600000616
gnn_rep__N8__line__seed6,gnn_qmix,coord_grid,6,126,3175,6.0,25,0.9748725,0.13763030742605528,0.6049353828032812,10.585572600000887
gnn_rep__N8__line__seed6,gnn_qmix,coord_grid,6,127,3200,10.0,25,0.9746745833333333,0.10866019626458485,0.5547566562891006,10.682911799998692
gnn_rep__N8__line__seed6,gnn_qmix,coord_grid,6,128,3225,1.0,25,0.9744766666666667,0.11884061459984098,0.661323926278523,10.790873000001739
gnn_rep__N8__line__seed6,gnn_qmix,coord_grid,6,129,3250,10.0,25,0.97427875,0.09487223501006763,0.687100812792778,10.908763100000215
gnn_rep__N8__line__seed6,gnn_qmix,coord_grid,6,130,3275,8.0,25,0.9740808333333333,0.13921167949835458,0.5363296965758005,10.994811799999297
gnn_rep__N8__line__seed6,gnn_qmix,coord_grid,6,131,3300,6.0,25,0.9738829166666667,0.15097630520661673,0.7232204079627991,11.053201999999146
gnn_rep__N8__line__seed6,gnn_qmix,coord_grid,6,132,3325,10.0,25,0.973685,0.1634725917662893,0.7797344156673977,11.132325700000365
gnn_rep__N8__line__seed6,gnn_qmix,coord_grid,6,133,3350,3.0,25,0.9734870833333333,0.1220667337377866,0.7562357087930044,11.194802400001208
gnn_rep__N8__line__seed6,gnn_qmix,coord_grid,6,134,3375,7.0,25,0.9732891666666666,0.14571079487601915,0.8242544035116831,11.279802299999574
gnn_rep__N8__line__seed6,gnn_qmix,coord_grid,6,135,3400,9.0,25,0.97309125,0.12709718570113182,0.5661952098210653,11.352535300000454
gnn_rep__N8__line__seed6,gnn_qmix,coord_grid,6,136,3425,4.0,25,0.9728933333333334,0.18669044545718602,1.8820301464625768,11.427835700000287
gnn_rep__N8__line__seed6,gnn_qmix,coord_grid,6,137,3450,10.0,25,0.9726954166666667,0.1405778999129931,0.9226584533850352,11.513073800000711
gnn_rep__N8__line__seed6,gnn_qmix,coord_grid,6,138,3475,1.0,25,0.9724975,0.1651474709312121,1.3910351594289143,11.560282800001005
gnn_rep__N8__line__seed6,gnn_qmix,coord_grid,6,139,3500,3.0,25,0.9722995833333333,0.17120970785617828,0.803786963224411,11.638875699998607
gnn_rep__N8__line__seed6,gnn_qmix,coord_grid,6,140,3525,2.0,25,0.9721016666666666,0.13259170949459076,0.9002422434943063,11.782096200000524
gnn_rep__N8__line__seed6,gnn_qmix,coord_grid,6,141,3550,5.0,25,0.97190375,0.15582108249266943,0.9797559976577759,11.843211499999597
gnn_rep__N8__line__seed6,gnn_qmix,coord_grid,6,142,3575,10.0,25,0.9717058333333334,0.15611187989513078,0.9864193101723989,11.937866700001905
gnn_rep__N8__line__seed6,gnn_qmix,coord_grid,6,143,3600,9.0,25,0.9715079166666667,0.18518330653508505,0.9083357453346252,12.036548500000208
gnn_rep__N8__line__seed6,gnn_qmix,coord_grid,6,144,3625,8.0,25,0.97131,0.1329613679221698,0.8480298433985028,12.114941100000578
gnn_rep__N8__line__seed6,gnn_qmix,coord_grid,6,145,3650,4.0,25,0.9711120833333333,0.1401252212623755,0.697296549876531,12.20594010000059
gnn_rep__N8__line__seed6,gnn_qmix,coord_grid,6,146,3675,10.0,25,0.9709141666666666,0.16364276533325514,0.8795894881089529,12.301426400001219
gnn_rep__N8__line__seed6,gnn_qmix,coord_grid,6,147,3700,7.0,25,0.97071625,0.1315665158132712,0.7230262259642283,12.429022700001951
gnn_rep__N8__line__seed6,gnn_qmix,coord_grid,6,148,3725,9.0,25,0.9705183333333334,0.1297507488301822,0.7501092212540763,12.521881299999222
gnn_rep__N8__line__seed6,gnn_qmix,coord_grid,6,149,3750,7.0,25,0.9703204166666667,0.16139396528402963,1.119656374057134,12.668665100001817
gnn_rep__N8__line__seed6,gnn_qmix,coord_grid,6,150,3775,7.0,25,0.9701225,0.16317825143535933,0.8290697336196899,12.771619899998768
gnn_rep__N8__line__seed6,gnn_qmix,coord_grid,6,151,3800,9.0,25,0.9699245833333333,0.19647254049777985,1.1323162317276,12.895224799998687
gnn_rep__N8__line__seed6,gnn_qmix,coord_grid,6,152,3825,9.0,25,0.9697266666666666,0.15660530222313745,0.8769909909793309,12.966630499999155
gnn_rep__N8__line__seed6,gnn_qmix,coord_grid,6,153,3850,9.0,25,0.96952875,0.1700261098643144,0.6804826209942499,13.072444500001438
gnn_rep__N8__line__seed6,gnn_qmix,coord_grid,6,154,3875,8.0,25,0.9693308333333334,0.16315406560897827,0.9692583779493967,13.149437100000796
gnn_rep__N8__line__seed6,gnn_qmix,coord_grid,6,155,3900,1.0,25,0.9691329166666667,0.16500010838111243,0.7394504646460215,13.213690799999313
gnn_rep__N8__line__seed6,gnn_qmix,coord_grid,6,156,3925,4.0,25,0.968935,0.15121504877294814,0.8100007261548724,13.271439399999508
gnn_rep__N8__line__seed6,gnn_qmix,coord_grid,6,157,3950,6.0,25,0.9687370833333333,0.13657561937967935,0.7410838007926941,13.378918200000044
gnn_rep__N8__line__seed6,gnn_qmix,coord_grid,6,158,3975,5.0,25,0.9685391666666666,0.15916882952054343,0.7664461632569631,13.46958000000086
gnn_rep__N8__line__seed6,gnn_qmix,coord_grid,6,159,4000,8.0,25,0.96834125,0.15718919535477957,0.8575433691342672,13.51095720000012
gnn_rep__N8__line__seed6,gnn_qmix,coord_grid,6,160,4025,3.0,25,0.9681433333333334,0.10696426991905485,0.8210578049932208,13.632265200001711
gnn_rep__N8__line__seed6,gnn_qmix,coord_grid,6,161,4050,12.0,25,0.9679454166666667,0.1253392385939757,1.2175335188706715,13.687288799999806
gnn_rep__N8__line__seed6,gnn_qmix,coord_grid,6,162,4075,5.0,25,0.9677475,0.15152615308761597,0.8584363460540771,13.788508400000865
gnn_rep__N8__line__seed6,gnn_qmix,coord_grid,6,163,4100,13.0,25,0.9675495833333333,0.14730009188254675,0.752574215332667,13.881728100001055
gnn_rep__N8__line__seed6,gnn_qmix,coord_grid,6,164,4125,6.0,25,0.9673516666666667,0.1207287572324276,0.8336641320160457,13.985502700001234
gnn_rep__N8__line__seed6,gnn_qmix,coord_grid,6,165,4150,9.0,25,0.96715375,0.17316561937332153,1.0367179811000824,14.045256900000822
gnn_rep__N8__line__seed6,gnn_qmix,coord_grid,6,166,4175,9.0,25,0.9669558333333333,0.1347330460945765,0.9596629738807678,14.136982200001512
gnn_rep__N8__line__seed6,gnn_qmix,coord_grid,6,167,4200,4.0,25,0.9667579166666667,0.0930525188644727,0.958616038163503,14.211055600000691
gnn_rep__N8__line__seed6,gnn_qmix,coord_grid,6,168,4225,5.0,25,0.96656,0.17105601408651896,1.7850369385310583,14.2955174000017
gnn_rep__N8__line__seed6,gnn_qmix,coord_grid,6,169,4250,2.0,25,0.9663620833333333,0.17051578933993974,0.9259704748789469,14.387887100001535
gnn_rep__N8__line__seed6,gnn_qmix,coord_grid,6,170,4275,10.0,25,0.9661641666666667,0.1612437516450882,1.2637540400028229,14.463004100001854
gnn_rep__N8__line__seed6,gnn_qmix,coord_grid,6,171,4300,3.0,25,0.96596625,0.14641667529940605,1.237203727165858,14.581672700001945
gnn_rep__N8__line__seed6,gnn_qmix,coord_grid,6,172,4325,5.0,25,0.9657683333333333,0.17474097332784108,1.3975836719785417,14.654715500000748
gnn_rep__N8__line__seed6,gnn_qmix,coord_grid,6,173,4350,9.0,25,0.9655704166666667,0.13490375131368637,0.9340344021717707,14.719795500001055
gnn_rep__N8__line__seed6,gnn_qmix,coord_grid,6,174,4375,8.0,25,0.9653725,0.15842586010694504,1.0879361033439636,14.8188341999994
gnn_rep__N8__line__seed6,gnn_qmix,coord_grid,6,175,4400,8.0,25,0.9651745833333334,0.16051841030518213,0.8685528238614401,14.945312100000592
gnn_rep__N8__line__seed6,gnn_qmix,coord_grid,6,176,4425,10.0,25,0.9649766666666667,0.15049225091934204,0.9789297665868487,15.02889900000082
gnn_rep__N8__line__seed6,gnn_qmix,coord_grid,6,177,4450,2.0,25,0.96477875,0.15711749096711478,0.9563911457856497,15.087456199998996
gnn_rep__N8__line__seed6,gnn_qmix,coord_grid,6,178,4475,1.0,25,0.9645808333333333,0.16675194477041563,0.7484876414140066,15.178573000001052
gnn_rep__N8__line__seed6,gnn_qmix,coord_grid,6,179,4500,9.0,25,0.9643829166666666,0.19250662873188654,0.9644879698753357,15.269563400001061
gnn_rep__N8__line__seed6,gnn_qmix,coord_grid,6,180,4525,7.0,25,0.964185,0.10219194101435798,0.943040030343192,15.342081700000563
gnn_rep__N8__line__seed6,gnn_qmix,coord_grid,6,181,4550,10.0,25,0.9639870833333334,0.14921503265698752,1.0641378462314606,15.463167599998997
gnn_rep__N8__line__seed6,gnn_qmix,coord_grid,6,182,4575,4.0,25,0.9637891666666667,0.14474925895531973,1.0971672634283702,15.535534499998903
gnn_rep__N8__line__seed6,gnn_qmix,coord_grid,6,183,4600,8.0,25,0.96359125,0.1600529154141744,0.7964052557945251,15.646275200000673
gnn_rep__N8__line__seed6,gnn_qmix,coord_grid,6,184,4625,8.0,25,0.9633933333333333,0.1514736839703151,1.0432541285242354,15.738029899999674
gnn_rep__N8__line__seed6,gnn_qmix,coord_grid,6,185,4650,6.0,25,0.9631954166666666,0.1405887504418691,0.8067197104295095,15.82275429999936
gnn_rep__N8__line__seed6,gnn_qmix,coord_grid,6,186,4675,5.0,25,0.9629975,0.14892099301020303,1.0067172646522522,15.918051100001321
gnn_rep__N8__line__seed6,gnn_qmix,coord_grid,6,187,4700,1.0,25,0.9627995833333334,0.1437638426820437,0.905785063902537,16.026541200000793
gnn_rep__N8__line__seed6,gnn_qmix,coord_grid,6,188,4725,5.0,25,0.9626016666666667,0.15810921681778772,0.8358571188790458,16.088770499998645
gnn_rep__N8__line__seed6,gnn_qmix,coord_grid,6,189,4750,6.0,25,0.96240375,0.1772138054172198,1.039054403702418,16.15197519999856
gnn_rep__N8__line__seed6,gnn_qmix,coord_grid,6,190,4775,10.0,25,0.9622058333333333,0.15292702739437422,0.8000330626964569,16.22639530000015
gnn_rep__N8__line__seed6,gnn_qmix,coord_grid,6,191,4800,8.0,25,0.9620079166666666,0.1907241145769755,0.8187804122765859,16.313555500000803
gnn_rep__N8__line__seed6,gnn_qmix,coord_grid,6,192,4825,7.0,25,0.96181,0.15583139125789916,0.7247829352106366,16.397913400000107
gnn_rep__N8__line__seed6,gnn_qmix,coord_grid,6,193,4850,5.0,25,0.9616120833333334,0.14599253237247467,0.9286572535832723,16.471977299999708
gnn_rep__N8__line__seed6,gnn_qmix,coord_grid,6,194,4875,8.0,25,0.9614141666666667,0.14729256803790727,0.9448245664437612,16.559985200001393
gnn_rep__N8__line__seed6,gnn_qmix,coord_grid,6,195,4900,11.0,25,0.96121625,0.1671120822429657,0.789579838514328,16.636819899998954
gnn_rep__N8__line__seed6,gnn_qmix,coord_grid,6,196,4925,3.0,25,0.9610183333333333,0.1271326925073351,0.8433008960315159,16.715547899999365
gnn_rep__N8__line__seed6,gnn_qmix,coord_grid,6,197,4950,11.0,25,0.9608204166666666,0.18389601508776346,0.8365411857763926,16.786449600000196
gnn_rep__N8__line__seed6,gnn_qmix,coord_grid,6,198,4975,12.0,25,0.9606225,0.19458681841691336,1.0336287717024486,16.87934949999908
gnn_rep__N8__line__seed6,gnn_qmix,coord_grid,6,199,5000,6.0,25,0.9604245833333334,0.18084749579429626,0.957193930943807,16.95309400000042
gnn_rep__N8__line__seed6,gnn_qmix,coord_grid,6,200,5025,8.0,25,0.9602266666666667,0.1612971265401159,1.5987519536699568,17.015465500000573
gnn_rep__N8__line__seed6,gnn_qmix,coord_grid,6,201,5050,8.0,25,0.96002875,0.16955054303010306,1.223476231098175,17.121551299998828
gnn_rep__N8__line__seed6,gnn_qmix,coord_grid,6,202,5075,6.0,25,0.9598308333333333,0.15649531533320746,2.2496436337629953,17.23259650000182
gnn_rep__N8__line__seed6,gnn_qmix,coord_grid,6,203,5100,8.0,25,0.9596329166666666,0.20360176637768745,1.2080579300721486,17.326206500001717
gnn_rep__N8__line__seed6,gnn_qmix,coord_grid,6,204,5125,4.0,25,0.959435,0.14810852227466448,1.110588252544403,17.461986800000886
gnn_rep__N8__line__seed6,gnn_qmix,coord_grid,6,205,5150,5.0,25,0.9592370833333334,0.18685861180226007,0.8081934551397959,17.53644609999901
gnn_rep__N8__line__seed6,gnn_qmix,coord_grid,6,206,5175,10.0,25,0.9590391666666667,0.19352975115180016,0.9893145263195038,17.645910999999614
gnn_rep__N8__line__seed6,gnn_qmix,coord_grid,6,207,5200,11.0,25,0.95884125,0.1809844896197319,0.918817142645518,17.73724040000161
gnn_rep__N8__line__seed6,gnn_qmix,coord_grid,6,208,5225,5.0,25,0.9586433333333333,0.16772357587303435,0.8427747402872358,17.79968960000042
gnn_rep__N8__line__seed6,gnn_qmix,coord_grid,6,209,5250,7.0,25,0.9584454166666667,0.13164523616433144,0.8657250901063284,17.885671799998818
gnn_rep__N8__line__seed6,gnn_qmix,coord_grid,6,210,5275,4.0,25,0.9582475,0.1660303696990013,0.9236170848210653,17.97206720000031
gnn_rep__N8__line__seed6,gnn_qmix,coord_grid,6,211,5300,6.0,25,0.9580495833333333,0.17272567003965378,0.9182382623354594,18.08090319999974
gnn_rep__N8__line__seed6,gnn_qmix,coord_grid,6,212,5325,5.0,25,0.9578516666666667,0.13485822613750184,0.9899442621639797,18.153810100000555
gnn_rep__N8__line__seed6,gnn_qmix,coord_grid,6,213,5350,8.0,25,0.95765375,0.16640489796797434,1.003111183643341,18.237218599999323
gnn_rep__N8__line__seed6,gnn_qmix,coord_grid,6,214,5375,6.0,25,0.9574558333333333,0.15949941674868265,0.8581167260805765,18.34120679999978
gnn_rep__N8__line__seed6,gnn_qmix,coord_grid,6,215,5400,10.0,25,0.9572579166666667,0.14395430932442346,1.3789034088452656,18.451999000000797
gnn_rep__N8__line__seed6,gnn_qmix,coord_grid,6,216,5425,7.0,25,0.95706,0.166369406240327,1.0131244829722814,18.54892739999923
gnn_rep__N8__line__seed6,gnn_qmix,coord_grid,6,217,5450,12.0,25,0.9568620833333333,0.14199173574646315,0.8953984677791595,18.642933899998752
gnn_rep__N8__line__seed6,gnn_qmix,coord_grid,6,218,5475,3.0,25,0.9566641666666666,0.14851266518235207,0.865277111530304,18.720954799999163
gnn_rep__N8__line__seed6,gnn_qmix,coord_grid,6,219,5500,11.0,25,0.95646625,0.17370437954862913,0.938564678033193,18.79601449999973
gnn_rep__N8__line__seed6,gnn_qmix,coord_grid,6,220,5525,4.0,25,0.9562683333333333,0.147357382944652,0.9610579524721418,18.89753439999913
gnn_rep__N8__line__seed6,gnn_qmix,coord_grid,6,221,5550,6.0,25,0.9560704166666667,0.15429834028085074,1.0240004460016887,18.9960510000019
gnn_rep__N8__line__seed6,gnn_qmix,coord_grid,6,222,5575,7.0,25,0.9558725,0.19297670821348825,1.0269233683745067,19.08775379999861
gnn_rep__N8__line__seed6,gnn_qmix,coord_grid,6,223,5600,6.0,25,0.9556745833333333,0.1270462895433108,1.0287764966487885,19.15531810000175
gnn_rep__N8__line__seed6,gnn_qmix,coord_grid,6,224,5625,3.0,25,0.9554766666666666,0.16310131762708938,1.0134045141083854,19.264934900002118
gnn_rep__N8__line__seed6,gnn_qmix,coord_grid,6,225,5650,7.0,25,0.95527875,0.2153013696273168,1.0876110394795735,19.34691970000131
gnn_rep__N8__line__seed6,gnn_qmix,coord_grid,6,226,5675,7.0,25,0.9550808333333334,0.16236786420146623,1.0478610694408417,19.392285800000536
gnn_rep__N8__line__seed6,gnn_qmix,coord_grid,6,227,5700,6.0,25,0.9548829166666667,0.16366677234570184,0.9558886488278707,19.471052100001543
gnn_rep__N8__line__seed6,gnn_qmix,coord_grid,6,228,5725,5.0,25,0.954685,0.16208453902176448,0.808296161038535,19.581997799999954
gnn_rep__N8__line__seed6,gnn_qmix,coord_grid,6,229,5750,8.0,25,0.9544870833333333,0.14654566223422685,0.8024987677733103,19.642789900000935
gnn_rep__N8__line__seed6,gnn_qmix,coord_grid,6,230,5775,5.0,25,0.9542891666666666,0.14320686707894006,1.0114494065443675,19.726763200000278
gnn_rep__N8__line__seed6,gnn_qmix,coord_grid,6,231,5800,7.0,25,0.9540912500000001,0.1879391260445118,0.8631504575411478,19.871889300000475
gnn_rep__N8__line__seed6,gnn_qmix,coord_grid,6,232,5825,7.0,25,0.9538933333333334,0.2109610310622624,1.7414798481123788,19.956482000001415
gnn_rep__N8__line__seed6,gnn_qmix,coord_grid,6,233,5850,7.0,25,0.9536954166666667,0.16296921422084173,1.6133921941121419,20.06642980000106
gnn_rep__N8__line__seed6,gnn_qmix,coord_grid,6,234,5875,10.0,25,0.9534975,0.19951041787862778,1.238939921061198,20.186955000001035
gnn_rep__N8__line__seed6,gnn_qmix,coord_grid,6,235,5900,7.0,25,0.9532995833333333,0.2213650941848755,1.21533203125,20.303808100001334
gnn_rep__N8__line__seed6,gnn_qmix,coord_grid,6,236,5925,5.0,25,0.9531016666666666,0.1728362419775554,1.184110266821725,20.38875410000037
gnn_rep__N8__line__seed6,gnn_qmix,coord_grid,6,237,5950,9.0,25,0.95290375,0.18045685440301895,1.1067128777503967,20.463328400001046
gnn_rep__N8__line__seed6,gnn_qmix,coord_grid,6,238,5975,9.0,25,0.9527058333333334,0.18326396122574806,0.9248859981695811,20.537248600001476
gnn_rep__N8__line__seed6,gnn_qmix,coord_grid,6,239,6000,2.0,25,0.9525079166666667,0.15747539326548576,1.4564104477564495,20.63221440000052
gnn_rep__N8__line__seed6,gnn_qmix,coord_grid,6,240,6025,5.0,25,0.95231,0.1638556271791458,1.301023849419185,20.739380700000766
gnn_rep__N8__line__seed6,gnn_qmix,coord_grid,6,241,6050,3.0,25,0.9521120833333333,0.17421188950538635,1.526179055372874,20.803350300000602
gnn_rep__N8__line__seed6,gnn_qmix,coord_grid,6,242,6075,7.0,25,0.9519141666666666,0.14248146365086237,1.1185417572657268,20.87796900000103
gnn_rep__N8__line__seed6,gnn_qmix,coord_grid,6,243,6100,10.0,25,0.95171625,0.1486961916089058,1.2706413467725117,21.011730900001567
gnn_rep__N8__line__seed6,gnn_qmix,coord_grid,6,244,6125,5.0,25,0.9515183333333334,0.1582314989396504,0.9188152296202523,21.122300999999425
gnn_rep__N8__line__seed6,gnn_qmix,coord_grid,6,245,6150,9.0,25,0.9513204166666667,0.17328289151191711,1.009133865435918,21.204741199999262
gnn_rep__N8__line__seed6,gnn_qmix,coord_grid,6,246,6175,6.0,25,0.9511225,0.17330019921064377,0.9998473723729452,21.260732999999163
gnn_rep__N8__line__seed6,gnn_qmix,coord_grid,6,247,6200,8.0,25,0.9509245833333333,0.19391685972611108,0.8956072231133779,21.34286350000184
gnn_rep__N8__line__seed6,gnn_qmix,coord_grid,6,248,6225,9.0,25,0.9507266666666667,0.2241099700331688,1.1341792941093445,21.448912399999244
gnn_rep__N8__line__seed6,gnn_qmix,coord_grid,6,249,6250,6.0,25,0.95052875,0.17837615683674812,0.9411872625350952,21.546066099999734
gnn_rep__N8__line__seed6,gnn_qmix,coord_grid,6,250,6275,6.0,25,0.9503308333333333,0.16735925525426865,0.8470118443171183,21.628868600000715
gnn_rep__N8__line__seed6,gnn_qmix,coord_grid,6,251,6300,2.0,25,0.9501329166666667,0.15114979445934296,1.000414748986562,21.695040999999037
gnn_rep__N8__line__seed6,gnn_qmix,coord_grid,6,252,6325,6.0,25,0.949935,0.188383515392031,1.15814574275698,21.78947479999988
gnn_rep__N8__line__seed6,gnn_qmix,coord_grid,6,253,6350,3.0,25,0.9497370833333333,0.15489823122819266,1.3712478180726368,21.91541320000033
gnn_rep__N8__line__seed6,gnn_qmix,coord_grid,6,254,6375,6.0,25,0.9495391666666667,0.17413881669441858,0.9303604563077291,22.020164900000964
gnn_rep__N8__line__seed6,gnn_qmix,coord_grid,6,255,6400,2.0,25,0.94934125,0.18354234844446182,1.0546487470467885,22.104931199999555
gnn_rep__N8__line__seed6,gnn_qmix,coord_grid,6,256,6425,9.0,25,0.9491433333333333,0.20272332429885864,1.0210557409695216,22.181099299999914
gnn_rep__N8__line__seed6,gnn_qmix,coord_grid,6,257,6450,3.0,25,0.9489454166666667,0.18522044519583383,0.9442539115746816,22.253402000002097
gnn_rep__N8__line__seed6,gnn_qmix,coord_grid,6,258,6475,3.0,25,0.9487475,0.15804916247725487,0.9772929052511851,22.326893100002053
gnn_rep__N8__line__seed6,gnn_qmix,coord_grid,6,259,6500,8.0,25,0.9485495833333333,0.1745708224674066,1.297090192635854,22.395434000001842
gnn_rep__N8__line__seed6,gnn_qmix,coord_grid,6,260,6525,15.0,25,0.9483516666666667,0.15261989406176976,1.1450377021517073,22.47327360000054
gnn_rep__N8__line__seed6,gnn_qmix,coord_grid,6,261,6550,8.0,25,0.94815375,0.18770712117354074,1.3124823868274689,22.594943799998873
gnn_rep__N8__line__seed6,gnn_qmix,coord_grid,6,262,6575,8.0,25,0.9479558333333333,0.18359459936618805,1.4885185758272808,22.68650340000022
gnn_rep__N8__line__seed6,gnn_qmix,coord_grid,6,263,6600,6.0,25,0.9477579166666666,0.16955175871650377,1.5082692503929138,22.769363800001884
gnn_rep__N8__line__seed6,gnn_qmix,coord_grid,6,264,6625,5.0,25,0.94756,0.25456516231809345,2.702003972870963,22.86464089999936
gnn_rep__N8__line__seed6,gnn_qmix,coord_grid,6,265,6650,9.0,25,0.9473620833333334,0.21104642748832703,2.3665257692337036,22.937605600000097
gnn_rep__N8__line__seed6,gnn_qmix,coord_grid,6,266,6675,10.0,25,0.9471641666666667,0.16467649613817534,1.517019808292389,23.01867200000197
gnn_rep__N8__line__seed6,gnn_qmix,coord_grid,6,267,6700,5.0,25,0.94696625,0.25133415559927624,2.092394153277079,23.119528300001548
gnn_rep__N8__line__seed6,gnn_qmix,coord_grid,6,268,6725,9.0,25,0.9467683333333333,0.17299224329846247,1.6362726177488054,23.217915000001085
gnn_rep__N8__line__seed6,gnn_qmix,coord_grid,6,269,6750,4.0,25,0.9465704166666666,0.17290467768907547,0.9607020219167074,23.319016599998577
gnn_rep__N8__line__seed6,gnn_qmix,coord_grid,6,270,6775,9.0,25,0.9463725000000001,0.2223749334613482,1.3881897628307343,23.410175900000468
gnn_rep__N8__line__seed6,gnn_qmix,coord_grid,6,271,6800,4.0,25,0.9461745833333334,0.17613608638445535,1.7293475270271301,23.490907899999
gnn_rep__N8__line__seed6,gnn_qmix,coord_grid,6,272,6825,3.0,25,0.9459766666666667,0.16841105903897965,1.385503351688385,23.53918270000213
gnn_rep__N8__line__seed6,gnn_qmix,coord_grid,6,273,6850,9.0,25,0.94577875,0.13596153383453688,1.379481017589569,23.620348299999023
gnn_rep__N8__line__seed6,gnn_qmix,coord_grid,6,274,6875,8.0,25,0.9455808333333333,0.12244913168251514,0.8890328804651896,23.703306899999006
gnn_rep__N8__line__seed6,gnn_qmix,coord_grid,6,275,6900,7.0,25,0.9453829166666666,0.21270852287610373,1.4105795820554097,23.78748429999905
gnn_rep__N8__line__seed6,gnn_qmix,coord_grid,6,276,6925,8.0,25,0.945185,0.17183314157383783,1.2395727378981454,23.839328000001842
gnn_rep__N8__line__seed6,gnn_qmix,coord_grid,6,277,6950,6.0,25,0.9449870833333334,0.2094752937555313,1.2705584863821666,23.965908300000592
gnn_rep__N8__line__seed6,gnn_qmix,coord_grid,6,278,6975,2.0,25,0.9447891666666667,0.17596487825115523,0.8716893096764883,24.058704200000648
gnn_rep__N8__line__seed6,gnn_qmix,coord_grid,6,279,7000,7.0,25,0.94459125,0.20358741159240404,1.3064081867535908,24.17519430000175
gnn_rep__N8__line__seed6,gnn_qmix,coord_grid,6,280,7025,6.0,25,0.9443933333333333,0.19421800438846862,1.1028534088815962,24.256405600001017
gnn_rep__N8__line__seed6,gnn_qmix,coord_grid,6,281,7050,2.0,25,0.9441954166666666,0.17051417380571365,1.1633135974407196,24.32485960000122
gnn_rep__N8__line__seed6,gnn_qmix,coord_grid,6,282,7075,7.0,25,0.9439975,0.14991025750835738,1.2496637900670369,24.441114600002038
gnn_rep__N8__line__seed6,gnn_qmix,coord_grid,6,283,7100,5.0,25,0.9437995833333334,0.19612470890084902,1.3149742086728413,24.502752299998974
gnn_rep__N8__line__seed6,gnn_qmix,coord_grid,6,284,7125,10.0,25,0.9436016666666667,0.18306197651794978,1.0918808749743871,24.58137759999954
gnn_rep__N8__line__seed6,gnn_qmix,coord_grid,6,285,7150,10.0,25,0.94340375,0.17118164524435997,1.255012849966685,24.662472299998626
gnn_rep__N8__line__seed6,gnn_qmix,coord_grid,6,286,7175,15.0,25,0.9432058333333333,0.19242760042349497,1.3261275390783946,24.7523168000007
gnn_rep__N8__line__seed6,gnn_qmix,coord_grid,6,287,7200,11.0,25,0.9430079166666667,0.16845186551411948,1.4719734191894531,24.84288530000049
gnn_rep__N8__line__seed6,gnn_qmix,coord_grid,6,288,7225,15.0,25,0.94281,0.21470783650875092,1.267103101525988,24.90696129999924
gnn_rep__N8__line__seed6,gnn_qmix,coord_grid,6,289,7250,13.0,25,0.9426120833333334,0.27976282810171443,1.4655324618021648,24.978302800001984
gnn_rep__N8__line__seed6,gnn_qmix,coord_grid,6,290,7275,6.0,25,0.9424141666666667,0.18612172330419222,1.218487540880839,25.086265099998855
gnn_rep__N8__line__seed6,gnn_qmix,coord_grid,6,291,7300,7.0,25,0.94221625,0.16641340653101602,1.072357714176178,25.152758500000346
gnn_rep__N8__line__seed6,gnn_qmix,coord_grid,6,292,7325,8.0,25,0.9420183333333333,0.22412769070693425,1.3034279261316573,25.24119900000005
gnn_rep__N8__line__seed6,gnn_qmix,coord_grid,6,293,7350,3.0,25,0.9418204166666667,0.13616117338339487,1.2454843521118164,25.335569800001394
gnn_rep__N8__line__seed6,gnn_qmix,coord_grid,6,294,7375,9.0,25,0.9416225,0.16660878186424574,1.351605663696925,25.436276200001885
gnn_rep__N8__line__seed6,gnn_qmix,coord_grid,6,295,7400,6.0,25,0.9414245833333333,0.17595615983009338,0.9960275590419769,25.535952700000053
gnn_rep__N8__line__seed6,gnn_qmix,coord_grid,6,296,7425,4.0,25,0.9412266666666667,0.2679850139788219,1.9287241186414446,25.605835000002116
gnn_rep__N8__line__seed6,gnn_qmix,coord_grid,6,297,7450,10.0,25,0.94102875,0.20886805032690367,2.3988028168678284,25.68576799999937
gnn_rep__N8__line__seed6,gnn_qmix,coord_grid,6,298,7475,4.0,25,0.9408308333333333,0.26927517851193744,2.0424118439356485,25.794610799999646
gnn_rep__N8__line__seed6,gnn_qmix,coord_grid,6,299,7500,8.0,25,0.9406329166666667,0.17544581989447275,1.7385904093583424,25.999661199999537
gnn_rep__N8__line__seed6,gnn_qmix,coord_grid,6,300,7525,11.0,25,0.940435,0.18716555195195334,1.1641940985407149,26.116247199999634
gnn_rep__N8__line__seed6,gnn_qmix,coord_grid,6,301,7550,9.0,25,0.9402370833333333,0.20884559055169424,1.1612266997496288,26.185364600001776
gnn_rep__N8__line__seed6,gnn_qmix,coord_grid,6,302,7575,6.0,25,0.9400391666666666,0.23016148060560226,1.632848213116328,26.278726799999276
gnn_rep__N8__line__seed6,gnn_qmix,coord_grid,6,303,7600,2.0,25,0.93984125,0.23164536307255426,1.12489120165507,26.3196566000006
gnn_rep__N8__line__seed6,gnn_qmix,coord_grid,6,304,7625,15.0,25,0.9396433333333334,0.19431228509971074,1.1799816404070174,26.466192200001387
gnn_rep__N8__line__seed6,gnn_qmix,coord_grid,6,305,7650,15.0,25,0.9394454166666667,0.20700970043738684,1.2376056412855785,26.570559600000706
gnn_rep__N8__line__seed6,gnn_qmix,coord_grid,6,306,7675,9.0,25,0.9392475,0.18206637352705002,1.5229966342449188,26.677703000001202
gnn_rep__N8__line__seed6,gnn_qmix,coord_grid,6,307,7700,12.0,25,0.9390495833333333,0.21506365140279135,1.3392107685407002,26.728079500000604
gnn_rep__N8__line__seed6,gnn_qmix,coord_grid,6,308,7725,9.0,25,0.9388516666666666,0.20811106796775544,1.5551530037607466,26.839506600001187
gnn_rep__N8__line__seed6,gnn_qmix,coord_grid,6,309,7750,8.0,25,0.9386537500000001,0.22407729923725128,1.6663208703200023,26.90382419999878
gnn_rep__N8__line__seed6,gnn_qmix,coord_grid,6,310,7775,4.0,25,0.9384558333333334,0.22364278386036554,1.093295842409134,26.99468749999869
gnn_rep__N8__line__seed6,gnn_qmix,coord_grid,6,311,7800,1.0,25,0.9382579166666667,0.19590088973442712,1.0572297771771748,27.102287500001694
gnn_rep__N8__line__seed6,gnn_qmix,coord_grid,6,312,7825,18.0,25,0.93806,0.20762238119329726,1.0456097551754542,27.215690100001666
gnn_rep__N8__line__seed6,gnn_qmix,coord_grid,6,313,7850,10.0,25,0.9378620833333333,0.17406518260637918,1.3356326917807262,27.283224599999812
gnn_rep__N8__line__seed6,gnn_qmix,coord_grid,6,314,7875,4.0,25,0.9376641666666666,0.19298559923966727,1.8657611012458801,27.37083630000052
gnn_rep__N8__line__seed6,gnn_qmix,coord_grid,6,315,7900,3.0,25,0.9374662500000001,0.15510176618893942,1.3093341588974,27.46264819999851
gnn_rep__N8__line__seed6,gnn_qmix,coord_grid,6,316,7925,7.0,25,0.9372683333333334,0.1951621643134526,1.6126286472593034,27.533113299999968
gnn_rep__N8__line__seed6,gnn_qmix,coord_grid,6,317,7950,5.0,25,0.9370704166666667,0.22126506517330805,1.758928616841634,27.628428399999393
gnn_rep__N8__line__seed6,gnn_qmix,coord_grid,6,318,7975,3.0,25,0.9368725,0.248115174472332,1.4347250362237294,27.713283299999603
gnn_rep__N8__line__seed6,gnn_qmix,coord_grid,6,319,8000,8.0,25,0.9366745833333333,0.2221570983529091,1.4268276194731395,27.784681100001762
gnn_rep__N8__line__seed6,gnn_qmix,coord_grid,6,320,8025,8.0,25,0.9364766666666666,0.191867824111666,1.2052272302763802,27.84723010000016
gnn_rep__N8__line__seed6,gnn_qmix,coord_grid,6,321,8050,6.0,25,0.93627875,0.21507604171832403,1.5360636313756306,27.945992199998727
gnn_rep__N8__line__seed6,gnn_qmix,coord_grid,6,322,8075,8.0,25,0.9360808333333334,0.19992680847644806,1.9390978813171387,28.006999900000665
gnn_rep__N8__line__seed6,gnn_qmix,coord_grid,6,323,8100,12.0,25,0.9358829166666667,0.23446619510650635,1.8893306652704875,28.102140099999815
gnn_rep__N8__line__seed6,gnn_qmix,coord_grid,6,324,8125,6.0,25,0.935685,0.17868159072739737,1.31094628572464,28.221625700000004
gnn_rep__N8__line__seed6,gnn_qmix,coord_grid,6,325,8150,7.0,25,0.9354870833333333,0.19235583146413168,1.4575631022453308,28.32978500000172
gnn_rep__N8__line__seed6,gnn_qmix,coord_grid,6,326,8175,8.0,25,0.9352891666666666,0.22023891160885492,1.1901760498682659,28.400603400001273
gnn_rep__N8__line__seed6,gnn_qmix,coord_grid,6,327,8200,8.0,25,0.93509125,0.19275455425182977,1.7363313436508179,28.479988999999478
gnn_rep__N8__line__seed6,gnn_qmix,coord_grid,6,328,8225,6.0,25,0.9348933333333334,0.2926772896732603,3.3468843017305647,28.59759860000122
gnn_rep__N8__line__seed6,gnn_qmix,coord_grid,6,329,8250,7.0,25,0.9346954166666667,0.2516517887512843,3.449977993965149,28.683606300000974
gnn_rep__N8__line__seed6,gnn_qmix,coord_grid,6,330,8275,5.0,25,0.9344975,0.18686547378698984,1.791353464126587,28.77987420000136
gnn_rep__N8__line__seed6,gnn_qmix,coord_grid,6,331,8300,10.0,25,0.9342995833333333,0.28702324628829956,2.867045243581136,28.851599000001443
gnn_rep__N8__line__seed6,gnn_qmix,coord_grid,6,332,8325,3.0,25,0.9341016666666667,0.22420982590743474,2.436877191066742,28.895887099999527
gnn_rep__N8__line__seed6,gnn_qmix,coord_grid,6,333,8350,11.0,25,0.93390375,0.20246904840071997,1.6252110203107197,29.023376799999824
gnn_rep__N8__line__seed6,gnn_qmix,coord_grid,6,334,8375,7.0,25,0.9337058333333333,0.147594653069973,1.3389437695344288,29.092444599999
gnn_rep__N8__line__seed6,gnn_qmix,coord_grid,6,335,8400,9.0,25,0.9335079166666667,0.2038181871175766,1.4225541949272156,29.218445300000894
gnn_rep__N8__line__seed6,gnn_qmix,coord_grid,6,336,8425,10.0,25,0.93331,0.22925417018788202,1.6901651620864868,29.302498100001685
gnn_rep__N8__line__seed6,gnn_qmix,coord_grid,6,337,8450,3.0,25,0.9331120833333333,0.20410655563076338,1.435056895017624,29.42398669999966
gnn_rep__N8__line__seed6,gnn_qmix,coord_grid,6,338,8475,9.0,25,0.9329141666666667,0.25661594917376834,1.6696834166844685,29.534974900001544
gnn_rep__N8__line__seed6,gnn_qmix,coord_grid,6,339,8500,9.0,25,0.93271625,0.23144971579313278,1.3828892707824707,29.619271600000502
gnn_rep__N8__line__seed6,gnn_qmix,coord_grid,6,340,8525,11.0,25,0.9325183333333333,0.14295779487916402,1.1026561856269836,29.699586999999156
gnn_rep__N8__line__seed6,gnn_qmix,coord_grid,6,341,8550,10.0,25,0.9323204166666667,0.20834208404024443,1.0126629670461018,29.761816800000815
gnn_rep__N8__line__seed6,gnn_qmix,coord_grid,6,342,8575,11.0,25,0.9321225,0.16843602682153383,1.2149011194705963,29.847530399998504
gnn_rep__N8__line__seed6,gnn_qmix,coord_grid,6,343,8600,14.0,25,0.9319245833333334,0.2147515807300806,1.4054602632919948,29.985918700000184
gnn_rep__N8__line__seed6,gnn_qmix,coord_grid,6,344,8625,6.0,25,0.9317266666666667,0.2789566559450967,1.7092183658054896,30.101264900000388
gnn_rep__N8__line__seed6,gnn_qmix,coord_grid,6,345,8650,9.0,25,0.93152875,0.23972098032633463,1.3885634342829387,30.187570900001447
gnn_rep__N8__line__seed6,gnn_qmix,coord_grid,6,346,8675,6.0,25,0.9313308333333333,0.25915980339050293,1.359607497851054,30.313876700001856
gnn_rep__N8__line__seed6,gnn_qmix,coord_grid,6,347,8700,14.0,25,0.9311329166666666,0.19386699547370276,1.6435956756273906,30.39448429999902
gnn_rep__N8__line__seed6,gnn_qmix,coord_grid,6,348,8725,9.0,25,0.930935,0.16635848794664657,1.028692671230861,30.488271999998688
gnn_rep__N8__line__seed6,gnn_qmix,coord_grid,6,349,8750,8.0,25,0.9307370833333333,0.27267642815907794,1.3251210550467174,30.560447399999248
gnn_rep__N8__line__seed6,gnn_qmix,coord_grid,6,350,8775,14.0,25,0.9305391666666667,0.19728360076745352,1.49912025531133,30.643327300000237
gnn_rep__N8__line__seed6,gnn_qmix,coord_grid,6,351,8800,12.0,25,0.93034125,0.20891976232330003,1.7286708354949951,30.71324540000205
gnn_rep__N8__line__seed6,gnn_qmix,coord_grid,6,352,8825,9.0,25,0.9301433333333333,0.23604851748262132,2.249373895781381,30.803719899999123
gnn_rep__N8__line__seed6,gnn_qmix,coord_grid,6,353,8850,7.0,25,0.9299454166666666,0.21493236968914667,1.660821835199992,30.893737900001724
gnn_rep__N8__line__seed6,gnn_qmix,coord_grid,6,354,8875,8.0,25,0.9297475,0.20494394252697626,2.0973752538363137,31.004268000000593
gnn_rep__N8__line__seed6,gnn_qmix,coord_grid,6,355,8900,7.0,25,0.9295495833333334,0.20574374000231424,1.4469236731529236,31.06866870000158
gnn_rep__N8__line__seed6,gnn_qmix,coord_grid,6,356,8925,7.0,25,0.9293516666666667,0.23425348635230744,1.4217310632978166,31.196624600001087
gnn_rep__N8__line__seed6,gnn_qmix,coord_grid,6,357,8950,7.0,25,0.92915375,0.19307243078947067,1.5126293500264485,31.25449899999876
gnn_rep__N8__line__seed6,gnn_qmix,coord_grid,6,358,8975,10.0,25,0.9289558333333333,0.21854360401630402,1.3005778690179188,31.33939559999999
gnn_rep__N8__line__seed6,gnn_qmix,coord_grid,6,359,9000,9.0,25,0.9287579166666666,0.274075523018837,1.6394964059193928,31.432111500002065
gnn_rep__N8__line__seed6,gnn_qmix,coord_grid,6,360,9025,3.0,25,0.92856,0.2951828730957849,2.6688050542558943,31.52004940000188
gnn_rep__N8__line__seed6,gnn_qmix,coord_grid,6,361,9050,5.0,25,0.9283620833333334,0.2733343665798505,2.903967877229055,31.63995689999865
gnn_rep__N8__line__seed6,gnn_qmix,coord_grid,6,362,9075,10.0,25,0.9281641666666667,0.1933038371304671,1.4822735289732616,31.69164180000007
gnn_rep__N8__line__seed6,gnn_qmix,coord_grid,6,363,9100,8.0,25,0.92796625,0.2465633824467659,1.7078181505203247,31.765673199999583
gnn_rep__N8__line__seed6,gnn_qmix,coord_grid,6,364,9125,1.0,25,0.9277683333333333,0.2853983151061194,1.7971912622451782,31.85594630000196
gnn_rep__N8__line__seed6,gnn_qmix,coord_grid,6,365,9150,6.0,25,0.9275704166666667,0.27577624718348187,1.8426034450531006,31.961555300000327
gnn_rep__N8__line__seed6,gnn_qmix,coord_grid,6,366,9175,10.0,25,0.9273725,0.26044514526923496,1.5000661114851634,32.03551570000127
gnn_rep__N8__line__seed6,gnn_qmix,coord_grid,6,367,9200,3.0,25,0.9271745833333334,0.2502273830274741,1.8252555231253307,32.10956309999892
gnn_rep__N8__line__seed6,gnn_qmix,coord_grid,6,368,9225,4.0,25,0.9269766666666667,0.2908946531159537,2.0804120813097273,32.208110899999156
gnn_rep__N8__line__seed6,gnn_qmix,coord_grid,6,369,9250,11.0,25,0.92677875,0.24162734299898148,1.6152926683425903,32.326693899998645
gnn_rep__N8__line__seed6,gnn_qmix,coord_grid,6,370,9275,7.0,25,0.9265808333333333,0.2546583240230878,1.7867509524027507,32.41876520000005
gnn_rep__N8__line__seed6,gnn_qmix,coord_grid,6,371,9300,9.0,25,0.9263829166666666,0.21210950364669165,1.8095101714134216,32.54549190000034
gnn_rep__N8__line__seed6,gnn_qmix,coord_grid,6,372,9325,4.0,25,0.926185,0.270703130534717,1.8404568944658553,32.61504269999932
gnn_rep__N8__line__seed6,gnn_qmix,coord_grid,6,373,9350,18.0,25,0.9259870833333333,0.22532188644011816,1.6884111166000366,32.74746760000198
gnn_rep__N8__line__seed6,gnn_qmix,coord_grid,6,374,9375,3.0,25,0.9257891666666667,0.280507393181324,1.9101626574993134,32.828394899999694
gnn_rep__N8__line__seed6,gnn_qmix,coord_grid,6,375,9400,7.0,25,0.92559125,0.28748463342587155,1.1246269047260284,32.89495149999857
gnn_rep__N8__line__seed6,gnn_qmix,coord_grid,6,376,9425,5.0,25,0.9253933333333333,0.2730876867260252,1.4565316183226449,33.03495639999892
gnn_rep__N8__line__seed6,gnn_qmix,coord_grid,6,377,9450,5.0,25,0.9251954166666667,0.24028724431991577,1.358228047688802,33.15256020000015
gnn_rep__N8__line__seed6,gnn_qmix,coord_grid,6,378,9475,4.0,25,0.9249975,0.20827914898594221,1.9091805617014568,33.24916099999973
gnn_rep__N8__line__seed6,gnn_qmix,coord_grid,6,379,9500,11.0,25,0.9247995833333333,0.2821979746222496,2.4898979465166726,33.34760019999885
gnn_rep__N8__line__seed6,gnn_qmix,coord_grid,6,380,9525,9.0,25,0.9246016666666667,0.29743093039308277,1.7272301401410783,33.42933070000072
gnn_rep__N8__line__seed6,gnn_qmix,coord_grid,6,381,9550,7.0,25,0.92440375,0.15157993510365486,1.1264400978883107,33.496767000000546
gnn_rep__N8__line__seed6,gnn_qmix,coord_grid,6,382,9575,12.0,25,0.9242058333333334,0.18416670709848404,1.3821377356847127,33.568847200000164
gnn_rep__N8__line__seed6,gnn_qmix,coord_grid,6,383,9600,12.0,25,0.9240079166666667,0.2627534071604411,1.2872235675652821,33.66809270000158
gnn_rep__N8__line__seed6,gnn_qmix,coord_grid,6,384,9625,5.0,25,0.92381,0.24600020689623697,1.8311378955841064,33.75683869999921
gnn_rep__N8__line__seed6,gnn_qmix,coord_grid,6,385,9650,11.0,25,0.9236120833333333,0.32681390394767124,1.4412224094072978,33.82638600000064
gnn_rep__N8__line__seed6,gnn_qmix,coord_grid,6,386,9675,14.0,25,0.9234141666666666,0.2466407666603724,1.6036796669165294,33.90978950000135
gnn_rep__N8__line__seed6,gnn_qmix,coord_grid,6,387,9700,8.0,25,0.9232162500000001,0.294694518049558,1.4105279346307118,34.06495129999894
gnn_rep__N8__line__seed6,gnn_qmix,coord_grid,6,388,9725,9.0,25,0.9230183333333334,0.26136874726840426,1.7232917206627982,34.14620080000168
gnn_rep__N8__line__seed6,gnn_qmix,coord_grid,6,389,9750,5.0,25,0.9228204166666667,0.2420519764224688,1.5048474669456482,34.2279309000005
gnn_rep__N8__line__seed6,gnn_qmix,coord_grid,6,390,9775,7.0,25,0.9226225,0.2404712401330471,1.962094654639562,34.32707250000021
gnn_rep__N8__line__seed6,gnn_qmix,coord_grid,6,391,9800,13.0,25,0.9224245833333333,0.24724776297807693,1.6343531707922618,34.41815470000074
gnn_rep__N8__line__seed6,gnn_qmix,coord_grid,6,392,9825,6.0,25,0.9222266666666666,0.30863061973026823,3.611467821257455,34.49645099999907
gnn_rep__N8__line__seed6,gnn_qmix,coord_grid,6,393,9850,9.0,25,0.92202875,0.2374614030122757,4.023614784081777,34.57780569999886
gnn_rep__N8__line__seed6,gnn_qmix,coord_grid,6,394,9875,5.0,25,0.9218308333333334,0.32509712129831314,1.831520289182663,34.67922399999952
gnn_rep__N8__line__seed6,gnn_qmix,coord_grid,6,395,9900,11.0,25,0.9216329166666667,0.24245482931534448,1.8420480092366536,34.766057900000305
gnn_rep__N8__line__seed6,gnn_qmix,coord_grid,6,396,9925,11.0,25,0.921435,0.28411958047321867,2.31399929523468,34.82194629999867
gnn_rep__N8__line__seed6,gnn_qmix,coord_grid,6,397,9950,15.0,25,0.9212370833333333,0.14630239829421043,1.965020666519801,34.93360400000165
gnn_rep__N8__line__seed6,gnn_qmix,coord_grid,6,398,9975,13.0,25,0.9210391666666666,0.3203456203142802,3.295997937520345,35.02482819999932
gnn_rep__N8__line__seed6,gnn_qmix,coord_grid,6,399,10000,7.0,25,0.9208412500000001,0.2904905751347542,2.582710047562917,35.161387600001035
gnn_rep__N8__line__seed6,gnn_qmix,coord_grid,6,400,10025,10.0,25,0.9206433333333334,0.22055081810270036,2.4252966982977733,35.23942280000119
gnn_rep__N8__line__seed6,gnn_qmix,coord_grid,6,401,10050,13.0,25,0.9204454166666667,0.23461020613710085,1.5502753059069316,35.362134300001344
gnn_rep__N8__line__seed6,gnn_qmix,coord_grid,6,402,10075,5.0,25,0.9202475,0.2704850323498249,1.7729878425598145,35.43836129999909
gnn_rep__N8__line__seed6,gnn_qmix,coord_grid,6,403,10100,9.0,25,0.9200495833333333,0.2629009361068408,1.6786549886067708,35.5365406000019
gnn_rep__N8__line__seed6,gnn_qmix,coord_grid,6,404,10125,7.0,25,0.9198516666666666,0.23909975588321686,1.407844364643097,35.6376468999988
gnn_rep__N8__line__seed6,gnn_qmix,coord_grid,6,405,10150,15.0,25,0.91965375,0.25171327342589694,1.5966084102789562,35.7088599000017
gnn_rep__N8__line__seed6,gnn_qmix,coord_grid,6,406,10175,6.0,25,0.9194558333333334,0.2776831438144048,1.3781376679738362,35.801064100000076
gnn_rep__N8__line__seed6,gnn_qmix,coord_grid,6,407,10200,12.0,25,0.9192579166666667,0.2733541900912921,1.6166653831799824,35.85446589999992
gnn_rep__N8__line__seed6,gnn_qmix,coord_grid,6,408,10225,3.0,25,0.91906,0.3091241249016353,1.367270861353193,35.947119000000384
gnn_rep__N8__line__seed6,gnn_qmix,coord_grid,6,409,10250,9.0,25,0.9188620833333333,0.2714337334036827,1.5396969119707744,36.06138709999868
gnn_rep__N8__line__seed6,gnn_qmix,coord_grid,6,410,10275,15.0,25,0.9186641666666666,0.2587455635269483,2.441171129544576,36.14859100000103
gnn_rep__N8__line__seed6,gnn_qmix,coord_grid,6,411,10300,8.0,25,0.91846625,0.3086705257495244,1.8300746083259583,36.22817180000129
gnn_rep__N8__line__seed6,gnn_qmix,coord_grid,6,412,10325,4.0,25,0.9182683333333334,0.2576990617173059,1.385483239378248,36.31425659999877
gnn_rep__N8__line__seed6,gnn_qmix,coord_grid,6,413,10350,7.0,25,0.9180704166666667,0.24186610927184424,1.5697779754797618,36.38645769999857
gnn_rep__N8__line__seed6,gnn_qmix,coord_grid,6,414,10375,5.0,25,0.9178725,0.20237614959478378,1.4003608723481495,36.49462990000029
gnn_rep__N8__line__seed6,gnn_qmix,coord_grid,6,415,10400,14.0,25,0.9176745833333333,0.2812102014819781,2.351350724697113,36.57681020000018
gnn_rep__N8__line__seed6,gnn_qmix,coord_grid,6,416,10425,4.0,25,0.9174766666666667,0.2783624231815338,1.7275452273232597,36.67012479999903
gnn_rep__N8__line__seed6,gnn_qmix,coord_grid,6,417,10450,8.0,25,0.91727875,0.2679206108053525,1.6245336433251698,36.76448739999978
gnn_rep__N8__line__seed6,gnn_qmix,coord_grid,6,418,10475,9.0,25,0.9170808333333333,0.2154922659198443,1.0667584141095479,36.857301899999584
gnn_rep__N8__line__seed6,gnn_qmix,coord_grid,6,419,10500,2.0,25,0.9168829166666667,0.2314587930838267,1.5417770246664684,36.96292380000159
gnn_rep__N8__line__seed6,gnn_qmix,coord_grid,6,420,10525,7.0,25,0.916685,0.2507570620094027,1.5157061985560827,37.05466900000101
gnn_rep__N8__line__seed6,gnn_qmix,coord_grid,6,421,10550,5.0,25,0.9164870833333333,0.18480071549614271,1.9355470538139343,37.17263610000009
gnn_rep__N8__line__seed6,gnn_qmix,coord_grid,6,422,10575,1.0,25,0.9162891666666667,0.20097476243972778,1.6655554076035817,37.272021299999324
gnn_rep__N8__line__seed6,gnn_qmix,coord_grid,6,423,10600,9.0,25,0.91609125,0.22742001339793205,1.8680224219957988,37.3357376999993
gnn_rep__N8__line__seed6,gnn_qmix,coord_grid,6,424,10625,6.0,25,0.9158933333333333,0.30068163360868183,2.533240727015904,37.406586199998856
gnn_rep__N8__line__seed6,gnn_qmix,coord_grid,6,425,10650,5.0,25,0.9156954166666667,0.30059513946374256,2.9529212514559426,37.47825269999885
gnn_rep__N8__line__seed6,gnn_qmix,coord_grid,6,426,10675,2.0,25,0.9154975,0.314343956609567,2.1928088665008545,37.56129770000189
gnn_rep__N8__line__seed6,gnn_qmix,coord_grid,6,427,10700,6.0,25,0.9152995833333333,0.2460010051727295,2.083277920881907,37.66129440000077
gnn_rep__N8__line__seed6,gnn_qmix,coord_grid,6,428,10725,12.0,25,0.9151016666666667,0.2726304850408009,2.0486079113824025,37.782223400001385
gnn_rep__N8__line__seed6,gnn_qmix,coord_grid,6,429,10750,6.0,25,0.91490375,0.28612692033251125,1.762744168440501,37.89372920000096
gnn_rep__N8__line__seed6,gnn_qmix,coord_grid,6,430,10775,6.0,25,0.9147058333333333,0.23954371362924576,1.19709308942159,38.029615499999636
gnn_rep__N8__line__seed6,gnn_qmix,coord_grid,6,431,10800,5.0,25,0.9145079166666666,0.40262140333652496,1.6456690629323323,38.149511300001905
gnn_rep__N8__line__seed6,gnn_qmix,coord_grid,6,432,10825,5.0,25,0.91431,0.233306246144431,1.6331274594579424,38.26450710000063
gnn_rep__N8__line__seed6,gnn_qmix,coord_grid,6,433,10850,14.0,25,0.9141120833333334,0.26562414318323135,2.29294886191686,38.38424320000195
gnn_rep__N8__line__seed6,gnn_qmix,coord_grid,6,434,10875,10.0,25,0.9139141666666667,0.3743155101935069,1.5958383878072102,38.48807880000095
gnn_rep__N8__line__seed6,gnn_qmix,coord_grid,6,435,10900,5.0,25,0.91371625,0.2521177517871062,1.7299905021985371,38.55648700000165
gnn_rep__N8__line__seed6,gnn_qmix,coord_grid,6,436,10925,3.0,25,0.9135183333333333,0.3398975857666561,1.9585560730525426,38.62167450000197
gnn_rep__N8__line__seed6,gnn_qmix,coord_grid,6,437,10950,9.0,25,0.9133204166666666,0.2774043877919515,2.018163541952769,38.733397799998784
gnn_rep__N8__line__seed6,gnn_qmix,coord_grid,6,438,10975,10.0,25,0.9131225000000001,0.19843474278847376,1.735748529434204,38.847359100000176
gnn_rep__N8__line__seed6,gnn_qmix,coord_grid,6,439,11000,7.0,25,0.9129245833333334,0.22694148868322372,1.482192228237788,38.93529380000109
gnn_rep__N8__line__seed6,gnn_qmix,coord_grid,6,440,11025,7.0,25,0.9127266666666667,0.3194532884018762,2.2804330927985057,39.10103180000078
gnn_rep__N8__line__seed6,gnn_qmix,coord_grid,6,441,11050,14.0,25,0.91252875,0.37586163977781933,1.709556221961975,39.20399520000137
gnn_rep__N8__line__seed6,gnn_qmix,coord_grid,6,442,11075,9.0,25,0.9123308333333333,0.23985818525155386,1.4873819450537364,39.319318400001066
gnn_rep__N8__line__seed6,gnn_qmix,coord_grid,6,443,11100,11.0,25,0.9121329166666666,0.2643100172281265,1.260137399037679,39.37287110000034
gnn_rep__N8__line__seed6,gnn_qmix,coord_grid,6,444,11125,11.0,25,0.9119349999999999,0.30984405321734293,1.4546920827456884,39.45363870000074
gnn_rep__N8__line__seed6,gnn_qmix,coord_grid,6,445,11150,6.0,25,0.9117370833333334,0.39412156244119007,1.295553872982661,39.54672349999964
gnn_rep__N8__line__seed6,gnn_qmix,coord_grid,6,446,11175,11.0,25,0.9115391666666667,0.2726732740799586,1.9419143001238506,39.661508199998934
gnn_rep__N8__line__seed6,gnn_qmix,coord_grid,6,447,11200,4.0,25,0.91134125,0.2695184350013733,2.2870691418647766,39.72556329999861
gnn_rep__N8__line__seed6,gnn_qmix,coord_grid,6,448,11225,7.0,25,0.9111433333333333,0.22082277813128062,1.542998160634722,39.811082799998985
gnn_rep__N8__line__seed6,gnn_qmix,coord_grid,6,449,11250,12.0,25,0.9109454166666666,0.3170367230971654,1.7716565132141113,39.90915959999984
gnn_rep__N8__line__seed6,gnn_qmix,coord_grid,6,450,11275,6.0,25,0.9107475,0.2872506032387416,1.4527154366175334,40.00949400000172
gnn_rep__N8__line__seed6,gnn_qmix,coord_grid,6,451,11300,9.0,25,0.9105495833333334,0.2286642516652743,1.7088646193345387,40.09508949999872
gnn_rep__N8__line__seed6,gnn_qmix,coord_grid,6,452,11325,9.0,25,0.9103516666666667,0.24646848014422826,1.9290870768683297,40.16849210000146
gnn_rep__N8__line__seed6,gnn_qmix,coord_grid,6,453,11350,10.0,25,0.91015375,0.28702932472030324,2.0961584051450095,40.277776700000686
gnn_rep__N8__line__seed6,gnn_qmix,coord_grid,6,454,11375,11.0,25,0.9099558333333333,0.25127649555603665,1.978128989537557,40.3503535000018
gnn_rep__N8__line__seed6,gnn_qmix,coord_grid,6,455,11400,4.0,25,0.9097579166666667,0.26593481997648877,2.065933346748352,40.45265440000003
gnn_rep__N8__line__seed6,gnn_qmix,coord_grid,6,456,11425,9.0,25,0.90956,0.3548884413072041,3.60627852167402,40.56361730000208
gnn_rep__N8__line__seed6,gnn_qmix,coord_grid,6,457,11450,6.0,25,0.9093620833333333,0.2616867274045944,3.872313459714254,40.635347499999625
gnn_rep__N8__line__seed6,gnn_qmix,coord_grid,6,458,11475,12.0,25,0.9091641666666667,0.2940509095788002,2.0586831172307334,40.75141330000042
gnn_rep__N8__line__seed6,gnn_qmix,coord_grid,6,459,11500,11.0,25,0.90896625,0.2200851614276568,2.419761598110199,40.819625299998734
gnn_rep__N8__line__seed6,gnn_qmix,coord_grid,6,460,11525,5.0,25,0.9087683333333334,0.27924656335796627,2.658468638147627,40.96579230000134
gnn_rep__N8__line__seed6,gnn_qmix,coord_grid,6,461,11550,9.0,25,0.9085704166666667,0.32519619166851044,1.9844215909639995,41.017520699999295
gnn_rep__N8__line__seed6,gnn_qmix,coord_grid,6,462,11575,9.0,25,0.9083725,0.4043947905302048,1.6415039698282878,41.08437849999973
gnn_rep__N8__line__seed6,gnn_qmix,coord_grid,6,463,11600,12.0,25,0.9081745833333333,0.28813478723168373,1.5378890832265217,41.15308500000174
gnn_rep__N8__line__seed6,gnn_qmix,coord_grid,6,464,11625,2.0,25,0.9079766666666667,0.3317318324531828,1.6294768367494856,41.22016380000059
gnn_rep__N8__line__seed6,gnn_qmix,coord_grid,6,465,11650,5.0,25,0.90777875,0.31795496493577957,1.4893184105555217,41.310236299999815
gnn_rep__N8__line__seed6,gnn_qmix,coord_grid,6,466,11675,5.0,25,0.9075808333333333,0.34533780813217163,1.3108866016070049,41.386896799998794
gnn_rep__N8__line__seed6,gnn_qmix,coord_grid,6,467,11700,9.0,25,0.9073829166666667,0.34143928190072376,1.7529448469479878,41.45925419999912
gnn_rep__N8__line__seed6,gnn_qmix,coord_grid,6,468,11725,11.0,25,0.907185,0.2606279541339193,1.8626347439629691,41.57247020000068
gnn_rep__N8__line__seed6,gnn_qmix,coord_grid,6,469,11750,2.0,25,0.9069870833333333,0.2698160434762637,1.6334407528241475,41.662940599999274
gnn_rep__N8__line__seed6,gnn_qmix,coord_grid,6,470,11775,10.0,25,0.9067891666666666,0.32942917943000793,1.6990435322125752,41.7530196000007
gnn_rep__N8__line__seed6,gnn_qmix,coord_grid,6,471,11800,7.0,25,0.90659125,0.2188997616370519,1.8654796481132507,41.83888279999883
gnn_rep__N8__line__seed6,gnn_qmix,coord_grid,6,472,11825,8.0,25,0.9063933333333334,0.3087456864970071,2.2652299063546315,41.92280540000138
gnn_rep__N8__line__seed6,gnn_qmix,coord_grid,6,473,11850,7.0,25,0.9061954166666667,0.3468563084801038,1.7205023368199666,41.984942899998714
gnn_rep__N8__line__seed6,gnn_qmix,coord_grid,6,474,11875,5.0,25,0.9059975,0.2670361176133156,1.972710947195689,42.08892339999875
gnn_rep__N8__line__seed6,gnn_qmix,coord_grid,6,475,11900,4.0,25,0.9057995833333333,0.3368091359734535,3.0941591262817383,42.18038929999966
gnn_rep__N8__line__seed6,gnn_qmix,coord_grid,6,476,11925,11.0,25,0.9056016666666666,0.2995469144412449,2.2029984337942943,42.23749840000164
gnn_rep__N8__line__seed6,gnn_qmix,coord_grid,6,477,11950,6.0,25,0.9054037500000001,0.29671667019526166,1.9650877714157104,42.31925229999979
gnn_rep__N8__line__seed6,gnn_qmix,coord_grid,6,478,11975,9.0,25,0.9052058333333334,0.2606167222062747,1.5410355528195698,42.39376550000088
gnn_rep__N8__line__seed6,gnn_qmix,coord_grid,6,479,12000,10.0,25,0.9050079166666667,0.29617613554000854,1.803610344727834,42.46766650000063
gnn_rep__N8__line__seed6,gnn_qmix,coord_grid,6,480,12025,4.0,25,0.90481,0.35998847016266416,1.938833577292306,42.54209959999935
gnn_rep__N8__line__seed6,gnn_qmix,coord_grid,6,481,12050,8.0,25,0.9046120833333333,0.2553810812532902,1.2609452704588573,42.633127299999614
gnn_rep__N8__line__seed6,gnn_qmix,coord_grid,6,482,12075,14.0,25,0.9044141666666666,0.30114028106133145,2.0840668082237244,42.74240899999859
gnn_rep__N8__line__seed6,gnn_qmix,coord_grid,6,483,12100,10.0,25,0.90421625,0.260480264822642,1.4112696846326191,42.835018099998706
gnn_rep__N8__line__seed6,gnn_qmix,coord_grid,6,484,12125,5.0,25,0.9040183333333334,0.28936943624700817,2.0775775057928905,42.90434490000189
gnn_rep__N8__line__seed6,gnn_qmix,coord_grid,6,485,12150,4.0,25,0.9038204166666667,0.3475838502248128,1.9505137105782826,43.025856700001896
gnn_rep__N8__line__seed6,gnn_qmix,coord_grid,6,486,12175,6.0,25,0.9036225,0.2656048536300659,2.2091702620188394,43.10485680000056
gnn_rep__N8__line__seed6,gnn_qmix,coord_grid,6,487,12200,6.0,25,0.9034245833333333,0.22659012178579965,1.426552524169286,43.22059850000005
gnn_rep__N8__line__seed6,gnn_qmix,coord_grid,6,488,12225,9.0,25,0.9032266666666666,0.37702319238867077,3.6042765038354054,43.284247499999765
gnn_rep__N8__line__seed6,gnn_qmix,coord_grid,6,489,12250,7.0,25,0.90302875,0.4011137932538986,3.228090763092041,43.351723600000696
gnn_rep__N8__line__seed6,gnn_qmix,coord_grid,6,490,12275,6.0,25,0.9028308333333334,0.306870698928833,2.3658188382784524,43.437599100001535
gnn_rep__N8__line__seed6,gnn_qmix,coord_grid,6,491,12300,10.0,25,0.9026329166666667,0.27974874277909595,1.5648090839385986,43.48854669999855
gnn_rep__N8__line__seed6,gnn_qmix,coord_grid,6,492,12325,12.0,25,0.902435,0.36574169993400574,2.348444036075047,43.5702624000005
gnn_rep__N8__line__seed6,gnn_qmix,coord_grid,6,493,12350,9.0,25,0.9022370833333333,0.32949213186899823,1.831213394800822,43.66980500000136
gnn_rep__N8__line__seed6,gnn_qmix,coord_grid,6,494,12375,4.0,25,0.9020391666666667,0.3109212952355544,1.3126409252484639,43.768753399999696
gnn_rep__N8__line__seed6,gnn_qmix,coord_grid,6,495,12400,5.0,25,0.90184125,0.28052673613031703,1.9786820610364277,43.84361210000134
gnn_rep__N8__line__seed6,gnn_qmix,coord_grid,6,496,12425,9.0,25,0.9016433333333334,0.2761049142905644,1.8734689440046037,43.946924100000615
gnn_rep__N8__line__seed6,gnn_qmix,coord_grid,6,497,12450,14.0,25,0.9014454166666667,0.23242821544408798,2.366863409678141,44.0480510999987
gnn_rep__N8__line__seed6,gnn_qmix,coord_grid,6,498,12475,7.0,25,0.9012475,0.3108181916177273,2.105310837427775,44.0933675999986
gnn_rep__N8__line__seed6,gnn_qmix,coord_grid,6,499,12500,7.0,25,0.9010495833333333,0.2827033114929994,1.2793439030647278,44.20485420000114
gnn_rep__N8__line__seed6,gnn_qmix,coord_grid,6,500,12525,6.0,25,0.9008516666666667,0.3546772950461933,1.896855354309082,44.29387349999888
gnn_rep__N8__line__seed6,gnn_qmix,coord_grid,6,501,12550,8.0,25,0.90065375,0.27558523168166477,1.7489210863908131,44.39473310000176
gnn_rep__N8__line__seed6,gnn_qmix,coord_grid,6,502,12575,7.0,25,0.9004558333333333,0.2861374070247014,2.0097530484199524,44.47049039999911
gnn_rep__N8__line__seed6,gnn_qmix,coord_grid,6,503,12600,6.0,25,0.9002579166666667,0.19396061698595682,1.3482549687226613,44.534537499999715
gnn_rep__N8__line__seed6,gnn_qmix,coord_grid,6,504,12625,5.0,25,0.90006,0.32512358256748747,2.1265376125063216,44.62289750000127
gnn_rep__N8__line__seed6,gnn_qmix,coord_grid,6,505,12650,9.0,25,0.8998620833333333,0.39533145477374393,1.811315894126892,44.76203589999932
gnn_rep__N8__line__seed6,gnn_qmix,coord_grid,6,506,12675,11.0,25,0.8996641666666667,0.3336474324266116,1.664930800596873,44.8091396000018
gnn_rep__N8__line__seed6,gnn_qmix,coord_grid,6,507,12700,6.0,25,0.89946625,0.2263662094871203,1.680373082558314,44.9177477000012
gnn_rep__N8__line__seed6,gnn_qmix,coord_grid,6,508,12725,8.0,25,0.8992683333333333,0.31163379337106434,1.9200901474271501,44.996226499999466
gnn_rep__N8__line__seed6,gnn_qmix,coord_grid,6,509,12750,9.0,25,0.8990704166666666,0.23832564304272333,1.484095295270284,45.068927899999835
gnn_rep__N8__line__seed6,gnn_qmix,coord_grid,6,510,12775,11.0,25,0.8988725,0.34474633385737735,2.288445363442103,45.20167819999915
gnn_rep__N8__line__seed6,gnn_qmix,coord_grid,6,511,12800,7.0,25,0.8986745833333334,0.3370395277937253,1.6488740543524425,45.344160399999964
gnn_rep__N8__line__seed6,gnn_qmix,coord_grid,6,512,12825,13.0,25,0.8984766666666667,0.30462697786944254,2.007792115211487,45.46229709999898
gnn_rep__N8__line__seed6,gnn_qmix,coord_grid,6,513,12850,17.0,25,0.89827875,0.37535495062669116,1.8412686189015706,45.54306050000014
gnn_rep__N8__line__seed6,gnn_qmix,coord_grid,6,514,12875,6.0,25,0.8980808333333333,0.421010784804821,1.6856748461723328,45.618848800000706
gnn_rep__N8__line__seed6,gnn_qmix,coord_grid,6,515,12900,7.0,25,0.8978829166666666,0.22754953553279242,2.418909023205439,45.66812000000209
gnn_rep__N8__line__seed6,gnn_qmix,coord_grid,6,516,12925,8.0,25,0.897685,0.2548589365822928,1.865897604397365,45.75365239999883
gnn_rep__N8__line__seed6,gnn_qmix,coord_grid,6,517,12950,6.0,25,0.8974870833333334,0.35748136540253955,1.4308127264181774,45.8883883999988
gnn_rep__N8__line__seed6,gnn_qmix,coord_grid,6,518,12975,2.0,25,0.8972891666666667,0.2750639393925667,1.8700687090555828,46.0115532000018
gnn_rep__N8__line__seed6,gnn_qmix,coord_grid,6,519,13000,5.0,25,0.89709125,0.3535969629883766,2.071428418159485,46.14121030000024
gnn_rep__N8__line__seed6,gnn_qmix,coord_grid,6,520,13025,8.0,25,0.8968933333333333,0.3833608648606709,3.317674994468689,46.238151699999435
gnn_rep__N8__line__seed6,gnn_qmix,coord_grid,6,521,13050,6.0,25,0.8966954166666666,0.27565426627794903,3.340237776438395,46.32904029999918
gnn_rep__N8__line__seed6,gnn_qmix,coord_grid,6,522,13075,6.0,25,0.8964975,0.34431007007757825,2.407524069150289,46.426796300002025
gnn_rep__N8__line__seed6,gnn_qmix,coord_grid,6,523,13100,9.0,25,0.8962995833333334,0.3306947847207387,2.650879422823588,46.52706930000204
gnn_rep__N8__line__seed6,gnn_qmix,coord_grid,6,524,13125,7.0,25,0.8961016666666667,0.2264105486018317,2.162363273756845,46.621267099999386
gnn_rep__N8__line__seed6,gnn_qmix,coord_grid,6,525,13150,9.0,25,0.89590375,0.2396587481101354,1.7301233212153118,46.692875199998525
gnn_rep__N8__line__seed6,gnn_qmix,coord_grid,6,526,13175,7.0,25,0.8957058333333333,0.31643077234427136,2.459814727306366,46.805074500000046
gnn_rep__N8__line__seed6,gnn_qmix,coord_grid,6,527,13200,10.0,25,0.8955079166666666,0.3960082431634267,1.9019309480985005,46.92053300000043
gnn_rep__N8__line__seed6,gnn_qmix,coord_grid,6,528,13225,16.0,25,0.89531,0.264390444116933,1.355529512677874,47.02390060000107
gnn_rep__N8__line__seed6,gnn_qmix,coord_grid,6,529,13250,8.0,25,0.8951120833333334,0.3291382094224294,1.9778645237286885,47.154531600001064
gnn_rep__N8__line__seed6,gnn_qmix,coord_grid,6,530,13275,3.0,25,0.8949141666666667,0.27553968379894894,1.9433085918426514,47.22179529999994
gnn_rep__N8__line__seed6,gnn_qmix,coord_grid,6,531,13300,10.0,25,0.89471625,0.27571115891138714,1.6066007018089294,47.373449400001846
gnn_rep__N8__line__seed6,gnn_qmix,coord_grid,6,532,13325,6.0,25,0.8945183333333333,0.35255435747759684,1.4969762223107475,47.45373549999931
gnn_rep__N8__line__seed6,gnn_qmix,coord_grid,6,533,13350,6.0,25,0.8943204166666667,0.2100230728586515,2.0921707153320312,47.564048600001115
gnn_rep__N8__line__seed6,gnn_qmix,coord_grid,6,534,13375,7.0,25,0.8941225,0.38485002020994824,1.9259941379229228,47.67841210000188
gnn_rep__N8__line__seed6,gnn_qmix,coord_grid,6,535,13400,7.0,25,0.8939245833333334,0.3577721168597539,2.2023378809293113,47.804604500001005
gnn_rep__N8__line__seed6,gnn_qmix,coord_grid,6,536,13425,4.0,25,0.8937266666666667,0.32292198283331736,1.9622205580983842,47.932437800001935
gnn_rep__N8__line__seed6,gnn_qmix,coord_grid,6,537,13450,14.0,25,0.89352875,0.44713006913661957,2.1361263593037925,47.99180229999911
gnn_rep__N8__line__seed6,gnn_qmix,coord_grid,6,538,13475,13.0,25,0.8933308333333333,0.3090674703319867,1.9061997334162395,48.09434030000193
gnn_rep__N8__line__seed6,gnn_qmix,coord_grid,6,539,13500,13.0,25,0.8931329166666666,0.313134786983331,1.6560340921084087,48.18676229999983
gnn_rep__N8__line__seed6,gnn_qmix,coord_grid,6,540,13525,20.0,25,0.892935,0.3143468988793237,1.6389574323381697,48.26219720000154
gnn_rep__N8__line__seed6,gnn_qmix,coord_grid,6,541,13550,7.0,25,0.8927370833333333,0.27361644556125003,1.508579711119334,48.33681910000087
gnn_rep__N8__line__seed6,gnn_qmix,coord_grid,6,542,13575,5.0,25,0.8925391666666667,0.35497668633858365,1.7985289692878723,48.4165181999997
gnn_rep__N8__line__seed6,gnn_qmix,coord_grid,6,543,13600,10.0,25,0.89234125,0.29191360622644424,1.6972551941871643,48.481309099999635
gnn_rep__N8__line__seed6,gnn_qmix,coord_grid,6,544,13625,9.0,25,0.8921433333333333,0.2989061198064259,2.0805922746658325,48.59890720000112
gnn_rep__N8__line__seed6,gnn_qmix,coord_grid,6,545,13650,6.0,25,0.8919454166666667,0.2229054073492686,1.6401368379592896,48.67594409999947
gnn_rep__N8__line__seed6,gnn_qmix,coord_grid,6,546,13675,6.0,25,0.8917475,0.25328297664721805,1.4771349628766377,48.78726739999911
gnn_rep__N8__line__seed6,gnn_qmix,coord_grid,6,547,13700,9.0,25,0.8915495833333333,0.2591713306804498,1.4666870633761089,48.88360150000153
gnn_rep__N8__line__seed6,gnn_qmix,coord_grid,6,548,13725,6.0,25,0.8913516666666667,0.2819683977535793,1.5761829274041312,48.98233329999857
gnn_rep__N8__line__seed6,gnn_qmix,coord_grid,6,549,13750,2.0,25,0.89115375,0.2943882768352826,1.689916968345642,49.07346880000114
gnn_rep__N8__line__seed6,gnn_qmix,coord_grid,6,550,13775,8.0,25,0.8909558333333334,0.31264276554187137,2.198681592941284,49.14678840000124
gnn_rep__N8__line__seed6,gnn_qmix,coord_grid,6,551,13800,7.0,25,0.8907579166666667,0.30898021658261615,2.8125799099604287,49.24087330000111
gnn_rep__N8__line__seed6,gnn_qmix,coord_grid,6,552,13825,9.0,25,0.89056,0.3950026844229017,4.4582498243876865,49.34757199999876
gnn_rep__N8__line__seed6,gnn_qmix,coord_grid,6,553,13850,10.0,25,0.8903620833333333,0.2845682327946027,4.0506645043691,49.417986100001144
gnn_rep__N8__line__seed6,gnn_qmix,coord_grid,6,554,13875,6.0,25,0.8901641666666666,0.347842238843441,2.9912959734598794,49.5200791999996
gnn_rep__N8__line__seed6,gnn_qmix,coord_grid,6,555,13900,9.0,25,0.8899662500000001,0.2539348651965459,2.865251580874125,49.611917499998526
gnn_rep__N8__line__seed6,gnn_qmix,coord_grid,6,556,13925,11.0,25,0.8897683333333334,0.31397878910814014,1.686777549130576,49.69344320000164
gnn_rep__N8__line__seed6,gnn_qmix,coord_grid,6,557,13950,8.0,25,0.8895704166666667,0.45880256593227386,1.986874928077062,49.7694158000013
gnn_rep__N8__line__seed6,gnn_qmix,coord_grid,6,558,13975,8.0,25,0.8893725,0.34422610451777774,2.6512171030044556,49.87615989999904
gnn_rep__N8__line__seed6,gnn_qmix,coord_grid,6,559,14000,11.0,25,0.8891745833333333,0.3028681625922521,2.4039491017659507,49.98245830000087
gnn_rep__N8__line__seed6,gnn_qmix,coord_grid,6,560,14025,10.0,25,0.8889766666666666,0.36766831151076723,2.4359751769474576,50.124169900002016
gnn_rep__N8__line__seed6,gnn_qmix,coord_grid,6,561,14050,9.0,25,0.88877875,0.2501266437272231,2.0599616169929504,50.20424880000064
gnn_rep__N8__line__seed6,gnn_qmix,coord_grid,6,562,14075,14.0,25,0.8885808333333334,0.3993111923336983,1.763798435529073,50.319300099999964
gnn_rep__N8__line__seed6,gnn_qmix,coord_grid,6,563,14100,6.0,25,0.8883829166666667,0.2768372669816017,1.7600334882736206,50.40666720000081
gnn_rep__N8__line__seed6,gnn_qmix,coord_grid,6,564,14125,11.0,25,0.888185,0.34715312506471363,1.806123171533857,50.49215270000059
gnn_rep__N8__line__seed6,gnn_qmix,coord_grid,6,565,14150,9.0,25,0.8879870833333333,0.39726995180050534,1.897945503393809,50.56972560000213
gnn_rep__N8__line__seed6,gnn_qmix,coord_grid,6,566,14175,8.0,25,0.8877891666666666,0.28455372899770737,1.7721988360087078,50.67080580000038
gnn_rep__N8__line__seed6,gnn_qmix,coord_grid,6,567,14200,10.0,25,0.88759125,0.4357328365246455,2.348490128914515,50.73670510000011
gnn_rep__N8__line__seed6,gnn_qmix,coord_grid,6,568,14225,12.0,25,0.8873933333333334,0.26156083813735415,1.5357986348015922,50.82545350000146
gnn_rep__N8__line__seed6,gnn_qmix,coord_grid,6,569,14250,8.0,25,0.8871954166666667,0.4563046197096507,2.5930842657883963,50.91160740000123
gnn_rep__N8__line__seed6,gnn_qmix,coord_grid,6,570,14275,6.0,25,0.8869975,0.28850022330880165,3.6330440839131675,50.987636300000304
gnn_rep__N8__line__seed6,gnn_qmix,coord_grid,6,571,14300,8.0,25,0.8867995833333333,0.5408228933811188,2.974120100339254,51.09524270000111
gnn_rep__N8__line__seed6,gnn_qmix,coord_grid,6,572,14325,8.0,25,0.8866016666666667,0.35367206909826826,2.541227034160069,51.19056769999952
gnn_rep__N8__line__seed6,gnn_qmix,coord_grid,6,573,14350,5.0,25,0.88640375,0.2798034871617953,2.4347378412882485,51.26041379999879
gnn_rep__N8__line__seed6,gnn_qmix,coord_grid,6,574,14375,10.0,25,0.8862058333333334,0.30464354902505875,2.345792849858602,51.38805330000105
gnn_rep__N8__line__seed6,gnn_qmix,coord_grid,6,575,14400,8.0,25,0.8860079166666667,0.3165867452820142,2.2922858397165933,51.469891100001405
gnn_rep__N8__line__seed6,gnn_qmix,coord_grid,6,576,14425,7.0,25,0.88581,0.41157208170209614,2.210351654461452,51.562986199998704
gnn_rep__N8__line__seed6,gnn_qmix,coord_grid,6,577,14450,8.0,25,0.8856120833333333,0.38326025009155273,2.601999521255493,51.64497779999874
gnn_rep__N8__line__seed6,gnn_qmix,coord_grid,6,578,14475,6.0,25,0.8854141666666666,0.32349103689193726,1.8986809849739075,51.751996599999984
gnn_rep__N8__line__seed6,gnn_qmix,coord_grid,6,579,14500,8.0,25,0.88521625,0.3584807887673378,1.8843956589698792,51.85415460000149
gnn_rep__N8__line__seed6,gnn_qmix,coord_grid,6,580,14525,12.0,25,0.8850183333333334,0.2829537253294672,1.875362583569118,51.94079259999853
gnn_rep__N8__line__seed6,gnn_qmix,coord_grid,6,581,14550,4.0,25,0.8848204166666667,0.45741087943315506,2.2842552860577903,52.027772400000686
gnn_rep__N8__line__seed6,gnn_qmix,coord_grid,6,582,14575,4.0,25,0.8846225,0.23497875158985457,1.805835485458374,52.10241320000205
gnn_rep__N8__line__seed6,gnn_qmix,coord_grid,6,583,14600,3.0,25,0.8844245833333333,0.28120479732751846,3.093731721242269,52.17668870000125
gnn_rep__N8__line__seed6,gnn_qmix,coord_grid,6,584,14625,8.0,25,0.8842266666666667,0.4014724578176226,4.432498948914664,52.26333979999981
gnn_rep__N8__line__seed6,gnn_qmix,coord_grid,6,585,14650,9.0,25,0.88402875,0.3897819519042969,3.806568741798401,52.38752319999912
gnn_rep__N8__line__seed6,gnn_qmix,coord_grid,6,586,14675,11.0,25,0.8838308333333333,0.39774901668230694,3.269029895464579,52.469571699999506
gnn_rep__N8__line__seed6,gnn_qmix,coord_grid,6,587,14700,7.0,25,0.8836329166666667,0.3999624898036321,2.87340380748113,52.58243650000077
gnn_rep__N8__line__seed6,gnn_qmix,coord_grid,6,588,14725,5.0,25,0.883435,0.34315278274672373,2.6417236498423984,52.67313600000125
gnn_rep__N8__line__seed6,gnn_qmix,coord_grid,6,589,14750,7.0,25,0.8832370833333334,0.5336062212785085,2.0720300674438477,52.8162298999996
gnn_rep__N8__line__seed6,gnn_qmix,coord_grid,6,590,14775,7.0,25,0.8830391666666667,0.38309983412424725,2.8485228617986045,52.916421900001296
gnn_rep__N8__line__seed6,gnn_qmix,coord_grid,6,591,14800,8.0,25,0.88284125,0.2057411689311266,1.834693928559621,53.062375800000154
gnn_rep__N8__line__seed6,gnn_qmix,coord_grid,6,592,14825,10.0,25,0.8826433333333333,0.36228967777320314,2.2959752764020647,53.16335959999924
gnn_rep__N8__line__seed6,gnn_qmix,coord_grid,6,593,14850,6.0,25,0.8824454166666666,0.33743585521976155,2.712497055530548,53.217792600000394
gnn_rep__N8__line__seed6,gnn_qmix,coord_grid,6,594,14875,6.0,25,0.8822475,0.2944490574300289,2.2430294354756675,53.30245920000016
gnn_rep__N8__line__seed6,gnn_qmix,coord_grid,6,595,14900,4.0,25,0.8820495833333334,0.44891493022441864,2.1105430722236633,53.39922809999916
gnn_rep__N8__line__seed6,gnn_qmix,coord_grid,6,596,14925,9.0,25,0.8818516666666667,0.3343001731804439,2.4091666425977434,53.46422170000005
gnn_rep__N8__line__seed6,gnn_qmix,coord_grid,6,597,14950,12.0,25,0.88165375,0.2810237432519595,1.7911978363990784,53.54211840000062
gnn_rep__N8__line__seed6,gnn_qmix,coord_grid,6,598,14975,10.0,25,0.8814558333333333,0.507287010550499,2.375931441783905,53.62660080000205
gnn_rep__N8__line__seed6,gnn_qmix,coord_grid,6,599,15000,8.0,25,0.8812579166666666,0.39473890513181686,2.3184537092844644,53.74181150000004
gnn_rep__N8__line__seed6,gnn_qmix,coord_grid,6,600,15025,4.0,25,0.88106,0.3976993496928896,3.0949985640389577,53.84512149999864
gnn_rep__N8__line__seed6,gnn_qmix,coord_grid,6,601,15050,7.0,25,0.8808620833333334,0.4612417717774709,4.065535406271617,53.926184200001444
gnn_rep__N8__line__seed6,gnn_qmix,coord_grid,6,602,15075,14.0,25,0.8806641666666667,0.3743777871131897,2.4239920477072396,54.02581650000138
gnn_rep__N8__line__seed6,gnn_qmix,coord_grid,6,603,15100,6.0,25,0.88046625,0.2993085427830617,1.726788878440857,54.113535200001934
gnn_rep__N8__line__seed6,gnn_qmix,coord_grid,6,604,15125,9.0,25,0.8802683333333333,0.30565556458064486,2.1970283474240984,54.20547549999901
gnn_rep__N8__line__seed6,gnn_qmix,coord_grid,6,605,15150,10.0,25,0.8800704166666666,0.33871565386652946,1.7305065393447876,54.29729429999861
gnn_rep__N8__line__seed6,gnn_qmix,coord_grid,6,606,15175,7.0,25,0.8798725000000001,0.3571748783191045,2.570780038833618,54.41131039999891
gnn_rep__N8__line__seed6,gnn_qmix,coord_grid,6,607,15200,18.0,25,0.8796745833333334,0.38238273561000824,1.6605753898620605,54.458234900001116
gnn_rep__N8__line__seed6,gnn_qmix,coord_grid,6,608,15225,5.0,25,0.8794766666666667,0.3360697307756969,2.262247289930071,54.61021180000171
gnn_rep__N8__line__seed6,gnn_qmix,coord_grid,6,609,15250,13.0,25,0.87927875,0.33332694321870804,2.177430967489878,54.670657599999686
gnn_rep__N8__line__seed6,gnn_qmix,coord_grid,6,610,15275,9.0,25,0.8790808333333333,0.2579554741581281,1.7920672098795574,54.79428719999851
gnn_rep__N8__line__seed6,gnn_qmix,coord_grid,6,611,15300,10.0,25,0.8788829166666666,0.3317781090736389,2.278432925542196,54.86401549999937
gnn_rep__N8__line__seed6,gnn_qmix,coord_grid,6,612,15325,12.0,25,0.8786849999999999,0.35880141811711447,2.2647050448826382,54.941802900000766
gnn_rep__N8__line__seed6,gnn_qmix,coord_grid,6,613,15350,3.0,25,0.8784870833333334,0.27473006770014763,1.773182859023412,55.05042129999856
gnn_rep__N8__line__seed6,gnn_qmix,coord_grid,6,614,15375,6.0,25,0.8782891666666667,0.367644801735878,2.832381010055542,55.18655310000031
gnn_rep__N8__line__seed6,gnn_qmix,coord_grid,6,615,15400,7.0,25,0.87809125,0.39900976916154224,2.4502870043118796,55.259318399999756
gnn_rep__N8__line__seed6,gnn_qmix,coord_grid,6,616,15425,13.0,25,0.8778933333333333,0.5137665740081242,5.959468262536185,55.365163499998744
gnn_rep__N8__line__seed6,gnn_qmix,coord_grid,6,617,15450,5.0,25,0.8776954166666666,0.5765369062622389,3.718653837839762,55.46198799999911
gnn_rep__N8__line__seed6,gnn_qmix,coord_grid,6,618,15475,10.0,25,0.8774975,0.3895350247621536,2.2792627016703286,55.54971540000042
gnn_rep__N8__line__seed6,gnn_qmix,coord_grid,6,619,15500,10.0,25,0.8772995833333334,0.3411446064710617,2.1534634033838906,55.63617240000167
gnn_rep__N8__line__seed6,gnn_qmix,coord_grid,6,620,15525,3.0,25,0.8771016666666667,0.3250811759914671,1.7373159272330148,55.72787790000075
gnn_rep__N8__line__seed6,gnn_qmix,coord_grid,6,621,15550,10.0,25,0.87690375,0.49287675072749454,1.4974051117897034,55.84475210000164
gnn_rep__N8__line__seed6,gnn_qmix,coord_grid,6,622,15575,8.0,25,0.8767058333333333,0.5252279862761497,2.2916475733121238,55.936968800000614
gnn_rep__N8__line__seed6,gnn_qmix,coord_grid,6,623,15600,11.0,25,0.8765079166666667,0.3733755946159363,2.317019840081533,56.02359029999934
gnn_rep__N8__line__seed6,gnn_qmix,coord_grid,6,624,15625,12.0,25,0.87631,0.5109365561178753,2.8782839945384433,56.09897120000096
gnn_rep__N8__line__seed6,gnn_qmix,coord_grid,6,625,15650,7.0,25,0.8761120833333333,0.4267808360358079,2.139819403489431,56.17884490000142
gnn_rep__N8__line__seed6,gnn_qmix,coord_grid,6,626,15675,10.0,25,0.8759141666666667,0.3782215329507987,1.885766863822937,56.26529189999928
gnn_rep__N8__line__seed6,gnn_qmix,coord_grid,6,627,15700,5.0,25,0.87571625,0.5704972396294276,2.8470137317975364,56.39294220000011
gnn_rep__N8__line__seed6,gnn_qmix,coord_grid,6,628,15725,4.0,25,0.8755183333333334,0.34184751766068594,1.9478211402893066,56.51360719999866
gnn_rep__N8__line__seed6,gnn_qmix,coord_grid,6,629,15750,14.0,25,0.8753204166666667,0.40783270200093585,1.9969064593315125,56.56737179999982
gnn_rep__N8__line__seed6,gnn_qmix,coord_grid,6,630,15775,13.0,25,0.8751225,0.3186296472946803,2.411665995915731,56.651853200000915
gnn_rep__N8__line__seed6,gnn_qmix,coord_grid,6,631,15800,10.0,25,0.8749245833333333,0.35853374501069385,2.5454943776130676,56.729419600000256
gnn_rep__N8__line__seed6,gnn_qmix,coord_grid,6,632,15825,9.0,25,0.8747266666666667,0.3748177949871336,3.016774092401777,56.8245840999989
gnn_rep__N8__line__seed6,gnn_qmix,coord_grid,6,633,15850,11.0,25,0.8745287500000001,0.390052189429601,2.321599463621775,56.96166309999899
gnn_rep__N8__line__seed6,gnn_qmix,coord_grid,6,634,15875,19.0,25,0.8743308333333333,0.335526446501414,2.3784141341845193,57.01618969999981
gnn_rep__N8__line__seed6,gnn_qmix,coord_grid,6,635,15900,13.0,25,0.8741329166666667,0.3716583326458931,2.0788537661234536,57.09529649999968
gnn_rep__N8__line__seed6,gnn_qmix,coord_grid,6,636,15925,9.0,25,0.873935,0.32924538531473707,2.0057001965386525,57.19197880000138
gnn_rep__N8__line__seed6,gnn_qmix,coord_grid,6,637,15950,8.0,25,0.8737370833333333,0.3673647940158844,1.8214074969291687,57.281911999998556
gnn_rep__N8__line__seed6,gnn_qmix,coord_grid,6,638,15975,16.0,25,0.8735391666666666,0.5358879889051119,2.7989518642425537,57.3723456000007
gnn_rep__N8__line__seed6,gnn_qmix,coord_grid,6,639,16000,13.0,25,0.87334125,0.5109648605187734,2.534986436367035,57.437698400000954
gnn_rep__N8__line__seed6,gnn_qmix,coord_grid,6,640,16025,7.0,25,0.8731433333333334,0.309531746166093,2.9526604243687222,57.544033999998646
gnn_rep__N8__line__seed6,gnn_qmix,coord_grid,6,641,16050,13.0,25,0.8729454166666667,0.24908316259582838,2.7532550990581512,57.65593069999886
gnn_rep__N8__line__seed6,gnn_qmix,coord_grid,6,642,16075,7.0,25,0.8727475,0.3314113989472389,2.5050878723462424,57.81777670000156
gnn_rep__N8__line__seed6,gnn_qmix,coord_grid,6,643,16100,11.0,25,0.8725495833333333,0.43243348350127536,2.3906556367874146,57.902712499999325
gnn_rep__N8__line__seed6,gnn_qmix,coord_grid,6,644,16125,3.0,25,0.8723516666666666,0.4723115222794669,2.0604944229125977,57.99753590000182
gnn_rep__N8__line__seed6,gnn_qmix,coord_grid,6,645,16150,10.0,25,0.8721537500000001,0.3763985087474187,2.455288310845693,58.10758509999869
gnn_rep__N8__line__seed6,gnn_qmix,coord_grid,6,646,16175,14.0,25,0.8719558333333334,0.4219261060158412,3.1907100081443787,58.24642700000186
gnn_rep__N8__line__seed6,gnn_qmix,coord_grid,6,647,16200,15.0,25,0.8717579166666667,0.47012147804101306,2.77506892879804,58.34454460000052
gnn_rep__N8__line__seed6,gnn_qmix,coord_grid,6,648,16225,11.0,25,0.87156,0.5420504318816322,4.8388537509100775,58.452012800000375
gnn_rep__N8__line__seed6,gnn_qmix,coord_grid,6,649,16250,3.0,25,0.8713620833333333,0.329351765414079,4.642083644866943,58.560386900000594
gnn_rep__N8__line__seed6,gnn_qmix,coord_grid,6,650,16275,8.0,25,0.8711641666666667,0.505480445921421,3.5810779333114624,58.63513289999901
gnn_rep__N8__line__seed6,gnn_qmix,coord_grid,6,651,16300,15.0,25,0.8709662499999999,0.3325483513375123,3.9574267466863,58.7218627000002
gnn_rep__N8__line__seed6,gnn_qmix,coord_grid,6,652,16325,11.0,25,0.8707683333333334,0.41427082249096464,3.228075214794704,58.7984867999985
gnn_rep__N8__line__seed6,gnn_qmix,coord_grid,6,653,16350,9.0,25,0.8705704166666667,0.3461315656701724,2.238639156023661,58.88887919999979
gnn_rep__N8__line__seed6,gnn_qmix,coord_grid,6,654,16375,14.0,25,0.8703725,0.4522562250494957,3.494007190068563,58.99710200000118
gnn_rep__N8__line__seed6,gnn_qmix,coord_grid,6,655,16400,7.0,25,0.8701745833333333,0.4877210482954979,2.4984004497528076,59.09114490000138
gnn_rep__N8__line__seed6,gnn_qmix,coord_grid,6,656,16425,10.0,25,0.8699766666666666,0.32825752454144613,1.8593535082680839,59.22334319999936
gnn_rep__N8__line__seed6,gnn_qmix,coord_grid,6,657,16450,6.0,25,0.86977875,0.31094497566421825,2.5303019682566323,59.279662000000826
gnn_rep__N8__line__seed6,gnn_qmix,coord_grid,6,658,16475,4.0,25,0.8695808333333334,0.39898748199145,2.3116336464881897,59.36566310000126
gnn_rep__N8__line__seed6,gnn_qmix,coord_grid,6,659,16500,4.0,25,0.8693829166666667,0.29117319360375404,3.042515516281128,59.445968600000924
gnn_rep__N8__line__seed6,gnn_qmix,coord_grid,6,660,16525,14.0,25,0.869185,0.4236145072749683,1.8990007979529244,59.52428789999976
gnn_rep__N8__line__seed6,gnn_qmix,coord_grid,6,661,16550,12.0,25,0.8689870833333333,0.6202648679415385,2.3667920430501304,59.61099370000011
gnn_rep__N8__line__seed6,gnn_qmix,coord_grid,6,662,16575,10.0,25,0.8687891666666667,0.4778233990073204,2.4603882233301797,59.71847179999895
gnn_rep__N8__line__seed6,gnn_qmix,coord_grid,6,663,16600,9.0,25,0.86859125,0.49507932364940643,2.262407104174296,59.80584309999904
gnn_rep__N8__line__seed6,gnn_qmix,coord_grid,6,664,16625,8.0,25,0.8683933333333334,0.38393778673240114,2.3572146211351668,59.913410699999076
gnn_rep__N8__line__seed6,gnn_qmix,coord_grid,6,665,16650,10.0,25,0.8681954166666667,0.43606280783812207,3.097142060597738,60.01094530000046
gnn_rep__N8__line__seed6,gnn_qmix,coord_grid,6,666,16675,11.0,25,0.8679975,0.6461479564507803,1.8179674347241719,60.10272949999853
gnn_rep__N8__line__seed6,gnn_qmix,coord_grid,6,667,16700,11.0,25,0.8677995833333334,0.2744639267524083,2.7467411955197654,60.25933910000094
gnn_rep__N8__line__seed6,gnn_qmix,coord_grid,6,668,16725,9.0,25,0.8676016666666666,0.4968974824462618,3.279348169054304,60.364520099999936
gnn_rep__N8__line__seed6,gnn_qmix,coord_grid,6,669,16750,12.0,25,0.86740375,0.4947758913040161,2.4146653215090432,60.5210221999987
gnn_rep__N8__line__seed6,gnn_qmix,coord_grid,6,670,16775,17.0,25,0.8672058333333333,0.4228626961509387,2.539849857489268,60.612553099999786
gnn_rep__N8__line__seed6,gnn_qmix,coord_grid,6,671,16800,18.0,25,0.8670079166666667,0.23813523227969804,2.1607112884521484,60.69292979999955
gnn_rep__N8__line__seed6,gnn_qmix,coord_grid,6,672,16825,4.0,25,0.8668100000000001,0.34303551273686544,1.7737958771841866,60.78406950000135
gnn_rep__N8__line__seed6,gnn_qmix,coord_grid,6,673,16850,13.0,25,0.8666120833333333,0.3917538287738959,2.1888350447018943,60.897153599999
gnn_rep__N8__line__seed6,gnn_qmix,coord_grid,6,674,16875,11.0,25,0.8664141666666667,0.3951796491940816,2.1548280715942383,60.98617379999996
gnn_rep__N8__line__seed6,gnn_qmix,coord_grid,6,675,16900,3.0,25,0.86621625,0.28521302590767544,1.9229663014411926,61.07736170000135
gnn_rep__N8__line__seed6,gnn_qmix,coord_grid,6,676,16925,11.0,25,0.8660183333333333,0.4512507276875632,3.1676768575395857,61.18049869999959
gnn_rep__N8__line__seed6,gnn_qmix,coord_grid,6,677,16950,9.0,25,0.8658204166666666,0.4353856046994527,2.5736114382743835,61.28661700000157
gnn_rep__N8__line__seed6,gnn_qmix,coord_grid,6,678,16975,7.0,25,0.8656225,0.37145127604405087,3.0630263884862265,61.35886780000146
gnn_rep__N8__line__seed6,gnn_qmix,coord_grid,6,679,17000,8.0,25,0.8654245833333334,0.36053992559512454,2.6064359148343406,61.42145900000105
gnn_rep__N8__line__seed6,gnn_qmix,coord_grid,6,680,17025,12.0,25,0.8652266666666667,0.5658139011689595,6.657707452774048,61.524891100001696
gnn_rep__N8__line__seed6,gnn_qmix,coord_grid,6,681,17050,11.0,25,0.86502875,0.5719409734010696,3.4719764590263367,61.662329599999794
gnn_rep__N8__line__seed6,gnn_qmix,coord_grid,6,682,17075,11.0,25,0.8648308333333333,0.31014715631802875,2.845008432865143,61.7525687999987
gnn_rep__N8__line__seed6,gnn_qmix,coord_grid,6,683,17100,11.0,25,0.8646329166666666,0.583587276438872,3.798510273297628,61.87104729999919
gnn_rep__N8__line__seed6,gnn_qmix,coord_grid,6,684,17125,5.0,25,0.8644350000000001,0.269886131797518,2.8789940561567033,61.94476779999968
gnn_rep__N8__line__seed6,gnn_qmix,coord_grid,6,685,17150,11.0,25,0.8642370833333334,0.6363169501225153,2.532627979914347,62.04935739999928
gnn_rep__N8__line__seed6,gnn_qmix,coord_grid,6,686,17175,9.0,25,0.8640391666666667,0.357923299074173,2.5446945428848267,62.135779600001115
gnn_rep__N8__line__seed6,gnn_qmix,coord_grid,6,687,17200,11.0,25,0.86384125,0.3963109652201335,1.6181419491767883,62.23131120000107
gnn_rep__N8__line__seed6,gnn_qmix,coord_grid,6,688,17225,10.0,25,0.8636433333333333,0.3771761677094868,2.560036437852042,62.34779690000141
gnn_rep__N8__line__seed6,gnn_qmix,coord_grid,6,689,17250,8.0,25,0.8634454166666667,0.477500115831693,1.8685767849286397,62.40315600000031
gnn_rep__N8__line__seed6,gnn_qmix,coord_grid,6,690,17275,9.0,25,0.8632475,0.4242290010054906,1.784696896870931,62.50076360000094
gnn_rep__N8__line__seed6,gnn_qmix,coord_grid,6,691,17300,11.0,25,0.8630495833333334,0.45740324010451633,2.310912251472473,62.58609250000154
gnn_rep__N8__line__seed6,gnn_qmix,coord_grid,6,692,17325,7.0,25,0.8628516666666667,0.46379801843847546,2.5117391858782088,62.69723840000006
gnn_rep__N8__line__seed6,gnn_qmix,coord_grid,6,693,17350,9.0,25,0.86265375,0.5457334443926811,3.2909482518831887,62.78153459999885
gnn_rep__N8__line__seed6,gnn_qmix,coord_grid,6,694,17375,10.0,25,0.8624558333333333,0.46739542732636136,2.7020169496536255,62.896605900001305
gnn_rep__N8__line__seed6,gnn_qmix,coord_grid,6,695,17400,8.0,25,0.8622579166666666,0.38359711070855457,2.5027745564778647,63.02874480000173
gnn_rep__N8__line__seed6,gnn_qmix,coord_grid,6,696,17425,6.0,25,0.86206,0.5615223869681358,2.240346670150757,63.16464410000117
gnn_rep__N8__line__seed6,gnn_qmix,coord_grid,6,697,17450,11.0,25,0.8618620833333334,0.5693658155699571,2.951515714327494,63.27530670000124
gnn_rep__N8__line__seed6,gnn_qmix,coord_grid,6,698,17475,5.0,25,0.8616641666666667,0.501959390938282,3.936456243197123,63.36040520000097
gnn_rep__N8__line__seed6,gnn_qmix,coord_grid,6,699,17500,12.0,25,0.86146625,0.4913957317670186,3.9239183266957602,63.43941740000082
gnn_rep__N8__line__seed6,gnn_qmix,coord_grid,6,700,17525,12.0,25,0.8612683333333333,0.3871818259358406,3.298092007637024,63.530426699999225
gnn_rep__N8__line__seed6,gnn_qmix,coord_grid,6,701,17550,6.0,25,0.8610704166666667,0.4130356212457021,2.59886501232783,63.637619500001165
gnn_rep__N8__line__seed6,gnn_qmix,coord_grid,6,702,17575,6.0,25,0.8608725,0.3123471438884735,3.2308699687321982,63.70672000000195
gnn_rep__N8__line__seed6,gnn_qmix,coord_grid,6,703,17600,13.0,25,0.8606745833333334,0.4053278888265292,3.824898421764374,63.78013199999987
gnn_rep__N8__line__seed6,gnn_qmix,coord_grid,6,704,17625,14.0,25,0.8604766666666667,0.39984679754291264,2.2683115346091136,63.88201299999855
gnn_rep__N8__line__seed6,gnn_qmix,coord_grid,6,705,17650,5.0,25,0.86027875,0.402868131796519,2.0429493387540183,63.98889820000113
gnn_rep__N8__line__seed6,gnn_qmix,coord_grid,6,706,17675,9.0,25,0.8600808333333334,0.3359784781932831,2.31153412659963,64.0719319000018
gnn_rep__N8__line__seed6,gnn_qmix,coord_grid,6,707,17700,2.0,25,0.8598829166666667,0.29954328512152034,2.1272042989730835,64.18441570000141
gnn_rep__N8__line__seed6,gnn_qmix,coord_grid,6,708,17725,15.0,25,0.859685,0.36468049564531874,2.3862246445247104,64.30182910000076
gnn_rep__N8__line__seed6,gnn_qmix,coord_grid,6,709,17750,11.0,25,0.8594870833333333,0.44595611095428467,2.2269619901974997,64.41041039999982
gnn_rep__N8__line__seed6,gnn_qmix,coord_grid,6,710,17775,12.0,25,0.8592891666666667,0.35948750128348667,1.9280016819636028,64.48707970000032
gnn_rep__N8__line__seed6,gnn_qmix,coord_grid,6,711,17800,11.0,25,0.85909125,0.37068352351586026,2.0461503664652505,64.63573030000043
gnn_rep__N8__line__seed6,gnn_qmix,coord_grid,6,712,17825,13.0,25,0.8588933333333333,0.4542263554675238,6.596799339566912,64.72403589999885
gnn_rep__N8__line__seed6,gnn_qmix,coord_grid,6,713,17850,14.0,25,0.8586954166666667,0.32437968129913014,4.230507393678029,64.81175400000211
gnn_rep__N8__line__seed6,gnn_qmix,coord_grid,6,714,17875,4.0,25,0.8584975,0.3538515691955884,3.5774945418039956,64.91327420000016
gnn_rep__N8__line__seed6,gnn_qmix,coord_grid,6,715,17900,18.0,25,0.8582995833333333,0.43342669556538266,3.241343855857849,65.0108681999991
gnn_rep__N8__line__seed6,gnn_qmix,coord_grid,6,716,17925,7.0,25,0.8581016666666667,0.2830666708094733,2.8774791104452953,65.16668950000167
gnn_rep__N8__line__seed6,gnn_qmix,coord_grid,6,717,17950,11.0,25,0.85790375,0.510222261150678,3.395623763402303,65.27629330000127
gnn_rep__N8__line__seed6,gnn_qmix,coord_grid,6,718,17975,5.0,25,0.8577058333333334,0.18909449006120363,2.551092187563578,65.36699640000006
gnn_rep__N8__line__seed6,gnn_qmix,coord_grid,6,719,18000,13.0,25,0.8575079166666667,0.38624170795083046,2.710353195667267,65.45477319999918
gnn_rep__N8__line__seed6,gnn_qmix,coord_grid,6,720,18025,13.0,25,0.85731,0.4958562446492059,2.4153566530772617,65.53957010000158
gnn_rep__N8__line__seed6,gnn_qmix,coord_grid,6,721,18050,18.0,25,0.8571120833333333,0.386553314824899,2.51639195283254,65.64238789999945
gnn_rep__N8__line__seed6,gnn_qmix,coord_grid,6,722,18075,12.0,25,0.8569141666666666,0.36105211327473324,2.782713532447815,65.74207279999973
gnn_rep__N8__line__seed6,gnn_qmix,coord_grid,6,723,18100,13.0,25,0.8567162500000001,0.4981081063548724,2.735133488972982,65.88730320000104
gnn_rep__N8__line__seed6,gnn_qmix,coord_grid,6,724,18125,10.0,25,0.8565183333333334,0.626338215810912,1.9982221807752336,66.01070880000043
gnn_rep__N8__line__seed6,gnn_qmix,coord_grid,6,725,18150,13.0,25,0.8563204166666667,0.5042448764046034,2.205888271331787,66.12855140000102
gnn_rep__N8__line__seed6,gnn_qmix,coord_grid,6,726,18175,4.0,25,0.8561225,0.26381873587767285,2.212139844894409,66.22838760000013
gnn_rep__N8__line__seed6,gnn_qmix,coord_grid,6,727,18200,4.0,25,0.8559245833333333,0.5537731399138769,3.1177313327789307,66.29710250000062
gnn_rep__N8__line__seed6,gnn_qmix,coord_grid,6,728,18225,8.0,25,0.8557266666666666,0.45895691428865704,2.193627272333418,66.39869360000012
gnn_rep__N8__line__seed6,gnn_qmix,coord_grid,6,729,18250,10.0,25,0.85552875,0.6091267044345537,2.6610188682874045,66.51182390000031
gnn_rep__N8__line__seed6,gnn_qmix,coord_grid,6,730,18275,7.0,25,0.8553308333333334,0.30574866632620495,2.3239088455835977,66.61471209999945
gnn_rep__N8__line__seed6,gnn_qmix,coord_grid,6,731,18300,10.0,25,0.8551329166666667,0.49507319430510205,2.554892440636953,66.71184100000028
gnn_rep__N8__line__seed6,gnn_qmix,coord_grid,6,732,18325,6.0,25,0.854935,0.2742786556482315,1.9149122408458166,66.81824280000001
gnn_rep__N8__line__seed6,gnn_qmix,coord_grid,6,733,18350,10.0,25,0.8547370833333333,0.7273392975330353,1.7889166275660198,66.93687109999883
gnn_rep__N8__line__seed6,gnn_qmix,coord_grid,6,734,18375,13.0,25,0.8545391666666666,0.43657919267813367,2.1810370484987893,67.02228019999893
gnn_rep__N8__line__seed6,gnn_qmix,coord_grid,6,735,18400,4.0,25,0.85434125,0.5515356448789438,2.8283260067303977,67.07736730000033
gnn_rep__N8__line__seed6,gnn_qmix,coord_grid,6,736,18425,10.0,25,0.8541433333333334,0.3452882958309991,2.257202454975673,67.23220500000025
gnn_rep__N8__line__seed6,gnn_qmix,coord_grid,6,737,18450,5.0,25,0.8539454166666667,0.3421318431695302,2.683418611685435,67.32730280000033
gnn_rep__N8__line__seed6,gnn_qmix,coord_grid,6,738,18475,9.0,25,0.8537475,0.575018177429835,3.235691567262014,67.41657380000106
gnn_rep__N8__line__seed6,gnn_qmix,coord_grid,6,739,18500,6.0,25,0.8535495833333333,0.4538511633872986,2.7407048543294272,67.54909340000086
gnn_rep__N8__line__seed6,gnn_qmix,coord_grid,6,740,18525,1.0,25,0.8533516666666666,0.475354936506067,3.027612601007734,67.69103790000008
gnn_rep__N8__line__seed6,gnn_qmix,coord_grid,6,741,18550,9.0,25,0.85315375,0.4416297450661659,2.714632987976074,67.81040660000144
gnn_rep__N8__line__seed6,gnn_qmix,coord_grid,6,742,18575,15.0,25,0.8529558333333334,0.25609379013379413,2.3306193749109902,67.93853239999953
gnn_rep__N8__line__seed6,gnn_qmix,coord_grid,6,743,18600,14.0,25,0.8527579166666667,0.4942619726061821,3.6551593542099,67.99832349999997
gnn_rep__N8__line__seed6,gnn_qmix,coord_grid,6,744,18625,8.0,25,0.85256,0.558132712330137,7.890110765184675,68.08128980000038
gnn_rep__N8__line__seed6,gnn_qmix,coord_grid,6,745,18650,7.0,25,0.8523620833333333,0.5286323676506678,4.8657040198644,68.14813499999946
gnn_rep__N8__line__seed6,gnn_qmix,coord_grid,6,746,18675,13.0,25,0.8521641666666667,0.4885275984803836,5.231017390886943,68.2263153999993
gnn_rep__N8__line__seed6,gnn_qmix,coord_grid,6,747,18700,10.0,25,0.85196625,0.6118787179390589,3.5127271016438804,68.31006590000106
gnn_rep__N8__line__seed6,gnn_qmix,coord_grid,6,748,18725,12.0,25,0.8517683333333333,0.3945790635687964,2.3369694352149963,68.38852939999924
gnn_rep__N8__line__seed6,gnn_qmix,coord_grid,6,749,18750,16.0,25,0.8515704166666667,0.5476352026065191,3.0972233017285666,68.50139080000008
gnn_rep__N8__line__seed6,gnn_qmix,coord_grid,6,750,18775,10.0,25,0.8513725,0.4298287257552147,2.2006335854530334,68.59057160000157
gnn_rep__N8__line__seed6,gnn_qmix,coord_grid,6,751,18800,11.0,25,0.8511745833333333,0.2949824308355649,4.466769893964131,68.66669900000124
gnn_rep__N8__line__seed6,gnn_qmix,coord_grid,6,752,18825,7.0,25,0.8509766666666667,0.3281767006431307,4.22891446522304,68.75679820000005
gnn_rep__N8__line__seed6,gnn_qmix,coord_grid,6,753,18850,13.0,25,0.85077875,0.39697790890932083,4.496402343114217,68.83169730000009
gnn_rep__N8__line__seed6,gnn_qmix,coord_grid,6,754,18875,11.0,25,0.8505808333333333,0.37702880799770355,3.9150036176045737,68.95309540000017
gnn_rep__N8__line__seed6,gnn_qmix,coord_grid,6,755,18900,7.0,25,0.8503829166666667,0.39161789665619534,3.324212352434794,68.999813800001
gnn_rep__N8__line__seed6,gnn_qmix,coord_grid,6,756,18925,9.0,25,0.850185,0.38306308005537304,2.7632050003324236,69.12766499999998
gnn_rep__N8__line__seed6,gnn_qmix,coord_grid,6,757,18950,13.0,25,0.8499870833333334,0.29477182154854137,2.708117365837097,69.2383273000014
gnn_rep__N8__line__seed6,gnn_qmix,coord_grid,6,758,18975,12.0,25,0.8497891666666667,0.5147657593091329,2.480382819970449,69.32981959999961
gnn_rep__N8__line__seed6,gnn_qmix,coord_grid,6,759,19000,11.0,25,0.84959125,0.45044749478499096,3.0062625805536904,69.42710680000164
gnn_rep__N8__line__seed6,gnn_qmix,coord_grid,6,760,19025,9.0,25,0.8493933333333333,0.3933529960257666,3.20542505809239,69.51543400000082
gnn_rep__N8__line__seed6,gnn_qmix,coord_grid,6,761,19050,8.0,25,0.8491954166666666,0.6062805503606796,3.38723224401474,69.6284751000021
gnn_rep__N8__line__seed6,gnn_qmix,coord_grid,6,762,19075,8.0,25,0.8489975,0.6356573527057966,3.6078255573908486,69.70747299999857
gnn_rep__N8__line__seed6,gnn_qmix,coord_grid,6,763,19100,5.0,25,0.8487995833333333,0.4191346193353335,3.213473459084829,69.82806580000033
gnn_rep__N8__line__seed6,gnn_qmix,coord_grid,6,764,19125,10.0,25,0.8486016666666667,0.5031710884400776,3.062640224184309,69.92289670000173
gnn_rep__N8__line__seed6,gnn_qmix,coord_grid,6,765,19150,10.0,25,0.84840375,0.599064314737916,2.271890342235565,69.98905039999954
gnn_rep__N8__line__seed6,gnn_qmix,coord_grid,6,766,19175,9.0,25,0.8482058333333333,0.47697772085666656,2.210482140382131,70.08748170000035
gnn_rep__N8__line__seed6,gnn_qmix,coord_grid,6,767,19200,2.0,25,0.8480079166666666,0.5289792517820994,2.646965761979421,70.17151450000165
gnn_rep__N8__line__seed6,gnn_qmix,coord_grid,6,768,19225,19.0,25,0.84781,0.2555846508060183,2.1792339427130565,70.24613970000064
gnn_rep__N8__line__seed6,gnn_qmix,coord_grid,6,769,19250,23.0,25,0.8476120833333334,0.5167614966630936,2.0925469597180686,70.36306120000154
gnn_rep__N8__line__seed6,gnn_qmix,coord_grid,6,770,19275,7.0,25,0.8474141666666667,0.5092759629090627,2.9916494687398276,70.43562160000147
gnn_rep__N8__line__seed6,gnn_qmix,coord_grid,6,771,19300,9.0,25,0.84721625,0.356597438454628,3.377404808998108,70.51219010000204
gnn_rep__N8__line__seed6,gnn_qmix,coord_grid,6,772,19325,10.0,25,0.8470183333333333,0.35443300008773804,2.5097334470067705,70.61973919999946
gnn_rep__N8__line__seed6,gnn_qmix,coord_grid,6,773,19350,13.0,25,0.8468204166666666,0.3273298392693202,2.9656824866930642,70.71109309999883
gnn_rep__N8__line__seed6,gnn_qmix,coord_grid,6,774,19375,7.0,25,0.8466225000000001,0.49384025235970813,3.5185330311457315,70.81704439999885
gnn_rep__N8__line__seed6,gnn_qmix,coord_grid,6,775,19400,6.0,25,0.8464245833333334,0.5429893235365549,2.62246972322464,70.92339170000196
gnn_rep__N8__line__seed6,gnn_qmix,coord_grid,6,776,19425,10.0,25,0.8462266666666667,0.7218810958521706,6.545505540711539,71.00622590000057
gnn_rep__N8__line__seed6,gnn_qmix,coord_grid,6,777,19450,10.0,25,0.84602875,0.42038824160893756,3.2882567048072815,71.11276429999998
gnn_rep__N8__line__seed6,gnn_qmix,coord_grid,6,778,19475,13.0,25,0.8458308333333333,0.5069794779022535,3.2567192912101746,71.21107259999917
gnn_rep__N8__line__seed6,gnn_qmix,coord_grid,6,779,19500,10.0,25,0.8456329166666667,0.358201136191686,3.756767729918162,71.25986320000084
gnn_rep__N8__line__seed6,gnn_qmix,coord_grid,6,780,19525,3.0,25,0.8454349999999999,0.5784218045217651,3.4982071944645474,71.37502769999992
gnn_rep__N8__line__seed6,gnn_qmix,coord_grid,6,781,19550,10.0,25,0.8452370833333334,0.5062393645445505,3.3137263456980386,71.48898249999911
gnn_rep__N8__line__seed6,gnn_qmix,coord_grid,6,782,19575,16.0,25,0.8450391666666667,0.4864160791039467,3.1450170278549194,71.59417649999887
gnn_rep__N8__line__seed6,gnn_qmix,coord_grid,6,783,19600,4.0,25,0.84484125,0.650723785161972,4.047969937324524,71.68507619999946
gnn_rep__N8__line__seed6,gnn_qmix,coord_grid,6,784,19625,7.0,25,0.8446433333333333,0.5604310418878283,3.381788270814078,71.75841450000007
gnn_rep__N8__line__seed6,gnn_qmix,coord_grid,6,785,19650,6.0,25,0.8444454166666666,0.3615676561991374,4.344447314739227,71.90027220000047
gnn_rep__N8__line__seed6,gnn_qmix,coord_grid,6,786,19675,9.0,25,0.8442475,0.31653714428345364,5.3255183299382525,71.9623915000011
gnn_rep__N8__line__seed6,gnn_qmix,coord_grid,6,787,19700,12.0,25,0.8440495833333334,0.5542485316594442,4.65549099445343,72.10283790000176
gnn_rep__N8__line__seed6,gnn_qmix,coord_grid,6,788,19725,11.0,25,0.8438516666666667,0.36802191180842264,3.3719475269317627,72.2042134000003
gnn_rep__N8__line__seed6,gnn_qmix,coord_grid,6,789,19750,11.0,25,0.84365375,0.5245685031016668,2.9549656907717385,72.32675980000204
gnn_rep__N8__line__seed6,gnn_qmix,coord_grid,6,790,19775,5.0,25,0.8434558333333333,0.4183797836303711,2.5297451416651406,72.42111500000101
gnn_rep__N8__line__seed6,gnn_qmix,coord_grid,6,791,19800,10.0,25,0.8432579166666667,0.5324603915214539,2.0614891846974692,72.4808508999995
gnn_rep__N8__line__seed6,gnn_qmix,coord_grid,6,792,19825,10.0,25,0.84306,0.44818701275757383,3.6743752786091397,72.60622689999946
gnn_rep__N8__line__seed6,gnn_qmix,coord_grid,6,793,19850,5.0,25,0.8428620833333333,0.4841133753458659,3.059800942738851,72.68815819999872
gnn_rep__N8__line__seed6,gnn_qmix,coord_grid,6,794,19875,17.0,25,0.8426641666666667,0.40872929990291595,3.7135514616966248,72.76937879999969
gnn_rep__N8__line__seed6,gnn_qmix,coord_grid,6,795,19900,10.0,25,0.84246625,0.3261873150865237,1.9453978737195332,72.84663250000085
gnn_rep__N8__line__seed6,gnn_qmix,coord_grid,6,796,19925,12.0,25,0.8422683333333334,0.42193994990416933,2.5724319219589233,72.92255790000127
gnn_rep__N8__line__seed6,gnn_qmix,coord_grid,6,797,19950,9.0,25,0.8420704166666666,0.4703805322448413,2.3752631545066833,73.03641409999909
gnn_rep__N8__line__seed6,gnn_qmix,coord_grid,6,798,19975,6.0,25,0.8418725,0.6509160610536734,2.391667107741038,73.10193549999894
gnn_rep__N8__line__seed6,gnn_qmix,coord_grid,6,799,20000,12.0,25,0.8416745833333333,0.4186454800268014,2.2788266142209372,73.19229270000142
gnn_rep__N8__line__seed6,gnn_qmix,coord_grid,6,800,20025,11.0,25,0.8414766666666667,0.615858684693064,3.1432259593691145,73.2881355999998
gnn_rep__N8__line__seed6,gnn_qmix,coord_grid,6,801,20050,11.0,25,0.8412787500000001,0.5284502506256104,3.170240879058838,73.39341330000025
gnn_rep__N8__line__seed6,gnn_qmix,coord_grid,6,802,20075,9.0,25,0.8410808333333333,0.48195389409859973,2.8965715765953064,73.47409799999878
gnn_rep__N8__line__seed6,gnn_qmix,coord_grid,6,803,20100,9.0,25,0.8408829166666667,0.5310324976841608,2.03657857577006,73.60451770000145
gnn_rep__N8__line__seed6,gnn_qmix,coord_grid,6,804,20125,12.0,25,0.840685,0.4156558375273432,2.641954234668187,73.69593990000067
gnn_rep__N8__line__seed6,gnn_qmix,coord_grid,6,805,20150,8.0,25,0.8404870833333333,0.508349729080995,2.884017219146093,73.76726899999994
gnn_rep__N8__line__seed6,gnn_qmix,coord_grid,6,806,20175,7.0,25,0.8402891666666666,0.5118169983228048,2.8065424958864846,73.87075529999856
gnn_rep__N8__line__seed6,gnn_qmix,coord_grid,6,807,20200,3.0,25,0.84009125,0.5884412253896395,3.4445900122324624,74.04085230000055
gnn_rep__N8__line__seed6,gnn_qmix,coord_grid,6,808,20225,14.0,25,0.8398933333333334,0.7085466640336173,6.637458290372576,74.15309799999886
gnn_rep__N8__line__seed6,gnn_qmix,coord_grid,6,809,20250,11.0,25,0.8396954166666667,0.5932104513049126,5.912782231966655,74.2705418000005
gnn_rep__N8__line__seed6,gnn_qmix,coord_grid,6,810,20275,10.0,25,0.8394975,0.6635862638552984,3.572940468788147,74.38454370000181
gnn_rep__N8__line__seed6,gnn_qmix,coord_grid,6,811,20300,13.0,25,0.8392995833333333,0.45221047351757687,2.655129293600718,74.46026920000077
gnn_rep__N8__line__seed6,gnn_qmix,coord_grid,6,812,20325,7.0,25,0.8391016666666666,0.8133077067988259,4.177895937647138,74.56370769999921
gnn_rep__N8__line__seed6,gnn_qmix,coord_grid,6,813,20350,5.0,25,0.8389037500000001,0.4027595594525337,3.479804774125417,74.65299550000054
gnn_rep__N8__line__seed6,gnn_qmix,coord_grid,6,814,20375,9.0,25,0.8387058333333334,0.4983934909105301,3.1449129978815713,74.7167902000001
gnn_rep__N8__line__seed6,gnn_qmix,coord_grid,6,815,20400,8.0,25,0.8385079166666667,0.34496281792720157,2.5298254688580832,74.80987599999935
gnn_rep__N8__line__seed6,gnn_qmix,coord_grid,6,816,20425,7.0,25,0.83831,0.755380358014788,4.144301516669137,74.93756819999908
gnn_rep__N8__line__seed6,gnn_qmix,coord_grid,6,817,20450,11.0,25,0.8381120833333333,0.46873173862695694,2.7450677355130515,75.0491789000007
gnn_rep__N8__line__seed6,gnn_qmix,coord_grid,6,818,20475,10.0,25,0.8379141666666667,0.6729786843061447,3.3987871209780374,75.16154430000097
gnn_rep__N8__line__seed6,gnn_qmix,coord_grid,6,819,20500,7.0,25,0.8377162499999999,0.6131572475035986,3.5244287649790444,75.2257137000015
gnn_rep__N8__line__seed6,gnn_qmix,coord_grid,6,820,20525,9.0,25,0.8375183333333334,0.46090353599616457,2.4289804015840804,75.32195950000096
gnn_rep__N8__line__seed6,gnn_qmix,coord_grid,6,821,20550,13.0,25,0.8373204166666667,0.4156583771109581,3.016326387723287,75.42737489999854
gnn_rep__N8__line__seed6,gnn_qmix,coord_grid,6,822,20575,14.0,25,0.8371225,0.682833174864451,2.222041209538778,75.51994930000001
gnn_rep__N8__line__seed6,gnn_qmix,coord_grid,6,823,20600,21.0,25,0.8369245833333333,0.5515265762805939,2.405979792277018,75.59338070000013
gnn_rep__N8__line__seed6,gnn_qmix,coord_grid,6,824,20625,12.0,25,0.8367266666666666,0.6688241681882313,2.3032277652195523,75.69972739999866
gnn_rep__N8__line__seed6,gnn_qmix,coord_grid,6,825,20650,14.0,25,0.83652875,0.35648274421691895,2.3575216929117837,75.78221000000121
gnn_rep__N8__line__seed6,gnn_qmix,coord_grid,6,826,20675,10.0,25,0.8363308333333334,0.2905394956469536,3.9172980586687722,75.86876969999867
gnn_rep__N8__line__seed6,gnn_qmix,coord_grid,6,827,20700,7.0,25,0.8361329166666667,0.5790442079305649,2.5712334314982095,75.95492240000021
gnn_rep__N8__line__seed6,gnn_qmix,coord_grid,6,828,20725,8.0,25,0.835935,0.42960280392851147,2.4210108518600464,76.0571689999997
gnn_rep__N8__line__seed6,gnn_qmix,coord_grid,6,829,20750,10.0,25,0.8357370833333333,0.5502597416440645,2.9500463803609214,76.15558890000102
gnn_rep__N8__line__seed6,gnn_qmix,coord_grid,6,830,20775,13.0,25,0.8355391666666667,0.6691556771596273,3.4575665990511575,76.27804910000123
gnn_rep__N8__line__seed6,gnn_qmix,coord_grid,6,831,20800,9.0,25,0.83534125,0.6651401370763779,1.9443838198979695,76.34393550000095
gnn_rep__N8__line__seed6,gnn_qmix,coord_grid,6,832,20825,10.0,25,0.8351433333333333,0.4908380221043314,1.9412053227424622,76.4285517999997
gnn_rep__N8__line__seed6,gnn_qmix,coord_grid,6,833,20850,8.0,25,0.8349454166666667,0.44162342449029285,2.462719221909841,76.53743140000006
gnn_rep__N8__line__seed6,gnn_qmix,coord_grid,6,834,20875,12.0,25,0.8347475,0.7418552885452906,3.1061535676320395,76.6329912000001
gnn_rep__N8__line__seed6,gnn_qmix,coord_grid,6,835,20900,13.0,25,0.8345495833333334,0.4316490441560745,3.0664870540301004,76.7316979999996
gnn_rep__N8__line__seed6,gnn_qmix,coord_grid,6,836,20925,13.0,25,0.8343516666666666,0.4321882426738739,3.2693323407854353,76.85292860000118
gnn_rep__N8__line__seed6,gnn_qmix,coord_grid,6,837,20950,20.0,25,0.83415375,0.665801078081131,3.147776782512665,76.92862249999962
gnn_rep__N8__line__seed6,gnn_qmix,coord_grid,6,838,20975,15.0,25,0.8339558333333333,0.5435793002446493,4.171947419643402,76.98470989999987
gnn_rep__N8__line__seed6,gnn_qmix,coord_grid,6,839,21000,7.0,25,0.8337579166666667,0.8198372150460879,2.9348832170168557,77.08650010000201
gnn_rep__N8__line__seed6,gnn_qmix,coord_grid,6,840,21025,8.0,25,0.8335600000000001,0.7390136037554059,7.520050491605486,77.22211059999972
gnn_rep__N8__line__seed6,gnn_qmix,coord_grid,6,841,21050,12.0,25,0.8333620833333333,0.571254551410675,4.838230808575948,77.30934089999937
gnn_rep__N8__line__seed6,gnn_qmix,coord_grid,6,842,21075,8.0,25,0.8331641666666667,0.695153591533502,3.8871238231658936,77.36680379999962
gnn_rep__N8__line__seed6,gnn_qmix,coord_grid,6,843,21100,12.0,25,0.83296625,0.38819216936826706,3.6297247409820557,77.4471072999986
gnn_rep__N8__line__seed6,gnn_qmix,coord_grid,6,844,21125,10.0,25,0.8327683333333333,0.4682199997561319,3.2106060641152516,77.5484593000001
gnn_rep__N8__line__seed6,gnn_qmix,coord_grid,6,845,21150,5.0,25,0.8325704166666666,0.4963997540374597,3.269787768522898,77.63626809999914
gnn_rep__N8__line__seed6,gnn_qmix,coord_grid,6,846,21175,9.0,25,0.8323725,0.47343106754124165,2.2338906725247702,77.70986130000165
gnn_rep__N8__line__seed6,gnn_qmix,coord_grid,6,847,21200,15.0,25,0.8321745833333334,0.24048897624015808,2.7118317087491355,77.79374420000022
gnn_rep__N8__line__seed6,gnn_qmix,coord_grid,6,848,21225,10.0,25,0.8319766666666667,0.5160949198263032,3.741191710744585,77.8710304999986
gnn_rep__N8__line__seed6,gnn_qmix,coord_grid,6,849,21250,14.0,25,0.83177875,0.4430194745461146,4.669724961121877,77.96804890000203
gnn_rep__N8__line__seed6,gnn_qmix,coord_grid,6,850,21275,10.0,25,0.8315808333333333,0.4430423527956009,3.5258268117904663,78.09203369999886
gnn_rep__N8__line__seed6,gnn_qmix,coord_grid,6,851,21300,14.0,25,0.8313829166666666,0.6964944154024124,3.112032492955526,78.22900619999928
gnn_rep__N8__line__seed6,gnn_qmix,coord_grid,6,852,21325,8.0,25,0.8311850000000001,0.5554279003824506,2.9571494374956404,78.30481720000171
gnn_rep__N8__line__seed6,gnn_qmix,coord_grid,6,853,21350,6.0,25,0.8309870833333334,0.4843268245458603,3.164975424607595,78.41296789999979
gnn_rep__N8__line__seed6,gnn_qmix,coord_grid,6,854,21375,11.0,25,0.8307891666666667,0.5179568653305372,2.5587193171183267,78.52052309999999
gnn_rep__N8__line__seed6,gnn_qmix,coord_grid,6,855,21400,13.0,25,0.83059125,0.5429811974366506,3.09701414903005,78.6555429
gnn_rep__N8__line__seed6,gnn_qmix,coord_grid,6,856,21425,11.0,25,0.8303933333333333,0.7454822276319776,2.723115989140102,78.78115940000134
gnn_rep__N8__line__seed6,gnn_qmix,coord_grid,6,857,21450,5.0,25,0.8301954166666667,0.4793827583392461,3.1567296187082925,78.8695226000018
gnn_rep__N8__line__seed6,gnn_qmix,coord_grid,6,858,21475,18.0,25,0.8299974999999999,0.3508182217677434,3.226590553919474,78.94764890000079
gnn_rep__N8__line__seed6,gnn_qmix,coord_grid,6,859,21500,9.0,25,0.8297995833333334,0.6583378985524178,3.6476933558781943,79.05741290000151
gnn_rep__N8__line__seed6,gnn_qmix,coord_grid,6,860,21525,5.0,25,0.8296016666666667,0.5764879318220275,3.8887919017246793,79.17215539999961
gnn_rep__N8__line__seed6,gnn_qmix,coord_grid,6,861,21550,12.0,25,0.82940375,0.6833098580439886,2.8602015376091003,79.27683059999981
gnn_rep__N8__line__seed6,gnn_qmix,coord_grid,6,862,21575,8.0,25,0.8292058333333334,0.6175482918818792,2.745137711366018,79.36070850000033
gnn_rep__N8__line__seed6,gnn_qmix,coord_grid,6,863,21600,13.0,25,0.8290079166666666,0.5810703088839849,2.2080633640289307,79.43265969999993
gnn_rep__N8__line__seed6,gnn_qmix,coord_grid,6,864,21625,9.0,25,0.82881,0.33023217746189665,3.115190250532968,79.52148289999968
gnn_rep__N8__line__seed6,gnn_qmix,coord_grid,6,865,21650,3.0,25,0.8286120833333334,0.4417790447672208,2.165447413921356,79.62749690000055
gnn_rep__N8__line__seed6,gnn_qmix,coord_grid,6,866,21675,19.0,25,0.8284141666666667,0.5298258264859518,2.5407464504241943,79.70225840000057
gnn_rep__N8__line__seed6,gnn_qmix,coord_grid,6,867,21700,17.0,25,0.82821625,0.6159295166532198,3.2074689269065857,79.77397049999854
gnn_rep__N8__line__seed6,gnn_qmix,coord_grid,6,868,21725,11.0,25,0.8280183333333333,0.40840726026466917,3.7819014957972934,79.883961800002
gnn_rep__N8__line__seed6,gnn_qmix,coord_grid,6,869,21750,9.0,25,0.8278204166666667,0.7019483918944994,4.621732930342357,79.97641310000108
gnn_rep__N8__line__seed6,gnn_qmix,coord_grid,6,870,21775,13.0,25,0.8276225,0.7308165629704794,2.7975046634674072,80.06953830000202
gnn_rep__N8__line__seed6,gnn_qmix,coord_grid,6,871,21800,13.0,25,0.8274245833333334,0.45033153891563416,3.144270737965902,80.1723235999998
gnn_rep__N8__line__seed6,gnn_qmix,coord_grid,6,872,21825,10.0,25,0.8272266666666667,0.6651907903807504,10.310430322374616,80.26800670000011
gnn_rep__N8__line__seed6,gnn_qmix,coord_grid,6,873,21850,2.0,25,0.82702875,0.5844280123710632,7.397847950458527,80.3574125999985
gnn_rep__N8__line__seed6,gnn_qmix,coord_grid,6,874,21875,8.0,25,0.8268308333333334,0.5993553698062897,6.186959683895111,80.44397509999908
gnn_rep__N8__line__seed6,gnn_qmix,coord_grid,6,875,21900,12.0,25,0.8266329166666667,0.5119067629178365,4.086949348449707,80.53121040000042
gnn_rep__N8__line__seed6,gnn_qmix,coord_grid,6,876,21925,11.0,25,0.826435,0.701055258512497,3.162181462560381,80.61082729999907
gnn_rep__N8__line__seed6,gnn_qmix,coord_grid,6,877,21950,12.0,25,0.8262370833333333,0.17775509506464005,2.6073747078577676,80.69613799999934
gnn_rep__N8__line__seed6,gnn_qmix,coord_grid,6,878,21975,10.0,25,0.8260391666666667,0.5470909972985586,2.5880425572395325,80.76674230000208
gnn_rep__N8__line__seed6,gnn_qmix,coord_grid,6,879,22000,17.0,25,0.8258412500000001,0.5315766533215841,3.302060623963674,80.85463439999876
gnn_rep__N8__line__seed6,gnn_qmix,coord_grid,6,880,22025,9.0,25,0.8256433333333333,0.6830800771713257,4.902878437723432,80.97227810000186
gnn_rep__N8__line__seed6,gnn_qmix,coord_grid,6,881,22050,4.0,25,0.8254454166666667,0.49639465908209485,4.2452499071757,81.09092809999856
gnn_rep__N8__line__seed6,gnn_qmix,coord_grid,6,882,22075,13.0,25,0.8252475,0.48521173497041065,2.3939191500345864,81.20453360000101
gnn_rep__N8__line__seed6,gnn_qmix,coord_grid,6,883,22100,13.0,25,0.8250495833333333,0.48291083176930744,3.5006220738093057,81.29336870000043
gnn_rep__N8__line__seed6,gnn_qmix,coord_grid,6,884,22125,9.0,25,0.8248516666666666,0.43444564938545227,2.868775963783264,81.37020069999926
gnn_rep__N8__line__seed6,gnn_qmix,coord_grid,6,885,22150,17.0,25,0.82465375,0.5346779599785805,2.4412082036336265,81.45908839999902
gnn_rep__N8__line__seed6,gnn_qmix,coord_grid,6,886,22175,7.0,25,0.8244558333333334,0.9472331056992213,2.288013478120168,81.56207619999986
gnn_rep__N8__line__seed6,gnn_qmix,coord_grid,6,887,22200,9.0,25,0.8242579166666667,0.607158824801445,3.6703270276387534,81.65011719999893
gnn_rep__N8__line__seed6,gnn_qmix,coord_grid,6,888,22225,11.0,25,0.82406,0.8519025700432914,4.4203930241721014,81.75603110000156
gnn_rep__N8__line__seed6,gnn_qmix,coord_grid,6,889,22250,12.0,25,0.8238620833333333,0.47291648387908936,3.6671891808509827,81.87724600000001
gnn_rep__N8__line__seed6,gnn_qmix,coord_grid,6,890,22275,14.0,25,0.8236641666666666,0.46624500056107837,2.523593246936798,81.9584763999992
gnn_rep__N8__line__seed6,gnn_qmix,coord_grid,6,891,22300,10.0,25,0.8234662500000001,0.30896201729774475,2.928428868452708,82.02411389999907
gnn_rep__N8__line__seed6,gnn_qmix,coord_grid,6,892,22325,12.0,25,0.8232683333333334,0.5895790244851794,2.951950430870056,82.10209110000142
gnn_rep__N8__line__seed6,gnn_qmix,coord_grid,6,893,22350,10.0,25,0.8230704166666667,0.38041751583417255,4.866177201271057,82.1742387000013
gnn_rep__N8__line__seed6,gnn_qmix,coord_grid,6,894,22375,11.0,25,0.8228725,0.711873377362887,2.6070273915926614,82.2843380000013
gnn_rep__N8__line__seed6,gnn_qmix,coord_grid,6,895,22400,20.0,25,0.8226745833333333,0.6130452131231626,2.6832860906918845,82.34578619999957
gnn_rep__N8__line__seed6,gnn_qmix,coord_grid,6,896,22425,9.0,25,0.8224766666666667,0.4381529028926577,3.5741127048219954,82.4550577000009
gnn_rep__N8__line__seed6,gnn_qmix,coord_grid,6,897,22450,18.0,25,0.82227875,0.9013557036717733,3.687690794467926,82.55054219999874
gnn_rep__N8__line__seed6,gnn_qmix,coord_grid,6,898,22475,11.0,25,0.8220808333333334,0.5488314454754194,4.451464215914409,82.62630910000007
gnn_rep__N8__line__seed6,gnn_qmix,coord_grid,6,899,22500,7.0,25,0.8218829166666667,0.6982306043306986,2.295819401741028,82.72039109999969
gnn_rep__N8__line__seed6,gnn_qmix,coord_grid,6,900,22525,18.0,25,0.821685,0.7555293589830399,3.4373841796602522,82.81113760000153
gnn_rep__N8__line__seed6,gnn_qmix,coord_grid,6,901,22550,11.0,25,0.8214870833333333,0.34657471006115276,3.442801276842753,82.88646249999874
gnn_rep__N8__line__seed6,gnn_qmix,coord_grid,6,902,22575,15.0,25,0.8212891666666666,0.44967228670914966,2.7259390155474343,82.92285160000029
gnn_rep__N8__line__seed6,gnn_qmix,coord_grid,6,903,22600,14.0,25,0.82109125,0.8481383969386419,2.7738367915153503,83.04644740000003
gnn_rep__N8__line__seed6,gnn_qmix,coord_grid,6,904,22625,6.0,25,0.8208933333333334,0.6042405920369285,8.730119160243444,83.16355820000172
gnn_rep__N8__line__seed6,gnn_qmix,coord_grid,6,905,22650,8.0,25,0.8206954166666667,0.57346918558081,7.495855649312337,83.23169730000154
gnn_rep__N8__line__seed6,gnn_qmix,coord_grid,6,906,22675,5.0,25,0.8204975,0.656318744023641,5.753441174825032,83.31254099999933
gnn_rep__N8__line__seed6,gnn_qmix,coord_grid,6,907,22700,13.0,25,0.8202995833333333,0.9049390604098638,4.166676759719849,83.43704570000045
gnn_rep__N8__line__seed6,gnn_qmix,coord_grid,6,908,22725,11.0,25,0.8201016666666667,0.7861273139715195,3.066451702799116,83.52217889999883
gnn_rep__N8__line__seed6,gnn_qmix,coord_grid,6,909,22750,19.0,25,0.81990375,0.7529153053959211,3.6495549281438193,83.61828040000182
gnn_rep__N8__line__seed6,gnn_qmix,coord_grid,6,910,22775,13.0,25,0.8197058333333334,0.6390447244048119,4.518324017524719,83.7102315000011
gnn_rep__N8__line__seed6,gnn_qmix,coord_grid,6,911,22800,8.0,25,0.8195079166666667,0.5627489710847536,4.040214816729228,83.76078290000078
gnn_rep__N8__line__seed6,gnn_qmix,coord_grid,6,912,22825,9.0,25,0.81931,0.4617377391883305,2.7563348497663225,83.90293290000045
gnn_rep__N8__line__seed6,gnn_qmix,coord_grid,6,913,22850,5.0,25,0.8191120833333333,0.5769659926493963,4.425601164499919,84.00134210000033
gnn_rep__N8__line__seed6,gnn_qmix,coord_grid,6,914,22875,7.0,25,0.8189141666666667,0.8650654951731364,3.2802246809005737,84.04309690000082
gnn_rep__N8__line__seed6,gnn_qmix,coord_grid,6,915,22900,14.0,25,0.81871625,0.714468702673912,2.3281660278638205,84.12798340000154
gnn_rep__N8__line__seed6,gnn_qmix,coord_grid,6,916,22925,8.0,25,0.8185183333333333,0.44369643713746754,3.018907734325954,84.23839610000141
gnn_rep__N8__line__seed6,gnn_qmix,coord_grid,6,917,22950,7.0,25,0.8183204166666667,0.6842455193400383,2.716927965482076,84.36547549999887
gnn_rep__N8__line__seed6,gnn_qmix,coord_grid,6,918,22975,13.0,25,0.8181225,0.7601803367336591,3.412650148073832,84.47323799999867
gnn_rep__N8__line__seed6,gnn_qmix,coord_grid,6,919,23000,8.0,25,0.8179245833333333,0.7060296597580115,3.469496409098307,84.56777249999868
gnn_rep__N8__line__seed6,gnn_qmix,coord_grid,6,920,23025,6.0,25,0.8177266666666667,0.8748710176774434,3.4534868001937866,84.6591565000017
gnn_rep__N8__line__seed6,gnn_qmix,coord_grid,6,921,23050,15.0,25,0.81752875,0.4120640233159065,3.2532787322998047,84.75522690000071
gnn_rep__N8__line__seed6,gnn_qmix,coord_grid,6,922,23075,6.0,25,0.8173308333333333,0.6007138043642044,3.1872126857439675,84.89331099999981
gnn_rep__N8__line__seed6,gnn_qmix,coord_grid,6,923,23100,10.0,25,0.8171329166666667,0.79940165579319,2.342881143093109,84.95461250000153
gnn_rep__N8__line__seed6,gnn_qmix,coord_grid,6,924,23125,14.0,25,0.816935,0.5511419368641717,2.460417594228472,85.0644640999999
gnn_rep__N8__line__seed6,gnn_qmix,coord_grid,6,925,23150,16.0,25,0.8167370833333334,0.577397366364797,4.268071313699086,85.12350409999999
gnn_rep__N8__line__seed6,gnn_qmix,coord_grid,6,926,23175,7.0,25,0.8165391666666667,0.4244734247525533,4.158088008562724,85.20785139999862
gnn_rep__N8__line__seed6,gnn_qmix,coord_grid,6,927,23200,6.0,25,0.81634125,0.9828023016452789,3.171710252761841,85.28413580000051
gnn_rep__N8__line__seed6,gnn_qmix,coord_grid,6,928,23225,6.0,25,0.8161433333333333,0.5880205120359149,3.350909846169608,85.35204159999921
gnn_rep__N8__line__seed6,gnn_qmix,coord_grid,6,929,23250,7.0,25,0.8159454166666666,0.537751185397307,2.9443753163019815,85.48767750000115
gnn_rep__N8__line__seed6,gnn_qmix,coord_grid,6,930,23275,12.0,25,0.8157475,0.7618465175231298,2.856029450893402,85.56711229999928
gnn_rep__N8__line__seed6,gnn_qmix,coord_grid,6,931,23300,10.0,25,0.8155495833333334,0.5623298585414886,2.1955408851305642,85.73355839999931
gnn_rep__N8__line__seed6,gnn_qmix,coord_grid,6,932,23325,21.0,25,0.8153516666666667,0.5464592065129962,3.167199867112296,85.83336269999927
gnn_rep__N8__line__seed6,gnn_qmix,coord_grid,6,933,23350,12.0,25,0.81515375,0.5207847356796265,2.8484868804613748,85.90768310000203
gnn_rep__N8__line__seed6,gnn_qmix,coord_grid,6,934,23375,11.0,25,0.8149558333333333,1.0134427150090535,3.361997922261556,86.00109259999954
gnn_rep__N8__line__seed6,gnn_qmix,coord_grid,6,935,23400,8.0,25,0.8147579166666666,0.5198899209499359,3.325692673524221,86.11118029999852
gnn_rep__N8__line__seed6,gnn_qmix,coord_grid,6,936,23425,10.0,25,0.81456,0.8195646852254868,7.917605910982404,86.24353740000151
gnn_rep__N8__line__seed6,gnn_qmix,coord_grid,6,937,23450,11.0,25,0.8143620833333334,0.7390851403276125,8.715518673261007,86.34519740000178
gnn_rep__N8__line__seed6,gnn_qmix,coord_grid,6,938,23475,13.0,25,0.8141641666666667,0.7612312436103821,4.2876120408376055,86.4157918000019
gnn_rep__N8__line__seed6,gnn_qmix,coord_grid,6,939,23500,9.0,25,0.81396625,0.4612125903367996,4.074236770470937,86.49991389999923
gnn_rep__N8__line__seed6,gnn_qmix,coord_grid,6,940,23525,13.0,25,0.8137683333333333,0.8628895655274391,4.2437551362173895,86.6177319999988
gnn_rep__N8__line__seed6,gnn_qmix,coord_grid,6,941,23550,13.0,25,0.8135704166666666,0.5646472225586573,4.285280625025432,86.71517419999873
gnn_rep__N8__line__seed6,gnn_qmix,coord_grid,6,942,23575,8.0,25,0.8133725,0.6771071155865988,2.881748298803965,86.7664521000006
gnn_rep__N8__line__seed6,gnn_qmix,coord_grid,6,943,23600,10.0,25,0.8131745833333334,0.7464253045618534,3.0683118303616843,86.91061679999984
gnn_rep__N8__line__seed6,gnn_qmix,coord_grid,6,944,23625,11.0,25,0.8129766666666667,0.5061797265495572,3.8293459926332747,87.03142360000129
gnn_rep__N8__line__seed6,gnn_qmix,coord_grid,6,945,23650,8.0,25,0.81277875,0.8673734565575918,4.244929750760396,87.12006349999865
gnn_rep__N8__line__seed6,gnn_qmix,coord_grid,6,946,23675,18.0,25,0.8125808333333333,0.5846316193540891,3.8578993678092957,87.2414572000016
gnn_rep__N8__line__seed6,gnn_qmix,coord_grid,6,947,23700,11.0,25,0.8123829166666667,0.4724477032820384,3.8806772232055664,87.32712410000022
gnn_rep__N8__line__seed6,gnn_qmix,coord_grid,6,948,23725,14.0,25,0.812185,0.6798702031373978,3.009360807282584,87.4122666000003
gnn_rep__N8__line__seed6,gnn_qmix,coord_grid,6,949,23750,11.0,25,0.8119870833333334,0.6353707859913508,3.345147132873535,87.47571560000142
gnn_rep__N8__line__seed6,gnn_qmix,coord_grid,6,950,23775,9.0,25,0.8117891666666667,0.9075725475947062,2.5635030269622803,87.58518339999864
gnn_rep__N8__line__seed6,gnn_qmix,coord_grid,6,951,23800,6.0,25,0.81159125,0.408864197631677,2.0144317746162415,87.65900210000109
gnn_rep__N8__line__seed6,gnn_qmix,coord_grid,6,952,23825,11.0,25,0.8113933333333333,0.4804289011018617,2.982918415750776,87.78867819999869
gnn_rep__N8__line__seed6,gnn_qmix,coord_grid,6,953,23850,8.0,25,0.8111954166666666,0.5013912493983904,2.5789807438850403,87.85387289999926
gnn_rep__N8__line__seed6,gnn_qmix,coord_grid,6,954,23875,9.0,25,0.8109975,0.501460046817859,2.5560201009114585,87.95207250000021
gnn_rep__N8__line__seed6,gnn_qmix,coord_grid,6,955,23900,17.0,25,0.8107995833333334,0.9579129020373026,3.186160425345103,88.00874860000113
gnn_rep__N8__line__seed6,gnn_qmix,coord_grid,6,956,23925,13.0,25,0.8106016666666667,0.6915647281067712,3.0344750029700145,88.12001320000127
gnn_rep__N8__line__seed6,gnn_qmix,coord_grid,6,957,23950,8.0,25,0.81040375,0.5702605346838633,3.474105477333069,88.30144840000139
gnn_rep__N8__line__seed6,gnn_qmix,coord_grid,6,958,23975,15.0,25,0.8102058333333333,0.580363134543101,2.6511813402175903,88.38988360000076
gnn_rep__N8__line__seed6,gnn_qmix,coord_grid,6,959,24000,17.0,25,0.8100079166666667,0.5218768281241258,3.8597716093063354,88.44989999999962
gnn_rep__N8__line__seed6,gnn_qmix,coord_grid,6,960,24025,14.0,25,0.80981,0.5654893943241665,3.815950019018991,88.52112190000116
gnn_rep__N8__line__seed6,gnn_qmix,coord_grid,6,961,24050,16.0,25,0.8096120833333333,0.59570791075627,3.547342816988627,88.5833375000002
gnn_rep__N8__line__seed6,gnn_qmix,coord_grid,6,962,24075,8.0,25,0.8094141666666667,0.4111690856516361,2.6470950643221536,88.6586986000002
gnn_rep__N8__line__seed6,gnn_qmix,coord_grid,6,963,24100,19.0,25,0.80921625,0.7599232494831085,3.09628697236379,88.74546719999853
gnn_rep__N8__line__seed6,gnn_qmix,coord_grid,6,964,24125,14.0,25,0.8090183333333334,0.6005876490048,3.5171928576060703,88.85168870000052
gnn_rep__N8__line__seed6,gnn_qmix,coord_grid,6,965,24150,10.0,25,0.8088204166666666,0.5907688488562902,2.9515482584635415,88.92796649999946
gnn_rep__N8__line__seed6,gnn_qmix,coord_grid,6,966,24175,11.0,25,0.8086225,0.6915122320254644,4.402042945226033,89.00869610000154
gnn_rep__N8__line__seed6,gnn_qmix,coord_grid,6,967,24200,10.0,25,0.8084245833333333,0.7426485642790794,3.3985832929611206,89.1304338000009
gnn_rep__N8__line__seed6,gnn_qmix,coord_grid,6,968,24225,14.0,25,0.8082266666666666,0.6899857478482383,9.555008513586861,89.18844850000096
gnn_rep__N8__line__seed6,gnn_qmix,coord_grid,6,969,24250,16.0,25,0.8080287500000001,0.4925759956240654,6.256938775380452,89.29420509999909
gnn_rep__N8__line__seed6,gnn_qmix,coord_grid,6,970,24275,9.0,25,0.8078308333333333,0.621550718943278,5.14426589012146,89.38361250000162
gnn_rep__N8__line__seed6,gnn_qmix,coord_grid,6,971,24300,8.0,25,0.8076329166666667,0.5458765725294749,5.141650915145874,89.45601389999865
gnn_rep__N8__line__seed6,gnn_qmix,coord_grid,6,972,24325,8.0,25,0.807435,0.5775284894875118,2.4412126541137695,89.556934799999
gnn_rep__N8__line__seed6,gnn_qmix,coord_grid,6,973,24350,17.0,25,0.8072370833333333,0.6314787566661835,2.7325403292973838,89.65301460000046
gnn_rep__N8__line__seed6,gnn_qmix,coord_grid,6,974,24375,7.0,25,0.8070391666666666,0.5831748992204666,3.504403909047445,89.75038109999878
gnn_rep__N8__line__seed6,gnn_qmix,coord_grid,6,975,24400,7.0,25,0.80684125,0.5898759365081787,5.055889626344045,89.84557910000149
gnn_rep__N8__line__seed6,gnn_qmix,coord_grid,6,976,24425,10.0,25,0.8066433333333334,0.8570101516587394,4.937866193907602,89.96564510000098
gnn_rep__N8__line__seed6,gnn_qmix,coord_grid,6,977,24450,9.0,25,0.8064454166666667,0.7962636848290762,3.125572164853414,90.07822859999942
gnn_rep__N8__line__seed6,gnn_qmix,coord_grid,6,978,24475,10.0,25,0.8062475,1.025240734219551,3.550639510154724,90.12451000000146
gnn_rep__N8__line__seed6,gnn_qmix,coord_grid,6,979,24500,10.0,25,0.8060495833333333,0.746583066880703,4.052697062492371,90.20557689999987
gnn_rep__N8__line__seed6,gnn_qmix,coord_grid,6,980,24525,18.0,25,0.8058516666666666,0.9804902289594922,4.541508504322597,90.30384649999905
gnn_rep__N8__line__seed6,gnn_qmix,coord_grid,6,981,24550,13.0,25,0.8056537500000001,0.800280749797821,3.5975956320762634,90.38514550000036
gnn_rep__N8__line__seed6,gnn_qmix,coord_grid,6,982,24575,8.0,25,0.8054558333333334,0.688030240436395,3.802787264188131,90.47910290000073
gnn_rep__N8__line__seed6,gnn_qmix,coord_grid,6,983,24600,9.0,25,0.8052579166666667,0.7743377387523651,3.6043676137924194,90.57538579999891
gnn_rep__N8__line__seed6,gnn_qmix,coord_grid,6,984,24625,14.0,25,0.80506,0.8023131617477962,3.1765116282871793,90.72667150000052
gnn_rep__N8__line__seed6,gnn_qmix,coord_grid,6,985,24650,10.0,25,0.8048620833333333,0.4068826250731945,2.846350292364756,90.8361705999996
gnn_rep__N8__line__seed6,gnn_qmix,coord_grid,6,986,24675,7.0,25,0.8046641666666667,0.7363262871901194,3.938782215118408,90.91851999999926
gnn_rep__N8__line__seed6,gnn_qmix,coord_grid,6,987,24700,14.0,25,0.8044662499999999,0.34358179072539013,2.7707919081052146,90.96510900000067
gnn_rep__N8__line__seed6,gnn_qmix,coord_grid,6,988,24725,9.0,25,0.8042683333333334,0.47441105970314573,3.232830694743565,91.05469399999856
gnn_rep__N8__line__seed6,gnn_qmix,coord_grid,6,989,24750,14.0,25,0.8040704166666667,0.6436909387509028,2.8285443981488547,91.15068750000137
gnn_rep__N8__line__seed6,gnn_qmix,coord_grid,6,990,24775,14.0,25,0.8038725,0.9916204114754995,2.52367236216863,91.21848390000014
gnn_rep__N8__line__seed6,gnn_qmix,coord_grid,6,991,24800,10.0,25,0.8036745833333333,0.5154924243688583,3.4215258955955505,91.33992529999887
gnn_rep__N8__line__seed6,gnn_qmix,coord_grid,6,992,24825,12.0,25,0.8034766666666666,0.8511541145188468,3.607195717947824,91.45658099999855
gnn_rep__N8__line__seed6,gnn_qmix,coord_grid,6,993,24850,8.0,25,0.80327875,0.7212233444054922,2.7480863531430564,91.56088200000158
gnn_rep__N8__line__seed6,gnn_qmix,coord_grid,6,994,24875,8.0,25,0.8030808333333334,0.3883757491906484,3.0343053738276162,91.62832519999938
gnn_rep__N8__line__seed6,gnn_qmix,coord_grid,6,995,24900,21.0,25,0.8028829166666667,0.833808737496535,3.737886587778727,91.70904159999918
gnn_rep__N8__line__seed6,gnn_qmix,coord_grid,6,996,24925,13.0,25,0.802685,0.5109699070453644,3.744157757077898,91.78770549999899
gnn_rep__N8__line__seed6,gnn_qmix,coord_grid,6,997,24950,10.0,25,0.8024870833333333,0.4919073109825452,4.923749049504598,91.93193489999976
gnn_rep__N8__line__seed6,gnn_qmix,coord_grid,6,998,24975,10.0,25,0.8022891666666667,0.5676160926620165,4.075681050618489,92.03819990000193
gnn_rep__N8__line__seed6,gnn_qmix,coord_grid,6,999,25000,8.0,25,0.80209125,0.3567206139365832,3.4991424878438315,92.16823099999965
gnn_rep__N8__line__seed6,gnn_qmix,coord_grid,6,1000,25025,9.0,25,0.8018933333333333,1.087243493114199,9.047730854579381,92.26331289999871
gnn_rep__N8__line__seed6,gnn_qmix,coord_grid,6,1001,25050,15.0,25,0.8016954166666667,0.700069064895312,7.401523590087891,92.34059290000005
gnn_rep__N8__line__seed6,gnn_qmix,coord_grid,6,1002,25075,12.0,25,0.8014975,0.6914868801832199,6.379603048165639,92.48135689999981
gnn_rep__N8__line__seed6,gnn_qmix,coord_grid,6,1003,25100,6.0,25,0.8012995833333334,0.48055269320805866,4.559731225172679,92.584965500002
gnn_rep__N8__line__seed6,gnn_qmix,coord_grid,6,1004,25125,16.0,25,0.8011016666666666,0.73649391744818,2.839737517493112,92.72318250000171
gnn_rep__N8__line__seed6,gnn_qmix,coord_grid,6,1005,25150,11.0,25,0.80090375,0.45430788149436313,5.137496550877889,92.85590460000094
gnn_rep__N8__line__seed6,gnn_qmix,coord_grid,6,1006,25175,8.0,25,0.8007058333333333,0.5152452488740286,3.6578511198361716,92.9232660000016
gnn_rep__N8__line__seed6,gnn_qmix,coord_grid,6,1007,25200,10.0,25,0.8005079166666667,0.974945992231369,3.557149350643158,93.03083870000046
gnn_rep__N8__line__seed6,gnn_qmix,coord_grid,6,1008,25225,7.0,25,0.8003100000000001,0.5231644096119064,3.691849708557129,93.16361210000105
gnn_rep__N8__line__seed6,gnn_qmix,coord_grid,6,1009,25250,10.0,25,0.8001120833333333,0.8826034267743429,3.470163623491923,93.28542930000185
gnn_rep__N8__line__seed6,gnn_qmix,coord_grid,6,1010,25275,14.0,25,0.7999141666666667,0.6945168475310007,3.8998777667681375,93.39394360000006
gnn_rep__N8__line__seed6,gnn_qmix,coord_grid,6,1011,25300,12.0,25,0.79971625,0.838065467774868,2.9814003308614097,93.44220689999929
gnn_rep__N8__line__seed6,gnn_qmix,coord_grid,6,1012,25325,27.0,25,0.7995183333333333,0.571975442980017,3.778876577104841,93.53064630000154
gnn_rep__N8__line__seed6,gnn_qmix,coord_grid,6,1013,25350,11.0,25,0.7993204166666666,0.6184277137120565,3.259010970592499,93.61005479999949
gnn_rep__N8__line__seed6,gnn_qmix,coord_grid,6,1014,25375,7.0,25,0.7991225,0.6293895617127419,3.2284809350967407,93.70306039999923
gnn_rep__N8__line__seed6,gnn_qmix,coord_grid,6,1015,25400,7.0,25,0.7989245833333334,0.3747902611891429,2.9781833489735923,93.77061550000144
gnn_rep__N8__line__seed6,gnn_qmix,coord_grid,6,1016,25425,9.0,25,0.7987266666666667,0.9167975442750114,5.1921169928142,93.85457519999909
gnn_rep__N8__line__seed6,gnn_qmix,coord_grid,6,1017,25450,11.0,25,0.79852875,1.0484115059177082,4.552276134490967,93.97419190000073
gnn_rep__N8__line__seed6,gnn_qmix,coord_grid,6,1018,25475,11.0,25,0.7983308333333333,0.799645741780599,6.276002665360768,94.04337579999992
gnn_rep__N8__line__seed6,gnn_qmix,coord_grid,6,1019,25500,12.0,25,0.7981329166666666,0.8683859507242838,7.098956306775411,94.11694960000023
gnn_rep__N8__line__seed6,gnn_qmix,coord_grid,6,1020,25525,10.0,25,0.7979350000000001,0.682318274463926,6.861057417733329,94.20540070000061
gnn_rep__N8__line__seed6,gnn_qmix,coord_grid,6,1021,25550,15.0,25,0.7977370833333334,0.9181406299273173,8.021824916203817,94.28533999999854
gnn_rep__N8__line__seed6,gnn_qmix,coord_grid,6,1022,25575,8.0,25,0.7975391666666667,0.764158234000206,6.374713242053986,94.36921620000066
gnn_rep__N8__line__seed6,gnn_qmix,coord_grid,6,1023,25600,7.0,25,0.79734125,0.5875934412082037,5.035665353139241,94.46843570000055
gnn_rep__N8__line__seed6,gnn_qmix,coord_grid,6,1024,25625,4.0,25,0.7971433333333333,0.6263421305588314,3.3652660506112233,94.56192490000103
gnn_rep__N8__line__seed6,gnn_qmix,coord_grid,6,1025,25650,8.0,25,0.7969454166666667,0.6699270680546761,5.3996909856796265,94.65764689999924
gnn_rep__N8__line__seed6,gnn_qmix,coord_grid,6,1026,25675,13.0,25,0.7967474999999999,0.8458638687928518,4.051726122697194,94.75474640000175
gnn_rep__N8__line__seed6,gnn_qmix,coord_grid,6,1027,25700,10.0,25,0.7965495833333334,0.5042436147729555,3.25593501329422,94.83267310000156
gnn_rep__N8__line__seed6,gnn_qmix,coord_grid,6,1028,25725,13.0,25,0.7963516666666667,0.39563254905598505,2.981414658682687,94.95651820000057
gnn_rep__N8__line__seed6,gnn_qmix,coord_grid,6,1029,25750,18.0,25,0.79615375,1.1815950175126393,2.797601342201233,95.03488990000187
gnn_rep__N8__line__seed6,gnn_qmix,coord_grid,6,1030,25775,5.0,25,0.7959558333333334,0.9361089070638021,4.007044533888499,95.15167460000157
gnn_rep__N8__line__seed6,gnn_qmix,coord_grid,6,1031,25800,13.0,25,0.7957579166666666,1.1116832395394642,3.9859608014424643,95.24121680000098
gnn_rep__N8__line__seed6,gnn_qmix,coord_grid,6,1032,25825,9.0,25,0.79556,1.2042014130524226,9.342906066349574,95.37002579999898
gnn_rep__N8__line__seed6,gnn_qmix,coord_grid,6,1033,25850,10.0,25,0.7953620833333334,0.8361394703388214,6.86530081431071,95.46618949999902
gnn_rep__N8__line__seed6,gnn_qmix,coord_grid,6,1034,25875,11.0,25,0.7951641666666667,0.9725062549114227,6.016560475031535,95.52673850000065
gnn_rep__N8__line__seed6,gnn_qmix,coord_grid,6,1035,25900,17.0,25,0.79496625,0.6610103671749433,5.43979287147522,95.63849920000212
gnn_rep__N8__line__seed6,gnn_qmix,coord_grid,6,1036,25925,12.0,25,0.7947683333333333,0.6982581700597491,7.726212535585676,95.74697620000006
gnn_rep__N8__line__seed6,gnn_qmix,coord_grid,6,1037,25950,12.0,25,0.7945704166666667,0.6279885893066725,8.573351621627808,95.80936070000098
gnn_rep__N8__line__seed6,gnn_qmix,coord_grid,6,1038,25975,12.0,25,0.7943725,1.0038074168066184,6.686596314112346,95.89538420000099
gnn_rep__N8__line__seed6,gnn_qmix,coord_grid,6,1039,26000,14.0,25,0.7941745833333334,0.867566188176473,7.350241978963216,95.967747900002
gnn_rep__N8__line__seed6,gnn_qmix,coord_grid,6,1040,26025,12.0,25,0.7939766666666667,0.4448974132537842,4.132649796349662,96.08860189999905
gnn_rep__N8__line__seed6,gnn_qmix,coord_grid,6,1041,26050,9.0,25,0.79377875,0.6745016102989515,4.37651123603185,96.16044770000008
gnn_rep__N8__line__seed6,gnn_qmix,coord_grid,6,1042,26075,23.0,25,0.7935808333333334,0.43763676782449085,2.215741733709971,96.25152810000145
gnn_rep__N8__line__seed6,gnn_qmix,coord_grid,6,1043,26100,8.0,25,0.7933829166666667,0.3870522727568944,3.1100172996520996,96.31834660000095
gnn_rep__N8__line__seed6,gnn_qmix,coord_grid,6,1044,26125,11.0,25,0.793185,0.6418659793479102,2.478673815727234,96.4357725000009
gnn_rep__N8__line__seed6,gnn_qmix,coord_grid,6,1045,26150,20.0,25,0.7929870833333333,0.6403039942185084,3.0366643269856772,96.52561079999941
gnn_rep__N8__line__seed6,gnn_qmix,coord_grid,6,1046,26175,13.0,25,0.7927891666666667,0.8548867106437683,2.6144548654556274,96.60810349999883
gnn_rep__N8__line__seed6,gnn_qmix,coord_grid,6,1047,26200,10.0,25,0.7925912500000001,0.5923834890127182,3.811849812666575,96.74689439999929
gnn_rep__N8__line__seed6,gnn_qmix,coord_grid,6,1048,26225,13.0,25,0.7923933333333333,0.5627403514725822,3.3384353603635515,96.89334529999905
gnn_rep__N8__line__seed6,gnn_qmix,coord_grid,6,1049,26250,18.0,25,0.7921954166666667,0.8104823082685471,3.3595383961995444,97.02496660000179
gnn_rep__N8__line__seed6,gnn_qmix,coord_grid,6,1050,26275,14.0,25,0.7919975,0.5419822856783867,5.186683615048726,97.10946100000001
gnn_rep__N8__line__seed6,gnn_qmix,coord_grid,6,1051,26300,17.0,25,0.7917995833333333,0.527357142418623,4.861024936040242,97.19489819999944
gnn_rep__N8__line__seed6,gnn_qmix,coord_grid,6,1052,26325,10.0,25,0.7916016666666666,0.7635689718382699,3.9267522607530867,97.29986220000137
gnn_rep__N8__line__seed6,gnn_qmix,coord_grid,6,1053,26350,5.0,25,0.79140375,0.6093240330616633,3.269777258237203,97.39547170000151
gnn_rep__N8__line__seed6,gnn_qmix,coord_grid,6,1054,26375,8.0,25,0.7912058333333334,0.7190248693029085,4.371923208236694,97.50279199999932
gnn_rep__N8__line__seed6,gnn_qmix,coord_grid,6,1055,26400,11.0,25,0.7910079166666667,0.6872953847050667,3.4209808905919394,97.61434340000051
gnn_rep__N8__line__seed6,gnn_qmix,coord_grid,6,1056,26425,8.0,25,0.79081,0.724589507494654,2.589732187134879,97.66085229999953
gnn_rep__N8__line__seed6,gnn_qmix,coord_grid,6,1057,26450,7.0,25,0.7906120833333333,0.6979603171348572,2.901663362979889,97.74005970000144
gnn_rep__N8__line__seed6,gnn_qmix,coord_grid,6,1058,26475,8.0,25,0.7904141666666666,0.9234583477179209,4.108974754810333,97.84075429999939
gnn_rep__N8__line__seed6,gnn_qmix,coord_grid,6,1059,26500,15.0,25,0.7902162500000001,0.7494853312770525,5.552568972110748,97.95242779999899
gnn_rep__N8__line__seed6,gnn_qmix,coord_grid,6,1060,26525,10.0,25,0.7900183333333334,0.9123929472906249,6.0549790518624445,98.05325889999949
gnn_rep__N8__line__seed6,gnn_qmix,coord_grid,6,1061,26550,10.0,25,0.7898204166666667,0.5213554973403612,6.830900510152181,98.13479830000142
gnn_rep__N8__line__seed6,gnn_qmix,coord_grid,6,1062,26575,7.0,25,0.7896225,0.7096300373474757,5.444872756799062,98.23441939999975
gnn_rep__N8__line__seed6,gnn_qmix,coord_grid,6,1063,26600,16.0,25,0.7894245833333333,0.8626388510068258,5.7152847448984785,98.31063930000164
gnn_rep__N8__line__seed6,gnn_qmix,coord_grid,6,1064,26625,13.0,25,0.7892266666666667,0.6208679037434714,11.573469894272941,98.429509900001
gnn_rep__N8__line__seed6,gnn_qmix,coord_grid,6,1065,26650,16.0,25,0.7890287500000001,0.9521815218031406,8.230536659558615,98.5764448000009
gnn_rep__N8__line__seed6,gnn_qmix,coord_grid,6,1066,26675,17.0,25,0.7888308333333334,0.6658317099014918,8.54935590426127,98.65075739999884
gnn_rep__N8__line__seed6,gnn_qmix,coord_grid,6,1067,26700,5.0,25,0.7886329166666667,0.7537625432014465,7.106065591176351,98.7365264
gnn_rep__N8__line__seed6,gnn_qmix,coord_grid,6,1068,26725,11.0,25,0.788435,0.7491876525538308,4.563643114907401,98.84132849999878
gnn_rep__N8__line__seed6,gnn_qmix,coord_grid,6,1069,26750,11.0,25,0.7882370833333333,0.6907339741786321,3.0145923296610513,98.90737330000047
gnn_rep__N8__line__seed6,gnn_qmix,coord_grid,6,1070,26775,18.0,25,0.7880391666666666,0.7617237791419029,3.5221834977467856,98.99929909999992
gnn_rep__N8__line__seed6,gnn_qmix,coord_grid,6,1071,26800,18.0,25,0.78784125,0.984540656208992,4.0867578983306885,99.09248750000188
gnn_rep__N8__line__seed6,gnn_qmix,coord_grid,6,1072,26825,9.0,25,0.7876433333333334,0.7371970074517387,4.2747838497161865,99.15218209999875
gnn_rep__N8__line__seed6,gnn_qmix,coord_grid,6,1073,26850,9.0,25,0.7874454166666667,0.8141131475567818,3.541271428267161,99.27368760000172
gnn_rep__N8__line__seed6,gnn_qmix,coord_grid,6,1074,26875,13.0,25,0.7872475,1.0944136281808217,3.681847850481669,99.36846739999964
gnn_rep__N8__line__seed6,gnn_qmix,coord_grid,6,1075,26900,10.0,25,0.7870495833333333,0.8013495604197184,4.139339864253998,99.44198260000121
gnn_rep__N8__line__seed6,gnn_qmix,coord_grid,6,1076,26925,7.0,25,0.7868516666666667,0.6705344234194074,3.556485414505005,99.56125790000078
gnn_rep__N8__line__seed6,gnn_qmix,coord_grid,6,1077,26950,15.0,25,0.78665375,0.6124750599265099,3.24938303232193,99.6233624000015
gnn_rep__N8__line__seed6,gnn_qmix,coord_grid,6,1078,26975,11.0,25,0.7864558333333334,0.46895169218381244,3.2861394683519998,99.69504589999997
gnn_rep__N8__line__seed6,gnn_qmix,coord_grid,6,1079,27000,9.0,25,0.7862579166666667,0.7015654444694519,3.910724918047587,99.77229649999936
gnn_rep__N8__line__seed6,gnn_qmix,coord_grid,6,1080,27025,13.0,25,0.78606,0.7052195753370013,2.8119734014783586,99.87181219999911
gnn_rep__N8__line__seed6,gnn_qmix,coord_grid,6,1081,27050,5.0,25,0.7858620833333334,0.7173745408654213,3.658439556757609,99.95195230000172
gnn_rep__N8__line__seed6,gnn_qmix,coord_grid,6,1082,27075,3.0,25,0.7856641666666667,0.5561778644720713,3.575906753540039,100.02545040000041
gnn_rep__N8__line__seed6,gnn_qmix,coord_grid,6,1083,27100,9.0,25,0.78546625,0.4309130261341731,4.392902652422587,100.10788390000016
gnn_rep__N8__line__seed6,gnn_qmix,coord_grid,6,1084,27125,15.0,25,0.7852683333333333,0.6824223367231232,4.834649545805795,100.1872269000014
gnn_rep__N8__line__seed6,gnn_qmix,coord_grid,6,1085,27150,23.0,25,0.7850704166666667,0.8686418707172076,4.5799938042958575,100.27408320000177
gnn_rep__N8__line__seed6,gnn_qmix,coord_grid,6,1086,27175,9.0,25,0.7848725,0.941594218214353,4.5161106189092,100.34125530000165
gnn_rep__N8__line__seed6,gnn_qmix,coord_grid,6,1087,27200,10.0,25,0.7846745833333333,0.5445801677803198,5.565997203191121,100.4364358999992
gnn_rep__N8__line__seed6,gnn_qmix,coord_grid,6,1088,27225,18.0,25,0.7844766666666667,0.8994598856994084,5.905901534216745,100.56755319999866
gnn_rep__N8__line__seed6,gnn_qmix,coord_grid,6,1089,27250,11.0,25,0.78427875,0.7913396755854288,4.036425292491913,100.65107740000167
gnn_rep__N8__line__seed6,gnn_qmix,coord_grid,6,1090,27275,11.0,25,0.7840808333333333,1.1029975910981495,3.3585903644561768,100.69752879999942
gnn_rep__N8__line__seed6,gnn_qmix,coord_grid,6,1091,27300,16.0,25,0.7838829166666667,0.8529748171567917,3.2335384289423623,100.79301820000182
gnn_rep__N8__line__seed6,gnn_qmix,coord_grid,6,1092,27325,15.0,25,0.783685,0.6135355170283999,2.9349337135042464,100.87258650000149
gnn_rep__N8__line__seed6,gnn_qmix,coord_grid,6,1093,27350,7.0,25,0.7834870833333334,0.8551006068785986,4.775195260842641,101.02071160000196
gnn_rep__N8__line__seed6,gnn_qmix,coord_grid,6,1094,27375,5.0,25,0.7832891666666667,0.7023657411336899,3.498096148173014,101.12255419999929
gnn_rep__N8__line__seed6,gnn_qmix,coord_grid,6,1095,27400,9.0,25,0.78309125,0.7757837461928526,4.179634769757588,101.26987860000008
gnn_rep__N8__line__seed6,gnn_qmix,coord_grid,6,1096,27425,12.0,25,0.7828933333333333,0.7521089911460876,11.853546517235893,101.37655580000137
gnn_rep__N8__line__seed6,gnn_qmix,coord_grid,6,1097,27450,13.0,25,0.7826954166666666,0.9237864464521408,8.985892534255981,101.4501866999999
gnn_rep__N8__line__seed6,gnn_qmix,coord_grid,6,1098,27475,14.0,25,0.7824975000000001,0.7436681042114893,6.977730949719747,101.59402219999902
gnn_rep__N8__line__seed6,gnn_qmix,coord_grid,6,1099,27500,17.0,25,0.7822995833333334,0.6680155371626219,6.896489342053731,101.68596059999982
gnn_rep__N8__line__seed6,gnn_qmix,coord_grid,6,1100,27525,10.0,25,0.7821016666666667,0.7454746684857777,5.331574814660208,101.76049730000159
gnn_rep__N8__line__seed6,gnn_qmix,coord_grid,6,1101,27550,6.0,25,0.78190375,0.6451665783921877,3.4045319159825644,101.87502840000161
gnn_rep__N8__line__seed6,gnn_qmix,coord_grid,6,1102,27575,11.0,25,0.7817058333333333,0.7444643179575602,4.2286430199941,101.92622670000128
gnn_rep__N8__line__seed6,gnn_qmix,coord_grid,6,1103,27600,11.0,25,0.7815079166666666,1.0962607860565186,3.893966476122538,101.99975489999997
gnn_rep__N8__line__seed6,gnn_qmix,coord_grid,6,1104,27625,16.0,25,0.7813100000000001,1.0132153970854623,5.722942743982587,102.11468139999852
gnn_rep__N8__line__seed6,gnn_qmix,coord_grid,6,1105,27650,15.0,25,0.7811120833333334,0.8677226006984711,4.708245436350505,102.21924130000116
gnn_rep__N8__line__seed6,gnn_qmix,coord_grid,6,1106,27675,10.0,25,0.7809141666666667,0.6717825382947922,5.572972933451335,102.32844420000038
gnn_rep__N8__line__seed6,gnn_qmix,coord_grid,6,1107,27700,16.0,25,0.78071625,0.9105285356442133,4.753736178080241,102.39057799999864
gnn_rep__N8__line__seed6,gnn_qmix,coord_grid,6,1108,27725,8.0,25,0.7805183333333333,0.7322875048433032,4.293354221752712,102.50109340000199
gnn_rep__N8__line__seed6,gnn_qmix,coord_grid,6,1109,27750,8.0,25,0.7803204166666666,1.028596118092537,4.255654573440552,102.63755260000107
gnn_rep__N8__line__seed6,gnn_qmix,coord_grid,6,1110,27775,14.0,25,0.7801225,0.555162159105142,4.277518669764201,102.72768989999895
gnn_rep__N8__line__seed6,gnn_qmix,coord_grid,6,1111,27800,10.0,25,0.7799245833333334,0.8169341534376144,4.051007429758708,102.84894870000062
gnn_rep__N8__line__seed6,gnn_qmix,coord_grid,6,1112,27825,18.0,25,0.7797266666666667,0.5543144547513553,2.650675995009286,102.92781870000181
gnn_rep__N8__line__seed6,gnn_qmix,coord_grid,6,1113,27850,10.0,25,0.77952875,0.5137315305570761,4.257196366786957,103.02116400000159
gnn_rep__N8__line__seed6,gnn_qmix,coord_grid,6,1114,27875,11.0,25,0.7793308333333333,1.2679205238819122,4.39206447203954,103.1165484000012
gnn_rep__N8__line__seed6,gnn_qmix,coord_grid,6,1115,27900,20.0,25,0.7791329166666667,0.7421598235766093,4.127855221430461,103.2416168000018
gnn_rep__N8__line__seed6,gnn_qmix,coord_grid,6,1116,27925,12.0,25,0.778935,0.7372487698282514,5.257583345685687,103.33262979999927
gnn_rep__N8__line__seed6,gnn_qmix,coord_grid,6,1117,27950,14.0,25,0.7787370833333334,0.6450720901290575,2.8885489106178284,103.41028509999887
gnn_rep__N8__line__seed6,gnn_qmix,coord_grid,6,1118,27975,7.0,25,0.7785391666666667,0.5913811177015305,3.6895598769187927,103.5327698000001
gnn_rep__N8__line__seed6,gnn_qmix,coord_grid,6,1119,28000,21.0,25,0.77834125,0.8139436642328898,3.2877601186434426,103.6394747000013
gnn_rep__N8__line__seed6,gnn_qmix,coord_grid,6,1120,28025,20.0,25,0.7781433333333333,0.65347428300551,2.743754437991551,103.73587269999916
gnn_rep__N8__line__seed6,gnn_qmix,coord_grid,6,1121,28050,16.0,25,0.7779454166666667,0.6672048245867094,3.561144232749939,103.84467249999943
gnn_rep__N8__line__seed6,gnn_qmix,coord_grid,6,1122,28075,17.0,25,0.7777475,0.6491334736347198,3.4959259827931723,103.93859950000115
gnn_rep__N8__line__seed6,gnn_qmix,coord_grid,6,1123,28100,11.0,25,0.7775495833333333,0.9401821990807852,3.217921813329061,103.99821410000004
gnn_rep__N8__line__seed6,gnn_qmix,coord_grid,6,1124,28125,3.0,25,0.7773516666666667,0.7123005454029355,4.143923486982073,104.07754430000205
gnn_rep__N8__line__seed6,gnn_qmix,coord_grid,6,1125,28150,13.0,25,0.77715375,1.1009754339853923,2.825577676296234,104.15066189999925
gnn_rep__N8__line__seed6,gnn_qmix,coord_grid,6,1126,28175,13.0,25,0.7769558333333333,0.3054591827094555,4.863361199696858,104.22335450000173
gnn_rep__N8__line__seed6,gnn_qmix,coord_grid,6,1127,28200,19.0,25,0.7767579166666667,0.6393288945158323,4.302934646606445,104.31379609999931
gnn_rep__N8__line__seed6,gnn_qmix,coord_grid,6,1128,28225,8.0,25,0.77656,0.9556648795093808,11.017484085900444,104.41328989999965
gnn_rep__N8__line__seed6,gnn_qmix,coord_grid,6,1129,28250,18.0,25,0.7763620833333333,0.6516338487466177,10.490440686543783,104.49497139999949
gnn_rep__N8__line__seed6,gnn_qmix,coord_grid,6,1130,28275,10.0,25,0.7761641666666667,0.8851229051748911,6.231616536776225,104.57443240000066
gnn_rep__N8__line__seed6,gnn_qmix,coord_grid,6,1131,28300,15.0,25,0.77596625,0.8304217706123987,4.318494359652202,104.66923899999892
gnn_rep__N8__line__seed6,gnn_qmix,coord_grid,6,1132,28325,4.0,25,0.7757683333333334,0.8491274182285581,3.612222364970616,104.76463710000098
gnn_rep__N8__line__seed6,gnn_qmix,coord_grid,6,1133,28350,16.0,25,0.7755704166666667,1.0593682676553726,2.6679972410202026,104.85968589999902
gnn_rep__N8__line__seed6,gnn_qmix,coord_grid,6,1134,28375,8.0,25,0.7753725,0.858987549940745,2.762884179751078,104.95260079999935
gnn_rep__N8__line__seed6,gnn_qmix,coord_grid,6,1135,28400,11.0,25,0.7751745833333333,0.7066967537005743,5.698730389277141,105.04114140000092
gnn_rep__N8__line__seed6,gnn_qmix,coord_grid,6,1136,28425,11.0,25,0.7749766666666666,0.7757714369467327,3.113145010811942,105.11042979999911
gnn_rep__N8__line__seed6,gnn_qmix,coord_grid,6,1137,28450,9.0,25,0.7747787500000001,0.6914492323994637,3.083284298578898,105.24879919999876
gnn_rep__N8__line__seed6,gnn_qmix,coord_grid,6,1138,28475,13.0,25,0.7745808333333333,0.6546266476313273,2.5203973849614463,105.31131319999986
gnn_rep__N8__line__seed6,gnn_qmix,coord_grid,6,1139,28500,9.0,25,0.7743829166666667,0.3169513021906217,3.1107651789983115,105.42651169999954
gnn_rep__N8__line__seed6,gnn_qmix,coord_grid,6,1140,28525,9.0,25,0.774185,1.0544977017811366,2.7890706402914867,105.51486809999915
gnn_rep__N8__line__seed6,gnn_qmix,coord_grid,6,1141,28550,18.0,25,0.7739870833333333,1.0262098362048466,5.367419958114624,105.58797160000177
gnn_rep__N8__line__seed6,gnn_qmix,coord_grid,6,1142,28575,19.0,25,0.7737891666666666,1.1701352248589199,9.650928537050882,105.71610009999858
gnn_rep__N8__line__seed6,gnn_qmix,coord_grid,6,1143,28600,11.0,25,0.77359125,0.9475619594256083,7.980339745680491,105.82804450000185
gnn_rep__N8__line__seed6,gnn_qmix,coord_grid,6,1144,28625,10.0,25,0.7733933333333334,0.9303748969520841,7.8139119148254395,105.92955879999863
gnn_rep__N8__line__seed6,gnn_qmix,coord_grid,6,1145,28650,10.0,25,0.7731954166666667,1.0317828456560771,7.3974703550338745,105.99438490000102
gnn_rep__N8__line__seed6,gnn_qmix,coord_grid,6,1146,28675,9.0,25,0.7729975,0.6167457302411398,6.46376504500707,106.09928890000083
gnn_rep__N8__line__seed6,gnn_qmix,coord_grid,6,1147,28700,3.0,25,0.7727995833333333,0.4454236676295598,7.239669402440389,106.16832710000017
gnn_rep__N8__line__seed6,gnn_qmix,coord_grid,6,1148,28725,10.0,25,0.7726016666666666,0.7729519563061851,4.472863180296762,106.28212799999892
gnn_rep__N8__line__seed6,gnn_qmix,coord_grid,6,1149,28750,11.0,25,0.7724037500000001,0.6790952881177267,5.399130702018738,106.37382350000189
gnn_rep__N8__line__seed6,gnn_qmix,coord_grid,6,1150,28775,11.0,25,0.7722058333333334,0.7848582888642947,4.492698987325032,106.4424027999994
gnn_rep__N8__line__seed6,gnn_qmix,coord_grid,6,1151,28800,7.0,25,0.7720079166666667,0.645826113720735,3.117847661177317,106.52911890000178
gnn_rep__N8__line__seed6,gnn_qmix,coord_grid,6,1152,28825,19.0,25,0.77181,0.7456132428986686,3.5221396003450667,106.60858390000067
gnn_rep__N8__line__seed6,gnn_qmix,coord_grid,6,1153,28850,18.0,25,0.7716120833333333,0.6340214796364307,3.26129686832428,106.67686250000042
gnn_rep__N8__line__seed6,gnn_qmix,coord_grid,6,1154,28875,9.0,25,0.7714141666666667,1.0708659465114276,6.689257065455119,106.76891329999853
gnn_rep__N8__line__seed6,gnn_qmix,coord_grid,6,1155,28900,9.0,25,0.7712162499999999,0.8299431477983793,4.8659308552742,106.85131779999938
gnn_rep__N8__line__seed6,gnn_qmix,coord_grid,6,1156,28925,13.0,25,0.7710183333333334,0.4559110424348286,3.4512250082833424,106.93856890000097
gnn_rep__N8__line__seed6,gnn_qmix,coord_grid,6,1157,28950,14.0,25,0.7708204166666667,0.837598850329717,4.915494362513225,107.03586780000114
gnn_rep__N8__line__seed6,gnn_qmix,coord_grid,6,1158,28975,10.0,25,0.7706225,0.9230047836899757,3.885940909385681,107.11050329999853
gnn_rep__N8__line__seed6,gnn_qmix,coord_grid,6,1159,29000,20.0,25,0.7704245833333333,0.8325199782848358,3.63057812054952,107.2094173000005
gnn_rep__N8__line__seed6,gnn_qmix,coord_grid,6,1160,29025,11.0,25,0.7702266666666666,0.9691242298909596,10.662733520780291,107.29494630000045
gnn_rep__N8__line__seed6,gnn_qmix,coord_grid,6,1161,29050,16.0,25,0.77002875,1.1346852133671443,10.122183044751486,107.39271089999966
gnn_rep__N8__line__seed6,gnn_qmix,coord_grid,6,1162,29075,21.0,25,0.7698308333333334,0.9471888765692711,5.480991919835408,107.4971618999989
gnn_rep__N8__line__seed6,gnn_qmix,coord_grid,6,1163,29100,24.0,25,0.7696329166666667,0.8317115604877472,4.4522585074106855,107.59519129999899
gnn_rep__N8__line__seed6,gnn_qmix,coord_grid,6,1164,29125,12.0,25,0.769435,0.8315629746232714,4.2158549683434625,107.67838490000213
gnn_rep__N8__line__seed6,gnn_qmix,coord_grid,6,1165,29150,11.0,25,0.7692370833333333,0.7005671709775925,3.9151378075281777,107.78795869999885
gnn_rep__N8__line__seed6,gnn_qmix,coord_grid,6,1166,29175,16.0,25,0.7690391666666667,0.9691292842229208,4.185851474603017,107.93880669999999
gnn_rep__N8__line__seed6,gnn_qmix,coord_grid,6,1167,29200,15.0,25,0.76884125,0.7879315763711929,5.0658014218012495,108.05508860000191
gnn_rep__N8__line__seed6,gnn_qmix,coord_grid,6,1168,29225,16.0,25,0.7686433333333333,1.1724634681429182,6.067694016865322,108.1719763000001
gnn_rep__N8__line__seed6,gnn_qmix,coord_grid,6,1169,29250,10.0,25,0.7684454166666667,0.7098669484257698,4.47320036093394,108.29027180000048
gnn_rep__N8__line__seed6,gnn_qmix,coord_grid,6,1170,29275,14.0,25,0.7682475,0.7782178719838461,4.256270130475362,108.37884330000088
gnn_rep__N8__line__seed6,gnn_qmix,coord_grid,6,1171,29300,24.0,25,0.7680495833333334,0.7848059286673864,3.0470540722211203,108.43269489999875
gnn_rep__N8__line__seed6,gnn_qmix,coord_grid,6,1172,29325,15.0,25,0.7678516666666666,0.9783436528273991,3.379766379083906,108.52656950000164
gnn_rep__N8__line__seed6,gnn_qmix,coord_grid,6,1173,29350,11.0,25,0.76765375,0.9512527113159498,4.675847252209981,108.61841450000065
gnn_rep__N8__line__seed6,gnn_qmix,coord_grid,6,1174,29375,12.0,25,0.7674558333333333,1.120565560956796,5.385822971661885,108.7392351999988
gnn_rep__N8__line__seed6,gnn_qmix,coord_grid,6,1175,29400,6.0,25,0.7672579166666667,0.606953983505567,2.465049624443054,108.83271550000063
gnn_rep__N8__line__seed6,gnn_qmix,coord_grid,6,1176,29425,13.0,25,0.7670600000000001,0.5824819111398288,2.6115955795560564,108.894252099999
gnn_rep__N8__line__seed6,gnn_qmix,coord_grid,6,1177,29450,1.0,25,0.7668620833333333,0.9423055797815323,3.6362194617589316,108.97838950000005
gnn_rep__N8__line__seed6,gnn_qmix,coord_grid,6,1178,29475,17.0,25,0.7666641666666667,1.1595072001218796,5.070141990979512,109.06671949999873
gnn_rep__N8__line__seed6,gnn_qmix,coord_grid,6,1179,29500,14.0,25,0.76646625,0.7640842472513517,4.325097680091858,109.13452899999902
gnn_rep__N8__line__seed6,gnn_qmix,coord_grid,6,1180,29525,13.0,25,0.7662683333333333,0.8117034264973232,3.875134365899222,109.2039791999996
gnn_rep__N8__line__seed6,gnn_qmix,coord_grid,6,1181,29550,12.0,25,0.7660704166666666,0.7092954938610395,2.748586575190226,109.3024886000021
gnn_rep__N8__line__seed6,gnn_qmix,coord_grid,6,1182,29575,11.0,25,0.7658725,1.1445976595083873,4.75481394926707,109.38218459999916
gnn_rep__N8__line__seed6,gnn_qmix,coord_grid,6,1183,29600,15.0,25,0.7656745833333334,1.1161304811636608,3.652404805024465,109.46723230000134
gnn_rep__N8__line__seed6,gnn_qmix,coord_grid,6,1184,29625,9.0,25,0.7654766666666667,0.863144406250545,3.6576052052634105,109.61235899999883
gnn_rep__N8__line__seed6,gnn_qmix,coord_grid,6,1185,29650,8.0,25,0.76527875,0.9581834549705187,2.9715240597724915,109.72333979999894
gnn_rep__N8__line__seed6,gnn_qmix,coord_grid,6,1186,29675,17.0,25,0.7650808333333333,0.8590899656216303,4.264488061269124,109.81086430000141
gnn_rep__N8__line__seed6,gnn_qmix,coord_grid,6,1187,29700,17.0,25,0.7648829166666666,0.7899624953667322,3.2772388060887656,109.89686970000184
gnn_rep__N8__line__seed6,gnn_qmix,coord_grid,6,1188,29725,10.0,25,0.7646850000000001,0.6005718218428748,3.5768268278666904,109.99974389999988
gnn_rep__N8__line__seed6,gnn_qmix,coord_grid,6,1189,29750,12.0,25,0.7644870833333334,0.7157658636569977,4.808967769145966,110.0866758000011
gnn_rep__N8__line__seed6,gnn_qmix,coord_grid,6,1190,29775,11.0,25,0.7642891666666667,0.9426731665929159,6.106708725293477,110.18347079999876
gnn_rep__N8__line__seed6,gnn_qmix,coord_grid,6,1191,29800,15.0,25,0.76409125,0.6044149696826935,4.469492952028911,110.26557099999991
gnn_rep__N8__line__seed6,gnn_qmix,coord_grid,6,1192,29825,6.0,25,0.7638933333333333,0.8337609874350684,12.767695461000715,110.3496679000018
gnn_rep__N8__line__seed6,gnn_qmix,coord_grid,6,1193,29850,17.0,25,0.7636954166666667,0.7367632699509462,8.339935938517252,110.46262500000012
gnn_rep__N8__line__seed6,gnn_qmix,coord_grid,6,1194,29875,12.0,25,0.7634974999999999,1.0335872694849968,8.571779012680054,110.55180879999898
gnn_rep__N8__line__seed6,gnn_qmix,coord_grid,6,1195,29900,17.0,25,0.7632995833333334,0.9521194597085317,9.71258536974589,110.66038739999931
gnn_rep__N8__line__seed6,gnn_qmix,coord_grid,6,1196,29925,17.0,25,0.7631016666666667,1.0370915510824747,6.703371661049979,110.76750220000031
gnn_rep__N8__line__seed6,gnn_qmix,coord_grid,6,1197,29950,12.0,25,0.76290375,1.3641334970792134,6.256677945454915,110.84536350000053
gnn_rep__N8__line__seed6,gnn_qmix,coord_grid,6,1198,29975,17.0,25,0.7627058333333334,0.7855838909745216,7.968275626500447,110.8907646000007
gnn_rep__N8__line__seed6,gnn_qmix,coord_grid,6,1199,30000,9.0,25,0.7625079166666666,0.5322335138916969,5.440593083699544,110.96355390000099
gnn_rep__N8__line__seed6,gnn_qmix,coord_grid,6,1200,30025,9.0,25,0.76231,0.5137251083339963,5.326081786836896,111.04448799999955
gnn_rep__N8__line__seed6,gnn_qmix,coord_grid,6,1201,30050,14.0,25,0.7621120833333334,0.6713520834843317,6.456509153048198,111.10535140000138
gnn_rep__N8__line__seed6,gnn_qmix,coord_grid,6,1202,30075,12.0,25,0.7619141666666667,0.9761491765578588,7.165916085243225,111.19312360000185
gnn_rep__N8__line__seed6,gnn_qmix,coord_grid,6,1203,30100,11.0,25,0.76171625,1.0733241736888885,4.346215009689331,111.27563010000085
gnn_rep__N8__line__seed6,gnn_qmix,coord_grid,6,1204,30125,20.0,25,0.7615183333333333,0.4811104897941862,4.011012826647077,111.39435330000197
gnn_rep__N8__line__seed6,gnn_qmix,coord_grid,6,1205,30150,16.0,25,0.7613204166666667,0.8893380363782247,5.499309142430623,111.45876480000152
gnn_rep__N8__line__seed6,gnn_qmix,coord_grid,6,1206,30175,15.0,25,0.7611225,0.7398449207345644,7.400157769521077,111.53792880000037
gnn_rep__N8__line__seed6,gnn_qmix,coord_grid,6,1207,30200,9.0,25,0.7609245833333333,0.7630368595321974,4.4669932921727495,111.61852790000194
gnn_rep__N8__line__seed6,gnn_qmix,coord_grid,6,1208,30225,10.0,25,0.7607266666666667,1.0208436389054572,3.528646094458444,111.70748150000145
gnn_rep__N8__line__seed6,gnn_qmix,coord_grid,6,1209,30250,13.0,25,0.76052875,0.8065934007366499,6.153702815373738,111.78472740000143
gnn_rep__N8__line__seed6,gnn_qmix,coord_grid,6,1210,30275,9.0,25,0.7603308333333333,1.1046996588508289,4.717058579126994,111.8379062999993
gnn_rep__N8__line__seed6,gnn_qmix,coord_grid,6,1211,30300,7.0,25,0.7601329166666667,0.8896882434686025,6.372230768203735,111.94076610000047
gnn_rep__N8__line__seed6,gnn_qmix,coord_grid,6,1212,30325,15.0,25,0.759935,0.7293487978833062,5.852472305297852,112.10554870000124
gnn_rep__N8__line__seed6,gnn_qmix,coord_grid,6,1213,30350,17.0,25,0.7597370833333333,0.5515404492616653,4.832637310028076,112.2180326000016
gnn_rep__N8__line__seed6,gnn_qmix,coord_grid,6,1214,30375,17.0,25,0.7595391666666667,1.4257144679625828,5.305277605851491,112.30794679999963
gnn_rep__N8__line__seed6,gnn_qmix,coord_grid,6,1215,30400,8.0,25,0.75934125,1.0997859885295231,6.6399305661519366,112.36515470000086
gnn_rep__N8__line__seed6,gnn_qmix,coord_grid,6,1216,30425,11.0,25,0.7591433333333333,0.731503107718059,3.555008922304426,112.44511780000175
gnn_rep__N8__line__seed6,gnn_qmix,coord_grid,6,1217,30450,6.0,25,0.7589454166666667,0.5660317117969195,4.422322193781535,112.51776769999924
gnn_rep__N8__line__seed6,gnn_qmix,coord_grid,6,1218,30475,8.0,25,0.7587475,0.7418050790826479,5.863727768262227,112.59200380000038
gnn_rep__N8__line__seed6,gnn_qmix,coord_grid,6,1219,30500,12.0,25,0.7585495833333333,0.5654370797177156,3.9552775224049888,112.66803269999946
gnn_rep__N8__line__seed6,gnn_qmix,coord_grid,6,1220,30525,12.0,25,0.7583516666666666,0.9832121644701276,3.1377816029957364,112.72508169999855
gnn_rep__N8__line__seed6,gnn_qmix,coord_grid,6,1221,30550,8.0,25,0.75815375,0.9473166763782501,4.140886684258779,112.86912419999862
gnn_rep__N8__line__seed6,gnn_qmix,coord_grid,6,1222,30575,11.0,25,0.7579558333333334,0.8945036605000496,4.736496925354004,112.91372079999928
gnn_rep__N8__line__seed6,gnn_qmix,coord_grid,6,1223,30600,15.0,25,0.7577579166666667,1.410974770784378,4.573116461435954,112.98155190000034
gnn_rep__N8__line__seed6,gnn_qmix,coord_grid,6,1224,30625,15.0,25,0.75756,1.3471810136522566,12.21057231085641,113.10616260000097
gnn_rep__N8__line__seed6,gnn_qmix,coord_grid,6,1225,30650,14.0,25,0.7573620833333333,0.9647855212291082,10.654041528701782,113.23131550000107
gnn_rep__N8__line__seed6,gnn_qmix,coord_grid,6,1226,30675,9.0,25,0.7571641666666666,0.38941459357738495,6.612552007039388,113.33058009999877
gnn_rep__N8__line__seed6,gnn_qmix,coord_grid,6,1227,30700,20.0,25,0.75696625,0.969385176897049,5.708133935928345,113.44413340000028
gnn_rep__N8__line__seed6,gnn_qmix,coord_grid,6,1228,30725,13.0,25,0.7567683333333334,0.8605556402887616,5.175664952823094,113.56929550000132
gnn_rep__N8__line__seed6,gnn_qmix,coord_grid,6,1229,30750,16.0,25,0.7565704166666667,0.43024588997165364,4.8947590589523315,113.68217269999877
gnn_rep__N8__line__seed6,gnn_qmix,coord_grid,6,1230,30775,20.0,25,0.7563725,1.0675461515784264,3.7393929958343506,113.78174520000175
gnn_rep__N8__line__seed6,gnn_qmix,coord_grid,6,1231,30800,24.0,25,0.7561745833333333,0.9923005998134613,3.8283594051996865,113.87642090000008
gnn_rep__N8__line__seed6,gnn_qmix,coord_grid,6,1232,30825,13.0,25,0.7559766666666666,1.2982961982488632,7.633390699114118,113.93420809999952
gnn_rep__N8__line__seed6,gnn_qmix,coord_grid,6,1233,30850,12.0,25,0.75577875,1.11012997229894,5.3677592277526855,114.04447269999946
gnn_rep__N8__line__seed6,gnn_qmix,coord_grid,6,1234,30875,9.0,25,0.7555808333333334,0.7038269862532616,4.09373410542806,114.12507399999959
gnn_rep__N8__line__seed6,gnn_qmix,coord_grid,6,1235,30900,10.0,25,0.7553829166666667,1.0886214623848598,3.2463623682657876,114.19088030000057
gnn_rep__N8__line__seed6,gnn_qmix,coord_grid,6,1236,30925,13.0,25,0.755185,0.9534316595111575,7.031672443662371,114.2717006999992
gnn_rep__N8__line__seed6,gnn_qmix,coord_grid,6,1237,30950,14.0,25,0.7549870833333333,0.7055830756823221,5.913282473882039,114.35464240000147
gnn_rep__N8__line__seed6,gnn_qmix,coord_grid,6,1238,30975,11.0,25,0.7547891666666666,0.905512789885203,3.9530253410339355,114.42630189999909
gnn_rep__N8__line__seed6,gnn_qmix,coord_grid,6,1239,31000,29.0,25,0.75459125,1.0165681764483452,6.371766686439514,114.56747600000017
gnn_rep__N8__line__seed6,gnn_qmix,coord_grid,6,1240,31025,16.0,25,0.7543933333333334,1.0323974979775292,4.488196304866245,114.67318069999965
gnn_rep__N8__line__seed6,gnn_qmix,coord_grid,6,1241,31050,9.0,25,0.7541954166666667,0.8951243174572786,5.195395569006602,114.7391717999999
gnn_rep__N8__line__seed6,gnn_qmix,coord_grid,6,1242,31075,12.0,25,0.7539975,1.0798919623096783,5.196718871593475,114.82243070000186
gnn_rep__N8__line__seed6,gnn_qmix,coord_grid,6,1243,31100,11.0,25,0.7537995833333333,0.6922074581185976,4.819786826769511,114.8987933999997
gnn_rep__N8__line__seed6,gnn_qmix,coord_grid,6,1244,31125,12.0,25,0.7536016666666667,0.873753377369472,4.842280762536185,114.9720742999998
gnn_rep__N8__line__seed6,gnn_qmix,coord_grid,6,1245,31150,19.0,25,0.75340375,0.9521412402391434,5.04089601834615,115.09357230000023
gnn_rep__N8__line__seed6,gnn_qmix,coord_grid,6,1246,31175,12.0,25,0.7532058333333334,0.9728426337242126,3.9642701745033264,115.15785609999875
gnn_rep__N8__line__seed6,gnn_qmix,coord_grid,6,1247,31200,11.0,25,0.7530079166666667,0.8432646840810776,3.780548652013143,115.24051179999879
gnn_rep__N8__line__seed6,gnn_qmix,coord_grid,6,1248,31225,14.0,25,0.75281,1.117264368704387,4.005984306335449,115.32044229999883
gnn_rep__N8__line__seed6,gnn_qmix,coord_grid,6,1249,31250,6.0,25,0.7526120833333333,0.6534239028890928,4.397882064183553,115.39290809999875
gnn_rep__N8__line__seed6,gnn_qmix,coord_grid,6,1250,31275,16.0,25,0.7524141666666667,1.0584345956643422,4.514786720275879,115.46788659999947
gnn_rep__N8__line__seed6,gnn_qmix,coord_grid,6,1251,31300,19.0,25,0.75221625,1.0489660799503326,4.372939765453339,115.54323920000024
gnn_rep__N8__line__seed6,gnn_qmix,coord_grid,6,1252,31325,12.0,25,0.7520183333333333,0.6835993847676686,3.9668911014284407,115.6228200000005
gnn_rep__N8__line__seed6,gnn_qmix,coord_grid,6,1253,31350,7.0,25,0.7518204166666667,0.9878109991550446,3.8113576769828796,115.7171242000004
gnn_rep__N8__line__seed6,gnn_qmix,coord_grid,6,1254,31375,7.0,25,0.7516225,1.2147418012221654,4.934332986672719,115.8213304000019
gnn_rep__N8__line__seed6,gnn_qmix,coord_grid,6,1255,31400,7.0,25,0.7514245833333333,0.6419026876489321,5.758975108464559,115.91054230000009
gnn_rep__N8__line__seed6,gnn_qmix,coord_grid,6,1256,31425,4.0,25,0.7512266666666667,0.6384520594562803,14.693643604006086,116.02893690000201
gnn_rep__N8__line__seed6,gnn_qmix,coord_grid,6,1257,31450,12.0,25,0.75102875,1.1506113111972809,14.115946610768637,116.1073858000018
gnn_rep__N8__line__seed6,gnn_qmix,coord_grid,6,1258,31475,12.0,25,0.7508308333333333,1.1926209479570389,8.483897844950357,116.18239910000193
gnn_rep__N8__line__seed6,gnn_qmix,coord_grid,6,1259,31500,8.0,25,0.7506329166666666,0.2960326398412387,7.765003760655721,116.24587769999926
gnn_rep__N8__line__seed6,gnn_qmix,coord_grid,6,1260,31525,5.0,25,0.750435,0.602829383952277,6.851830720901489,116.37249750000046
gnn_rep__N8__line__seed6,gnn_qmix,coord_grid,6,1261,31550,25.0,25,0.7502370833333334,0.4661201499402523,5.792743265628815,116.49756479999996
gnn_rep__N8__line__seed6,gnn_qmix,coord_grid,6,1262,31575,18.0,25,0.7500391666666667,1.1706688900788624,5.155909578005473,116.62651489999917
gnn_rep__N8__line__seed6,gnn_qmix,coord_grid,6,1263,31600,9.0,25,0.74984125,0.5909190426270167,4.89802626768748,116.6915517999987
gnn_rep__N8__line__seed6,gnn_qmix,coord_grid,6,1264,31625,9.0,25,0.7496433333333333,0.8395745222057615,5.634921142033169,116.77864950000003
gnn_rep__N8__line__seed6,gnn_qmix,coord_grid,6,1265,31650,10.0,25,0.7494454166666666,0.8812238151828448,4.451585829257965,116.85029679999934
gnn_rep__N8__line__seed6,gnn_qmix,coord_grid,6,1266,31675,10.0,25,0.7492475000000001,0.9830561106403669,3.2239060004552207,116.95776230000047
gnn_rep__N8__line__seed6,gnn_qmix,coord_grid,6,1267,31700,13.0,25,0.7490495833333333,0.8264294316371282,3.1072166363398233,117.01501660000213
gnn_rep__N8__line__seed6,gnn_qmix,coord_grid,6,1268,31725,15.0,25,0.7488516666666667,0.5198505222797394,3.937599096979414,117.12945340000078
gnn_rep__N8__line__seed6,gnn_qmix,coord_grid,6,1269,31750,18.0,25,0.74865375,1.1504638567566872,3.539971431096395,117.26523670000097
gnn_rep__N8__line__seed6,gnn_qmix,coord_grid,6,1270,31775,12.0,25,0.7484558333333333,1.1413647457957268,3.3391207257906594,117.3319885000019
gnn_rep__N8__line__seed6,gnn_qmix,coord_grid,6,1271,31800,11.0,25,0.7482579166666667,0.7292614455024401,2.9166515469551086,117.44891890000144
gnn_rep__N8__line__seed6,gnn_qmix,coord_grid,6,1272,31825,15.0,25,0.74806,0.8232299515179226,4.36017860685076,117.54444259999946
gnn_rep__N8__line__seed6,gnn_qmix,coord_grid,6,1273,31850,4.0,25,0.7478620833333334,0.7669980997840563,5.062221169471741,117.67021150000073
gnn_rep__N8__line__seed6,gnn_qmix,coord_grid,6,1274,31875,13.0,25,0.7476641666666667,1.0335644483566284,3.6233826875686646,117.79840550000154
gnn_rep__N8__line__seed6,gnn_qmix,coord_grid,6,1275,31900,17.0,25,0.74746625,0.9422793661554655,4.691171566645305,117.90423609999925
gnn_rep__N8__line__seed6,gnn_qmix,coord_grid,6,1276,31925,8.0,25,0.7472683333333333,0.9136909416743687,5.953652262687683,118.04069100000197
gnn_rep__N8__line__seed6,gnn_qmix,coord_grid,6,1277,31950,12.0,25,0.7470704166666666,0.8415767575303713,4.443508942921956,118.1135142000021
gnn_rep__N8__line__seed6,gnn_qmix,coord_grid,6,1278,31975,9.0,25,0.7468725,1.0117317636807759,3.4217509428660073,118.19286360000115
gnn_rep__N8__line__seed6,gnn_qmix,coord_grid,6,1279,32000,8.0,25,0.7466745833333334,0.6599710583686829,4.276865839958191,118.31502249999903
gnn_rep__N8__line__seed6,gnn_qmix,coord_grid,6,1280,32025,19.0,25,0.7464766666666667,0.9394956742014203,3.25654935836792,118.42519960000209
gnn_rep__N8__line__seed6,gnn_qmix,coord_grid,6,1281,32050,17.0,25,0.74627875,1.0564948469400406,3.499151825904846,118.52446060000148
gnn_rep__N8__line__seed6,gnn_qmix,coord_grid,6,1282,32075,7.0,25,0.7460808333333333,0.8328763966759046,4.463610092798869,118.63430810000136
gnn_rep__N8__line__seed6,gnn_qmix,coord_grid,6,1283,32100,15.0,25,0.7458829166666667,0.9857765932877859,4.150871356328328,118.69756069999858
gnn_rep__N8__line__seed6,gnn_qmix,coord_grid,6,1284,32125,12.0,25,0.745685,0.679397966180529,3.555618473461696,118.7738231000003
gnn_rep__N8__line__seed6,gnn_qmix,coord_grid,6,1285,32150,6.0,25,0.7454870833333334,0.8809317350387573,5.058209677537282,118.8505671999992
gnn_rep__N8__line__seed6,gnn_qmix,coord_grid,6,1286,32175,15.0,25,0.7452891666666667,0.9288706406950951,4.022029081980388,118.93126779999875
gnn_rep__N8__line__seed6,gnn_qmix,coord_grid,6,1287,32200,17.0,25,0.74509125,0.4106982983648777,2.517558137575785,119.00554170000032
gnn_rep__N8__line__seed6,gnn_qmix,coord_grid,6,1288,32225,10.0,25,0.7448933333333334,0.9682045344795499,13.793044362749372,119.08656250000058
gnn_rep__N8__line__seed6,gnn_qmix,coord_grid,6,1289,32250,7.0,25,0.7446954166666666,1.113584078848362,10.097293456395468,119.1815463999992
gnn_rep__N8__line__seed6,gnn_qmix,coord_grid,6,1290,32275,15.0,25,0.7444975,0.9841338793436686,8.357107599576315,119.25720100000035
gnn_rep__N8__line__seed6,gnn_qmix,coord_grid,6,1291,32300,16.0,25,0.7442995833333333,0.764509824415048,3.5226195454597473,119.34588730000178
gnn_rep__N8__line__seed6,gnn_qmix,coord_grid,6,1292,32325,11.0,25,0.7441016666666667,0.96304994395801,5.4459854534694125,119.43807630000083
gnn_rep__N8__line__seed6,gnn_qmix,coord_grid,6,1293,32350,22.0,25,0.7439037500000001,1.3887607629100482,3.7118796507517495,119.53281739999875
gnn_rep__N8__line__seed6,gnn_qmix,coord_grid,6,1294,32375,11.0,25,0.7437058333333333,1.1783875624338787,4.421568870544434,119.6508763999991
gnn_rep__N8__line__seed6,gnn_qmix,coord_grid,6,1295,32400,11.0,25,0.7435079166666667,1.4796173175175984,5.7275550365448,119.79284769999867
gnn_rep__N8__line__seed6,gnn_qmix,coord_grid,6,1296,32425,11.0,25,0.74331,0.866553762129375,2.539642265864781,119.90126009999949
gnn_rep__N8__line__seed6,gnn_qmix,coord_grid,6,1297,32450,18.0,25,0.7431120833333333,0.8572821592291197,2.995359738667806,120.00942529999884
gnn_rep__N8__line__seed6,gnn_qmix,coord_grid,6,1298,32475,17.0,25,0.7429141666666667,1.2596056560675304,3.4410317142804465,120.06975410000086
gnn_rep__N8__line__seed6,gnn_qmix,coord_grid,6,1299,32500,9.0,25,0.74271625,1.2705680305759113,3.351637919743856,120.143609499999
gnn_rep__N8__line__seed6,gnn_qmix,coord_grid,6,1300,32525,16.0,25,0.7425183333333334,1.1032596826553345,4.978379777499607,120.25313190000088
gnn_rep__N8__line__seed6,gnn_qmix,coord_grid,6,1301,32550,14.0,25,0.7423204166666667,0.9674463172753652,4.5568016568819685,120.35959379999986
gnn_rep__N8__line__seed6,gnn_qmix,coord_grid,6,1302,32575,12.0,25,0.7421225,0.8448237280050913,7.3978351354599,120.43368349999946
gnn_rep__N8__line__seed6,gnn_qmix,coord_grid,6,1303,32600,15.0,25,0.7419245833333333,0.6780154407024384,5.003289878368378,120.49000290000185
gnn_rep__N8__line__seed6,gnn_qmix,coord_grid,6,1304,32625,9.0,25,0.7417266666666666,1.03299746130194,5.833456431116376,120.5833152999985
gnn_rep__N8__line__seed6,gnn_qmix,coord_grid,6,1305,32650,9.0,25,0.7415287500000001,0.7526788637042046,5.442125101884206,120.72111489999952
gnn_rep__N8__line__seed6,gnn_qmix,coord_grid,6,1306,32675,6.0,25,0.7413308333333334,0.7827837814887365,6.949321587880452,120.78006639999876
gnn_rep__N8__line__seed6,gnn_qmix,coord_grid,6,1307,32700,8.0,25,0.7411329166666667,1.4310268958409627,4.230587085088094,120.85665610000069
gnn_rep__N8__line__seed6,gnn_qmix,coord_grid,6,1308,32725,20.0,25,0.740935,1.0196768854345595,4.491421835763114,120.94612929999857
gnn_rep__N8__line__seed6,gnn_qmix,coord_grid,6,1309,32750,12.0,25,0.7407370833333333,0.5904757454991341,4.083519021670024,121.00482180000108
gnn_rep__N8__line__seed6,gnn_qmix,coord_grid,6,1310,32775,19.0,25,0.7405391666666667,0.8568697323401769,5.498503088951111,121.09959879999951
gnn_rep__N8__line__seed6,gnn_qmix,coord_grid,6,1311,32800,10.0,25,0.74034125,1.2934349675973256,6.006115913391113,121.21678199999951
gnn_rep__N8__line__seed6,gnn_qmix,coord_grid,6,1312,32825,17.0,25,0.7401433333333334,1.3642252343041557,5.0838786363601685,121.33270780000021
gnn_rep__N8__line__seed6,gnn_qmix,coord_grid,6,1313,32850,17.0,25,0.7399454166666667,0.9706185907125473,2.8041931788126626,121.40570809999917
gnn_rep__N8__line__seed6,gnn_qmix,coord_grid,6,1314,32875,19.0,25,0.7397475,1.0327060520648956,3.268752654393514,121.49010030000136
gnn_rep__N8__line__seed6,gnn_qmix,coord_grid,6,1315,32900,14.0,25,0.7395495833333333,1.2617369120319684,3.8614312609036765,121.56263319999925
gnn_rep__N8__line__seed6,gnn_qmix,coord_grid,6,1316,32925,15.0,25,0.7393516666666666,1.045158707669803,4.450180785996573,121.67957659999956
gnn_rep__N8__line__seed6,gnn_qmix,coord_grid,6,1317,32950,8.0,25,0.73915375,1.165730819106102,3.9424774050712585,121.76133349999873
gnn_rep__N8__line__seed6,gnn_qmix,coord_grid,6,1318,32975,14.0,25,0.7389558333333334,1.435572882493337,5.0465593338012695,121.82919480000055
gnn_rep__N8__line__seed6,gnn_qmix,coord_grid,6,1319,33000,21.0,25,0.7387579166666667,1.0119111587603886,5.048474868138631,121.90339510000194
gnn_rep__N8__line__seed6,gnn_qmix,coord_grid,6,1320,33025,20.0,25,0.73856,0.7941448645932334,14.724724020276751,122.02288359999875
gnn_rep__N8__line__seed6,gnn_qmix,coord_grid,6,1321,33050,8.0,25,0.7383620833333333,0.9753835946321487,9.318878293037415,122.10605669999859
gnn_rep__N8__line__seed6,gnn_qmix,coord_grid,6,1322,33075,11.0,25,0.7381641666666667,1.27264171342055,5.574553966522217,122.18954870000016
gnn_rep__N8__line__seed6,gnn_qmix,coord_grid,6,1323,33100,14.0,25,0.73796625,0.6975419670343399,6.228932241598765,122.24665219999952
gnn_rep__N8__line__seed6,gnn_qmix,coord_grid,6,1324,33125,8.0,25,0.7377683333333334,1.0005083914313997,5.958667721067156,122.32667589999983
gnn_rep__N8__line__seed6,gnn_qmix,coord_grid,6,1325,33150,10.0,25,0.7375704166666667,0.740673765540123,4.713243842124939,122.3974261000003
gnn_rep__N8__line__seed6,gnn_qmix,coord_grid,6,1326,33175,12.0,25,0.7373725,0.9104125003019968,3.9481264551480613,122.50538560000132
gnn_rep__N8__line__seed6,gnn_qmix,coord_grid,6,1327,33200,17.0,25,0.7371745833333334,0.5914899334311485,4.372230529785156,122.59483290000207
gnn_rep__N8__line__seed6,gnn_qmix,coord_grid,6,1328,33225,16.0,25,0.7369766666666666,0.6276728617293494,6.018250720841544,122.65227080000113
gnn_rep__N8__line__seed6,gnn_qmix,coord_grid,6,1329,33250,12.0,25,0.73677875,0.4846996143460274,7.899437785148621,122.72200320000047
gnn_rep__N8__line__seed6,gnn_qmix,coord_grid,6,1330,33275,12.0,25,0.7365808333333334,1.1260769342382748,5.731727043787639,122.84641180000108
gnn_rep__N8__line__seed6,gnn_qmix,coord_grid,6,1331,33300,14.0,25,0.7363829166666667,1.0064998467763264,5.292711098988851,122.93309070000032
gnn_rep__N8__line__seed6,gnn_qmix,coord_grid,6,1332,33325,12.0,25,0.7361850000000001,0.6211285165378025,4.571402038846697,122.9927518000004
gnn_rep__N8__line__seed6,gnn_qmix,coord_grid,6,1333,33350,12.0,25,0.7359870833333333,1.6696967879931133,6.450668056805928,123.10827499999868
gnn_rep__N8__line__seed6,gnn_qmix,coord_grid,6,1334,33375,15.0,25,0.7357891666666667,0.9441860020160675,8.22531763712565,123.17567039999994
gnn_rep__N8__line__seed6,gnn_qmix,coord_grid,6,1335,33400,15.0,25,0.73559125,0.9183143228292465,5.53629736105601,123.25846540000202
gnn_rep__N8__line__seed6,gnn_qmix,coord_grid,6,1336,33425,11.0,25,0.7353933333333333,0.783812267439706,5.56100058555603,123.37067469999965
gnn_rep__N8__line__seed6,gnn_qmix,coord_grid,6,1337,33450,11.0,25,0.7351954166666667,1.1062621548771858,5.869033892949422,123.44831870000053
gnn_rep__N8__line__seed6,gnn_qmix,coord_grid,6,1338,33475,12.0,25,0.7349975,0.9248609890540441,4.347525040308635,123.55852919999961
gnn_rep__N8__line__seed6,gnn_qmix,coord_grid,6,1339,33500,18.0,25,0.7347995833333334,1.1907617002725601,6.394968132177989,123.62621080000099
gnn_rep__N8__line__seed6,gnn_qmix,coord_grid,6,1340,33525,9.0,25,0.7346016666666667,1.235817585672651,4.01028299331665,123.75872929999969
gnn_rep__N8__line__seed6,gnn_qmix,coord_grid,6,1341,33550,13.0,25,0.73440375,0.9099215393265089,5.630269487698873,123.84552769999937
gnn_rep__N8__line__seed6,gnn_qmix,coord_grid,6,1342,33575,20.0,25,0.7342058333333333,1.1102473984162013,4.736290454864502,123.93367729999954
gnn_rep__N8__line__seed6,gnn_qmix,coord_grid,6,1343,33600,22.0,25,0.7340079166666666,1.1071922381718953,4.266455332438151,123.99062050000066
gnn_rep__N8__line__seed6,gnn_qmix,coord_grid,6,1344,33625,16.0,25,0.7338100000000001,0.7086857291204589,4.460894925253732,124.12097139999969
gnn_rep__N8__line__seed6,gnn_qmix,coord_grid,6,1345,33650,16.0,25,0.7336120833333334,1.0833377341429393,4.472855846087138,124.18766340000002
gnn_rep__N8__line__seed6,gnn_qmix,coord_grid,6,1346,33675,5.0,25,0.7334141666666667,1.1082596605022748,5.260013699531555,124.25821029999861
gnn_rep__N8__line__seed6,gnn_qmix,coord_grid,6,1347,33700,24.0,25,0.73321625,1.33753685404857,3.947155316670736,124.33350430000064
gnn_rep__N8__line__seed6,gnn_qmix,coord_grid,6,1348,33725,13.0,25,0.7330183333333333,0.9953661859035492,3.122887543269566,124.41301400000157
gnn_rep__N8__line__seed6,gnn_qmix,coord_grid,6,1349,33750,11.0,25,0.7328204166666668,1.0873792717854183,3.56359471877416,124.4976983000015
gnn_rep__N8__line__seed6,gnn_qmix,coord_grid,6,1350,33775,17.0,25,0.7326225,1.233001838127772,3.84419983625412,124.60527880000154
gnn_rep__N8__line__seed6,gnn_qmix,coord_grid,6,1351,33800,15.0,25,0.7324245833333334,1.5464756339788437,4.34309450785319,124.70331420000002
gnn_rep__N8__line__seed6,gnn_qmix,coord_grid,6,1352,33825,17.0,25,0.7322266666666667,0.7474699637719563,15.545368875776019,124.77354370000103
gnn_rep__N8__line__seed6,gnn_qmix,coord_grid,6,1353,33850,16.0,25,0.73202875,0.4361307695508003,10.1746799548467,124.84337940000114
gnn_rep__N8__line__seed6,gnn_qmix,coord_grid,6,1354,33875,21.0,25,0.7318308333333334,0.7622597614924113,8.963083346684774,124.94055669999943
gnn_rep__N8__line__seed6,gnn_qmix,coord_grid,6,1355,33900,14.0,25,0.7316329166666666,0.6303007081151009,7.700381358464559,125.03156859999945
gnn_rep__N8__line__seed6,gnn_qmix,coord_grid,6,1356,33925,14.0,25,0.7314350000000001,0.8475365809031895,8.800067901611328,125.10132150000209
gnn_rep__N8__line__seed6,gnn_qmix,coord_grid,6,1357,33950,19.0,25,0.7312370833333334,0.7203578328092893,4.969078898429871,125.22629270000107
gnn_rep__N8__line__seed6,gnn_qmix,coord_grid,6,1358,33975,16.0,25,0.7310391666666667,0.8193800350030264,4.433757086594899,125.32334210000045
gnn_rep__N8__line__seed6,gnn_qmix,coord_grid,6,1359,34000,17.0,25,0.73084125,1.0484817226727803,6.050188581148784,125.38417639999898
gnn_rep__N8__line__seed6,gnn_qmix,coord_grid,6,1360,34025,14.0,25,0.7306433333333333,1.1888660277639116,5.5363394021987915,125.49018240000078
gnn_rep__N8__line__seed6,gnn_qmix,coord_grid,6,1361,34050,9.0,25,0.7304454166666667,0.8320800065994263,5.425705790519714,125.57188410000163
gnn_rep__N8__line__seed6,gnn_qmix,coord_grid,6,1362,34075,9.0,25,0.7302475,1.1144534225265186,4.4814649025599165,125.66500989999986
gnn_rep__N8__line__seed6,gnn_qmix,coord_grid,6,1363,34100,6.0,25,0.7300495833333334,1.265512506167094,5.0037723779678345,125.76484899999923
gnn_rep__N8__line__seed6,gnn_qmix,coord_grid,6,1364,34125,15.0,25,0.7298516666666667,1.0332587148462022,7.737054892948696,125.8407843999994
gnn_rep__N8__line__seed6,gnn_qmix,coord_grid,6,1365,34150,17.0,25,0.72965375,1.2655858198801677,6.601500829060872,125.9334540000018
gnn_rep__N8__line__seed6,gnn_qmix,coord_grid,6,1366,34175,8.0,25,0.7294558333333334,0.7081395188967387,5.550238291422526,126.04757400000017
gnn_rep__N8__line__seed6,gnn_qmix,coord_grid,6,1367,34200,19.0,25,0.7292579166666667,1.0147633453210194,5.728710929552714,126.15403320000041
gnn_rep__N8__line__seed6,gnn_qmix,coord_grid,6,1368,34225,13.0,25,0.72906,0.985146409698895,2.8889101913997104,126.20862169999964
gnn_rep__N8__line__seed6,gnn_qmix,coord_grid,6,1369,34250,15.0,25,0.7288620833333334,0.9105498194694519,3.658998409907023,126.31746930000008
gnn_rep__N8__line__seed6,gnn_qmix,coord_grid,6,1370,34275,22.0,25,0.7286641666666667,0.48621856917937595,3.0500981410344443,126.40748170000006
gnn_rep__N8__line__seed6,gnn_qmix,coord_grid,6,1371,34300,13.0,25,0.7284662500000001,1.1151211944719155,4.0310754378636675,126.4841978000004
gnn_rep__N8__line__seed6,gnn_qmix,coord_grid,6,1372,34325,13.0,25,0.7282683333333333,1.0443724649293082,4.276708705084665,126.54667799999879
gnn_rep__N8__line__seed6,gnn_qmix,coord_grid,6,1373,34350,11.0,25,0.7280704166666667,0.8491327464580536,3.4456963539123535,126.64818269999887
gnn_rep__N8__line__seed6,gnn_qmix,coord_grid,6,1374,34375,13.0,25,0.7278725,1.4317239721616108,4.0780989329020185,126.7199029000003
gnn_rep__N8__line__seed6,gnn_qmix,coord_grid,6,1375,34400,9.0,25,0.7276745833333333,0.713964386532704,3.5197256406148276,126.81770450000113
gnn_rep__N8__line__seed6,gnn_qmix,coord_grid,6,1376,34425,19.0,25,0.7274766666666667,1.4816448305334364,4.188842126301357,126.93491440000071
gnn_rep__N8__line__seed6,gnn_qmix,coord_grid,6,1377,34450,18.0,25,0.72727875,0.6548953255017599,6.201095183690389,127.02932209999926
gnn_rep__N8__line__seed6,gnn_qmix,coord_grid,6,1378,34475,17.0,25,0.7270808333333334,0.8003547713160515,6.1331550280253095,127.16149239999868
gnn_rep__N8__line__seed6,gnn_qmix,coord_grid,6,1379,34500,18.0,25,0.7268829166666667,1.0117511724432309,4.936753908793132,127.21328360000189
gnn_rep__N8__line__seed6,gnn_qmix,coord_grid,6,1380,34525,8.0,25,0.726685,0.9107285503830228,5.345964976719448,127.29287879999902
gnn_rep__N8__line__seed6,gnn_qmix,coord_grid,6,1381,34550,6.0,25,0.7264870833333333,1.008817156155904,4.009880344072978,127.3993945000002
gnn_rep__N8__line__seed6,gnn_qmix,coord_grid,6,1382,34575,25.0,25,0.7262891666666667,0.4825181762377421,4.0557657678922014,127.54031140000006
gnn_rep__N8__line__seed6,gnn_qmix,coord_grid,6,1383,34600,17.0,25,0.7260912500000001,1.2468812763690948,3.0769731998443604,127.61983519999922
gnn_rep__N8__line__seed6,gnn_qmix,coord_grid,6,1384,34625,19.0,25,0.7258933333333334,1.2956579199859075,16.028205939701625,127.73998439999923
gnn_rep__N8__line__seed6,gnn_qmix,coord_grid,6,1385,34650,16.0,25,0.7256954166666667,0.8951772699753443,14.011359373728434,127.83307880000211
gnn_rep__N8__line__seed6,gnn_qmix,coord_grid,6,1386,34675,17.0,25,0.7254975,1.1198585356275241,8.518242518107096,127.92972970000119
gnn_rep__N8__line__seed6,gnn_qmix,coord_grid,6,1387,34700,10.0,25,0.7252995833333333,1.0041579852501552,4.283109784126282,128.02429080000002
gnn_rep__N8__line__seed6,gnn_qmix,coord_grid,6,1388,34725,5.0,25,0.7251016666666668,1.6710293463298254,4.946025848388672,128.1047026999986
gnn_rep__N8__line__seed6,gnn_qmix,coord_grid,6,1389,34750,20.0,25,0.72490375,1.2788301606973012,4.724977811177571,128.21046470000147
gnn_rep__N8__line__seed6,gnn_qmix,coord_grid,6,1390,34775,5.0,25,0.7247058333333334,1.4856759011745453,4.828567783037822,128.27462469999955
gnn_rep__N8__line__seed6,gnn_qmix,coord_grid,6,1391,34800,11.0,25,0.7245079166666667,1.2866341695189476,5.308201769987742,128.3398969000009
gnn_rep__N8__line__seed6,gnn_qmix,coord_grid,6,1392,34825,16.0,25,0.72431,0.9948825197560447,5.081748979432242,128.43808530000024
gnn_rep__N8__line__seed6,gnn_qmix,coord_grid,6,1393,34850,12.0,25,0.7241120833333334,1.5458524723847706,3.9777735471725464,128.5429723999987
gnn_rep__N8__line__seed6,gnn_qmix,coord_grid,6,1394,34875,13.0,25,0.7239141666666666,1.2924963533878326,4.277481476465861,128.59662740000203
gnn_rep__N8__line__seed6,gnn_qmix,coord_grid,6,1395,34900,21.0,25,0.7237162500000001,0.9854993000626564,4.124279936154683,128.68720870000107
gnn_rep__N8__line__seed6,gnn_qmix,coord_grid,6,1396,34925,9.0,25,0.7235183333333334,1.0526272782257624,5.124680706432888,128.79625490000035
gnn_rep__N8__line__seed6,gnn_qmix,coord_grid,6,1397,34950,16.0,25,0.7233204166666667,0.7735186914602915,5.757223089536031,128.87998869999865
gnn_rep__N8__line__seed6,gnn_qmix,coord_grid,6,1398,34975,18.0,25,0.7231225,1.6208565533161163,7.49592940012614,128.9983788999998
gnn_rep__N8__line__seed6,gnn_qmix,coord_grid,6,1399,35000,13.0,25,0.7229245833333333,1.0404379020134609,4.097210685412089,129.10389450000002
gnn_rep__N8__line__seed6,gnn_qmix,coord_grid,6,1400,35025,13.0,25,0.7227266666666667,0.7585908046790532,4.43848603112357,129.2256641999993
gnn_rep__N8__line__seed6,gnn_qmix,coord_grid,6,1401,35050,18.0,25,0.72252875,0.6021394754449526,5.101678530375163,129.35654319999958
gnn_rep__N8__line__seed6,gnn_qmix,coord_grid,6,1402,35075,16.0,25,0.7223308333333334,1.2093576540549595,4.216936230659485,129.45105559999865
gnn_rep__N8__line__seed6,gnn_qmix,coord_grid,6,1403,35100,18.0,25,0.7221329166666667,1.1367472658554714,3.703038275241852,129.55313820000083
gnn_rep__N8__line__seed6,gnn_qmix,coord_grid,6,1404,35125,10.0,25,0.721935,1.3372291369097573,5.521748304367065,129.6227672999994
gnn_rep__N8__line__seed6,gnn_qmix,coord_grid,6,1405,35150,13.0,25,0.7217370833333334,1.292596663037936,5.291924238204956,129.69553910000104
gnn_rep__N8__line__seed6,gnn_qmix,coord_grid,6,1406,35175,7.0,25,0.7215391666666666,0.5229950249195099,6.749945084253947,129.79842930000086
gnn_rep__N8__line__seed6,gnn_qmix,coord_grid,6,1407,35200,11.0,25,0.72134125,0.8331575890382131,7.2702087958653765,129.85652860000118
gnn_rep__N8__line__seed6,gnn_qmix,coord_grid,6,1408,35225,18.0,25,0.7211433333333334,0.9066559395619801,7.53810225214277,129.9334072999991
gnn_rep__N8__line__seed6,gnn_qmix,coord_grid,6,1409,35250,14.0,25,0.7209454166666667,0.6558070729176203,6.428270320097606,130.00484489999872
gnn_rep__N8__line__seed6,gnn_qmix,coord_grid,6,1410,35275,17.0,25,0.7207475000000001,1.269704778989156,3.352490862210592,130.072863100002
gnn_rep__N8__line__seed6,gnn_qmix,coord_grid,6,1411,35300,9.0,25,0.7205495833333333,0.7078196927905083,5.216041763623555,130.15825649999897
gnn_rep__N8__line__seed6,gnn_qmix,coord_grid,6,1412,35325,14.0,25,0.7203516666666667,1.1406472197600774,5.839663301195417,130.22017210000195
gnn_rep__N8__line__seed6,gnn_qmix,coord_grid,6,1413,35350,18.0,25,0.72015375,1.7430625334382057,3.907240311304728,130.32592940000177
gnn_rep__N8__line__seed6,gnn_qmix,coord_grid,6,1414,35375,28.0,25,0.7199558333333334,0.6535056432088217,4.1654656529426575,130.40700750000178
gnn_rep__N8__line__seed6,gnn_qmix,coord_grid,6,1415,35400,16.0,25,0.7197579166666668,1.4215420186519623,6.688429335753123,130.45904840000003
gnn_rep__N8__line__seed6,gnn_qmix,coord_grid,6,1416,35425,12.0,25,0.71956,0.8109682117189679,17.22009951727731,130.57420800000182
gnn_rep__N8__line__seed6,gnn_qmix,coord_grid,6,1417,35450,24.0,25,0.7193620833333334,1.0211598177750905,11.500930388768515,130.65329439999914
gnn_rep__N8__line__seed6,gnn_qmix,coord_grid,6,1418,35475,11.0,25,0.7191641666666666,0.9173439045747122,9.005371610323587,130.73255970000173
gnn_rep__N8__line__seed6,gnn_qmix,coord_grid,6,1419,35500,20.0,25,0.71896625,0.6447402983903885,8.173113743464151,130.83607399999892
gnn_rep__N8__line__seed6,gnn_qmix,coord_grid,6,1420,35525,12.0,25,0.7187683333333333,0.8693134273801532,9.61667810167585,130.9386181000009
gnn_rep__N8__line__seed6,gnn_qmix,coord_grid,6,1421,35550,14.0,25,0.7185704166666667,0.9299535875519117,7.864387194315593,131.03546239999923
gnn_rep__N8__line__seed6,gnn_qmix,coord_grid,6,1422,35575,23.0,25,0.7183725000000001,1.2480464602510135,6.411327203114827,131.14308910000182
gnn_rep__N8__line__seed6,gnn_qmix,coord_grid,6,1423,35600,5.0,25,0.7181745833333333,0.9076071530580521,6.81554114818573,131.2147260999991
gnn_rep__N8__line__seed6,gnn_qmix,coord_grid,6,1424,35625,18.0,25,0.7179766666666667,1.4515987528221947,5.571039608546665,131.29100969999854
gnn_rep__N8__line__seed6,gnn_qmix,coord_grid,6,1425,35650,12.0,25,0.71777875,2.003926624854406,4.2407593329747515,131.39892820000023
gnn_rep__N8__line__seed6,gnn_qmix,coord_grid,6,1426,35675,9.0,25,0.7175808333333333,1.1865504185358684,4.0350979169209795,131.5607658000008
gnn_rep__N8__line__seed6,gnn_qmix,coord_grid,6,1427,35700,25.0,25,0.7173829166666668,1.1464280610283215,4.1040254433949785,131.6440466999993
gnn_rep__N8__line__seed6,gnn_qmix,coord_grid,6,1428,35725,15.0,25,0.717185,1.4449919206755502,4.724275044032505,131.7505409000005
gnn_rep__N8__line__seed6,gnn_qmix,coord_grid,6,1429,35750,13.0,25,0.7169870833333334,1.0594838162263234,4.749364058176677,131.8137843000004
gnn_rep__N8__line__seed6,gnn_qmix,coord_grid,6,1430,35775,30.0,25,0.7167891666666667,0.7554826065897942,4.231412132581075,131.89462039999853
gnn_rep__N8__line__seed6,gnn_qmix,coord_grid,6,1431,35800,18.0,25,0.71659125,1.000719167292118,3.40528666973114,132.0110480000003
gnn_rep__N8__line__seed6,gnn_qmix,coord_grid,6,1432,35825,17.0,25,0.7163933333333334,0.9467500171491078,2.7972082240240916,132.1147232000003
gnn_rep__N8__line__seed6,gnn_qmix,coord_grid,6,1433,35850,15.0,25,0.7161954166666666,1.1053253437081973,6.869270126024882,132.24863099999857
gnn_rep__N8__line__seed6,gnn_qmix,coord_grid,6,1434,35875,18.0,25,0.7159975000000001,1.3403967370589573,6.232273777325948,132.37038880000182
gnn_rep__N8__line__seed6,gnn_qmix,coord_grid,6,1435,35900,7.0,25,0.7157995833333333,1.0221690436204274,5.134414951006572,132.47236390000035
gnn_rep__N8__line__seed6,gnn_qmix,coord_grid,6,1436,35925,13.0,25,0.7156016666666667,0.9977612836020333,4.694157838821411,132.58924710000065
gnn_rep__N8__line__seed6,gnn_qmix,coord_grid,6,1437,35950,17.0,25,0.71540375,0.9585106198986372,5.027682344118754,132.71633669999937
gnn_rep__N8__line__seed6,gnn_qmix,coord_grid,6,1438,35975,18.0,25,0.7152058333333333,1.4320077722271283,5.815564036369324,132.80145099999936
gnn_rep__N8__line__seed6,gnn_qmix,coord_grid,6,1439,36000,26.0,25,0.7150079166666667,1.328321595986684,6.037505388259888,132.8744900999991
gnn_rep__N8__line__seed6,gnn_qmix,coord_grid,6,1440,36025,5.0,25,0.71481,0.523248227579253,8.898128373282296,133.045349
gnn_rep__N8__line__seed6,gnn_qmix,coord_grid,6,1441,36050,18.0,25,0.7146120833333334,1.4577324191729228,6.8253084023793535,133.123056299999
gnn_rep__N8__line__seed6,gnn_qmix,coord_grid,6,1442,36075,23.0,25,0.7144141666666667,1.0797115216652553,5.9842612743377686,133.23964849999902
gnn_rep__N8__line__seed6,gnn_qmix,coord_grid,6,1443,36100,11.0,25,0.71421625,1.2348407010237377,5.520398159821828,133.35079229999974
gnn_rep__N8__line__seed6,gnn_qmix,coord_grid,6,1444,36125,15.0,25,0.7140183333333334,0.8934813524995532,4.857041358947754,133.43357870000182
gnn_rep__N8__line__seed6,gnn_qmix,coord_grid,6,1445,36150,13.0,25,0.7138204166666666,1.0144812936584156,7.2023394505182905,133.5389342999988
gnn_rep__N8__line__seed6,gnn_qmix,coord_grid,6,1446,36175,17.0,25,0.7136225,0.6542262981335322,7.543871482213338,133.6375001000015
gnn_rep__N8__line__seed6,gnn_qmix,coord_grid,6,1447,36200,10.0,25,0.7134245833333334,1.2057930926481883,6.514585177103679,133.72305210000195
gnn_rep__N8__line__seed6,gnn_qmix,coord_grid,6,1448,36225,7.0,25,0.7132266666666667,0.7074886304991586,16.61817400796073,133.8561813999986
gnn_rep__N8__line__seed6,gnn_qmix,coord_grid,6,1449,36250,13.0,25,0.7130287500000001,1.267162412405014,17.288240830103557,133.91249909999897
gnn_rep__N8__line__seed6,gnn_qmix,coord_grid,6,1450,36275,12.0,25,0.7128308333333333,1.2326543430487316,9.367045362790426,134.03409230000034
gnn_rep__N8__line__seed6,gnn_qmix,coord_grid,6,1451,36300,11.0,25,0.7126329166666667,1.3549895385901134,5.048632939656575,134.0932184000012
gnn_rep__N8__line__seed6,gnn_qmix,coord_grid,6,1452,36325,20.0,25,0.7124349999999999,1.27134042765413,4.363675696509225,134.1880901000004
gnn_rep__N8__line__seed6,gnn_qmix,coord_grid,6,1453,36350,15.0,25,0.7122370833333334,0.9969820703069369,5.6142391761144,134.25573939999958
gnn_rep__N8__line__seed6,gnn_qmix,coord_grid,6,1454,36375,17.0,25,0.7120391666666668,1.2531882623831432,6.925963282585144,134.34723089999898
gnn_rep__N8__line__seed6,gnn_qmix,coord_grid,6,1455,36400,13.0,25,0.71184125,1.6959607005119324,4.054283261299133,134.46813470000052
gnn_rep__N8__line__seed6,gnn_qmix,coord_grid,6,1456,36425,12.0,25,0.7116433333333334,0.8210151876722064,6.047791412898472,134.54405020000195
gnn_rep__N8__line__seed6,gnn_qmix,coord_grid,6,1457,36450,8.0,25,0.7114454166666666,1.3552331998944283,6.40439502398173,134.734375
gnn_rep__N8__line__seed6,gnn_qmix,coord_grid,6,1458,36475,8.0,25,0.7112475,0.6794297570983568,5.445767243703206,134.80565209999986
gnn_rep__N8__line__seed6,gnn_qmix,coord_grid,6,1459,36500,15.0,25,0.7110495833333333,1.6456379393736522,5.472936312357585,134.91195180000068
gnn_rep__N8__line__seed6,gnn_qmix,coord_grid,6,1460,36525,15.0,25,0.7108516666666667,0.8412184970719474,4.725002288818359,135.03673139999955
gnn_rep__N8__line__seed6,gnn_qmix,coord_grid,6,1461,36550,21.0,25,0.7106537500000001,1.0983511259158452,3.0483654340108237,135.1468468000021
gnn_rep__N8__line__seed6,gnn_qmix,coord_grid,6,1462,36575,15.0,25,0.7104558333333333,1.2241460606455803,3.9967493216196694,135.24369540000043
gnn_rep__N8__line__seed6,gnn_qmix,coord_grid,6,1463,36600,16.0,25,0.7102579166666667,1.1356393173336983,3.8518925309181213,135.38931070000035
gnn_rep__N8__line__seed6,gnn_qmix,coord_grid,6,1464,36625,12.0,25,0.7100599999999999,1.432359510234424,5.7228571346827914,135.4579221999993
gnn_rep__N8__line__seed6,gnn_qmix,coord_grid,6,1465,36650,15.0,25,0.7098620833333333,1.1157885293165843,4.960362434387207,135.56110420000186
gnn_rep__N8__line__seed6,gnn_qmix,coord_grid,6,1466,36675,16.0,25,0.7096641666666668,0.7730081553260485,4.326478958129883,135.6638301000021
gnn_rep__N8__line__seed6,gnn_qmix,coord_grid,6,1467,36700,14.0,25,0.70946625,0.5891700933376948,6.706156055132548,135.74917709999863
gnn_rep__N8__line__seed6,gnn_qmix,coord_grid,6,1468,36725,14.0,25,0.7092683333333334,0.9212050842387336,4.595690829413278,135.82566660000157
gnn_rep__N8__line__seed6,gnn_qmix,coord_grid,6,1469,36750,25.0,25,0.7090704166666666,1.292143960793813,8.975775400797525,135.92629379999926
gnn_rep__N8__line__seed6,gnn_qmix,coord_grid,6,1470,36775,12.0,25,0.7088725,1.1669267117977142,8.092355966567993,135.99755240000013
gnn_rep__N8__line__seed6,gnn_qmix,coord_grid,6,1471,36800,15.0,25,0.7086745833333334,1.2561271886030834,5.104315360387166,136.102824900001
gnn_rep__N8__line__seed6,gnn_qmix,coord_grid,6,1472,36825,9.0,25,0.7084766666666666,1.1254068953650338,3.8074525765010288,136.20820770000137
gnn_rep__N8__line__seed6,gnn_qmix,coord_grid,6,1473,36850,10.0,25,0.7082787500000001,1.4881181791424751,4.691054741541545,136.2836731999996
gnn_rep__N8__line__seed6,gnn_qmix,coord_grid,6,1474,36875,6.0,25,0.7080808333333333,0.6902734364072481,5.125680049260457,136.37428509999881
gnn_rep__N8__line__seed6,gnn_qmix,coord_grid,6,1475,36900,18.0,25,0.7078829166666667,1.293322744468848,5.233239849408467,136.48890219999885
gnn_rep__N8__line__seed6,gnn_qmix,coord_grid,6,1476,36925,18.0,25,0.7076850000000001,0.8613294235297612,4.806945596422468,136.58199260000038
gnn_rep__N8__line__seed6,gnn_qmix,coord_grid,6,1477,36950,14.0,25,0.7074870833333333,1.1373320470253627,6.481054464975993,136.6899400000002
gnn_rep__N8__line__seed6,gnn_qmix,coord_grid,6,1478,36975,22.0,25,0.7072891666666667,0.953638881444931,6.698643247286479,136.78947759999937
gnn_rep__N8__line__seed6,gnn_qmix,coord_grid,6,1479,37000,26.0,25,0.70709125,1.1418578599890072,6.219596783320109,136.90083460000096
gnn_rep__N8__line__seed6,gnn_qmix,coord_grid,6,1480,37025,18.0,25,0.7068933333333334,0.8005332882915225,13.898609263556343,136.99520380000104
gnn_rep__N8__line__seed6,gnn_qmix,coord_grid,6,1481,37050,13.0,25,0.7066954166666666,0.9685164590676626,12.316783944765726,137.09695130000182
gnn_rep__N8__line__seed6,gnn_qmix,coord_grid,6,1482,37075,5.0,25,0.7064975,0.7706876148780187,6.4286361535390215,137.17913960000078
gnn_rep__N8__line__seed6,gnn_qmix,coord_grid,6,1483,37100,15.0,25,0.7062995833333334,1.303758293390274,7.088473558425903,137.2664846000007
gnn_rep__N8__line__seed6,gnn_qmix,coord_grid,6,1484,37125,15.0,25,0.7061016666666666,1.21561233486448,6.2817060606820245,137.35330230000181
gnn_rep__N8__line__seed6,gnn_qmix,coord_grid,6,1485,37150,12.0,25,0.70590375,1.0541488888363044,7.441868742307027,137.4302615000015
gnn_rep__N8__line__seed6,gnn_qmix,coord_grid,6,1486,37175,23.0,25,0.7057058333333333,1.1654227276643117,4.8175086577733355,137.5112446000021
gnn_rep__N8__line__seed6,gnn_qmix,coord_grid,6,1487,37200,21.0,25,0.7055079166666667,1.271689126888911,4.831837634245555,137.6321166000016
gnn_rep__N8__line__seed6,gnn_qmix,coord_grid,6,1488,37225,22.0,25,0.7053100000000001,0.9790201634168625,5.222728558949062,137.77238869999928
gnn_rep__N8__line__seed6,gnn_qmix,coord_grid,6,1489,37250,16.0,25,0.7051120833333333,1.2310757115483284,6.7932266394297285,137.88533180000013
gnn_rep__N8__line__seed6,gnn_qmix,coord_grid,6,1490,37275,15.0,25,0.7049141666666667,0.5483213240901629,4.660789509614308,137.98069580000083
gnn_rep__N8__line__seed6,gnn_qmix,coord_grid,6,1491,37300,17.0,25,0.7047162499999999,0.8247366497913996,8.892361481984457,138.0503310999993
gnn_rep__N8__line__seed6,gnn_qmix,coord_grid,6,1492,37325,13.0,25,0.7045183333333334,0.9206262017999377,5.625717043876648,138.13631270000042
gnn_rep__N8__line__seed6,gnn_qmix,coord_grid,6,1493,37350,17.0,25,0.7043204166666667,0.9146382659673691,4.0785801609357195,138.2566196000007
gnn_rep__N8__line__seed6,gnn_qmix,coord_grid,6,1494,37375,21.0,25,0.7041225,1.0331064065297444,5.388857801755269,138.3505694000014
gnn_rep__N8__line__seed6,gnn_qmix,coord_grid,6,1495,37400,10.0,25,0.7039245833333334,0.9417841359972954,8.74622106552124,138.45637310000166
gnn_rep__N8__line__seed6,gnn_qmix,coord_grid,6,1496,37425,10.0,25,0.7037266666666666,1.1348250316722053,6.606484855924334,138.55126369999925
gnn_rep__N8__line__seed6,gnn_qmix,coord_grid,6,1497,37450,11.0,25,0.70352875,1.20305402080218,6.162673870722453,138.61426239999855
gnn_rep__N8__line__seed6,gnn_qmix,coord_grid,6,1498,37475,16.0,25,0.7033308333333333,1.4972147556642692,5.027628302574158,138.69801400000142
gnn_rep__N8__line__seed6,gnn_qmix,coord_grid,6,1499,37500,11.0,25,0.7031329166666667,1.5280187254150708,5.121902783711751,138.78657960000055
gnn_rep__N8__line__seed6,gnn_qmix,coord_grid,6,1500,37525,14.0,25,0.7029350000000001,1.1323023566177912,6.108204330716815,138.9095637999999
gnn_rep__N8__line__seed6,gnn_qmix,coord_grid,6,1501,37550,20.0,25,0.7027370833333333,1.0435714001456897,7.261303941408793,138.973608100001
gnn_rep__N8__line__seed6,gnn_qmix,coord_grid,6,1502,37575,14.0,25,0.7025391666666667,1.1797703380386035,5.447860995928447,139.06613500000094
gnn_rep__N8__line__seed6,gnn_qmix,coord_grid,6,1503,37600,10.0,25,0.7023412499999999,1.1930339535077412,9.362412611643473,139.16723420000199
gnn_rep__N8__line__seed6,gnn_qmix,coord_grid,6,1504,37625,23.0,25,0.7021433333333333,1.1409049119268144,4.714524235044207,139.27535989999888
gnn_rep__N8__line__seed6,gnn_qmix,coord_grid,6,1505,37650,24.0,25,0.7019454166666668,1.2607269907991092,4.447612603505452,139.35800360000212
gnn_rep__N8__line__seed6,gnn_qmix,coord_grid,6,1506,37675,19.0,25,0.7017475,0.9415808518727621,5.696025689442952,139.42201380000188
gnn_rep__N8__line__seed6,gnn_qmix,coord_grid,6,1507,37700,25.0,25,0.7015495833333334,1.1056527892748516,5.238195300102234,139.53116040000168
gnn_rep__N8__line__seed6,gnn_qmix,coord_grid,6,1508,37725,12.0,25,0.7013516666666666,0.9337656817265919,5.679209470748901,139.62780620000194
gnn_rep__N8__line__seed6,gnn_qmix,coord_grid,6,1509,37750,10.0,25,0.70115375,0.9960689470171928,5.8995587627093,139.7746651999987
gnn_rep__N8__line__seed6,gnn_qmix,coord_grid,6,1510,37775,14.0,25,0.7009558333333333,1.1097163756688435,6.735928177833557,139.86659159999908
gnn_rep__N8__line__seed6,gnn_qmix,coord_grid,6,1511,37800,17.0,25,0.7007579166666666,0.9184302091598511,8.309798121452332,139.9355777000019
gnn_rep__N8__line__seed6,gnn_qmix,coord_grid,6,1512,37825,17.0,25,0.7005600000000001,1.2585077626364571,16.368152686527797,140.03890890000184
gnn_rep__N8__line__seed6,gnn_qmix,coord_grid,6,1513,37850,14.0,25,0.7003620833333333,0.9712937076886495,8.800572077433268,140.18176139999923
gnn_rep__N8__line__seed6,gnn_qmix,coord_grid,6,1514,37875,13.0,25,0.7001641666666667,0.9771197040875753,8.613523602485657,140.22093479999967
gnn_rep__N8__line__seed6,gnn_qmix,coord_grid,6,1515,37900,14.0,25,0.69996625,1.7917476495107014,6.543044408162435,140.3006865999996
gnn_rep__N8__line__seed6,gnn_qmix,coord_grid,6,1516,37925,16.0,25,0.6997683333333333,1.0521645418235235,4.858025653021676,140.38509160000103
gnn_rep__N8__line__seed6,gnn_qmix,coord_grid,6,1517,37950,23.0,25,0.6995704166666668,0.7408390492200851,7.317169388135274,140.4733148999985
gnn_rep__N8__line__seed6,gnn_qmix,coord_grid,6,1518,37975,11.0,25,0.6993725,1.0385298108061154,4.898116668065389,140.60676090000197
gnn_rep__N8__line__seed6,gnn_qmix,coord_grid,6,1519,38000,14.0,25,0.6991745833333334,0.8485034505526224,5.884775181611379,140.69314529999974
gnn_rep__N8__line__seed6,gnn_qmix,coord_grid,6,1520,38025,7.0,25,0.6989766666666667,0.8337119604860034,6.353599497250149,140.77122059999965
gnn_rep__N8__line__seed6,gnn_qmix,coord_grid,6,1521,38050,15.0,25,0.69877875,1.5345172584056854,4.304983894030253,140.9120038000001
gnn_rep__N8__line__seed6,gnn_qmix,coord_grid,6,1522,38075,18.0,25,0.6985808333333334,0.9756572668751081,5.2903454303741455,141.0215547000007
gnn_rep__N8__line__seed6,gnn_qmix,coord_grid,6,1523,38100,15.0,25,0.6983829166666666,1.0607082843780518,6.288775046666463,141.09104139999909
gnn_rep__N8__line__seed6,gnn_qmix,coord_grid,6,1524,38125,19.0,25,0.6981850000000001,1.1712470139775957,7.416565452303205,141.1513870000017
gnn_rep__N8__line__seed6,gnn_qmix,coord_grid,6,1525,38150,15.0,25,0.6979870833333333,0.8746933415532112,10.405770500500997,141.3067271
gnn_rep__N8__line__seed6,gnn_qmix,coord_grid,6,1526,38175,17.0,25,0.6977891666666667,0.828889787197113,6.950589696566264,141.38024210000003
gnn_rep__N8__line__seed6,gnn_qmix,coord_grid,6,1527,38200,17.0,25,0.69759125,0.593404213587443,11.043014526367188,141.4475198
gnn_rep__N8__line__seed6,gnn_qmix,coord_grid,6,1528,38225,14.0,25,0.6973933333333333,1.2739397819553102,8.813709463391985,141.57336940000096
gnn_rep__N8__line__seed6,gnn_qmix,coord_grid,6,1529,38250,19.0,25,0.6971954166666667,1.4281061391035716,6.487408399581909,141.65968449999855
gnn_rep__N8__line__seed6,gnn_qmix,coord_grid,6,1530,38275,14.0,25,0.6969974999999999,1.2562370598316193,6.6448614199956255,141.7494613000017
gnn_rep__N8__line__seed6,gnn_qmix,coord_grid,6,1531,38300,9.0,25,0.6967995833333334,1.0683518176277478,5.857849200566609,141.85892950000198
gnn_rep__N8__line__seed6,gnn_qmix,coord_grid,6,1532,38325,23.0,25,0.6966016666666667,1.1835569526468004,8.058601038796562,141.92516109999997
gnn_rep__N8__line__seed6,gnn_qmix,coord_grid,6,1533,38350,12.0,25,0.69640375,0.6052745655179024,5.0291392008463545,141.99210210000092
gnn_rep__N8__line__seed6,gnn_qmix,coord_grid,6,1534,38375,11.0,25,0.6962058333333334,0.655057430267334,2.7273972034454346,142.09600969999883
gnn_rep__N8__line__seed6,gnn_qmix,coord_grid,6,1535,38400,17.0,25,0.6960079166666666,1.236243908603986,5.277728120485942,142.15579630000138
gnn_rep__N8__line__seed6,gnn_qmix,coord_grid,6,1536,38425,14.0,25,0.69581,1.3600244564669473,4.649480087416513,142.23386889999892
gnn_rep__N8__line__seed6,gnn_qmix,coord_grid,6,1537,38450,11.0,25,0.6956120833333334,1.4251222163438797,3.5113431811332703,142.33572469999854
gnn_rep__N8__line__seed6,gnn_qmix,coord_grid,6,1538,38475,9.0,25,0.6954141666666667,0.9977154557903608,5.328692317008972,142.42329510000127
gnn_rep__N8__line__seed6,gnn_qmix,coord_grid,6,1539,38500,18.0,25,0.69521625,1.1189894378185272,5.820601622263591,142.5080659999985
gnn_rep__N8__line__seed6,gnn_qmix,coord_grid,6,1540,38525,14.0,25,0.6950183333333333,0.9575041638953345,6.0392559085573465,142.59098169999925
gnn_rep__N8__line__seed6,gnn_qmix,coord_grid,6,1541,38550,16.0,25,0.6948204166666667,1.320236009856065,6.316131869951884,142.6693359000019
gnn_rep__N8__line__seed6,gnn_qmix,coord_grid,6,1542,38575,17.0,25,0.6946224999999999,1.3314022173484166,6.509174784024556,142.78731360000165
gnn_rep__N8__line__seed6,gnn_qmix,coord_grid,6,1543,38600,12.0,25,0.6944245833333333,1.0783608878652255,5.816859841346741,142.89365670000188
gnn_rep__N8__line__seed6,gnn_qmix,coord_grid,6,1544,38625,7.0,25,0.6942266666666667,1.8435784663472856,15.485416003635951,143.01917669999966
gnn_rep__N8__line__seed6,gnn_qmix,coord_grid,6,1545,38650,12.0,25,0.69402875,0.6650559157133102,10.719948450724283,143.1148581999987
gnn_rep__N8__line__seed6,gnn_qmix,coord_grid,6,1546,38675,12.0,25,0.6938308333333334,0.8780171722173691,8.143221020698547,143.21639929999947
gnn_rep__N8__line__seed6,gnn_qmix,coord_grid,6,1547,38700,12.0,25,0.6936329166666666,1.2457986275355022,8.144926905632019,143.27138760000162
gnn_rep__N8__line__seed6,gnn_qmix,coord_grid,6,1548,38725,14.0,25,0.693435,0.5465495777981622,6.212003469467163,143.39226659999986
gnn_rep__N8__line__seed6,gnn_qmix,coord_grid,6,1549,38750,16.0,25,0.6932370833333333,1.9968344296018283,9.063732902208963,143.51820170000065
gnn_rep__N8__line__seed6,gnn_qmix,coord_grid,6,1550,38775,18.0,25,0.6930391666666667,1.0124866341551144,5.477476199467977,143.63702670000202
gnn_rep__N8__line__seed6,gnn_qmix,coord_grid,6,1551,38800,9.0,25,0.6928412500000001,1.1135364746054013,4.520746072133382,143.7468004000002
gnn_rep__N8__line__seed6,gnn_qmix,coord_grid,6,1552,38825,14.0,25,0.6926433333333333,0.656661331653595,5.971877029963902,143.83101929999975
gnn_rep__N8__line__seed6,gnn_qmix,coord_grid,6,1553,38850,16.0,25,0.6924454166666667,1.0829881678024929,5.581089337666829,143.90298429999893
gnn_rep__N8__line__seed6,gnn_qmix,coord_grid,6,1554,38875,20.0,25,0.6922475,0.9672272702058157,5.161030252774556,143.98779080000168
gnn_rep__N8__line__seed6,gnn_qmix,coord_grid,6,1555,38900,15.0,25,0.6920495833333333,0.9861317972342173,4.376948515574138,144.07657200000176
gnn_rep__N8__line__seed6,gnn_qmix,coord_grid,6,1556,38925,13.0,25,0.6918516666666666,1.521930809531893,4.125314371926444,144.1433610999993
gnn_rep__N8__line__seed6,gnn_qmix,coord_grid,6,1557,38950,10.0,25,0.69165375,0.8677145093679428,5.5699154535929365,144.22024769999916
gnn_rep__N8__line__seed6,gnn_qmix,coord_grid,6,1558,38975,13.0,25,0.6914558333333334,1.8331233660380046,4.5180182456970215,144.29682799999864
gnn_rep__N8__line__seed6,gnn_qmix,coord_grid,6,1559,39000,22.0,25,0.6912579166666667,0.49924464027086896,4.244316458702087,144.38000309999916
gnn_rep__N8__line__seed6,gnn_qmix,coord_grid,6,1560,39025,26.0,25,0.69106,1.0983069986104965,4.643534575189863,144.45465510000213
gnn_rep__N8__line__seed6,gnn_qmix,coord_grid,6,1561,39050,8.0,25,0.6908620833333333,0.44361680497725803,5.103640258312225,144.5280739000009
gnn_rep__N8__line__seed6,gnn_qmix,coord_grid,6,1562,39075,21.0,25,0.6906641666666666,1.523998831709226,7.0055999755859375,144.63264210000125
gnn_rep__N8__line__seed6,gnn_qmix,coord_grid,6,1563,39100,16.0,25,0.6904662500000001,0.989008625348409,8.414690534273783,144.69922629999928
gnn_rep__N8__line__seed6,gnn_qmix,coord_grid,6,1564,39125,10.0,25,0.6902683333333333,0.6542733630963734,3.4825004509517123,144.78305170000021
gnn_rep__N8__line__seed6,gnn_qmix,coord_grid,6,1565,39150,14.0,25,0.6900704166666667,1.0383188625176747,5.671428958574931,144.9248359000012
gnn_rep__N8__line__seed6,gnn_qmix,coord_grid,6,1566,39175,16.0,25,0.6898725,1.1107465798656146,5.522128502527873,145.05995360000088
gnn_rep__N8__line__seed6,gnn_qmix,coord_grid,6,1567,39200,10.0,25,0.6896745833333333,1.8781573275725048,3.8173969189325967,145.11770640000032
gnn_rep__N8__line__seed6,gnn_qmix,coord_grid,6,1568,39225,12.0,25,0.6894766666666667,0.733433912907328,6.047523362295968,145.19482060000155
gnn_rep__N8__line__seed6,gnn_qmix,coord_grid,6,1569,39250,32.0,25,0.6892787499999999,0.9537536650896072,5.563237428665161,145.25487010000143
gnn_rep__N8__line__seed6,gnn_qmix,coord_grid,6,1570,39275,25.0,25,0.6890808333333334,1.998493621746699,5.724198937416077,145.3393372999999
gnn_rep__N8__line__seed6,gnn_qmix,coord_grid,6,1571,39300,12.0,25,0.6888829166666667,1.0192032555739086,5.593970775604248,145.40897910000058
gnn_rep__N8__line__seed6,gnn_qmix,coord_grid,6,1572,39325,8.0,25,0.688685,1.2203676168407713,8.440221752439227,145.48408689999997
gnn_rep__N8__line__seed6,gnn_qmix,coord_grid,6,1573,39350,22.0,25,0.6884870833333333,1.0214744259913762,6.639674027760823,145.57677429999967
gnn_rep__N8__line__seed6,gnn_qmix,coord_grid,6,1574,39375,17.0,25,0.6882891666666666,1.372708573937416,5.195107102394104,145.68613449999975
gnn_rep__N8__line__seed6,gnn_qmix,coord_grid,6,1575,39400,18.0,25,0.68809125,1.243422493338585,6.137943704922994,145.7888654999988
gnn_rep__N8__line__seed6,gnn_qmix,coord_grid,6,1576,39425,13.0,25,0.6878933333333334,1.4936078786849976,18.087690455572947,145.9256557000008
gnn_rep__N8__line__seed6,gnn_qmix,coord_grid,6,1577,39450,22.0,25,0.6876954166666667,1.8375184113780658,11.541586438814798,146.06651430000056
gnn_rep__N8__line__seed6,gnn_qmix,coord_grid,6,1578,39475,19.0,25,0.6874975,1.2801008000969887,9.660846869150797,146.1421412000018
gnn_rep__N8__line__seed6,gnn_qmix,coord_grid,6,1579,39500,8.0,25,0.6872995833333333,0.5326650142669678,8.670185804367065,146.27139399999942
gnn_rep__N8__line__seed6,gnn_qmix,coord_grid,6,1580,39525,19.0,25,0.6871016666666667,0.8938469546181815,10.058556079864502,146.38575259999925
gnn_rep__N8__line__seed6,gnn_qmix,coord_grid,6,1581,39550,13.0,25,0.68690375,1.5591463595628738,5.89682404200236,146.4590132000012
gnn_rep__N8__line__seed6,gnn_qmix,coord_grid,6,1582,39575,25.0,25,0.6867058333333333,1.8129669825236003,5.4876097440719604,146.5406664000002
gnn_rep__N8__line__seed6,gnn_qmix,coord_grid,6,1583,39600,18.0,25,0.6865079166666667,1.4612973829110463,7.15923813978831,146.67076540000198
gnn_rep__N8__line__seed6,gnn_qmix,coord_grid,6,1584,39625,18.0,25,0.68631,1.1319190050874437,6.718471084322248,146.75507769999967
gnn_rep__N8__line__seed6,gnn_qmix,coord_grid,6,1585,39650,21.0,25,0.6861120833333334,1.5213695516188939,8.975366512934366,146.82963210000162
gnn_rep__N8__line__seed6,gnn_qmix,coord_grid,6,1586,39675,14.0,25,0.6859141666666666,1.140496477484703,7.121989806493123,146.89575479999985
gnn_rep__N8__line__seed6,gnn_qmix,coord_grid,6,1587,39700,16.0,25,0.68571625,1.0126990402738254,4.853291551272075,146.97253060000003
gnn_rep__N8__line__seed6,gnn_qmix,coord_grid,6,1588,39725,20.0,25,0.6855183333333333,0.9613061547279358,8.984118870326451,147.06146950000038
gnn_rep__N8__line__seed6,gnn_qmix,coord_grid,6,1589,39750,20.0,25,0.6853204166666667,1.1445938025911648,10.08217986424764,147.2108236999993
gnn_rep__N8__line__seed6,gnn_qmix,coord_grid,6,1590,39775,19.0,25,0.6851225,0.7458906769752502,10.7797745068868,147.31962879999992
gnn_rep__N8__line__seed6,gnn_qmix,coord_grid,6,1591,39800,12.0,25,0.6849245833333333,0.7682530159751574,6.702683091163635,147.38749760000064
gnn_rep__N8__line__seed6,gnn_qmix,coord_grid,6,1592,39825,24.0,25,0.6847266666666667,1.645275252205985,11.828326736177717,147.4778370999993
gnn_rep__N8__line__seed6,gnn_qmix,coord_grid,6,1593,39850,19.0,25,0.68452875,1.0378154963254929,7.294625361760457,147.56981350000206
gnn_rep__N8__line__seed6,gnn_qmix,coord_grid,6,1594,39875,27.0,25,0.6843308333333333,1.5201317071914673,7.619094888369243,147.6374254000002
gnn_rep__N8__line__seed6,gnn_qmix,coord_grid,6,1595,39900,23.0,25,0.6841329166666666,1.842275286714236,12.31171186765035,147.7041978999987
gnn_rep__N8__line__seed6,gnn_qmix,coord_grid,6,1596,39925,21.0,25,0.683935,1.2757510713168554,10.337866987500872,147.79015760000038
gnn_rep__N8__line__seed6,gnn_qmix,coord_grid,6,1597,39950,21.0,25,0.6837370833333334,1.2706469918290775,8.960259397824606,147.9127800999995
gnn_rep__N8__line__seed6,gnn_qmix,coord_grid,6,1598,39975,19.0,25,0.6835391666666667,0.7920473764340082,8.417912681897482,148.01876600000105
gnn_rep__N8__line__seed6,gnn_qmix,coord_grid,6,1599,40000,17.0,25,0.68334125,1.0906064932545025,5.612985610961914,148.141270600001
gnn_rep__N8__line__seed6,gnn_qmix,coord_grid,6,1600,40025,22.0,25,0.6831433333333333,1.4399680750710624,4.751757383346558,148.24227080000128
gnn_rep__N8__line__seed6,gnn_qmix,coord_grid,6,1601,40050,13.0,25,0.6829454166666666,0.7333803946773211,4.915530323982239,148.31070760000148
gnn_rep__N8__line__seed6,gnn_qmix,coord_grid,6,1602,40075,21.0,25,0.6827475000000001,1.0514214808742206,6.018260041872661,148.42418180000095
gnn_rep__N8__line__seed6,gnn_qmix,coord_grid,6,1603,40100,14.0,25,0.6825495833333333,1.6741837312777836,5.469714164733887,148.49826670000039
gnn_rep__N8__line__seed6,gnn_qmix,coord_grid,6,1604,40125,14.0,25,0.6823516666666667,1.7027245547090257,6.595732688903809,148.5994978000017
gnn_rep__N8__line__seed6,gnn_qmix,coord_grid,6,1605,40150,16.0,25,0.68215375,1.988478769858678,4.491806149482727,148.7124072000006
gnn_rep__N8__line__seed6,gnn_qmix,coord_grid,6,1606,40175,17.0,25,0.6819558333333333,1.5283057590325673,3.5032164255777993,148.79702259999976
gnn_rep__N8__line__seed6,gnn_qmix,coord_grid,6,1607,40200,14.0,25,0.6817579166666667,1.009527991215388,4.173531254132588,148.8829798000006
gnn_rep__N8__line__seed6,gnn_qmix,coord_grid,6,1608,40225,10.0,25,0.6815599999999999,1.0910352340766363,18.485534395490372,148.97865380000076
gnn_rep__N8__line__seed6,gnn_qmix,coord_grid,6,1609,40250,28.0,25,0.6813620833333334,1.5058103998502095,19.02907594045003,149.08693839999978
gnn_rep__N8__line__seed6,gnn_qmix,coord_grid,6,1610,40275,21.0,25,0.6811641666666667,1.3601030459006627,9.162901004155477,149.1512040000016
gnn_rep__N8__line__seed6,gnn_qmix,coord_grid,6,1611,40300,25.0,25,0.68096625,1.4631135215361912,7.211549441019694,149.22117219999927
gnn_rep__N8__line__seed6,gnn_qmix,coord_grid,6,1612,40325,15.0,25,0.6807683333333333,1.0565150997468404,5.561586720602853,149.32517860000007
gnn_rep__N8__line__seed6,gnn_qmix,coord_grid,6,1613,40350,8.0,25,0.6805704166666666,2.3138122260570526,8.267427603403727,149.44636190000165
gnn_rep__N8__line__seed6,gnn_qmix,coord_grid,6,1614,40375,10.0,25,0.6803725,1.0751420160134633,5.828868508338928,149.58502510000108
gnn_rep__N8__line__seed6,gnn_qmix,coord_grid,6,1615,40400,20.0,25,0.6801745833333334,1.1806645194689434,5.434069236119588,149.70629800000097
gnn_rep__N8__line__seed6,gnn_qmix,coord_grid,6,1616,40425,22.0,25,0.6799766666666667,0.8137154536587852,3.2253391572407315,149.83813050000026
gnn_rep__N8__line__seed6,gnn_qmix,coord_grid,6,1617,40450,19.0,25,0.67977875,0.8215587635835012,5.744941751162211,149.91820580000058
gnn_rep__N8__line__seed6,gnn_qmix,coord_grid,6,1618,40475,17.0,25,0.6795808333333333,0.528944248954455,5.576318581899007,149.9835200999987
gnn_rep__N8__line__seed6,gnn_qmix,coord_grid,6,1619,40500,16.0,25,0.6793829166666667,0.9216155782341957,6.958474437395732,150.05542670000068
gnn_rep__N8__line__seed6,gnn_qmix,coord_grid,6,1620,40525,8.0,25,0.679185,1.3416623302868433,4.940243652888706,150.19215489999988
gnn_rep__N8__line__seed6,gnn_qmix,coord_grid,6,1621,40550,15.0,25,0.6789870833333334,1.3445845345656078,3.4578252832094827,150.30939529999887
gnn_rep__N8__line__seed6,gnn_qmix,coord_grid,6,1622,40575,13.0,25,0.6787891666666667,1.058350596576929,5.339090724786122,150.4264351999991
gnn_rep__N8__line__seed6,gnn_qmix,coord_grid,6,1623,40600,17.0,25,0.67859125,1.1956800768772762,3.301927924156189,150.52157369999986
gnn_rep__N8__line__seed6,gnn_qmix,coord_grid,6,1624,40625,15.0,25,0.6783933333333334,1.4386236241885595,3.351654887199402,150.60953130000053
gnn_rep__N8__line__seed6,gnn_qmix,coord_grid,6,1625,40650,21.0,25,0.6781954166666666,1.3060881892840068,8.928638537724813,150.69370909999998
gnn_rep__N8__line__seed6,gnn_qmix,coord_grid,6,1626,40675,12.0,25,0.6779975,1.4422414004802704,5.332751949628194,150.81679630000144
gnn_rep__N8__line__seed6,gnn_qmix,coord_grid,6,1627,40700,14.0,25,0.6777995833333333,1.0389700805147488,4.458847065766652,150.89144980000128
gnn_rep__N8__line__seed6,gnn_qmix,coord_grid,6,1628,40725,7.0,25,0.6776016666666667,0.7161341799157006,5.378045627049038,150.9705630999997
gnn_rep__N8__line__seed6,gnn_qmix,coord_grid,6,1629,40750,25.0,25,0.6774037500000001,1.194363867243131,5.095315317312877,151.06103509999957
gnn_rep__N8__line__seed6,gnn_qmix,coord_grid,6,1630,40775,11.0,25,0.6772058333333333,0.9297970434029897,6.314436078071594,151.1402358000014
gnn_rep__N8__line__seed6,gnn_qmix,coord_grid,6,1631,40800,20.0,25,0.6770079166666667,0.9014998897910118,7.047898133595784,151.21394209999926
gnn_rep__N8__line__seed6,gnn_qmix,coord_grid,6,1632,40825,3.0,25,0.67681,0.9803630645786013,8.170360020228795,151.29896590000135
gnn_rep__N8__line__seed6,gnn_qmix,coord_grid,6,1633,40850,24.0,25,0.6766120833333333,1.212533215681712,9.04570742448171,151.39125240000067
gnn_rep__N8__line__seed6,gnn_qmix,coord_grid,6,1634,40875,23.0,25,0.6764141666666666,1.449377290904522,4.716387987136841,151.4887462000006
gnn_rep__N8__line__seed6,gnn_qmix,coord_grid,6,1635,40900,12.0,25,0.67621625,1.0539236987630527,4.7695384820302325,151.59310720000212
gnn_rep__N8__line__seed6,gnn_qmix,coord_grid,6,1636,40925,18.0,25,0.6760183333333334,1.400475629738399,5.057336449623108,151.6751073000014
gnn_rep__N8__line__seed6,gnn_qmix,coord_grid,6,1637,40950,13.0,25,0.6758204166666667,1.2012061849236488,3.823145806789398,151.73809260000053
gnn_rep__N8__line__seed6,gnn_qmix,coord_grid,6,1638,40975,27.0,25,0.6756225,0.9543505609035492,7.540231307347615,151.803949000001
gnn_rep__N8__line__seed6,gnn_qmix,coord_grid,6,1639,41000,22.0,25,0.6754245833333333,1.3482190668582916,5.559523622194926,151.87756870000158
gnn_rep__N8__line__seed6,gnn_qmix,coord_grid,6,1640,41025,14.0,25,0.6752266666666666,1.836976843220847,25.124911853245326,152.00037560000055
gnn_rep__N8__line__seed6,gnn_qmix,coord_grid,6,1641,41050,18.0,25,0.6750287500000001,1.5727696220080059,13.785979151725769,152.0677495000018
gnn_rep__N8__line__seed6,gnn_qmix,coord_grid,6,1642,41075,17.0,25,0.6748308333333334,1.9305267284313838,8.081450859705607,152.15710110000146
gnn_rep__N8__line__seed6,gnn_qmix,coord_grid,6,1643,41100,24.0,25,0.6746329166666667,1.5251052503784497,4.855499943097432,152.3049596000019
gnn_rep__N8__line__seed6,gnn_qmix,coord_grid,6,1644,41125,19.0,25,0.674435,2.2843269961220876,3.9399450847080777,152.37878529999944
gnn_rep__N8__line__seed6,gnn_qmix,coord_grid,6,1645,41150,19.0,25,0.6742370833333333,1.8833164076010387,4.728238066037496,152.4577559999998
gnn_rep__N8__line__seed6,gnn_qmix,coord_grid,6,1646,41175,27.0,25,0.6740391666666667,0.6826398000121117,7.32162622610728,152.51308119999885
gnn_rep__N8__line__seed6,gnn_qmix,coord_grid,6,1647,41200,10.0,25,0.67384125,0.9155214168131351,5.136180599530538,152.5912735999991
gnn_rep__N8__line__seed6,gnn_qmix,coord_grid,6,1648,41225,17.0,25,0.6736433333333334,0.9761704547064645,8.89106287275042,152.67831880000085
gnn_rep__N8__line__seed6,gnn_qmix,coord_grid,6,1649,41250,18.0,25,0.6734454166666667,0.9040694683790207,6.189144651095073,152.8612878999993
gnn_rep__N8__line__seed6,gnn_qmix,coord_grid,6,1650,41275,27.0,25,0.6732475,1.620026042064031,6.859418233235677,152.95629069999995
gnn_rep__N8__line__seed6,gnn_qmix,coord_grid,6,1651,41300,16.0,25,0.6730495833333333,1.2297222738464673,4.437196969985962,153.04131540000162
gnn_rep__N8__line__seed6,gnn_qmix,coord_grid,6,1652,41325,15.0,25,0.6728516666666666,0.9726751169988087,3.6382361139569963,153.17752560000008
gnn_rep__N8__line__seed6,gnn_qmix,coord_grid,6,1653,41350,10.0,25,0.67265375,1.974388246734937,4.534128665924072,153.30582510000022
gnn_rep__N8__line__seed6,gnn_qmix,coord_grid,6,1654,41375,10.0,25,0.6724558333333334,1.9165883560975392,5.253350814183553,153.42203710000103
gnn_rep__N8__line__seed6,gnn_qmix,coord_grid,6,1655,41400,23.0,25,0.6722579166666667,1.2577158709367116,4.546814878781636,153.54073300000164
gnn_rep__N8__line__seed6,gnn_qmix,coord_grid,6,1656,41425,17.0,25,0.67206,1.542914820568902,5.803395135062082,153.65351160000137
gnn_rep__N8__line__seed6,gnn_qmix,coord_grid,6,1657,41450,16.0,25,0.6718620833333333,1.365930750966072,5.2774582505226135,153.77201640000203
gnn_rep__N8__line__seed6,gnn_qmix,coord_grid,6,1658,41475,10.0,25,0.6716641666666667,2.364330309132735,5.837189396222432,153.8378913000015
gnn_rep__N8__line__seed6,gnn_qmix,coord_grid,6,1659,41500,14.0,25,0.67146625,1.3904754767815273,4.687622348467509,153.91441860000123
gnn_rep__N8__line__seed6,gnn_qmix,coord_grid,6,1660,41525,9.0,25,0.6712683333333334,1.3170591018029623,4.047091790607998,154.01459759999852
gnn_rep__N8__line__seed6,gnn_qmix,coord_grid,6,1661,41550,13.0,25,0.6710704166666667,1.3710649112860362,7.077198783556621,154.11527869999918
gnn_rep__N8__line__seed6,gnn_qmix,coord_grid,6,1662,41575,15.0,25,0.6708725,1.360906533896923,5.3200961748758955,154.22306089999984
gnn_rep__N8__line__seed6,gnn_qmix,coord_grid,6,1663,41600,16.0,25,0.6706745833333334,1.520067036151886,7.095631996790568,154.33653590000176
gnn_rep__N8__line__seed6,gnn_qmix,coord_grid,6,1664,41625,13.0,25,0.6704766666666666,0.9459273730005536,7.385599068232945,154.39092750000054
gnn_rep__N8__line__seed6,gnn_qmix,coord_grid,6,1665,41650,19.0,25,0.67027875,1.7400363981723785,4.438726464907329,154.47211779999998
gnn_rep__N8__line__seed6,gnn_qmix,coord_grid,6,1666,41675,12.0,25,0.6700808333333333,1.783850411574046,7.405806501706441,154.54169529999854
gnn_rep__N8__line__seed6,gnn_qmix,coord_grid,6,1667,41700,15.0,25,0.6698829166666667,1.6277009720603626,4.937372962633769,154.62173970000003
gnn_rep__N8__line__seed6,gnn_qmix,coord_grid,6,1668,41725,13.0,25,0.6696850000000001,1.197328080024038,7.248560530798776,154.69471799999883
gnn_rep__N8__line__seed6,gnn_qmix,coord_grid,6,1669,41750,23.0,25,0.6694870833333333,0.7926213058332602,3.5733224153518677,154.80654610000056
gnn_rep__N8__line__seed6,gnn_qmix,coord_grid,6,1670,41775,26.0,25,0.6692891666666667,1.3688889717062314,4.71462086836497,154.8804616999987
gnn_rep__N8__line__seed6,gnn_qmix,coord_grid,6,1671,41800,27.0,25,0.66909125,2.111820558706919,7.86379607518514,154.97154619999856
gnn_rep__N8__line__seed6,gnn_qmix,coord_grid,6,1672,41825,18.0,25,0.6688933333333333,1.7048314639500208,17.315324766295298,155.076584800001
gnn_rep__N8__line__seed6,gnn_qmix,coord_grid,6,1673,41850,19.0,25,0.6686954166666667,1.8475731164216995,21.942967414855957,155.1652494000009
gnn_rep__N8__line__seed6,gnn_qmix,coord_grid,6,1674,41875,10.0,25,0.6684975,0.8593722755710284,13.325907627741495,155.23850220000168
gnn_rep__N8__line__seed6,gnn_qmix,coord_grid,6,1675,41900,8.0,25,0.6682995833333334,1.1397796670595806,10.371360699335733,155.3397928000013
gnn_rep__N8__line__seed6,gnn_qmix,coord_grid,6,1676,41925,19.0,25,0.6681016666666667,1.240909293293953,7.260750361851284,155.4114601000001
gnn_rep__N8__line__seed6,gnn_qmix,coord_grid,6,1677,41950,14.0,25,0.66790375,1.8290471235911052,5.170369505882263,155.4793447000011
gnn_rep__N8__line__seed6,gnn_qmix,coord_grid,6,1678,41975,21.0,25,0.6677058333333333,1.2484767908851306,5.211127678553264,155.56867929999862
gnn_rep__N8__line__seed6,gnn_qmix,coord_grid,6,1679,42000,20.0,25,0.6675079166666666,0.8170417820413908,6.635105450948079,155.70057739999902
gnn_rep__N8__line__seed6,gnn_qmix,coord_grid,6,1680,42025,24.0,25,0.6673100000000001,1.080339953303337,7.473085744040353,155.8161493000007
gnn_rep__N8__line__seed6,gnn_qmix,coord_grid,6,1681,42050,24.0,25,0.6671120833333334,1.3685072834293048,6.733796040217082,155.9068245999988
gnn_rep__N8__line__seed6,gnn_qmix,coord_grid,6,1682,42075,23.0,25,0.6669141666666667,1.2623683909575145,7.099891146024068,155.97425060000023
gnn_rep__N8__line__seed6,gnn_qmix,coord_grid,6,1683,42100,20.0,25,0.66671625,1.364344837764899,6.082448561986287,156.0859058999995
gnn_rep__N8__line__seed6,gnn_qmix,coord_grid,6,1684,42125,16.0,25,0.6665183333333333,2.2105466638292586,6.185353994369507,156.23410030000014
gnn_rep__N8__line__seed6,gnn_qmix,coord_grid,6,1685,42150,18.0,25,0.6663204166666667,1.2484076072772343,9.61081071694692,156.3528178000015
gnn_rep__N8__line__seed6,gnn_qmix,coord_grid,6,1686,42175,28.0,25,0.6661225,1.228360208372275,9.99073350429535,156.44100470000194
gnn_rep__N8__line__seed6,gnn_qmix,coord_grid,6,1687,42200,20.0,25,0.6659245833333334,0.8389643530050913,7.262742002805074,156.52361960000053
gnn_rep__N8__line__seed6,gnn_qmix,coord_grid,6,1688,42225,25.0,25,0.6657266666666667,1.218167598758425,6.000227757862636,156.5867991999985
gnn_rep__N8__line__seed6,gnn_qmix,coord_grid,6,1689,42250,15.0,25,0.66552875,1.0848624557256699,6.774770617485046,156.67829859999983
gnn_rep__N8__line__seed6,gnn_qmix,coord_grid,6,1690,42275,20.0,25,0.6653308333333334,1.7528509944677353,10.297937154769897,156.76096510000207
gnn_rep__N8__line__seed6,gnn_qmix,coord_grid,6,1691,42300,26.0,25,0.6651329166666666,1.263245368997256,8.915621002515158,156.8205057999985
gnn_rep__N8__line__seed6,gnn_qmix,coord_grid,6,1692,42325,13.0,25,0.664935,0.9637613445520401,7.130910413605826,156.9077744999995
gnn_rep__N8__line__seed6,gnn_qmix,coord_grid,6,1693,42350,13.0,25,0.6647370833333334,1.08180899421374,5.6233182946840925,157.00609429999895
gnn_rep__N8__line__seed6,gnn_qmix,coord_grid,6,1694,42375,22.0,25,0.6645391666666667,1.559237112601598,7.478075981140137,157.0826019999986
gnn_rep__N8__line__seed6,gnn_qmix,coord_grid,6,1695,42400,19.0,25,0.66434125,1.7975333134333293,6.43314528465271,157.16452650000065
gnn_rep__N8__line__seed6,gnn_qmix,coord_grid,6,1696,42425,11.0,25,0.6641433333333333,1.287568239229066,8.787863339696612,157.24994650000008
gnn_rep__N8__line__seed6,gnn_qmix,coord_grid,6,1697,42450,19.0,25,0.6639454166666667,2.1314553767442703,12.47139310836792,157.32552009999927
gnn_rep__N8__line__seed6,gnn_qmix,coord_grid,6,1698,42475,15.0,25,0.6637475,1.248281034330527,10.535602966944376,157.39786060000188
gnn_rep__N8__line__seed6,gnn_qmix,coord_grid,6,1699,42500,31.0,25,0.6635495833333334,1.5423833231131236,8.794886032740274,157.48029150000002
gnn_rep__N8__line__seed6,gnn_qmix,coord_grid,6,1700,42525,15.0,25,0.6633516666666667,1.7580986384834563,8.530232429504395,157.54492680000112
gnn_rep__N8__line__seed6,gnn_qmix,coord_grid,6,1701,42550,14.0,25,0.66315375,1.5583483179410298,8.427447239557901,157.61182240000198
gnn_rep__N8__line__seed6,gnn_qmix,coord_grid,6,1702,42575,10.0,25,0.6629558333333334,0.8523630077640215,8.789477825164795,157.72952900000018
gnn_rep__N8__line__seed6,gnn_qmix,coord_grid,6,1703,42600,15.0,25,0.6627579166666667,0.9735357239842415,11.615884979565939,157.82341860000088
gnn_rep__N8__line__seed6,gnn_qmix,coord_grid,6,1704,42625,19.0,25,0.66256,1.131083077618054,20.06824220929827,157.92756360000203
gnn_rep__N8__line__seed6,gnn_qmix,coord_grid,6,1705,42650,19.0,25,0.6623620833333334,1.8141264915466309,24.883317629496258,158.0249814000017
gnn_rep__N8__line__seed6,gnn_qmix,coord_grid,6,1706,42675,25.0,25,0.6621641666666667,2.031685695052147,16.677523771921795,158.0865276000004
gnn_rep__N8__line__seed6,gnn_qmix,coord_grid,6,1707,42700,11.0,25,0.6619662500000001,1.6291037648916245,13.690848310788473,158.20766279999953
gnn_rep__N8__line__seed6,gnn_qmix,coord_grid,6,1708,42725,20.0,25,0.6617683333333333,1.2505063052688326,6.100022418158395,158.3110901
gnn_rep__N8__line__seed6,gnn_qmix,coord_grid,6,1709,42750,11.0,25,0.6615704166666667,0.9765168552597364,6.330464621384938,158.36954400000104
gnn_rep__N8__line__seed6,gnn_qmix,coord_grid,6,1710,42775,26.0,25,0.6613725,1.7706338812907536,8.329311529795328,158.4625132000001
gnn_rep__N8__line__seed6,gnn_qmix,coord_grid,6,1711,42800,11.0,25,0.6611745833333333,1.296352597574393,6.732481837272644,158.56321120000212
gnn_rep__N8__line__seed6,gnn_qmix,coord_grid,6,1712,42825,25.0,25,0.6609766666666667,1.0116053777081626,11.791787420000349,158.67591579999862
gnn_rep__N8__line__seed6,gnn_qmix,coord_grid,6,1713,42850,17.0,25,0.66077875,1.4193119605382283,7.313406904538472,158.79120469999907
gnn_rep__N8__line__seed6,gnn_qmix,coord_grid,6,1714,42875,19.0,25,0.6605808333333334,1.5944427326321602,8.499069809913635,158.91230160000123
gnn_rep__N8__line__seed6,gnn_qmix,coord_grid,6,1715,42900,15.0,25,0.6603829166666667,1.4114212145407994,6.532864173253377,159.01018250000197
gnn_rep__N8__line__seed6,gnn_qmix,coord_grid,6,1716,42925,21.0,25,0.660185,1.5301287940570287,5.668330226625715,159.0847513000008
gnn_rep__N8__line__seed6,gnn_qmix,coord_grid,6,1717,42950,7.0,25,0.6599870833333333,1.42182611177365,8.951119621594747,159.19623630000206
gnn_rep__N8__line__seed6,gnn_qmix,coord_grid,6,1718,42975,21.0,25,0.6597891666666666,2.1825568775335946,6.848737299442291,159.25106869999945
gnn_rep__N8__line__seed6,gnn_qmix,coord_grid,6,1719,43000,12.0,25,0.6595912500000001,1.7211860318978627,9.208821296691895,159.3398930000003
gnn_rep__N8__line__seed6,gnn_qmix,coord_grid,6,1720,43025,18.0,25,0.6593933333333334,1.1678434993539537,9.082670484270368,159.44452399999864
gnn_rep__N8__line__seed6,gnn_qmix,coord_grid,6,1721,43050,18.0,25,0.6591954166666667,1.9343409538269043,8.71494992574056,159.55893030000152
gnn_rep__N8__line__seed6,gnn_qmix,coord_grid,6,1722,43075,11.0,25,0.6589975,1.1335641518235207,9.196496586004892,159.68501630000173
gnn_rep__N8__line__seed6,gnn_qmix,coord_grid,6,1723,43100,16.0,25,0.6587995833333333,1.8505097056428592,7.211131691932678,159.78323060000184
gnn_rep__N8__line__seed6,gnn_qmix,coord_grid,6,1724,43125,14.0,25,0.6586016666666668,1.403887233563832,7.850235802786691,159.87829780000175
gnn_rep__N8__line__seed6,gnn_qmix,coord_grid,6,1725,43150,16.0,25,0.65840375,2.399043341477712,12.58197546005249,159.96608130000095
gnn_rep__N8__line__seed6,gnn_qmix,coord_grid,6,1726,43175,15.0,25,0.6582058333333334,1.129158730308215,12.262327671051025,160.049799299999
gnn_rep__N8__line__seed6,gnn_qmix,coord_grid,6,1727,43200,14.0,25,0.6580079166666667,0.5865752125779787,12.183208664258322,160.1458429000013
gnn_rep__N8__line__seed6,gnn_qmix,coord_grid,6,1728,43225,20.0,25,0.65781,2.012812461171831,6.950624772480556,160.22829600000114
gnn_rep__N8__line__seed6,gnn_qmix,coord_grid,6,1729,43250,15.0,25,0.6576120833333334,0.7204901427030563,7.803855061531067,160.3337857000006
gnn_rep__N8__line__seed6,gnn_qmix,coord_grid,6,1730,43275,27.0,25,0.6574141666666666,0.8283397729198138,9.385836680730185,160.41858879999927
gnn_rep__N8__line__seed6,gnn_qmix,coord_grid,6,1731,43300,12.0,25,0.6572162500000001,2.450029889742533,6.408768912156423,160.49618289999853
gnn_rep__N8__line__seed6,gnn_qmix,coord_grid,6,1732,43325,22.0,25,0.6570183333333334,1.5318806341716222,8.322443042482648,160.5921828999999
gnn_rep__N8__line__seed6,gnn_qmix,coord_grid,6,1733,43350,31.0,25,0.6568204166666667,1.3887234131495159,8.679110447565714,160.69522960000177
gnn_rep__N8__line__seed6,gnn_qmix,coord_grid,6,1734,43375,15.0,25,0.6566225,1.2525029207269351,9.0803009668986,160.7712759999995
gnn_rep__N8__line__seed6,gnn_qmix,coord_grid,6,1735,43400,17.0,25,0.6564245833333333,1.6136934558550518,11.773435115814209,160.84513639999932
gnn_rep__N8__line__seed6,gnn_qmix,coord_grid,6,1736,43425,14.0,25,0.6562266666666667,1.2875743125166212,25.973603657313756,160.9314760999987
gnn_rep__N8__line__seed6,gnn_qmix,coord_grid,6,1737,43450,24.0,25,0.65602875,0.8119723573327065,21.653335173924763,161.01311350000105
gnn_rep__N8__line__seed6,gnn_qmix,coord_grid,6,1738,43475,23.0,25,0.6558308333333334,1.3497569113969803,15.331899801890055,161.08382469999924
gnn_rep__N8__line__seed6,gnn_qmix,coord_grid,6,1739,43500,27.0,25,0.6556329166666667,2.1208620568116507,7.279259483019511,161.16109000000142
gnn_rep__N8__line__seed6,gnn_qmix,coord_grid,6,1740,43525,23.0,25,0.655435,1.535503055368151,6.263839312962124,161.2491458000004
gnn_rep__N8__line__seed6,gnn_qmix,coord_grid,6,1741,43550,19.0,25,0.6552370833333334,1.7312347094217937,5.039793411890666,161.32308140000168
gnn_rep__N8__line__seed6,gnn_qmix,coord_grid,6,1742,43575,23.0,25,0.6550391666666667,1.807609185576439,6.169187823931376,161.4399908000014
gnn_rep__N8__line__seed6,gnn_qmix,coord_grid,6,1743,43600,13.0,25,0.65484125,1.2903624425331752,7.8674724499384565,161.5700500999992
gnn_rep__N8__line__seed6,gnn_qmix,coord_grid,6,1744,43625,13.0,25,0.6546433333333334,1.129737736923354,5.1397693157196045,161.66844800000035
gnn_rep__N8__line__seed6,gnn_qmix,coord_grid,6,1745,43650,19.0,25,0.6544454166666667,1.3119749252994855,7.250700235366821,161.76642150000043
gnn_rep__N8__line__seed6,gnn_qmix,coord_grid,6,1746,43675,16.0,25,0.6542475000000001,1.5846383397777875,4.51073944568634,161.85394420000011
gnn_rep__N8__line__seed6,gnn_qmix,coord_grid,6,1747,43700,16.0,25,0.6540495833333333,1.6313542996843655,5.111548900604248,161.96586490000118
gnn_rep__N8__line__seed6,gnn_qmix,coord_grid,6,1748,43725,19.0,25,0.6538516666666667,1.3253731365714754,6.2809540544237406,162.044687900001
gnn_rep__N8__line__seed6,gnn_qmix,coord_grid,6,1749,43750,17.0,25,0.65365375,2.3709535176555314,6.837687571843465,162.1675944000017
gnn_rep__N8__line__seed6,gnn_qmix,coord_grid,6,1750,43775,11.0,25,0.6534558333333333,0.9707977399230003,5.613888382911682,162.28691099999924
gnn_rep__N8__line__seed6,gnn_qmix,coord_grid,6,1751,43800,23.0,25,0.6532579166666668,1.0056116034587224,6.77760632832845,162.37564349999957
gnn_rep__N8__line__seed6,gnn_qmix,coord_grid,6,1752,43825,22.0,25,0.65306,1.0258545066629137,5.305974381310599,162.47470280000198
gnn_rep__N8__line__seed6,gnn_qmix,coord_grid,6,1753,43850,14.0,25,0.6528620833333334,1.4488507707913716,4.7925006945927935,162.5614506999991
gnn_rep__N8__line__seed6,gnn_qmix,coord_grid,6,1754,43875,15.0,25,0.6526641666666667,1.3003890191515286,5.980716943740845,162.6448449999989
gnn_rep__N8__line__seed6,gnn_qmix,coord_grid,6,1755,43900,26.0,25,0.65246625,1.1372198065121968,6.482385754585266,162.71186959999977
gnn_rep__N8__line__seed6,gnn_qmix,coord_grid,6,1756,43925,22.0,25,0.6522683333333333,1.52080779841968,4.062063728060041,162.81114969999908
gnn_rep__N8__line__seed6,gnn_qmix,coord_grid,6,1757,43950,12.0,25,0.6520704166666667,1.26035991559426,5.143521110216777,162.95617889999994
gnn_rep__N8__line__seed6,gnn_qmix,coord_grid,6,1758,43975,14.0,25,0.6518725000000001,0.8670236046115557,7.112127383550008,163.04058090000035
gnn_rep__N8__line__seed6,gnn_qmix,coord_grid,6,1759,44000,11.0,25,0.6516745833333334,0.7235313455263773,9.96996514002482,163.15642379999917
gnn_rep__N8__line__seed6,gnn_qmix,coord_grid,6,1760,44025,13.0,25,0.6514766666666667,0.7381646037101746,8.121801103864398,163.26856659999976
gnn_rep__N8__line__seed6,gnn_qmix,coord_grid,6,1761,44050,17.0,25,0.65127875,0.9615909035007159,7.006414671738942,163.3560976000008
gnn_rep__N8__line__seed6,gnn_qmix,coord_grid,6,1762,44075,14.0,25,0.6510808333333333,1.285583498577277,6.564661383628845,163.4270891999986
gnn_rep__N8__line__seed6,gnn_qmix,coord_grid,6,1763,44100,21.0,25,0.6508829166666668,1.4398834817111492,6.825225591659546,163.49910470000032
gnn_rep__N8__line__seed6,gnn_qmix,coord_grid,6,1764,44125,28.0,25,0.650685,1.536116021020072,6.2346934250422885,163.58041299999968
gnn_rep__N8__line__seed6,gnn_qmix,coord_grid,6,1765,44150,16.0,25,0.6504870833333334,0.9774589315056801,6.016259670257568,163.67983269999968
gnn_rep__N8__line__seed6,gnn_qmix,coord_grid,6,1766,44175,22.0,25,0.6502891666666667,2.0350468158721924,5.988705595334371,163.76712190000035
gnn_rep__N8__line__seed6,gnn_qmix,coord_grid,6,1767,44200,18.0,25,0.65009125,1.6468217571576436,5.430430809656779,163.87405249999938
gnn_rep__N8__line__seed6,gnn_qmix,coord_grid,6,1768,44225,16.0,25,0.6498933333333334,2.1558089341436113,23.25915309361049,163.95868770000016
gnn_rep__N8__line__seed6,gnn_qmix,coord_grid,6,1769,44250,32.0,25,0.6496954166666666,1.5552503888805707,14.377295891443888,164.07485780000206
gnn_rep__N8__line__seed6,gnn_qmix,coord_grid,6,1770,44275,18.0,25,0.6494975000000001,1.9899647732575734,8.264268080393473,164.14715979999892
gnn_rep__N8__line__seed6,gnn_qmix,coord_grid,6,1771,44300,9.0,25,0.6492995833333334,1.190323683122794,5.401918629805247,164.24871840000196
gnn_rep__N8__line__seed6,gnn_qmix,coord_grid,6,1772,44325,14.0,25,0.6491016666666667,1.4513141065835953,5.305081571851458,164.3061435999989
gnn_rep__N8__line__seed6,gnn_qmix,coord_grid,6,1773,44350,21.0,25,0.64890375,1.777087186773618,10.180710077285767,164.39981429999898
gnn_rep__N8__line__seed6,gnn_qmix,coord_grid,6,1774,44375,22.0,25,0.6487058333333333,0.8354932417472204,9.816003799438477,164.49593599999935
gnn_rep__N8__line__seed6,gnn_qmix,coord_grid,6,1775,44400,29.0,25,0.6485079166666667,1.5022400418917339,5.222888191541036,164.56449280000015
gnn_rep__N8__line__seed6,gnn_qmix,coord_grid,6,1776,44425,20.0,25,0.64831,1.8374322716678892,9.230010032653809,164.69054569999935
gnn_rep__N8__line__seed6,gnn_qmix,coord_grid,6,1777,44450,11.0,25,0.6481120833333334,1.0315930967529614,9.778732895851135,164.79346639999858
gnn_rep__N8__line__seed6,gnn_qmix,coord_grid,6,1778,44475,20.0,25,0.6479141666666667,1.6655124326546986,9.149597764015198,164.92173130000083
gnn_rep__N8__line__seed6,gnn_qmix,coord_grid,6,1779,44500,28.0,25,0.64771625,1.0104676025609176,9.94022568066915,164.9866476999996
gnn_rep__N8__line__seed6,gnn_qmix,coord_grid,6,1780,44525,25.0,25,0.6475183333333334,2.122499023165022,6.379467044557844,165.0509130999999
gnn_rep__N8__line__seed6,gnn_qmix,coord_grid,6,1781,44550,12.0,25,0.6473204166666666,1.8032869547605515,7.609875043233235,165.16975530000127
gnn_rep__N8__line__seed6,gnn_qmix,coord_grid,6,1782,44575,16.0,25,0.6471225,1.0499494597315788,9.531285921732584,165.28810019999946
gnn_rep__N8__line__seed6,gnn_qmix,coord_grid,6,1783,44600,16.0,25,0.6469245833333334,1.6512005453308423,5.843235770861308,165.39244390000022
gnn_rep__N8__line__seed6,gnn_qmix,coord_grid,6,1784,44625,12.0,25,0.6467266666666667,1.8310433562312807,7.007655620574951,165.55646999999954
gnn_rep__N8__line__seed6,gnn_qmix,coord_grid,6,1785,44650,22.0,25,0.6465287500000001,1.507581037779649,6.341343641281128,165.66147490000003
gnn_rep__N8__line__seed6,gnn_qmix,coord_grid,6,1786,44675,10.0,25,0.6463308333333333,1.3601172591249149,8.34423796335856,165.7900797000002
gnn_rep__N8__line__seed6,gnn_qmix,coord_grid,6,1787,44700,33.0,25,0.6461329166666667,1.3022098988294601,5.707675139109294,165.88765110000168
gnn_rep__N8__line__seed6,gnn_qmix,coord_grid,6,1788,44725,20.0,25,0.645935,1.5930442682334356,6.257707732064383,165.98038630000156
gnn_rep__N8__line__seed6,gnn_qmix,coord_grid,6,1789,44750,13.0,25,0.6457370833333334,1.537178595860799,5.233478705088298,166.04654370000208
gnn_rep__N8__line__seed6,gnn_qmix,coord_grid,6,1790,44775,16.0,25,0.6455391666666668,1.6112986256678898,7.451932032903035,166.12886079999953
gnn_rep__N8__line__seed6,gnn_qmix,coord_grid,6,1791,44800,21.0,25,0.64534125,1.4729107543826103,5.840667366981506,166.18566569999894
gnn_rep__N8__line__seed6,gnn_qmix,coord_grid,6,1792,44825,30.0,25,0.6451433333333334,1.3149754000561578,6.448845216206142,166.2636410999985
gnn_rep__N8__line__seed6,gnn_qmix,coord_grid,6,1793,44850,17.0,25,0.6449454166666666,0.8535831123590469,7.695749560991923,166.39048800000091
gnn_rep__N8__line__seed6,gnn_qmix,coord_grid,6,1794,44875,13.0,25,0.6447475,0.9879141549269358,4.804401755332947,166.4558861000005
gnn_rep__N8__line__seed6,gnn_qmix,coord_grid,6,1795,44900,20.0,25,0.6445495833333333,1.37471787383159,4.384143511454265,166.52789140000095
gnn_rep__N8__line__seed6,gnn_qmix,coord_grid,6,1796,44925,18.0,25,0.6443516666666667,0.7721310939107623,6.167094145502363,166.6585801000001
gnn_rep__N8__line__seed6,gnn_qmix,coord_grid,6,1797,44950,18.0,25,0.6441537500000001,1.8191199898719788,3.4501169323921204,166.73441230000026
gnn_rep__N8__line__seed6,gnn_qmix,coord_grid,6,1798,44975,22.0,25,0.6439558333333333,1.451197862625122,6.831709543863933,166.80611560000034
gnn_rep__N8__line__seed6,gnn_qmix,coord_grid,6,1799,45000,23.0,25,0.6437579166666667,1.5129577939709027,7.217247525850932,166.8877864999995
gnn_rep__N8__line__seed6,gnn_qmix,coord_grid,6,1800,45025,18.0,25,0.64356,1.7549786397389002,23.265479224068777,166.9969689999998
gnn_rep__N8__line__seed6,gnn_qmix,coord_grid,6,1801,45050,21.0,25,0.6433620833333333,1.9410040229558945,22.48245922724406,167.06410920000053
gnn_rep__N8__line__seed6,gnn_qmix,coord_grid,6,1802,45075,21.0,25,0.6431641666666668,2.0738202085097632,10.850409189860025,167.1816586999994
gnn_rep__N8__line__seed6,gnn_qmix,coord_grid,6,1803,45100,9.0,25,0.64296625,1.562885656952858,11.636593540509542,167.23588930000187
gnn_rep__N8__line__seed6,gnn_qmix,coord_grid,6,1804,45125,15.0,25,0.6427683333333334,1.190948167017528,6.233570405415127,167.33023139999932
gnn_rep__N8__line__seed6,gnn_qmix,coord_grid,6,1805,45150,27.0,25,0.6425704166666667,0.9574603339036306,5.24406894048055,167.45438170000125
gnn_rep__N8__line__seed6,gnn_qmix,coord_grid,6,1806,45175,15.0,25,0.6423725,2.0337325458725295,7.575958609580994,167.51912639999864
gnn_rep__N8__line__seed6,gnn_qmix,coord_grid,6,1807,45200,19.0,25,0.6421745833333334,1.7115800231695175,5.988345503807068,167.5681446000017
gnn_rep__N8__line__seed6,gnn_qmix,coord_grid,6,1808,45225,19.0,25,0.6419766666666666,1.2015400997229986,9.172569615500313,167.63433250000162
gnn_rep__N8__line__seed6,gnn_qmix,coord_grid,6,1809,45250,22.0,25,0.6417787500000001,1.174932837486267,5.223606983820598,167.74407749999955
gnn_rep__N8__line__seed6,gnn_qmix,coord_grid,6,1810,45275,12.0,25,0.6415808333333333,0.883400393029054,4.786853075027466,167.82915230000071
gnn_rep__N8__line__seed6,gnn_qmix,coord_grid,6,1811,45300,32.0,25,0.6413829166666667,0.9313443501790365,8.869064251581827,167.89450059999945
gnn_rep__N8__line__seed6,gnn_qmix,coord_grid,6,1812,45325,25.0,25,0.6411850000000001,1.083402035491807,7.677420548030308,167.98073060000024
gnn_rep__N8__line__seed6,gnn_qmix,coord_grid,6,1813,45350,20.0,25,0.6409870833333333,0.9638271480798721,9.051460425059,168.0811376999991
gnn_rep__N8__line__seed6,gnn_qmix,coord_grid,6,1814,45375,18.0,25,0.6407891666666667,1.2446236088871956,8.43813947836558,168.1934500999996
gnn_rep__N8__line__seed6,gnn_qmix,coord_grid,6,1815,45400,16.0,25,0.64059125,0.8874578128258387,4.79411764939626,168.26229420000163
gnn_rep__N8__line__seed6,gnn_qmix,coord_grid,6,1816,45425,26.0,25,0.6403933333333334,1.5175213430609023,9.119160311562675,168.35976080000182
gnn_rep__N8__line__seed6,gnn_qmix,coord_grid,6,1817,45450,19.0,25,0.6401954166666667,1.3537211914857228,7.39764126141866,168.46921130000192
gnn_rep__N8__line__seed6,gnn_qmix,coord_grid,6,1818,45475,19.0,25,0.6399975,1.4140473008155823,5.121195554733276,168.55377320000116
gnn_rep__N8__line__seed6,gnn_qmix,coord_grid,6,1819,45500,11.0,25,0.6397995833333334,0.5654041096568108,9.217268069585165,168.64689029999863
gnn_rep__N8__line__seed6,gnn_qmix,coord_grid,6,1820,45525,24.0,25,0.6396016666666666,1.481557390519551,7.728788750512259,168.7398264000003
gnn_rep__N8__line__seed6,gnn_qmix,coord_grid,6,1821,45550,24.0,25,0.63940375,2.234593391418457,8.767922639846802,168.8021417000018
gnn_rep__N8__line__seed6,gnn_qmix,coord_grid,6,1822,45575,17.0,25,0.6392058333333334,1.212788499891758,7.524675567944844,168.8735168000021
gnn_rep__N8__line__seed6,gnn_qmix,coord_grid,6,1823,45600,31.0,25,0.6390079166666667,1.0767656962076824,7.2819381554921465,168.94350539999868
gnn_rep__N8__line__seed6,gnn_qmix,coord_grid,6,1824,45625,16.0,25,0.6388100000000001,1.5219808518886566,5.706079857689994,169.02808240000013
gnn_rep__N8__line__seed6,gnn_qmix,coord_grid,6,1825,45650,26.0,25,0.6386120833333333,1.05131097137928,8.64338501294454,169.0892046000008
gnn_rep__N8__line__seed6,gnn_qmix,coord_grid,6,1826,45675,26.0,25,0.6384141666666667,0.7427928348382314,6.370823303858439,169.22179379999943
gnn_rep__N8__line__seed6,gnn_qmix,coord_grid,6,1827,45700,11.0,25,0.6382162499999999,1.6949700117111206,5.477670510609944,169.3215549000015
gnn_rep__N8__line__seed6,gnn_qmix,coord_grid,6,1828,45725,18.0,25,0.6380183333333334,1.2365210035017558,7.692775658198765,169.42131840000002
gnn_rep__N8__line__seed6,gnn_qmix,coord_grid,6,1829,45750,17.0,25,0.6378204166666668,1.0538621644179027,10.497541109720865,169.4857660000016
gnn_rep__N8__line__seed6,gnn_qmix,coord_grid,6,1830,45775,14.0,25,0.6376225,1.239011012017727,7.664832592010498,169.59507949999897
gnn_rep__N8__line__seed6,gnn_qmix,coord_grid,6,1831,45800,21.0,25,0.6374245833333334,1.3984419802824657,6.826314886411031,169.69586790000176
gnn_rep__N8__line__seed6,gnn_qmix,coord_grid,6,1832,45825,22.0,25,0.6372266666666666,1.1613553506987435,19.106573513575963,169.7688420000013
gnn_rep__N8__line__seed6,gnn_qmix,coord_grid,6,1833,45850,15.0,25,0.63702875,2.163423548142115,17.817603429158527,169.8712287999988
gnn_rep__N8__line__seed6,gnn_qmix,coord_grid,6,1834,45875,15.0,25,0.6368308333333335,1.8221948842207591,16.53214740753174,169.95075550000183
gnn_rep__N8__line__seed6,gnn_qmix,coord_grid,6,1835,45900,13.0,25,0.6366329166666667,1.1159867842992146,11.419049461682638,170.03818110000066
gnn_rep__N8__line__seed6,gnn_qmix,coord_grid,6,1836,45925,28.0,25,0.6364350000000001,2.3912081718444824,7.041508913040161,170.12710660000084
gnn_rep__N8__line__seed6,gnn_qmix,coord_grid,6,1837,45950,26.0,25,0.6362370833333333,0.7220262338717779,5.9878190358479815,170.22861349999948
gnn_rep__N8__line__seed6,gnn_qmix,coord_grid,6,1838,45975,13.0,25,0.6360391666666667,1.888763355712096,7.005178411801656,170.3189385000005
gnn_rep__N8__line__seed6,gnn_qmix,coord_grid,6,1839,46000,13.0,25,0.6358412499999999,1.0409382631381352,8.019232471783956,170.41031450000082
gnn_rep__N8__line__seed6,gnn_qmix,coord_grid,6,1840,46025,26.0,25,0.6356433333333333,2.1128684154578616,6.831728492464338,170.49831089999861
gnn_rep__N8__line__seed6,gnn_qmix,coord_grid,6,1841,46050,26.0,25,0.6354454166666668,1.8957697624961536,6.028185248374939,170.56616049999866
gnn_rep__N8__line__seed6,gnn_qmix,coord_grid,6,1842,46075,14.0,25,0.6352475,1.3848409404357274,6.4951872030893965,170.6468425000021
gnn_rep__N8__line__seed6,gnn_qmix,coord_grid,6,1843,46100,10.0,25,0.6350495833333334,1.2131131341060002,6.736006418863933,170.72063509999862
gnn_rep__N8__line__seed6,gnn_qmix,coord_grid,6,1844,46125,14.0,25,0.6348516666666666,1.235161617398262,7.017169918332781,170.80394259999957
gnn_rep__N8__line__seed6,gnn_qmix,coord_grid,6,1845,46150,21.0,25,0.63465375,1.7433306972185771,7.046026229858398,170.8868677999999
gnn_rep__N8__line__seed6,gnn_qmix,coord_grid,6,1846,46175,13.0,25,0.6344558333333334,0.8963078310092291,6.160679459571838,170.9653689000006
gnn_rep__N8__line__seed6,gnn_qmix,coord_grid,6,1847,46200,31.0,25,0.6342579166666666,0.9378483444452286,9.448040207227072,171.03637600000002
gnn_rep__N8__line__seed6,gnn_qmix,coord_grid,6,1848,46225,23.0,25,0.6340600000000001,1.8193966384444917,6.464790378298078,171.13688199999888
gnn_rep__N8__line__seed6,gnn_qmix,coord_grid,6,1849,46250,19.0,25,0.6338620833333333,1.431057130297025,7.041196405887604,171.26437720000104
gnn_rep__N8__line__seed6,gnn_qmix,coord_grid,6,1850,46275,15.0,25,0.6336641666666667,1.2011346817016602,5.131678223609924,171.33727910000016
gnn_rep__N8__line__seed6,gnn_qmix,coord_grid,6,1851,46300,12.0,25,0.6334662500000001,1.5812646746635437,5.981059590975444,171.42198940000162
gnn_rep__N8__line__seed6,gnn_qmix,coord_grid,6,1852,46325,22.0,25,0.6332683333333333,2.2435559034347534,5.5493654523577005,171.56024790000083
gnn_rep__N8__line__seed6,gnn_qmix,coord_grid,6,1853,46350,14.0,25,0.6330704166666667,1.0780866940816243,6.426379084587097,171.62743659999978
gnn_rep__N8__line__seed6,gnn_qmix,coord_grid,6,1854,46375,25.0,25,0.6328725,1.113630396624406,10.852940122286478,171.7550037000001
gnn_rep__N8__line__seed6,gnn_qmix,coord_grid,6,1855,46400,14.0,25,0.6326745833333334,1.2481979181369145,9.748830596605936,171.83006580000074
gnn_rep__N8__line__seed6,gnn_qmix,coord_grid,6,1856,46425,29.0,25,0.6324766666666667,1.3701867290905543,10.69897951398577,171.95799139999872
gnn_rep__N8__line__seed6,gnn_qmix,coord_grid,6,1857,46450,25.0,25,0.63227875,0.910018098851045,8.749779264132181,172.06222010000056
gnn_rep__N8__line__seed6,gnn_qmix,coord_grid,6,1858,46475,23.0,25,0.6320808333333334,1.6110339413086574,10.085122267405191,172.16649590000088
gnn_rep__N8__line__seed6,gnn_qmix,coord_grid,6,1859,46500,33.0,25,0.6318829166666666,1.2605864132444065,11.06574821472168,172.25694160000057
gnn_rep__N8__line__seed6,gnn_qmix,coord_grid,6,1860,46525,9.0,25,0.631685,2.0228157554353987,11.183602946145195,172.3421257000009
gnn_rep__N8__line__seed6,gnn_qmix,coord_grid,6,1861,46550,35.0,25,0.6314870833333333,1.4225109443068504,9.06699808438619,172.41985810000187
gnn_rep__N8__line__seed6,gnn_qmix,coord_grid,6,1862,46575,13.0,25,0.6312891666666667,1.4304752151171367,7.004998246828715,172.4997645000003
gnn_rep__N8__line__seed6,gnn_qmix,coord_grid,6,1863,46600,16.0,25,0.6310912500000001,2.4323047225673995,6.288017630577087,172.63811189999979
gnn_rep__N8__line__seed6,gnn_qmix,coord_grid,6,1864,46625,9.0,25,0.6308933333333333,2.4232774717467174,18.19461781638009,172.77726640000037
gnn_rep__N8__line__seed6,gnn_qmix,coord_grid,6,1865,46650,21.0,25,0.6306954166666667,1.128258839249611,14.438679099082947,172.8608090000016
gnn_rep__N8__line__seed6,gnn_qmix,coord_grid,6,1866,46675,17.0,25,0.6304974999999999,1.6509018739064534,11.592142899831137,172.92716980000114
gnn_rep__N8__line__seed6,gnn_qmix,coord_grid,6,1867,46700,25.0,25,0.6302995833333334,1.2415731350580852,6.267083287239075,173.02003970000078
gnn_rep__N8__line__seed6,gnn_qmix,coord_grid,6,1868,46725,32.0,25,0.6301016666666667,0.9859284332820347,6.658352647508893,173.1168015000003
gnn_rep__N8__line__seed6,gnn_qmix,coord_grid,6,1869,46750,24.0,25,0.62990375,0.7133588368693987,5.157930930455525,173.19413949999944
gnn_rep__N8__line__seed6,gnn_qmix,coord_grid,6,1870,46775,25.0,25,0.6297058333333334,1.836919275422891,6.703636129697164,173.27599579999878
gnn_rep__N8__line__seed6,gnn_qmix,coord_grid,6,1871,46800,21.0,25,0.6295079166666666,1.4097126026948292,10.753452897071838,173.41141430000062
gnn_rep__N8__line__seed6,gnn_qmix,coord_grid,6,1872,46825,16.0,25,0.62931,2.1441086402961185,5.504167011805943,173.56235269999888
gnn_rep__N8__line__seed6,gnn_qmix,coord_grid,6,1873,46850,23.0,25,0.6291120833333333,1.4133111760020256,5.579694946606954,173.66595360000065
gnn_rep__N8__line__seed6,gnn_qmix,coord_grid,6,1874,46875,22.0,25,0.6289141666666667,1.5472266301512718,4.72331162293752,173.73544089999996
gnn_rep__N8__line__seed6,gnn_qmix,coord_grid,6,1875,46900,18.0,25,0.6287162500000001,1.7883357604344685,6.959618886311849,173.81876349999948
gnn_rep__N8__line__seed6,gnn_qmix,coord_grid,6,1876,46925,16.0,25,0.6285183333333333,1.2721507847309113,5.161076886313302,173.92488460000095
gnn_rep__N8__line__seed6,gnn_qmix,coord_grid,6,1877,46950,24.0,25,0.6283204166666667,1.6284425308307011,6.493721226851146,174.01475950000167
gnn_rep__N8__line__seed6,gnn_qmix,coord_grid,6,1878,46975,24.0,25,0.6281224999999999,2.104620178540548,6.144508878389995,174.08830560000206
gnn_rep__N8__line__seed6,gnn_qmix,coord_grid,6,1879,47000,22.0,25,0.6279245833333333,1.948950966199239,8.313143610954285,174.16075310000087
gnn_rep__N8__line__seed6,gnn_qmix,coord_grid,6,1880,47025,15.0,25,0.6277266666666668,0.9922339384044919,7.567171658788409,174.2489596000014
gnn_rep__N8__line__seed6,gnn_qmix,coord_grid,6,1881,47050,24.0,25,0.62752875,1.0863800346851349,12.845945596694946,174.3927745000001
gnn_rep__N8__line__seed6,gnn_qmix,coord_grid,6,1882,47075,16.0,25,0.6273308333333334,2.143453878660997,5.78187479575475,174.4995009000013
gnn_rep__N8__line__seed6,gnn_qmix,coord_grid,6,1883,47100,21.0,25,0.6271329166666666,1.043879121541977,8.065926055113474,174.58143719999862
gnn_rep__N8__line__seed6,gnn_qmix,coord_grid,6,1884,47125,21.0,25,0.626935,1.9594904226916177,5.813771520342145,174.6534384000006
gnn_rep__N8__line__seed6,gnn_qmix,coord_grid,6,1885,47150,11.0,25,0.6267370833333333,1.8065125023325284,5.8708955844243365,174.73065190000125
gnn_rep__N8__line__seed6,gnn_qmix,coord_grid,6,1886,47175,15.0,25,0.6265391666666666,1.4392471214135487,4.373077054818471,174.79713009999978
gnn_rep__N8__line__seed6,gnn_qmix,coord_grid,6,1887,47200,19.0,25,0.6263412500000001,1.2391496375203133,7.676006078720093,174.9148298
gnn_rep__N8__line__seed6,gnn_qmix,coord_grid,6,1888,47225,23.0,25,0.6261433333333333,2.593022738184248,5.468812499727521,174.9724239999996
gnn_rep__N8__line__seed6,gnn_qmix,coord_grid,6,1889,47250,15.0,25,0.6259454166666667,2.247888445854187,7.329112768173218,175.07732930000202
gnn_rep__N8__line__seed6,gnn_qmix,coord_grid,6,1890,47275,15.0,25,0.6257475,1.6351773937543232,5.821508884429932,175.16151439999885
gnn_rep__N8__line__seed6,gnn_qmix,coord_grid,6,1891,47300,17.0,25,0.6255495833333333,1.5905008415381114,8.791952848434448,175.20984680000038
gnn_rep__N8__line__seed6,gnn_qmix,coord_grid,6,1892,47325,18.0,25,0.6253516666666668,1.2683654597827367,6.548719780785697,175.31590929999948
gnn_rep__N8__line__seed6,gnn_qmix,coord_grid,6,1893,47350,20.0,25,0.62515375,1.7545497218767803,6.335228045781453,175.37806420000197
gnn_rep__N8__line__seed6,gnn_qmix,coord_grid,6,1894,47375,21.0,25,0.6249558333333334,1.3990854024887085,5.463520805040996,175.46045460000096
gnn_rep__N8__line__seed6,gnn_qmix,coord_grid,6,1895,47400,17.0,25,0.6247579166666667,1.3023243049780528,10.156615853309631,175.5611671000006
gnn_rep__N8__line__seed6,gnn_qmix,coord_grid,6,1896,47425,16.0,25,0.62456,1.631056119288717,21.559540135519846,175.6256871000005
gnn_rep__N8__line__seed6,gnn_qmix,coord_grid,6,1897,47450,19.0,25,0.6243620833333334,2.4444898764292398,20.76513942082723,175.707424799999
gnn_rep__N8__line__seed6,gnn_qmix,coord_grid,6,1898,47475,18.0,25,0.6241641666666666,1.284412312010924,8.243922193845114,175.7871277000013
gnn_rep__N8__line__seed6,gnn_qmix,coord_grid,6,1899,47500,23.0,25,0.6239662500000001,1.5363378326098125,9.944908142089844,175.8866573999985
gnn_rep__N8__line__seed6,gnn_qmix,coord_grid,6,1900,47525,13.0,25,0.6237683333333333,1.6178684064320155,4.612216097967965,175.96531080000204
gnn_rep__N8__line__seed6,gnn_qmix,coord_grid,6,1901,47550,25.0,25,0.6235704166666667,2.1781960179408393,9.009043176968893,176.04934090000097
gnn_rep__N8__line__seed6,gnn_qmix,coord_grid,6,1902,47575,19.0,25,0.6233725,2.3313685158888497,7.6582473913828535,176.1221759
gnn_rep__N8__line__seed6,gnn_qmix,coord_grid,6,1903,47600,19.0,25,0.6231745833333333,1.3258368919293086,8.841581662495932,176.2560814999997
gnn_rep__N8__line__seed6,gnn_qmix,coord_grid,6,1904,47625,14.0,25,0.6229766666666667,1.1708607077598572,7.3023344448634555,176.33073570000124
gnn_rep__N8__line__seed6,gnn_qmix,coord_grid,6,1905,47650,10.0,25,0.6227787499999999,1.1733876864115398,6.143519759178162,176.42120499999874
gnn_rep__N8__line__seed6,gnn_qmix,coord_grid,6,1906,47675,14.0,25,0.6225808333333334,1.140805073082447,9.631342013676962,176.51986240000042
gnn_rep__N8__line__seed6,gnn_qmix,coord_grid,6,1907,47700,21.0,25,0.6223829166666667,1.5114684949318569,6.900568246841431,176.59478529999978
gnn_rep__N8__line__seed6,gnn_qmix,coord_grid,6,1908,47725,25.0,25,0.622185,1.57369450373309,5.645143713269915,176.6675084999988
gnn_rep__N8__line__seed6,gnn_qmix,coord_grid,6,1909,47750,20.0,25,0.6219870833333334,1.1253002335627873,6.885257601737976,176.726379300002
gnn_rep__N8__line__seed6,gnn_qmix,coord_grid,6,1910,47775,16.0,25,0.6217891666666666,2.357919027407964,8.681068181991577,176.80672499999855
gnn_rep__N8__line__seed6,gnn_qmix,coord_grid,6,1911,47800,18.0,25,0.62159125,2.561210334300995,9.336193561553955,176.84772470000098
gnn_rep__N8__line__seed6,gnn_qmix,coord_grid,6,1912,47825,16.0,25,0.6213933333333334,1.4238072804042272,9.458657775606428,176.91134349999993
gnn_rep__N8__line__seed6,gnn_qmix,coord_grid,6,1913,47850,26.0,25,0.6211954166666667,1.6360952258110046,9.938800175984701,177.01815200000055
gnn_rep__N8__line__seed6,gnn_qmix,coord_grid,6,1914,47875,18.0,25,0.6209975,1.5087227125962575,7.762646118799846,177.08185439999943
gnn_rep__N8__line__seed6,gnn_qmix,coord_grid,6,1915,47900,26.0,25,0.6207995833333333,0.9696303581198057,6.085460503896077,177.21061480000208
gnn_rep__N8__line__seed6,gnn_qmix,coord_grid,6,1916,47925,12.0,25,0.6206016666666667,2.140533583504813,11.049362625394549,177.2651814000019
gnn_rep__N8__line__seed6,gnn_qmix,coord_grid,6,1917,47950,20.0,25,0.62040375,1.6442358096440632,6.49162491162618,177.34471190000113
gnn_rep__N8__line__seed6,gnn_qmix,coord_grid,6,1918,47975,13.0,25,0.6202058333333333,1.3551618307828903,9.139300664265951,177.44140719999996
gnn_rep__N8__line__seed6,gnn_qmix,coord_grid,6,1919,48000,19.0,25,0.6200079166666667,1.1396583964427311,7.330862681070964,177.52116039999964
gnn_rep__N8__line__seed6,gnn_qmix,coord_grid,6,1920,48025,22.0,25,0.61981,1.7635738892214639,10.069493464061193,177.59815230000095
gnn_rep__N8__line__seed6,gnn_qmix,coord_grid,6,1921,48050,22.0,25,0.6196120833333334,2.180126706759135,9.242750406265259,177.65650829999868
gnn_rep__N8__line__seed6,gnn_qmix,coord_grid,6,1922,48075,18.0,25,0.6194141666666666,1.432265927394231,6.307607253392537,177.73467199999868
gnn_rep__N8__line__seed6,gnn_qmix,coord_grid,6,1923,48100,16.0,25,0.61921625,1.7451037416855495,4.383914788564046,177.801325299999
gnn_rep__N8__line__seed6,gnn_qmix,coord_grid,6,1924,48125,28.0,25,0.6190183333333333,1.4211677930184774,6.044254745755877,177.88205120000202
gnn_rep__N8__line__seed6,gnn_qmix,coord_grid,6,1925,48150,14.0,25,0.6188204166666667,2.0052959521611533,5.48175064722697,177.95198960000198
gnn_rep__N8__line__seed6,gnn_qmix,coord_grid,6,1926,48175,15.0,25,0.6186225000000001,2.3956440885861716,7.644396583239238,178.03902870000093
gnn_rep__N8__line__seed6,gnn_qmix,coord_grid,6,1927,48200,12.0,25,0.6184245833333333,2.171793239812056,8.491473833719889,178.12742920000164
gnn_rep__N8__line__seed6,gnn_qmix,coord_grid,6,1928,48225,19.0,25,0.6182266666666667,1.7073090161596025,26.08561212675912,178.2060789999996
gnn_rep__N8__line__seed6,gnn_qmix,coord_grid,6,1929,48250,21.0,25,0.61802875,2.1339285473028817,15.711725552876791,178.28143709999858
gnn_rep__N8__line__seed6,gnn_qmix,coord_grid,6,1930,48275,19.0,25,0.6178308333333333,0.8019906009236971,11.763058145840963,178.37834999999905
gnn_rep__N8__line__seed6,gnn_qmix,coord_grid,6,1931,48300,17.0,25,0.6176329166666666,1.347728545467059,9.33008042971293,178.46867000000202
gnn_rep__N8__line__seed6,gnn_qmix,coord_grid,6,1932,48325,19.0,25,0.617435,2.2389581544058665,7.684834241867065,178.5488738999993
gnn_rep__N8__line__seed6,gnn_qmix,coord_grid,6,1933,48350,14.0,25,0.6172370833333334,1.8316482504208882,5.889593720436096,178.6479873999997
gnn_rep__N8__line__seed6,gnn_qmix,coord_grid,6,1934,48375,21.0,25,0.6170391666666667,1.1238933578133583,7.116686423619588,178.7314484999988
gnn_rep__N8__line__seed6,gnn_qmix,coord_grid,6,1935,48400,26.0,25,0.61684125,2.0697812835375466,10.808918952941895,178.8463899999988
gnn_rep__N8__line__seed6,gnn_qmix,coord_grid,6,1936,48425,22.0,25,0.6166433333333333,1.482727736234665,9.633773258754186,178.94733850000193
gnn_rep__N8__line__seed6,gnn_qmix,coord_grid,6,1937,48450,19.0,25,0.6164454166666666,0.6233788803219795,8.307015180587769,179.02894770000057
gnn_rep__N8__line__seed6,gnn_qmix,coord_grid,6,1938,48475,22.0,25,0.6162475000000001,1.9800880973537762,3.691055953502655,179.13633670000127
gnn_rep__N8__line__seed6,gnn_qmix,coord_grid,6,1939,48500,14.0,25,0.6160495833333333,1.6458082298437755,6.434876998265584,179.2022207000009
gnn_rep__N8__line__seed6,gnn_qmix,coord_grid,6,1940,48525,20.0,25,0.6158516666666667,2.4251510075160434,9.612785424504962,179.25500979999924
gnn_rep__N8__line__seed6,gnn_qmix,coord_grid,6,1941,48550,14.0,25,0.61565375,1.8542534907658894,6.315619389216105,179.33417120000013
gnn_rep__N8__line__seed6,gnn_qmix,coord_grid,6,1942,48575,13.0,25,0.6154558333333333,1.5024786318341892,9.165659586588541,179.43227729999853
gnn_rep__N8__line__seed6,gnn_qmix,coord_grid,6,1943,48600,11.0,25,0.6152579166666667,1.7775316288073857,5.980150818824768,179.50186649999887
gnn_rep__N8__line__seed6,gnn_qmix,coord_grid,6,1944,48625,18.0,25,0.6150599999999999,1.154230888400759,7.122833115713937,179.560036400002
gnn_rep__N8__line__seed6,gnn_qmix,coord_grid,6,1945,48650,20.0,25,0.6148620833333334,0.9256956030925115,7.1410954395929975,179.6502647999987
gnn_rep__N8__line__seed6,gnn_qmix,coord_grid,6,1946,48675,23.0,25,0.6146641666666667,1.5135894765456517,9.50464908281962,179.69344410000122
gnn_rep__N8__line__seed6,gnn_qmix,coord_grid,6,1947,48700,19.0,25,0.61446625,0.7861097777883211,7.254110018412272,179.75546889999896
gnn_rep__N8__line__seed6,gnn_qmix,coord_grid,6,1948,48725,23.0,25,0.6142683333333333,1.1775214416640145,6.811487368174961,179.84074949999922
gnn_rep__N8__line__seed6,gnn_qmix,coord_grid,6,1949,48750,23.0,25,0.6140704166666666,2.2018310030301413,11.472761114438375,179.91269069999908
gnn_rep__N8__line__seed6,gnn_qmix,coord_grid,6,1950,48775,15.0,25,0.6138725,1.8792355606953304,7.378708402315776,179.99347829999897
gnn_rep__N8__line__seed6,gnn_qmix,coord_grid,6,1951,48800,26.0,25,0.6136745833333334,1.514859676361084,7.41842254002889,180.0430043999986
gnn_rep__N8__line__seed6,gnn_qmix,coord_grid,6,1952,48825,17.0,25,0.6134766666666667,2.1004571744373868,12.695538452693395,180.14601210000183
gnn_rep__N8__line__seed6,gnn_qmix,coord_grid,6,1953,48850,18.0,25,0.61327875,1.5092174510161083,14.244079152743021,180.23057419999896
gnn_rep__N8__line__seed6,gnn_qmix,coord_grid,6,1954,48875,32.0,25,0.6130808333333333,1.1715627412001293,16.244836966196697,180.33886840000196
gnn_rep__N8__line__seed6,gnn_qmix,coord_grid,6,1955,48900,25.0,25,0.6128829166666667,1.3424433867136638,9.204566478729248,180.42476259999967
gnn_rep__N8__line__seed6,gnn_qmix,coord_grid,6,1956,48925,12.0,25,0.612685,1.4590420084340232,8.832924910954066,180.50085580000086
gnn_rep__N8__line__seed6,gnn_qmix,coord_grid,6,1957,48950,24.0,25,0.6124870833333333,1.3506744677821796,15.496485392252604,180.57358190000014
gnn_rep__N8__line__seed6,gnn_qmix,coord_grid,6,1958,48975,18.0,25,0.6122891666666667,1.8880575572450955,10.126756032307943,180.636933400001
gnn_rep__N8__line__seed6,gnn_qmix,coord_grid,6,1959,49000,15.0,25,0.61209125,2.070221394300461,6.36269998550415,180.7097958000013
gnn_rep__N8__line__seed6,gnn_qmix,coord_grid,6,1960,49025,20.0,25,0.6118933333333334,1.0671707391738892,23.589611836842128,180.77915199999916
gnn_rep__N8__line__seed6,gnn_qmix,coord_grid,6,1961,49050,13.0,25,0.6116954166666666,1.6235103557507198,22.49718364079793,180.87015289999908
gnn_rep__N8__line__seed6,gnn_qmix,coord_grid,6,1962,49075,21.0,25,0.6114975,1.9022334764401119,8.202761014302572,180.92997860000105
gnn_rep__N8__line__seed6,gnn_qmix,coord_grid,6,1963,49100,20.0,25,0.6112995833333333,1.9093659569819768,9.988180796305338,181.01073539999925
gnn_rep__N8__line__seed6,gnn_qmix,coord_grid,6,1964,49125,26.0,25,0.6111016666666667,0.7833109668322972,9.576753718512398,181.08269049999944
gnn_rep__N8__line__seed6,gnn_qmix,coord_grid,6,1965,49150,20.0,25,0.6109037500000001,0.8640310267607371,10.305462718009949,181.16916720000154
gnn_rep__N8__line__seed6,gnn_qmix,coord_grid,6,1966,49175,19.0,25,0.6107058333333333,1.8896296868721645,7.954740126927693,181.27299340000172
gnn_rep__N8__line__seed6,gnn_qmix,coord_grid,6,1967,49200,14.0,25,0.6105079166666667,1.7126832033197086,5.546720067660014,181.3514404000016
gnn_rep__N8__line__seed6,gnn_qmix,coord_grid,6,1968,49225,21.0,25,0.61031,1.6721817148583276,9.037032229559761,181.40450169999895
gnn_rep__N8__line__seed6,gnn_qmix,coord_grid,6,1969,49250,22.0,25,0.6101120833333333,1.1373439530531566,5.380956649780273,181.48599209999884
gnn_rep__N8__line__seed6,gnn_qmix,coord_grid,6,1970,49275,22.0,25,0.6099141666666666,1.7148499960700672,5.5628383954366045,181.59940199999983
gnn_rep__N8__line__seed6,gnn_qmix,coord_grid,6,1971,49300,23.0,25,0.60971625,1.0222632984320323,8.701312383015951,181.71386460000213
gnn_rep__N8__line__seed6,gnn_qmix,coord_grid,6,1972,49325,15.0,25,0.6095183333333334,3.07824330670493,8.348748275211879,181.78935379999893
gnn_rep__N8__line__seed6,gnn_qmix,coord_grid,6,1973,49350,12.0,25,0.6093204166666667,1.8602170944213867,5.905125379562378,181.8610312000019
gnn_rep__N8__line__seed6,gnn_qmix,coord_grid,6,1974,49375,25.0,25,0.6091225,2.5027780731519065,7.023072083791097,181.93459430000075
gnn_rep__N8__line__seed6,gnn_qmix,coord_grid,6,1975,49400,23.0,25,0.6089245833333333,2.1132472405831018,11.768210570017496,182.01130349999949
gnn_rep__N8__line__seed6,gnn_qmix,coord_grid,6,1976,49425,21.0,25,0.6087266666666666,1.5877075748784202,19.02772263118199,182.09703309999895
gnn_rep__N8__line__seed6,gnn_qmix,coord_grid,6,1977,49450,19.0,25,0.6085287500000001,1.567111258705457,13.666322390238443,182.19029750000118
gnn_rep__N8__line__seed6,gnn_qmix,coord_grid,6,1978,49475,21.0,25,0.6083308333333334,1.2242637077967327,16.187131722768147,182.26692050000202
gnn_rep__N8__line__seed6,gnn_qmix,coord_grid,6,1979,49500,26.0,25,0.6081329166666667,3.0442969600359597,17.3874675432841,182.32908940000198
gnn_rep__N8__line__seed6,gnn_qmix,coord_grid,6,1980,49525,15.0,25,0.607935,1.218598267861775,11.184414522988456,182.45156230000066
gnn_rep__N8__line__seed6,gnn_qmix,coord_grid,6,1981,49550,15.0,25,0.6077370833333333,1.392092337210973,5.935535232226054,182.54854089999935
gnn_rep__N8__line__seed6,gnn_qmix,coord_grid,6,1982,49575,16.0,25,0.6075391666666667,1.0467497060696285,7.978724479675293,182.63622269999905
gnn_rep__N8__line__seed6,gnn_qmix,coord_grid,6,1983,49600,20.0,25,0.6073412499999999,1.573967342575391,7.657098134358724,182.7022590000015
gnn_rep__N8__line__seed6,gnn_qmix,coord_grid,6,1984,49625,15.0,25,0.6071433333333334,1.5285968014172144,5.166215896606445,182.76458320000165
gnn_rep__N8__line__seed6,gnn_qmix,coord_grid,6,1985,49650,17.0,25,0.6069454166666667,1.0232911109924316,8.89885139465332,182.837798200002
gnn_rep__N8__line__seed6,gnn_qmix,coord_grid,6,1986,49675,28.0,25,0.6067475,2.2656643092632294,5.334705829620361,182.91817300000184
gnn_rep__N8__line__seed6,gnn_qmix,coord_grid,6,1987,49700,18.0,25,0.6065495833333333,1.8850337465604146,6.344164331754048,182.99681300000157
gnn_rep__N8__line__seed6,gnn_qmix,coord_grid,6,1988,49725,29.0,25,0.6063516666666666,2.1381792298385074,9.06810474395752,183.05616830000145
gnn_rep__N8__line__seed6,gnn_qmix,coord_grid,6,1989,49750,27.0,25,0.60615375,1.223722204566002,8.90243113040924,183.1302168000002
gnn_rep__N8__line__seed6,gnn_qmix,coord_grid,6,1990,49775,29.0,25,0.6059558333333334,2.2745742003122964,8.16141406695048,183.21910090000165
gnn_rep__N8__line__seed6,gnn_qmix,coord_grid,6,1991,49800,22.0,25,0.6057579166666667,1.027653068304062,6.411222815513611,183.3025173999995
gnn_rep__N8__line__seed6,gnn_qmix,coord_grid,6,1992,49825,15.0,25,0.60556,2.441780584199088,26.98566041673933,183.37678210000013
gnn_rep__N8__line__seed6,gnn_qmix,coord_grid,6,1993,49850,27.0,25,0.6053620833333333,1.6885082523028057,24.85694630940755,183.4595909999989
gnn_rep__N8__line__seed6,gnn_qmix,coord_grid,6,1994,49875,23.0,25,0.6051641666666667,1.7873532523711522,16.114261309305828,183.5271603000001
gnn_rep__N8__line__seed6,gnn_qmix,coord_grid,6,1995,49900,12.0,25,0.60496625,2.0424403101205826,12.350786765416464,183.5897159999986
gnn_rep__N8__line__seed6,gnn_qmix,coord_grid,6,1996,49925,21.0,25,0.6047683333333334,0.9567269150699887,12.090609652655465,183.671927899999
gnn_rep__N8__line__seed6,gnn_qmix,coord_grid,6,1997,49950,16.0,25,0.6045704166666667,1.2348668773969014,12.641413052876791,183.7444273000001
gnn_rep__N8__line__seed6,gnn_qmix,coord_grid,6,1998,49975,17.0,25,0.6043725,1.3664321055014927,10.271833499272665,183.86904850000064
gnn_rep__N8__line__seed6,gnn_qmix,coord_grid,6,1999,50000,22.0,25,0.6041745833333334,1.2103024199604988,11.392639795939127,183.9447681999991
gnn_rep__N8__line__seed6,gnn_qmix,coord_grid,6,2000,50025,18.0,25,0.6039766666666666,1.8269809825079781,10.647758824484688,184.01149900000019
gnn_rep__N8__line__seed6,gnn_qmix,coord_grid,6,2001,50050,20.0,25,0.60377875,1.158011292417844,9.099588990211487,184.10670050000044
gnn_rep__N8__line__seed6,gnn_qmix,coord_grid,6,2002,50075,22.0,25,0.6035808333333333,1.586043268442154,8.254210273424784,184.1860529000005
gnn_rep__N8__line__seed6,gnn_qmix,coord_grid,6,2003,50100,20.0,25,0.6033829166666667,0.8463134666283926,6.403111497561137,184.27638170000137
gnn_rep__N8__line__seed6,gnn_qmix,coord_grid,6,2004,50125,17.0,25,0.6031850000000001,1.764034194605691,5.729822022574289,184.33990339999946
gnn_rep__N8__line__seed6,gnn_qmix,coord_grid,6,2005,50150,19.0,25,0.6029870833333333,1.5935404400030773,7.417109409968059,184.45415520000097
gnn_rep__N8__line__seed6,gnn_qmix,coord_grid,6,2006,50175,17.0,25,0.6027891666666667,0.8551613787810007,6.127118110656738,184.57434769999963
gnn_rep__N8__line__seed6,gnn_qmix,coord_grid,6,2007,50200,15.0,25,0.60259125,1.4392075190941493,7.161625901858012,184.68120160000035
gnn_rep__N8__line__seed6,gnn_qmix,coord_grid,6,2008,50225,27.0,25,0.6023933333333333,1.8909539154597692,6.679481438228062,184.75909039999897
gnn_rep__N8__line__seed6,gnn_qmix,coord_grid,6,2009,50250,26.0,25,0.6021954166666666,1.0405044505993526,9.761008381843567,184.8563721999999
gnn_rep__N8__line__seed6,gnn_qmix,coord_grid,6,2010,50275,21.0,25,0.6019975,1.220098187526067,7.220440705617269,184.95726080000168
gnn_rep__N8__line__seed6,gnn_qmix,coord_grid,6,2011,50300,19.0,25,0.6017995833333334,2.7272868951161704,6.630710124969482,185.05166390000159
gnn_rep__N8__line__seed6,gnn_qmix,coord_grid,6,2012,50325,14.0,25,0.6016016666666667,1.1960750094481878,7.999387502670288,185.1217738000014
gnn_rep__N8__line__seed6,gnn_qmix,coord_grid,6,2013,50350,33.0,25,0.60140375,2.1269927322864532,13.080922484397888,185.2481450999985
gnn_rep__N8__line__seed6,gnn_qmix,coord_grid,6,2014,50375,23.0,25,0.6012058333333333,1.956272654235363,10.746887842814127,185.3143885999998
gnn_rep__N8__line__seed6,gnn_qmix,coord_grid,6,2015,50400,26.0,25,0.6010079166666666,1.4647893756628036,8.022583484649658,185.39785729999858
gnn_rep__N8__line__seed6,gnn_qmix,coord_grid,6,2016,50425,16.0,25,0.6008100000000001,1.571192422083446,6.441598415374756,185.48745849999978
gnn_rep__N8__line__seed6,gnn_qmix,coord_grid,6,2017,50450,17.0,25,0.6006120833333334,2.3532058000564575,6.216429313023885,185.57467410000027
gnn_rep__N8__line__seed6,gnn_qmix,coord_grid,6,2018,50475,24.0,25,0.6004141666666667,1.79266353448232,10.030755758285522,185.6618664000016
gnn_rep__N8__line__seed6,gnn_qmix,coord_grid,6,2019,50500,15.0,25,0.60021625,1.8110061436891556,5.463302771250407,185.72887049999918
gnn_rep__N8__line__seed6,gnn_qmix,coord_grid,6,2020,50525,13.0,25,0.6000183333333333,1.8861580789089203,7.610684224537441,185.81289620000098
gnn_rep__N8__line__seed6,gnn_qmix,coord_grid,6,2021,50550,15.0,25,0.5998204166666667,1.7986465295155842,5.73038383324941,185.89943810000113
gnn_rep__N8__line__seed6,gnn_qmix,coord_grid,6,2022,50575,16.0,25,0.5996225,1.9664994428555171,8.335424145062765,185.96389239999917
gnn_rep__N8__line__seed6,gnn_qmix,coord_grid,6,2023,50600,20.0,25,0.5994245833333334,2.6928312877813974,6.276926835378011,186.02925529999993
gnn_rep__N8__line__seed6,gnn_qmix,coord_grid,6,2024,50625,27.0,25,0.5992266666666667,2.3137803290571486,23.467717170715332,186.12790450000102
gnn_rep__N8__line__seed6,gnn_qmix,coord_grid,6,2025,50650,24.0,25,0.59902875,1.7293601433436077,14.34028172492981,186.2022047999999
gnn_rep__N8__line__seed6,gnn_qmix,coord_grid,6,2026,50675,17.0,25,0.5988308333333334,1.9933240363995235,10.439069668451944,186.26471619999938
gnn_rep__N8__line__seed6,gnn_qmix,coord_grid,6,2027,50700,11.0,25,0.5986329166666666,1.2768941322962444,9.058329780896505,186.3201455999988
gnn_rep__N8__line__seed6,gnn_qmix,coord_grid,6,2028,50725,23.0,25,0.598435,1.8269767335483007,8.477620465414864,186.40800099999979
gnn_rep__N8__line__seed6,gnn_qmix,coord_grid,6,2029,50750,19.0,25,0.5982370833333334,1.2864211748043697,11.081554849942526,186.50019769999926
gnn_rep__N8__line__seed6,gnn_qmix,coord_grid,6,2030,50775,22.0,25,0.5980391666666667,1.098471353451411,10.440003712972006,186.62352870000177
gnn_rep__N8__line__seed6,gnn_qmix,coord_grid,6,2031,50800,21.0,25,0.59784125,2.1829242209593454,6.962495565414429,186.69831189999968
gnn_rep__N8__line__seed6,gnn_qmix,coord_grid,6,2032,50825,22.0,25,0.5976433333333333,1.908347140465464,9.480460166931152,186.75380829999995
gnn_rep__N8__line__seed6,gnn_qmix,coord_grid,6,2033,50850,24.0,25,0.5974454166666667,1.0643769452969234,10.798399686813354,186.83305259999906
gnn_rep__N8__line__seed6,gnn_qmix,coord_grid,6,2034,50875,19.0,25,0.5972475,1.4207697610060375,9.244657715161642,186.9139568999999
gnn_rep__N8__line__seed6,gnn_qmix,coord_grid,6,2035,50900,22.0,25,0.5970495833333334,1.3100541929403942,9.596975882848104,186.96276690000013
gnn_rep__N8__line__seed6,gnn_qmix,coord_grid,6,2036,50925,24.0,25,0.5968516666666667,0.7791051651750293,13.472243172781807,187.07858919999853
gnn_rep__N8__line__seed6,gnn_qmix,coord_grid,6,2037,50950,18.0,25,0.59665375,2.0836947758992515,6.372568726539612,187.1872011000014
gnn_rep__N8__line__seed6,gnn_qmix,coord_grid,6,2038,50975,22.0,25,0.5964558333333334,1.3973958591620128,6.330292264620463,187.26642150000043
gnn_rep__N8__line__seed6,gnn_qmix,coord_grid,6,2039,51000,12.0,25,0.5962579166666667,1.2779316653807957,7.4331090450286865,187.33694979999927
gnn_rep__N8__line__seed6,gnn_qmix,coord_grid,6,2040,51025,21.0,25,0.59606,1.944003443632807,11.497947011675153,187.41137439999875
gnn_rep__N8__line__seed6,gnn_qmix,coord_grid,6,2041,51050,15.0,25,0.5958620833333333,0.7071589082479477,10.38040316104889,187.48439230000076
gnn_rep__N8__line__seed6,gnn_qmix,coord_grid,6,2042,51075,15.0,25,0.5956641666666667,0.6649459178249041,10.459430774052938,187.5683648000013
gnn_rep__N8__line__seed6,gnn_qmix,coord_grid,6,2043,51100,18.0,25,0.5954662500000001,2.263402501742045,6.960642536481221,187.6186103
gnn_rep__N8__line__seed6,gnn_qmix,coord_grid,6,2044,51125,22.0,25,0.5952683333333333,2.900520392826625,8.572403192520142,187.73398639999868
gnn_rep__N8__line__seed6,gnn_qmix,coord_grid,6,2045,51150,17.0,25,0.5950704166666667,2.18719245493412,10.328597704569498,187.82441860000108
gnn_rep__N8__line__seed6,gnn_qmix,coord_grid,6,2046,51175,16.0,25,0.5948725,2.915682186683019,9.955567717552185,187.9109099999987
gnn_rep__N8__line__seed6,gnn_qmix,coord_grid,6,2047,51200,15.0,25,0.5946745833333333,1.867433488368988,4.645533283551534,188.0196818000004
gnn_rep__N8__line__seed6,gnn_qmix,coord_grid,6,2048,51225,15.0,25,0.5944766666666667,2.4352239668369293,6.437438828604562,188.11036840000088
gnn_rep__N8__line__seed6,gnn_qmix,coord_grid,6,2049,51250,21.0,25,0.59427875,2.2095290198922157,7.681197961171468,188.2005883999991
gnn_rep__N8__line__seed6,gnn_qmix,coord_grid,6,2050,51275,23.0,25,0.5940808333333334,2.1403486728668213,11.393569787343344,188.28100600000107
gnn_rep__N8__line__seed6,gnn_qmix,coord_grid,6,2051,51300,20.0,25,0.5938829166666667,1.8645054996013641,14.471747438112894,188.37595789999978
gnn_rep__N8__line__seed6,gnn_qmix,coord_grid,6,2052,51325,22.0,25,0.593685,1.5136943885258265,10.833193165915352,188.4382235000012
gnn_rep__N8__line__seed6,gnn_qmix,coord_grid,6,2053,51350,13.0,25,0.5934870833333333,1.4357708593209584,5.31211256980896,188.53524499999912
gnn_rep__N8__line__seed6,gnn_qmix,coord_grid,6,2054,51375,8.0,25,0.5932891666666666,1.4215718905131023,6.750310341517131,188.61175060000096
gnn_rep__N8__line__seed6,gnn_qmix,coord_grid,6,2055,51400,21.0,25,0.5930912500000001,2.184973438580831,7.75697660446167,188.70049859999926
gnn_rep__N8__line__seed6,gnn_qmix,coord_grid,6,2056,51425,23.0,25,0.5928933333333334,1.1699844556195396,28.349367686680385,188.76330249999955
gnn_rep__N8__line__seed6,gnn_qmix,coord_grid,6,2057,51450,12.0,25,0.5926954166666667,1.249119500319163,28.628456115722656,188.88685610000175
gnn_rep__N8__line__seed6,gnn_qmix,coord_grid,6,2058,51475,12.0,25,0.5924975,1.6995443205038707,15.83206025759379,188.97709100000066
gnn_rep__N8__line__seed6,gnn_qmix,coord_grid,6,2059,51500,15.0,25,0.5922995833333333,2.1260834485292435,8.201282620429993,189.05957150000177
gnn_rep__N8__line__seed6,gnn_qmix,coord_grid,6,2060,51525,23.0,25,0.5921016666666667,2.1687021936689104,12.666103090558734,189.22677979999935
gnn_rep__N8__line__seed6,gnn_qmix,coord_grid,6,2061,51550,21.0,25,0.59190375,1.9169991711775463,11.543748060862223,189.3003252999988
gnn_rep__N8__line__seed6,gnn_qmix,coord_grid,6,2062,51575,21.0,25,0.5917058333333334,2.6664844353993735,20.05255166689555,189.41467860000193
gnn_rep__N8__line__seed6,gnn_qmix,coord_grid,6,2063,51600,21.0,25,0.5915079166666667,2.492092490196228,10.420461495717367,189.48523049999858
gnn_rep__N8__line__seed6,gnn_qmix,coord_grid,6,2064,51625,8.0,25,0.59131,1.3417912040437971,8.126187188284737,189.6003329999985
gnn_rep__N8__line__seed6,gnn_qmix,coord_grid,6,2065,51650,24.0,25,0.5911120833333334,1.2589620053768158,12.337140758832296,189.68912030000138
gnn_rep__N8__line__seed6,gnn_qmix,coord_grid,6,2066,51675,14.0,25,0.5909141666666666,1.4520281106233597,12.45622460047404,189.7598863000021
gnn_rep__N8__line__seed6,gnn_qmix,coord_grid,6,2067,51700,12.0,25,0.59071625,2.047452708085378,11.122864445050558,189.82605479999984
gnn_rep__N8__line__seed6,gnn_qmix,coord_grid,6,2068,51725,14.0,25,0.5905183333333334,3.142112067767552,8.983539581298828,189.90506390000155
gnn_rep__N8__line__seed6,gnn_qmix,coord_grid,6,2069,51750,15.0,25,0.5903204166666667,1.0941124707460403,11.813104708989462,189.98121679999895
gnn_rep__N8__line__seed6,gnn_qmix,coord_grid,6,2070,51775,20.0,25,0.5901225,2.0533737937609353,7.621637145678203,190.03592579999895
gnn_rep__N8__line__seed6,gnn_qmix,coord_grid,6,2071,51800,37.0,25,0.5899245833333333,1.3027511139710743,11.244805097579956,190.13063770000008
gnn_rep__N8__line__seed6,gnn_qmix,coord_grid,6,2072,51825,27.0,25,0.5897266666666667,2.5068160934107646,11.640568733215332,190.2091345000008
gnn_rep__N8__line__seed6,gnn_qmix,coord_grid,6,2073,51850,12.0,25,0.58952875,1.8753811915715535,4.555502374966939,190.2932189000021
gnn_rep__N8__line__seed6,gnn_qmix,coord_grid,6,2074,51875,18.0,25,0.5893308333333334,1.509429931640625,7.221240560213725,190.36772289999863
gnn_rep__N8__line__seed6,gnn_qmix,coord_grid,6,2075,51900,32.0,25,0.5891329166666667,1.6807402223348618,7.1325976848602295,190.44269669999994
gnn_rep__N8__line__seed6,gnn_qmix,coord_grid,6,2076,51925,21.0,25,0.588935,2.151626801916531,8.719344888414655,190.52549329999965
gnn_rep__N8__line__seed6,gnn_qmix,coord_grid,6,2077,51950,20.0,25,0.5887370833333334,1.8899731437365215,14.396086851755777,190.61753989999852
gnn_rep__N8__line__seed6,gnn_qmix,coord_grid,6,2078,51975,20.0,25,0.5885391666666667,2.050105636318525,13.638509432474772,190.68568719999894
gnn_rep__N8__line__seed6,gnn_qmix,coord_grid,6,2079,52000,36.0,25,0.58834125,2.1002312203248343,10.838230927785238,190.7411080999991
gnn_rep__N8__line__seed6,gnn_qmix,coord_grid,6,2080,52025,24.0,25,0.5881433333333334,2.4929823875427246,8.748353481292725,190.83843200000047
gnn_rep__N8__line__seed6,gnn_qmix,coord_grid,6,2081,52050,23.0,25,0.5879454166666667,1.7146566063165665,7.787562727928162,190.98618440000064
gnn_rep__N8__line__seed6,gnn_qmix,coord_grid,6,2082,52075,21.0,25,0.5877475000000001,2.529994194706281,7.999177594979604,191.067960700002
gnn_rep__N8__line__seed6,gnn_qmix,coord_grid,6,2083,52100,27.0,25,0.5875495833333333,1.4592771728833516,7.5537112553914385,191.15084059999936
gnn_rep__N8__line__seed6,gnn_qmix,coord_grid,6,2084,52125,17.0,25,0.5873516666666667,1.513023044381823,7.343253578458514,191.28044020000016
gnn_rep__N8__line__seed6,gnn_qmix,coord_grid,6,2085,52150,27.0,25,0.58715375,1.8968886906901996,8.249658226966858,191.37736280000172
gnn_rep__N8__line__seed6,gnn_qmix,coord_grid,6,2086,52175,16.0,25,0.5869558333333333,1.9014539966980617,11.84614610671997,191.424511600002
gnn_rep__N8__line__seed6,gnn_qmix,coord_grid,6,2087,52200,22.0,25,0.5867579166666668,1.8915841976801555,10.88014566898346,191.50959739999962
gnn_rep__N8__line__seed6,gnn_qmix,coord_grid,6,2088,52225,25.0,25,0.58656,1.7052458439554488,35.73398535592215,191.60748859999876
gnn_rep__N8__line__seed6,gnn_qmix,coord_grid,6,2089,52250,23.0,25,0.5863620833333334,1.2573758115371068,22.156727234522503,191.69434170000022
gnn_rep__N8__line__seed6,gnn_qmix,coord_grid,6,2090,52275,19.0,25,0.5861641666666667,2.194658194979032,15.235016942024231,191.76955760000055
gnn_rep__N8__line__seed6,gnn_qmix,coord_grid,6,2091,52300,24.0,25,0.58596625,2.5277536710103354,9.85301955540975,191.83329740000045
gnn_rep__N8__line__seed6,gnn_qmix,coord_grid,6,2092,52325,26.0,25,0.5857683333333333,1.7168790698051453,17.619186333247594,192.0015291999989
gnn_rep__N8__line__seed6,gnn_qmix,coord_grid,6,2093,52350,15.0,25,0.5855704166666666,1.910847584406535,15.607806841532389,192.0748547000003
gnn_rep__N8__line__seed6,gnn_qmix,coord_grid,6,2094,52375,31.0,25,0.5853725000000001,2.0700412591298423,12.871805191040039,192.13523780000105
gnn_rep__N8__line__seed6,gnn_qmix,coord_grid,6,2095,52400,24.0,25,0.5851745833333334,1.8802188634872437,9.433818101882935,192.2527345999988
gnn_rep__N8__line__seed6,gnn_qmix,coord_grid,6,2096,52425,20.0,25,0.5849766666666667,2.0073312989303043,8.472983734948295,192.34256599999935
gnn_rep__N8__line__seed6,gnn_qmix,coord_grid,6,2097,52450,14.0,25,0.58477875,2.0755974973241487,8.814691503842672,192.48145790000126
gnn_rep__N8__line__seed6,gnn_qmix,coord_grid,6,2098,52475,19.0,25,0.5845808333333333,0.9145599181453387,4.59226930141449,192.59434690000126
gnn_rep__N8__line__seed6,gnn_qmix,coord_grid,6,2099,52500,17.0,25,0.5843829166666668,2.648932139078776,9.73438024520874,192.65583440000046
gnn_rep__N8__line__seed6,gnn_qmix,coord_grid,6,2100,52525,25.0,25,0.5841850000000001,2.0029830038547516,8.806734085083008,192.77144269999917
gnn_rep__N8__line__seed6,gnn_qmix,coord_grid,6,2101,52550,20.0,25,0.5839870833333334,1.3028470873832703,10.52607242266337,192.83855830000175
gnn_rep__N8__line__seed6,gnn_qmix,coord_grid,6,2102,52575,22.0,25,0.5837891666666667,1.173441673318545,18.787518819173176,192.9137910999998
gnn_rep__N8__line__seed6,gnn_qmix,coord_grid,6,2103,52600,25.0,25,0.58359125,1.987440511584282,9.574471433957418,192.98390890000155
gnn_rep__N8__line__seed6,gnn_qmix,coord_grid,6,2104,52625,28.0,25,0.5833933333333334,1.799357335482325,7.0684079102107455,193.07551130000138
gnn_rep__N8__line__seed6,gnn_qmix,coord_grid,6,2105,52650,25.0,25,0.5831954166666666,1.5347363998492558,9.10393230120341,193.14784679999866
gnn_rep__N8__line__seed6,gnn_qmix,coord_grid,6,2106,52675,27.0,25,0.5829975000000001,2.147493600845337,12.977269887924194,193.22628350000014
gnn_rep__N8__line__seed6,gnn_qmix,coord_grid,6,2107,52700,26.0,25,0.5827995833333334,2.7226306994756064,8.58843437830607,193.31251749999865
gnn_rep__N8__line__seed6,gnn_qmix,coord_grid,6,2108,52725,18.0,25,0.5826016666666667,2.05821002806936,5.345927000045776,193.42147470000054
gnn_rep__N8__line__seed6,gnn_qmix,coord_grid,6,2109,52750,9.0,25,0.5824037500000001,2.1263237396876016,10.188529014587402,193.56023859999914
gnn_rep__N8__line__seed6,gnn_qmix,coord_grid,6,2110,52775,24.0,25,0.5822058333333333,1.0874030341704686,11.185766617457071,193.67606760000126
gnn_rep__N8__line__seed6,gnn_qmix,coord_grid,6,2111,52800,24.0,25,0.5820079166666667,2.3336795965830484,8.750943422317505,193.7927548000007
gnn_rep__N8__line__seed6,gnn_qmix,coord_grid,6,2112,52825,27.0,25,0.58181,2.0272534447056905,7.763835941042219,193.89550869999948
gnn_rep__N8__line__seed6,gnn_qmix,coord_grid,6,2113,52850,34.0,25,0.5816120833333334,1.251088077823321,8.500686446825663,194.01924150000195
gnn_rep__N8__line__seed6,gnn_qmix,coord_grid,6,2114,52875,11.0,25,0.5814141666666667,2.106321637829145,7.782076994578044,194.09079890000066
gnn_rep__N8__line__seed6,gnn_qmix,coord_grid,6,2115,52900,41.0,25,0.58121625,1.8914245267709096,5.260447104771932,194.22713379999914
gnn_rep__N8__line__seed6,gnn_qmix,coord_grid,6,2116,52925,23.0,25,0.5810183333333334,1.964460558124951,6.062939711979458,194.2944963000009
gnn_rep__N8__line__seed6,gnn_qmix,coord_grid,6,2117,52950,23.0,25,0.5808204166666667,1.873596762617429,6.227996687094371,194.43610160000026
gnn_rep__N8__line__seed6,gnn_qmix,coord_grid,6,2118,52975,17.0,25,0.5806225,0.6783903886874517,7.0036793152491255,194.52665479999996
gnn_rep__N8__line__seed6,gnn_qmix,coord_grid,6,2119,53000,12.0,25,0.5804245833333334,1.7201381276051204,11.0078284740448,194.6121579999999
gnn_rep__N8__line__seed6,gnn_qmix,coord_grid,6,2120,53025,12.0,25,0.5802266666666667,1.8215659601347787,32.56114183153425,194.7781595000015
gnn_rep__N8__line__seed6,gnn_qmix,coord_grid,6,2121,53050,11.0,25,0.5800287500000001,2.4836235692103705,25.5672926902771,194.8741594000021
gnn_rep__N8__line__seed6,gnn_qmix,coord_grid,6,2122,53075,20.0,25,0.5798308333333334,2.2680793404579163,19.2576646010081,195.00515749999977
gnn_rep__N8__line__seed6,gnn_qmix,coord_grid,6,2123,53100,27.0,25,0.5796329166666667,1.9435915102561314,16.163989861806233,195.05927080000038
gnn_rep__N8__line__seed6,gnn_qmix,coord_grid,6,2124,53125,23.0,25,0.579435,2.3011359189237868,12.937362807137626,195.15489689999959
gnn_rep__N8__line__seed6,gnn_qmix,coord_grid,6,2125,53150,23.0,25,0.5792370833333333,1.9366609007120132,12.898285865783691,195.232856300001
gnn_rep__N8__line__seed6,gnn_qmix,coord_grid,6,2126,53175,24.0,25,0.5790391666666668,2.3515874445438385,9.663727839787802,195.31728590000057
gnn_rep__N8__line__seed6,gnn_qmix,coord_grid,6,2127,53200,26.0,25,0.57884125,1.5683447619279225,8.26584263642629,195.3979263000001
gnn_rep__N8__line__seed6,gnn_qmix,coord_grid,6,2128,53225,20.0,25,0.5786433333333334,0.8476249149867466,9.096064295087542,195.53529519999938
gnn_rep__N8__line__seed6,gnn_qmix,coord_grid,6,2129,53250,18.0,25,0.5784454166666667,2.0025462905565896,8.32888929049174,195.60017919999882
gnn_rep__N8__line__seed6,gnn_qmix,coord_grid,6,2130,53275,19.0,25,0.5782475,1.5376597841580708,7.416714588801066,195.66381180000099
gnn_rep__N8__line__seed6,gnn_qmix,coord_grid,6,2131,53300,37.0,25,0.5780495833333333,1.933132032553355,6.100547472635905,195.7510050000019
gnn_rep__N8__line__seed6,gnn_qmix,coord_grid,6,2132,53325,19.0,25,0.5778516666666667,1.6134787712778365,9.256848982402257,195.81377000000066
gnn_rep__N8__line__seed6,gnn_qmix,coord_grid,6,2133,53350,23.0,25,0.5776537500000001,2.3012829224268594,9.407466967900595,195.8620919999994
gnn_rep__N8__line__seed6,gnn_qmix,coord_grid,6,2134,53375,13.0,25,0.5774558333333334,3.5087193648020425,15.410395383834839,195.9558590000015
gnn_rep__N8__line__seed6,gnn_qmix,coord_grid,6,2135,53400,26.0,25,0.5772579166666667,0.9599363630016645,9.718951940536499,196.01660149999952
gnn_rep__N8__line__seed6,gnn_qmix,coord_grid,6,2136,53425,16.0,25,0.57706,2.0723184943199158,8.60903433391026,196.0973320000012
gnn_rep__N8__line__seed6,gnn_qmix,coord_grid,6,2137,53450,29.0,25,0.5768620833333333,1.4159075419108074,7.084985256195068,196.17847819999952
gnn_rep__N8__line__seed6,gnn_qmix,coord_grid,6,2138,53475,20.0,25,0.5766641666666668,3.130941847960154,8.343470454216003,196.27648730000146
gnn_rep__N8__line__seed6,gnn_qmix,coord_grid,6,2139,53500,20.0,25,0.57646625,2.782789468765259,8.375354925791422,196.3372167000016
gnn_rep__N8__line__seed6,gnn_qmix,coord_grid,6,2140,53525,29.0,25,0.5762683333333334,2.2869460582733154,14.676354544503349,196.41484029999992
gnn_rep__N8__line__seed6,gnn_qmix,coord_grid,6,2141,53550,16.0,25,0.5760704166666667,2.0496126860380173,15.144588470458984,196.52451199999996
gnn_rep__N8__line__seed6,gnn_qmix,coord_grid,6,2142,53575,20.0,25,0.5758725,2.1414454132318497,9.544052998224894,196.6222228000006
gnn_rep__N8__line__seed6,gnn_qmix,coord_grid,6,2143,53600,28.0,25,0.5756745833333334,2.2397514482339225,11.834468841552734,196.68419379999978
gnn_rep__N8__line__seed6,gnn_qmix,coord_grid,6,2144,53625,22.0,25,0.5754766666666666,2.251619121858052,7.2161741597311835,196.76468139999997
gnn_rep__N8__line__seed6,gnn_qmix,coord_grid,6,2145,53650,19.0,25,0.5752787500000001,1.5255012239019077,11.654443740844727,196.86042780000207
gnn_rep__N8__line__seed6,gnn_qmix,coord_grid,6,2146,53675,21.0,25,0.5750808333333334,2.632752855618795,4.86056117216746,196.91465470000185
gnn_rep__N8__line__seed6,gnn_qmix,coord_grid,6,2147,53700,27.0,25,0.5748829166666667,0.9249348441759745,6.0581560134887695,197.0001889999985
gnn_rep__N8__line__seed6,gnn_qmix,coord_grid,6,2148,53725,22.0,25,0.5746850000000001,1.9036885712827956,10.548858880996704,197.08734059999915
gnn_rep__N8__line__seed6,gnn_qmix,coord_grid,6,2149,53750,22.0,25,0.5744870833333333,3.2032169103622437,5.4261593619982404,197.22229789999983
gnn_rep__N8__line__seed6,gnn_qmix,coord_grid,6,2150,53775,20.0,25,0.5742891666666667,2.3770428399244943,9.545932133992514,197.29183320000084
gnn_rep__N8__line__seed6,gnn_qmix,coord_grid,6,2151,53800,14.0,25,0.57409125,1.9718636969725292,5.942461570103963,197.3717222000014
gnn_rep__N8__line__seed6,gnn_qmix,coord_grid,6,2152,53825,33.0,25,0.5738933333333334,2.649715470416205,25.90201554979597,197.43851580000046
gnn_rep__N8__line__seed6,gnn_qmix,coord_grid,6,2153,53850,31.0,25,0.5736954166666667,1.5040111988782883,23.91904592514038,197.50855310000043
gnn_rep__N8__line__seed6,gnn_qmix,coord_grid,6,2154,53875,23.0,25,0.5734975,2.6872774908939996,16.92243504524231,197.5839879999985
gnn_rep__N8__line__seed6,gnn_qmix,coord_grid,6,2155,53900,23.0,25,0.5732995833333334,1.656540796160698,17.95380139350891,197.65703439999925
gnn_rep__N8__line__seed6,gnn_qmix,coord_grid,6,2156,53925,24.0,25,0.5731016666666666,1.8186161816120148,16.420997823987687,197.7641021999989
gnn_rep__N8__line__seed6,gnn_qmix,coord_grid,6,2157,53950,28.0,25,0.57290375,0.9150336037079493,10.480520645777384,197.91466420000143
gnn_rep__N8__line__seed6,gnn_qmix,coord_grid,6,2158,53975,21.0,25,0.5727058333333334,1.5718651860952377,11.385037263234457,198.00468499999988
gnn_rep__N8__line__seed6,gnn_qmix,coord_grid,6,2159,54000,21.0,25,0.5725079166666667,1.1798740575710933,10.398633559544882,198.1057464000005
gnn_rep__N8__line__seed6,gnn_qmix,coord_grid,6,2160,54025,17.0,25,0.5723100000000001,2.6828229299613406,12.14962387084961,198.18476949999967
gnn_rep__N8__line__seed6,gnn_qmix,coord_grid,6,2161,54050,14.0,25,0.5721120833333333,2.263523201147715,11.306130568186441,198.25897379999878
gnn_rep__N8__line__seed6,gnn_qmix,coord_grid,6,2162,54075,28.0,25,0.5719141666666667,2.6130125919977822,8.354748884836832,198.3397674000007
gnn_rep__N8__line__seed6,gnn_qmix,coord_grid,6,2163,54100,21.0,25,0.57171625,2.249371243019899,10.524372696876526,198.41667740000048
gnn_rep__N8__line__seed6,gnn_qmix,coord_grid,6,2164,54125,35.0,25,0.5715183333333334,1.398472643324307,9.983267647879464,198.5149233000011
gnn_rep__N8__line__seed6,gnn_qmix,coord_grid,6,2165,54150,18.0,25,0.5713204166666668,1.1497059240937233,9.141724189122518,198.60382740000205
gnn_rep__N8__line__seed6,gnn_qmix,coord_grid,6,2166,54175,22.0,25,0.5711225,2.7907922665278115,7.949517250061035,198.68089419999887
gnn_rep__N8__line__seed6,gnn_qmix,coord_grid,6,2167,54200,23.0,25,0.5709245833333334,2.0005687475204468,8.167643109957377,198.742595300002
gnn_rep__N8__line__seed6,gnn_qmix,coord_grid,6,2168,54225,13.0,25,0.5707266666666666,2.0993643828800748,6.464818102972848,198.85832120000123
gnn_rep__N8__line__seed6,gnn_qmix,coord_grid,6,2169,54250,29.0,25,0.57052875,2.6525557537873587,8.379756053288778,198.91755080000075
gnn_rep__N8__line__seed6,gnn_qmix,coord_grid,6,2170,54275,20.0,25,0.5703308333333335,2.261616662144661,8.884064277013143,198.9980977999985
gnn_rep__N8__line__seed6,gnn_qmix,coord_grid,6,2171,54300,27.0,25,0.5701329166666667,1.8373576601346333,9.066253781318665,199.10136010000133
gnn_rep__N8__line__seed6,gnn_qmix,coord_grid,6,2172,54325,23.0,25,0.5699350000000001,1.5961635538509913,13.92605209350586,199.16891179999948
gnn_rep__N8__line__seed6,gnn_qmix,coord_grid,6,2173,54350,20.0,25,0.5697370833333333,2.112880011399587,9.7515500386556,199.32549440000003
gnn_rep__N8__line__seed6,gnn_qmix,coord_grid,6,2174,54375,23.0,25,0.5695391666666667,2.0011798292398453,11.470274448394775,199.40817379999862
gnn_rep__N8__line__seed6,gnn_qmix,coord_grid,6,2175,54400,24.0,25,0.56934125,2.815731088320414,7.933964371681213,199.45964800000002
gnn_rep__N8__line__seed6,gnn_qmix,coord_grid,6,2176,54425,24.0,25,0.5691433333333333,1.5671909749507904,9.968677827290126,199.55925180000122
gnn_rep__N8__line__seed6,gnn_qmix,coord_grid,6,2177,54450,25.0,25,0.5689454166666668,1.977386067310969,13.527004520098368,199.65912129999924
gnn_rep__N8__line__seed6,gnn_qmix,coord_grid,6,2178,54475,24.0,25,0.5687475,2.2298413515090942,8.81825558344523,199.73784739999974
gnn_rep__N8__line__seed6,gnn_qmix,coord_grid,6,2179,54500,22.0,25,0.5685495833333334,1.7741202116012573,9.360814650853476,199.8230126999988
gnn_rep__N8__line__seed6,gnn_qmix,coord_grid,6,2180,54525,19.0,25,0.5683516666666667,2.1242638315473283,6.945926087243216,199.9160082999988
gnn_rep__N8__line__seed6,gnn_qmix,coord_grid,6,2181,54550,31.0,25,0.56815375,3.000831365585327,5.738534768422444,200.00105560000156
gnn_rep__N8__line__seed6,gnn_qmix,coord_grid,6,2182,54575,23.0,25,0.5679558333333334,0.7297111998001734,10.762652039527893,200.1099620999994
gnn_rep__N8__line__seed6,gnn_qmix,coord_grid,6,2183,54600,27.0,25,0.5677579166666666,2.6192307670911155,7.163554072380066,200.16717830000198
gnn_rep__N8__line__seed6,gnn_qmix,coord_grid,6,2184,54625,30.0,25,0.5675600000000001,2.6272285963807787,29.183212416512625,200.2416693999985
gnn_rep__N8__line__seed6,gnn_qmix,coord_grid,6,2185,54650,34.0,25,0.5673620833333333,1.686539297302564,23.29424015680949,200.31539840000187
gnn_rep__N8__line__seed6,gnn_qmix,coord_grid,6,2186,54675,20.0,25,0.5671641666666667,2.7670793732007346,11.565670410792032,200.42558500000086
gnn_rep__N8__line__seed6,gnn_qmix,coord_grid,6,2187,54700,16.0,25,0.5669662500000001,2.047935575246811,6.6497425238291425,200.51071239999874
gnn_rep__N8__line__seed6,gnn_qmix,coord_grid,6,2188,54725,30.0,25,0.5667683333333333,2.181610141481672,9.671098709106445,200.63786339999933
gnn_rep__N8__line__seed6,gnn_qmix,coord_grid,6,2189,54750,22.0,25,0.5665704166666667,2.036137988169988,6.679207801818848,200.69583599999896
gnn_rep__N8__line__seed6,gnn_qmix,coord_grid,6,2190,54775,38.0,25,0.5663725,1.3994462937116623,4.804453372955322,200.7681722999987
gnn_rep__N8__line__seed6,gnn_qmix,coord_grid,6,2191,54800,24.0,25,0.5661745833333334,4.381186564763387,7.947498003641765,200.9150320000008
gnn_rep__N8__line__seed6,gnn_qmix,coord_grid,6,2192,54825,23.0,25,0.5659766666666667,2.4918759976114546,7.863488503864834,201.02380260000064
gnn_rep__N8__line__seed6,gnn_qmix,coord_grid,6,2193,54850,28.0,25,0.56577875,1.585719068845113,7.8999658425649,201.13476850000006
gnn_rep__N8__line__seed6,gnn_qmix,coord_grid,6,2194,54875,28.0,25,0.5655808333333334,1.6302378575007122,8.23006929953893,201.2094939000017
gnn_rep__N8__line__seed6,gnn_qmix,coord_grid,6,2195,54900,22.0,25,0.5653829166666666,2.2162468433380127,6.313081979751587,201.3201966000015
gnn_rep__N8__line__seed6,gnn_qmix,coord_grid,6,2196,54925,19.0,25,0.565185,1.2285491398402624,8.135665689195905,201.37824510000064
gnn_rep__N8__line__seed6,gnn_qmix,coord_grid,6,2197,54950,28.0,25,0.5649870833333334,3.113356500864029,9.91684373219808,201.5173356999985
gnn_rep__N8__line__seed6,gnn_qmix,coord_grid,6,2198,54975,41.0,25,0.5647891666666667,2.858218640089035,6.448707342147827,201.65755509999872
gnn_rep__N8__line__seed6,gnn_qmix,coord_grid,6,2199,55000,29.0,25,0.5645912500000001,2.7554459075133004,14.764199256896973,201.73028949999934
gnn_rep__N8__line__seed6,gnn_qmix,coord_grid,6,2200,55025,20.0,25,0.5643933333333333,1.6427092743771416,6.698674031666347,201.88822319999963
gnn_rep__N8__line__seed6,gnn_qmix,coord_grid,6,2201,55050,29.0,25,0.5641954166666667,1.8254768600066502,5.642725149790446,201.96277270000064
gnn_rep__N8__line__seed6,gnn_qmix,coord_grid,6,2202,55075,16.0,25,0.5639974999999999,1.709119791785876,7.581722100575765,202.0888840000007
gnn_rep__N8__line__seed6,gnn_qmix,coord_grid,6,2203,55100,26.0,25,0.5637995833333334,2.67791094382604,9.489492972691854,202.158076300002
gnn_rep__N8__line__seed6,gnn_qmix,coord_grid,6,2204,55125,19.0,25,0.5636016666666668,1.4432815909385681,13.620355878557477,202.22240320000128
gnn_rep__N8__line__seed6,gnn_qmix,coord_grid,6,2205,55150,21.0,25,0.56340375,1.8806162426869075,14.16552702585856,202.3504135000003
gnn_rep__N8__line__seed6,gnn_qmix,coord_grid,6,2206,55175,22.0,25,0.5632058333333334,1.8090637028217316,12.793917020161947,202.47187889999987
gnn_rep__N8__line__seed6,gnn_qmix,coord_grid,6,2207,55200,15.0,25,0.5630079166666666,1.3800647258758545,7.275323748588562,202.53734519999853
gnn_rep__N8__line__seed6,gnn_qmix,coord_grid,6,2208,55225,30.0,25,0.56281,1.5869019372122628,9.560849598475865,202.60552200000166
gnn_rep__N8__line__seed6,gnn_qmix,coord_grid,6,2209,55250,19.0,25,0.5626120833333335,1.6237367341915767,8.613549947738647,202.725806800001
gnn_rep__N8__line__seed6,gnn_qmix,coord_grid,6,2210,55275,33.0,25,0.5624141666666667,1.8626630802949269,9.092825571695963,202.86727020000035
gnn_rep__N8__line__seed6,gnn_qmix,coord_grid,6,2211,55300,29.0,25,0.5622162500000001,1.8557802786429722,9.973119934399923,202.95380619999924
gnn_rep__N8__line__seed6,gnn_qmix,coord_grid,6,2212,55325,15.0,25,0.5620183333333333,1.9626114879335677,7.999062606266567,203.0216763999997
gnn_rep__N8__line__seed6,gnn_qmix,coord_grid,6,2213,55350,27.0,25,0.5618204166666667,2.1039763540029526,9.953186710675558,203.0725347000007
gnn_rep__N8__line__seed6,gnn_qmix,coord_grid,6,2214,55375,22.0,25,0.5616224999999999,1.2582231163978577,11.641854524612427,203.1494844000008
gnn_rep__N8__line__seed6,gnn_qmix,coord_grid,6,2215,55400,24.0,25,0.5614245833333333,2.66579490651687,13.819457769393921,203.21578030000092
gnn_rep__N8__line__seed6,gnn_qmix,coord_grid,6,2216,55425,24.0,25,0.5612266666666668,1.586366023336138,29.452742644718715,203.33219069999905
gnn_rep__N8__line__seed6,gnn_qmix,coord_grid,6,2217,55450,23.0,25,0.56102875,2.4255187610785165,24.05355914433797,203.4148563000017
gnn_rep__N8__line__seed6,gnn_qmix,coord_grid,6,2218,55475,19.0,25,0.5608308333333334,2.0819877038399377,11.173081636428833,203.47577730000194
gnn_rep__N8__line__seed6,gnn_qmix,coord_grid,6,2219,55500,18.0,25,0.5606329166666666,2.0346658577521644,11.856884161631266,203.6110149999986
gnn_rep__N8__line__seed6,gnn_qmix,coord_grid,6,2220,55525,22.0,25,0.560435,2.0243421963282993,6.812717471803937,203.68698959999892
gnn_rep__N8__line__seed6,gnn_qmix,coord_grid,6,2221,55550,17.0,25,0.5602370833333334,1.8518225997686386,10.92774216334025,203.73498010000185
gnn_rep__N8__line__seed6,gnn_qmix,coord_grid,6,2222,55575,25.0,25,0.5600391666666666,2.2255217929681144,8.729143619537354,203.89795719999893
gnn_rep__N8__line__seed6,gnn_qmix,coord_grid,6,2223,55600,38.0,25,0.5598412500000001,2.7185138861338296,10.280523618062338,203.99222569999984
gnn_rep__N8__line__seed6,gnn_qmix,coord_grid,6,2224,55625,25.0,25,0.5596433333333333,2.0483987075941905,10.22878176825387,204.12627590000193
gnn_rep__N8__line__seed6,gnn_qmix,coord_grid,6,2225,55650,17.0,25,0.5594454166666667,3.4256172279516854,9.837809046109518,204.1870487999986
gnn_rep__N8__line__seed6,gnn_qmix,coord_grid,6,2226,55675,35.0,25,0.5592475000000001,2.282565255959829,10.553539673487345,204.31366730000082
gnn_rep__N8__line__seed6,gnn_qmix,coord_grid,6,2227,55700,26.0,25,0.5590495833333333,1.6946892489989598,14.910482247670492,204.39362249999976
gnn_rep__N8__line__seed6,gnn_qmix,coord_grid,6,2228,55725,38.0,25,0.5588516666666667,2.393808024270194,9.80727652141026,204.4525027000018
gnn_rep__N8__line__seed6,gnn_qmix,coord_grid,6,2229,55750,34.0,25,0.55865375,1.0065347303946812,11.985950311024984,204.50881560000198
gnn_rep__N8__line__seed6,gnn_qmix,coord_grid,6,2230,55775,21.0,25,0.5584558333333334,2.067313700914383,11.193081935246786,204.6042368999988
gnn_rep__N8__line__seed6,gnn_qmix,coord_grid,6,2231,55800,29.0,25,0.5582579166666667,1.1872377743323643,9.952225883801779,204.6719664000011
gnn_rep__N8__line__seed6,gnn_qmix,coord_grid,6,2232,55825,25.0,25,0.55806,1.6937149720532554,11.118989808218819,204.73656979999942
gnn_rep__N8__line__seed6,gnn_qmix,coord_grid,6,2233,55850,33.0,25,0.5578620833333334,0.9751951918005943,6.867192467053731,204.8409118999989
gnn_rep__N8__line__seed6,gnn_qmix,coord_grid,6,2234,55875,27.0,25,0.5576641666666666,1.6614206333955128,6.971288243929545,204.9207161000013
gnn_rep__N8__line__seed6,gnn_qmix,coord_grid,6,2235,55900,35.0,25,0.55746625,2.265846088528633,7.32154122988383,205.01002309999967
gnn_rep__N8__line__seed6,gnn_qmix,coord_grid,6,2236,55925,31.0,25,0.5572683333333333,1.43198681303433,6.696673733847482,205.12945400000172
gnn_rep__N8__line__seed6,gnn_qmix,coord_grid,6,2237,55950,21.0,25,0.5570704166666667,2.51470377544562,7.942430853843689,205.19241070000135
gnn_rep__N8__line__seed6,gnn_qmix,coord_grid,6,2238,55975,15.0,25,0.5568725000000001,2.9312461018562317,9.21677565574646,205.25722569999925
gnn_rep__N8__line__seed6,gnn_qmix,coord_grid,6,2239,56000,25.0,25,0.5566745833333333,1.0431443601846695,8.669946432113647,205.3278911999987
gnn_rep__N8__line__seed6,gnn_qmix,coord_grid,6,2240,56025,9.0,25,0.5564766666666667,2.4015380825315202,11.483975103923253,205.42028740000023
gnn_rep__N8__line__seed6,gnn_qmix,coord_grid,6,2241,56050,39.0,25,0.5562787499999999,1.636321430404981,11.246531883875528,205.53603890000159
gnn_rep__N8__line__seed6,gnn_qmix,coord_grid,6,2242,56075,29.0,25,0.5560808333333334,1.7317880988121033,17.57530442873637,205.61728719999883
gnn_rep__N8__line__seed6,gnn_qmix,coord_grid,6,2243,56100,34.0,25,0.5558829166666667,1.843571866552035,13.493205070495605,205.73857209999915
gnn_rep__N8__line__seed6,gnn_qmix,coord_grid,6,2244,56125,25.0,25,0.555685,2.0815513006278445,12.145943607602801,205.78504990000147
gnn_rep__N8__line__seed6,gnn_qmix,coord_grid,6,2245,56150,33.0,25,0.5554870833333334,2.5475026567777,17.771334250768025,205.85082880000118
gnn_rep__N8__line__seed6,gnn_qmix,coord_grid,6,2246,56175,24.0,25,0.5552891666666666,2.33234333495299,19.08718689282735,205.93206830000054
gnn_rep__N8__line__seed6,gnn_qmix,coord_grid,6,2247,56200,20.0,25,0.55509125,2.1117451389630637,7.720287044843038,206.02478210000118
gnn_rep__N8__line__seed6,gnn_qmix,coord_grid,6,2248,56225,29.0,25,0.5548933333333333,2.722819949899401,32.323857579912456,206.1238611000008
gnn_rep__N8__line__seed6,gnn_qmix,coord_grid,6,2249,56250,17.0,25,0.5546954166666667,2.526067038377126,22.033809781074524,206.24248910000097
gnn_rep__N8__line__seed6,gnn_qmix,coord_grid,6,2250,56275,18.0,25,0.5544975000000001,2.1888126085201898,14.75746464729309,206.2916268000008
gnn_rep__N8__line__seed6,gnn_qmix,coord_grid,6,2251,56300,14.0,25,0.5542995833333333,2.3643525366981826,16.152469714482624,206.3586147999995
gnn_rep__N8__line__seed6,gnn_qmix,coord_grid,6,2252,56325,23.0,25,0.5541016666666667,2.258236459323338,17.05112143925258,206.4359144000009
gnn_rep__N8__line__seed6,gnn_qmix,coord_grid,6,2253,56350,22.0,25,0.55390375,2.391766314705213,11.09649666150411,206.5133167999993
gnn_rep__N8__line__seed6,gnn_qmix,coord_grid,6,2254,56375,32.0,25,0.5537058333333333,2.6408036053180695,15.068785905838013,206.61203319999913
gnn_rep__N8__line__seed6,gnn_qmix,coord_grid,6,2255,56400,31.0,25,0.5535079166666668,2.627669150630633,11.518298824628195,206.70950780000203
gnn_rep__N8__line__seed6,gnn_qmix,coord_grid,6,2256,56425,37.0,25,0.55331,2.0968948304653168,7.064728839056833,206.77930790000028
gnn_rep__N8__line__seed6,gnn_qmix,coord_grid,6,2257,56450,29.0,25,0.5531120833333334,2.8422727386156716,5.453890442848206,206.87268979999862
gnn_rep__N8__line__seed6,gnn_qmix,coord_grid,6,2258,56475,22.0,25,0.5529141666666666,1.9051200797160466,8.5403284629186,206.93850029999885
gnn_rep__N8__line__seed6,gnn_qmix,coord_grid,6,2259,56500,22.0,25,0.55271625,1.4310639053583145,5.6810552676518755,207.03665679999904
gnn_rep__N8__line__seed6,gnn_qmix,coord_grid,6,2260,56525,13.0,25,0.5525183333333333,1.4981565518038613,8.253986733300346,207.09646820000125
gnn_rep__N8__line__seed6,gnn_qmix,coord_grid,6,2261,56550,13.0,25,0.5523204166666666,3.274653802315394,11.49433422088623,207.17461000000185
gnn_rep__N8__line__seed6,gnn_qmix,coord_grid,6,2262,56575,29.0,25,0.5521225000000001,1.9104324479897816,6.55488924185435,207.2665134000017
gnn_rep__N8__line__seed6,gnn_qmix,coord_grid,6,2263,56600,18.0,25,0.5519245833333333,0.7665985027949015,5.509552001953125,207.32405550000112
gnn_rep__N8__line__seed6,gnn_qmix,coord_grid,6,2264,56625,18.0,25,0.5517266666666667,2.224951820714133,9.64012701170785,207.4299659999997
gnn_rep__N8__line__seed6,gnn_qmix,coord_grid,6,2265,56650,35.0,25,0.55152875,2.0152144730091095,9.329306642214457,207.47445230000085
gnn_rep__N8__line__seed6,gnn_qmix,coord_grid,6,2266,56675,17.0,25,0.5513308333333333,1.9091557835539181,6.846308549245198,207.52809890000208
gnn_rep__N8__line__seed6,gnn_qmix,coord_grid,6,2267,56700,30.0,25,0.5511329166666668,2.4211540122826896,10.985070705413818,207.64042790000167
gnn_rep__N8__line__seed6,gnn_qmix,coord_grid,6,2268,56725,42.0,25,0.550935,2.4750416449138095,11.9167434828622,207.74858160000076
gnn_rep__N8__line__seed6,gnn_qmix,coord_grid,6,2269,56750,31.0,25,0.5507370833333334,2.1177908182144165,5.471805969874064,207.8215530999987
gnn_rep__N8__line__seed6,gnn_qmix,coord_grid,6,2270,56775,23.0,25,0.5505391666666667,1.5376994013786316,8.954702615737915,207.87069619999966
gnn_rep__N8__line__seed6,gnn_qmix,coord_grid,6,2271,56800,25.0,25,0.55034125,3.2603813260793686,7.28490165869395,207.95490359999894
gnn_rep__N8__line__seed6,gnn_qmix,coord_grid,6,2272,56825,22.0,25,0.5501433333333334,1.8797240257263184,8.731960841587611,208.0619301000006
gnn_rep__N8__line__seed6,gnn_qmix,coord_grid,6,2273,56850,17.0,25,0.5499454166666666,2.0752486089865365,8.438540895779928,208.13427349999984
gnn_rep__N8__line__seed6,gnn_qmix,coord_grid,6,2274,56875,30.0,25,0.5497475000000001,1.4354308942953746,8.972593069076538,208.24261259999912
gnn_rep__N8__line__seed6,gnn_qmix,coord_grid,6,2275,56900,25.0,25,0.5495495833333333,3.7305169105529785,6.15799351533254,208.32685520000086
gnn_rep__N8__line__seed6,gnn_qmix,coord_grid,6,2276,56925,28.0,25,0.5493516666666667,2.09905743598938,13.145844357354301,208.4515457000016
gnn_rep__N8__line__seed6,gnn_qmix,coord_grid,6,2277,56950,23.0,25,0.54915375,3.304982324441274,15.113295237223307,208.52558770000178
gnn_rep__N8__line__seed6,gnn_qmix,coord_grid,6,2278,56975,19.0,25,0.5489558333333333,1.8037162274122238,13.655043999354044,208.658879300001
gnn_rep__N8__line__seed6,gnn_qmix,coord_grid,6,2279,57000,25.0,25,0.5487579166666667,2.5858939737081528,15.566828687985739,208.73382219999985
gnn_rep__N8__line__seed6,gnn_qmix,coord_grid,6,2280,57025,22.0,25,0.5485599999999999,2.329147449561528,40.40258353097098,208.7909647000015
gnn_rep__N8__line__seed6,gnn_qmix,coord_grid,6,2281,57050,25.0,25,0.5483620833333334,1.7704237500826518,16.03883695602417,208.87665670000206
gnn_rep__N8__line__seed6,gnn_qmix,coord_grid,6,2282,57075,14.0,25,0.5481641666666667,0.8046557356913885,7.875423113505046,208.96616039999935
gnn_rep__N8__line__seed6,gnn_qmix,coord_grid,6,2283,57100,22.0,25,0.54796625,3.5105738639831543,9.124030669530233,209.0619731000006
gnn_rep__N8__line__seed6,gnn_qmix,coord_grid,6,2284,57125,24.0,25,0.5477683333333334,2.8974582297461375,9.296353544507708,209.14385319999928
gnn_rep__N8__line__seed6,gnn_qmix,coord_grid,6,2285,57150,25.0,25,0.5475704166666666,1.0854492386182149,9.894243160883585,209.23728739999933
gnn_rep__N8__line__seed6,gnn_qmix,coord_grid,6,2286,57175,21.0,25,0.5473725,2.6469724575678506,9.760659098625183,209.30617350000102
gnn_rep__N8__line__seed6,gnn_qmix,coord_grid,6,2287,57200,19.0,25,0.5471745833333334,1.4960701415936153,9.194787542025248,209.38376400000197
gnn_rep__N8__line__seed6,gnn_qmix,coord_grid,6,2288,57225,20.0,25,0.5469766666666667,2.489944636821747,9.453586510249547,209.47873270000127
gnn_rep__N8__line__seed6,gnn_qmix,coord_grid,6,2289,57250,29.0,25,0.54677875,0.7700740098953247,12.921566128730774,209.5401692000014
gnn_rep__N8__line__seed6,gnn_qmix,coord_grid,6,2290,57275,17.0,25,0.5465808333333333,2.4339831471443176,11.812479794025421,209.60500830000092
gnn_rep__N8__line__seed6,gnn_qmix,coord_grid,6,2291,57300,15.0,25,0.5463829166666667,3.559794286886851,9.147833426793417,209.72147079999922
gnn_rep__N8__line__seed6,gnn_qmix,coord_grid,6,2292,57325,14.0,25,0.546185,2.2928257243973866,8.67238085610526,209.86721500000203
gnn_rep__N8__line__seed6,gnn_qmix,coord_grid,6,2293,57350,31.0,25,0.5459870833333333,2.5600771009922028,8.326053420702616,209.94017819999863
gnn_rep__N8__line__seed6,gnn_qmix,coord_grid,6,2294,57375,16.0,25,0.5457891666666667,2.6182823975880942,13.952350298563639,210.0331049999986
gnn_rep__N8__line__seed6,gnn_qmix,coord_grid,6,2295,57400,30.0,25,0.54559125,1.026451865832011,11.077243884404501,210.11125100000208
gnn_rep__N8__line__seed6,gnn_qmix,coord_grid,6,2296,57425,28.0,25,0.5453933333333334,1.1940985364573342,14.165054593767438,210.17841690000205
gnn_rep__N8__line__seed6,gnn_qmix,coord_grid,6,2297,57450,30.0,25,0.5451954166666666,3.5862991710503898,9.403500199317932,210.28904460000194
gnn_rep__N8__line__seed6,gnn_qmix,coord_grid,6,2298,57475,25.0,25,0.5449975,2.5823392271995544,7.941806475321452,210.3840627999998
gnn_rep__N8__line__seed6,gnn_qmix,coord_grid,6,2299,57500,28.0,25,0.5447995833333333,1.194579650958379,7.357619722684224,210.46158569999898
gnn_rep__N8__line__seed6,gnn_qmix,coord_grid,6,2300,57525,24.0,25,0.5446016666666667,1.7504827891077315,6.982243095125471,210.55189579999933
gnn_rep__N8__line__seed6,gnn_qmix,coord_grid,6,2301,57550,20.0,25,0.5444037500000001,4.250156342983246,9.76275086402893,210.62983990000066
gnn_rep__N8__line__seed6,gnn_qmix,coord_grid,6,2302,57575,25.0,25,0.5442058333333333,1.7185436238845189,8.853869517644247,210.69249090000085
gnn_rep__N8__line__seed6,gnn_qmix,coord_grid,6,2303,57600,25.0,25,0.5440079166666667,1.4432134727636974,9.334294080734253,210.76158620000206
gnn_rep__N8__line__seed6,gnn_qmix,coord_grid,6,2304,57625,20.0,25,0.54381,1.9424748143979482,12.181187970297676,210.86588499999925
gnn_rep__N8__line__seed6,gnn_qmix,coord_grid,6,2305,57650,17.0,25,0.5436120833333333,1.0235967983802159,9.44158442815145,210.93450360000134
gnn_rep__N8__line__seed6,gnn_qmix,coord_grid,6,2306,57675,22.0,25,0.5434141666666666,1.5158075789610546,7.9257413148880005,211.02180299999964
gnn_rep__N8__line__seed6,gnn_qmix,coord_grid,6,2307,57700,23.0,25,0.54321625,1.984320600827535,7.038157860438029,211.11821340000097
gnn_rep__N8__line__seed6,gnn_qmix,coord_grid,6,2308,57725,28.0,25,0.5430183333333334,2.8988586493900845,5.869110890797207,211.1810422999988
gnn_rep__N8__line__seed6,gnn_qmix,coord_grid,6,2309,57750,25.0,25,0.5428204166666667,1.299061233798663,6.484034578005473,211.25037710000106
gnn_rep__N8__line__seed6,gnn_qmix,coord_grid,6,2310,57775,20.0,25,0.5426225,1.6876045167446136,7.543448130289714,211.3420369000014
gnn_rep__N8__line__seed6,gnn_qmix,coord_grid,6,2311,57800,22.0,25,0.5424245833333333,1.052153766155243,16.16559108098348,211.41442259999894
gnn_rep__N8__line__seed6,gnn_qmix,coord_grid,6,2312,57825,18.0,25,0.5422266666666666,2.8333051034382413,28.426480020795548,211.52988449999975
gnn_rep__N8__line__seed6,gnn_qmix,coord_grid,6,2313,57850,25.0,25,0.5420287500000001,2.1313764254252114,29.42518162727356,211.60030140000163
gnn_rep__N8__line__seed6,gnn_qmix,coord_grid,6,2314,57875,25.0,25,0.5418308333333334,3.033213118712107,18.98027578989665,211.723586600001
gnn_rep__N8__line__seed6,gnn_qmix,coord_grid,6,2315,57900,27.0,25,0.5416329166666667,2.042866254846255,18.68930149078369,211.79188630000135
gnn_rep__N8__line__seed6,gnn_qmix,coord_grid,6,2316,57925,27.0,25,0.541435,2.062514449868883,8.237059048243932,211.85334860000148
gnn_rep__N8__line__seed6,gnn_qmix,coord_grid,6,2317,57950,20.0,25,0.5412370833333333,2.4494396348794303,9.333640138308207,211.9673683000001
gnn_rep__N8__line__seed6,gnn_qmix,coord_grid,6,2318,57975,17.0,25,0.5410391666666667,1.7527697732051213,8.623645226160685,212.05786939999962
gnn_rep__N8__line__seed6,gnn_qmix,coord_grid,6,2319,58000,33.0,25,0.5408412499999999,1.8130432466665904,8.209181507428488,212.13449469999978
gnn_rep__N8__line__seed6,gnn_qmix,coord_grid,6,2320,58025,24.0,25,0.5406433333333334,2.7762562164238522,6.8910702637263705,212.23374080000212
gnn_rep__N8__line__seed6,gnn_qmix,coord_grid,6,2321,58050,26.0,25,0.5404454166666667,1.3106720795234044,12.389453093210856,212.2946140999993
gnn_rep__N8__line__seed6,gnn_qmix,coord_grid,6,2322,58075,25.0,25,0.5402475,1.2977333863576253,8.9204683303833,212.3515843999994
gnn_rep__N8__line__seed6,gnn_qmix,coord_grid,6,2323,58100,18.0,25,0.5400495833333333,1.5937092651923497,8.115450223286947,212.4594246000015
gnn_rep__N8__line__seed6,gnn_qmix,coord_grid,6,2324,58125,39.0,25,0.5398516666666666,2.1712878942489624,10.949055467333112,212.55597710000075
gnn_rep__N8__line__seed6,gnn_qmix,coord_grid,6,2325,58150,20.0,25,0.53965375,1.5674117803573608,14.72772471110026,212.638321800001
gnn_rep__N8__line__seed6,gnn_qmix,coord_grid,6,2326,58175,20.0,25,0.5394558333333334,2.7091842889785767,13.379677216211954,212.74246109999876
gnn_rep__N8__line__seed6,gnn_qmix,coord_grid,6,2327,58200,18.0,25,0.5392579166666667,2.679586783051491,9.290874799092611,212.79868609999903
gnn_rep__N8__line__seed6,gnn_qmix,coord_grid,6,2328,58225,26.0,25,0.53906,2.5902039110660553,10.465089116777692,212.91045990000202
gnn_rep__N8__line__seed6,gnn_qmix,coord_grid,6,2329,58250,18.0,25,0.5388620833333333,2.7128798812627792,10.769981265068054,212.99111429999903
gnn_rep__N8__line__seed6,gnn_qmix,coord_grid,6,2330,58275,22.0,25,0.5386641666666667,1.562886248032252,14.277819633483887,213.06824069999857
gnn_rep__N8__line__seed6,gnn_qmix,coord_grid,6,2331,58300,21.0,25,0.53846625,2.818052758773168,19.95491631825765,213.13076250000086
gnn_rep__N8__line__seed6,gnn_qmix,coord_grid,6,2332,58325,18.0,25,0.5382683333333333,2.391025015286037,18.41161850520543,213.18503630000123
gnn_rep__N8__line__seed6,gnn_qmix,coord_grid,6,2333,58350,25.0,25,0.5380704166666667,1.9911342114210129,18.67876164118449,213.247688200001
gnn_rep__N8__line__seed6,gnn_qmix,coord_grid,6,2334,58375,26.0,25,0.5378725,3.4082471231619516,29.112230221430462,213.33259439999892
gnn_rep__N8__line__seed6,gnn_qmix,coord_grid,6,2335,58400,24.0,25,0.5376745833333334,1.5683757960796356,20.63165791829427,213.40330990000075
gnn_rep__N8__line__seed6,gnn_qmix,coord_grid,6,2336,58425,32.0,25,0.5374766666666666,1.8317487580435616,19.568678174700057,213.47532030000002
gnn_rep__N8__line__seed6,gnn_qmix,coord_grid,6,2337,58450,14.0,25,0.53727875,1.5078266461690266,9.315296371777853,213.54224619999877
gnn_rep__N8__line__seed6,gnn_qmix,coord_grid,6,2338,58475,18.0,25,0.5370808333333333,1.860405112306277,13.497713724772135,213.61721469999975
gnn_rep__N8__line__seed6,gnn_qmix,coord_grid,6,2339,58500,25.0,25,0.5368829166666667,2.5499477684497833,10.206429402033487,213.68382479999855
gnn_rep__N8__line__seed6,gnn_qmix,coord_grid,6,2340,58525,21.0,25,0.5366850000000001,1.9520002901554108,9.560063634599958,213.76144529999874
gnn_rep__N8__line__seed6,gnn_qmix,coord_grid,6,2341,58550,33.0,25,0.5364870833333333,2.9143785387277603,7.6777544021606445,213.84875580000153
gnn_rep__N8__line__seed6,gnn_qmix,coord_grid,6,2342,58575,36.0,25,0.5362891666666667,1.5921434859434764,10.45370920499166,213.92465530000118
gnn_rep__N8__line__seed6,gnn_qmix,coord_grid,6,2343,58600,22.0,25,0.53609125,2.33539908627669,17.752546072006226,213.98955040000146
gnn_rep__N8__line__seed6,gnn_qmix,coord_grid,6,2344,58625,25.0,25,0.5358933333333333,1.653954608099801,51.49333245413644,214.05882190000193
gnn_rep__N8__line__seed6,gnn_qmix,coord_grid,6,2345,58650,29.0,25,0.5356954166666666,3.985548513631026,22.22905667622884,214.12467660000038
gnn_rep__N8__line__seed6,gnn_qmix,coord_grid,6,2346,58675,23.0,25,0.5354975,2.8452700028816857,19.451659838358562,214.18259509999916
gnn_rep__N8__line__seed6,gnn_qmix,coord_grid,6,2347,58700,19.0,25,0.5352995833333334,2.382062112291654,20.778217871983845,214.2865028999986
gnn_rep__N8__line__seed6,gnn_qmix,coord_grid,6,2348,58725,24.0,25,0.5351016666666667,2.4005633209432875,9.553587572915214,214.3696213000003
gnn_rep__N8__line__seed6,gnn_qmix,coord_grid,6,2349,58750,26.0,25,0.53490375,3.260247230529785,6.194768230120341,214.43363360000149
gnn_rep__N8__line__seed6,gnn_qmix,coord_grid,6,2350,58775,33.0,25,0.5347058333333333,3.24681863685449,7.982852975527446,214.5277000999995
gnn_rep__N8__line__seed6,gnn_qmix,coord_grid,6,2351,58800,19.0,25,0.5345079166666666,1.809457207719485,10.064510583877563,214.60830350000106
gnn_rep__N8__line__seed6,gnn_qmix,coord_grid,6,2352,58825,21.0,25,0.5343100000000001,1.994072092430932,6.0078747272491455,214.68627360000028
gnn_rep__N8__line__seed6,gnn_qmix,coord_grid,6,2353,58850,32.0,25,0.5341120833333334,1.7822379618883133,8.57155974706014,214.76208390000102
gnn_rep__N8__line__seed6,gnn_qmix,coord_grid,6,2354,58875,15.0,25,0.5339141666666667,1.5755832195281982,12.198198715845743,214.83532510000077
gnn_rep__N8__line__seed6,gnn_qmix,coord_grid,6,2355,58900,28.0,25,0.53371625,2.2582670946915946,17.813204924265545,214.91185119999864
gnn_rep__N8__line__seed6,gnn_qmix,coord_grid,6,2356,58925,21.0,25,0.5335183333333333,2.2242454290390015,13.916559968675886,214.98412879999887
gnn_rep__N8__line__seed6,gnn_qmix,coord_grid,6,2357,58950,16.0,25,0.5333204166666667,2.2734027951955795,15.583459456761679,215.05789409999852
gnn_rep__N8__line__seed6,gnn_qmix,coord_grid,6,2358,58975,21.0,25,0.5331224999999999,1.3627893974383671,12.336412111918131,215.1254183000019
gnn_rep__N8__line__seed6,gnn_qmix,coord_grid,6,2359,59000,38.0,25,0.5329245833333334,1.141195019086202,12.087181488672892,215.18297879999955
gnn_rep__N8__line__seed6,gnn_qmix,coord_grid,6,2360,59025,28.0,25,0.5327266666666667,2.2235096267291476,10.0454694884164,215.27781550000145
gnn_rep__N8__line__seed6,gnn_qmix,coord_grid,6,2361,59050,36.0,25,0.53252875,2.827308624982834,8.440834522247314,215.35790970000016
gnn_rep__N8__line__seed6,gnn_qmix,coord_grid,6,2362,59075,21.0,25,0.5323308333333334,3.0857243488232293,9.654107491175333,215.44969330000094
gnn_rep__N8__line__seed6,gnn_qmix,coord_grid,6,2363,59100,20.0,25,0.5321329166666666,2.342887058854103,8.531945705413818,215.54208830000061
gnn_rep__N8__line__seed6,gnn_qmix,coord_grid,6,2364,59125,28.0,25,0.531935,2.616255526031767,12.162784167698451,215.63736110000173
gnn_rep__N8__line__seed6,gnn_qmix,coord_grid,6,2365,59150,16.0,25,0.5317370833333334,2.33662057419618,13.03495168685913,215.72631270000056
gnn_rep__N8__line__seed6,gnn_qmix,coord_grid,6,2366,59175,35.0,25,0.5315391666666667,0.6108530734976133,7.0022664070129395,215.7950321999997
gnn_rep__N8__line__seed6,gnn_qmix,coord_grid,6,2367,59200,36.0,25,0.53134125,3.230320011576017,8.142173528671265,215.8662046999998
gnn_rep__N8__line__seed6,gnn_qmix,coord_grid,6,2368,59225,21.0,25,0.5311433333333333,2.295570569378989,7.161943367549351,215.96826150000197
gnn_rep__N8__line__seed6,gnn_qmix,coord_grid,6,2369,59250,21.0,25,0.5309454166666667,2.816589961449305,8.801181077957153,216.06620420000036
gnn_rep__N8__line__seed6,gnn_qmix,coord_grid,6,2370,59275,23.0,25,0.5307475,1.885601336757342,12.688219626744589,216.1775775999995
gnn_rep__N8__line__seed6,gnn_qmix,coord_grid,6,2371,59300,27.0,25,0.5305495833333334,2.782682398955027,12.643003702163696,216.24716940000144
gnn_rep__N8__line__seed6,gnn_qmix,coord_grid,6,2372,59325,21.0,25,0.5303516666666667,1.8797418432576316,21.42111907686506,216.31520910000108
gnn_rep__N8__line__seed6,gnn_qmix,coord_grid,6,2373,59350,20.0,25,0.53015375,2.5974396665891013,16.517776171366375,216.38236170000164
gnn_rep__N8__line__seed6,gnn_qmix,coord_grid,6,2374,59375,31.0,25,0.5299558333333334,2.1493507275978723,20.52328697840373,216.49385370000164
gnn_rep__N8__line__seed6,gnn_qmix,coord_grid,6,2375,59400,20.0,25,0.5297579166666667,0.8850372383991877,5.942846894264221,216.57875169999897
gnn_rep__N8__line__seed6,gnn_qmix,coord_grid,6,2376,59425,27.0,25,0.52956,2.5616691538265774,36.125283649989534,216.6934880000008
gnn_rep__N8__line__seed6,gnn_qmix,coord_grid,6,2377,59450,12.0,25,0.5293620833333333,3.0058929125467935,29.609336376190186,216.85358800000176
gnn_rep__N8__line__seed6,gnn_qmix,coord_grid,6,2378,59475,27.0,25,0.5291641666666667,3.1414539019266763,11.837087154388428,216.9499145000009
gnn_rep__N8__line__seed6,gnn_qmix,coord_grid,6,2379,59500,20.0,25,0.5289662500000001,3.2252962986628213,7.466032862663269,217.0659889999988
gnn_rep__N8__line__seed6,gnn_qmix,coord_grid,6,2380,59525,20.0,25,0.5287683333333333,2.3360586847577776,12.595412118094307,217.18175569999948
gnn_rep__N8__line__seed6,gnn_qmix,coord_grid,6,2381,59550,34.0,25,0.5285704166666667,2.1937038799126944,11.51769252618154,217.24840050000057
gnn_rep__N8__line__seed6,gnn_qmix,coord_grid,6,2382,59575,25.0,25,0.5283725,1.3598578969637554,10.784693082173666,217.34524299999975
gnn_rep__N8__line__seed6,gnn_qmix,coord_grid,6,2383,59600,28.0,25,0.5281745833333333,1.4217063387235005,12.426321824391684,217.44742849999966
gnn_rep__N8__line__seed6,gnn_qmix,coord_grid,6,2384,59625,23.0,25,0.5279766666666666,2.102707266807556,9.832188299724034,217.537558
gnn_rep__N8__line__seed6,gnn_qmix,coord_grid,6,2385,59650,32.0,25,0.52777875,3.3675390680631003,7.485868652661641,217.60721980000017
gnn_rep__N8__line__seed6,gnn_qmix,coord_grid,6,2386,59675,26.0,25,0.5275808333333334,1.6170616348584492,7.21521242459615,217.68471820000195
gnn_rep__N8__line__seed6,gnn_qmix,coord_grid,6,2387,59700,18.0,25,0.5273829166666667,4.078739196062088,10.20844022432963,217.8162169999996
gnn_rep__N8__line__seed6,gnn_qmix,coord_grid,6,2388,59725,30.0,25,0.527185,2.0683751489434923,8.369202307292394,217.90110249999998
gnn_rep__N8__line__seed6,gnn_qmix,coord_grid,6,2389,59750,31.0,25,0.5269870833333333,4.274379809697469,11.473000764846802,218.01089090000096
gnn_rep__N8__line__seed6,gnn_qmix,coord_grid,6,2390,59775,15.0,25,0.5267891666666666,3.5947707295417786,10.495019674301147,218.06930959999954
gnn_rep__N8__line__seed6,gnn_qmix,coord_grid,6,2391,59800,24.0,25,0.5265912500000001,2.3520022183656693,8.994824330012003,218.14165919999868
gnn_rep__N8__line__seed6,gnn_qmix,coord_grid,6,2392,59825,16.0,25,0.5263933333333334,3.803556663649423,7.526753085000174,218.26869440000155
gnn_rep__N8__line__seed6,gnn_qmix,coord_grid,6,2393,59850,21.0,25,0.5261954166666667,2.6374445309241614,11.926745573679606,218.3503109000012
gnn_rep__N8__line__seed6,gnn_qmix,coord_grid,6,2394,59875,15.0,25,0.5259975,1.1433304995298386,6.797602693239848,218.41485749999993
gnn_rep__N8__line__seed6,gnn_qmix,coord_grid,6,2395,59900,24.0,25,0.5257995833333333,1.6908561438322067,9.783801436424255,218.4747353999992
gnn_rep__N8__line__seed6,gnn_qmix,coord_grid,6,2396,59925,34.0,25,0.5256016666666667,1.3886923406805312,7.649021625518799,218.536390199999
gnn_rep__N8__line__seed6,gnn_qmix,coord_grid,6,2397,59950,27.0,25,0.52540375,2.848989243308703,9.671708504358927,218.69300310000108
gnn_rep__N8__line__seed6,gnn_qmix,coord_grid,6,2398,59975,23.0,25,0.5252058333333334,2.1251283834377923,7.645622809727986,218.7860627000009
gnn_rep__N8__line__seed6,gnn_qmix,coord_grid,6,2399,60000,14.0,25,0.5250079166666667,2.421528711915016,10.879749218622843,218.87984700000015
gnn_rep__N8__line__seed6,gnn_qmix,coord_grid,6,2400,60025,26.0,25,0.52481,1.5143956073692866,15.888166155133929,218.9437813000004
gnn_rep__N8__line__seed6,gnn_qmix,coord_grid,6,2401,60050,19.0,25,0.5246120833333334,1.4085486978292465,10.53252657254537,219.01308490000156
gnn_rep__N8__line__seed6,gnn_qmix,coord_grid,6,2402,60075,36.0,25,0.5244141666666666,2.171659638484319,10.03527037302653,219.08243729999958
gnn_rep__N8__line__seed6,gnn_qmix,coord_grid,6,2403,60100,28.0,25,0.52421625,2.122011492649714,14.32395569483439,219.14165729999877
gnn_rep__N8__line__seed6,gnn_qmix,coord_grid,6,2404,60125,28.0,25,0.5240183333333334,2.346172034740448,10.120493071419853,219.21114579999994
gnn_rep__N8__line__seed6,gnn_qmix,coord_grid,6,2405,60150,34.0,25,0.5238204166666667,2.8117942909399667,10.230825742085775,219.29216040000028
gnn_rep__N8__line__seed6,gnn_qmix,coord_grid,6,2406,60175,36.0,25,0.5236225000000001,1.406024917960167,5.708738565444946,219.3710858000013
gnn_rep__N8__line__seed6,gnn_qmix,coord_grid,6,2407,60200,22.0,25,0.5234245833333333,1.3439901421467464,8.381350437800089,219.44398960000035
gnn_rep__N8__line__seed6,gnn_qmix,coord_grid,6,2408,60225,28.0,25,0.5232266666666667,1.6664018630981445,38.04141684940883,219.58513460000177
gnn_rep__N8__line__seed6,gnn_qmix,coord_grid,6,2409,60250,21.0,25,0.5230287499999999,3.754152079423269,22.932597160339355,219.6913534999985
gnn_rep__N8__line__seed6,gnn_qmix,coord_grid,6,2410,60275,27.0,25,0.5228308333333334,2.8896129528681436,16.189709583918255,219.7706908
gnn_rep__N8__line__seed6,gnn_qmix,coord_grid,6,2411,60300,25.0,25,0.5226329166666667,1.4753447423378627,19.51179838180542,219.85322359999918
gnn_rep__N8__line__seed6,gnn_qmix,coord_grid,6,2412,60325,49.0,25,0.522435,2.102770302976881,8.551793200629097,219.91334149999966
gnn_rep__N8__line__seed6,gnn_qmix,coord_grid,6,2413,60350,25.0,25,0.5222370833333334,1.6336714873711269,11.474352995554606,219.97382490000018
gnn_rep__N8__line__seed6,gnn_qmix,coord_grid,6,2414,60375,32.0,25,0.5220391666666667,2.403971388936043,12.091257254282633,220.0591306999995
gnn_rep__N8__line__seed6,gnn_qmix,coord_grid,6,2415,60400,14.0,25,0.52184125,1.8935230573018391,12.988059401512146,220.17426849999902
gnn_rep__N8__line__seed6,gnn_qmix,coord_grid,6,2416,60425,30.0,25,0.5216433333333332,2.109738435064043,6.2628112861088345,220.25342920000185
gnn_rep__N8__line__seed6,gnn_qmix,coord_grid,6,2417,60450,24.0,25,0.5214454166666667,1.914368450641632,6.464985370635986,220.3587176000001
gnn_rep__N8__line__seed6,gnn_qmix,coord_grid,6,2418,60475,31.0,25,0.5212475000000001,1.981624369819959,8.54147227605184,220.42752309999923
gnn_rep__N8__line__seed6,gnn_qmix,coord_grid,6,2419,60500,32.0,25,0.5210495833333333,3.0312910228967667,7.826307932535808,220.49513859999934
gnn_rep__N8__line__seed6,gnn_qmix,coord_grid,6,2420,60525,26.0,25,0.5208516666666667,2.1432032031672343,5.240963731493268,220.55844770000112
gnn_rep__N8__line__seed6,gnn_qmix,coord_grid,6,2421,60550,38.0,25,0.52065375,1.7304590592781703,9.13056206703186,220.63521150000088
gnn_rep__N8__line__seed6,gnn_qmix,coord_grid,6,2422,60575,20.0,25,0.5204558333333333,3.8932791352272034,11.442817330360413,220.69545610000205
gnn_rep__N8__line__seed6,gnn_qmix,coord_grid,6,2423,60600,25.0,25,0.5202579166666668,3.4381412863731384,12.172870635986328,220.77571030000036
gnn_rep__N8__line__seed6,gnn_qmix,coord_grid,6,2424,60625,23.0,25,0.52006,2.3616447746753693,9.87244074685233,220.92548180000085
gnn_rep__N8__line__seed6,gnn_qmix,coord_grid,6,2425,60650,40.0,25,0.5198620833333334,1.402053599556287,9.319423278172811,221.00656660000095
gnn_rep__N8__line__seed6,gnn_qmix,coord_grid,6,2426,60675,39.0,25,0.5196641666666666,1.930262565612793,10.530822515487671,221.08660489999966
gnn_rep__N8__line__seed6,gnn_qmix,coord_grid,6,2427,60700,34.0,25,0.51946625,1.3857466628154118,11.050478140513102,221.17717970000012
gnn_rep__N8__line__seed6,gnn_qmix,coord_grid,6,2428,60725,30.0,25,0.5192683333333333,1.8993336856365204,15.997582980564662,221.24819040000148
gnn_rep__N8__line__seed6,gnn_qmix,coord_grid,6,2429,60750,32.0,25,0.5190704166666666,2.3902879556020102,9.800766229629517,221.3277080000007
gnn_rep__N8__line__seed6,gnn_qmix,coord_grid,6,2430,60775,21.0,25,0.5188725000000001,1.8909685562054317,11.388044516245523,221.43244670000058
gnn_rep__N8__line__seed6,gnn_qmix,coord_grid,6,2431,60800,26.0,25,0.5186745833333334,1.988385369380315,9.895382761955261,221.61116240000047
gnn_rep__N8__line__seed6,gnn_qmix,coord_grid,6,2432,60825,23.0,25,0.5184766666666667,1.9215549911771501,7.758731944220407,221.68970600000102
gnn_rep__N8__line__seed6,gnn_qmix,coord_grid,6,2433,60850,32.0,25,0.5182787499999999,3.217160219947497,18.020155509312946,221.7698941000017
gnn_rep__N8__line__seed6,gnn_qmix,coord_grid,6,2434,60875,32.0,25,0.5180808333333333,2.438200910886129,12.650452057520548,221.82838040000206
gnn_rep__N8__line__seed6,gnn_qmix,coord_grid,6,2435,60900,34.0,25,0.5178829166666667,1.1717877686023712,8.028321107228598,221.91170390000116
gnn_rep__N8__line__seed6,gnn_qmix,coord_grid,6,2436,60925,23.0,25,0.517685,2.3250549137592316,10.127772229058403,221.9932583000009
gnn_rep__N8__line__seed6,gnn_qmix,coord_grid,6,2437,60950,29.0,25,0.5174870833333334,2.2031694650650024,11.08305033047994,222.07649270000184
gnn_rep__N8__line__seed6,gnn_qmix,coord_grid,6,2438,60975,26.0,25,0.5172891666666667,2.2346172531445823,12.920021613438925,222.1692402000008
gnn_rep__N8__line__seed6,gnn_qmix,coord_grid,6,2439,61000,29.0,25,0.51709125,1.2409928689400356,13.64305611451467,222.25946509999994
gnn_rep__N8__line__seed6,gnn_qmix,coord_grid,6,2440,61025,46.0,25,0.5168933333333334,2.0552600068705424,38.57398237500872,222.3401679000017
gnn_rep__N8__line__seed6,gnn_qmix,coord_grid,6,2441,61050,31.0,25,0.5166954166666666,2.616979201634725,34.13880761464437,222.4667937000013
gnn_rep__N8__line__seed6,gnn_qmix,coord_grid,6,2442,61075,37.0,25,0.5164975,1.4881472984949748,16.815370321273804,222.56131670000104
gnn_rep__N8__line__seed6,gnn_qmix,coord_grid,6,2443,61100,39.0,25,0.5162995833333333,2.5340181787808738,12.432544072469076,222.64152100000138
gnn_rep__N8__line__seed6,gnn_qmix,coord_grid,6,2444,61125,24.0,25,0.5161016666666667,1.96863825406347,10.900399923324585,222.74134929999855
gnn_rep__N8__line__seed6,gnn_qmix,coord_grid,6,2445,61150,22.0,25,0.5159037500000001,1.9917145868142445,11.943379402160645,222.82658129999982
gnn_rep__N8__line__seed6,gnn_qmix,coord_grid,6,2446,61175,26.0,25,0.5157058333333333,2.7817442417144775,12.114622831344604,222.96136689999912
gnn_rep__N8__line__seed6,gnn_qmix,coord_grid,6,2447,61200,13.0,25,0.5155079166666667,2.1510170698165894,8.57124944527944,223.0155154999993
gnn_rep__N8__line__seed6,gnn_qmix,coord_grid,6,2448,61225,20.0,25,0.51531,2.4588018570627486,8.977774756295341,223.08562760000132
gnn_rep__N8__line__seed6,gnn_qmix,coord_grid,6,2449,61250,33.0,25,0.5151120833333334,2.9756990571816764,10.602324565251669,223.18834760000027
gnn_rep__N8__line__seed6,gnn_qmix,coord_grid,6,2450,61275,26.0,25,0.5149141666666666,4.272840142250061,6.183724880218506,223.28498799999943
gnn_rep__N8__line__seed6,gnn_qmix,coord_grid,6,2451,61300,18.0,25,0.51471625,2.6959023674329123,9.950103680292765,223.38664300000164
gnn_rep__N8__line__seed6,gnn_qmix,coord_grid,6,2452,61325,24.0,25,0.5145183333333334,1.986240314585822,10.52567366191319,223.4595107999994
gnn_rep__N8__line__seed6,gnn_qmix,coord_grid,6,2453,61350,32.0,25,0.5143204166666666,2.251288508375486,13.94890292485555,223.54149080000207
gnn_rep__N8__line__seed6,gnn_qmix,coord_grid,6,2454,61375,27.0,25,0.5141225,2.243918905655543,12.833513140678406,223.63448169999901
gnn_rep__N8__line__seed6,gnn_qmix,coord_grid,6,2455,61400,27.0,25,0.5139245833333334,1.5160594830910366,9.649192810058594,223.69383899999957
gnn_rep__N8__line__seed6,gnn_qmix,coord_grid,6,2456,61425,28.0,25,0.5137266666666667,2.6306872878755843,9.770273957933698,223.82255760000044
gnn_rep__N8__line__seed6,gnn_qmix,coord_grid,6,2457,61450,26.0,25,0.5135287500000001,3.2464321851730347,7.571148157119751,223.89222299999892
gnn_rep__N8__line__seed6,gnn_qmix,coord_grid,6,2458,61475,19.0,25,0.5133308333333334,2.278598507245382,6.952927152315776,223.9737047000017
gnn_rep__N8__line__seed6,gnn_qmix,coord_grid,6,2459,61500,33.0,25,0.5131329166666667,1.729629044731458,8.330346941947937,224.0961153999997
gnn_rep__N8__line__seed6,gnn_qmix,coord_grid,6,2460,61525,37.0,25,0.5129349999999999,2.211154188428606,11.886211940220424,224.17641780000122
gnn_rep__N8__line__seed6,gnn_qmix,coord_grid,6,2461,61550,29.0,25,0.5127370833333333,2.0559390981992087,8.429704984029135,224.23130730000048
gnn_rep__N8__line__seed6,gnn_qmix,coord_grid,6,2462,61575,21.0,25,0.5125391666666668,1.7841269274552662,7.718506336212158,224.28590339999937
gnn_rep__N8__line__seed6,gnn_qmix,coord_grid,6,2463,61600,38.0,25,0.51234125,2.4969522804021835,15.625590721766153,224.40076190000036
gnn_rep__N8__line__seed6,gnn_qmix,coord_grid,6,2464,61625,30.0,25,0.5121433333333334,2.4587668819086894,9.963246754237584,224.47671600000103
gnn_rep__N8__line__seed6,gnn_qmix,coord_grid,6,2465,61650,25.0,25,0.5119454166666667,3.216526369253794,12.29716944694519,224.5532811000012
gnn_rep__N8__line__seed6,gnn_qmix,coord_grid,6,2466,61675,45.0,25,0.5117475,3.482089380423228,7.321916421254476,224.65241980000064
gnn_rep__N8__line__seed6,gnn_qmix,coord_grid,6,2467,61700,21.0,25,0.5115495833333333,3.7672059734662375,9.304439902305603,224.74016929999925
gnn_rep__N8__line__seed6,gnn_qmix,coord_grid,6,2468,61725,20.0,25,0.5113516666666666,2.239188313484192,13.48869024004255,224.8135555000008
gnn_rep__N8__line__seed6,gnn_qmix,coord_grid,6,2469,61750,32.0,25,0.5111537500000001,3.091608668367068,13.415053606033325,224.89030560000174
gnn_rep__N8__line__seed6,gnn_qmix,coord_grid,6,2470,61775,29.0,25,0.5109558333333333,2.5073923965295157,14.58353885014852,224.96994429999904
gnn_rep__N8__line__seed6,gnn_qmix,coord_grid,6,2471,61800,26.0,25,0.5107579166666667,2.9939003586769104,10.105273962020874,225.02400259999922
gnn_rep__N8__line__seed6,gnn_qmix,coord_grid,6,2472,61825,22.0,25,0.51056,3.199809159551348,32.98866673878261,225.1101888000012
gnn_rep__N8__line__seed6,gnn_qmix,coord_grid,6,2473,61850,30.0,25,0.5103620833333333,1.9890121122201283,44.960070292154946,225.22856460000185
gnn_rep__N8__line__seed6,gnn_qmix,coord_grid,6,2474,61875,32.0,25,0.5101641666666668,2.6051018834114075,22.04977794488271,225.33443800000168
gnn_rep__N8__line__seed6,gnn_qmix,coord_grid,6,2475,61900,32.0,25,0.5099662500000001,1.4504876931508381,12.554154952367147,225.4263107000006
gnn_rep__N8__line__seed6,gnn_qmix,coord_grid,6,2476,61925,30.0,25,0.5097683333333334,2.488731631210872,22.69000448499407,225.5373131999986
gnn_rep__N8__line__seed6,gnn_qmix,coord_grid,6,2477,61950,24.0,25,0.5095704166666666,1.927802766362826,12.690251787503561,225.64050679999855
gnn_rep__N8__line__seed6,gnn_qmix,coord_grid,6,2478,61975,26.0,25,0.5093725,2.460313856601715,10.462916056315104,225.72210850000192
gnn_rep__N8__line__seed6,gnn_qmix,coord_grid,6,2479,62000,37.0,25,0.5091745833333334,3.58530326684316,19.102107365926106,225.77935609999986
gnn_rep__N8__line__seed6,gnn_qmix,coord_grid,6,2480,62025,29.0,25,0.5089766666666666,1.6955012551375799,9.93277815410069,225.88902579999922
gnn_rep__N8__line__seed6,gnn_qmix,coord_grid,6,2481,62050,26.0,25,0.5087787500000001,2.1989248196283975,14.054392019907633,225.97771690000081
gnn_rep__N8__line__seed6,gnn_qmix,coord_grid,6,2482,62075,30.0,25,0.5085808333333334,2.751483534773191,13.586299260457357,226.10706410000057
gnn_rep__N8__line__seed6,gnn_qmix,coord_grid,6,2483,62100,27.0,25,0.5083829166666667,4.04904834429423,8.698478062947592,226.22082840000076
gnn_rep__N8__line__seed6,gnn_qmix,coord_grid,6,2484,62125,22.0,25,0.508185,2.420072994061879,8.971577848706927,226.29252619999897
gnn_rep__N8__line__seed6,gnn_qmix,coord_grid,6,2485,62150,21.0,25,0.5079870833333333,1.4556632339954376,13.947793563206991,226.36421830000108
gnn_rep__N8__line__seed6,gnn_qmix,coord_grid,6,2486,62175,38.0,25,0.5077891666666667,2.544990142186483,12.270207126935324,226.4408962000016
gnn_rep__N8__line__seed6,gnn_qmix,coord_grid,6,2487,62200,25.0,25,0.5075912499999999,3.8538833061854043,9.977278351783752,226.51554930000202
gnn_rep__N8__line__seed6,gnn_qmix,coord_grid,6,2488,62225,28.0,25,0.5073933333333334,2.623224147728511,8.16931050164359,226.604893300002
gnn_rep__N8__line__seed6,gnn_qmix,coord_grid,6,2489,62250,29.0,25,0.5071954166666667,4.0918790598710375,12.924281795819601,226.69351789999928
gnn_rep__N8__line__seed6,gnn_qmix,coord_grid,6,2490,62275,28.0,25,0.5069975,2.333972454071045,9.290704329808554,226.75170400000206
gnn_rep__N8__line__seed6,gnn_qmix,coord_grid,6,2491,62300,33.0,25,0.5067995833333333,2.998573730389277,11.35946790377299,226.82348940000156
gnn_rep__N8__line__seed6,gnn_qmix,coord_grid,6,2492,62325,25.0,25,0.5066016666666667,3.5638597096715654,13.814926998955864,226.90701049999916
gnn_rep__N8__line__seed6,gnn_qmix,coord_grid,6,2493,62350,29.0,25,0.50640375,2.4741641779740653,5.606166402498881,226.98119479999878
gnn_rep__N8__line__seed6,gnn_qmix,coord_grid,6,2494,62375,26.0,25,0.5062058333333332,3.0421982407569885,11.76339308420817,227.03714260000197
gnn_rep__N8__line__seed6,gnn_qmix,coord_grid,6,2495,62400,28.0,25,0.5060079166666667,2.88865094880263,17.123798211415608,227.11993280000024
gnn_rep__N8__line__seed6,gnn_qmix,coord_grid,6,2496,62425,27.0,25,0.5058100000000001,2.263450618301119,21.58795670100621,227.231064399999
gnn_rep__N8__line__seed6,gnn_qmix,coord_grid,6,2497,62450,28.0,25,0.5056120833333333,2.347570995489756,16.872613668441772,227.33316410000043
gnn_rep__N8__line__seed6,gnn_qmix,coord_grid,6,2498,62475,34.0,25,0.5054141666666667,3.0833303729693093,13.37703279654185,227.39303629999995
gnn_rep__N8__line__seed6,gnn_qmix,coord_grid,6,2499,62500,34.0,25,0.50521625,2.2517798393964767,14.537476936976114,227.46873340000093
gnn_rep__N8__line__seed6,gnn_qmix,coord_grid,6,2500,62525,36.0,25,0.5050183333333333,1.755093663930893,10.533222181456429,227.5563981000014
gnn_rep__N8__line__seed6,gnn_qmix,coord_grid,6,2501,62550,21.0,25,0.5048204166666667,0.8601879303654035,8.525103569030762,227.6366229999985
gnn_rep__N8__line__seed6,gnn_qmix,coord_grid,6,2502,62575,28.0,25,0.5046225,1.1869981338580449,13.238502184549967,227.70426270000098
gnn_rep__N8__line__seed6,gnn_qmix,coord_grid,6,2503,62600,33.0,25,0.5044245833333334,2.3249360422293344,13.4245556195577,227.75368359999993
gnn_rep__N8__line__seed6,gnn_qmix,coord_grid,6,2504,62625,33.0,25,0.5042266666666666,3.043092966079712,35.90921558652605,227.83928809999998
gnn_rep__N8__line__seed6,gnn_qmix,coord_grid,6,2505,62650,24.0,25,0.50402875,1.3888584474722545,32.64161825180054,227.97675639999943
gnn_rep__N8__line__seed6,gnn_qmix,coord_grid,6,2506,62675,28.0,25,0.5038308333333334,3.390078733364741,22.817819754282635,228.07489369999894
gnn_rep__N8__line__seed6,gnn_qmix,coord_grid,6,2507,62700,28.0,25,0.5036329166666667,0.9828965663909912,15.566659371058146,228.21960789999866
gnn_rep__N8__line__seed6,gnn_qmix,coord_grid,6,2508,62725,29.0,25,0.503435,2.4481815355164662,20.441575867789133,228.29297450000013
gnn_rep__N8__line__seed6,gnn_qmix,coord_grid,6,2509,62750,35.0,25,0.5032370833333334,2.6606602544585862,16.686134338378906,228.3572912999989
gnn_rep__N8__line__seed6,gnn_qmix,coord_grid,6,2510,62775,38.0,25,0.5030391666666667,2.345503563682238,11.313122590382894,228.43672869999864
gnn_rep__N8__line__seed6,gnn_qmix,coord_grid,6,2511,62800,38.0,25,0.5028412499999999,2.6177393396695456,13.089869856834412,228.54040199999872
gnn_rep__N8__line__seed6,gnn_qmix,coord_grid,6,2512,62825,31.0,25,0.5026433333333333,3.1580759244305745,7.6253111362457275,228.60966380000173
gnn_rep__N8__line__seed6,gnn_qmix,coord_grid,6,2513,62850,27.0,25,0.5024454166666668,2.3529816965262094,22.369084517161053,228.72651849999966
gnn_rep__N8__line__seed6,gnn_qmix,coord_grid,6,2514,62875,39.0,25,0.5022475,3.6649949004252753,17.316207965215046,228.78679470000134
gnn_rep__N8__line__seed6,gnn_qmix,coord_grid,6,2515,62900,25.0,25,0.5020495833333334,1.5477353185415268,16.7919708887736,228.87782929999958
gnn_rep__N8__line__seed6,gnn_qmix,coord_grid,6,2516,62925,32.0,25,0.5018516666666667,4.142241056476321,18.10763795035226,229.00775240000075
gnn_rep__N8__line__seed6,gnn_qmix,coord_grid,6,2517,62950,20.0,25,0.50165375,1.7808022300402324,18.907359917958576,229.11810460000197
gnn_rep__N8__line__seed6,gnn_qmix,coord_grid,6,2518,62975,21.0,25,0.5014558333333333,1.4478665987650554,9.992898305257162,229.19537839999975
gnn_rep__N8__line__seed6,gnn_qmix,coord_grid,6,2519,63000,31.0,25,0.5012579166666667,2.0010578682025275,11.77683973312378,229.2499327000005
gnn_rep__N8__line__seed6,gnn_qmix,coord_grid,6,2520,63025,23.0,25,0.5010600000000001,1.5373015105724335,8.060187952859062,229.31890860000203
gnn_rep__N8__line__seed6,gnn_qmix,coord_grid,6,2521,63050,31.0,25,0.5008620833333333,2.293801710009575,8.166911919911703,229.4093619999985
gnn_rep__N8__line__seed6,gnn_qmix,coord_grid,6,2522,63075,28.0,25,0.5006641666666667,2.0477288564046225,11.35673463344574,229.47961380000197
gnn_rep__N8__line__seed6,gnn_qmix,coord_grid,6,2523,63100,30.0,25,0.5004662500000001,3.5908698638280234,11.856924613316854,229.53595270000005
gnn_rep__N8__line__seed6,gnn_qmix,coord_grid,6,2524,63125,31.0,25,0.5002683333333333,2.462268054485321,8.01972120148795,229.59269700000004
gnn_rep__N8__line__seed6,gnn_qmix,coord_grid,6,2525,63150,26.0,25,0.5000704166666666,2.3491156895955405,11.387522141138712,229.67290560000038
gnn_rep__N8__line__seed6,gnn_qmix,coord_grid,6,2526,63175,34.0,25,0.49987250000000005,2.017484406630198,5.819894075393677,229.7826423000006
gnn_rep__N8__line__seed6,gnn_qmix,coord_grid,6,2527,63200,45.0,25,0.49967458333333337,3.0435924728711448,11.70718248685201,229.8564124000004
gnn_rep__N8__line__seed6,gnn_qmix,coord_grid,6,2528,63225,25.0,25,0.4994766666666667,2.7617214577538625,23.471636363438197,229.99193640000158
gnn_rep__N8__line__seed6,gnn_qmix,coord_grid,6,2529,63250,34.0,25,0.4992787500000001,2.2901966820160546,9.580336928367615,230.08251490000112
gnn_rep__N8__line__seed6,gnn_qmix,coord_grid,6,2530,63275,30.0,25,0.4990808333333334,1.9877716551224391,7.702531258265178,230.1890482000017
gnn_rep__N8__line__seed6,gnn_qmix,coord_grid,6,2531,63300,35.0,25,0.4988829166666666,2.018376966317495,7.346968809763591,230.26132280000093
gnn_rep__N8__line__seed6,gnn_qmix,coord_grid,6,2532,63325,35.0,25,0.49868500000000004,2.9560644967215404,10.552087579454694,230.36391619999995
gnn_rep__N8__line__seed6,gnn_qmix,coord_grid,6,2533,63350,18.0,25,0.49848708333333336,3.667904997865359,17.36953564484914,230.4310331000015
gnn_rep__N8__line__seed6,gnn_qmix,coord_grid,6,2534,63375,38.0,25,0.49828916666666667,3.353785663843155,12.815030852953592,230.5013472999999
gnn_rep__N8__line__seed6,gnn_qmix,coord_grid,6,2535,63400,26.0,25,0.49809125,2.3410256654024124,13.17605209350586,230.61015469999984
gnn_rep__N8__line__seed6,gnn_qmix,coord_grid,6,2536,63425,30.0,25,0.4978933333333334,2.8336883059569766,34.35276848929269,230.6729634000003
gnn_rep__N8__line__seed6,gnn_qmix,coord_grid,6,2537,63450,25.0,25,0.4976954166666667,3.2334497769673667,27.141797224680584,230.737757400002
gnn_rep__N8__line__seed6,gnn_qmix,coord_grid,6,2538,63475,25.0,25,0.49749750000000004,2.7198248406251273,24.030016899108887,230.86936699999933
gnn_rep__N8__line__seed6,gnn_qmix,coord_grid,6,2539,63500,22.0,25,0.49729958333333335,1.8834704409042995,19.850423177083332,230.93621770000027
gnn_rep__N8__line__seed6,gnn_qmix,coord_grid,6,2540,63525,20.0,25,0.49710166666666666,3.8147338330745697,18.22182376044137,230.99470540000038
gnn_rep__N8__line__seed6,gnn_qmix,coord_grid,6,2541,63550,42.0,25,0.49690375,1.832685147722562,19.29719614982605,231.0569452000018
gnn_rep__N8__line__seed6,gnn_qmix,coord_grid,6,2542,63575,31.0,25,0.4967058333333333,2.111306130886078,13.612985134124756,231.1609556000003
gnn_rep__N8__line__seed6,gnn_qmix,coord_grid,6,2543,63600,31.0,25,0.4965079166666667,2.614402155081431,8.219749212265015,231.27292880000095
gnn_rep__N8__line__seed6,gnn_qmix,coord_grid,6,2544,63625,36.0,25,0.49631000000000003,2.9999240211078098,16.82655279976981,231.3710088000007
gnn_rep__N8__line__seed6,gnn_qmix,coord_grid,6,2545,63650,35.0,25,0.49611208333333334,1.7852572202682495,15.724881172180176,231.4663232999992
gnn_rep__N8__line__seed6,gnn_qmix,coord_grid,6,2546,63675,38.0,25,0.49591416666666677,1.8562122335036595,8.884281973044077,231.5744846000016
gnn_rep__N8__line__seed6,gnn_qmix,coord_grid,6,2547,63700,21.0,25,0.4957162500000001,3.479407469431559,17.256544987360638,231.64704999999958
gnn_rep__N8__line__seed6,gnn_qmix,coord_grid,6,2548,63725,26.0,25,0.4955183333333333,3.0284943750926425,12.18999447141375,231.7433310999986
gnn_rep__N8__line__seed6,gnn_qmix,coord_grid,6,2549,63750,32.0,25,0.4953204166666667,3.3046496311823526,16.47221092383067,231.84344540000166
gnn_rep__N8__line__seed6,gnn_qmix,coord_grid,6,2550,63775,35.0,25,0.4951225,2.9825984239578247,10.218212525049845,231.9143135000013
gnn_rep__N8__line__seed6,gnn_qmix,coord_grid,6,2551,63800,34.0,25,0.49492458333333333,2.878972460826238,9.426342487335205,232.00436900000204
gnn_rep__N8__line__seed6,gnn_qmix,coord_grid,6,2552,63825,35.0,25,0.49472666666666665,3.536673511777605,11.641058819634575,232.0766141999993
gnn_rep__N8__line__seed6,gnn_qmix,coord_grid,6,2553,63850,34.0,25,0.4945287500000001,1.532973309357961,9.456016222635904,232.2018171000018
gnn_rep__N8__line__seed6,gnn_qmix,coord_grid,6,2554,63875,20.0,25,0.4943308333333334,3.1025070945421853,11.301542401313782,232.27292650000163
gnn_rep__N8__line__seed6,gnn_qmix,coord_grid,6,2555,63900,15.0,25,0.4941329166666667,2.1287587384382882,15.151776631673178,232.3404061000001
gnn_rep__N8__line__seed6,gnn_qmix,coord_grid,6,2556,63925,44.0,25,0.4939350000000001,3.869477237973894,14.972720895494733,232.43156979999912
gnn_rep__N8__line__seed6,gnn_qmix,coord_grid,6,2557,63950,34.0,25,0.4937370833333333,3.192394038041433,14.789510011672974,232.5367695999994
gnn_rep__N8__line__seed6,gnn_qmix,coord_grid,6,2558,63975,27.0,25,0.49353916666666664,2.366419533888499,9.57435941696167,232.60134760000074
gnn_rep__N8__line__seed6,gnn_qmix,coord_grid,6,2559,64000,28.0,25,0.49334124999999995,3.224539667367935,12.375871658325195,232.66892110000117
gnn_rep__N8__line__seed6,gnn_qmix,coord_grid,6,2560,64025,36.0,25,0.4931433333333334,2.806146038430078,15.80487220627921,232.751132100002
gnn_rep__N8__line__seed6,gnn_qmix,coord_grid,6,2561,64050,31.0,25,0.4929454166666667,1.5555457770824432,13.541621406873068,232.8141781000013
gnn_rep__N8__line__seed6,gnn_qmix,coord_grid,6,2562,64075,30.0,25,0.4927475,2.335527936617533,12.755861202875773,232.88763689999905
gnn_rep__N8__line__seed6,gnn_qmix,coord_grid,6,2563,64100,32.0,25,0.49254958333333343,1.5080582896868389,17.62601399421692,233.00834490000125
gnn_rep__N8__line__seed6,gnn_qmix,coord_grid,6,2564,64125,23.0,25,0.49235166666666674,2.3698102746691023,19.131637164524623,233.106556499999
gnn_rep__N8__line__seed6,gnn_qmix,coord_grid,6,2565,64150,41.0,25,0.49215375000000006,1.8233459045489628,15.646594127019247,233.18984660000206
gnn_rep__N8__line__seed6,gnn_qmix,coord_grid,6,2566,64175,30.0,25,0.49195583333333326,2.7573613226413727,19.482961495717365,233.26026270000148
gnn_rep__N8__line__seed6,gnn_qmix,coord_grid,6,2567,64200,23.0,25,0.4917579166666667,3.277141491572062,22.057027578353882,233.3495096000006
gnn_rep__N8__line__seed6,gnn_qmix,coord_grid,6,2568,64225,36.0,25,0.49156,3.455469846725464,51.54416683741978,233.4133608000011
gnn_rep__N8__line__seed6,gnn_qmix,coord_grid,6,2569,64250,36.0,25,0.4913620833333333,3.6598641872406006,28.48528567949931,233.52293389999977
gnn_rep__N8__line__seed6,gnn_qmix,coord_grid,6,2570,64275,39.0,25,0.49116416666666673,3.3601506849129996,20.35027011235555,233.61050619999878
gnn_rep__N8__line__seed6,gnn_qmix,coord_grid,6,2571,64300,45.0,25,0.49096625000000005,2.3919930358727775,13.855066458384195,233.6895070999999
gnn_rep__N8__line__seed6,gnn_qmix,coord_grid,6,2572,64325,47.0,25,0.49076833333333336,2.8907941707542966,11.21670913696289,233.7990761000001
gnn_rep__N8__line__seed6,gnn_qmix,coord_grid,6,2573,64350,41.0,25,0.4905704166666668,3.8922334710756936,12.616031408309937,233.89608600000065
gnn_rep__N8__line__seed6,gnn_qmix,coord_grid,6,2574,64375,26.0,25,0.4903725,3.8553070724010468,11.336878776550293,233.967470399999
gnn_rep__N8__line__seed6,gnn_qmix,coord_grid,6,2575,64400,36.0,25,0.4901745833333333,2.7008864730596542,14.203068733215332,234.05390830000033
gnn_rep__N8__line__seed6,gnn_qmix,coord_grid,6,2576,64425,24.0,25,0.4899766666666666,2.930913048131125,7.85479211807251,234.14418440000009
gnn_rep__N8__line__seed6,gnn_qmix,coord_grid,6,2577,64450,23.0,25,0.48977875000000004,2.1734381218751273,12.722994486490885,234.2752475999987
gnn_rep__N8__line__seed6,gnn_qmix,coord_grid,6,2578,64475,25.0,25,0.48958083333333335,2.7966723144054413,15.22890075047811,234.37226029999874
gnn_rep__N8__line__seed6,gnn_qmix,coord_grid,6,2579,64500,26.0,25,0.48938291666666667,2.7216389377911887,13.858707348505655,234.44363570000132
gnn_rep__N8__line__seed6,gnn_qmix,coord_grid,6,2580,64525,28.0,25,0.4891850000000001,4.231315238135202,19.680904252188547,234.58645329999854
gnn_rep__N8__line__seed6,gnn_qmix,coord_grid,6,2581,64550,33.0,25,0.4889870833333334,2.7418150703112283,16.086497902870178,234.67037360000177
gnn_rep__N8__line__seed6,gnn_qmix,coord_grid,6,2582,64575,32.0,25,0.4887891666666667,2.5631034125884375,18.358444929122925,234.75953769999978
gnn_rep__N8__line__seed6,gnn_qmix,coord_grid,6,2583,64600,24.0,25,0.4885912499999999,2.749172786871592,11.095202207565308,234.80952180000168
gnn_rep__N8__line__seed6,gnn_qmix,coord_grid,6,2584,64625,41.0,25,0.48839333333333335,3.2026594281196594,13.200870990753174,234.9163378000012
gnn_rep__N8__line__seed6,gnn_qmix,coord_grid,6,2585,64650,26.0,25,0.48819541666666666,3.342473750313123,17.02826722462972,235.01198840000143
gnn_rep__N8__line__seed6,gnn_qmix,coord_grid,6,2586,64675,25.0,25,0.4879975,1.9361238876978557,11.947651227315268,235.12252079999962
gnn_rep__N8__line__seed6,gnn_qmix,coord_grid,6,2587,64700,28.0,25,0.4877995833333334,2.439910724759102,11.745720545450846,235.25019370000155
gnn_rep__N8__line__seed6,gnn_qmix,coord_grid,6,2588,64725,30.0,25,0.4876016666666667,2.4085648570741927,10.407360621861049,235.3308395999993
gnn_rep__N8__line__seed6,gnn_qmix,coord_grid,6,2589,64750,37.0,25,0.48740375,2.78203018506368,14.534065326054892,235.4019685000021
gnn_rep__N8__line__seed6,gnn_qmix,coord_grid,6,2590,64775,26.0,25,0.48720583333333345,1.5969046453634899,9.717550039291382,235.46857259999888
gnn_rep__N8__line__seed6,gnn_qmix,coord_grid,6,2591,64800,29.0,25,0.48700791666666676,3.043387840191523,11.067721525828043,235.54307650000192
gnn_rep__N8__line__seed6,gnn_qmix,coord_grid,6,2592,64825,33.0,25,0.48680999999999996,2.966634443828038,12.677808557237897,235.6827426000018
gnn_rep__N8__line__seed6,gnn_qmix,coord_grid,6,2593,64850,29.0,25,0.4866120833333333,1.6397021015485127,15.351362387339273,235.76204309999957
gnn_rep__N8__line__seed6,gnn_qmix,coord_grid,6,2594,64875,29.0,25,0.4864141666666667,2.6847243855396905,17.448452313741047,235.82773639999868
gnn_rep__N8__line__seed6,gnn_qmix,coord_grid,6,2595,64900,25.0,25,0.48621625,2.456674953301748,18.81001305580139,235.90384650000124
gnn_rep__N8__line__seed6,gnn_qmix,coord_grid,6,2596,64925,32.0,25,0.48601833333333333,3.008078294140952,20.722251892089844,236.02880709999954
gnn_rep__N8__line__seed6,gnn_qmix,coord_grid,6,2597,64950,30.0,25,0.48582041666666675,3.346389204263687,7.2680249611536665,236.17726910000056
gnn_rep__N8__line__seed6,gnn_qmix,coord_grid,6,2598,64975,30.0,25,0.48562250000000007,3.3204280535380044,16.34903808434804,236.23409790000005
gnn_rep__N8__line__seed6,gnn_qmix,coord_grid,6,2599,65000,29.0,25,0.4854245833333334,3.624004145463308,12.685006936391195,236.30118159999984
gnn_rep__N8__line__seed6,gnn_qmix,coord_grid,6,2600,65025,27.0,25,0.4852266666666667,3.333426203046526,40.224267278398784,236.36396679999962
gnn_rep__N8__line__seed6,gnn_qmix,coord_grid,6,2601,65050,47.0,25,0.48502875,2.5924211939175925,36.39938513437907,236.45250429999942
gnn_rep__N8__line__seed6,gnn_qmix,coord_grid,6,2602,65075,22.0,25,0.4848308333333333,2.2020320494969687,16.945424636205036,236.52679379999972
gnn_rep__N8__line__seed6,gnn_qmix,coord_grid,6,2603,65100,44.0,25,0.48463291666666664,3.142084762454033,17.618093093236286,236.60293530000126
gnn_rep__N8__line__seed6,gnn_qmix,coord_grid,6,2604,65125,41.0,25,0.48443500000000006,2.9268381553036824,23.8179772240775,236.66630280000027
gnn_rep__N8__line__seed6,gnn_qmix,coord_grid,6,2605,65150,46.0,25,0.4842370833333334,1.899120147029559,22.367784818013508,236.74221450000186
gnn_rep__N8__line__seed6,gnn_qmix,coord_grid,6,2606,65175,34.0,25,0.4840391666666667,4.059758027394612,27.66611671447754,236.7965175999998
gnn_rep__N8__line__seed6,gnn_qmix,coord_grid,6,2607,65200,37.0,25,0.4838412500000001,3.6538804372151694,10.37341078122457,236.9165624999987
gnn_rep__N8__line__seed6,gnn_qmix,coord_grid,6,2608,65225,27.0,25,0.4836433333333334,2.9807138528142656,9.277338641030449,237.00548039999921
gnn_rep__N8__line__seed6,gnn_qmix,coord_grid,6,2609,65250,28.0,25,0.4834454166666666,3.6245159059762955,9.589338382085165,237.13524379999944
gnn_rep__N8__line__seed6,gnn_qmix,coord_grid,6,2610,65275,35.0,25,0.48324749999999994,2.427480990688006,16.736138423283894,237.22689629999877
gnn_rep__N8__line__seed6,gnn_qmix,coord_grid,6,2611,65300,38.0,25,0.48304958333333337,3.611035833756129,11.226248105367025,237.31410569999935
gnn_rep__N8__line__seed6,gnn_qmix,coord_grid,6,2612,65325,41.0,25,0.4828516666666667,2.8835445323160718,13.585881267275129,237.39464399999997
gnn_rep__N8__line__seed6,gnn_qmix,coord_grid,6,2613,65350,35.0,25,0.48265375,2.7486920754114785,16.425480047861736,237.50184960000115
gnn_rep__N8__line__seed6,gnn_qmix,coord_grid,6,2614,65375,37.0,25,0.4824558333333334,2.8376229107379913,13.294207413991293,237.57586879999872
gnn_rep__N8__line__seed6,gnn_qmix,coord_grid,6,2615,65400,27.0,25,0.48225791666666673,2.8038925925890603,10.12494158744812,237.70815570000195
gnn_rep__N8__line__seed6,gnn_qmix,coord_grid,6,2616,65425,32.0,25,0.48206000000000004,2.192876913717815,10.648691041128975,237.80067210000198
gnn_rep__N8__line__seed6,gnn_qmix,coord_grid,6,2617,65450,19.0,25,0.48186208333333336,3.6434877614180246,12.315805355707804,237.8764099
gnn_rep__N8__line__seed6,gnn_qmix,coord_grid,6,2618,65475,38.0,25,0.48166416666666667,2.4753190080324807,7.245270172754924,237.94298980000167
gnn_rep__N8__line__seed6,gnn_qmix,coord_grid,6,2619,65500,20.0,25,0.48146625,2.2315927147865295,10.174771865208944,238.00247579999996
gnn_rep__N8__line__seed6,gnn_qmix,coord_grid,6,2620,65525,33.0,25,0.4812683333333333,1.153480018888201,10.588376998901367,238.0969025000013
gnn_rep__N8__line__seed6,gnn_qmix,coord_grid,6,2621,65550,35.0,25,0.4810704166666667,2.5248681207497916,15.73860247929891,238.18485520000104
gnn_rep__N8__line__seed6,gnn_qmix,coord_grid,6,2622,65575,29.0,25,0.48087250000000004,4.794655243555705,15.775813738505045,238.25340069999947
gnn_rep__N8__line__seed6,gnn_qmix,coord_grid,6,2623,65600,30.0,25,0.48067458333333335,3.3705245653788247,11.976740598678589,238.317934900002
gnn_rep__N8__line__seed6,gnn_qmix,coord_grid,6,2624,65625,34.0,25,0.4804766666666668,2.929920128413609,10.955870492117745,238.40597759999946
gnn_rep__N8__line__seed6,gnn_qmix,coord_grid,6,2625,65650,41.0,25,0.4802787500000001,3.8942698538303375,8.189340591430664,238.48505400000067
gnn_rep__N8__line__seed6,gnn_qmix,coord_grid,6,2626,65675,34.0,25,0.4800808333333334,2.542842070261637,8.398935874303183,238.54124539999975
gnn_rep__N8__line__seed6,gnn_qmix,coord_grid,6,2627,65700,41.0,25,0.4798829166666666,2.815832624832789,13.176751136779785,238.64045909999913
gnn_rep__N8__line__seed6,gnn_qmix,coord_grid,6,2628,65725,23.0,25,0.47968500000000003,3.2245552965572903,12.11201776776995,238.71799330000067
gnn_rep__N8__line__seed6,gnn_qmix,coord_grid,6,2629,65750,26.0,25,0.47948708333333334,2.768186832467715,7.811792850494385,238.84409719999894
gnn_rep__N8__line__seed6,gnn_qmix,coord_grid,6,2630,65775,29.0,25,0.47928916666666666,1.9465142488479614,10.613583962122599,238.9186004000003
gnn_rep__N8__line__seed6,gnn_qmix,coord_grid,6,2631,65800,29.0,25,0.4790912500000001,1.5547862698634465,10.792387048403421,239.03002570000172
gnn_rep__N8__line__seed6,gnn_qmix,coord_grid,6,2632,65825,27.0,25,0.4788933333333334,3.7365474360329762,48.12043966565813,239.1434479999989
gnn_rep__N8__line__seed6,gnn_qmix,coord_grid,6,2633,65850,29.0,25,0.4786954166666667,3.0733012656370797,17.39795160293579,239.25548870000057
gnn_rep__N8__line__seed6,gnn_qmix,coord_grid,6,2634,65875,18.0,25,0.4784975,1.964448129137357,7.012431542078654,239.32670209999924
gnn_rep__N8__line__seed6,gnn_qmix,coord_grid,6,2635,65900,27.0,25,0.47829958333333333,2.8021010955174765,7.713314374287923,239.40534560000015
gnn_rep__N8__line__seed6,gnn_qmix,coord_grid,6,2636,65925,37.0,25,0.47810166666666665,1.6961757455553328,10.582864080156599,239.48631139999998
gnn_rep__N8__line__seed6,gnn_qmix,coord_grid,6,2637,65950,36.0,25,0.47790374999999996,3.4645751317342124,11.114806572596232,239.56801949999863
gnn_rep__N8__line__seed6,gnn_qmix,coord_grid,6,2638,65975,40.0,25,0.4777058333333334,2.805594784518083,14.182342370351156,239.62718849999874
gnn_rep__N8__line__seed6,gnn_qmix,coord_grid,6,2639,66000,25.0,25,0.4775079166666667,2.505110442638397,12.82076899210612,239.72694599999886
gnn_rep__N8__line__seed6,gnn_qmix,coord_grid,6,2640,66025,34.0,25,0.47731,3.8994338597570146,13.244787761143275,239.86341860000175
gnn_rep__N8__line__seed6,gnn_qmix,coord_grid,6,2641,66050,22.0,25,0.4771120833333333,2.8552682350079217,13.931910514831543,239.94998829999895
gnn_rep__N8__line__seed6,gnn_qmix,coord_grid,6,2642,66075,41.0,25,0.47691416666666675,3.512428065141042,15.272408644358316,240.0172358000018
gnn_rep__N8__line__seed6,gnn_qmix,coord_grid,6,2643,66100,36.0,25,0.47671625000000006,3.3729992359876633,13.036791483561197,240.10981019999963
gnn_rep__N8__line__seed6,gnn_qmix,coord_grid,6,2644,66125,38.0,25,0.47651833333333327,1.9990463852882385,6.8872250488826205,240.17730609999853
gnn_rep__N8__line__seed6,gnn_qmix,coord_grid,6,2645,66150,27.0,25,0.4763204166666667,3.156595006585121,18.402816772460938,240.24745579999944
gnn_rep__N8__line__seed6,gnn_qmix,coord_grid,6,2646,66175,25.0,25,0.4761225,3.4892267187436423,7.457433859507243,240.31907059999867
gnn_rep__N8__line__seed6,gnn_qmix,coord_grid,6,2647,66200,26.0,25,0.4759245833333333,1.3004484723011653,8.529260158538818,240.39924729999984
gnn_rep__N8__line__seed6,gnn_qmix,coord_grid,6,2648,66225,18.0,25,0.47572666666666674,1.2998848259449005,14.327394247055054,240.49223300000085
gnn_rep__N8__line__seed6,gnn_qmix,coord_grid,6,2649,66250,34.0,25,0.47552875000000006,2.590475713213285,19.71366302172343,240.62388519999877
gnn_rep__N8__line__seed6,gnn_qmix,coord_grid,6,2650,66275,19.0,25,0.47533083333333337,3.551177422205607,10.258853276570639,240.6927868999992
gnn_rep__N8__line__seed6,gnn_qmix,coord_grid,6,2651,66300,37.0,25,0.4751329166666667,3.504893402258555,9.786010265350342,240.79118319999907
gnn_rep__N8__line__seed6,gnn_qmix,coord_grid,6,2652,66325,49.0,25,0.4749350000000001,1.730811016900199,10.958927529198784,240.85894579999876
gnn_rep__N8__line__seed6,gnn_qmix,coord_grid,6,2653,66350,41.0,25,0.4747370833333333,2.251066734393438,8.631583054860434,241.01006110000162
gnn_rep__N8__line__seed6,gnn_qmix,coord_grid,6,2654,66375,33.0,25,0.4745391666666666,4.589521169662476,7.681401093800862,241.09385779999866
gnn_rep__N8__line__seed6,gnn_qmix,coord_grid,6,2655,66400,40.0,25,0.47434125000000005,2.274866650501887,13.336531003316244,241.1670226999995
gnn_rep__N8__line__seed6,gnn_qmix,coord_grid,6,2656,66425,33.0,25,0.47414333333333336,2.5016144514083862,7.104784250259399,241.25982370000202
gnn_rep__N8__line__seed6,gnn_qmix,coord_grid,6,2657,66450,25.0,25,0.4739454166666667,1.4273093988498051,17.63987382253011,241.33508230000007
gnn_rep__N8__line__seed6,gnn_qmix,coord_grid,6,2658,66475,43.0,25,0.4737475,1.0842455724875133,16.057920853296917,241.41452109999955
gnn_rep__N8__line__seed6,gnn_qmix,coord_grid,6,2659,66500,36.0,25,0.4735495833333334,1.6860733528931935,10.224789063135782,241.477880800001
gnn_rep__N8__line__seed6,gnn_qmix,coord_grid,6,2660,66525,40.0,25,0.4733516666666667,2.7826734610966275,9.512975011553083,241.57894880000094
gnn_rep__N8__line__seed6,gnn_qmix,coord_grid,6,2661,66550,30.0,25,0.47315375000000004,2.2234628846247992,15.259227832158407,241.678237600001
gnn_rep__N8__line__seed6,gnn_qmix,coord_grid,6,2662,66575,25.0,25,0.47295583333333335,4.974522868792216,18.0721271832784,241.7649005000021
gnn_rep__N8__line__seed6,gnn_qmix,coord_grid,6,2663,66600,31.0,25,0.47275791666666667,1.110860715309779,28.677671273549397,241.82762110000112
gnn_rep__N8__line__seed6,gnn_qmix,coord_grid,6,2664,66625,45.0,25,0.47256,3.6880500401769365,36.752185004098074,241.9174673000016
gnn_rep__N8__line__seed6,gnn_qmix,coord_grid,6,2665,66650,30.0,25,0.4723620833333334,3.9246113200982413,36.30423672993978,242.04973260000043
gnn_rep__N8__line__seed6,gnn_qmix,coord_grid,6,2666,66675,25.0,25,0.4721641666666667,2.1870499551296234,18.399383107821148,242.14944130000003
gnn_rep__N8__line__seed6,gnn_qmix,coord_grid,6,2667,66700,20.0,25,0.47196625000000003,2.711564381917318,15.84475334485372,242.22135600000183
gnn_rep__N8__line__seed6,gnn_qmix,coord_grid,6,2668,66725,32.0,25,0.47176833333333335,3.9758186425481523,10.607098988124303,242.3018004000005
gnn_rep__N8__line__seed6,gnn_qmix,coord_grid,6,2669,66750,21.0,25,0.47157041666666677,3.270288566748301,8.948265552520752,242.36786690000008
gnn_rep__N8__line__seed6,gnn_qmix,coord_grid,6,2670,66775,43.0,25,0.47137249999999997,2.603743021686872,11.160005251566568,242.42706199999884
gnn_rep__N8__line__seed6,gnn_qmix,coord_grid,6,2671,66800,30.0,25,0.4711745833333333,1.660846968491872,11.100207249323526,242.50993899999958
gnn_rep__N8__line__seed6,gnn_qmix,coord_grid,6,2672,66825,30.0,25,0.4709766666666667,1.2915593939168113,10.994675091334752,242.5801508000004
gnn_rep__N8__line__seed6,gnn_qmix,coord_grid,6,2673,66850,30.0,25,0.47077875,1.705464482307434,8.328775922457377,242.66823320000185
gnn_rep__N8__line__seed6,gnn_qmix,coord_grid,6,2674,66875,38.0,25,0.47058083333333334,4.478535175323486,10.001587390899658,242.75868270000137
gnn_rep__N8__line__seed6,gnn_qmix,coord_grid,6,2675,66900,22.0,25,0.47038291666666665,4.0152897735436754,15.297962665557861,242.83383089999916
gnn_rep__N8__line__seed6,gnn_qmix,coord_grid,6,2676,66925,26.0,25,0.4701850000000001,2.9113842717238834,13.30943066733224,242.98811790000036
gnn_rep__N8__line__seed6,gnn_qmix,coord_grid,6,2677,66950,36.0,25,0.4699870833333334,1.831845353047053,21.096174637476604,243.06040570000187
gnn_rep__N8__line__seed6,gnn_qmix,coord_grid,6,2678,66975,30.0,25,0.4697891666666667,2.717932403087616,23.201398928960163,243.16830069999924
gnn_rep__N8__line__seed6,gnn_qmix,coord_grid,6,2679,67000,30.0,25,0.46959125,1.688134993116061,20.141889254252117,243.22315430000162
gnn_rep__N8__line__seed6,gnn_qmix,coord_grid,6,2680,67025,23.0,25,0.46939333333333333,3.491167281355177,15.759787695748466,243.3282657000018
gnn_rep__N8__line__seed6,gnn_qmix,coord_grid,6,2681,67050,24.0,25,0.46919541666666664,2.0282350927591324,8.15613842010498,243.41003379999893
gnn_rep__N8__line__seed6,gnn_qmix,coord_grid,6,2682,67075,27.0,25,0.46899750000000007,3.948887377977371,10.085097710291544,243.4585791999998
gnn_rep__N8__line__seed6,gnn_qmix,coord_grid,6,2683,67100,46.0,25,0.4687995833333334,4.558985928694407,15.080642938613892,243.52860090000104
gnn_rep__N8__line__seed6,gnn_qmix,coord_grid,6,2684,67125,31.0,25,0.4686016666666667,1.8798989994185311,12.168688774108887,243.64221929999985
gnn_rep__N8__line__seed6,gnn_qmix,coord_grid,6,2685,67150,32.0,25,0.46840375,3.3083642621835074,12.964170138041178,243.73010720000093
gnn_rep__N8__line__seed6,gnn_qmix,coord_grid,6,2686,67175,39.0,25,0.46820583333333343,2.39201228817304,16.052990118662517,243.78860550000172
gnn_rep__N8__line__seed6,gnn_qmix,coord_grid,6,2687,67200,28.0,25,0.46800791666666675,3.0600592643022537,21.357236862182617,243.87785639999856
gnn_rep__N8__line__seed6,gnn_qmix,coord_grid,6,2688,67225,17.0,25,0.46780999999999995,3.5383216738700867,24.493745395115443,243.9966405999985
gnn_rep__N8__line__seed6,gnn_qmix,coord_grid,6,2689,67250,45.0,25,0.4676120833333334,2.092589239279429,14.263189474741617,244.06772660000206
gnn_rep__N8__line__seed6,gnn_qmix,coord_grid,6,2690,67275,29.0,25,0.4674141666666667,2.313228423396746,14.339218457539877,244.12682530000166
gnn_rep__N8__line__seed6,gnn_qmix,coord_grid,6,2691,67300,39.0,25,0.46721625,2.632854094107946,17.571773608525593,244.2052650000005
gnn_rep__N8__line__seed6,gnn_qmix,coord_grid,6,2692,67325,29.0,25,0.4670183333333333,2.6216456975255693,12.739646366664342,244.29074830000172
gnn_rep__N8__line__seed6,gnn_qmix,coord_grid,6,2693,67350,18.0,25,0.46682041666666674,2.9793598453203836,11.467877785364786,244.36747710000054
gnn_rep__N8__line__seed6,gnn_qmix,coord_grid,6,2694,67375,34.0,25,0.46662250000000005,2.0567665696144104,23.012043476104736,244.42685699999856
gnn_rep__N8__line__seed6,gnn_qmix,coord_grid,6,2695,67400,29.0,25,0.46642458333333336,3.870088259379069,11.37436548868815,244.4953029999997
gnn_rep__N8__line__seed6,gnn_qmix,coord_grid,6,2696,67425,29.0,25,0.4662266666666667,4.557703903743199,44.457155636378694,244.58456260000094
gnn_rep__N8__line__seed6,gnn_qmix,coord_grid,6,2697,67450,22.0,25,0.46602875,3.0750068624814353,38.1046998500824,244.67372700000124
gnn_rep__N8__line__seed6,gnn_qmix,coord_grid,6,2698,67475,22.0,25,0.4658308333333333,4.787158131599426,27.151681979497273,244.73811579999892
gnn_rep__N8__line__seed6,gnn_qmix,coord_grid,6,2699,67500,27.0,25,0.46563291666666673,2.7469982355833054,20.94325526555379,244.81872229999863
gnn_rep__N8__line__seed6,gnn_qmix,coord_grid,6,2700,67525,28.0,25,0.46543500000000004,4.942635187080929,12.97984858921596,244.89648709999892
gnn_rep__N8__line__seed6,gnn_qmix,coord_grid,6,2701,67550,28.0,25,0.46523708333333336,3.492363135019938,22.320546468098957,244.9731799000001
gnn_rep__N8__line__seed6,gnn_qmix,coord_grid,6,2702,67575,23.0,25,0.46503916666666667,2.2264129668474197,19.149146517117817,245.03825589999906
gnn_rep__N8__line__seed6,gnn_qmix,coord_grid,6,2703,67600,25.0,25,0.4648412500000001,1.1879486938317616,22.72844886779785,245.11898740000106
gnn_rep__N8__line__seed6,gnn_qmix,coord_grid,6,2704,67625,28.0,25,0.4646433333333334,3.0510557123592923,9.802049160003662,245.1756948000002
gnn_rep__N8__line__seed6,gnn_qmix,coord_grid,6,2705,67650,34.0,25,0.4644454166666666,2.431275953849157,12.57623283068339,245.26018380000096
gnn_rep__N8__line__seed6,gnn_qmix,coord_grid,6,2706,67675,40.0,25,0.46424750000000004,4.120160082976024,12.726694266001383,245.31806009999855
gnn_rep__N8__line__seed6,gnn_qmix,coord_grid,6,2707,67700,33.0,25,0.46404958333333335,2.5722640057404837,21.22583508491516,245.41560300000128
gnn_rep__N8__line__seed6,gnn_qmix,coord_grid,6,2708,67725,38.0,25,0.46385166666666666,1.7108304585729326,15.885794128690447,245.50669500000004
gnn_rep__N8__line__seed6,gnn_qmix,coord_grid,6,2709,67750,23.0,25,0.46365375,3.4581934213638306,13.01676861445109,245.59416580000106
gnn_rep__N8__line__seed6,gnn_qmix,coord_grid,6,2710,67775,29.0,25,0.4634558333333334,3.93197770913442,9.35006602605184,245.65097320000132
gnn_rep__N8__line__seed6,gnn_qmix,coord_grid,6,2711,67800,47.0,25,0.4632579166666667,2.862349728743235,20.41857035954793,245.70747610000035
gnn_rep__N8__line__seed6,gnn_qmix,coord_grid,6,2712,67825,39.0,25,0.46306,2.5101038260119304,24.57321752820696,245.78797140000097
gnn_rep__N8__line__seed6,gnn_qmix,coord_grid,6,2713,67850,32.0,25,0.46286208333333345,1.8770921727021534,15.720839341481527,245.8876268999993
gnn_rep__N8__line__seed6,gnn_qmix,coord_grid,6,2714,67875,34.0,25,0.46266416666666665,4.1771174768606825,21.962594906489056,245.98105959999884
gnn_rep__N8__line__seed6,gnn_qmix,coord_grid,6,2715,67900,34.0,25,0.46246624999999997,3.52840984861056,20.941304524739582,246.08491779999895
gnn_rep__N8__line__seed6,gnn_qmix,coord_grid,6,2716,67925,40.0,25,0.4622683333333333,2.8000000970704213,16.21932976586478,246.15771010000026
gnn_rep__N8__line__seed6,gnn_qmix,coord_grid,6,2717,67950,35.0,25,0.4620704166666667,2.2193404088417688,15.4056715965271,246.2721511000018
gnn_rep__N8__line__seed6,gnn_qmix,coord_grid,6,2718,67975,29.0,25,0.4618725,2.502836803595225,14.560641924540201,246.36727130000145
gnn_rep__N8__line__seed6,gnn_qmix,coord_grid,6,2719,68000,25.0,25,0.46167458333333333,3.433136065800985,13.834694623947144,246.4217243000021
gnn_rep__N8__line__seed6,gnn_qmix,coord_grid,6,2720,68025,30.0,25,0.46147666666666676,2.5210500614983693,16.645778111049108,246.52173309999853
gnn_rep__N8__line__seed6,gnn_qmix,coord_grid,6,2721,68050,20.0,25,0.46127875000000007,1.891690601905187,8.028138240178427,246.61742360000062
gnn_rep__N8__line__seed6,gnn_qmix,coord_grid,6,2722,68075,29.0,25,0.4610808333333334,4.376941462357839,13.61042579015096,246.77843349999966
gnn_rep__N8__line__seed6,gnn_qmix,coord_grid,6,2723,68100,18.0,25,0.4608829166666667,3.414111246665319,11.584535598754883,246.87459920000038
gnn_rep__N8__line__seed6,gnn_qmix,coord_grid,6,2724,68125,26.0,25,0.460685,2.809280889374869,10.59845038822719,246.98157060000085
gnn_rep__N8__line__seed6,gnn_qmix,coord_grid,6,2725,68150,43.0,25,0.4604870833333333,3.033394585053126,12.564851681391398,247.0922473999999
gnn_rep__N8__line__seed6,gnn_qmix,coord_grid,6,2726,68175,40.0,25,0.46028916666666664,2.1460269490877786,15.029868841171265,247.17469150000034
gnn_rep__N8__line__seed6,gnn_qmix,coord_grid,6,2727,68200,30.0,25,0.46009125000000006,2.482363427678744,16.984330654144287,247.24325070000123
gnn_rep__N8__line__seed6,gnn_qmix,coord_grid,6,2728,68225,28.0,25,0.4598933333333334,5.5845046043396,58.449590410505024,247.32833400000163
gnn_rep__N8__line__seed6,gnn_qmix,coord_grid,6,2729,68250,39.0,25,0.4596954166666667,2.938916782538096,32.29601319630941,247.4093877000014
gnn_rep__N8__line__seed6,gnn_qmix,coord_grid,6,2730,68275,41.0,25,0.4594975000000001,2.969886064529419,27.5134433110555,247.4846948000013
gnn_rep__N8__line__seed6,gnn_qmix,coord_grid,6,2731,68300,29.0,25,0.4592995833333333,2.4961052934328714,42.33220338821411,247.6006567000004
gnn_rep__N8__line__seed6,gnn_qmix,coord_grid,6,2732,68325,44.0,25,0.45910166666666663,4.208783047539847,18.642547028405325,247.66340720000153
gnn_rep__N8__line__seed6,gnn_qmix,coord_grid,6,2733,68350,37.0,25,0.45890374999999994,3.1493194103240967,17.62282983462016,247.7487179000018
gnn_rep__N8__line__seed6,gnn_qmix,coord_grid,6,2734,68375,35.0,25,0.45870583333333337,2.271890809138616,27.055636644363403,247.80968479999865
gnn_rep__N8__line__seed6,gnn_qmix,coord_grid,6,2735,68400,31.0,25,0.4585079166666667,2.9177160561084747,19.0558975537618,247.88990750000085
gnn_rep__N8__line__seed6,gnn_qmix,coord_grid,6,2736,68425,31.0,25,0.45831,3.0171464596475874,18.937936578478133,247.96748809999917
gnn_rep__N8__line__seed6,gnn_qmix,coord_grid,6,2737,68450,42.0,25,0.4581120833333334,2.878633310397466,15.151382525761923,248.0585194999985
gnn_rep__N8__line__seed6,gnn_qmix,coord_grid,6,2738,68475,27.0,25,0.45791416666666673,3.1341511408487954,16.716748237609863,248.17406530000153
gnn_rep__N8__line__seed6,gnn_qmix,coord_grid,6,2739,68500,30.0,25,0.45771625000000005,2.640776743491491,21.57471815745036,248.30120389999865
gnn_rep__N8__line__seed6,gnn_qmix,coord_grid,6,2740,68525,42.0,25,0.45751833333333336,2.0339594398226057,24.366788864135742,248.38957609999852
gnn_rep__N8__line__seed6,gnn_qmix,coord_grid,6,2741,68550,35.0,25,0.4573204166666667,3.9615068833033242,20.69013786315918,248.46358999999939
gnn_rep__N8__line__seed6,gnn_qmix,coord_grid,6,2742,68575,31.0,25,0.4571225,1.911415845155716,16.33109935124715,248.533020400002
gnn_rep__N8__line__seed6,gnn_qmix,coord_grid,6,2743,68600,43.0,25,0.4569245833333333,2.498175104459127,14.670714219411215,248.61701209999956
gnn_rep__N8__line__seed6,gnn_qmix,coord_grid,6,2744,68625,40.0,25,0.4567266666666667,3.330728394644601,13.459291730608259,248.71797739999965
gnn_rep__N8__line__seed6,gnn_qmix,coord_grid,6,2745,68650,44.0,25,0.45652875000000004,1.8084031840165455,6.8832729657491045,248.83160080000016
gnn_rep__N8__line__seed6,gnn_qmix,coord_grid,6,2746,68675,27.0,25,0.45633083333333335,2.493974303205808,12.454332907994589,248.9208949999993
gnn_rep__N8__line__seed6,gnn_qmix,coord_grid,6,2747,68700,40.0,25,0.4561329166666668,2.209750990072886,12.63639728228251,249.0230131999997
gnn_rep__N8__line__seed6,gnn_qmix,coord_grid,6,2748,68725,43.0,25,0.4559350000000001,2.810689785650798,18.171503169195994,249.11273900000015
gnn_rep__N8__line__seed6,gnn_qmix,coord_grid,6,2749,68750,36.0,25,0.4557370833333333,3.1753419737021127,15.373768965403238,249.21282470000006
gnn_rep__N8__line__seed6,gnn_qmix,coord_grid,6,2750,68775,32.0,25,0.4555391666666666,3.231869339942932,18.51115934054057,249.28560460000153
gnn_rep__N8__line__seed6,gnn_qmix,coord_grid,6,2751,68800,37.0,25,0.45534125000000003,2.863813837369283,18.020065625508625,249.37298200000077
gnn_rep__N8__line__seed6,gnn_qmix,coord_grid,6,2752,68825,38.0,25,0.45514333333333334,3.120118183749063,20.794939313616073,249.46461550000095
gnn_rep__N8__line__seed6,gnn_qmix,coord_grid,6,2753,68850,30.0,25,0.45494541666666666,3.578944683074951,17.871360778808594,249.54266389999975
gnn_rep__N8__line__seed6,gnn_qmix,coord_grid,6,2754,68875,58.0,25,0.4547475000000001,3.8322520703077316,13.51719880104065,249.61030960000062
gnn_rep__N8__line__seed6,gnn_qmix,coord_grid,6,2755,68900,27.0,25,0.4545495833333334,4.204583923021953,18.802298069000244,249.70130889999928
gnn_rep__N8__line__seed6,gnn_qmix,coord_grid,6,2756,68925,37.0,25,0.4543516666666667,3.763558123792921,19.96481650216239,249.80128640000112
gnn_rep__N8__line__seed6,gnn_qmix,coord_grid,6,2757,68950,29.0,25,0.45415375,4.789487918217977,8.12005885442098,249.9010464999992
gnn_rep__N8__line__seed6,gnn_qmix,coord_grid,6,2758,68975,34.0,25,0.45395583333333334,1.276957889397939,6.222459077835083,249.97954789999858
gnn_rep__N8__line__seed6,gnn_qmix,coord_grid,6,2759,69000,41.0,25,0.45375791666666665,2.8601350486278534,17.082285086313885,250.06867290000082
gnn_rep__N8__line__seed6,gnn_qmix,coord_grid,6,2760,69025,26.0,25,0.45355999999999996,4.494695680482047,44.43172236851284,250.15890650000074
gnn_rep__N8__line__seed6,gnn_qmix,coord_grid,6,2761,69050,25.0,25,0.4533620833333334,3.8182152609030404,43.342847188313804,250.22465620000003
gnn_rep__N8__line__seed6,gnn_qmix,coord_grid,6,2762,69075,31.0,25,0.4531641666666667,3.6175586382548013,22.265135765075684,250.29623450000145
gnn_rep__N8__line__seed6,gnn_qmix,coord_grid,6,2763,69100,30.0,25,0.45296625,4.169231216112773,17.967638889948528,250.3795308000008
gnn_rep__N8__line__seed6,gnn_qmix,coord_grid,6,2764,69125,38.0,25,0.45276833333333344,3.411268868616649,14.209089483533587,250.47977270000047
gnn_rep__N8__line__seed6,gnn_qmix,coord_grid,6,2765,69150,28.0,25,0.45257041666666675,2.4518574674924216,15.487339496612549,250.5504261999995
gnn_rep__N8__line__seed6,gnn_qmix,coord_grid,6,2766,69175,29.0,25,0.45237249999999996,2.9106187423070273,10.840904792149862,250.66761119999865
gnn_rep__N8__line__seed6,gnn_qmix,coord_grid,6,2767,69200,31.0,25,0.45217458333333327,4.224108427762985,20.62958025932312,250.74551350000183
gnn_rep__N8__line__seed6,gnn_qmix,coord_grid,6,2768,69225,30.0,25,0.4519766666666667,3.0957602092197964,16.008201599121094,250.8543510999989
gnn_rep__N8__line__seed6,gnn_qmix,coord_grid,6,2769,69250,38.0,25,0.45177875,1.8100215097268422,12.486573100090027,250.9370854000008
gnn_rep__N8__line__seed6,gnn_qmix,coord_grid,6,2770,69275,34.0,25,0.4515808333333333,2.2663453121980033,18.22914203008016,251.00634939999873
gnn_rep__N8__line__seed6,gnn_qmix,coord_grid,6,2771,69300,40.0,25,0.45138291666666674,3.5070515175660453,17.086663722991943,251.10732260000077
gnn_rep__N8__line__seed6,gnn_qmix,coord_grid,6,2772,69325,32.0,25,0.45118500000000006,2.7798592703683034,11.801427704947335,251.1861702999995
gnn_rep__N8__line__seed6,gnn_qmix,coord_grid,6,2773,69350,29.0,25,0.45098708333333337,4.603186736504237,13.416340748469034,251.25766479999947
gnn_rep__N8__line__seed6,gnn_qmix,coord_grid,6,2774,69375,31.0,25,0.4507891666666668,4.593516657749812,10.250837643941244,251.3244150999999
gnn_rep__N8__line__seed6,gnn_qmix,coord_grid,6,2775,69400,40.0,25,0.45059125,3.60038032134374,8.490291039148966,251.42698740000196
gnn_rep__N8__line__seed6,gnn_qmix,coord_grid,6,2776,69425,33.0,25,0.4503933333333333,2.4257570121969496,11.065056800842285,251.56828410000162
gnn_rep__N8__line__seed6,gnn_qmix,coord_grid,6,2777,69450,29.0,25,0.4501954166666666,1.905590405066808,9.213205774625143,251.6675376000021
gnn_rep__N8__line__seed6,gnn_qmix,coord_grid,6,2778,69475,34.0,25,0.44999750000000005,2.9405388037363687,23.456090052922566,251.71771309999895
gnn_rep__N8__line__seed6,gnn_qmix,coord_grid,6,2779,69500,27.0,25,0.44979958333333336,2.832716315984726,9.426474571228027,251.8010878999994
gnn_rep__N8__line__seed6,gnn_qmix,coord_grid,6,2780,69525,34.0,25,0.4496016666666667,2.5129371328013286,8.16416413443429,251.8825066999998
gnn_rep__N8__line__seed6,gnn_qmix,coord_grid,6,2781,69550,40.0,25,0.4494037500000001,3.4913085401058197,8.194947560628256,251.942977900002
gnn_rep__N8__line__seed6,gnn_qmix,coord_grid,6,2782,69575,34.0,25,0.4492058333333334,3.5185543447732925,19.165717840194702,252.01855689999866
gnn_rep__N8__line__seed6,gnn_qmix,coord_grid,6,2783,69600,42.0,25,0.44900791666666673,1.8870108524958293,25.552972475687664,252.12248040000122
gnn_rep__N8__line__seed6,gnn_qmix,coord_grid,6,2784,69625,32.0,25,0.44880999999999993,2.8165684086935863,18.792060034615652,252.21305969999958
gnn_rep__N8__line__seed6,gnn_qmix,coord_grid,6,2785,69650,33.0,25,0.44861208333333336,0.9671501020590464,25.311631361643474,252.3642144000005
gnn_rep__N8__line__seed6,gnn_qmix,coord_grid,6,2786,69675,39.0,25,0.44841416666666667,3.954192876815796,17.93866268793742,252.44215909999912
gnn_rep__N8__line__seed6,gnn_qmix,coord_grid,6,2787,69700,29.0,25,0.44821625,2.637229492266973,25.653854688008625,252.5008067000017
gnn_rep__N8__line__seed6,gnn_qmix,coord_grid,6,2788,69725,26.0,25,0.4480183333333334,4.600122732775552,22.212382452828543,252.65104160000192
gnn_rep__N8__line__seed6,gnn_qmix,coord_grid,6,2789,69750,39.0,25,0.4478204166666667,3.319590538740158,14.084807872772217,252.71861870000066
gnn_rep__N8__line__seed6,gnn_qmix,coord_grid,6,2790,69775,34.0,25,0.44762250000000003,2.546048626303673,16.828278223673504,252.80400960000043
gnn_rep__N8__line__seed6,gnn_qmix,coord_grid,6,2791,69800,37.0,25,0.44742458333333335,3.9050776958465576,13.34490156173706,252.90550209999856
gnn_rep__N8__line__seed6,gnn_qmix,coord_grid,6,2792,69825,32.0,25,0.44722666666666666,3.364952564239502,56.556208746773855,253.00320439999996
gnn_rep__N8__line__seed6,gnn_qmix,coord_grid,6,2793,69850,32.0,25,0.44702875,2.719712649782499,29.61885182062785,253.07359569999971
gnn_rep__N8__line__seed6,gnn_qmix,coord_grid,6,2794,69875,32.0,25,0.4468308333333333,3.7006705005963645,29.612036387125652,253.19203149999885
gnn_rep__N8__line__seed6,gnn_qmix,coord_grid,6,2795,69900,34.0,25,0.4466329166666667,2.7974069813887277,42.648746490478516,253.25490509999872
gnn_rep__N8__line__seed6,gnn_qmix,coord_grid,6,2796,69925,32.0,25,0.446435,2.3289108191217696,17.192517008100236,253.36068910000176
gnn_rep__N8__line__seed6,gnn_qmix,coord_grid,6,2797,69950,17.0,25,0.44623708333333334,2.184275289376577,16.623145659764607,253.46855900000082
gnn_rep__N8__line__seed6,gnn_qmix,coord_grid,6,2798,69975,29.0,25,0.44603916666666676,2.0240517059961953,29.970107555389404,253.54132789999858
gnn_rep__N8__line__seed6,gnn_qmix,coord_grid,6,2799,70000,42.0,25,0.4458412500000001,3.2924605309963226,13.690562884012857,253.61438949999865
gnn_rep__N8__line__seed6,gnn_qmix,coord_grid,6,2800,70025,24.0,25,0.4456433333333334,3.752831680434091,20.48935498510088,253.6950500999992
gnn_rep__N8__line__seed6,gnn_qmix,coord_grid,6,2801,70050,32.0,25,0.4454454166666666,3.333622326453527,18.829715649286907,253.78015049999885
gnn_rep__N8__line__seed6,gnn_qmix,coord_grid,6,2802,70075,31.0,25,0.4452475,2.721406767765681,17.460639198621113,253.83388109999942
gnn_rep__N8__line__seed6,gnn_qmix,coord_grid,6,2803,70100,42.0,25,0.44504958333333333,2.6195719639460244,15.909265120824179,253.90486640000017
gnn_rep__N8__line__seed6,gnn_qmix,coord_grid,6,2804,70125,43.0,25,0.44485166666666665,4.594484993389675,16.815574509756907,253.97147659999973
gnn_rep__N8__line__seed6,gnn_qmix,coord_grid,6,2805,70150,43.0,25,0.44465375000000007,5.347774783770244,13.1665780544281,254.03151119999893
gnn_rep__N8__line__seed6,gnn_qmix,coord_grid,6,2806,70175,51.0,25,0.4444558333333334,2.4796976695458093,9.743781884511312,254.13807309999902
gnn_rep__N8__line__seed6,gnn_qmix,coord_grid,6,2807,70200,28.0,25,0.4442579166666667,2.385376254717509,26.406349817911785,254.21731400000135
gnn_rep__N8__line__seed6,gnn_qmix,coord_grid,6,2808,70225,17.0,25,0.44406,4.412276302065168,20.711395399911062,254.29008090000207
gnn_rep__N8__line__seed6,gnn_qmix,coord_grid,6,2809,70250,35.0,25,0.44386208333333343,3.3271696964899697,20.861987113952637,254.407339100002
gnn_rep__N8__line__seed6,gnn_qmix,coord_grid,6,2810,70275,24.0,25,0.44366416666666664,3.2631042102972665,10.511649211247763,254.48022599999967
gnn_rep__N8__line__seed6,gnn_qmix,coord_grid,6,2811,70300,31.0,25,0.44346624999999995,3.699760526418686,24.430550575256348,254.58070120000048
gnn_rep__N8__line__seed6,gnn_qmix,coord_grid,6,2812,70325,32.0,25,0.4432683333333334,3.8356980000223433,24.825129985809326,254.67844749999858
gnn_rep__N8__line__seed6,gnn_qmix,coord_grid,6,2813,70350,52.0,25,0.4430704166666667,4.36914736032486,23.815720081329346,254.7880824999993
gnn_rep__N8__line__seed6,gnn_qmix,coord_grid,6,2814,70375,39.0,25,0.4428725,2.5881329029798508,9.993659416834513,254.89003890000095
gnn_rep__N8__line__seed6,gnn_qmix,coord_grid,6,2815,70400,32.0,25,0.4426745833333334,3.9350132445494332,10.396506786346436,254.9880684000018
gnn_rep__N8__line__seed6,gnn_qmix,coord_grid,6,2816,70425,28.0,25,0.44247666666666674,3.452461506639208,24.940148762294225,255.04973099999916
gnn_rep__N8__line__seed6,gnn_qmix,coord_grid,6,2817,70450,46.0,25,0.44227875000000005,2.2324831585089364,12.460965275764465,255.1295534000019
gnn_rep__N8__line__seed6,gnn_qmix,coord_grid,6,2818,70475,24.0,25,0.44208083333333337,2.5701577564080558,16.381343483924866,255.1839233999999
gnn_rep__N8__line__seed6,gnn_qmix,coord_grid,6,2819,70500,43.0,25,0.4418829166666667,3.2861286401748657,13.82017731666565,255.2480652000013
gnn_rep__N8__line__seed6,gnn_qmix,coord_grid,6,2820,70525,56.0,25,0.441685,3.7486932703426907,10.136003562382289,255.3619902999999
gnn_rep__N8__line__seed6,gnn_qmix,coord_grid,6,2821,70550,29.0,25,0.4414870833333333,4.682107836008072,18.54095482826233,255.47271850000106
gnn_rep__N8__line__seed6,gnn_qmix,coord_grid,6,2822,70575,42.0,25,0.44128916666666673,2.565658171971639,8.864872296651205,255.57638560000123
gnn_rep__N8__line__seed6,gnn_qmix,coord_grid,6,2823,70600,31.0,25,0.44109125000000005,1.2380616168181102,15.986027797063192,255.6499932000006
gnn_rep__N8__line__seed6,gnn_qmix,coord_grid,6,2824,70625,29.0,25,0.44089333333333336,4.924519845417568,37.25578253609793,255.75354190000144
gnn_rep__N8__line__seed6,gnn_qmix,coord_grid,6,2825,70650,25.0,25,0.4406954166666667,4.61860187848409,36.9897034962972,255.85210070000176
gnn_rep__N8__line__seed6,gnn_qmix,coord_grid,6,2826,70675,32.0,25,0.4404975000000001,4.810081402460734,16.831928372383118,255.93239760000142
gnn_rep__N8__line__seed6,gnn_qmix,coord_grid,6,2827,70700,31.0,25,0.4402995833333333,2.1182616849740348,12.417282422383627,256.0108973999995
gnn_rep__N8__line__seed6,gnn_qmix,coord_grid,6,2828,70725,47.0,25,0.4401016666666666,2.9218736631529674,15.983878033501762,256.0933608000014
gnn_rep__N8__line__seed6,gnn_qmix,coord_grid,6,2829,70750,37.0,25,0.43990375000000004,2.762918402751287,24.512454668680828,256.18805559999964
gnn_rep__N8__line__seed6,gnn_qmix,coord_grid,6,2830,70775,47.0,25,0.43970583333333335,4.424007435639699,17.83771276473999,256.277279599999
gnn_rep__N8__line__seed6,gnn_qmix,coord_grid,6,2831,70800,35.0,25,0.43950791666666666,2.9839066664377847,21.873773336410522,256.3508989000002
gnn_rep__N8__line__seed6,gnn_qmix,coord_grid,6,2832,70825,17.0,25,0.4393100000000001,2.1840560861996243,23.299723420824325,256.43313359999956
gnn_rep__N8__line__seed6,gnn_qmix,coord_grid,6,2833,70850,26.0,25,0.4391120833333334,3.6900159120559692,15.317638794581095,256.5092943999989
gnn_rep__N8__line__seed6,gnn_qmix,coord_grid,6,2834,70875,41.0,25,0.4389141666666667,2.6412574450174966,21.036170323689777,256.66708780000044
gnn_rep__N8__line__seed6,gnn_qmix,coord_grid,6,2835,70900,32.0,25,0.43871625000000003,2.3660915791988373,23.64635713895162,256.80148810000173
gnn_rep__N8__line__seed6,gnn_qmix,coord_grid,6,2836,70925,47.0,25,0.43851833333333334,2.7195185593196323,24.529808044433594,256.91100630000074
gnn_rep__N8__line__seed6,gnn_qmix,coord_grid,6,2837,70950,40.0,25,0.43832041666666666,3.0805852015813193,25.67550007502238,256.9779856999994
gnn_rep__N8__line__seed6,gnn_qmix,coord_grid,6,2838,70975,24.0,25,0.43812249999999997,2.039618362983068,23.676735877990723,257.0605346000011
gnn_rep__N8__line__seed6,gnn_qmix,coord_grid,6,2839,71000,27.0,25,0.4379245833333334,3.398702303568522,20.999671777089436,257.1570928000001
gnn_rep__N8__line__seed6,gnn_qmix,coord_grid,6,2840,71025,37.0,25,0.4377266666666667,4.777176363127572,12.175106797899518,257.2421753999988
gnn_rep__N8__line__seed6,gnn_qmix,coord_grid,6,2841,71050,52.0,25,0.43752875,3.6723660926024118,13.109033584594727,257.33141199999955
gnn_rep__N8__line__seed6,gnn_qmix,coord_grid,6,2842,71075,36.0,25,0.43733083333333334,2.9076527257760367,14.375834147135416,257.40891349999947
gnn_rep__N8__line__seed6,gnn_qmix,coord_grid,6,2843,71100,34.0,25,0.43713291666666676,3.9701140175263085,13.028446912765503,257.46189030000096
gnn_rep__N8__line__seed6,gnn_qmix,coord_grid,6,2844,71125,30.0,25,0.4369350000000001,5.077439444405692,18.78907639639718,257.5444548000014
gnn_rep__N8__line__seed6,gnn_qmix,coord_grid,6,2845,71150,34.0,25,0.4367370833333333,2.670588413874308,14.81449286142985,257.6328785000005
gnn_rep__N8__line__seed6,gnn_qmix,coord_grid,6,2846,71175,31.0,25,0.4365391666666667,1.8778037180503209,12.24920086065928,257.70975929999986
gnn_rep__N8__line__seed6,gnn_qmix,coord_grid,6,2847,71200,44.0,25,0.43634125,3.3973751068115234,13.316538016001383,257.772981099999
gnn_rep__N8__line__seed6,gnn_qmix,coord_grid,6,2848,71225,24.0,25,0.4361433333333333,4.206233058656965,21.010726928710938,257.86166460000095
gnn_rep__N8__line__seed6,gnn_qmix,coord_grid,6,2849,71250,34.0,25,0.43594541666666675,4.845541596412659,21.190466086069744,257.9820146999991
gnn_rep__N8__line__seed6,gnn_qmix,coord_grid,6,2850,71275,27.0,25,0.43574750000000007,1.3404835363229115,26.925092379252117,258.0874350000013
gnn_rep__N8__line__seed6,gnn_qmix,coord_grid,6,2851,71300,30.0,25,0.4355495833333334,3.0558160841464996,16.184886932373047,258.2076273999992
gnn_rep__N8__line__seed6,gnn_qmix,coord_grid,6,2852,71325,46.0,25,0.4353516666666667,3.339099849973406,13.4939272744315,258.28514110000106
gnn_rep__N8__line__seed6,gnn_qmix,coord_grid,6,2853,71350,50.0,25,0.43515375,2.3486113448937735,11.914179166158041,258.3975688999999
gnn_rep__N8__line__seed6,gnn_qmix,coord_grid,6,2854,71375,42.0,25,0.4349558333333333,2.772490829229355,13.21781325340271,258.4851079
gnn_rep__N8__line__seed6,gnn_qmix,coord_grid,6,2855,71400,42.0,25,0.43475791666666663,2.4024082819620767,12.118324756622314,258.5524000000005
gnn_rep__N8__line__seed6,gnn_qmix,coord_grid,6,2856,71425,44.0,25,0.43456000000000006,4.794459615434919,57.734823499407085,258.65782559999934
gnn_rep__N8__line__seed6,gnn_qmix,coord_grid,6,2857,71450,39.0,25,0.43436208333333337,3.577485531568527,33.01773118972778,258.7312540000021
gnn_rep__N8__line__seed6,gnn_qmix,coord_grid,6,2858,71475,45.0,25,0.4341641666666667,2.4879807233810425,22.614265600840252,258.80498459999944
gnn_rep__N8__line__seed6,gnn_qmix,coord_grid,6,2859,71500,45.0,25,0.43396625,2.3589885532855988,30.578868865966797,258.89241330000004
gnn_rep__N8__line__seed6,gnn_qmix,coord_grid,6,2860,71525,37.0,25,0.4337683333333334,4.010353922843933,23.481921195983887,258.98472989999937
gnn_rep__N8__line__seed6,gnn_qmix,coord_grid,6,2861,71550,45.0,25,0.43357041666666674,3.194171463449796,24.288179874420166,259.087346100001
gnn_rep__N8__line__seed6,gnn_qmix,coord_grid,6,2862,71575,44.0,25,0.43337249999999994,1.9918813755114873,15.077759186426798,259.17343919999985
gnn_rep__N8__line__seed6,gnn_qmix,coord_grid,6,2863,71600,38.0,25,0.43317458333333336,3.6854566733042398,36.53439172108968,259.2602518999993
gnn_rep__N8__line__seed6,gnn_qmix,coord_grid,6,2864,71625,28.0,25,0.4329766666666667,2.770537180559976,21.972081320626394,259.3427890999992
gnn_rep__N8__line__seed6,gnn_qmix,coord_grid,6,2865,71650,40.0,25,0.43277875,2.392876903216044,11.789246082305908,259.42306480000116
gnn_rep__N8__line__seed6,gnn_qmix,coord_grid,6,2866,71675,45.0,25,0.4325808333333333,3.7569618622461953,16.214024782180786,259.4922982999997
gnn_rep__N8__line__seed6,gnn_qmix,coord_grid,6,2867,71700,37.0,25,0.43238291666666673,2.3642376363277435,11.637052615483602,259.5747095000006
gnn_rep__N8__line__seed6,gnn_qmix,coord_grid,6,2868,71725,30.0,25,0.43218500000000004,4.277885862759182,18.41156005859375,259.66372970000157
gnn_rep__N8__line__seed6,gnn_qmix,coord_grid,6,2869,71750,33.0,25,0.43198708333333335,2.762898713350296,15.997607707977295,259.791617400002
gnn_rep__N8__line__seed6,gnn_qmix,coord_grid,6,2870,71775,27.0,25,0.4317891666666668,3.093030412991842,7.997935811678569,259.8985372999996
gnn_rep__N8__line__seed6,gnn_qmix,coord_grid,6,2871,71800,29.0,25,0.43159125,2.7116422752539315,15.568593819936117,259.9857840000004
gnn_rep__N8__line__seed6,gnn_qmix,coord_grid,6,2872,71825,41.0,25,0.4313933333333333,7.069228444780622,9.898391996111188,260.0922825000016
gnn_rep__N8__line__seed6,gnn_qmix,coord_grid,6,2873,71850,51.0,25,0.4311954166666667,5.3261943856875105,15.043912251790365,260.1956381000018
gnn_rep__N8__line__seed6,gnn_qmix,coord_grid,6,2874,71875,40.0,25,0.43099750000000003,5.559397344787915,11.795591274897257,260.274867600001
gnn_rep__N8__line__seed6,gnn_qmix,coord_grid,6,2875,71900,31.0,25,0.43079958333333335,2.6977058400710425,11.456041733423868,260.3365607000014
gnn_rep__N8__line__seed6,gnn_qmix,coord_grid,6,2876,71925,41.0,25,0.43060166666666666,4.741928918021066,17.118218898773193,260.42708440000206
gnn_rep__N8__line__seed6,gnn_qmix,coord_grid,6,2877,71950,42.0,25,0.4304037500000001,4.92872275908788,10.753605524698893,260.4789778000013
gnn_rep__N8__line__seed6,gnn_qmix,coord_grid,6,2878,71975,28.0,25,0.4302058333333334,2.23682568470637,17.025555690129597,260.5693119999996
gnn_rep__N8__line__seed6,gnn_qmix,coord_grid,6,2879,72000,32.0,25,0.4300079166666667,2.5684699416160583,14.041123469670614,260.65693739999915
gnn_rep__N8__line__seed6,gnn_qmix,coord_grid,6,2880,72025,38.0,25,0.42981,3.3892033057553426,17.379083837781632,260.7583949
gnn_rep__N8__line__seed6,gnn_qmix,coord_grid,6,2881,72050,39.0,25,0.42961208333333334,2.8089165886243186,21.559295336405437,260.8541115000007
gnn_rep__N8__line__seed6,gnn_qmix,coord_grid,6,2882,72075,27.0,25,0.42941416666666665,3.1274180312951407,20.38534148534139,260.9207153999996
gnn_rep__N8__line__seed6,gnn_qmix,coord_grid,6,2883,72100,52.0,25,0.42921624999999997,2.4156382282574973,12.46826163927714,261.01569219999874
gnn_rep__N8__line__seed6,gnn_qmix,coord_grid,6,2884,72125,41.0,25,0.4290183333333334,3.388684928417206,12.252442291804723,261.1014329999998
gnn_rep__N8__line__seed6,gnn_qmix,coord_grid,6,2885,72150,51.0,25,0.4288204166666667,2.7813979983329773,14.815894524256388,261.20721129999947
gnn_rep__N8__line__seed6,gnn_qmix,coord_grid,6,2886,72175,35.0,25,0.4286225,3.884413003921509,12.491160233815512,261.313831200001
gnn_rep__N8__line__seed6,gnn_qmix,coord_grid,6,2887,72200,28.0,25,0.42842458333333344,5.457219372193019,18.882335980733234,261.40682110000125
gnn_rep__N8__line__seed6,gnn_qmix,coord_grid,6,2888,72225,30.0,25,0.42822666666666664,4.274101529802595,44.00326722008841,261.49821729999894
gnn_rep__N8__line__seed6,gnn_qmix,coord_grid,6,2889,72250,55.0,25,0.42802874999999996,4.629295329252879,47.26333363850912,261.57230920000075
gnn_rep__N8__line__seed6,gnn_qmix,coord_grid,6,2890,72275,34.0,25,0.4278308333333334,2.4804294208685556,18.507932742436726,261.6317764999985
gnn_rep__N8__line__seed6,gnn_qmix,coord_grid,6,2891,72300,36.0,25,0.4276329166666667,2.539237380027771,22.61497418085734,261.75920020000194
gnn_rep__N8__line__seed6,gnn_qmix,coord_grid,6,2892,72325,38.0,25,0.427435,2.6120126162256514,22.02637025288173,261.8352186000011
gnn_rep__N8__line__seed6,gnn_qmix,coord_grid,6,2893,72350,34.0,25,0.4272370833333333,3.309762626886368,15.071678638458252,261.9152548999991
gnn_rep__N8__line__seed6,gnn_qmix,coord_grid,6,2894,72375,51.0,25,0.42703916666666675,1.3002241750558217,12.923451741536459,261.99789690000034
gnn_rep__N8__line__seed6,gnn_qmix,coord_grid,6,2895,72400,30.0,25,0.42684125000000006,2.077507654825846,16.696512540181477,262.07292750000124
gnn_rep__N8__line__seed6,gnn_qmix,coord_grid,6,2896,72425,39.0,25,0.4266433333333334,2.3324415343148366,28.313920974731445,262.1599601000016
gnn_rep__N8__line__seed6,gnn_qmix,coord_grid,6,2897,72450,37.0,25,0.4264454166666667,3.521470864613851,16.64496088027954,262.2765178000009
gnn_rep__N8__line__seed6,gnn_qmix,coord_grid,6,2898,72475,45.0,25,0.4262475,2.131319214900335,10.341256936391195,262.387333900002
gnn_rep__N8__line__seed6,gnn_qmix,coord_grid,6,2899,72500,45.0,25,0.4260495833333333,2.8446405629316964,13.273824453353882,262.5157044000007
gnn_rep__N8__line__seed6,gnn_qmix,coord_grid,6,2900,72525,30.0,25,0.42585166666666663,2.815459907054901,14.057132652827672,262.6105846999999
gnn_rep__N8__line__seed6,gnn_qmix,coord_grid,6,2901,72550,27.0,25,0.42565375000000005,4.4302049577236176,13.334837834040323,262.7171090000011
gnn_rep__N8__line__seed6,gnn_qmix,coord_grid,6,2902,72575,31.0,25,0.42545583333333337,3.69914839665095,12.30394991238912,262.81782889999886
gnn_rep__N8__line__seed6,gnn_qmix,coord_grid,6,2903,72600,34.0,25,0.4252579166666667,3.5452215373516083,7.90981384118398,262.91989549999926
gnn_rep__N8__line__seed6,gnn_qmix,coord_grid,6,2904,72625,34.0,25,0.4250600000000001,4.130601670060839,11.534195627485003,262.9801283000015
gnn_rep__N8__line__seed6,gnn_qmix,coord_grid,6,2905,72650,23.0,25,0.4248620833333334,5.192577838897705,20.865441004435223,263.0813774999988
gnn_rep__N8__line__seed6,gnn_qmix,coord_grid,6,2906,72675,25.0,25,0.4246641666666666,2.3599797785282135,30.461606979370117,263.1811019000015
gnn_rep__N8__line__seed6,gnn_qmix,coord_grid,6,2907,72700,23.0,25,0.42446625000000004,3.997395485639572,18.04874034722646,263.26130900000135
gnn_rep__N8__line__seed6,gnn_qmix,coord_grid,6,2908,72725,40.0,25,0.42426833333333336,2.9218018651008606,18.523356914520264,263.35213790000125
gnn_rep__N8__line__seed6,gnn_qmix,coord_grid,6,2909,72750,45.0,25,0.42407041666666667,3.5642896592617035,14.321574529012045,263.444782999999
gnn_rep__N8__line__seed6,gnn_qmix,coord_grid,6,2910,72775,47.0,25,0.4238725,4.359655906756719,11.76850446065267,263.54872629999954
gnn_rep__N8__line__seed6,gnn_qmix,coord_grid,6,2911,72800,45.0,25,0.4236745833333334,4.055198172728221,21.564780076344807,263.62008419999984
gnn_rep__N8__line__seed6,gnn_qmix,coord_grid,6,2912,72825,39.0,25,0.4234766666666667,4.065372569220407,11.458904266357422,263.6789931000021
gnn_rep__N8__line__seed6,gnn_qmix,coord_grid,6,2913,72850,46.0,25,0.42327875000000004,2.861735145250956,16.299970308939617,263.7727655999988
gnn_rep__N8__line__seed6,gnn_qmix,coord_grid,6,2914,72875,48.0,25,0.42308083333333335,2.8453712413708367,18.390530109405518,263.87358980000135
gnn_rep__N8__line__seed6,gnn_qmix,coord_grid,6,2915,72900,54.0,25,0.42288291666666666,3.941270589828491,20.27371056874593,263.9286749999992
gnn_rep__N8__line__seed6,gnn_qmix,coord_grid,6,2916,72925,26.0,25,0.422685,4.692238024302891,21.406755719866073,264.0605146000016
gnn_rep__N8__line__seed6,gnn_qmix,coord_grid,6,2917,72950,46.0,25,0.4224870833333333,3.8977364699045816,13.226054271062216,264.12288009999975
gnn_rep__N8__line__seed6,gnn_qmix,coord_grid,6,2918,72975,53.0,25,0.4222891666666667,3.9524118304252625,15.442581733067831,264.2478383999987
gnn_rep__N8__line__seed6,gnn_qmix,coord_grid,6,2919,73000,34.0,25,0.42209125000000003,5.039106210072835,17.165531476338703,264.3314285999986
gnn_rep__N8__line__seed6,gnn_qmix,coord_grid,6,2920,73025,47.0,25,0.42189333333333334,4.437659365790231,57.10339232853481,264.4088680999994
gnn_rep__N8__line__seed6,gnn_qmix,coord_grid,6,2921,73050,41.0,25,0.42169541666666677,1.820338209470113,23.468525250752766,264.48873620000086
gnn_rep__N8__line__seed6,gnn_qmix,coord_grid,6,2922,73075,27.0,25,0.4214975000000001,4.0350182056427,21.922053337097168,264.61220120000144
gnn_rep__N8__line__seed6,gnn_qmix,coord_grid,6,2923,73100,32.0,25,0.4212995833333333,4.618526558081309,34.502870877583824,264.67393380000067
gnn_rep__N8__line__seed6,gnn_qmix,coord_grid,6,2924,73125,26.0,25,0.4211016666666667,3.641032235963004,16.002003567559377,264.75950190000003
gnn_rep__N8__line__seed6,gnn_qmix,coord_grid,6,2925,73150,55.0,25,0.42090375,5.096876303354899,9.714898109436035,264.8575885999999
gnn_rep__N8__line__seed6,gnn_qmix,coord_grid,6,2926,73175,36.0,25,0.42070583333333333,3.676890800396601,9.973091999689737,264.98894289999953
gnn_rep__N8__line__seed6,gnn_qmix,coord_grid,6,2927,73200,47.0,25,0.42050791666666665,5.227576692899068,12.682082215944925,265.0583437999994
gnn_rep__N8__line__seed6,gnn_qmix,coord_grid,6,2928,73225,27.0,25,0.4203100000000001,4.500103827033724,8.54325716836112,265.1352809000018
gnn_rep__N8__line__seed6,gnn_qmix,coord_grid,6,2929,73250,48.0,25,0.4201120833333334,3.015933563311895,21.233673572540283,265.2212279999985
gnn_rep__N8__line__seed6,gnn_qmix,coord_grid,6,2930,73275,40.0,25,0.4199141666666667,3.5519865353902182,31.35598961512248,265.3509285
gnn_rep__N8__line__seed6,gnn_qmix,coord_grid,6,2931,73300,38.0,25,0.4197162500000001,3.8082494338353476,13.967323621114096,265.46550370000114
gnn_rep__N8__line__seed6,gnn_qmix,coord_grid,6,2932,73325,48.0,25,0.4195183333333333,3.567065383706774,14.614465713500977,265.56600830000025
gnn_rep__N8__line__seed6,gnn_qmix,coord_grid,6,2933,73350,32.0,25,0.41932041666666664,3.7060149113337197,19.98806420962016,265.66357699999935
gnn_rep__N8__line__seed6,gnn_qmix,coord_grid,6,2934,73375,36.0,25,0.41912249999999995,3.263544256488482,11.877220869064331,265.75378679999994
gnn_rep__N8__line__seed6,gnn_qmix,coord_grid,6,2935,73400,43.0,25,0.4189245833333334,2.9183706641197205,10.574394941329956,265.83419810000123
gnn_rep__N8__line__seed6,gnn_qmix,coord_grid,6,2936,73425,35.0,25,0.4187266666666667,4.575515151023865,17.22684669494629,265.9452726000018
gnn_rep__N8__line__seed6,gnn_qmix,coord_grid,6,2937,73450,32.0,25,0.41852875,3.2727568546930947,15.695982138315836,266.02770339999915
gnn_rep__N8__line__seed6,gnn_qmix,coord_grid,6,2938,73475,35.0,25,0.41833083333333343,3.721472223599752,18.68051306406657,266.13127019999956
gnn_rep__N8__line__seed6,gnn_qmix,coord_grid,6,2939,73500,48.0,25,0.41813291666666674,4.141795992851257,19.876821517944336,266.2217075000008
gnn_rep__N8__line__seed6,gnn_qmix,coord_grid,6,2940,73525,32.0,25,0.41793500000000006,4.353599854878017,23.941758019583567,266.34262650000164
gnn_rep__N8__line__seed6,gnn_qmix,coord_grid,6,2941,73550,43.0,25,0.41773708333333326,2.073206196228663,16.29596495628357,266.4116549999999
gnn_rep__N8__line__seed6,gnn_qmix,coord_grid,6,2942,73575,43.0,25,0.4175391666666667,3.3836868604024253,15.189310312271118,266.48825620000207
gnn_rep__N8__line__seed6,gnn_qmix,coord_grid,6,2943,73600,45.0,25,0.41734125,4.326726709802945,8.256895820299784,266.57239950000076
gnn_rep__N8__line__seed6,gnn_qmix,coord_grid,6,2944,73625,55.0,25,0.4171433333333333,4.146134393555777,15.02418521472386,266.7115115000015
gnn_rep__N8__line__seed6,gnn_qmix,coord_grid,6,2945,73650,41.0,25,0.41694541666666673,2.5434019466241202,12.340519428253174,266.814244600002
gnn_rep__N8__line__seed6,gnn_qmix,coord_grid,6,2946,73675,29.0,25,0.41674750000000005,3.722426692644755,20.891918659210205,266.88226399999985
gnn_rep__N8__line__seed6,gnn_qmix,coord_grid,6,2947,73700,34.0,25,0.41654958333333336,4.856148401896159,16.785696665445965,266.93806490000134
gnn_rep__N8__line__seed6,gnn_qmix,coord_grid,6,2948,73725,37.0,25,0.4163516666666668,3.9760939308575223,19.128725596836635,267.04325020000033
gnn_rep__N8__line__seed6,gnn_qmix,coord_grid,6,2949,73750,48.0,25,0.41615375,3.6590587894121804,10.482174078623453,267.15538469999956
gnn_rep__N8__line__seed6,gnn_qmix,coord_grid,6,2950,73775,39.0,25,0.4159558333333333,3.662595361471176,9.862751603126526,267.25659449999876
gnn_rep__N8__line__seed6,gnn_qmix,coord_grid,6,2951,73800,45.0,25,0.4157579166666666,4.039835671583812,20.391949971516926,267.30284480000046
gnn_rep__N8__line__seed6,gnn_qmix,coord_grid,6,2952,73825,39.0,25,0.41556000000000004,6.201003568513053,71.4831303187779,267.40833510000084
gnn_rep__N8__line__seed6,gnn_qmix,coord_grid,6,2953,73850,36.0,25,0.41536208333333335,2.3746617237726846,34.52507456143697,267.5023743999991
gnn_rep__N8__line__seed6,gnn_qmix,coord_grid,6,2954,73875,35.0,25,0.41516416666666667,2.7070146103700004,37.70194355646769,267.5811039
gnn_rep__N8__line__seed6,gnn_qmix,coord_grid,6,2955,73900,52.0,25,0.4149662500000001,3.544782837231954,39.52663071950277,267.6480440000014
gnn_rep__N8__line__seed6,gnn_qmix,coord_grid,6,2956,73925,32.0,25,0.4147683333333334,5.50961433989661,31.497297014508927,267.7066315000011
gnn_rep__N8__line__seed6,gnn_qmix,coord_grid,6,2957,73950,36.0,25,0.4145704166666667,3.165159205595652,25.171485900878906,267.7790691000009
gnn_rep__N8__line__seed6,gnn_qmix,coord_grid,6,2958,73975,38.0,25,0.4143724999999999,3.516754428545634,21.40129804611206,267.8916534000018
gnn_rep__N8__line__seed6,gnn_qmix,coord_grid,6,2959,74000,36.0,25,0.41417458333333335,3.0201051930586496,30.21580759684245,267.97953770000095
gnn_rep__N8__line__seed6,gnn_qmix,coord_grid,6,2960,74025,42.0,25,0.41397666666666666,5.5119743176868985,27.54024519239153,268.0531093999998
gnn_rep__N8__line__seed6,gnn_qmix,coord_grid,6,2961,74050,53.0,25,0.41377875,1.6349164545536041,27.001710255940754,268.1517348999987
gnn_rep__N8__line__seed6,gnn_qmix,coord_grid,6,2962,74075,47.0,25,0.4135808333333334,2.3438371817270913,32.96944236755371,268.24934700000085
gnn_rep__N8__line__seed6,gnn_qmix,coord_grid,6,2963,74100,50.0,25,0.4133829166666667,4.691992034514745,40.9079786936442,268.3367188000011
gnn_rep__N8__line__seed6,gnn_qmix,coord_grid,6,2964,74125,43.0,25,0.413185,4.056083943162646,27.96675900050572,268.45137700000123
gnn_rep__N8__line__seed6,gnn_qmix,coord_grid,6,2965,74150,54.0,25,0.41298708333333345,2.6917350391546884,28.80681610107422,268.561606700001
gnn_rep__N8__line__seed6,gnn_qmix,coord_grid,6,2966,74175,44.0,25,0.41278916666666676,5.831651250521342,11.153169473012289,268.6671095999991
gnn_rep__N8__line__seed6,gnn_qmix,coord_grid,6,2967,74200,49.0,25,0.41259124999999996,3.693591296672821,16.026148796081543,268.78279309999925
gnn_rep__N8__line__seed6,gnn_qmix,coord_grid,6,2968,74225,53.0,25,0.4123933333333333,3.378295932497297,12.413848876953125,268.87387540000054
gnn_rep__N8__line__seed6,gnn_qmix,coord_grid,6,2969,74250,45.0,25,0.4121954166666667,2.600312049190203,18.965222279230755,268.95629810000173
gnn_rep__N8__line__seed6,gnn_qmix,coord_grid,6,2970,74275,32.0,25,0.4119975,4.803178548812866,30.33414427439372,269.02130319999924
gnn_rep__N8__line__seed6,gnn_qmix,coord_grid,6,2971,74300,42.0,25,0.41179958333333333,3.4737097223599753,23.947638551394146,269.0990755000021
gnn_rep__N8__line__seed6,gnn_qmix,coord_grid,6,2972,74325,46.0,25,0.41160166666666675,3.1116384949002946,18.76898969922747,269.18312119999973
gnn_rep__N8__line__seed6,gnn_qmix,coord_grid,6,2973,74350,28.0,25,0.41140375000000007,4.683929741382599,31.572933832804363,269.2614001000002
gnn_rep__N8__line__seed6,gnn_qmix,coord_grid,6,2974,74375,45.0,25,0.4112058333333334,4.737890799840291,23.75428342819214,269.339415800001
gnn_rep__N8__line__seed6,gnn_qmix,coord_grid,6,2975,74400,40.0,25,0.4110079166666667,2.210489014784495,13.303131500879923,269.4147608000021
gnn_rep__N8__line__seed6,gnn_qmix,coord_grid,6,2976,74425,43.0,25,0.41081,4.058745052133288,13.866497244153704,269.49279340000066
gnn_rep__N8__line__seed6,gnn_qmix,coord_grid,6,2977,74450,44.0,25,0.4106120833333333,4.25470511118571,21.412418206532795,269.5780210000012
gnn_rep__N8__line__seed6,gnn_qmix,coord_grid,6,2978,74475,48.0,25,0.41041416666666664,4.53217089176178,13.40302324295044,269.64962899999955
gnn_rep__N8__line__seed6,gnn_qmix,coord_grid,6,2979,74500,27.0,25,0.41021625000000006,3.8633219997088113,12.238948265711466,269.72238189999916
gnn_rep__N8__line__seed6,gnn_qmix,coord_grid,6,2980,74525,46.0,25,0.4100183333333334,2.3272187454359874,19.804656437465123,269.79976589999933
gnn_rep__N8__line__seed6,gnn_qmix,coord_grid,6,2981,74550,34.0,25,0.4098204166666667,4.588331013917923,18.65710477034251,269.8983972999995
gnn_rep__N8__line__seed6,gnn_qmix,coord_grid,6,2982,74575,41.0,25,0.4096225000000001,2.2599313060442605,18.571029504140217,269.9913983000006
gnn_rep__N8__line__seed6,gnn_qmix,coord_grid,6,2983,74600,44.0,25,0.4094245833333334,5.0704130331675215,19.46308199564616,270.0389095999999
gnn_rep__N8__line__seed6,gnn_qmix,coord_grid,6,2984,74625,35.0,25,0.4092266666666666,3.1924637045179094,68.48379734584263,270.1442692000019
gnn_rep__N8__line__seed6,gnn_qmix,coord_grid,6,2985,74650,26.0,25,0.40902874999999994,3.659230222304662,35.38293425242106,270.20643539999946
gnn_rep__N8__line__seed6,gnn_qmix,coord_grid,6,2986,74675,43.0,25,0.40883083333333337,5.307900309562683,25.17314068476359,270.2894230999991
gnn_rep__N8__line__seed6,gnn_qmix,coord_grid,6,2987,74700,48.0,25,0.4086329166666667,4.30472594499588,17.964414358139038,270.3651108000013
gnn_rep__N8__line__seed6,gnn_qmix,coord_grid,6,2988,74725,37.0,25,0.408435,4.926177782671792,18.868394238608225,270.47505530000126
gnn_rep__N8__line__seed6,gnn_qmix,coord_grid,6,2989,74750,41.0,25,0.4082370833333334,3.965932011604309,15.759430090586344,270.57023520000075
gnn_rep__N8__line__seed6,gnn_qmix,coord_grid,6,2990,74775,40.0,25,0.40803916666666673,3.170952479044596,9.43934957186381,270.655946400002
gnn_rep__N8__line__seed6,gnn_qmix,coord_grid,6,2991,74800,27.0,25,0.40784125000000004,3.0340722799301147,16.12042776743571,270.75460920000114
gnn_rep__N8__line__seed6,gnn_qmix,coord_grid,6,2992,74825,29.0,25,0.40764333333333336,3.0512403590338573,19.85396930149623,270.8784225999989
gnn_rep__N8__line__seed6,gnn_qmix,coord_grid,6,2993,74850,50.0,25,0.40744541666666667,4.818571408589681,19.012129068374634,270.96325910000087
gnn_rep__N8__line__seed6,gnn_qmix,coord_grid,6,2994,74875,33.0,25,0.4072475,5.1844755709171295,13.295642932256063,271.03621810000186
gnn_rep__N8__line__seed6,gnn_qmix,coord_grid,6,2995,74900,55.0,25,0.4070495833333333,3.2385288079579673,26.489411274592083,271.15041439999914
gnn_rep__N8__line__seed6,gnn_qmix,coord_grid,6,2996,74925,37.0,25,0.4068516666666667,2.7655981353351047,18.8644380569458,271.2587864999987
gnn_rep__N8__line__seed6,gnn_qmix,coord_grid,6,2997,74950,59.0,25,0.40665375000000004,6.014800210793813,16.15138006210327,271.31734660000075
gnn_rep__N8__line__seed6,gnn_qmix,coord_grid,6,2998,74975,36.0,25,0.40645583333333335,3.1740690171718597,11.769851525624594,271.40243570000166
gnn_rep__N8__line__seed6,gnn_qmix,coord_grid,6,2999,75000,45.0,25,0.4062579166666668,3.1374616821606955,22.70123354593913,271.4562999000009
gnn_rep__N8__line__seed6,gnn_qmix,coord_grid,6,3000,75025,41.0,25,0.4060600000000001,5.326868082795825,26.60298708506993,271.53238899999997
gnn_rep__N8__line__seed6,gnn_qmix,coord_grid,6,3001,75050,44.0,25,0.4058620833333334,4.371986905733745,11.640686909357706,271.6641555999995
gnn_rep__N8__line__seed6,gnn_qmix,coord_grid,6,3002,75075,41.0,25,0.4056641666666666,3.229819635550181,25.480758984883625,271.7640812999998
gnn_rep__N8__line__seed6,gnn_qmix,coord_grid,6,3003,75100,40.0,25,0.40546625000000003,5.2157376408576965,13.802244226137796,271.8669188999993
gnn_rep__N8__line__seed6,gnn_qmix,coord_grid,6,3004,75125,53.0,25,0.40526833333333334,4.2576650977134705,14.453087568283081,271.9505719000008
gnn_rep__N8__line__seed6,gnn_qmix,coord_grid,6,3005,75150,45.0,25,0.40507041666666666,4.80533750851949,15.361197789510092,272.0488802
gnn_rep__N8__line__seed6,gnn_qmix,coord_grid,6,3006,75175,49.0,25,0.4048725000000001,4.112941294908524,15.495330492655436,272.1660935
gnn_rep__N8__line__seed6,gnn_qmix,coord_grid,6,3007,75200,40.0,25,0.4046745833333334,4.384414712587993,26.03410879770915,272.2275676999998
gnn_rep__N8__line__seed6,gnn_qmix,coord_grid,6,3008,75225,33.0,25,0.4044766666666667,2.884486104760851,24.31828280857631,272.3452412000006
gnn_rep__N8__line__seed6,gnn_qmix,coord_grid,6,3009,75250,50.0,25,0.40427875,3.468389550844828,12.980645179748535,272.44054600000163
gnn_rep__N8__line__seed6,gnn_qmix,coord_grid,6,3010,75275,40.0,25,0.40408083333333344,3.9759196043014526,30.75579770406087,272.5059708000008
gnn_rep__N8__line__seed6,gnn_qmix,coord_grid,6,3011,75300,68.0,25,0.40388291666666665,4.70024037361145,9.4121040503184,272.5714282000008
gnn_rep__N8__line__seed6,gnn_qmix,coord_grid,6,3012,75325,45.0,25,0.40368499999999996,3.184131528650011,9.709130900246757,272.6442080000015
gnn_rep__N8__line__seed6,gnn_qmix,coord_grid,6,3013,75350,28.0,25,0.4034870833333334,3.449464042981466,16.494383335113525,272.7303463999997
gnn_rep__N8__line__seed6,gnn_qmix,coord_grid,6,3014,75375,39.0,25,0.4032891666666667,3.544904207189878,14.49135454495748,272.823062200001
gnn_rep__N8__line__seed6,gnn_qmix,coord_grid,6,3015,75400,35.0,25,0.40309125,4.416285306215286,20.69721508026123,272.8920555000004
gnn_rep__N8__line__seed6,gnn_qmix,coord_grid,6,3016,75425,42.0,25,0.4028933333333333,4.682049955640521,58.2364228112357,272.98353320000024
gnn_rep__N8__line__seed6,gnn_qmix,coord_grid,6,3017,75450,50.0,25,0.40269541666666675,3.7036779622236886,56.498015721639,273.1088793000017
gnn_rep__N8__line__seed6,gnn_qmix,coord_grid,6,3018,75475,44.0,25,0.40249750000000006,5.348984936873118,36.501688162485756,273.1702499000021
gnn_rep__N8__line__seed6,gnn_qmix,coord_grid,6,3019,75500,51.0,25,0.4022995833333334,4.073826094468434,59.02458063761393,273.23142010000083
gnn_rep__N8__line__seed6,gnn_qmix,coord_grid,6,3020,75525,45.0,25,0.4021016666666667,2.5833456431116377,29.259641102382115,273.3256441000012
gnn_rep__N8__line__seed6,gnn_qmix,coord_grid,6,3021,75550,31.0,25,0.40190375,3.704261134068171,19.107603947321575,273.4060376000016
gnn_rep__N8__line__seed6,gnn_qmix,coord_grid,6,3022,75575,47.0,25,0.4017058333333333,4.015100528796514,21.42362101872762,273.4979122000004
gnn_rep__N8__line__seed6,gnn_qmix,coord_grid,6,3023,75600,29.0,25,0.40150791666666674,3.269806524117788,24.31614128748576,273.5567770999987
gnn_rep__N8__line__seed6,gnn_qmix,coord_grid,6,3024,75625,63.0,25,0.40131000000000006,4.379446864128113,21.792863164629257,273.6385713999989
gnn_rep__N8__line__seed6,gnn_qmix,coord_grid,6,3025,75650,38.0,25,0.40111208333333337,3.0897576163212457,19.24919064839681,273.78302110000004
gnn_rep__N8__line__seed6,gnn_qmix,coord_grid,6,3026,75675,40.0,25,0.4009141666666667,3.263766646385193,19.116473356882732,273.89294040000095
gnn_rep__N8__line__seed6,gnn_qmix,coord_grid,6,3027,75700,37.0,25,0.4007162500000001,4.000950465599696,20.168366193771362,274.0036747000013
gnn_rep__N8__line__seed6,gnn_qmix,coord_grid,6,3028,75725,51.0,25,0.4005183333333333,5.695674317223685,19.70915344783238,274.08868000000075
gnn_rep__N8__line__seed6,gnn_qmix,coord_grid,6,3029,75750,44.0,25,0.4003204166666666,3.2331912318865457,16.5408935546875,274.1664649000013
gnn_rep__N8__line__seed6,gnn_qmix,coord_grid,6,3030,75775,44.0,25,0.40012250000000005,4.106359630823135,18.285518010457356,274.2496199999987
gnn_rep__N8__line__seed6,gnn_qmix,coord_grid,6,3031,75800,36.0,25,0.39992458333333336,6.057095170021057,11.361244916915894,274.3612963000014
gnn_rep__N8__line__seed6,gnn_qmix,coord_grid,6,3032,75825,51.0,25,0.3997266666666667,3.5839245915412903,14.320523125784737,274.4319801999991
gnn_rep__N8__line__seed6,gnn_qmix,coord_grid,6,3033,75850,55.0,25,0.39952875,3.191114912430445,21.41979916890462,274.530257800001
gnn_rep__N8__line__seed6,gnn_qmix,coord_grid,6,3034,75875,58.0,25,0.3993308333333334,3.9662415186564126,14.672999938329061,274.597916900002
gnn_rep__N8__line__seed6,gnn_qmix,coord_grid,6,3035,75900,42.0,25,0.3991329166666667,2.8253609935442605,12.583954493204752,274.71492170000056
gnn_rep__N8__line__seed6,gnn_qmix,coord_grid,6,3036,75925,60.0,25,0.39893500000000004,4.604047502790179,16.416577168873378,274.820341300001
gnn_rep__N8__line__seed6,gnn_qmix,coord_grid,6,3037,75950,51.0,25,0.39873708333333335,4.534826358159383,15.889891942342123,274.9077608000007
gnn_rep__N8__line__seed6,gnn_qmix,coord_grid,6,3038,75975,29.0,25,0.39853916666666667,3.231502443552017,27.25883674621582,275.0211808999993
gnn_rep__N8__line__seed6,gnn_qmix,coord_grid,6,3039,76000,38.0,25,0.39834125,5.406290541092555,27.496729453404743,275.11821880000207
gnn_rep__N8__line__seed6,gnn_qmix,coord_grid,6,3040,76025,46.0,25,0.3981433333333334,4.286015783037458,18.439315795898438,275.20589889999974
gnn_rep__N8__line__seed6,gnn_qmix,coord_grid,6,3041,76050,47.0,25,0.3979454166666667,3.574566255013148,15.317478775978088,275.28571450000163
gnn_rep__N8__line__seed6,gnn_qmix,coord_grid,6,3042,76075,41.0,25,0.39774750000000003,4.562845230102539,16.00533612569173,275.3481001
gnn_rep__N8__line__seed6,gnn_qmix,coord_grid,6,3043,76100,30.0,25,0.39754958333333335,2.430204858382543,22.204176266988117,275.4390888000016
gnn_rep__N8__line__seed6,gnn_qmix,coord_grid,6,3044,76125,52.0,25,0.39735166666666677,2.5235187837055753,17.613062858581543,275.50698510000075
gnn_rep__N8__line__seed6,gnn_qmix,coord_grid,6,3045,76150,43.0,25,0.3971537500000001,4.059418559074402,14.407132705052694,275.6084222999998
gnn_rep__N8__line__seed6,gnn_qmix,coord_grid,6,3046,76175,48.0,25,0.3969558333333333,4.986006061236064,16.100170373916626,275.68519500000184
gnn_rep__N8__line__seed6,gnn_qmix,coord_grid,6,3047,76200,40.0,25,0.3967579166666667,4.902293870846431,13.857193072636923,275.74557410000125
gnn_rep__N8__line__seed6,gnn_qmix,coord_grid,6,3048,76225,51.0,25,0.39656,5.164691141673496,60.287971700940815,275.8459800000019
gnn_rep__N8__line__seed6,gnn_qmix,coord_grid,6,3049,76250,52.0,25,0.39636208333333334,6.304510235786438,58.46702321370443,275.9309581000016
gnn_rep__N8__line__seed6,gnn_qmix,coord_grid,6,3050,76275,46.0,25,0.39616416666666665,3.954976091782252,45.65729173024496,276.0129670999995
gnn_rep__N8__line__seed6,gnn_qmix,coord_grid,6,3051,76300,29.0,25,0.3959662500000001,5.081235438585281,37.316486756006874,276.0862359999992
gnn_rep__N8__line__seed6,gnn_qmix,coord_grid,6,3052,76325,44.0,25,0.3957683333333334,5.519748142787388,18.804150377001083,276.1593694000003
gnn_rep__N8__line__seed6,gnn_qmix,coord_grid,6,3053,76350,43.0,25,0.3955704166666667,4.6707120935122175,16.253286202748615,276.25561200000084
gnn_rep__N8__line__seed6,gnn_qmix,coord_grid,6,3054,76375,48.0,25,0.3953725,3.649336298306783,16.16104292869568,276.35629920000065
gnn_rep__N8__line__seed6,gnn_qmix,coord_grid,6,3055,76400,32.0,25,0.39517458333333333,6.697993795077006,31.62227741877238,276.4228397000006
gnn_rep__N8__line__seed6,gnn_qmix,coord_grid,6,3056,76425,49.0,25,0.39497666666666664,4.78337447983878,12.040687833513532,276.5004469000014
gnn_rep__N8__line__seed6,gnn_qmix,coord_grid,6,3057,76450,34.0,25,0.39477875000000007,4.1804390748341875,17.947041352589924,276.55656420000014
gnn_rep__N8__line__seed6,gnn_qmix,coord_grid,6,3058,76475,33.0,25,0.3945808333333334,6.795050472021103,31.728318214416504,276.6446036000016
gnn_rep__N8__line__seed6,gnn_qmix,coord_grid,6,3059,76500,42.0,25,0.3943829166666667,5.891912221908569,14.428458531697592,276.7482053999993
gnn_rep__N8__line__seed6,gnn_qmix,coord_grid,6,3060,76525,28.0,25,0.394185,3.0578332373074124,13.092932496752058,276.8377604999987
gnn_rep__N8__line__seed6,gnn_qmix,coord_grid,6,3061,76550,44.0,25,0.39398708333333343,4.187648206949234,14.71121366818746,276.8970732000016
gnn_rep__N8__line__seed6,gnn_qmix,coord_grid,6,3062,76575,55.0,25,0.39378916666666675,3.718543787797292,16.58626627922058,276.9742632000016
gnn_rep__N8__line__seed6,gnn_qmix,coord_grid,6,3063,76600,47.0,25,0.39359124999999995,3.294903039932251,19.3723357518514,277.04971730000034
gnn_rep__N8__line__seed6,gnn_qmix,coord_grid,6,3064,76625,41.0,25,0.3933933333333334,3.7606229696955,18.593106542314803,277.1256457999989
gnn_rep__N8__line__seed6,gnn_qmix,coord_grid,6,3065,76650,37.0,25,0.3931954166666667,4.632408986488978,23.935524861017864,277.18325840000034
gnn_rep__N8__line__seed6,gnn_qmix,coord_grid,6,3066,76675,33.0,25,0.3929975,3.4349814653396606,27.57197920481364,277.25876659999994
gnn_rep__N8__line__seed6,gnn_qmix,coord_grid,6,3067,76700,57.0,25,0.3927995833333333,3.21001868446668,8.046001354853312,277.38498470000195
gnn_rep__N8__line__seed6,gnn_qmix,coord_grid,6,3068,76725,38.0,25,0.39260166666666674,4.398092142173222,18.435088430132186,277.4562444000003
gnn_rep__N8__line__seed6,gnn_qmix,coord_grid,6,3069,76750,44.0,25,0.39240375000000005,4.7046650648117065,10.90722370147705,277.54918420000104
gnn_rep__N8__line__seed6,gnn_qmix,coord_grid,6,3070,76775,40.0,25,0.39220583333333336,3.344567060470581,23.380703926086426,277.6412960000016
gnn_rep__N8__line__seed6,gnn_qmix,coord_grid,6,3071,76800,34.0,25,0.3920079166666668,3.3420851627985635,21.560882647832234,277.7430874999991
gnn_rep__N8__line__seed6,gnn_qmix,coord_grid,6,3072,76825,48.0,25,0.39181,3.6055280566215515,11.023407186780657,277.8241323000002
gnn_rep__N8__line__seed6,gnn_qmix,coord_grid,6,3073,76850,44.0,25,0.3916120833333333,4.688136518001556,45.79463640848795,277.91361010000037
gnn_rep__N8__line__seed6,gnn_qmix,coord_grid,6,3074,76875,33.0,25,0.39141416666666673,5.762325982252757,17.562082290649414,278.0145878000003
gnn_rep__N8__line__seed6,gnn_qmix,coord_grid,6,3075,76900,43.0,25,0.39121625000000004,3.71973924835523,18.142210721969604,278.07921179999903
gnn_rep__N8__line__seed6,gnn_qmix,coord_grid,6,3076,76925,54.0,25,0.39101833333333336,3.948419545378004,13.856677395956856,278.149532200001
gnn_rep__N8__line__seed6,gnn_qmix,coord_grid,6,3077,76950,56.0,25,0.39082041666666667,4.484730243682861,18.84628375371297,278.2178583999994
gnn_rep__N8__line__seed6,gnn_qmix,coord_grid,6,3078,76975,43.0,25,0.3906225000000001,3.740417957305908,15.515186150868734,278.29769099999976
gnn_rep__N8__line__seed6,gnn_qmix,coord_grid,6,3079,77000,57.0,25,0.3904245833333334,4.116421138246854,16.42947832743327,278.3556802999992
gnn_rep__N8__line__seed6,gnn_qmix,coord_grid,6,3080,77025,49.0,25,0.3902266666666667,4.07489858354841,66.58531284332275,278.4263503000002
gnn_rep__N8__line__seed6,gnn_qmix,coord_grid,6,3081,77050,55.0,25,0.39002875000000004,6.6597886482874555,45.87956444422404,278.5160004999998
gnn_rep__N8__line__seed6,gnn_qmix,coord_grid,6,3082,77075,44.0,25,0.38983083333333335,8.755334774653116,28.454748074213665,278.60349399999905
gnn_rep__N8__line__seed6,gnn_qmix,coord_grid,6,3083,77100,45.0,25,0.38963291666666666,4.969693412383397,44.905826568603516,278.65310540000064
gnn_rep__N8__line__seed6,gnn_qmix,coord_grid,6,3084,77125,63.0,25,0.389435,3.013669354575021,27.44249493735177,278.7311019000008
gnn_rep__N8__line__seed6,gnn_qmix,coord_grid,6,3085,77150,43.0,25,0.3892370833333334,4.229888737201691,13.25356682141622,278.8220129000001
gnn_rep__N8__line__seed6,gnn_qmix,coord_grid,6,3086,77175,47.0,25,0.3890391666666667,4.216606607039769,24.98289426167806,278.9142666000007
gnn_rep__N8__line__seed6,gnn_qmix,coord_grid,6,3087,77200,49.0,25,0.38884125,3.9217391510804496,24.964375972747803,278.97345530000166
gnn_rep__N8__line__seed6,gnn_qmix,coord_grid,6,3088,77225,33.0,25,0.38864333333333345,3.4501008902277266,11.558749403272357,279.04207959999985
gnn_rep__N8__line__seed6,gnn_qmix,coord_grid,6,3089,77250,62.0,25,0.38844541666666665,5.957241654396057,14.766149282455444,279.1139365000017
gnn_rep__N8__line__seed6,gnn_qmix,coord_grid,6,3090,77275,54.0,25,0.38824749999999997,2.951214243968328,16.18559765815735,279.19322399999874
gnn_rep__N8__line__seed6,gnn_qmix,coord_grid,6,3091,77300,38.0,25,0.3880495833333333,2.510792920986811,19.7053542137146,279.29643869999927
gnn_rep__N8__line__seed6,gnn_qmix,coord_grid,6,3092,77325,47.0,25,0.3878516666666667,6.367916243416922,18.319491250174387,279.37905469999896
gnn_rep__N8__line__seed6,gnn_qmix,coord_grid,6,3093,77350,47.0,25,0.38765375,4.238715499639511,24.999438762664795,279.45698450000054
gnn_rep__N8__line__seed6,gnn_qmix,coord_grid,6,3094,77375,57.0,25,0.38745583333333333,3.3473276495933533,21.032620668411255,279.5388085000013
gnn_rep__N8__line__seed6,gnn_qmix,coord_grid,6,3095,77400,40.0,25,0.38725791666666676,6.1952210168043775,24.559905687967937,279.5954257000012
gnn_rep__N8__line__seed6,gnn_qmix,coord_grid,6,3096,77425,56.0,25,0.38706000000000007,3.0310604657445634,20.414790425981796,279.67150279999987
gnn_rep__N8__line__seed6,gnn_qmix,coord_grid,6,3097,77450,24.0,25,0.3868620833333334,4.733066131671269,32.87341721852621,279.7596580999998
gnn_rep__N8__line__seed6,gnn_qmix,coord_grid,6,3098,77475,37.0,25,0.3866641666666667,4.75814688205719,23.613075256347656,279.83657289999974
gnn_rep__N8__line__seed6,gnn_qmix,coord_grid,6,3099,77500,36.0,25,0.38646625,4.004527032375336,12.685136953989664,279.94759239999985
gnn_rep__N8__line__seed6,gnn_qmix,coord_grid,6,3100,77525,42.0,25,0.3862683333333333,2.9628661445208957,18.153070858546666,280.00970040000175
gnn_rep__N8__line__seed6,gnn_qmix,coord_grid,6,3101,77550,37.0,25,0.38607041666666664,3.0010456343491874,20.052640120188396,280.0627587000017
gnn_rep__N8__line__seed6,gnn_qmix,coord_grid,6,3102,77575,39.0,25,0.38587250000000006,6.298219139377276,15.727999846140543,280.1558675999986
gnn_rep__N8__line__seed6,gnn_qmix,coord_grid,6,3103,77600,50.0,25,0.3856745833333334,3.368038833141327,18.23416217168172,280.27751790000184
gnn_rep__N8__line__seed6,gnn_qmix,coord_grid,6,3104,77625,40.0,25,0.3854766666666667,5.024127960205078,13.936058044433594,280.3668070999993
gnn_rep__N8__line__seed6,gnn_qmix,coord_grid,6,3105,77650,49.0,25,0.3852787500000001,3.941838284333547,20.353440920511883,280.4377862000001
gnn_rep__N8__line__seed6,gnn_qmix,coord_grid,6,3106,77675,43.0,25,0.3850808333333334,4.254261622826259,15.897867759068808,280.49658329999875
gnn_rep__N8__line__seed6,gnn_qmix,coord_grid,6,3107,77700,28.0,25,0.38488291666666663,4.628122727076213,17.001524448394775,280.60616469999877
gnn_rep__N8__line__seed6,gnn_qmix,coord_grid,6,3108,77725,64.0,25,0.38468499999999994,3.5181397880826677,26.80423137119838,280.7095584000017
gnn_rep__N8__line__seed6,gnn_qmix,coord_grid,6,3109,77750,58.0,25,0.38448708333333337,5.291975845893224,27.99401315053304,280.7896154000009
gnn_rep__N8__line__seed6,gnn_qmix,coord_grid,6,3110,77775,24.0,25,0.3842891666666667,3.7721263468265533,17.663583437601726,280.89966540000023
gnn_rep__N8__line__seed6,gnn_qmix,coord_grid,6,3111,77800,50.0,25,0.38409125,3.794293155272802,11.438104232152304,280.9893063000018
gnn_rep__N8__line__seed6,gnn_qmix,coord_grid,6,3112,77825,54.0,25,0.3838933333333334,4.861127580915179,86.20920126778739,281.0590513999996
gnn_rep__N8__line__seed6,gnn_qmix,coord_grid,6,3113,77850,26.0,25,0.38369541666666673,4.681431969006856,36.26362228393555,281.11994530000084
gnn_rep__N8__line__seed6,gnn_qmix,coord_grid,6,3114,77875,52.0,25,0.38349750000000005,6.707841555277507,25.730263074239094,281.1880587000014
gnn_rep__N8__line__seed6,gnn_qmix,coord_grid,6,3115,77900,45.0,25,0.38329958333333336,3.5534276564915976,20.49045483271281,281.28174450000006
gnn_rep__N8__line__seed6,gnn_qmix,coord_grid,6,3116,77925,33.0,25,0.3831016666666667,5.051752499171665,13.377954414912633,281.34208969999963
gnn_rep__N8__line__seed6,gnn_qmix,coord_grid,6,3117,77950,41.0,25,0.38290375,8.025827089945475,15.33101757367452,281.46112659999926
gnn_rep__N8__line__seed6,gnn_qmix,coord_grid,6,3118,77975,53.0,25,0.3827058333333333,3.0952839652697244,17.074488560358684,281.5540903000001
gnn_rep__N8__line__seed6,gnn_qmix,coord_grid,6,3119,78000,66.0,25,0.3825079166666667,4.807123422622681,29.39203627904256,281.62175840000054
gnn_rep__N8__line__seed6,gnn_qmix,coord_grid,6,3120,78025,55.0,25,0.38231000000000004,6.0154686485018045,24.243669305528915,281.70019559999855
gnn_rep__N8__line__seed6,gnn_qmix,coord_grid,6,3121,78050,47.0,25,0.38211208333333335,4.0772778292497,21.769587834676106,281.7585963999991
gnn_rep__N8__line__seed6,gnn_qmix,coord_grid,6,3122,78075,50.0,25,0.3819141666666668,3.2834426164627075,20.838882287343342,281.8559333000012
gnn_rep__N8__line__seed6,gnn_qmix,coord_grid,6,3123,78100,51.0,25,0.3817162500000001,5.010948528846105,22.33992099761963,281.94638269999996
gnn_rep__N8__line__seed6,gnn_qmix,coord_grid,6,3124,78125,61.0,25,0.3815183333333333,4.267921217850277,18.379464285714285,282.0401864000014
gnn_rep__N8__line__seed6,gnn_qmix,coord_grid,6,3125,78150,55.0,25,0.3813204166666666,5.376110782225926,27.274327119191486,282.1439769999997
gnn_rep__N8__line__seed6,gnn_qmix,coord_grid,6,3126,78175,43.0,25,0.38112250000000003,3.083944400151571,15.704951683680216,282.193740900002
gnn_rep__N8__line__seed6,gnn_qmix,coord_grid,6,3127,78200,44.0,25,0.38092458333333334,3.5948439836502075,16.77437710762024,282.2728281999989
gnn_rep__N8__line__seed6,gnn_qmix,coord_grid,6,3128,78225,66.0,25,0.38072666666666666,5.774527217660632,14.933132580348424,282.3574235999986
gnn_rep__N8__line__seed6,gnn_qmix,coord_grid,6,3129,78250,67.0,25,0.3805287500000001,4.013768484195073,14.861124197642008,282.4149357999995
gnn_rep__N8__line__seed6,gnn_qmix,coord_grid,6,3130,78275,61.0,25,0.3803308333333334,2.6911366681257882,18.335774024327595,282.50783460000093
gnn_rep__N8__line__seed6,gnn_qmix,coord_grid,6,3131,78300,50.0,25,0.3801329166666667,4.47128289937973,22.412612915039062,282.6017037999991
gnn_rep__N8__line__seed6,gnn_qmix,coord_grid,6,3132,78325,61.0,25,0.37993500000000013,5.944307701928275,23.12958186013358,282.69963469999857
gnn_rep__N8__line__seed6,gnn_qmix,coord_grid,6,3133,78350,43.0,25,0.37973708333333334,4.642407596111298,17.155120929082234,282.79894440000135
gnn_rep__N8__line__seed6,gnn_qmix,coord_grid,6,3134,78375,69.0,25,0.37953916666666665,3.0082438389460244,19.7336106300354,282.917937000002
gnn_rep__N8__line__seed6,gnn_qmix,coord_grid,6,3135,78400,42.0,25,0.37934124999999996,5.437180558840434,19.481433868408203,283.01231760000155
gnn_rep__N8__line__seed6,gnn_qmix,coord_grid,6,3136,78425,67.0,25,0.3791433333333334,4.819949150085449,19.06966188975743,283.1244445000011
gnn_rep__N8__line__seed6,gnn_qmix,coord_grid,6,3137,78450,44.0,25,0.3789454166666667,4.411534468332927,15.88045326868693,283.2639440999992
gnn_rep__N8__line__seed6,gnn_qmix,coord_grid,6,3138,78475,56.0,25,0.3787475,4.992421358823776,26.737642606099445,283.345821400002
gnn_rep__N8__line__seed6,gnn_qmix,coord_grid,6,3139,78500,56.0,25,0.37854958333333344,6.4534803827603655,22.799318154652912,283.40332019999914
gnn_rep__N8__line__seed6,gnn_qmix,coord_grid,6,3140,78525,51.0,25,0.37835166666666675,4.35396546125412,31.042548997061594,283.4911705000013
gnn_rep__N8__line__seed6,gnn_qmix,coord_grid,6,3141,78550,63.0,25,0.37815375000000007,5.0301125049591064,22.152220567067463,283.5536252999991
gnn_rep__N8__line__seed6,gnn_qmix,coord_grid,6,3142,78575,54.0,25,0.37795583333333327,3.6541371842225394,25.540067195892334,283.625665800002
gnn_rep__N8__line__seed6,gnn_qmix,coord_grid,6,3143,78600,76.0,25,0.3777579166666667,3.5180279910564423,19.722700436909992,283.73070310000185
gnn_rep__N8__line__seed6,gnn_qmix,coord_grid,6,3144,78625,47.0,25,0.37756,4.42620849609375,92.3071779523577,283.81625859999986
gnn_rep__N8__line__seed6,gnn_qmix,coord_grid,6,3145,78650,51.0,25,0.3773620833333333,3.954204559326172,49.356204668680824,283.87237190000087
gnn_rep__N8__line__seed6,gnn_qmix,coord_grid,6,3146,78675,50.0,25,0.37716416666666674,3.9926759004592896,58.74392064412435,283.93206120000104
gnn_rep__N8__line__seed6,gnn_qmix,coord_grid,6,3147,78700,51.0,25,0.37696625000000006,3.8737871249516806,29.584595203399658,283.987495100002
gnn_rep__N8__line__seed6,gnn_qmix,coord_grid,6,3148,78725,60.0,25,0.37676833333333337,4.809961157185691,20.36340127672468,284.08229389999906
gnn_rep__N8__line__seed6,gnn_qmix,coord_grid,6,3149,78750,59.0,25,0.3765704166666668,4.339768469333649,33.1515908241272,284.169252300002
gnn_rep__N8__line__seed6,gnn_qmix,coord_grid,6,3150,78775,58.0,25,0.3763725,4.1282505095005035,26.445382912953693,284.280514500002
gnn_rep__N8__line__seed6,gnn_qmix,coord_grid,6,3151,78800,51.0,25,0.3761745833333333,5.585271894931793,23.175743579864502,284.37322100000165
gnn_rep__N8__line__seed6,gnn_qmix,coord_grid,6,3152,78825,63.0,25,0.3759766666666666,5.643404841423035,19.14214141028268,284.4383577000008
gnn_rep__N8__line__seed6,gnn_qmix,coord_grid,6,3153,78850,46.0,25,0.37577875000000005,4.602440079053243,16.84839137395223,284.52013250000164
gnn_rep__N8__line__seed6,gnn_qmix,coord_grid,6,3154,78875,33.0,25,0.37558083333333336,4.620839238166809,13.575628598531088,284.5688102999993
gnn_rep__N8__line__seed6,gnn_qmix,coord_grid,6,3155,78900,43.0,25,0.3753829166666667,5.067140658696492,16.647458871205647,284.64565049999874
gnn_rep__N8__line__seed6,gnn_qmix,coord_grid,6,3156,78925,69.0,25,0.3751850000000001,4.035547631127494,25.246238367898123,284.73330129999886
gnn_rep__N8__line__seed6,gnn_qmix,coord_grid,6,3157,78950,62.0,25,0.3749870833333334,4.788772304852803,23.96278444925944,284.8105518000011
gnn_rep__N8__line__seed6,gnn_qmix,coord_grid,6,3158,78975,47.0,25,0.37478916666666673,3.76785871386528,25.23129415512085,284.9043325999992
gnn_rep__N8__line__seed6,gnn_qmix,coord_grid,6,3159,79000,40.0,25,0.37459124999999993,7.017552574475606,18.910576820373535,284.9644621000007
gnn_rep__N8__line__seed6,gnn_qmix,coord_grid,6,3160,79025,45.0,25,0.37439333333333336,3.9217701809746877,13.79180213383266,285.0730183000014
gnn_rep__N8__line__seed6,gnn_qmix,coord_grid,6,3161,79050,51.0,25,0.37419541666666667,4.709567487239838,20.327538013458252,285.21547049999936
gnn_rep__N8__line__seed6,gnn_qmix,coord_grid,6,3162,79075,40.0,25,0.3739975,5.131012996037801,29.9989861647288,285.31981280000036
gnn_rep__N8__line__seed6,gnn_qmix,coord_grid,6,3163,79100,68.0,25,0.3737995833333334,4.642302691936493,30.365986665089924,285.39416229999915
gnn_rep__N8__line__seed6,gnn_qmix,coord_grid,6,3164,79125,38.0,25,0.3736016666666667,6.468020864895412,27.50122206551688,285.51427160000094
gnn_rep__N8__line__seed6,gnn_qmix,coord_grid,6,3165,79150,45.0,25,0.37340375000000003,6.460475246111552,19.51065476735433,285.63991290000195
gnn_rep__N8__line__seed6,gnn_qmix,coord_grid,6,3166,79175,51.0,25,0.37320583333333335,6.079097509384155,28.996323267618816,285.7124556000017
gnn_rep__N8__line__seed6,gnn_qmix,coord_grid,6,3167,79200,45.0,25,0.3730079166666668,4.262707094351451,25.97600595156352,285.7761438000016
gnn_rep__N8__line__seed6,gnn_qmix,coord_grid,6,3168,79225,51.0,25,0.37281,4.29738974571228,37.62054484231131,285.8494974999994
gnn_rep__N8__line__seed6,gnn_qmix,coord_grid,6,3169,79250,58.0,25,0.3726120833333333,3.328992118438085,40.71943759918213,285.914809599999
gnn_rep__N8__line__seed6,gnn_qmix,coord_grid,6,3170,79275,73.0,25,0.3724141666666667,3.7049302756786346,39.001500606536865,286.00343749999956
gnn_rep__N8__line__seed6,gnn_qmix,coord_grid,6,3171,79300,48.0,25,0.37221625,4.2750863035519915,30.963485876719158,286.08050300000104
gnn_rep__N8__line__seed6,gnn_qmix,coord_grid,6,3172,79325,45.0,25,0.37201833333333334,3.6964810150010243,22.22438042504447,286.1552206999986
gnn_rep__N8__line__seed6,gnn_qmix,coord_grid,6,3173,79350,53.0,25,0.37182041666666676,6.997859756151835,21.505427916844685,286.23166539999875
gnn_rep__N8__line__seed6,gnn_qmix,coord_grid,6,3174,79375,34.0,25,0.3716225000000001,4.37313707669576,25.850455443064373,286.371354400002
gnn_rep__N8__line__seed6,gnn_qmix,coord_grid,6,3175,79400,52.0,25,0.3714245833333334,3.254060685634613,29.40142075220744,286.4381136000011
gnn_rep__N8__line__seed6,gnn_qmix,coord_grid,6,3176,79425,46.0,25,0.3712266666666667,6.958553859165737,74.80155086517334,286.5052152999997
gnn_rep__N8__line__seed6,gnn_qmix,coord_grid,6,3177,79450,44.0,25,0.37102875,7.981121867895126,47.73048400878906,286.6051191000006
gnn_rep__N8__line__seed6,gnn_qmix,coord_grid,6,3178,79475,47.0,25,0.37083083333333333,5.505407790342967,31.89515193303426,286.696483300002
gnn_rep__N8__line__seed6,gnn_qmix,coord_grid,6,3179,79500,47.0,25,0.37063291666666665,4.873155474662781,26.41033871968587,286.77147909999985
gnn_rep__N8__line__seed6,gnn_qmix,coord_grid,6,3180,79525,52.0,25,0.37043500000000007,6.08465393951961,22.924868651798793,286.841903200002
gnn_rep__N8__line__seed6,gnn_qmix,coord_grid,6,3181,79550,48.0,25,0.3702370833333334,4.41091251373291,32.85354391733805,286.9046053999991
gnn_rep__N8__line__seed6,gnn_qmix,coord_grid,6,3182,79575,43.0,25,0.3700391666666667,4.039491871992747,24.52823766072591,286.9565384999987
gnn_rep__N8__line__seed6,gnn_qmix,coord_grid,6,3183,79600,57.0,25,0.36984125,3.406759242216746,18.17273012797038,287.0272600999997
gnn_rep__N8__line__seed6,gnn_qmix,coord_grid,6,3184,79625,49.0,25,0.36964333333333343,3.8958248836653575,12.75753014428275,287.139271
gnn_rep__N8__line__seed6,gnn_qmix,coord_grid,6,3185,79650,52.0,25,0.36944541666666664,5.3759543895721436,17.137011528015137,287.2278699000017
gnn_rep__N8__line__seed6,gnn_qmix,coord_grid,6,3186,79675,42.0,25,0.36924749999999995,5.023818115393321,32.04175662994385,287.33124619999944
gnn_rep__N8__line__seed6,gnn_qmix,coord_grid,6,3187,79700,59.0,25,0.3690495833333334,6.031873782475789,29.14816125233968,287.39585570000054
gnn_rep__N8__line__seed6,gnn_qmix,coord_grid,6,3188,79725,56.0,25,0.3688516666666667,4.444928322519575,24.36053705215454,287.4843543999996
gnn_rep__N8__line__seed6,gnn_qmix,coord_grid,6,3189,79750,44.0,25,0.36865375,2.403093288342158,25.88560652732849,287.5993172999988
gnn_rep__N8__line__seed6,gnn_qmix,coord_grid,6,3190,79775,48.0,25,0.3684558333333334,6.004436492919922,22.017879724502563,287.68317780000143
gnn_rep__N8__line__seed6,gnn_qmix,coord_grid,6,3191,79800,60.0,25,0.36825791666666674,5.8651654322942095,31.545132795969646,287.7687224000001
gnn_rep__N8__line__seed6,gnn_qmix,coord_grid,6,3192,79825,44.0,25,0.36806000000000005,3.6298835703304837,21.7645446232387,287.83480340000096
gnn_rep__N8__line__seed6,gnn_qmix,coord_grid,6,3193,79850,73.0,25,0.36786208333333337,5.479136665662129,26.579142252604168,287.94040049999967
gnn_rep__N8__line__seed6,gnn_qmix,coord_grid,6,3194,79875,40.0,25,0.3676641666666667,4.939243922630946,14.197465578715006,288.0260097999999
gnn_rep__N8__line__seed6,gnn_qmix,coord_grid,6,3195,79900,38.0,25,0.36746625,6.3940989176432295,26.145580689112347,288.1862356999991
gnn_rep__N8__line__seed6,gnn_qmix,coord_grid,6,3196,79925,57.0,25,0.3672683333333333,4.82101514509746,19.605398723057338,288.2600832999997
gnn_rep__N8__line__seed6,gnn_qmix,coord_grid,6,3197,79950,29.0,25,0.36707041666666673,4.9848634004592896,10.65526549021403,288.3564976000016
gnn_rep__N8__line__seed6,gnn_qmix,coord_grid,6,3198,79975,49.0,25,0.36687250000000005,4.926563004652659,20.137285232543945,288.44849220000106
gnn_rep__N8__line__seed6,gnn_qmix,coord_grid,6,3199,80000,58.0,25,0.36667458333333336,4.821876555681229,14.979388078053793,288.5623040999999
gnn_rep__N8__line__seed6,gnn_qmix,coord_grid,6,3200,80025,44.0,25,0.3664766666666667,3.9411463482039317,26.040244238717214,288.6852792999998
gnn_rep__N8__line__seed6,gnn_qmix,coord_grid,6,3201,80050,50.0,25,0.3662787500000001,6.944197217623393,19.943249066670734,288.7987558999994
gnn_rep__N8__line__seed6,gnn_qmix,coord_grid,6,3202,80075,51.0,25,0.3660808333333334,3.947707692782084,21.30992825826009,288.8747637999986
gnn_rep__N8__line__seed6,gnn_qmix,coord_grid,6,3203,80100,52.0,25,0.3658829166666666,5.449037671089172,27.285446643829346,289.00038829999903
gnn_rep__N8__line__seed6,gnn_qmix,coord_grid,6,3204,80125,49.0,25,0.36568500000000004,6.295456937381199,42.000990186418804,289.1074824999996
gnn_rep__N8__line__seed6,gnn_qmix,coord_grid,6,3205,80150,55.0,25,0.36548708333333335,5.949582119782765,36.86761792500814,289.1805272999991
gnn_rep__N8__line__seed6,gnn_qmix,coord_grid,6,3206,80175,56.0,25,0.36528916666666666,4.408171405394872,24.634308179219563,289.2719829999987
gnn_rep__N8__line__seed6,gnn_qmix,coord_grid,6,3207,80200,58.0,25,0.3650912500000001,3.594919423262278,27.256454308827717,289.36970870000005
gnn_rep__N8__line__seed6,gnn_qmix,coord_grid,6,3208,80225,51.0,25,0.3648933333333334,4.855453916958401,94.42007882254464,289.44647410000107
gnn_rep__N8__line__seed6,gnn_qmix,coord_grid,6,3209,80250,43.0,25,0.3646954166666667,6.056371649106343,61.007266998291016,289.5364050999997
gnn_rep__N8__line__seed6,gnn_qmix,coord_grid,6,3210,80275,52.0,25,0.36449750000000003,6.504876474539439,65.38161849975586,289.61009040000135
gnn_rep__N8__line__seed6,gnn_qmix,coord_grid,6,3211,80300,42.0,25,0.36429958333333334,3.5660011569658914,22.456921497980755,289.69971839999926
gnn_rep__N8__line__seed6,gnn_qmix,coord_grid,6,3212,80325,53.0,25,0.36410166666666666,3.437455517905099,15.617671421595983,289.8015097999996
gnn_rep__N8__line__seed6,gnn_qmix,coord_grid,6,3213,80350,47.0,25,0.36390374999999997,3.507063945134481,16.616789023081463,289.89843060000203
gnn_rep__N8__line__seed6,gnn_qmix,coord_grid,6,3214,80375,57.0,25,0.3637058333333334,3.5449600319067636,27.770636081695557,289.9477931000001
gnn_rep__N8__line__seed6,gnn_qmix,coord_grid,6,3215,80400,62.0,25,0.3635079166666667,8.107932726542154,29.645385265350342,290.0130618000003
gnn_rep__N8__line__seed6,gnn_qmix,coord_grid,6,3216,80425,62.0,25,0.36331,5.515884791101728,30.6436892918178,290.09834520000004
gnn_rep__N8__line__seed6,gnn_qmix,coord_grid,6,3217,80450,54.0,25,0.36311208333333334,6.020218789577484,13.47389268875122,290.1705980000006
gnn_rep__N8__line__seed6,gnn_qmix,coord_grid,6,3218,80475,29.0,25,0.36291416666666676,5.561435749133428,20.728178183237713,290.25819350000165
gnn_rep__N8__line__seed6,gnn_qmix,coord_grid,6,3219,80500,49.0,25,0.3627162500000001,4.618699222803116,25.919031620025635,290.3369960000018
gnn_rep__N8__line__seed6,gnn_qmix,coord_grid,6,3220,80525,55.0,25,0.3625183333333333,4.3678732344082425,15.952565329415458,290.4246983000012
gnn_rep__N8__line__seed6,gnn_qmix,coord_grid,6,3221,80550,52.0,25,0.3623204166666667,2.2212195793787637,19.109278519948322,290.51895530000183
gnn_rep__N8__line__seed6,gnn_qmix,coord_grid,6,3222,80575,57.0,25,0.3621225,4.504315555095673,15.67573618888855,290.61969039999894
gnn_rep__N8__line__seed6,gnn_qmix,coord_grid,6,3223,80600,62.0,25,0.3619245833333333,4.187883536020915,24.530075867970783,290.7462908000016
gnn_rep__N8__line__seed6,gnn_qmix,coord_grid,6,3224,80625,54.0,25,0.36172666666666675,3.6902327878134593,17.24552685873849,290.80561149999994
gnn_rep__N8__line__seed6,gnn_qmix,coord_grid,6,3225,80650,42.0,25,0.36152875000000007,4.45713875691096,19.92269802093506,290.8774736000014
gnn_rep__N8__line__seed6,gnn_qmix,coord_grid,6,3226,80675,74.0,25,0.3613308333333334,3.5157233675320945,17.974268674850464,290.9884094000008
gnn_rep__N8__line__seed6,gnn_qmix,coord_grid,6,3227,80700,56.0,25,0.3611329166666667,4.227050532897313,26.50267791748047,291.093489400002
gnn_rep__N8__line__seed6,gnn_qmix,coord_grid,6,3228,80725,54.0,25,0.3609350000000001,5.351136003221784,15.30048302241734,291.20909630000097
gnn_rep__N8__line__seed6,gnn_qmix,coord_grid,6,3229,80750,51.0,25,0.3607370833333333,4.663183639446895,37.19381030400594,291.28457759999947
gnn_rep__N8__line__seed6,gnn_qmix,coord_grid,6,3230,80775,56.0,25,0.36053916666666663,5.524541576703389,19.684771696726482,291.3649030000015
gnn_rep__N8__line__seed6,gnn_qmix,coord_grid,6,3231,80800,59.0,25,0.36034125000000006,2.975571165482203,29.274988333384197,291.45457969999916
gnn_rep__N8__line__seed6,gnn_qmix,coord_grid,6,3232,80825,59.0,25,0.36014333333333337,6.003893443516323,33.26251070840018,291.532680100001
gnn_rep__N8__line__seed6,gnn_qmix,coord_grid,6,3233,80850,49.0,25,0.3599454166666667,4.740523159503937,28.16342067718506,291.6047037999997
gnn_rep__N8__line__seed6,gnn_qmix,coord_grid,6,3234,80875,62.0,25,0.3597475,2.941305249929428,32.10498929023743,291.67758719999983
gnn_rep__N8__line__seed6,gnn_qmix,coord_grid,6,3235,80900,53.0,25,0.3595495833333334,6.165562738974889,19.305113951365154,291.7796859000009
gnn_rep__N8__line__seed6,gnn_qmix,coord_grid,6,3236,80925,64.0,25,0.35935166666666674,3.610122408185686,34.236068044389995,291.85233580000204
gnn_rep__N8__line__seed6,gnn_qmix,coord_grid,6,3237,80950,58.0,25,0.35915375000000005,4.5735527376333875,28.95544703801473,291.9323938999987
gnn_rep__N8__line__seed6,gnn_qmix,coord_grid,6,3238,80975,43.0,25,0.35895583333333336,4.396075169245402,15.71648367245992,291.9933643000004
gnn_rep__N8__line__seed6,gnn_qmix,coord_grid,6,3239,81000,50.0,25,0.3587579166666667,5.702019472916921,17.480245113372803,292.07320080000136
gnn_rep__N8__line__seed6,gnn_qmix,coord_grid,6,3240,81025,68.0,25,0.35856,6.637221608843122,97.57391575404576,292.18075970000064
gnn_rep__N8__line__seed6,gnn_qmix,coord_grid,6,3241,81050,35.0,25,0.3583620833333333,4.757479906082153,40.5980593363444,292.2868884999989
gnn_rep__N8__line__seed6,gnn_qmix,coord_grid,6,3242,81075,55.0,25,0.35816416666666673,3.2633392612139382,46.44642186164856,292.4079063999998
gnn_rep__N8__line__seed6,gnn_qmix,coord_grid,6,3243,81100,44.0,25,0.35796625000000004,5.266927580038707,45.55923970540365,292.5216084999993
gnn_rep__N8__line__seed6,gnn_qmix,coord_grid,6,3244,81125,57.0,25,0.35776833333333335,2.3805292333875383,22.22971841267177,292.60579209999923
gnn_rep__N8__line__seed6,gnn_qmix,coord_grid,6,3245,81150,57.0,25,0.3575704166666668,5.490829050540924,19.929704427719116,292.7101917
gnn_rep__N8__line__seed6,gnn_qmix,coord_grid,6,3246,81175,53.0,25,0.3573725,2.7120560805002847,23.329972942670185,292.7871120000018
gnn_rep__N8__line__seed6,gnn_qmix,coord_grid,6,3247,81200,58.0,25,0.3571745833333333,3.007387717564901,32.55205535888672,292.8624686000003
gnn_rep__N8__line__seed6,gnn_qmix,coord_grid,6,3248,81225,49.0,25,0.3569766666666667,3.855191264833723,30.768565041678293,292.95781980000174
gnn_rep__N8__line__seed6,gnn_qmix,coord_grid,6,3249,81250,50.0,25,0.35677875000000003,4.187962532043457,27.241610527038574,293.02949330000047
gnn_rep__N8__line__seed6,gnn_qmix,coord_grid,6,3250,81275,63.0,25,0.35658083333333335,5.3358758588631945,26.8397954305013,293.08372959999906
gnn_rep__N8__line__seed6,gnn_qmix,coord_grid,6,3251,81300,42.0,25,0.35638291666666666,4.811811178922653,38.83873049418131,293.16669679999904
gnn_rep__N8__line__seed6,gnn_qmix,coord_grid,6,3252,81325,54.0,25,0.3561850000000001,4.926233172416687,31.491570200238908,293.2731281999986
gnn_rep__N8__line__seed6,gnn_qmix,coord_grid,6,3253,81350,55.0,25,0.3559870833333334,4.6734611093997955,26.636312166849773,293.32409910000206
gnn_rep__N8__line__seed6,gnn_qmix,coord_grid,6,3254,81375,71.0,25,0.3557891666666667,6.292868872483571,39.81644980112711,293.44026809999923
gnn_rep__N8__line__seed6,gnn_qmix,coord_grid,6,3255,81400,68.0,25,0.35559125,4.082730134328206,15.371649424235025,293.522054699999
gnn_rep__N8__line__seed6,gnn_qmix,coord_grid,6,3256,81425,57.0,25,0.35539333333333334,5.159657197339194,35.47023963928223,293.59105139999883
gnn_rep__N8__line__seed6,gnn_qmix,coord_grid,6,3257,81450,60.0,25,0.35519541666666665,4.1464274525642395,37.74864896138509,293.69079860000056
gnn_rep__N8__line__seed6,gnn_qmix,coord_grid,6,3258,81475,46.0,25,0.35499749999999997,2.4785288075606027,42.57639122009277,293.787645299999
gnn_rep__N8__line__seed6,gnn_qmix,coord_grid,6,3259,81500,51.0,25,0.3547995833333334,6.271169503529866,30.99409834543864,293.8640149000021
gnn_rep__N8__line__seed6,gnn_qmix,coord_grid,6,3260,81525,70.0,25,0.3546016666666667,3.762673556804657,33.914373942783904,293.93286290000106
gnn_rep__N8__line__seed6,gnn_qmix,coord_grid,6,3261,81550,56.0,25,0.35440375,5.11786675453186,20.726795434951782,294.0038181000018
gnn_rep__N8__line__seed6,gnn_qmix,coord_grid,6,3262,81575,49.0,25,0.35420583333333344,5.121143062909444,19.66675321261088,294.1117903000013
gnn_rep__N8__line__seed6,gnn_qmix,coord_grid,6,3263,81600,53.0,25,0.35400791666666676,2.579253693421682,17.2463591893514,294.20797669999956
gnn_rep__N8__line__seed6,gnn_qmix,coord_grid,6,3264,81625,66.0,25,0.35380999999999996,4.23794880935124,32.62736688341413,294.28261270000075
gnn_rep__N8__line__seed6,gnn_qmix,coord_grid,6,3265,81650,56.0,25,0.3536120833333334,3.580243090788523,25.4373033841451,294.356154699999
gnn_rep__N8__line__seed6,gnn_qmix,coord_grid,6,3266,81675,53.0,25,0.3534141666666667,5.608956495920817,17.068367560704548,294.45071929999904
gnn_rep__N8__line__seed6,gnn_qmix,coord_grid,6,3267,81700,48.0,25,0.35321625,4.7263792753219604,16.690358956654865,294.5210638999997
gnn_rep__N8__line__seed6,gnn_qmix,coord_grid,6,3268,81725,64.0,25,0.3530183333333333,4.161503655569894,30.82430444444929,294.6049529000011
gnn_rep__N8__line__seed6,gnn_qmix,coord_grid,6,3269,81750,47.0,25,0.35282041666666675,5.699020544687907,19.500259558359783,294.67080820000047
gnn_rep__N8__line__seed6,gnn_qmix,coord_grid,6,3270,81775,59.0,25,0.35262250000000006,4.658226857582728,17.723877429962158,294.7458990999985
gnn_rep__N8__line__seed6,gnn_qmix,coord_grid,6,3271,81800,58.0,25,0.3524245833333334,2.4647518197695413,25.05649407704671,294.79274179999993
gnn_rep__N8__line__seed6,gnn_qmix,coord_grid,6,3272,81825,52.0,25,0.3522266666666667,5.972641144480024,95.31646619524274,294.8667741999998
gnn_rep__N8__line__seed6,gnn_qmix,coord_grid,6,3273,81850,63.0,25,0.35202875,5.508695175250371,39.947157303492226,294.96134710000115
gnn_rep__N8__line__seed6,gnn_qmix,coord_grid,6,3274,81875,45.0,25,0.3518308333333333,6.038723329703013,33.52188968658447,295.05901670000094
gnn_rep__N8__line__seed6,gnn_qmix,coord_grid,6,3275,81900,48.0,25,0.35163291666666663,4.931917230288188,37.13881699244181,295.1117034000017
gnn_rep__N8__line__seed6,gnn_qmix,coord_grid,6,3276,81925,63.0,25,0.35143500000000005,6.888039316449847,35.93348366873605,295.22509120000177
gnn_rep__N8__line__seed6,gnn_qmix,coord_grid,6,3277,81950,32.0,25,0.35123708333333337,5.386246840159099,17.823482990264893,295.29650910000055
gnn_rep__N8__line__seed6,gnn_qmix,coord_grid,6,3278,81975,51.0,25,0.3510391666666667,4.233533571163814,14.903419653574625,295.362758700001
gnn_rep__N8__line__seed6,gnn_qmix,coord_grid,6,3279,82000,50.0,25,0.3508412500000001,5.104188680648804,21.191647211710613,295.44314830000076
gnn_rep__N8__line__seed6,gnn_qmix,coord_grid,6,3280,82025,61.0,25,0.3506433333333334,6.1592085020882745,27.68305914742606,295.50722560000213
gnn_rep__N8__line__seed6,gnn_qmix,coord_grid,6,3281,82050,73.0,25,0.3504454166666666,3.2209861477216086,21.465443293253582,295.57600509999975
gnn_rep__N8__line__seed6,gnn_qmix,coord_grid,6,3282,82075,52.0,25,0.35024750000000004,5.817344754934311,26.097578207651775,295.6457937000014
gnn_rep__N8__line__seed6,gnn_qmix,coord_grid,6,3283,82100,49.0,25,0.35004958333333336,7.105895300706227,14.791582902272543,295.70401839999977
gnn_rep__N8__line__seed6,gnn_qmix,coord_grid,6,3284,82125,42.0,25,0.34985166666666667,4.411070491586413,12.903959683009557,295.8037179999992
gnn_rep__N8__line__seed6,gnn_qmix,coord_grid,6,3285,82150,44.0,25,0.34965375,3.202570855617523,21.119428316752117,295.87930069999857
gnn_rep__N8__line__seed6,gnn_qmix,coord_grid,6,3286,82175,57.0,25,0.3494558333333334,4.943979740142822,27.823886235555012,295.9536042
gnn_rep__N8__line__seed6,gnn_qmix,coord_grid,6,3287,82200,46.0,25,0.3492579166666667,8.157480319341024,37.32664839426676,296.05475659999865
gnn_rep__N8__line__seed6,gnn_qmix,coord_grid,6,3288,82225,45.0,25,0.34906000000000004,4.759687985692706,27.311970029558456,296.13576770000145
gnn_rep__N8__line__seed6,gnn_qmix,coord_grid,6,3289,82250,46.0,25,0.34886208333333346,6.534689595301946,27.024726390838623,296.2404908999997
gnn_rep__N8__line__seed6,gnn_qmix,coord_grid,6,3290,82275,47.0,25,0.34866416666666666,7.112966299057007,15.902812163035074,296.32875499999864
gnn_rep__N8__line__seed6,gnn_qmix,coord_grid,6,3291,82300,69.0,25,0.34846625,6.416488528251648,19.392156680425007,296.4103614000014
gnn_rep__N8__line__seed6,gnn_qmix,coord_grid,6,3292,82325,51.0,25,0.3482683333333333,6.668764982904706,16.550012043544225,296.5164779000006
gnn_rep__N8__line__seed6,gnn_qmix,coord_grid,6,3293,82350,52.0,25,0.3480704166666667,3.8292195002237954,22.230578263600666,296.5845214000001
gnn_rep__N8__line__seed6,gnn_qmix,coord_grid,6,3294,82375,61.0,25,0.34787250000000003,8.114234447479248,12.137144247690836,296.64543499999854
gnn_rep__N8__line__seed6,gnn_qmix,coord_grid,6,3295,82400,40.0,25,0.34767458333333334,3.79516073067983,34.30591869354248,296.7134146999997
gnn_rep__N8__line__seed6,gnn_qmix,coord_grid,6,3296,82425,65.0,25,0.34747666666666677,4.377881859030042,34.69642203194754,296.7766182999985
gnn_rep__N8__line__seed6,gnn_qmix,coord_grid,6,3297,82450,38.0,25,0.3472787500000001,7.725493808587392,18.27476978302002,296.87635579999915
gnn_rep__N8__line__seed6,gnn_qmix,coord_grid,6,3298,82475,50.0,25,0.3470808333333334,5.3189599215984344,19.950623750686646,296.9961242999998
gnn_rep__N8__line__seed6,gnn_qmix,coord_grid,6,3299,82500,47.0,25,0.3468829166666667,6.051270544528961,29.272871494293213,297.0784875999998
gnn_rep__N8__line__seed6,gnn_qmix,coord_grid,6,3300,82525,59.0,25,0.346685,6.702317586966923,23.151658943721227,297.16460860000007
gnn_rep__N8__line__seed6,gnn_qmix,coord_grid,6,3301,82550,32.0,25,0.34648708333333333,5.396600723266602,26.609500408172607,297.2810759999993
gnn_rep__N8__line__seed6,gnn_qmix,coord_grid,6,3302,82575,42.0,25,0.34628916666666665,4.873420238494873,14.118049303690592,297.3413717000003
gnn_rep__N8__line__seed6,gnn_qmix,coord_grid,6,3303,82600,59.0,25,0.3460912500000001,6.5437552233537035,15.197745005289713,297.43136400000003
gnn_rep__N8__line__seed6,gnn_qmix,coord_grid,6,3304,82625,46.0,25,0.3458933333333334,6.825036457606724,97.509519304548,297.478621000002
gnn_rep__N8__line__seed6,gnn_qmix,coord_grid,6,3305,82650,47.0,25,0.3456954166666667,6.006349941094716,64.04498068491618,297.55618479999976
gnn_rep__N8__line__seed6,gnn_qmix,coord_grid,6,3306,82675,48.0,25,0.3454975000000001,5.407823145389557,55.35853910446167,297.6527939000007
gnn_rep__N8__line__seed6,gnn_qmix,coord_grid,6,3307,82700,51.0,25,0.3452995833333333,6.196999549865723,42.911386489868164,297.7621601999999
gnn_rep__N8__line__seed6,gnn_qmix,coord_grid,6,3308,82725,34.0,25,0.34510166666666664,6.442028829029629,20.70931884220668,297.87498229999983
gnn_rep__N8__line__seed6,gnn_qmix,coord_grid,6,3309,82750,65.0,25,0.34490374999999995,5.002992212772369,16.96496303876241,297.9809124000021
gnn_rep__N8__line__seed6,gnn_qmix,coord_grid,6,3310,82775,54.0,25,0.3447058333333334,7.3075136840343475,32.672996044158936,298.0532658000011
gnn_rep__N8__line__seed6,gnn_qmix,coord_grid,6,3311,82800,50.0,25,0.3445079166666667,4.831053505341212,25.187801996866863,298.156178199999
gnn_rep__N8__line__seed6,gnn_qmix,coord_grid,6,3312,82825,48.0,25,0.34431,3.896292107445853,19.449489048549108,298.2672824000001
gnn_rep__N8__line__seed6,gnn_qmix,coord_grid,6,3313,82850,52.0,25,0.34411208333333343,7.524900674819946,43.557804107666016,298.35423730000184
gnn_rep__N8__line__seed6,gnn_qmix,coord_grid,6,3314,82875,53.0,25,0.34391416666666674,3.976375381151835,31.43833287556966,298.42283809999935
gnn_rep__N8__line__seed6,gnn_qmix,coord_grid,6,3315,82900,57.0,25,0.34371625000000006,6.8445093631744385,17.566760778427124,298.4996038999998
gnn_rep__N8__line__seed6,gnn_qmix,coord_grid,6,3316,82925,71.0,25,0.34351833333333326,3.536025047302246,17.0464768409729,298.6004557999986
gnn_rep__N8__line__seed6,gnn_qmix,coord_grid,6,3317,82950,51.0,25,0.3433204166666667,7.304571787516276,23.591797987620037,298.70768419999877
gnn_rep__N8__line__seed6,gnn_qmix,coord_grid,6,3318,82975,60.0,25,0.3431225,6.030950506528218,18.465616544087727,298.81535670000085
gnn_rep__N8__line__seed6,gnn_qmix,coord_grid,6,3319,83000,45.0,25,0.3429245833333333,4.390360812346141,25.175973574320476,298.92821919999915
gnn_rep__N8__line__seed6,gnn_qmix,coord_grid,6,3320,83025,44.0,25,0.34272666666666673,6.384358933993748,28.488351276942662,299.0070502000017
gnn_rep__N8__line__seed6,gnn_qmix,coord_grid,6,3321,83050,47.0,25,0.34252875000000005,4.9712600608666735,29.093793710072834,299.0849178999997
gnn_rep__N8__line__seed6,gnn_qmix,coord_grid,6,3322,83075,51.0,25,0.34233083333333336,7.3848686416943865,12.608810822168985,299.16475659999924
gnn_rep__N8__line__seed6,gnn_qmix,coord_grid,6,3323,83100,53.0,25,0.3421329166666668,5.425009310245514,20.13639561335246,299.23962400000164
gnn_rep__N8__line__seed6,gnn_qmix,coord_grid,6,3324,83125,56.0,25,0.3419350000000001,5.994297283036368,19.44936602456229,299.35088220000034
gnn_rep__N8__line__seed6,gnn_qmix,coord_grid,6,3325,83150,62.0,25,0.3417370833333333,6.6663850744565325,19.41190457344055,299.4397959000016
gnn_rep__N8__line__seed6,gnn_qmix,coord_grid,6,3326,83175,63.0,25,0.3415391666666666,6.121582825978597,20.374605814615887,299.55439320000005
gnn_rep__N8__line__seed6,gnn_qmix,coord_grid,6,3327,83200,58.0,25,0.34134125000000004,7.797569354375203,31.366376876831055,299.64013949999935
gnn_rep__N8__line__seed6,gnn_qmix,coord_grid,6,3328,83225,55.0,25,0.34114333333333335,5.754162584032331,22.82406861441476,299.77108020000014
gnn_rep__N8__line__seed6,gnn_qmix,coord_grid,6,3329,83250,52.0,25,0.34094541666666667,6.0514364043871565,14.100271463394165,299.8680525000018
gnn_rep__N8__line__seed6,gnn_qmix,coord_grid,6,3330,83275,57.0,25,0.3407475000000001,5.502433160940806,12.960663795471191,299.94622810000146
gnn_rep__N8__line__seed6,gnn_qmix,coord_grid,6,3331,83300,49.0,25,0.3405495833333334,4.338774969180425,17.02044900258382,300.0089141999997
gnn_rep__N8__line__seed6,gnn_qmix,coord_grid,6,3332,83325,60.0,25,0.3403516666666667,6.868023702076504,21.57421370915004,300.11151510000127
gnn_rep__N8__line__seed6,gnn_qmix,coord_grid,6,3333,83350,49.0,25,0.34015375000000003,3.9847253461678824,27.95688311258952,300.2279232000001
gnn_rep__N8__line__seed6,gnn_qmix,coord_grid,6,3334,83375,69.0,25,0.33995583333333335,4.36721592148145,16.895521481831867,300.35866779999924
gnn_rep__N8__line__seed6,gnn_qmix,coord_grid,6,3335,83400,71.0,25,0.33975791666666666,5.091073195139567,15.362136363983154,300.46706560000166
gnn_rep__N8__line__seed6,gnn_qmix,coord_grid,6,3336,83425,54.0,25,0.33956,7.334942443030221,94.37369864327567,300.5855856999988
gnn_rep__N8__line__seed6,gnn_qmix,coord_grid,6,3337,83450,48.0,25,0.3393620833333334,6.951365113258362,63.936395009358726,300.65876500000013
gnn_rep__N8__line__seed6,gnn_qmix,coord_grid,6,3338,83475,37.0,25,0.3391641666666667,7.199124852816264,50.261831283569336,300.73719920000076
gnn_rep__N8__line__seed6,gnn_qmix,coord_grid,6,3339,83500,56.0,25,0.33896625,6.863922039667766,62.4538771311442,300.84786259999964
gnn_rep__N8__line__seed6,gnn_qmix,coord_grid,6,3340,83525,47.0,25,0.33876833333333345,5.799555352755955,31.701073237827845,300.90636200000154
gnn_rep__N8__line__seed6,gnn_qmix,coord_grid,6,3341,83550,65.0,25,0.33857041666666676,5.2746224999427795,30.057971795399983,301.00364980000086
gnn_rep__N8__line__seed6,gnn_qmix,coord_grid,6,3342,83575,45.0,25,0.33837249999999996,5.718531439701716,29.76454798380534,301.1295476999985
gnn_rep__N8__line__seed6,gnn_qmix,coord_grid,6,3343,83600,60.0,25,0.3381745833333333,7.0172962347666425,34.26997756958008,301.2393756999991
gnn_rep__N8__line__seed6,gnn_qmix,coord_grid,6,3344,83625,61.0,25,0.3379766666666667,6.550652503967285,17.526737894330704,301.30170200000066
gnn_rep__N8__line__seed6,gnn_qmix,coord_grid,6,3345,83650,50.0,25,0.33777875,4.582882940769196,18.377947012583416,301.4114062000008
gnn_rep__N8__line__seed6,gnn_qmix,coord_grid,6,3346,83675,40.0,25,0.33758083333333333,5.902443955341975,23.606108983357746,301.5443693999987
gnn_rep__N8__line__seed6,gnn_qmix,coord_grid,6,3347,83700,69.0,25,0.33738291666666675,4.784113645553589,23.642926851908367,301.6157606000015
gnn_rep__N8__line__seed6,gnn_qmix,coord_grid,6,3348,83725,56.0,25,0.33718500000000007,3.1972587534359524,27.26736559186663,301.7528669000021
gnn_rep__N8__line__seed6,gnn_qmix,coord_grid,6,3349,83750,71.0,25,0.3369870833333334,6.229016145070394,18.04355271657308,301.8496085000006
gnn_rep__N8__line__seed6,gnn_qmix,coord_grid,6,3350,83775,70.0,25,0.3367891666666667,4.063585718472798,13.094888607660929,301.9749799000019
gnn_rep__N8__line__seed6,gnn_qmix,coord_grid,6,3351,83800,71.0,25,0.33659125,2.842443863550822,21.849215666453045,302.0904140999992
gnn_rep__N8__line__seed6,gnn_qmix,coord_grid,6,3352,83825,45.0,25,0.3363933333333333,6.808229463441031,26.60993412562779,302.19026479999957
gnn_rep__N8__line__seed6,gnn_qmix,coord_grid,6,3353,83850,49.0,25,0.33619541666666664,4.584498405456543,27.749636967976887,302.2970411999995
gnn_rep__N8__line__seed6,gnn_qmix,coord_grid,6,3354,83875,70.0,25,0.33599750000000006,5.140493830045064,18.35769240061442,302.3704469000004
gnn_rep__N8__line__seed6,gnn_qmix,coord_grid,6,3355,83900,57.0,25,0.3357995833333334,5.926908175150554,24.198023319244385,302.4486226000008
gnn_rep__N8__line__seed6,gnn_qmix,coord_grid,6,3356,83925,87.0,25,0.3356016666666667,6.768915346690586,30.59360258919852,302.510775499999
gnn_rep__N8__line__seed6,gnn_qmix,coord_grid,6,3357,83950,61.0,25,0.3354037500000001,2.8760057588418326,26.125157992045086,302.6406304000011
gnn_rep__N8__line__seed6,gnn_qmix,coord_grid,6,3358,83975,59.0,25,0.3352058333333334,4.6692046622435255,37.36884609858195,302.7436736000018
gnn_rep__N8__line__seed6,gnn_qmix,coord_grid,6,3359,84000,72.0,25,0.33500791666666674,6.960819800694783,15.89012885093689,302.87187600000107
gnn_rep__N8__line__seed6,gnn_qmix,coord_grid,6,3360,84025,62.0,25,0.33480999999999994,6.621633018766131,32.76135458265032,302.9352822000001
gnn_rep__N8__line__seed6,gnn_qmix,coord_grid,6,3361,84050,50.0,25,0.33461208333333337,5.256577134132385,25.378775596618652,303.0208942999998
gnn_rep__N8__line__seed6,gnn_qmix,coord_grid,6,3362,84075,49.0,25,0.3344141666666667,4.510537346204122,22.4925635655721,303.1381403999985
gnn_rep__N8__line__seed6,gnn_qmix,coord_grid,6,3363,84100,44.0,25,0.33421625,6.0045764446258545,34.66485325495402,303.22632910000175
gnn_rep__N8__line__seed6,gnn_qmix,coord_grid,6,3364,84125,59.0,25,0.3340183333333334,4.204680902617318,38.946313176836284,303.3493382000015
gnn_rep__N8__line__seed6,gnn_qmix,coord_grid,6,3365,84150,64.0,25,0.33382041666666673,7.668160359064738,31.679879665374756,303.438779600001
gnn_rep__N8__line__seed6,gnn_qmix,coord_grid,6,3366,84175,58.0,25,0.33362250000000004,4.0411995848019915,33.496109326680504,303.50958439999886
gnn_rep__N8__line__seed6,gnn_qmix,coord_grid,6,3367,84200,64.0,25,0.33342458333333336,2.2926597793896994,43.61224285761515,303.60137920000125
gnn_rep__N8__line__seed6,gnn_qmix,coord_grid,6,3368,84225,56.0,25,0.33322666666666667,8.482307161603655,111.7727802821568,303.7242484999988
gnn_rep__N8__line__seed6,gnn_qmix,coord_grid,6,3369,84250,58.0,25,0.33302875,5.147070507208507,54.903448740641274,303.8022071999985
gnn_rep__N8__line__seed6,gnn_qmix,coord_grid,6,3370,84275,72.0,25,0.3328308333333333,4.428415497144063,62.21982638041178,303.88696509999863
gnn_rep__N8__line__seed6,gnn_qmix,coord_grid,6,3371,84300,53.0,25,0.3326329166666667,5.292535563309987,24.562485059102375,303.9484697000007
gnn_rep__N8__line__seed6,gnn_qmix,coord_grid,6,3372,84325,83.0,25,0.33243500000000004,5.170664472239358,31.244184698377335,304.0368982
gnn_rep__N8__line__seed6,gnn_qmix,coord_grid,6,3373,84350,64.0,25,0.33223708333333335,3.4674988985061646,20.700231631596882,304.1502185999998
gnn_rep__N8__line__seed6,gnn_qmix,coord_grid,6,3374,84375,61.0,25,0.3320391666666668,4.646767218907674,17.466077009836834,304.2438168000008
gnn_rep__N8__line__seed6,gnn_qmix,coord_grid,6,3375,84400,73.0,25,0.3318412500000001,4.728562414646149,31.999768257141113,304.330664000001
gnn_rep__N8__line__seed6,gnn_qmix,coord_grid,6,3376,84425,49.0,25,0.3316433333333334,6.152569132191794,21.76711164202009,304.40413009999975
gnn_rep__N8__line__seed6,gnn_qmix,coord_grid,6,3377,84450,54.0,25,0.3314454166666666,7.7698305149873095,32.648255030314125,304.5066723000018
gnn_rep__N8__line__seed6,gnn_qmix,coord_grid,6,3378,84475,55.0,25,0.33124750000000003,6.555156787236531,28.340832074483234,304.5902453999988
gnn_rep__N8__line__seed6,gnn_qmix,coord_grid,6,3379,84500,52.0,25,0.33104958333333334,8.32160265247027,23.729915936787922,304.6647575999996
gnn_rep__N8__line__seed6,gnn_qmix,coord_grid,6,3380,84525,43.0,25,0.33085166666666666,5.823964783123562,16.438587529318674,304.751256800002
gnn_rep__N8__line__seed6,gnn_qmix,coord_grid,6,3381,84550,57.0,25,0.3306537500000001,8.577677965164185,24.08714485168457,304.82198789999893
gnn_rep__N8__line__seed6,gnn_qmix,coord_grid,6,3382,84575,81.0,25,0.3304558333333334,3.437608232100805,13.718684991200766,304.89553810000143
gnn_rep__N8__line__seed6,gnn_qmix,coord_grid,6,3383,84600,64.0,25,0.3302579166666667,5.305366069078445,24.728496710459392,304.97411009999996
gnn_rep__N8__line__seed6,gnn_qmix,coord_grid,6,3384,84625,59.0,25,0.33006,5.817031690052578,26.78276470729283,305.0486036000002
gnn_rep__N8__line__seed6,gnn_qmix,coord_grid,6,3385,84650,53.0,25,0.32986208333333344,4.875233252843221,41.03096421559652,305.15644650000104
gnn_rep__N8__line__seed6,gnn_qmix,coord_grid,6,3386,84675,74.0,25,0.32966416666666665,7.844746510187785,38.88904627164205,305.26792130000103
gnn_rep__N8__line__seed6,gnn_qmix,coord_grid,6,3387,84700,51.0,25,0.32946624999999996,5.36869752407074,21.037325541178387,305.32797330000176
gnn_rep__N8__line__seed6,gnn_qmix,coord_grid,6,3388,84725,57.0,25,0.3292683333333334,4.713281835828509,14.248217173985072,305.4566242000001
gnn_rep__N8__line__seed6,gnn_qmix,coord_grid,6,3389,84750,67.0,25,0.3290704166666667,4.206267197926839,36.66019360224406,305.6235684000021
gnn_rep__N8__line__seed6,gnn_qmix,coord_grid,6,3390,84775,79.0,25,0.3288725,7.757168879111608,19.372314771016438,305.6845441000005
gnn_rep__N8__line__seed6,gnn_qmix,coord_grid,6,3391,84800,75.0,25,0.3286745833333333,6.123953759670258,13.41480048497518,305.77495740000086
gnn_rep__N8__line__seed6,gnn_qmix,coord_grid,6,3392,84825,80.0,25,0.32847666666666675,4.017765981810434,16.01293686458043,305.85882219999985
gnn_rep__N8__line__seed6,gnn_qmix,coord_grid,6,3393,84850,52.0,25,0.32827875000000006,6.48932487765948,16.628493309020996,305.94031410000025
gnn_rep__N8__line__seed6,gnn_qmix,coord_grid,6,3394,84875,54.0,25,0.3280808333333334,7.3660052220026655,23.288540204366047,306.0543264000007
gnn_rep__N8__line__seed6,gnn_qmix,coord_grid,6,3395,84900,53.0,25,0.3278829166666667,4.627113918463389,24.851447423299152,306.12939449999976
gnn_rep__N8__line__seed6,gnn_qmix,coord_grid,6,3396,84925,77.0,25,0.327685,8.408825303827014,19.066476821899414,306.2190026999997
gnn_rep__N8__line__seed6,gnn_qmix,coord_grid,6,3397,84950,68.0,25,0.3274870833333333,7.762229343255361,34.54545815785726,306.29829750000135
gnn_rep__N8__line__seed6,gnn_qmix,coord_grid,6,3398,84975,50.0,25,0.32728916666666674,4.986693620681763,46.75411073366801,306.3734934999993
gnn_rep__N8__line__seed6,gnn_qmix,coord_grid,6,3399,85000,49.0,25,0.32709125000000006,5.248456627130508,20.747136910756428,306.43930470000123
gnn_rep__N8__line__seed6,gnn_qmix,coord_grid,6,3400,85025,72.0,25,0.32689333333333337,9.0873932157244,99.27915736607143,306.5355399
gnn_rep__N8__line__seed6,gnn_qmix,coord_grid,6,3401,85050,57.0,25,0.3266954166666667,5.035675823688507,51.62412150700887,306.6148748000014
gnn_rep__N8__line__seed6,gnn_qmix,coord_grid,6,3402,85075,63.0,25,0.3264975000000001,10.092322677373886,36.65545638402303,306.74395340000046
gnn_rep__N8__line__seed6,gnn_qmix,coord_grid,6,3403,85100,54.0,25,0.3262995833333333,6.06434299548467,31.807154019673664,306.84605290000036
gnn_rep__N8__line__seed6,gnn_qmix,coord_grid,6,3404,85125,55.0,25,0.3261016666666666,5.202381423541477,24.823413848876953,306.95703180000055
gnn_rep__N8__line__seed6,gnn_qmix,coord_grid,6,3405,85150,49.0,25,0.32590375000000005,4.7521818081537885,25.949227333068848,307.09382710000136
gnn_rep__N8__line__seed6,gnn_qmix,coord_grid,6,3406,85175,58.0,25,0.32570583333333336,6.758886019388835,24.340072711308796,307.23265639999954
gnn_rep__N8__line__seed6,gnn_qmix,coord_grid,6,3407,85200,61.0,25,0.3255079166666667,4.844227592150371,17.683098316192627,307.3529980000021
gnn_rep__N8__line__seed6,gnn_qmix,coord_grid,6,3408,85225,69.0,25,0.32531,4.875064194202423,27.63976260593959,307.4166255000018
gnn_rep__N8__line__seed6,gnn_qmix,coord_grid,6,3409,85250,46.0,25,0.3251120833333334,7.357965558767319,31.908502737681072,307.5302432999997
gnn_rep__N8__line__seed6,gnn_qmix,coord_grid,6,3410,85275,54.0,25,0.3249141666666667,7.474197308222453,39.19059308369955,307.58176169999933
gnn_rep__N8__line__seed6,gnn_qmix,coord_grid,6,3411,85300,58.0,25,0.32471625000000004,6.138669401407242,29.35295232137044,307.7040651999996
gnn_rep__N8__line__seed6,gnn_qmix,coord_grid,6,3412,85325,60.0,25,0.32451833333333335,4.234519004821777,39.43399068287441,307.75972099999854
gnn_rep__N8__line__seed6,gnn_qmix,coord_grid,6,3413,85350,60.0,25,0.32432041666666667,2.81616348028183,22.750417550404865,307.852674400001
gnn_rep__N8__line__seed6,gnn_qmix,coord_grid,6,3414,85375,53.0,25,0.3241225,8.649309366941452,24.729775031407673,307.93897560000187
gnn_rep__N8__line__seed6,gnn_qmix,coord_grid,6,3415,85400,54.0,25,0.3239245833333334,4.69645157456398,31.29878346125285,308.0254836999993
gnn_rep__N8__line__seed6,gnn_qmix,coord_grid,6,3416,85425,61.0,25,0.3237266666666667,6.506847245352609,31.570971148354666,308.1135466000014
gnn_rep__N8__line__seed6,gnn_qmix,coord_grid,6,3417,85450,59.0,25,0.32352875000000003,5.5418879588445025,35.679315646489464,308.23125699999946
gnn_rep__N8__line__seed6,gnn_qmix,coord_grid,6,3418,85475,70.0,25,0.32333083333333335,6.654535373051961,30.375895023345947,308.3189913999995
gnn_rep__N8__line__seed6,gnn_qmix,coord_grid,6,3419,85500,64.0,25,0.32313291666666677,6.079618612925212,21.181007385253906,308.42239619999964
gnn_rep__N8__line__seed6,gnn_qmix,coord_grid,6,3420,85525,38.0,25,0.3229350000000001,4.650316195828574,18.966894149780273,308.4917755999995
gnn_rep__N8__line__seed6,gnn_qmix,coord_grid,6,3421,85550,71.0,25,0.3227370833333333,7.325845559438069,34.71130704879761,308.5520354
gnn_rep__N8__line__seed6,gnn_qmix,coord_grid,6,3422,85575,66.0,25,0.3225391666666667,2.9588560263315835,22.08496602376302,308.63772999999856
gnn_rep__N8__line__seed6,gnn_qmix,coord_grid,6,3423,85600,68.0,25,0.32234125,8.76722494761149,29.921938101450603,308.72206970000116
gnn_rep__N8__line__seed6,gnn_qmix,coord_grid,6,3424,85625,61.0,25,0.32214333333333334,8.13596841267177,28.79869842529297,308.84607329999926
gnn_rep__N8__line__seed6,gnn_qmix,coord_grid,6,3425,85650,56.0,25,0.32194541666666665,7.325565576553345,23.575427532196045,308.9619394000001
gnn_rep__N8__line__seed6,gnn_qmix,coord_grid,6,3426,85675,50.0,25,0.3217475000000001,4.76949958006541,40.97315279642741,309.0429280999997
gnn_rep__N8__line__seed6,gnn_qmix,coord_grid,6,3427,85700,68.0,25,0.3215495833333334,4.262434720993042,25.63414986928304,309.13160960000096
gnn_rep__N8__line__seed6,gnn_qmix,coord_grid,6,3428,85725,73.0,25,0.3213516666666667,6.96729872907911,35.70249094281878,309.1876999999986
gnn_rep__N8__line__seed6,gnn_qmix,coord_grid,6,3429,85750,63.0,25,0.32115375,7.400160074234009,24.211461385091145,309.28431590000037
gnn_rep__N8__line__seed6,gnn_qmix,coord_grid,6,3430,85775,45.0,25,0.32095583333333333,7.387549002965291,30.442962964375813,309.39302229999885
gnn_rep__N8__line__seed6,gnn_qmix,coord_grid,6,3431,85800,36.0,25,0.32075791666666664,3.3894777595996857,33.745094299316406,309.48811299999943
gnn_rep__N8__line__seed6,gnn_qmix,coord_grid,6,3432,85825,66.0,25,0.32056000000000007,7.51423944745745,110.15654536655971,309.5884509999996
gnn_rep__N8__line__seed6,gnn_qmix,coord_grid,6,3433,85850,60.0,25,0.3203620833333334,4.298364510138829,31.715808153152466,309.69082609999896
gnn_rep__N8__line__seed6,gnn_qmix,coord_grid,6,3434,85875,62.0,25,0.3201641666666667,2.2334697345892587,38.4153520266215,309.783378600001
gnn_rep__N8__line__seed6,gnn_qmix,coord_grid,6,3435,85900,61.0,25,0.31996625,5.672438929478328,46.51932907104492,309.87888450000173
gnn_rep__N8__line__seed6,gnn_qmix,coord_grid,6,3436,85925,56.0,25,0.31976833333333343,3.802176356315613,28.15889276776995,309.9844615000002
gnn_rep__N8__line__seed6,gnn_qmix,coord_grid,6,3437,85950,45.0,25,0.31957041666666675,6.167401323715846,23.77393039067586,310.054923300002
gnn_rep__N8__line__seed6,gnn_qmix,coord_grid,6,3438,85975,63.0,25,0.31937249999999995,11.41529369354248,15.132699410120646,310.2040220000017
gnn_rep__N8__line__seed6,gnn_qmix,coord_grid,6,3439,86000,80.0,25,0.3191745833333334,6.786118219296138,28.504524389902752,310.28162599999996
gnn_rep__N8__line__seed6,gnn_qmix,coord_grid,6,3440,86025,65.0,25,0.3189766666666667,4.934780512537275,23.358261925833567,310.35500930000126
gnn_rep__N8__line__seed6,gnn_qmix,coord_grid,6,3441,86050,45.0,25,0.31877875,6.817412247260411,28.714884122212727,310.4924447000012
gnn_rep__N8__line__seed6,gnn_qmix,coord_grid,6,3442,86075,76.0,25,0.3185808333333333,5.538195768992106,37.321211179097496,310.5947935000004
gnn_rep__N8__line__seed6,gnn_qmix,coord_grid,6,3443,86100,73.0,25,0.31838291666666674,7.001192977031072,28.717851797739666,310.6751135000013
gnn_rep__N8__line__seed6,gnn_qmix,coord_grid,6,3444,86125,78.0,25,0.31818500000000005,5.02331006526947,35.33965342385428,310.7594516999998
gnn_rep__N8__line__seed6,gnn_qmix,coord_grid,6,3445,86150,69.0,25,0.31798708333333336,5.513688584168752,15.00332776705424,310.83454450000136
gnn_rep__N8__line__seed6,gnn_qmix,coord_grid,6,3446,86175,50.0,25,0.3177891666666668,7.370169887940089,15.023292223612467,310.92788719999953
gnn_rep__N8__line__seed6,gnn_qmix,coord_grid,6,3447,86200,50.0,25,0.31759125,4.774216632048289,29.48642412821452,311.0388598999998
gnn_rep__N8__line__seed6,gnn_qmix,coord_grid,6,3448,86225,54.0,25,0.3173933333333333,9.400016980511802,24.736069679260254,311.1151503000001
gnn_rep__N8__line__seed6,gnn_qmix,coord_grid,6,3449,86250,84.0,25,0.31719541666666673,4.194828550020854,19.18848689397176,311.1780968999992
gnn_rep__N8__line__seed6,gnn_qmix,coord_grid,6,3450,86275,56.0,25,0.31699750000000004,8.24982762336731,24.905091603597004,311.2768655
gnn_rep__N8__line__seed6,gnn_qmix,coord_grid,6,3451,86300,54.0,25,0.31679958333333336,3.720652719338735,26.77254867553711,311.3561931000004
gnn_rep__N8__line__seed6,gnn_qmix,coord_grid,6,3452,86325,80.0,25,0.31660166666666667,3.642536759376526,33.18105479649135,311.4565235000009
gnn_rep__N8__line__seed6,gnn_qmix,coord_grid,6,3453,86350,76.0,25,0.3164037500000001,4.79296201467514,25.587334632873535,311.53696800000034
gnn_rep__N8__line__seed6,gnn_qmix,coord_grid,6,3454,86375,84.0,25,0.3162058333333334,6.125901768604915,16.63536198933919,311.6360945999986
gnn_rep__N8__line__seed6,gnn_qmix,coord_grid,6,3455,86400,69.0,25,0.3160079166666667,6.158894330263138,18.422521988550823,311.70935779999854
gnn_rep__N8__line__seed6,gnn_qmix,coord_grid,6,3456,86425,75.0,25,0.31581000000000004,5.383370467594692,22.426605224609375,311.8013910000009
gnn_rep__N8__line__seed6,gnn_qmix,coord_grid,6,3457,86450,62.0,25,0.31561208333333335,5.485947320858638,27.70968834559123,311.8805496999994
gnn_rep__N8__line__seed6,gnn_qmix,coord_grid,6,3458,86475,70.0,25,0.31541416666666666,9.58318755030632,19.730498631795246,311.9474057000007
gnn_rep__N8__line__seed6,gnn_qmix,coord_grid,6,3459,86500,54.0,25,0.31521625,9.458997090657553,36.12591520945231,312.0307305999995
gnn_rep__N8__line__seed6,gnn_qmix,coord_grid,6,3460,86525,56.0,25,0.3150183333333334,3.2373037338256836,30.109274864196777,312.0919689000002
gnn_rep__N8__line__seed6,gnn_qmix,coord_grid,6,3461,86550,74.0,25,0.3148204166666667,8.100371281305948,24.348377068837483,312.1716774000015
gnn_rep__N8__line__seed6,gnn_qmix,coord_grid,6,3462,86575,60.0,25,0.3146225,2.3669041891892753,24.13408358891805,312.25779110000076
gnn_rep__N8__line__seed6,gnn_qmix,coord_grid,6,3463,86600,52.0,25,0.31442458333333345,6.049973905086517,25.22668218612671,312.47493830000167
gnn_rep__N8__line__seed6,gnn_qmix,coord_grid,6,3464,86625,63.0,25,0.31422666666666665,4.837937704154423,88.76131193978446,312.5816353000009
gnn_rep__N8__line__seed6,gnn_qmix,coord_grid,6,3465,86650,84.0,25,0.31402874999999997,8.848027110099792,81.77960840861003,312.6975345999999
gnn_rep__N8__line__seed6,gnn_qmix,coord_grid,6,3466,86675,80.0,25,0.3138308333333333,3.9988264640172324,62.364245096842446,312.7494775999985
gnn_rep__N8__line__seed6,gnn_qmix,coord_grid,6,3467,86700,75.0,25,0.3136329166666667,7.260118464628856,53.767690340677895,312.8290682000006
gnn_rep__N8__line__seed6,gnn_qmix,coord_grid,6,3468,86725,66.0,25,0.313435,8.113254972866603,44.381106512887136,312.92718310000055
gnn_rep__N8__line__seed6,gnn_qmix,coord_grid,6,3469,86750,52.0,25,0.31323708333333333,7.147250970204671,42.426478703816734,312.994829700001
gnn_rep__N8__line__seed6,gnn_qmix,coord_grid,6,3470,86775,95.0,25,0.31303916666666676,2.1299344301223755,22.506269137064617,313.05945670000074
gnn_rep__N8__line__seed6,gnn_qmix,coord_grid,6,3471,86800,63.0,25,0.31284125000000007,4.982031931479772,36.96866957346598,313.17131399999926
gnn_rep__N8__line__seed6,gnn_qmix,coord_grid,6,3472,86825,64.0,25,0.3126433333333334,5.459269446986062,35.316328866141184,313.26411590000134
gnn_rep__N8__line__seed6,gnn_qmix,coord_grid,6,3473,86850,67.0,25,0.3124454166666667,4.335913290580113,32.05232254664103,313.33000470000115
gnn_rep__N8__line__seed6,gnn_qmix,coord_grid,6,3474,86875,49.0,25,0.3122475,4.9673837920029955,36.59856096903483,313.424813900001
gnn_rep__N8__line__seed6,gnn_qmix,coord_grid,6,3475,86900,90.0,25,0.3120495833333333,7.735982100168864,40.3276940981547,313.48927240000194
gnn_rep__N8__line__seed6,gnn_qmix,coord_grid,6,3476,86925,58.0,25,0.31185166666666664,3.992160337311881,53.709995542253765,313.56676030000017
gnn_rep__N8__line__seed6,gnn_qmix,coord_grid,6,3477,86950,78.0,25,0.31165375000000006,5.029791355133057,30.439598242441814,313.64755309999964
gnn_rep__N8__line__seed6,gnn_qmix,coord_grid,6,3478,86975,61.0,25,0.3114558333333334,6.3274721304575605,37.41555309295654,313.74664680000205
gnn_rep__N8__line__seed6,gnn_qmix,coord_grid,6,3479,87000,71.0,25,0.3112579166666667,9.143291840950647,29.05047877629598,313.8258434999989
gnn_rep__N8__line__seed6,gnn_qmix,coord_grid,6,3480,87025,78.0,25,0.3110600000000001,4.36262891973768,21.836825234549387,313.908282299999
gnn_rep__N8__line__seed6,gnn_qmix,coord_grid,6,3481,87050,46.0,25,0.3108620833333334,3.593392242987951,18.226471424102783,314.01519499999995
gnn_rep__N8__line__seed6,gnn_qmix,coord_grid,6,3482,87075,70.0,25,0.31066416666666663,5.6306591629981995,23.873965581258137,314.0663792000014
gnn_rep__N8__line__seed6,gnn_qmix,coord_grid,6,3483,87100,48.0,25,0.31046624999999994,5.513191243012746,23.431299845377605,314.1475461000009
gnn_rep__N8__line__seed6,gnn_qmix,coord_grid,6,3484,87125,57.0,25,0.31026833333333337,7.279591424124582,22.683688844953263,314.257214199999
gnn_rep__N8__line__seed6,gnn_qmix,coord_grid,6,3485,87150,51.0,25,0.3100704166666667,8.329524834950766,26.90031973520915,314.3665414999996
gnn_rep__N8__line__seed6,gnn_qmix,coord_grid,6,3486,87175,66.0,25,0.3098725,2.4208602209885917,28.569421132405598,314.4662363999996
gnn_rep__N8__line__seed6,gnn_qmix,coord_grid,6,3487,87200,82.0,25,0.3096745833333334,3.007725944121679,15.969864447911581,314.54002630000105
gnn_rep__N8__line__seed6,gnn_qmix,coord_grid,6,3488,87225,84.0,25,0.30947666666666673,5.514859361307962,39.43353135245187,314.61500629999864
gnn_rep__N8__line__seed6,gnn_qmix,coord_grid,6,3489,87250,67.0,25,0.30927875000000005,4.82639342546463,24.195722103118896,314.6798612999992
gnn_rep__N8__line__seed6,gnn_qmix,coord_grid,6,3490,87275,54.0,25,0.30908083333333336,8.319308439890543,23.29201602935791,314.7781595999986
gnn_rep__N8__line__seed6,gnn_qmix,coord_grid,6,3491,87300,64.0,25,0.3088829166666667,2.207091679175695,38.50934569040934,314.85385229999883
gnn_rep__N8__line__seed6,gnn_qmix,coord_grid,6,3492,87325,64.0,25,0.308685,5.037266680172512,43.49128368922642,314.9475413
gnn_rep__N8__line__seed6,gnn_qmix,coord_grid,6,3493,87350,65.0,25,0.3084870833333333,8.38217979669571,32.40675441424052,315.02509680000003
gnn_rep__N8__line__seed6,gnn_qmix,coord_grid,6,3494,87375,52.0,25,0.3082891666666667,5.818977534770966,49.115196545918785,315.1474807000013
gnn_rep__N8__line__seed6,gnn_qmix,coord_grid,6,3495,87400,52.0,25,0.30809125000000004,7.074971069892247,32.39090863863627,315.21032990000094
gnn_rep__N8__line__seed6,gnn_qmix,coord_grid,6,3496,87425,80.0,25,0.30789333333333335,7.847693341118949,103.53366088867188,315.31547950000095
gnn_rep__N8__line__seed6,gnn_qmix,coord_grid,6,3497,87450,54.0,25,0.3076954166666668,5.271231283744176,61.50556723276774,315.4073558000018
gnn_rep__N8__line__seed6,gnn_qmix,coord_grid,6,3498,87475,86.0,25,0.3074975000000001,6.388000458478928,40.944589614868164,315.50154250000196
gnn_rep__N8__line__seed6,gnn_qmix,coord_grid,6,3499,87500,64.0,25,0.3072995833333333,7.095957974592845,20.664565881093342,315.6116316000007
gnn_rep__N8__line__seed6,gnn_qmix,coord_grid,6,3500,87525,51.0,25,0.3071016666666666,5.725568635123117,39.438345772879465,315.6726701000007
gnn_rep__N8__line__seed6,gnn_qmix,coord_grid,6,3501,87550,53.0,25,0.30690375000000003,9.082610954840979,15.983751932779947,315.7888571000003
gnn_rep__N8__line__seed6,gnn_qmix,coord_grid,6,3502,87575,74.0,25,0.30670583333333334,5.19486818710963,35.8311513264974,315.8563682999993
gnn_rep__N8__line__seed6,gnn_qmix,coord_grid,6,3503,87600,85.0,25,0.30650791666666666,5.00184890627861,27.151499271392822,315.9366587000004
gnn_rep__N8__line__seed6,gnn_qmix,coord_grid,6,3504,87625,61.0,25,0.3063100000000001,9.828775014196124,26.86972052710397,316.00127350000184
gnn_rep__N8__line__seed6,gnn_qmix,coord_grid,6,3505,87650,66.0,25,0.3061120833333334,3.6365619202454886,29.472290992736816,316.0988900000011
gnn_rep__N8__line__seed6,gnn_qmix,coord_grid,6,3506,87675,67.0,25,0.3059141666666667,3.7436093389987946,43.290416399637856,316.1561413999989
gnn_rep__N8__line__seed6,gnn_qmix,coord_grid,6,3507,87700,71.0,25,0.30571625000000013,3.7276589075724282,30.108636061350506,316.2569936
gnn_rep__N8__line__seed6,gnn_qmix,coord_grid,6,3508,87725,56.0,25,0.30551833333333334,8.126951081412178,26.986484255109513,316.3415128000015
gnn_rep__N8__line__seed6,gnn_qmix,coord_grid,6,3509,87750,71.0,25,0.30532041666666665,6.579320112864177,21.420432885487873,316.4223825000008
gnn_rep__N8__line__seed6,gnn_qmix,coord_grid,6,3510,87775,52.0,25,0.30512249999999996,5.0824587146441145,27.299058596293133,316.5053841000008
gnn_rep__N8__line__seed6,gnn_qmix,coord_grid,6,3511,87800,90.0,25,0.3049245833333334,7.709355195363362,25.34571345647176,316.5700945999997
gnn_rep__N8__line__seed6,gnn_qmix,coord_grid,6,3512,87825,75.0,25,0.3047266666666667,5.074639482157571,31.201080322265625,316.64185089999955
gnn_rep__N8__line__seed6,gnn_qmix,coord_grid,6,3513,87850,72.0,25,0.30452875,7.030751466751099,25.165539423624676,316.7585704000012
gnn_rep__N8__line__seed6,gnn_qmix,coord_grid,6,3514,87875,62.0,25,0.30433083333333344,4.301577736934026,17.405119736989338,316.8633430000009
gnn_rep__N8__line__seed6,gnn_qmix,coord_grid,6,3515,87900,78.0,25,0.30413291666666675,4.355582416057587,28.746804237365723,316.93915240000206
gnn_rep__N8__line__seed6,gnn_qmix,coord_grid,6,3516,87925,63.0,25,0.30393500000000007,4.505955134119306,28.836417198181152,317.02230580000105
gnn_rep__N8__line__seed6,gnn_qmix,coord_grid,6,3517,87950,87.0,25,0.30373708333333327,5.2077794671058655,40.712851206461586,317.1545913000009
gnn_rep__N8__line__seed6,gnn_qmix,coord_grid,6,3518,87975,83.0,25,0.3035391666666667,7.085430284341176,19.663745641708374,317.2349867000012
gnn_rep__N8__line__seed6,gnn_qmix,coord_grid,6,3519,88000,70.0,25,0.30334125,5.62222284078598,26.032121817270916,317.32495460000064
gnn_rep__N8__line__seed6,gnn_qmix,coord_grid,6,3520,88025,49.0,25,0.3031433333333333,4.470360602651324,31.11378792354039,317.4225669000007
gnn_rep__N8__line__seed6,gnn_qmix,coord_grid,6,3521,88050,69.0,25,0.30294541666666674,6.234686662753423,28.895282824834187,317.5194785999993
gnn_rep__N8__line__seed6,gnn_qmix,coord_grid,6,3522,88075,81.0,25,0.30274750000000006,8.395084778467814,15.290338039398193,317.5969499000021
gnn_rep__N8__line__seed6,gnn_qmix,coord_grid,6,3523,88100,84.0,25,0.30254958333333337,5.785594989856084,28.05465332667033,317.6730529000015
gnn_rep__N8__line__seed6,gnn_qmix,coord_grid,6,3524,88125,69.0,25,0.3023516666666668,5.620402812957764,18.41633496965681,317.7733909000017
gnn_rep__N8__line__seed6,gnn_qmix,coord_grid,6,3525,88150,78.0,25,0.30215375,7.827743689219157,21.103606700897217,317.8649697000001
gnn_rep__N8__line__seed6,gnn_qmix,coord_grid,6,3526,88175,54.0,25,0.3019558333333333,7.731869995594025,34.50965181986491,317.9864908999989
gnn_rep__N8__line__seed6,gnn_qmix,coord_grid,6,3527,88200,89.0,25,0.3017579166666666,3.7128206392129264,24.044758955637615,318.0712644000014
gnn_rep__N8__line__seed6,gnn_qmix,coord_grid,6,3528,88225,71.0,25,0.30156000000000005,7.78373782975333,111.6774172101702,318.19024699999864
gnn_rep__N8__line__seed6,gnn_qmix,coord_grid,6,3529,88250,65.0,25,0.30136208333333336,6.615630159775416,59.01822280883789,318.2971237999991
gnn_rep__N8__line__seed6,gnn_qmix,coord_grid,6,3530,88275,62.0,25,0.3011641666666667,9.589876492818197,46.708930015563965,318.41355620000104
gnn_rep__N8__line__seed6,gnn_qmix,coord_grid,6,3531,88300,100.0,25,0.3009662500000001,4.5102198123931885,38.54767004648844,318.49727319999874
gnn_rep__N8__line__seed6,gnn_qmix,coord_grid,6,3532,88325,42.0,25,0.3007683333333334,8.086819240025111,16.26600238255092,318.56929070000115
gnn_rep__N8__line__seed6,gnn_qmix,coord_grid,6,3533,88350,67.0,25,0.30057041666666673,8.779895464579264,24.80588976542155,318.70151070000065
gnn_rep__N8__line__seed6,gnn_qmix,coord_grid,6,3534,88375,45.0,25,0.30037249999999993,4.391446769237518,16.718171278635662,318.8074551999998
gnn_rep__N8__line__seed6,gnn_qmix,coord_grid,6,3535,88400,59.0,25,0.30017458333333336,10.919253508249918,35.90710258483887,318.93458159999864
gnn_rep__N8__line__seed6,gnn_qmix,coord_grid,6,3536,88425,60.0,25,0.29997666666666667,6.238129121916635,29.037392343793595,319.03946559999895
gnn_rep__N8__line__seed6,gnn_qmix,coord_grid,6,3537,88450,57.0,25,0.29977875,10.152561902999878,41.57863426208496,319.1453149000008
gnn_rep__N8__line__seed6,gnn_qmix,coord_grid,6,3538,88475,67.0,25,0.2995808333333334,7.547286033630371,41.516327222188316,319.2198461000007
gnn_rep__N8__line__seed6,gnn_qmix,coord_grid,6,3539,88500,73.0,25,0.2993829166666667,5.3116206129391985,36.407905737559,319.29177450000134
gnn_rep__N8__line__seed6,gnn_qmix,coord_grid,6,3540,88525,74.0,25,0.29918500000000003,6.912456818989345,29.145280838012695,319.38302680000197
gnn_rep__N8__line__seed6,gnn_qmix,coord_grid,6,3541,88550,73.0,25,0.29898708333333335,8.123252669970194,49.15749057133993,319.4819162999993
gnn_rep__N8__line__seed6,gnn_qmix,coord_grid,6,3542,88575,77.0,25,0.2987891666666668,8.0330737332503,27.067162036895752,319.5802275999995
gnn_rep__N8__line__seed6,gnn_qmix,coord_grid,6,3543,88600,50.0,25,0.29859125,4.252231429020564,24.609800656636555,319.66454990000057
gnn_rep__N8__line__seed6,gnn_qmix,coord_grid,6,3544,88625,68.0,25,0.2983933333333333,6.894462977136884,42.57082339695522,319.7257893999995
gnn_rep__N8__line__seed6,gnn_qmix,coord_grid,6,3545,88650,85.0,25,0.2981954166666667,6.441527336835861,30.6066411336263,319.834821299999
gnn_rep__N8__line__seed6,gnn_qmix,coord_grid,6,3546,88675,59.0,25,0.2979975,5.7102485199769335,26.244622548421223,319.92660819999946
gnn_rep__N8__line__seed6,gnn_qmix,coord_grid,6,3547,88700,81.0,25,0.29779958333333334,5.94209756453832,51.34747473398844,319.97966839999935
gnn_rep__N8__line__seed6,gnn_qmix,coord_grid,6,3548,88725,97.0,25,0.29760166666666676,8.01799236025129,19.891454424176896,320.0589198999987
gnn_rep__N8__line__seed6,gnn_qmix,coord_grid,6,3549,88750,90.0,25,0.2974037500000001,5.773822456598282,20.67191489537557,320.1263461000017
gnn_rep__N8__line__seed6,gnn_qmix,coord_grid,6,3550,88775,74.0,25,0.2972058333333334,7.94566289583842,30.894437313079834,320.23596800000087
gnn_rep__N8__line__seed6,gnn_qmix,coord_grid,6,3551,88800,58.0,25,0.2970079166666667,5.829939713080724,26.132268985112507,320.3362937999991
gnn_rep__N8__line__seed6,gnn_qmix,coord_grid,6,3552,88825,63.0,25,0.29681,6.237029569489615,23.44765785762242,320.4087967999985
gnn_rep__N8__line__seed6,gnn_qmix,coord_grid,6,3553,88850,81.0,25,0.29661208333333333,6.571218281984329,39.95585918426514,320.50478980000116
gnn_rep__N8__line__seed6,gnn_qmix,coord_grid,6,3554,88875,66.0,25,0.29641416666666665,5.853706578413646,24.09739589691162,320.56334889999926
gnn_rep__N8__line__seed6,gnn_qmix,coord_grid,6,3555,88900,70.0,25,0.29621625000000007,7.9182218710581465,18.217460950215656,320.6392601000007
gnn_rep__N8__line__seed6,gnn_qmix,coord_grid,6,3556,88925,87.0,25,0.2960183333333334,8.275238701275416,20.597618920462473,320.71959060000154
gnn_rep__N8__line__seed6,gnn_qmix,coord_grid,6,3557,88950,76.0,25,0.2958204166666667,3.5395179390907288,29.48850107192993,320.8204656000016
gnn_rep__N8__line__seed6,gnn_qmix,coord_grid,6,3558,88975,55.0,25,0.2956225,5.8175743718942,18.79481863975525,320.8745491000009
gnn_rep__N8__line__seed6,gnn_qmix,coord_grid,6,3559,89000,66.0,25,0.29542458333333343,6.574300309022267,37.75186745325724,321.0147032999994
gnn_rep__N8__line__seed6,gnn_qmix,coord_grid,6,3560,89025,70.0,25,0.29522666666666664,8.130214282444545,93.4288582120623,321.1336773000003
gnn_rep__N8__line__seed6,gnn_qmix,coord_grid,6,3561,89050,71.0,25,0.29502874999999995,4.844302197297414,81.75849183400472,321.2691182000017
gnn_rep__N8__line__seed6,gnn_qmix,coord_grid,6,3562,89075,58.0,25,0.2948308333333334,6.7413163383801775,39.221818606058754,321.33811380000043
gnn_rep__N8__line__seed6,gnn_qmix,coord_grid,6,3563,89100,71.0,25,0.2946329166666667,3.13279660542806,34.371673583984375,321.41511790000004
gnn_rep__N8__line__seed6,gnn_qmix,coord_grid,6,3564,89125,75.0,25,0.294435,4.0260111178670615,27.30431284223284,321.4999862000004
gnn_rep__N8__line__seed6,gnn_qmix,coord_grid,6,3565,89150,52.0,25,0.2942370833333334,8.27268354098002,47.17749436696371,321.5959852999986
gnn_rep__N8__line__seed6,gnn_qmix,coord_grid,6,3566,89175,78.0,25,0.29403916666666674,5.3400797843933105,40.641575972239174,321.7040104000007
gnn_rep__N8__line__seed6,gnn_qmix,coord_grid,6,3567,89200,69.0,25,0.29384125000000005,8.929454247156778,31.29762315750122,321.7944510000016
gnn_rep__N8__line__seed6,gnn_qmix,coord_grid,6,3568,89225,53.0,25,0.29364333333333337,5.783919061933245,24.254708290100098,321.8573008000021
gnn_rep__N8__line__seed6,gnn_qmix,coord_grid,6,3569,89250,92.0,25,0.2934454166666667,3.7109804650147757,27.80500141779582,321.9345706999993
gnn_rep__N8__line__seed6,gnn_qmix,coord_grid,6,3570,89275,77.0,25,0.2932475,5.940561473369598,29.21698458989461,322.0232438000021
gnn_rep__N8__line__seed6,gnn_qmix,coord_grid,6,3571,89300,64.0,25,0.2930495833333333,10.319834311803183,23.31400156021118,322.0962771000013
gnn_rep__N8__line__seed6,gnn_qmix,coord_grid,6,3572,89325,56.0,25,0.29285166666666673,2.7841913189206804,33.14063944135393,322.22625340000013
gnn_rep__N8__line__seed6,gnn_qmix,coord_grid,6,3573,89350,47.0,25,0.29265375000000005,6.096067448457082,21.482319831848145,322.3105441000007
gnn_rep__N8__line__seed6,gnn_qmix,coord_grid,6,3574,89375,80.0,25,0.29245583333333336,6.790264030297597,25.893053372701008,322.43270570000095
gnn_rep__N8__line__seed6,gnn_qmix,coord_grid,6,3575,89400,56.0,25,0.2922579166666667,4.716515858968099,27.3031481107076,322.53433099999893
gnn_rep__N8__line__seed6,gnn_qmix,coord_grid,6,3576,89425,64.0,25,0.2920600000000001,5.904814788273403,22.90634822845459,322.6505958000016
gnn_rep__N8__line__seed6,gnn_qmix,coord_grid,6,3577,89450,52.0,25,0.2918620833333334,6.738764643669128,25.30953550338745,322.74670999999944
gnn_rep__N8__line__seed6,gnn_qmix,coord_grid,6,3578,89475,62.0,25,0.2916641666666666,8.284769227107367,43.316418965657554,322.8520752000004
gnn_rep__N8__line__seed6,gnn_qmix,coord_grid,6,3579,89500,57.0,25,0.29146625000000004,6.0456448793411255,29.39096252123515,322.9616500000011
gnn_rep__N8__line__seed6,gnn_qmix,coord_grid,6,3580,89525,82.0,25,0.29126833333333335,3.5218384010451182,46.80429744720459,323.08936259999973
gnn_rep__N8__line__seed6,gnn_qmix,coord_grid,6,3581,89550,53.0,25,0.29107041666666666,7.5463935534159345,46.61045138041178,323.1609051000014
gnn_rep__N8__line__seed6,gnn_qmix,coord_grid,6,3582,89575,78.0,25,0.2908725000000001,12.537687619527182,29.261415481567383,323.22376369999984
gnn_rep__N8__line__seed6,gnn_qmix,coord_grid,6,3583,89600,68.0,25,0.2906745833333334,7.552930275599162,32.47880585988363,323.3129470999993
gnn_rep__N8__line__seed6,gnn_qmix,coord_grid,6,3584,89625,90.0,25,0.2904766666666667,5.399975674492972,31.519168785640172,323.46094230000017
gnn_rep__N8__line__seed6,gnn_qmix,coord_grid,6,3585,89650,77.0,25,0.29027875000000003,4.5296637515227,17.27361051241557,323.57225520000065
gnn_rep__N8__line__seed6,gnn_qmix,coord_grid,6,3586,89675,85.0,25,0.29008083333333334,7.367589483658473,22.048075517018635,323.64637199999925
gnn_rep__N8__line__seed6,gnn_qmix,coord_grid,6,3587,89700,71.0,25,0.28988291666666666,4.556624988714854,29.888489723205566,323.72995960000117
gnn_rep__N8__line__seed6,gnn_qmix,coord_grid,6,3588,89725,70.0,25,0.28968499999999997,3.86823114327022,21.90607282093593,323.81577430000107
gnn_rep__N8__line__seed6,gnn_qmix,coord_grid,6,3589,89750,88.0,25,0.2894870833333334,6.0399370193481445,27.009679476420086,323.9445201999988
gnn_rep__N8__line__seed6,gnn_qmix,coord_grid,6,3590,89775,68.0,25,0.2892891666666667,3.0164755384127298,17.029144128163654,324.02828299999965
gnn_rep__N8__line__seed6,gnn_qmix,coord_grid,6,3591,89800,69.0,25,0.28909125,5.162812252839406,30.956050713857014,324.0916533999989
gnn_rep__N8__line__seed6,gnn_qmix,coord_grid,6,3592,89825,71.0,25,0.28889333333333334,5.997560143470764,117.42065538678851,324.20551550000164
gnn_rep__N8__line__seed6,gnn_qmix,coord_grid,6,3593,89850,80.0,25,0.28869541666666676,4.876299242178599,62.88144302368164,324.31529299999966
gnn_rep__N8__line__seed6,gnn_qmix,coord_grid,6,3594,89875,56.0,25,0.2884975000000001,4.126875191926956,60.13917843500773,324.4352710000021
gnn_rep__N8__line__seed6,gnn_qmix,coord_grid,6,3595,89900,57.0,25,0.2882995833333333,7.7983685831228895,60.410675048828125,324.4911753000015
gnn_rep__N8__line__seed6,gnn_qmix,coord_grid,6,3596,89925,54.0,25,0.2881016666666667,6.145929208823612,30.2034752028329,324.5925535999995
gnn_rep__N8__line__seed6,gnn_qmix,coord_grid,6,3597,89950,66.0,25,0.28790375,1.6842631498972576,32.9447717666626,324.7018524999985
gnn_rep__N8__line__seed6,gnn_qmix,coord_grid,6,3598,89975,62.0,25,0.2877058333333333,5.278945028781891,28.033343474070232,324.7626291000015
gnn_rep__N8__line__seed6,gnn_qmix,coord_grid,6,3599,90000,63.0,25,0.28750791666666675,4.646220525105794,29.272618134816486,324.84078109999973
gnn_rep__N8__line__seed6,gnn_qmix,coord_grid,6,3600,90025,63.0,25,0.28731000000000007,5.322939855711801,42.047758783612935,324.97067400000014
gnn_rep__N8__line__seed6,gnn_qmix,coord_grid,6,3601,90050,71.0,25,0.2871120833333334,7.840231796105702,53.841415564219155,325.10600870000053
gnn_rep__N8__line__seed6,gnn_qmix,coord_grid,6,3602,90075,76.0,25,0.2869141666666667,11.421443035205206,19.832322120666504,325.1827329000007
gnn_rep__N8__line__seed6,gnn_qmix,coord_grid,6,3603,90100,90.0,25,0.2867162500000001,3.827806770801544,27.935621579488117,325.3247964000002
gnn_rep__N8__line__seed6,gnn_qmix,coord_grid,6,3604,90125,86.0,25,0.2865183333333333,5.752907063279833,20.225363731384277,325.3964801000002
gnn_rep__N8__line__seed6,gnn_qmix,coord_grid,6,3605,90150,78.0,25,0.28632041666666663,8.115362207094828,24.66842492421468,325.4931045000012
gnn_rep__N8__line__seed6,gnn_qmix,coord_grid,6,3606,90175,60.0,25,0.28612250000000006,6.064709842205048,38.64797846476237,325.5713308000013
gnn_rep__N8__line__seed6,gnn_qmix,coord_grid,6,3607,90200,68.0,25,0.28592458333333337,10.64294703801473,16.700409650802612,325.6716344999986
gnn_rep__N8__line__seed6,gnn_qmix,coord_grid,6,3608,90225,69.0,25,0.2857266666666667,9.109040711607252,23.785327638898575,325.7609936000008
gnn_rep__N8__line__seed6,gnn_qmix,coord_grid,6,3609,90250,84.0,25,0.28552875,5.522091716527939,23.940519332885742,325.8638174000007
gnn_rep__N8__line__seed6,gnn_qmix,coord_grid,6,3610,90275,60.0,25,0.2853308333333334,6.765933394432068,29.287885824839275,325.98371260000204
gnn_rep__N8__line__seed6,gnn_qmix,coord_grid,6,3611,90300,69.0,25,0.28513291666666674,6.197902669509252,29.062971115112305,326.0545760999994
gnn_rep__N8__line__seed6,gnn_qmix,coord_grid,6,3612,90325,66.0,25,0.28493500000000005,5.262270084449223,26.972880499703543,326.1334917999993
gnn_rep__N8__line__seed6,gnn_qmix,coord_grid,6,3613,90350,75.0,25,0.28473708333333336,6.081255813439687,31.44263203938802,326.24576499999966
gnn_rep__N8__line__seed6,gnn_qmix,coord_grid,6,3614,90375,93.0,25,0.2845391666666667,8.389345467090607,31.396690050760906,326.394411199999
gnn_rep__N8__line__seed6,gnn_qmix,coord_grid,6,3615,90400,79.0,25,0.28434125,4.610025405883789,28.648167451222736,326.51007129999925
gnn_rep__N8__line__seed6,gnn_qmix,coord_grid,6,3616,90425,87.0,25,0.2841433333333333,7.76504271371024,21.112356867109025,326.6064332999995
gnn_rep__N8__line__seed6,gnn_qmix,coord_grid,6,3617,90450,68.0,25,0.28394541666666673,7.7429346442222595,26.878662427266438,326.6899263000014
gnn_rep__N8__line__seed6,gnn_qmix,coord_grid,6,3618,90475,61.0,25,0.28374750000000004,5.482707490523656,34.32489283879598,326.7821494999989
gnn_rep__N8__line__seed6,gnn_qmix,coord_grid,6,3619,90500,71.0,25,0.28354958333333335,3.1596593161424003,44.676839192708336,326.8733668999994
gnn_rep__N8__line__seed6,gnn_qmix,coord_grid,6,3620,90525,70.0,25,0.2833516666666668,7.314068615436554,42.002453667776926,326.9527420000013
gnn_rep__N8__line__seed6,gnn_qmix,coord_grid,6,3621,90550,77.0,25,0.2831537500000001,6.668157070875168,34.99085855484009,327.04999899999893
gnn_rep__N8__line__seed6,gnn_qmix,coord_grid,6,3622,90575,87.0,25,0.2829558333333333,8.375615994135538,38.73518721262614,327.1355371999998
gnn_rep__N8__line__seed6,gnn_qmix,coord_grid,6,3623,90600,91.0,25,0.2827579166666667,6.253309190273285,31.829949061075848,327.20308379999915
gnn_rep__N8__line__seed6,gnn_qmix,coord_grid,6,3624,90625,85.0,25,0.28256000000000003,9.64861341885158,121.60204424176898,327.315222600002
gnn_rep__N8__line__seed6,gnn_qmix,coord_grid,6,3625,90650,74.0,25,0.28236208333333335,9.39619505405426,56.487131118774414,327.4198701999994
gnn_rep__N8__line__seed6,gnn_qmix,coord_grid,6,3626,90675,54.0,25,0.28216416666666666,5.642071684201558,39.89702653884888,327.50065760000143
gnn_rep__N8__line__seed6,gnn_qmix,coord_grid,6,3627,90700,84.0,25,0.2819662500000001,4.053373654683431,38.81313514709473,327.5724295
gnn_rep__N8__line__seed6,gnn_qmix,coord_grid,6,3628,90725,87.0,25,0.2817683333333334,7.528729600565774,23.709115982055664,327.695604200002
gnn_rep__N8__line__seed6,gnn_qmix,coord_grid,6,3629,90750,52.0,25,0.2815704166666667,4.735438843568166,21.926214694976807,327.7906796999996
gnn_rep__N8__line__seed6,gnn_qmix,coord_grid,6,3630,90775,83.0,25,0.2813725,9.379395812749863,29.32473675409953,327.88113520000115
gnn_rep__N8__line__seed6,gnn_qmix,coord_grid,6,3631,90800,76.0,25,0.28117458333333334,7.001292089621226,23.645492871602375,327.96383369999967
gnn_rep__N8__line__seed6,gnn_qmix,coord_grid,6,3632,90825,75.0,25,0.28097666666666665,5.700183868408203,30.844261850629533,328.06161359999896
gnn_rep__N8__line__seed6,gnn_qmix,coord_grid,6,3633,90850,83.0,25,0.28077874999999997,8.547860860824585,35.400694052378334,328.1529257000002
gnn_rep__N8__line__seed6,gnn_qmix,coord_grid,6,3634,90875,55.0,25,0.2805808333333334,7.9629572828610735,36.49603875478109,328.2119840000014
gnn_rep__N8__line__seed6,gnn_qmix,coord_grid,6,3635,90900,100.0,25,0.2803829166666667,6.198188314835231,30.28892707824707,328.2884367000006
gnn_rep__N8__line__seed6,gnn_qmix,coord_grid,6,3636,90925,73.0,25,0.280185,6.695363351276943,23.574455669948033,328.41914779999934
gnn_rep__N8__line__seed6,gnn_qmix,coord_grid,6,3637,90950,72.0,25,0.27998708333333344,6.163454433282216,22.206461588541668,328.5290190000014
gnn_rep__N8__line__seed6,gnn_qmix,coord_grid,6,3638,90975,72.0,25,0.27978916666666676,8.490660587946573,23.71226994196574,328.6134524000008
gnn_rep__N8__line__seed6,gnn_qmix,coord_grid,6,3639,91000,87.0,25,0.27959124999999996,7.765656352043152,27.44595416386922,328.66276389999985
gnn_rep__N8__line__seed6,gnn_qmix,coord_grid,6,3640,91025,99.0,25,0.2793933333333334,5.5364881583622525,30.996723175048828,328.7639961999994
gnn_rep__N8__line__seed6,gnn_qmix,coord_grid,6,3641,91050,77.0,25,0.2791954166666667,9.568551480770111,30.91306781768799,328.82225069999913
gnn_rep__N8__line__seed6,gnn_qmix,coord_grid,6,3642,91075,86.0,25,0.2789975,9.561901470025381,38.67623074849447,328.88099169999987
gnn_rep__N8__line__seed6,gnn_qmix,coord_grid,6,3643,91100,72.0,25,0.2787995833333333,7.827964246273041,35.67705567677816,328.9783119999993
gnn_rep__N8__line__seed6,gnn_qmix,coord_grid,6,3644,91125,47.0,25,0.27860166666666675,4.2166151489530295,25.113696779523575,329.1108019000021
gnn_rep__N8__line__seed6,gnn_qmix,coord_grid,6,3645,91150,58.0,25,0.27840375000000006,8.70546825726827,31.680842796961468,329.2216996999996
gnn_rep__N8__line__seed6,gnn_qmix,coord_grid,6,3646,91175,71.0,25,0.2782058333333334,9.985366344451904,17.08048168818156,329.3350892000017
gnn_rep__N8__line__seed6,gnn_qmix,coord_grid,6,3647,91200,66.0,25,0.2780079166666668,4.853281696637471,37.25900459289551,329.4218656000012
gnn_rep__N8__line__seed6,gnn_qmix,coord_grid,6,3648,91225,102.0,25,0.27781,5.449990383216313,24.466010911124094,329.488967199999
gnn_rep__N8__line__seed6,gnn_qmix,coord_grid,6,3649,91250,75.0,25,0.2776120833333333,10.201391488313675,22.44274028142293,329.5846839000005
gnn_rep__N8__line__seed6,gnn_qmix,coord_grid,6,3650,91275,71.0,25,0.27741416666666663,9.35478679339091,29.49846013387044,329.6759990999999
gnn_rep__N8__line__seed6,gnn_qmix,coord_grid,6,3651,91300,82.0,25,0.27721625000000005,13.179176251093546,23.195690313975017,329.7249496000004
gnn_rep__N8__line__seed6,gnn_qmix,coord_grid,6,3652,91325,69.0,25,0.27701833333333337,7.457925387791225,22.66637945175171,329.83786580000015
gnn_rep__N8__line__seed6,gnn_qmix,coord_grid,6,3653,91350,69.0,25,0.2768204166666667,10.066163221995035,24.472289721171062,329.9249286000013
gnn_rep__N8__line__seed6,gnn_qmix,coord_grid,6,3654,91375,76.0,25,0.2766225000000001,6.276818444331487,28.306546131769817,330.0430339000013
gnn_rep__N8__line__seed6,gnn_qmix,coord_grid,6,3655,91400,98.0,25,0.2764245833333334,3.207533190647761,41.27637688318888,330.13432620000094
gnn_rep__N8__line__seed6,gnn_qmix,coord_grid,6,3656,91425,80.0,25,0.27622666666666673,7.482993057795933,103.59202602931431,330.2024574999996
gnn_rep__N8__line__seed6,gnn_qmix,coord_grid,6,3657,91450,102.0,25,0.27602875000000004,9.509195923805237,97.45901616414388,330.30220349999945
gnn_rep__N8__line__seed6,gnn_qmix,coord_grid,6,3658,91475,72.0,25,0.27583083333333336,11.480146944522858,65.93137137095134,330.36318799999935
gnn_rep__N8__line__seed6,gnn_qmix,coord_grid,6,3659,91500,53.0,25,0.27563291666666667,8.02266796429952,42.66978486378988,330.5015769999991
gnn_rep__N8__line__seed6,gnn_qmix,coord_grid,6,3660,91525,61.0,25,0.275435,6.389247144971575,29.76967035021101,330.569641099999
gnn_rep__N8__line__seed6,gnn_qmix,coord_grid,6,3661,91550,89.0,25,0.2752370833333334,4.910665849844615,33.16171089808146,330.6488074000008
gnn_rep__N8__line__seed6,gnn_qmix,coord_grid,6,3662,91575,101.0,25,0.2750391666666667,9.80444629987081,49.257283528645836,330.7662651999999
gnn_rep__N8__line__seed6,gnn_qmix,coord_grid,6,3663,91600,67.0,25,0.27484125000000004,7.458801031112671,49.78120263417562,330.8628467999988
gnn_rep__N8__line__seed6,gnn_qmix,coord_grid,6,3664,91625,105.0,25,0.27464333333333346,9.060977365289416,30.455634117126465,330.9660494000018
gnn_rep__N8__line__seed6,gnn_qmix,coord_grid,6,3665,91650,96.0,25,0.27444541666666666,8.86176311969757,22.67984422047933,331.07981030000155
gnn_rep__N8__line__seed6,gnn_qmix,coord_grid,6,3666,91675,83.0,25,0.2742475,5.659901559352875,34.64752149581909,331.1382666999998
gnn_rep__N8__line__seed6,gnn_qmix,coord_grid,6,3667,91700,66.0,25,0.2740495833333333,5.634638130664825,31.516819794972736,331.2121627000015
gnn_rep__N8__line__seed6,gnn_qmix,coord_grid,6,3668,91725,83.0,25,0.2738516666666667,4.33472158227648,45.32393755231585,331.3033381999994
gnn_rep__N8__line__seed6,gnn_qmix,coord_grid,6,3669,91750,88.0,25,0.27365375000000003,6.44671352704366,60.519497553507485,331.38070850000076
gnn_rep__N8__line__seed6,gnn_qmix,coord_grid,6,3670,91775,66.0,25,0.27345583333333334,9.740188578764597,42.8683869043986,331.48817300000155
gnn_rep__N8__line__seed6,gnn_qmix,coord_grid,6,3671,91800,69.0,25,0.27325791666666677,10.428949991861979,51.87422021230062,331.53878370000166
gnn_rep__N8__line__seed6,gnn_qmix,coord_grid,6,3672,91825,70.0,25,0.2730600000000001,9.729862553732735,26.902641977582658,331.6114325999988
gnn_rep__N8__line__seed6,gnn_qmix,coord_grid,6,3673,91850,85.0,25,0.2728620833333334,11.142862260341644,23.76793384552002,331.69675579999966
gnn_rep__N8__line__seed6,gnn_qmix,coord_grid,6,3674,91875,74.0,25,0.2726641666666667,5.651309579610825,29.125654856363933,331.7795612000009
gnn_rep__N8__line__seed6,gnn_qmix,coord_grid,6,3675,91900,82.0,25,0.27246625,10.23029088973999,30.778033415476482,331.838535400002
gnn_rep__N8__line__seed6,gnn_qmix,coord_grid,6,3676,91925,65.0,25,0.27226833333333333,9.208206142698016,36.397887638636995,331.974347899999
gnn_rep__N8__line__seed6,gnn_qmix,coord_grid,6,3677,91950,69.0,25,0.27207041666666665,4.871931334336598,26.8373540242513,332.0774749000011
gnn_rep__N8__line__seed6,gnn_qmix,coord_grid,6,3678,91975,91.0,25,0.2718725000000001,5.740671475728353,36.921887238820396,332.1417232999993
gnn_rep__N8__line__seed6,gnn_qmix,coord_grid,6,3679,92000,83.0,25,0.2716745833333334,11.364285757144293,34.317239125569664,332.26833740000075
gnn_rep__N8__line__seed6,gnn_qmix,coord_grid,6,3680,92025,84.0,25,0.2714766666666667,10.416384305272784,49.99213327680315,332.3736306999999
gnn_rep__N8__line__seed6,gnn_qmix,coord_grid,6,3681,92050,71.0,25,0.2712787500000001,8.019455164670944,31.226656754811604,332.42946740000116
gnn_rep__N8__line__seed6,gnn_qmix,coord_grid,6,3682,92075,54.0,25,0.27108083333333344,7.133079767227173,29.660729090372723,332.56453469999906
gnn_rep__N8__line__seed6,gnn_qmix,coord_grid,6,3683,92100,75.0,25,0.27088291666666664,7.2964641352494555,27.081045548121136,332.6752555999992
gnn_rep__N8__line__seed6,gnn_qmix,coord_grid,6,3684,92125,70.0,25,0.27068499999999995,7.197992137500218,26.414906910487584,332.76095540000097
gnn_rep__N8__line__seed6,gnn_qmix,coord_grid,6,3685,92150,104.0,25,0.2704870833333334,5.571712493896484,21.383102734883625,332.8459561999989
gnn_rep__N8__line__seed6,gnn_qmix,coord_grid,6,3686,92175,82.0,25,0.2702891666666667,7.413226505120595,22.968602657318115,332.9393572000008
gnn_rep__N8__line__seed6,gnn_qmix,coord_grid,6,3687,92200,70.0,25,0.27009125,8.119707445303598,38.8440686861674,333.0450677000008
gnn_rep__N8__line__seed6,gnn_qmix,coord_grid,6,3688,92225,71.0,25,0.26989333333333343,10.954978219100408,87.16245515005929,333.1304084000003
gnn_rep__N8__line__seed6,gnn_qmix,coord_grid,6,3689,92250,98.0,25,0.26969541666666674,7.892872969309489,79.3391342163086,333.187381300002
gnn_rep__N8__line__seed6,gnn_qmix,coord_grid,6,3690,92275,69.0,25,0.26949750000000006,10.755918681621552,39.43732420603434,333.29349340000044
gnn_rep__N8__line__seed6,gnn_qmix,coord_grid,6,3691,92300,91.0,25,0.26929958333333337,7.569807728131612,37.51608022054037,333.4030525999988
gnn_rep__N8__line__seed6,gnn_qmix,coord_grid,6,3692,92325,84.0,25,0.2691016666666667,6.391128080231803,31.878046989440918,333.48925809999855
gnn_rep__N8__line__seed6,gnn_qmix,coord_grid,6,3693,92350,94.0,25,0.26890375,4.311420778433482,40.12501239776611,333.58469400000104
gnn_rep__N8__line__seed6,gnn_qmix,coord_grid,6,3694,92375,64.0,25,0.2687058333333333,8.328747391700745,24.05214770634969,333.6883043000016
gnn_rep__N8__line__seed6,gnn_qmix,coord_grid,6,3695,92400,69.0,25,0.26850791666666673,6.851533571879069,54.69356362024943,333.8145990000012
gnn_rep__N8__line__seed6,gnn_qmix,coord_grid,6,3696,92425,45.0,25,0.26831000000000005,3.341182163783482,40.99469184875488,333.8855915999993
gnn_rep__N8__line__seed6,gnn_qmix,coord_grid,6,3697,92450,97.0,25,0.26811208333333336,9.83475399017334,41.14477221171061,334.01639760000035
gnn_rep__N8__line__seed6,gnn_qmix,coord_grid,6,3698,92475,77.0,25,0.2679141666666668,7.482172906398773,44.07993412017822,334.15401510000083
gnn_rep__N8__line__seed6,gnn_qmix,coord_grid,6,3699,92500,87.0,25,0.2677162500000001,4.297865390777588,38.21252552668253,334.2547630000008
gnn_rep__N8__line__seed6,gnn_qmix,coord_grid,6,3700,92525,62.0,25,0.2675183333333333,3.845583575112479,29.313784871782577,334.38480840000193
gnn_rep__N8__line__seed6,gnn_qmix,coord_grid,6,3701,92550,73.0,25,0.2673204166666666,8.27932874361674,30.292139848073322,334.4552173000011
gnn_rep__N8__line__seed6,gnn_qmix,coord_grid,6,3702,92575,85.0,25,0.26712250000000004,5.765020996332169,31.264864285786945,334.56172940000033
gnn_rep__N8__line__seed6,gnn_qmix,coord_grid,6,3703,92600,77.0,25,0.26692458333333335,3.552498698234558,31.00692065556844,334.66981320000195
gnn_rep__N8__line__seed6,gnn_qmix,coord_grid,6,3704,92625,83.0,25,0.26672666666666667,7.341518095561436,41.063669613429475,334.7431533000017
gnn_rep__N8__line__seed6,gnn_qmix,coord_grid,6,3705,92650,102.0,25,0.2665287500000001,5.0801834265391035,34.263476053873696,334.8973014000003
gnn_rep__N8__line__seed6,gnn_qmix,coord_grid,6,3706,92675,72.0,25,0.2663308333333334,9.77719791730245,31.922152360280354,334.98062629999913
gnn_rep__N8__line__seed6,gnn_qmix,coord_grid,6,3707,92700,86.0,25,0.2661329166666667,13.88069192568461,34.90285015106201,335.11947470000086
gnn_rep__N8__line__seed6,gnn_qmix,coord_grid,6,3708,92725,52.0,25,0.26593500000000003,6.719269905771528,35.620361328125,335.205701400002
gnn_rep__N8__line__seed6,gnn_qmix,coord_grid,6,3709,92750,54.0,25,0.26573708333333335,8.477510134379068,42.35574881235758,335.36865469999975
gnn_rep__N8__line__seed6,gnn_qmix,coord_grid,6,3710,92775,70.0,25,0.26553916666666666,4.303686102231343,56.054571310679115,335.480099299999
gnn_rep__N8__line__seed6,gnn_qmix,coord_grid,6,3711,92800,65.0,25,0.26534125,9.12807192405065,26.637116591135662,335.55318519999855
gnn_rep__N8__line__seed6,gnn_qmix,coord_grid,6,3712,92825,66.0,25,0.2651433333333334,5.868850282260349,34.254913330078125,335.6346291000009
gnn_rep__N8__line__seed6,gnn_qmix,coord_grid,6,3713,92850,91.0,25,0.2649454166666667,9.990972002347311,66.52694416046143,335.71530229999917
gnn_rep__N8__line__seed6,gnn_qmix,coord_grid,6,3714,92875,100.0,25,0.2647475,6.740459591150284,36.858743031819664,335.83070210000005
gnn_rep__N8__line__seed6,gnn_qmix,coord_grid,6,3715,92900,81.0,25,0.26454958333333345,11.328756093978882,35.25307242075602,335.90099439999904
gnn_rep__N8__line__seed6,gnn_qmix,coord_grid,6,3716,92925,75.0,25,0.26435166666666676,6.548902094364166,29.823262214660645,335.9744677999988
gnn_rep__N8__line__seed6,gnn_qmix,coord_grid,6,3717,92950,69.0,25,0.2641537500000001,10.688224792480469,34.29383357365926,336.06551780000154
gnn_rep__N8__line__seed6,gnn_qmix,coord_grid,6,3718,92975,70.0,25,0.2639558333333333,7.501755237579346,35.12715371449789,336.175991600001
gnn_rep__N8__line__seed6,gnn_qmix,coord_grid,6,3719,93000,69.0,25,0.2637579166666667,5.759067714214325,22.471232255299885,336.2797482999995
gnn_rep__N8__line__seed6,gnn_qmix,coord_grid,6,3720,93025,69.0,25,0.26356,7.673985208783831,103.2400643484933,336.33976990000156
gnn_rep__N8__line__seed6,gnn_qmix,coord_grid,6,3721,93050,84.0,25,0.26336208333333333,13.219038407007853,85.87159983317058,336.4294931000004
gnn_rep__N8__line__seed6,gnn_qmix,coord_grid,6,3722,93075,84.0,25,0.26316416666666675,8.535838603973389,54.07505448659261,336.53890429999956
gnn_rep__N8__line__seed6,gnn_qmix,coord_grid,6,3723,93100,80.0,25,0.26296625000000007,7.827479561169942,40.48647435506185,336.6265439000017
gnn_rep__N8__line__seed6,gnn_qmix,coord_grid,6,3724,93125,72.0,25,0.2627683333333334,9.495882783617292,26.465797696794784,336.69708869999886
gnn_rep__N8__line__seed6,gnn_qmix,coord_grid,6,3725,93150,98.0,25,0.2625704166666667,10.982475777467092,28.271176020304363,336.7979959000004
gnn_rep__N8__line__seed6,gnn_qmix,coord_grid,6,3726,93175,82.0,25,0.2623725,4.438324848810832,35.61413447062174,336.9121261
gnn_rep__N8__line__seed6,gnn_qmix,coord_grid,6,3727,93200,81.0,25,0.2621745833333333,8.451148450374603,28.910017887751263,337.02450600000157
gnn_rep__N8__line__seed6,gnn_qmix,coord_grid,6,3728,93225,100.0,25,0.26197666666666664,3.2110227005822316,27.017807211194718,337.1465849999986
gnn_rep__N8__line__seed6,gnn_qmix,coord_grid,6,3729,93250,77.0,25,0.26177875000000006,8.583647658427557,32.85260279973348,337.24339600000167
gnn_rep__N8__line__seed6,gnn_qmix,coord_grid,6,3730,93275,79.0,25,0.2615808333333334,12.5305814743042,25.377692699432373,337.3377217999987
gnn_rep__N8__line__seed6,gnn_qmix,coord_grid,6,3731,93300,93.0,25,0.2613829166666667,7.718747079372406,51.86551030476888,337.41653049999877
gnn_rep__N8__line__seed6,gnn_qmix,coord_grid,6,3732,93325,74.0,25,0.2611850000000001,7.414865434169769,44.88400949750628,337.5132028000007
gnn_rep__N8__line__seed6,gnn_qmix,coord_grid,6,3733,93350,87.0,25,0.2609870833333334,2.8179450631141663,55.11517651875814,337.62648470000204
gnn_rep__N8__line__seed6,gnn_qmix,coord_grid,6,3734,93375,82.0,25,0.26078916666666674,6.649098227421443,22.482441186904907,337.7079741999987
gnn_rep__N8__line__seed6,gnn_qmix,coord_grid,6,3735,93400,77.0,25,0.26059124999999994,10.045811216036478,17.4490069548289,337.78740990000006
gnn_rep__N8__line__seed6,gnn_qmix,coord_grid,6,3736,93425,81.0,25,0.26039333333333337,5.359610216958182,45.30059242248535,337.8342937999987
gnn_rep__N8__line__seed6,gnn_qmix,coord_grid,6,3737,93450,84.0,25,0.2601954166666667,9.52047390739123,54.66914041837057,337.9266810000008
gnn_rep__N8__line__seed6,gnn_qmix,coord_grid,6,3738,93475,90.0,25,0.2599975,7.892402807871501,41.601335525512695,338.029830200001
gnn_rep__N8__line__seed6,gnn_qmix,coord_grid,6,3739,93500,95.0,25,0.2597995833333334,7.853207180897395,46.92375612258911,338.1092119999994
gnn_rep__N8__line__seed6,gnn_qmix,coord_grid,6,3740,93525,88.0,25,0.25960166666666673,6.140878234590803,46.2697514125279,338.2164694000021
gnn_rep__N8__line__seed6,gnn_qmix,coord_grid,6,3741,93550,84.0,25,0.25940375000000004,7.681739429632823,30.500210603078205,338.2870946000003
gnn_rep__N8__line__seed6,gnn_qmix,coord_grid,6,3742,93575,99.0,25,0.25920583333333336,5.205195248126984,44.80813694000244,338.3978382999994
gnn_rep__N8__line__seed6,gnn_qmix,coord_grid,6,3743,93600,101.0,25,0.2590079166666668,4.379638324181239,22.305588801701862,338.5022878999989
gnn_rep__N8__line__seed6,gnn_qmix,coord_grid,6,3744,93625,98.0,25,0.25881,6.093092313834599,25.24879809788295,338.5832678000006
gnn_rep__N8__line__seed6,gnn_qmix,coord_grid,6,3745,93650,81.0,25,0.2586120833333333,7.740834474563599,22.766006310780842,338.684898800002
gnn_rep__N8__line__seed6,gnn_qmix,coord_grid,6,3746,93675,68.0,25,0.2584141666666667,6.988930324713389,39.783902168273926,338.8043682999996
gnn_rep__N8__line__seed6,gnn_qmix,coord_grid,6,3747,93700,79.0,25,0.25821625000000004,6.750245928764343,37.02917464574178,338.8660740999985
gnn_rep__N8__line__seed6,gnn_qmix,coord_grid,6,3748,93725,100.0,25,0.25801833333333335,9.456208552633013,20.062237330845424,338.98380760000146
gnn_rep__N8__line__seed6,gnn_qmix,coord_grid,6,3749,93750,78.0,25,0.2578204166666668,10.176803688208262,24.46467622121175,339.0675544000005
gnn_rep__N8__line__seed6,gnn_qmix,coord_grid,6,3750,93775,77.0,25,0.2576225000000001,8.640167554219564,38.88910388946533,339.18354620000173
gnn_rep__N8__line__seed6,gnn_qmix,coord_grid,6,3751,93800,95.0,25,0.2574245833333334,6.201544443766276,31.12414328257243,339.2791694000007
gnn_rep__N8__line__seed6,gnn_qmix,coord_grid,6,3752,93825,88.0,25,0.2572266666666667,8.261760473251343,103.93695831298828,339.35750929999995
gnn_rep__N8__line__seed6,gnn_qmix,coord_grid,6,3753,93850,66.0,25,0.25702875000000003,5.520659287770589,73.72610966364543,339.48296140000093
gnn_rep__N8__line__seed6,gnn_qmix,coord_grid,6,3754,93875,62.0,25,0.25683083333333334,10.755089143911997,59.1225471496582,339.62660379999943
gnn_rep__N8__line__seed6,gnn_qmix,coord_grid,6,3755,93900,77.0,25,0.25663291666666666,9.046823819478353,51.068878173828125,339.6780166999997
gnn_rep__N8__line__seed6,gnn_qmix,coord_grid,6,3756,93925,93.0,25,0.2564350000000001,12.18520212173462,55.71713856288365,339.8285098999986
gnn_rep__N8__line__seed6,gnn_qmix,coord_grid,6,3757,93950,86.0,25,0.2562370833333334,9.029747108618418,33.69208272298177,339.8905425000012
gnn_rep__N8__line__seed6,gnn_qmix,coord_grid,6,3758,93975,96.0,25,0.2560391666666667,10.022465705871582,26.1116042137146,340.0079942000011
gnn_rep__N8__line__seed6,gnn_qmix,coord_grid,6,3759,94000,64.0,25,0.25584125,8.874743382136026,27.488108952840168,340.0841207000012
gnn_rep__N8__line__seed6,gnn_qmix,coord_grid,6,3760,94025,99.0,25,0.25564333333333344,6.153032788208553,17.345015389578684,340.1978420999985
gnn_rep__N8__line__seed6,gnn_qmix,coord_grid,6,3761,94050,80.0,25,0.25544541666666665,6.164311667283376,20.69288730621338,340.31933539999955
gnn_rep__N8__line__seed6,gnn_qmix,coord_grid,6,3762,94075,81.0,25,0.25524749999999996,10.408654610315958,28.462325890858967,340.493647700001
gnn_rep__N8__line__seed6,gnn_qmix,coord_grid,6,3763,94100,88.0,25,0.2550495833333334,11.684071878592173,34.04579703013102,340.61558349999905
gnn_rep__N8__line__seed6,gnn_qmix,coord_grid,6,3764,94125,80.0,25,0.2548516666666667,8.580601964678083,34.863363810947966,340.7585594000011
gnn_rep__N8__line__seed6,gnn_qmix,coord_grid,6,3765,94150,87.0,25,0.25465375,8.153744866450628,45.458252906799316,340.8883367999988
gnn_rep__N8__line__seed6,gnn_qmix,coord_grid,6,3766,94175,105.0,25,0.2544558333333333,13.922911882400513,29.717243194580078,340.94818609999857
gnn_rep__N8__line__seed6,gnn_qmix,coord_grid,6,3767,94200,100.0,25,0.25425791666666675,5.600992530584335,68.4467503229777,341.03042500000083
gnn_rep__N8__line__seed6,gnn_qmix,coord_grid,6,3768,94225,97.0,25,0.25406000000000006,9.211386510304042,54.90006692068918,341.09491369999887
gnn_rep__N8__line__seed6,gnn_qmix,coord_grid,6,3769,94250,97.0,25,0.2538620833333334,7.031636357307434,30.57573668162028,341.2184565999996
gnn_rep__N8__line__seed6,gnn_qmix,coord_grid,6,3770,94275,79.0,25,0.2536641666666667,10.413850446542105,33.76196098327637,341.2977816999992
gnn_rep__N8__line__seed6,gnn_qmix,coord_grid,6,3771,94300,79.0,25,0.25346625,3.6914407908916473,34.00106986363729,341.39285120000204
gnn_rep__N8__line__seed6,gnn_qmix,coord_grid,6,3772,94325,80.0,25,0.2532683333333333,12.063311985560826,42.35709926060268,341.4836114999998
gnn_rep__N8__line__seed6,gnn_qmix,coord_grid,6,3773,94350,80.0,25,0.25307041666666674,11.249458650747934,25.189614137013752,341.60049939999953
gnn_rep__N8__line__seed6,gnn_qmix,coord_grid,6,3774,94375,92.0,25,0.25287250000000006,7.245389501253764,32.08564360936483,341.6504986
gnn_rep__N8__line__seed6,gnn_qmix,coord_grid,6,3775,94400,80.0,25,0.25267458333333337,10.553096294403076,29.82322947184245,341.72899170000164
gnn_rep__N8__line__seed6,gnn_qmix,coord_grid,6,3776,94425,77.0,25,0.2524766666666667,7.148674998964582,62.211535590035574,341.8459163000007
gnn_rep__N8__line__seed6,gnn_qmix,coord_grid,6,3777,94450,88.0,25,0.2522787500000001,10.631797333558401,47.5745735168457,341.91522070000065
gnn_rep__N8__line__seed6,gnn_qmix,coord_grid,6,3778,94475,103.0,25,0.2520808333333334,9.865893522898356,47.701642990112305,341.9892703000005
gnn_rep__N8__line__seed6,gnn_qmix,coord_grid,6,3779,94500,73.0,25,0.2518829166666666,5.355884989102681,57.046554247538246,342.05158719999963
gnn_rep__N8__line__seed6,gnn_qmix,coord_grid,6,3780,94525,83.0,25,0.25168500000000005,8.269535447869982,24.72236238207136,342.19615540000086
gnn_rep__N8__line__seed6,gnn_qmix,coord_grid,6,3781,94550,108.0,25,0.25148708333333336,10.63785962263743,29.328719774882,342.2591990000001
gnn_rep__N8__line__seed6,gnn_qmix,coord_grid,6,3782,94575,80.0,25,0.2512891666666667,6.581377565860748,39.10921859741211,342.33258529999875
gnn_rep__N8__line__seed6,gnn_qmix,coord_grid,6,3783,94600,95.0,25,0.25109125,9.766544361909231,43.564905961354576,342.42111719999957
gnn_rep__N8__line__seed6,gnn_qmix,coord_grid,6,3784,94625,88.0,25,0.2508933333333334,16.020507046154567,90.5588733128139,342.47100990000035
gnn_rep__N8__line__seed6,gnn_qmix,coord_grid,6,3785,94650,92.0,25,0.2506954166666667,7.944077452023824,96.67044194539388,342.5971662000011
gnn_rep__N8__line__seed6,gnn_qmix,coord_grid,6,3786,94675,90.0,25,0.25049750000000004,7.406274835268657,51.84598318735758,342.68939709999904
gnn_rep__N8__line__seed6,gnn_qmix,coord_grid,6,3787,94700,92.0,25,0.25029958333333335,10.022161225477854,29.52049986521403,342.772664600001
gnn_rep__N8__line__seed6,gnn_qmix,coord_grid,6,3788,94725,72.0,25,0.25010166666666667,7.929358201367514,54.23188182285854,342.8598582000013
gnn_rep__N8__line__seed6,gnn_qmix,coord_grid,6,3789,94750,86.0,25,0.24990374999999998,8.284834762414297,28.5139578183492,342.9751518000012
gnn_rep__N8__line__seed6,gnn_qmix,coord_grid,6,3790,94775,81.0,25,0.2497058333333334,10.638564030329386,28.22776786486308,343.09558879999895
gnn_rep__N8__line__seed6,gnn_qmix,coord_grid,6,3791,94800,98.0,25,0.24950791666666672,3.934918443361918,51.01196765899658,343.1654144999993
gnn_rep__N8__line__seed6,gnn_qmix,coord_grid,6,3792,94825,81.0,25,0.24931000000000003,4.9526002151625494,46.27969142368862,343.2621523000016
gnn_rep__N8__line__seed6,gnn_qmix,coord_grid,6,3793,94850,97.0,25,0.24911208333333335,9.70657745997111,31.495749791463215,343.34194410000055
gnn_rep__N8__line__seed6,gnn_qmix,coord_grid,6,3794,94875,80.0,25,0.24891416666666677,8.276120762030283,41.441672007242836,343.44804940000176
gnn_rep__N8__line__seed6,gnn_qmix,coord_grid,6,3795,94900,88.0,25,0.24871625000000008,8.382724702358246,41.95363426208496,343.52546620000066
gnn_rep__N8__line__seed6,gnn_qmix,coord_grid,6,3796,94925,109.0,25,0.24851833333333329,11.058602843965803,34.50196511404855,343.64437109999926
gnn_rep__N8__line__seed6,gnn_qmix,coord_grid,6,3797,94950,93.0,25,0.2483204166666667,6.801032483577728,39.89521185557047,343.7141589000021
gnn_rep__N8__line__seed6,gnn_qmix,coord_grid,6,3798,94975,81.0,25,0.24812250000000002,8.594961504141489,53.177773793538414,343.77427389999866
gnn_rep__N8__line__seed6,gnn_qmix,coord_grid,6,3799,95000,69.0,25,0.24792458333333334,8.505197922388712,55.091765721639,343.8587843999994
gnn_rep__N8__line__seed6,gnn_qmix,coord_grid,6,3800,95025,89.0,25,0.24772666666666665,7.413556507655552,52.086066654750276,343.944389100001
gnn_rep__N8__line__seed6,gnn_qmix,coord_grid,6,3801,95050,99.0,25,0.24752875000000008,3.8128874699274697,36.54358418782552,344.05268259999866
gnn_rep__N8__line__seed6,gnn_qmix,coord_grid,6,3802,95075,94.0,25,0.2473308333333334,4.596040149529775,24.720821857452393,344.17106689999855
gnn_rep__N8__line__seed6,gnn_qmix,coord_grid,6,3803,95100,101.0,25,0.2471329166666667,4.72468626499176,40.49329948425293,344.22248559999935
gnn_rep__N8__line__seed6,gnn_qmix,coord_grid,6,3804,95125,108.0,25,0.24693500000000013,8.152048553739276,33.44268199375698,344.3127987000007
gnn_rep__N8__line__seed6,gnn_qmix,coord_grid,6,3805,95150,97.0,25,0.24673708333333333,6.5734853347142534,31.175389766693115,344.3851531
gnn_rep__N8__line__seed6,gnn_qmix,coord_grid,6,3806,95175,86.0,25,0.24653916666666664,9.153244376182556,38.51935370763143,344.43912629999977
gnn_rep__N8__line__seed6,gnn_qmix,coord_grid,6,3807,95200,80.0,25,0.24634125000000007,6.114814221858978,66.4366865158081,344.5228763999985
gnn_rep__N8__line__seed6,gnn_qmix,coord_grid,6,3808,95225,85.0,25,0.24614333333333338,8.088908059256417,38.83258819580078,344.62180219999937
gnn_rep__N8__line__seed6,gnn_qmix,coord_grid,6,3809,95250,92.0,25,0.2459454166666667,6.56619793176651,29.768798033396404,344.69637670000157
gnn_rep__N8__line__seed6,gnn_qmix,coord_grid,6,3810,95275,104.0,25,0.2457475,8.979254772265753,23.89458465576172,344.7942433999997
gnn_rep__N8__line__seed6,gnn_qmix,coord_grid,6,3811,95300,89.0,25,0.24554958333333343,8.308336814244589,63.52706527709961,344.91262859999915
gnn_rep__N8__line__seed6,gnn_qmix,coord_grid,6,3812,95325,63.0,25,0.24535166666666675,8.7679009778159,46.85325935908726,344.9856848999989
gnn_rep__N8__line__seed6,gnn_qmix,coord_grid,6,3813,95350,64.0,25,0.24515375000000006,5.65114105741183,34.61381959915161,345.09264500000063
gnn_rep__N8__line__seed6,gnn_qmix,coord_grid,6,3814,95375,96.0,25,0.24495583333333337,8.32287565867106,43.63911279042562,345.1670426000019
gnn_rep__N8__line__seed6,gnn_qmix,coord_grid,6,3815,95400,102.0,25,0.24475791666666669,9.86739174524943,35.74778207143148,345.2476913999999
gnn_rep__N8__line__seed6,gnn_qmix,coord_grid,6,3816,95425,75.0,25,0.24456,10.490734951836723,126.3251222882952,345.3198827000015
gnn_rep__N8__line__seed6,gnn_qmix,coord_grid,6,3817,95450,96.0,25,0.2443620833333333,6.205139557520549,76.09231170018514,345.4099658000014
gnn_rep__N8__line__seed6,gnn_qmix,coord_grid,6,3818,95475,103.0,25,0.24416416666666674,9.5531498392423,69.57609510421753,345.5491727000008
gnn_rep__N8__line__seed6,gnn_qmix,coord_grid,6,3819,95500,100.0,25,0.24396625000000005,9.210926175117493,38.40335559844971,345.6645079000009
gnn_rep__N8__line__seed6,gnn_qmix,coord_grid,6,3820,95525,98.0,25,0.24376833333333336,9.813144377299718,42.340082441057476,345.7391276999988
gnn_rep__N8__line__seed6,gnn_qmix,coord_grid,6,3821,95550,87.0,25,0.2435704166666668,7.540639897187551,42.35397593180338,345.80707220000113
gnn_rep__N8__line__seed6,gnn_qmix,coord_grid,6,3822,95575,79.0,25,0.2433725,9.40806802113851,43.38950872421265,345.92641100000037
gnn_rep__N8__line__seed6,gnn_qmix,coord_grid,6,3823,95600,92.0,25,0.2431745833333333,7.633547604084015,40.6698948542277,345.9964805999989
gnn_rep__N8__line__seed6,gnn_qmix,coord_grid,6,3824,95625,107.0,25,0.24297666666666673,7.393691982541766,29.49192714691162,346.0525626000017
gnn_rep__N8__line__seed6,gnn_qmix,coord_grid,6,3825,95650,76.0,25,0.24277875000000004,7.707587242126465,29.72757116953532,346.19401899999866
gnn_rep__N8__line__seed6,gnn_qmix,coord_grid,6,3826,95675,79.0,25,0.24258083333333336,11.140844702720642,24.887086550394695,346.2871907000008
gnn_rep__N8__line__seed6,gnn_qmix,coord_grid,6,3827,95700,98.0,25,0.24238291666666667,7.535222887992859,34.91609541575114,346.3920754999999
gnn_rep__N8__line__seed6,gnn_qmix,coord_grid,6,3828,95725,104.0,25,0.2421850000000001,5.186034594263349,45.68871934073312,346.46039250000103
gnn_rep__N8__line__seed6,gnn_qmix,coord_grid,6,3829,95750,86.0,25,0.2419870833333334,5.603054742018382,30.90544891357422,346.6152226000013
gnn_rep__N8__line__seed6,gnn_qmix,coord_grid,6,3830,95775,75.0,25,0.24178916666666672,6.879941205183665,29.585262775421143,346.7346949999992
gnn_rep__N8__line__seed6,gnn_qmix,coord_grid,6,3831,95800,107.0,25,0.24159125000000004,7.530073404312134,48.2036452293396,346.8430165999998
gnn_rep__N8__line__seed6,gnn_qmix,coord_grid,6,3832,95825,93.0,25,0.24139333333333335,2.7592959063393727,34.91024466923305,346.9016862999997
gnn_rep__N8__line__seed6,gnn_qmix,coord_grid,6,3833,95850,97.0,25,0.24119541666666666,8.450540542602539,25.90013798077901,347.00116419999904
gnn_rep__N8__line__seed6,gnn_qmix,coord_grid,6,3834,95875,92.0,25,0.24099749999999998,9.448920408884684,45.18547550837199,347.1277579999987
gnn_rep__N8__line__seed6,gnn_qmix,coord_grid,6,3835,95900,84.0,25,0.2407995833333334,12.777859111626944,27.942700386047363,347.23000700000193
gnn_rep__N8__line__seed6,gnn_qmix,coord_grid,6,3836,95925,95.0,25,0.2406016666666667,8.261462637356349,47.14571843828474,347.31251460000203
gnn_rep__N8__line__seed6,gnn_qmix,coord_grid,6,3837,95950,91.0,25,0.24040375000000003,11.451399505138397,55.645378748575844,347.38069840000026
gnn_rep__N8__line__seed6,gnn_qmix,coord_grid,6,3838,95975,100.0,25,0.24020583333333345,8.458800792694092,31.820513089497883,347.4467650000006
gnn_rep__N8__line__seed6,gnn_qmix,coord_grid,6,3839,96000,94.0,25,0.24000791666666677,8.394057730833689,35.95736281077067,347.56389390000186
gnn_rep__N8__line__seed6,gnn_qmix,coord_grid,6,3840,96025,97.0,25,0.23980999999999997,9.773939609527588,29.46375492640904,347.6466858999993
gnn_rep__N8__line__seed6,gnn_qmix,coord_grid,6,3841,96050,93.0,25,0.23961208333333328,5.629677991072337,29.285792350769043,347.7116324999988
gnn_rep__N8__line__seed6,gnn_qmix,coord_grid,6,3842,96075,104.0,25,0.2394141666666667,10.327761630217234,48.417267163594566,347.78676300000006
gnn_rep__N8__line__seed6,gnn_qmix,coord_grid,6,3843,96100,80.0,25,0.23921625000000002,7.063202738761902,46.59730847676595,347.90237830000115
gnn_rep__N8__line__seed6,gnn_qmix,coord_grid,6,3844,96125,80.0,25,0.23901833333333333,6.161595582962036,60.87299319675991,347.9956998000016
gnn_rep__N8__line__seed6,gnn_qmix,coord_grid,6,3845,96150,97.0,25,0.23882041666666676,5.99352631966273,50.79076353708903,348.06227260000014
gnn_rep__N8__line__seed6,gnn_qmix,coord_grid,6,3846,96175,64.0,25,0.23862250000000007,7.364529033501943,26.58840862909953,348.1486315000002
gnn_rep__N8__line__seed6,gnn_qmix,coord_grid,6,3847,96200,98.0,25,0.23842458333333338,8.434394756952921,37.402496337890625,348.2269668000008
gnn_rep__N8__line__seed6,gnn_qmix,coord_grid,6,3848,96225,111.0,25,0.2382266666666667,12.357106855937413,145.25572531563895,348.3014986999988
gnn_rep__N8__line__seed6,gnn_qmix,coord_grid,6,3849,96250,63.0,25,0.23802875,6.135087410608928,69.40523179372151,348.3928487000012
gnn_rep__N8__line__seed6,gnn_qmix,coord_grid,6,3850,96275,107.0,25,0.23783083333333332,8.177960534890493,105.48191706339519,348.4610309000018
gnn_rep__N8__line__seed6,gnn_qmix,coord_grid,6,3851,96300,74.0,25,0.23763291666666664,7.864092210928599,48.227166175842285,348.5822924999993
gnn_rep__N8__line__seed6,gnn_qmix,coord_grid,6,3852,96325,104.0,25,0.23743500000000006,10.866237436022077,41.45526109422956,348.6691245000002
gnn_rep__N8__line__seed6,gnn_qmix,coord_grid,6,3853,96350,88.0,25,0.23723708333333338,9.764100035031637,46.31370480855306,348.79055309999967
gnn_rep__N8__line__seed6,gnn_qmix,coord_grid,6,3854,96375,109.0,25,0.2370391666666667,9.489636977513632,47.396758715311684,348.97525060000044
gnn_rep__N8__line__seed6,gnn_qmix,coord_grid,6,3855,96400,80.0,25,0.23684125000000011,7.952146053314209,38.77541494369507,349.0538621000014
gnn_rep__N8__line__seed6,gnn_qmix,coord_grid,6,3856,96425,86.0,25,0.23664333333333343,9.8235890013831,39.51276697431292,349.15573120000045
gnn_rep__N8__line__seed6,gnn_qmix,coord_grid,6,3857,96450,86.0,25,0.23644541666666663,10.512674629688263,26.33310540517171,349.23923569999897
gnn_rep__N8__line__seed6,gnn_qmix,coord_grid,6,3858,96475,79.0,25,0.23624749999999994,8.644649306933085,35.75913715362549,349.31019690000176
gnn_rep__N8__line__seed6,gnn_qmix,coord_grid,6,3859,96500,112.0,25,0.23604958333333337,6.955415427684784,48.18430233001709,349.3922702000018
gnn_rep__N8__line__seed6,gnn_qmix,coord_grid,6,3860,96525,77.0,25,0.23585166666666668,10.558912353856224,38.733515875680105,349.46822220000104
gnn_rep__N8__line__seed6,gnn_qmix,coord_grid,6,3861,96550,116.0,25,0.23565375,7.048540035883586,51.99751647313436,349.5586316000008
gnn_rep__N8__line__seed6,gnn_qmix,coord_grid,6,3862,96575,92.0,25,0.23545583333333342,7.712525725364685,24.378082116444904,349.66752819999965
gnn_rep__N8__line__seed6,gnn_qmix,coord_grid,6,3863,96600,92.0,25,0.23525791666666673,5.091794848442078,43.46774101257324,349.7475329000008
gnn_rep__N8__line__seed6,gnn_qmix,coord_grid,6,3864,96625,112.0,25,0.23506000000000005,15.86933435712542,48.19689450945173,349.85065269999905
gnn_rep__N8__line__seed6,gnn_qmix,coord_grid,6,3865,96650,106.0,25,0.23486208333333347,16.275067965189617,41.64192644755045,350.01005390000137
gnn_rep__N8__line__seed6,gnn_qmix,coord_grid,6,3866,96675,99.0,25,0.23466416666666667,12.631536483764648,47.09946664174398,350.10989450000125
gnn_rep__N8__line__seed6,gnn_qmix,coord_grid,6,3867,96700,83.0,25,0.23446625,11.744455456733704,36.211146672566734,350.17625070000213
gnn_rep__N8__line__seed6,gnn_qmix,coord_grid,6,3868,96725,100.0,25,0.2342683333333333,8.815394469669886,64.49644742693219,350.29012449999937
gnn_rep__N8__line__seed6,gnn_qmix,coord_grid,6,3869,96750,90.0,25,0.23407041666666673,8.194918016592661,40.841671784718834,350.35884929999884
gnn_rep__N8__line__seed6,gnn_qmix,coord_grid,6,3870,96775,98.0,25,0.23387250000000004,7.759148865938187,27.214795271555584,350.4509414999993
gnn_rep__N8__line__seed6,gnn_qmix,coord_grid,6,3871,96800,77.0,25,0.23367458333333335,6.1780378222465515,50.31428988774618,350.5536166999991
gnn_rep__N8__line__seed6,gnn_qmix,coord_grid,6,3872,96825,107.0,25,0.23347666666666678,8.197683112961906,27.21400329044887,350.6542370999996
gnn_rep__N8__line__seed6,gnn_qmix,coord_grid,6,3873,96850,91.0,25,0.2332787500000001,6.929452121257782,40.201236406962074,350.73098759999993
gnn_rep__N8__line__seed6,gnn_qmix,coord_grid,6,3874,96875,92.0,25,0.2330808333333334,6.718497931957245,40.539886474609375,350.82715019999887
gnn_rep__N8__line__seed6,gnn_qmix,coord_grid,6,3875,96900,102.0,25,0.2328829166666666,4.9146929283936815,50.24243195851644,350.92555210000137
gnn_rep__N8__line__seed6,gnn_qmix,coord_grid,6,3876,96925,107.0,25,0.23268500000000003,11.45197766167777,44.42521871839251,350.9889026000019
gnn_rep__N8__line__seed6,gnn_qmix,coord_grid,6,3877,96950,90.0,25,0.23248708333333334,9.610239565372467,57.951447168986,351.0561087999995
gnn_rep__N8__line__seed6,gnn_qmix,coord_grid,6,3878,96975,104.0,25,0.23228916666666666,11.424734354019165,51.77572504679362,351.15749770000184
gnn_rep__N8__line__seed6,gnn_qmix,coord_grid,6,3879,97000,100.0,25,0.23209125000000008,6.830102960268657,42.66706657409668,351.258254700002
gnn_rep__N8__line__seed6,gnn_qmix,coord_grid,6,3880,97025,109.0,25,0.2318933333333334,10.514987298420497,130.147828238351,351.3086125000009
gnn_rep__N8__line__seed6,gnn_qmix,coord_grid,6,3881,97050,78.0,25,0.2316954166666667,9.513171911239624,84.77504523595174,351.3963060999995
gnn_rep__N8__line__seed6,gnn_qmix,coord_grid,6,3882,97075,116.0,25,0.23149750000000013,9.253516932328543,68.62329641977946,351.4870986999995
gnn_rep__N8__line__seed6,gnn_qmix,coord_grid,6,3883,97100,99.0,25,0.23129958333333334,12.898496548334757,53.54359213511149,351.5635105000001
gnn_rep__N8__line__seed6,gnn_qmix,coord_grid,6,3884,97125,107.0,25,0.23110166666666665,11.87746102469308,48.72847189222063,351.68682980000085
gnn_rep__N8__line__seed6,gnn_qmix,coord_grid,6,3885,97150,97.0,25,0.23090374999999996,4.943123638629913,26.140815416971844,351.8083669000007
gnn_rep__N8__line__seed6,gnn_qmix,coord_grid,6,3886,97175,124.0,25,0.2307058333333334,15.007171273231506,16.624101320902508,351.92714830000114
gnn_rep__N8__line__seed6,gnn_qmix,coord_grid,6,3887,97200,94.0,25,0.2305079166666667,8.095822433630625,31.726126352945965,352.02375649999885
gnn_rep__N8__line__seed6,gnn_qmix,coord_grid,6,3888,97225,101.0,25,0.23031000000000001,7.915100983210972,38.5827693939209,352.1377137999989
gnn_rep__N8__line__seed6,gnn_qmix,coord_grid,6,3889,97250,115.0,25,0.23011208333333344,9.865203142166138,45.85719108581543,352.22325479999927
gnn_rep__N8__line__seed6,gnn_qmix,coord_grid,6,3890,97275,91.0,25,0.22991416666666675,12.80078935623169,41.52254327138265,352.274994899999
gnn_rep__N8__line__seed6,gnn_qmix,coord_grid,6,3891,97300,76.0,25,0.22971625000000007,10.256223996480307,77.71526797612508,352.38312360000054
gnn_rep__N8__line__seed6,gnn_qmix,coord_grid,6,3892,97325,99.0,25,0.22951833333333327,7.848634081227439,46.87740625653948,352.44858849999946
gnn_rep__N8__line__seed6,gnn_qmix,coord_grid,6,3893,97350,113.0,25,0.2293204166666667,7.0542744398117065,32.23673788706461,352.55801280000014
gnn_rep__N8__line__seed6,gnn_qmix,coord_grid,6,3894,97375,79.0,25,0.2291225,5.9492249091466265,31.99330409367879,352.65155909999885
gnn_rep__N8__line__seed6,gnn_qmix,coord_grid,6,3895,97400,85.0,25,0.22892458333333332,4.897785017887752,19.278151353200276,352.70867
gnn_rep__N8__line__seed6,gnn_qmix,coord_grid,6,3896,97425,86.0,25,0.22872666666666674,7.799481153488159,27.776787076677596,352.77089329999944
gnn_rep__N8__line__seed6,gnn_qmix,coord_grid,6,3897,97450,106.0,25,0.22852875000000006,7.892284154891968,42.1345157623291,352.8717710000019
gnn_rep__N8__line__seed6,gnn_qmix,coord_grid,6,3898,97475,91.0,25,0.22833083333333337,8.154183248678843,30.382148265838623,352.91589490000115
gnn_rep__N8__line__seed6,gnn_qmix,coord_grid,6,3899,97500,75.0,25,0.2281329166666668,13.734736204147339,18.122204621632893,353.03424019999875
gnn_rep__N8__line__seed6,gnn_qmix,coord_grid,6,3900,97525,104.0,25,0.2279350000000001,12.224678550447736,27.05743040357317,353.1285205999993
gnn_rep__N8__line__seed6,gnn_qmix,coord_grid,6,3901,97550,103.0,25,0.2277370833333333,12.929625431696573,63.976783752441406,353.19820339999933
gnn_rep__N8__line__seed6,gnn_qmix,coord_grid,6,3902,97575,105.0,25,0.22753916666666663,10.00685429573059,31.428397178649902,353.29228370000055
gnn_rep__N8__line__seed6,gnn_qmix,coord_grid,6,3903,97600,99.0,25,0.22734125000000005,8.070709427197775,34.941002368927,353.34343380000064
gnn_rep__N8__line__seed6,gnn_qmix,coord_grid,6,3904,97625,91.0,25,0.22714333333333336,9.517366000584193,37.31948702675955,353.44162700000015
gnn_rep__N8__line__seed6,gnn_qmix,coord_grid,6,3905,97650,112.0,25,0.22694541666666668,13.847839593887329,37.120927810668945,353.5383112000018
gnn_rep__N8__line__seed6,gnn_qmix,coord_grid,6,3906,97675,102.0,25,0.2267475000000001,10.965686659018198,35.124831676483154,353.65841250000085
gnn_rep__N8__line__seed6,gnn_qmix,coord_grid,6,3907,97700,96.0,25,0.22654958333333342,9.83478675285975,37.07056919733683,353.7171202999998
gnn_rep__N8__line__seed6,gnn_qmix,coord_grid,6,3908,97725,98.0,25,0.22635166666666673,8.905688915933881,45.296138763427734,353.8082125000001
gnn_rep__N8__line__seed6,gnn_qmix,coord_grid,6,3909,97750,106.0,25,0.22615375000000004,8.142442206541697,62.1179567972819,353.93717050000123
gnn_rep__N8__line__seed6,gnn_qmix,coord_grid,6,3910,97775,108.0,25,0.22595583333333336,8.970326542854309,28.576554934183758,354.0668377000002
gnn_rep__N8__line__seed6,gnn_qmix,coord_grid,6,3911,97800,109.0,25,0.22575791666666667,8.998436510562897,45.1264328956604,354.1596669999999
gnn_rep__N8__line__seed6,gnn_qmix,coord_grid,6,3912,97825,88.0,25,0.22555999999999998,11.226489271436419,114.15686307634626,354.21544279999944
gnn_rep__N8__line__seed6,gnn_qmix,coord_grid,6,3913,97850,70.0,25,0.2253620833333334,9.719900707403818,120.66753260294597,354.2888736999994
gnn_rep__N8__line__seed6,gnn_qmix,coord_grid,6,3914,97875,95.0,25,0.22516416666666672,13.229206800460815,60.4788236618042,354.3493473000017
gnn_rep__N8__line__seed6,gnn_qmix,coord_grid,6,3915,97900,105.0,25,0.22496625000000003,9.135062714417776,71.25745900472005,354.4541766000002
gnn_rep__N8__line__seed6,gnn_qmix,coord_grid,6,3916,97925,110.0,25,0.22476833333333335,8.93397753579276,68.98681381770542,354.5248930000016
gnn_rep__N8__line__seed6,gnn_qmix,coord_grid,6,3917,97950,113.0,25,0.22457041666666677,3.3854950666427612,44.30412324269613,354.60867770000186
gnn_rep__N8__line__seed6,gnn_qmix,coord_grid,6,3918,97975,91.0,25,0.22437249999999997,10.383292535940805,74.84025351206462,354.66907619999984
gnn_rep__N8__line__seed6,gnn_qmix,coord_grid,6,3919,98000,85.0,25,0.2241745833333333,12.763943831125895,93.47066879272461,354.7635713000018
gnn_rep__N8__line__seed6,gnn_qmix,coord_grid,6,3920,98025,74.0,25,0.2239766666666667,4.6473462751933505,35.91095243181501,354.88166360000105
gnn_rep__N8__line__seed6,gnn_qmix,coord_grid,6,3921,98050,102.0,25,0.22377875000000003,9.437311132748922,28.371710936228435,354.96601050000027
gnn_rep__N8__line__seed6,gnn_qmix,coord_grid,6,3922,98075,84.0,25,0.22358083333333334,12.272899627685547,36.15864181518555,355.0525191000015
gnn_rep__N8__line__seed6,gnn_qmix,coord_grid,6,3923,98100,76.0,25,0.22338291666666676,13.95241222778956,33.108872175216675,355.11666250000053
gnn_rep__N8__line__seed6,gnn_qmix,coord_grid,6,3924,98125,109.0,25,0.22318500000000008,9.894728405135018,20.928531101771764,355.23782819999906
gnn_rep__N8__line__seed6,gnn_qmix,coord_grid,6,3925,98150,97.0,25,0.2229870833333334,12.996272832155228,37.800413608551025,355.31730900000184
gnn_rep__N8__line__seed6,gnn_qmix,coord_grid,6,3926,98175,113.0,25,0.2227891666666667,8.333488504091898,69.62266540527344,355.39561669999966
gnn_rep__N8__line__seed6,gnn_qmix,coord_grid,6,3927,98200,119.0,25,0.22259125000000002,10.171238025029501,53.80667622884115,355.4569525000006
gnn_rep__N8__line__seed6,gnn_qmix,coord_grid,6,3928,98225,59.0,25,0.22239333333333333,8.063408476965767,39.56278147016253,355.56586900000184
gnn_rep__N8__line__seed6,gnn_qmix,coord_grid,6,3929,98250,97.0,25,0.22219541666666665,10.799561758836111,33.632089138031006,355.6493878000001
gnn_rep__N8__line__seed6,gnn_qmix,coord_grid,6,3930,98275,98.0,25,0.22199750000000007,10.354515473047892,43.36591259638468,355.7173526000006
gnn_rep__N8__line__seed6,gnn_qmix,coord_grid,6,3931,98300,109.0,25,0.22179958333333338,10.93344153960546,50.17954031626383,355.7857999000007
gnn_rep__N8__line__seed6,gnn_qmix,coord_grid,6,3932,98325,98.0,25,0.2216016666666667,15.008331349917821,39.37148026057652,355.89157200000045
gnn_rep__N8__line__seed6,gnn_qmix,coord_grid,6,3933,98350,97.0,25,0.22140375,10.273004372914633,43.93939399719238,355.9838864000012
gnn_rep__N8__line__seed6,gnn_qmix,coord_grid,6,3934,98375,98.0,25,0.22120583333333343,7.2428059577941895,41.554343382517494,356.04184560000067
gnn_rep__N8__line__seed6,gnn_qmix,coord_grid,6,3935,98400,81.0,25,0.22100791666666675,12.471768716971079,35.35514005025228,356.12180069999886
gnn_rep__N8__line__seed6,gnn_qmix,coord_grid,6,3936,98425,79.0,25,0.22080999999999995,9.737341812678746,34.892437253679546,356.2273079000006
gnn_rep__N8__line__seed6,gnn_qmix,coord_grid,6,3937,98450,97.0,25,0.22061208333333338,11.388233443101248,37.59406248728434,356.3169182999991
gnn_rep__N8__line__seed6,gnn_qmix,coord_grid,6,3938,98475,106.0,25,0.2204141666666667,4.058722754319509,26.72211233774821,356.3921159999991
gnn_rep__N8__line__seed6,gnn_qmix,coord_grid,6,3939,98500,99.0,25,0.22021625,7.0921304027239485,25.032643000284832,356.4504147000007
gnn_rep__N8__line__seed6,gnn_qmix,coord_grid,6,3940,98525,97.0,25,0.22001833333333343,7.359370844704764,33.61965697152274,356.56552770000053
gnn_rep__N8__line__seed6,gnn_qmix,coord_grid,6,3941,98550,90.0,25,0.21982041666666674,9.14984248081843,30.60194953282674,356.64367950000087
gnn_rep__N8__line__seed6,gnn_qmix,coord_grid,6,3942,98575,101.0,25,0.21962250000000005,7.319891571998596,50.34878889719645,356.7435495999998
gnn_rep__N8__line__seed6,gnn_qmix,coord_grid,6,3943,98600,111.0,25,0.21942458333333337,11.260149677594503,22.66100613276164,356.8200853999988
gnn_rep__N8__line__seed6,gnn_qmix,coord_grid,6,3944,98625,92.0,25,0.21922666666666668,13.081631932939802,148.5668433053153,356.90287389999867
gnn_rep__N8__line__seed6,gnn_qmix,coord_grid,6,3945,98650,100.0,25,0.21902875,11.238601366678873,97.42439683278401,356.9835215000021
gnn_rep__N8__line__seed6,gnn_qmix,coord_grid,6,3946,98675,102.0,25,0.2188308333333333,10.749532222747803,128.20379447937012,357.04055009999865
gnn_rep__N8__line__seed6,gnn_qmix,coord_grid,6,3947,98700,97.0,25,0.21863291666666673,14.947569092114767,55.47448444366455,357.15142750000086
gnn_rep__N8__line__seed6,gnn_qmix,coord_grid,6,3948,98725,87.0,25,0.21843500000000005,7.507960506847927,85.25632313319615,357.26681950000057
gnn_rep__N8__line__seed6,gnn_qmix,coord_grid,6,3949,98750,88.0,25,0.21823708333333336,7.549861758947372,88.76623725891113,357.4133045999988
gnn_rep__N8__line__seed6,gnn_qmix,coord_grid,6,3950,98775,80.0,25,0.21803916666666667,7.353460053602855,45.99130153656006,357.50854439999966
gnn_rep__N8__line__seed6,gnn_qmix,coord_grid,6,3951,98800,94.0,25,0.2178412500000001,9.346991002559662,22.22287638982137,357.57648569999947
gnn_rep__N8__line__seed6,gnn_qmix,coord_grid,6,3952,98825,71.0,25,0.2176433333333334,10.924747637340001,32.60488673618862,357.6686800999996
gnn_rep__N8__line__seed6,gnn_qmix,coord_grid,6,3953,98850,75.0,25,0.2174454166666666,9.323037445545197,32.04413890838623,357.77713349999976
gnn_rep__N8__line__seed6,gnn_qmix,coord_grid,6,3954,98875,95.0,25,0.21724750000000004,11.687272866566977,40.14404741923014,357.8294166000014
gnn_rep__N8__line__seed6,gnn_qmix,coord_grid,6,3955,98900,115.0,25,0.21704958333333335,8.37130077679952,65.71931076049805,357.922567900001
gnn_rep__N8__line__seed6,gnn_qmix,coord_grid,6,3956,98925,112.0,25,0.21685166666666666,12.029208796364921,49.53280067443848,358.0284959000019
gnn_rep__N8__line__seed6,gnn_qmix,coord_grid,6,3957,98950,88.0,25,0.2166537500000001,5.230583767096202,31.617813428243,358.11867110000094
gnn_rep__N8__line__seed6,gnn_qmix,coord_grid,6,3958,98975,90.0,25,0.2164558333333334,8.42389757434527,36.642496744791664,358.24226080000153
gnn_rep__N8__line__seed6,gnn_qmix,coord_grid,6,3959,99000,100.0,25,0.21625791666666672,9.417411049207052,31.759336312611897,358.3135355000013
gnn_rep__N8__line__seed6,gnn_qmix,coord_grid,6,3960,99025,92.0,25,0.21606000000000003,9.155732606138502,53.875195911952424,358.3951253000014
gnn_rep__N8__line__seed6,gnn_qmix,coord_grid,6,3961,99050,77.0,25,0.21586208333333345,12.853405793507894,60.42996629079183,358.4954476999992
gnn_rep__N8__line__seed6,gnn_qmix,coord_grid,6,3962,99075,109.0,25,0.21566416666666666,8.010517994562784,99.13329823811848,358.58368379999956
gnn_rep__N8__line__seed6,gnn_qmix,coord_grid,6,3963,99100,90.0,25,0.21546624999999997,8.418027321497599,62.394570668538414,358.66542649999974
gnn_rep__N8__line__seed6,gnn_qmix,coord_grid,6,3964,99125,95.0,25,0.2152683333333334,4.685984517846789,34.920731816973,358.74468799999886
gnn_rep__N8__line__seed6,gnn_qmix,coord_grid,6,3965,99150,103.0,25,0.2150704166666667,7.536741415659587,73.78166325887044,358.81314810000185
gnn_rep__N8__line__seed6,gnn_qmix,coord_grid,6,3966,99175,90.0,25,0.21487250000000002,10.553487618764242,58.89662456512451,358.90006390000053
gnn_rep__N8__line__seed6,gnn_qmix,coord_grid,6,3967,99200,112.0,25,0.21467458333333334,5.2347283860047655,27.94247515996297,359.021150200002
gnn_rep__N8__line__seed6,gnn_qmix,coord_grid,6,3968,99225,68.0,25,0.21447666666666676,11.953431674412318,40.28327764783587,359.0884785999988
gnn_rep__N8__line__seed6,gnn_qmix,coord_grid,6,3969,99250,93.0,25,0.21427875000000007,9.541575034459433,25.603198687235516,359.20118880000155
gnn_rep__N8__line__seed6,gnn_qmix,coord_grid,6,3970,99275,98.0,25,0.2140808333333334,10.80704685052236,40.23640537261963,359.29155000000173
gnn_rep__N8__line__seed6,gnn_qmix,coord_grid,6,3971,99300,97.0,25,0.2138829166666667,9.571608593066534,28.80647865931193,359.4085269999996
gnn_rep__N8__line__seed6,gnn_qmix,coord_grid,6,3972,99325,106.0,25,0.213685,9.141104034015111,43.46646131787981,359.4802732999997
gnn_rep__N8__line__seed6,gnn_qmix,coord_grid,6,3973,99350,107.0,25,0.21348708333333333,12.549914280573526,17.91148853302002,359.55592199999955
gnn_rep__N8__line__seed6,gnn_qmix,coord_grid,6,3974,99375,89.0,25,0.21328916666666675,9.407251278559366,19.604336102803547,359.6617167000004
gnn_rep__N8__line__seed6,gnn_qmix,coord_grid,6,3975,99400,109.0,25,0.21309125000000007,15.495716412862143,41.69314479827881,359.73517849999917
gnn_rep__N8__line__seed6,gnn_qmix,coord_grid,6,3976,99425,78.0,25,0.21289333333333338,10.825821195329938,152.23324584960938,359.7954986000004
gnn_rep__N8__line__seed6,gnn_qmix,coord_grid,6,3977,99450,103.0,25,0.2126954166666667,7.076525767644246,95.68006134033203,359.9238737000014
gnn_rep__N8__line__seed6,gnn_qmix,coord_grid,6,3978,99475,112.0,25,0.21249750000000012,6.066112458705902,78.37387657165527,360.00277220000135
gnn_rep__N8__line__seed6,gnn_qmix,coord_grid,6,3979,99500,106.0,25,0.21229958333333332,9.859365781148275,37.98759047190348,360.1232533000002
gnn_rep__N8__line__seed6,gnn_qmix,coord_grid,6,3980,99525,96.0,25,0.21210166666666663,5.876682656151908,37.02913652147566,360.2405374000009
gnn_rep__N8__line__seed6,gnn_qmix,coord_grid,6,3981,99550,110.0,25,0.21190375000000006,9.880025327205658,34.841373125712074,360.3078237000009
gnn_rep__N8__line__seed6,gnn_qmix,coord_grid,6,3982,99575,101.0,25,0.21170583333333337,10.687566757202148,48.67303466796875,360.42502199999944
gnn_rep__N8__line__seed6,gnn_qmix,coord_grid,6,3983,99600,99.0,25,0.21150791666666668,10.031574070453644,59.0513064066569,360.47290540000176
gnn_rep__N8__line__seed6,gnn_qmix,coord_grid,6,3984,99625,118.0,25,0.21131,6.082164900643485,58.618992941720144,360.5631159000004
gnn_rep__N8__line__seed6,gnn_qmix,coord_grid,6,3985,99650,98.0,25,0.21111208333333342,7.7227630615234375,56.32849740982056,360.6791349999985
gnn_rep__N8__line__seed6,gnn_qmix,coord_grid,6,3986,99675,107.0,25,0.21091416666666674,11.893460114796957,51.20803769429525,360.8064884000014
gnn_rep__N8__line__seed6,gnn_qmix,coord_grid,6,3987,99700,83.0,25,0.21071625000000005,8.632721304893494,33.07225831349691,360.9070807999997
gnn_rep__N8__line__seed6,gnn_qmix,coord_grid,6,3988,99725,80.0,25,0.21051833333333336,14.45870474406651,34.57055527823312,361.0111513000011
gnn_rep__N8__line__seed6,gnn_qmix,coord_grid,6,3989,99750,104.0,25,0.21032041666666668,4.508551359176636,36.28584750493368,361.0821915000015
gnn_rep__N8__line__seed6,gnn_qmix,coord_grid,6,3990,99775,80.0,25,0.2101225,10.49152406056722,45.9431791305542,361.1846325000006
gnn_rep__N8__line__seed6,gnn_qmix,coord_grid,6,3991,99800,107.0,25,0.2099245833333333,11.683939894040426,46.654374758402504,361.26692900000126
gnn_rep__N8__line__seed6,gnn_qmix,coord_grid,6,3992,99825,99.0,25,0.20972666666666673,10.788325411932808,30.392201287405832,361.3249165999987
gnn_rep__N8__line__seed6,gnn_qmix,coord_grid,6,3993,99850,80.0,25,0.20952875000000004,13.809727529684702,31.912580490112305,361.4159292000004
gnn_rep__N8__line__seed6,gnn_qmix,coord_grid,6,3994,99875,103.0,25,0.20933083333333335,6.73209070165952,47.39366817474365,361.5025619000007
gnn_rep__N8__line__seed6,gnn_qmix,coord_grid,6,3995,99900,102.0,25,0.20913291666666678,12.662300030390421,34.911608378092446,361.6087915999997
gnn_rep__N8__line__seed6,gnn_qmix,coord_grid,6,3996,99925,106.0,25,0.2089350000000001,11.942386490958077,36.473191942487446,361.67374700000073
gnn_rep__N8__line__seed6,gnn_qmix,coord_grid,6,3997,99950,100.0,25,0.2087370833333333,12.713022152582804,35.603394508361816,361.793117600002
gnn_rep__N8__line__seed6,gnn_qmix,coord_grid,6,3998,99975,88.0,25,0.20853916666666672,5.321189661820729,21.19366455078125,361.8651701000017
gnn_rep__N8__line__seed6,gnn_qmix,coord_grid,6,3999,100000,99.0,25,0.20834125000000003,3.4939233462015786,42.78825696309408,361.96729069999856
gnn_rep__N8__line__seed6,gnn_qmix,coord_grid,6,4000,100025,93.0,25,0.20814333333333335,14.857728293963842,30.59927041190011,362.07150080000065
gnn_rep__N8__line__seed6,gnn_qmix,coord_grid,6,4001,100050,110.0,25,0.20794541666666666,12.917628745237986,43.70726807912191,362.18215820000114
gnn_rep__N8__line__seed6,gnn_qmix,coord_grid,6,4002,100075,105.0,25,0.20774750000000008,9.903213719526926,51.661763509114586,362.2496132999986
gnn_rep__N8__line__seed6,gnn_qmix,coord_grid,6,4003,100100,103.0,25,0.2075495833333334,13.003811120986938,37.33252271016439,362.3342287999985
gnn_rep__N8__line__seed6,gnn_qmix,coord_grid,6,4004,100125,114.0,25,0.2073516666666667,8.629528760910034,40.03788811819894,362.43075020000106
gnn_rep__N8__line__seed6,gnn_qmix,coord_grid,6,4005,100150,101.0,25,0.20715375000000003,5.481015086174011,36.08386675516764,362.49605470000097
gnn_rep__N8__line__seed6,gnn_qmix,coord_grid,6,4006,100175,92.0,25,0.20695583333333334,10.688197612762451,37.37113285064697,362.5954224999987
gnn_rep__N8__line__seed6,gnn_qmix,coord_grid,6,4007,100200,96.0,25,0.20675791666666665,12.654507954915365,64.61073176066081,362.6681849000015
gnn_rep__N8__line__seed6,gnn_qmix,coord_grid,6,4008,100225,89.0,25,0.20655999999999997,11.574615120887756,98.07684462411063,362.7832120999992
gnn_rep__N8__line__seed6,gnn_qmix,coord_grid,6,4009,100250,85.0,25,0.2063620833333334,9.788674791653952,123.34477233886719,362.87418719999914
gnn_rep__N8__line__seed6,gnn_qmix,coord_grid,6,4010,100275,110.0,25,0.2061641666666667,11.13031973441442,55.7069346110026,362.9491839000002
gnn_rep__N8__line__seed6,gnn_qmix,coord_grid,6,4011,100300,117.0,25,0.20596625000000002,10.038076798121134,39.765845934549965,363.0112125000014
gnn_rep__N8__line__seed6,gnn_qmix,coord_grid,6,4012,100325,104.0,25,0.20576833333333344,9.477850300925118,23.806294713701522,363.1143469000017
gnn_rep__N8__line__seed6,gnn_qmix,coord_grid,6,4013,100350,97.0,25,0.20557041666666676,11.023255248864492,33.0630791982015,363.2116900000001
gnn_rep__N8__line__seed6,gnn_qmix,coord_grid,6,4014,100375,82.0,25,0.20537249999999996,13.243082761764526,24.76243495941162,363.27434500000163
gnn_rep__N8__line__seed6,gnn_qmix,coord_grid,6,4015,100400,102.0,25,0.20517458333333338,11.8746231396993,24.772687276204426,363.35951399999976
gnn_rep__N8__line__seed6,gnn_qmix,coord_grid,6,4016,100425,109.0,25,0.2049766666666667,4.910584322043827,31.487269810267858,363.4365667999991
gnn_rep__N8__line__seed6,gnn_qmix,coord_grid,6,4017,100450,111.0,25,0.20477875,13.150911092758179,34.487897872924805,363.4967593000001
gnn_rep__N8__line__seed6,gnn_qmix,coord_grid,6,4018,100475,110.0,25,0.20458083333333332,8.84991717338562,36.66700108846029,363.62474080000175
gnn_rep__N8__line__seed6,gnn_qmix,coord_grid,6,4019,100500,93.0,25,0.20438291666666675,13.359966913859049,52.424827575683594,363.79052220000085
gnn_rep__N8__line__seed6,gnn_qmix,coord_grid,6,4020,100525,95.0,25,0.20418500000000006,5.922231938157763,36.53678757803781,363.8408598999995
gnn_rep__N8__line__seed6,gnn_qmix,coord_grid,6,4021,100550,101.0,25,0.20398708333333337,9.78476369380951,49.269203186035156,363.9151300000012
gnn_rep__N8__line__seed6,gnn_qmix,coord_grid,6,4022,100575,112.0,25,0.2037891666666668,5.531929969787598,33.195964654286705,364.0358774999986
gnn_rep__N8__line__seed6,gnn_qmix,coord_grid,6,4023,100600,121.0,25,0.20359125,9.549496561288834,48.315470377604164,364.10500089999914
gnn_rep__N8__line__seed6,gnn_qmix,coord_grid,6,4024,100625,105.0,25,0.20339333333333331,8.679181712014335,37.16393906729562,364.2405452000021
gnn_rep__N8__line__seed6,gnn_qmix,coord_grid,6,4025,100650,83.0,25,0.20319541666666663,6.492097020149231,52.31907399495443,364.2989529000006
gnn_rep__N8__line__seed6,gnn_qmix,coord_grid,6,4026,100675,106.0,25,0.20299750000000005,9.954504350821177,72.62308279673259,364.4096074000008
gnn_rep__N8__line__seed6,gnn_qmix,coord_grid,6,4027,100700,108.0,25,0.20279958333333337,13.348724842071533,51.1639297803243,364.49476180000056
gnn_rep__N8__line__seed6,gnn_qmix,coord_grid,6,4028,100725,89.0,25,0.20260166666666668,5.89376836163657,49.04801504952567,364.60312780000095
gnn_rep__N8__line__seed6,gnn_qmix,coord_grid,6,4029,100750,110.0,25,0.2024037500000001,7.694403568903605,43.9932336807251,364.68283240000164
gnn_rep__N8__line__seed6,gnn_qmix,coord_grid,6,4030,100775,109.0,25,0.20220583333333342,13.094441791375479,41.401183446248375,364.7782619999998
gnn_rep__N8__line__seed6,gnn_qmix,coord_grid,6,4031,100800,121.0,25,0.20200791666666673,10.90259983142217,21.027998606363933,364.8552271000008
gnn_rep__N8__line__seed6,gnn_qmix,coord_grid,6,4032,100825,101.0,25,0.20181000000000004,8.582095895494733,21.35050364903041,364.9327158999986
gnn_rep__N8__line__seed6,gnn_qmix,coord_grid,6,4033,100850,127.0,25,0.20161208333333336,10.94997755686442,27.761699676513672,364.99348060000193
gnn_rep__N8__line__seed6,gnn_qmix,coord_grid,6,4034,100875,113.0,25,0.20141416666666667,6.592992862065633,54.29496399561564,365.0944316999994
gnn_rep__N8__line__seed6,gnn_qmix,coord_grid,6,4035,100900,102.0,25,0.20121624999999999,15.278569300969442,45.116485277811684,365.1747245000006
gnn_rep__N8__line__seed6,gnn_qmix,coord_grid,6,4036,100925,100.0,25,0.2010183333333334,9.600515297480992,61.38508687700544,365.2575276999996
gnn_rep__N8__line__seed6,gnn_qmix,coord_grid,6,4037,100950,118.0,25,0.20082041666666672,9.925402879714966,44.26190725962321,365.31901239999934
gnn_rep__N8__line__seed6,gnn_qmix,coord_grid,6,4038,100975,108.0,25,0.20062250000000004,8.895642717679342,58.021499951680504,365.4121637999997
gnn_rep__N8__line__seed6,gnn_qmix,coord_grid,6,4039,101000,107.0,25,0.20042458333333346,9.56061484416326,40.06614017486572,365.48399190000055
gnn_rep__N8__line__seed6,gnn_qmix,coord_grid,6,4040,101025,97.0,25,0.20022666666666666,10.357899257114955,130.02196775163924,365.5688298999994
gnn_rep__N8__line__seed6,gnn_qmix,coord_grid,6,4041,101050,92.0,25,0.20002874999999998,15.263374944527945,139.16477330525717,365.69159020000006
gnn_rep__N8__line__seed6,gnn_qmix,coord_grid,6,4042,101075,106.0,25,0.1998308333333333,10.257306973139444,66.04838339487712,365.7746154999986
gnn_rep__N8__line__seed6,gnn_qmix,coord_grid,6,4043,101100,110.0,25,0.19963291666666672,6.810529271761577,61.60443687438965,365.8835619999991
gnn_rep__N8__line__seed6,gnn_qmix,coord_grid,6,4044,101125,118.0,25,0.19943500000000003,13.82373332977295,29.300702367510116,365.98142310000185
gnn_rep__N8__line__seed6,gnn_qmix,coord_grid,6,4045,101150,103.0,25,0.19923708333333334,9.120856682459513,48.55938275655111,366.09137389999887
gnn_rep__N8__line__seed6,gnn_qmix,coord_grid,6,4046,101175,98.0,25,0.19903916666666677,4.604989369710286,41.02953624725342,366.1659330000002
gnn_rep__N8__line__seed6,gnn_qmix,coord_grid,6,4047,101200,96.0,25,0.19884125000000008,8.851672728856405,46.74469598134359,366.28594710000107
gnn_rep__N8__line__seed6,gnn_qmix,coord_grid,6,4048,101225,114.0,25,0.1986433333333334,6.1687511546271185,31.65922028677804,366.40568899999926
gnn_rep__N8__line__seed6,gnn_qmix,coord_grid,6,4049,101250,102.0,25,0.1984454166666667,11.112749536832174,37.298412005106606,366.4971226000016
gnn_rep__N8__line__seed6,gnn_qmix,coord_grid,6,4050,101275,97.0,25,0.19824750000000002,8.716345479091009,32.54729747772217,366.5931974999985
gnn_rep__N8__line__seed6,gnn_qmix,coord_grid,6,4051,101300,125.0,25,0.19804958333333333,12.421989738941193,44.253717263539635,366.6917801999989
gnn_rep__N8__line__seed6,gnn_qmix,coord_grid,6,4052,101325,108.0,25,0.19785166666666665,9.859130893434797,43.55608313424246,366.79357470000105
gnn_rep__N8__line__seed6,gnn_qmix,coord_grid,6,4053,101350,92.0,25,0.19765375000000007,5.618144353230794,35.915097872416176,366.8823426000017
gnn_rep__N8__line__seed6,gnn_qmix,coord_grid,6,4054,101375,102.0,25,0.19745583333333339,8.100390791893005,35.205784479777016,366.9514405000009
gnn_rep__N8__line__seed6,gnn_qmix,coord_grid,6,4055,101400,117.0,25,0.1972579166666667,8.688335478305817,49.47427717844645,367.0568133000015
gnn_rep__N8__line__seed6,gnn_qmix,coord_grid,6,4056,101425,102.0,25,0.19706000000000012,13.747277770723615,47.42675508771624,367.1450508000016
gnn_rep__N8__line__seed6,gnn_qmix,coord_grid,6,4057,101450,112.0,25,0.19686208333333344,9.986010630925497,48.45234775543213,367.24895689999903
gnn_rep__N8__line__seed6,gnn_qmix,coord_grid,6,4058,101475,108.0,25,0.19666416666666664,8.03074618180593,50.559695879618324,367.29659750000064
gnn_rep__N8__line__seed6,gnn_qmix,coord_grid,6,4059,101500,115.0,25,0.19646624999999995,10.058464427789053,34.25615660349528,367.4064034000003
gnn_rep__N8__line__seed6,gnn_qmix,coord_grid,6,4060,101525,92.0,25,0.19626833333333338,12.885547808238439,41.79529925755092,367.5096502000015
gnn_rep__N8__line__seed6,gnn_qmix,coord_grid,6,4061,101550,102.0,25,0.1960704166666667,13.640879313151041,63.7963670094808,367.56980739999926
gnn_rep__N8__line__seed6,gnn_qmix,coord_grid,6,4062,101575,106.0,25,0.1958725,8.032293538252512,55.62145455678304,367.67805360000057
gnn_rep__N8__line__seed6,gnn_qmix,coord_grid,6,4063,101600,110.0,25,0.19567458333333343,13.433993339538574,54.98039309183756,367.80643820000114
gnn_rep__N8__line__seed6,gnn_qmix,coord_grid,6,4064,101625,101.0,25,0.19547666666666674,7.118685773440769,63.702073778424946,367.92452559999947
gnn_rep__N8__line__seed6,gnn_qmix,coord_grid,6,4065,101650,102.0,25,0.19527875000000006,8.94790369272232,33.58694998423258,368.017785
gnn_rep__N8__line__seed6,gnn_qmix,coord_grid,6,4066,101675,95.0,25,0.19508083333333337,7.151959250370662,68.86788590749104,368.11628159999964
gnn_rep__N8__line__seed6,gnn_qmix,coord_grid,6,4067,101700,114.0,25,0.19488291666666668,6.774233599503835,79.76830037434895,368.2080148999994
gnn_rep__N8__line__seed6,gnn_qmix,coord_grid,6,4068,101725,107.0,25,0.194685,12.380858285086495,68.57491629464286,368.3385989999988
gnn_rep__N8__line__seed6,gnn_qmix,coord_grid,6,4069,101750,89.0,25,0.1944870833333333,8.11819326877594,29.574549516042072,368.4159346000015
gnn_rep__N8__line__seed6,gnn_qmix,coord_grid,6,4070,101775,102.0,25,0.19428916666666673,11.271231730779013,53.42200724283854,368.51579649999985
gnn_rep__N8__line__seed6,gnn_qmix,coord_grid,6,4071,101800,95.0,25,0.19409125000000005,7.959593057632446,48.13245757420858,368.56684120000136
gnn_rep__N8__line__seed6,gnn_qmix,coord_grid,6,4072,101825,87.0,25,0.19389333333333336,11.746919001851763,135.5013130732945,368.71185759999935
gnn_rep__N8__line__seed6,gnn_qmix,coord_grid,6,4073,101850,92.0,25,0.1936954166666668,9.8313307762146,127.38600285847981,368.79613339999923
gnn_rep__N8__line__seed6,gnn_qmix,coord_grid,6,4074,101875,84.0,25,0.1934975000000001,11.567218701044718,69.90039126078288,368.8633943999994
gnn_rep__N8__line__seed6,gnn_qmix,coord_grid,6,4075,101900,103.0,25,0.1932995833333333,9.507842977841696,67.87804524103801,368.9671459000019
gnn_rep__N8__line__seed6,gnn_qmix,coord_grid,6,4076,101925,85.0,25,0.19310166666666662,14.816089357648577,55.72585814339774,369.0660104999988
gnn_rep__N8__line__seed6,gnn_qmix,coord_grid,6,4077,101950,96.0,25,0.19290375000000004,8.376307586828867,59.334197362264,369.1834401999986
gnn_rep__N8__line__seed6,gnn_qmix,coord_grid,6,4078,101975,110.0,25,0.19270583333333335,13.917632500330607,76.51952266693115,369.25393780000013
gnn_rep__N8__line__seed6,gnn_qmix,coord_grid,6,4079,102000,114.0,25,0.19250791666666667,11.509116291999817,48.342040379842125,369.3332078000021
gnn_rep__N8__line__seed6,gnn_qmix,coord_grid,6,4080,102025,109.0,25,0.1923100000000001,8.960262715816498,43.18645123073033,369.45041760000095
gnn_rep__N8__line__seed6,gnn_qmix,coord_grid,6,4081,102050,114.0,25,0.1921120833333334,12.805619160334269,52.40787410736084,369.512901099999
gnn_rep__N8__line__seed6,gnn_qmix,coord_grid,6,4082,102075,106.0,25,0.19191416666666672,7.301132102807363,67.25087451934814,369.5851616
gnn_rep__N8__line__seed6,gnn_qmix,coord_grid,6,4083,102100,92.0,25,0.19171625000000003,9.268188297748566,75.46338272094727,369.6841765999998
gnn_rep__N8__line__seed6,gnn_qmix,coord_grid,6,4084,102125,123.0,25,0.19151833333333335,10.811723402568273,31.167421749659947,369.7450910000007
gnn_rep__N8__line__seed6,gnn_qmix,coord_grid,6,4085,102150,104.0,25,0.19132041666666666,5.446048438549042,29.80141544342041,369.81123110000044
gnn_rep__N8__line__seed6,gnn_qmix,coord_grid,6,4086,102175,110.0,25,0.19112249999999997,13.749580204486847,32.27944262822469,369.9031808
gnn_rep__N8__line__seed6,gnn_qmix,coord_grid,6,4087,102200,97.0,25,0.1909245833333334,9.31414302190145,43.087642987569176,369.98901119999937
gnn_rep__N8__line__seed6,gnn_qmix,coord_grid,6,4088,102225,119.0,25,0.1907266666666667,8.200711369514465,55.23859814235142,370.0866702000021
gnn_rep__N8__line__seed6,gnn_qmix,coord_grid,6,4089,102250,105.0,25,0.19052875000000002,5.58386751015981,34.61385043462118,370.212207200002
gnn_rep__N8__line__seed6,gnn_qmix,coord_grid,6,4090,102275,118.0,25,0.19033083333333345,6.978276948134105,73.7023696899414,370.30787150000106
gnn_rep__N8__line__seed6,gnn_qmix,coord_grid,6,4091,102300,114.0,25,0.19013291666666676,11.716236313184103,78.64006328582764,370.3548866000019
gnn_rep__N8__line__seed6,gnn_qmix,coord_grid,6,4092,102325,108.0,25,0.18993500000000008,13.915396077292305,48.51323018755232,370.45452339999974
gnn_rep__N8__line__seed6,gnn_qmix,coord_grid,6,4093,102350,107.0,25,0.18973708333333328,11.370080570379892,27.976391792297363,370.550801100002
gnn_rep__N8__line__seed6,gnn_qmix,coord_grid,6,4094,102375,118.0,25,0.1895391666666667,14.689087430636087,42.61732737223307,370.6317177000019
gnn_rep__N8__line__seed6,gnn_qmix,coord_grid,6,4095,102400,119.0,25,0.18934125000000002,9.24999588727951,61.77370516459147,370.7247700000007
gnn_rep__N8__line__seed6,gnn_qmix,coord_grid,6,4096,102425,122.0,25,0.18914333333333333,9.090796930449349,62.168989181518555,370.77714339999875
gnn_rep__N8__line__seed6,gnn_qmix,coord_grid,6,4097,102450,109.0,25,0.18894541666666675,2.1875837445259094,41.26571544011434,370.8786806999997
gnn_rep__N8__line__seed6,gnn_qmix,coord_grid,6,4098,102475,100.0,25,0.18874750000000007,8.043846209843954,75.83258120218913,370.966432600002
gnn_rep__N8__line__seed6,gnn_qmix,coord_grid,6,4099,102500,93.0,25,0.18854958333333338,4.739917635917664,83.09806569417317,371.0147450000004
gnn_rep__N8__line__seed6,gnn_qmix,coord_grid,6,4100,102525,108.0,25,0.1883516666666667,8.680155958448138,73.88478469848633,371.10742720000053
gnn_rep__N8__line__seed6,gnn_qmix,coord_grid,6,4101,102550,117.0,25,0.18815375,11.429707686106363,54.91357008616129,371.1991460999998
gnn_rep__N8__line__seed6,gnn_qmix,coord_grid,6,4102,102575,104.0,25,0.18795583333333332,15.004696369171143,58.43651135762533,371.3335291000003
gnn_rep__N8__line__seed6,gnn_qmix,coord_grid,6,4103,102600,87.0,25,0.18775791666666664,12.603654166062674,46.40170542399088,371.4168256000012
gnn_rep__N8__line__seed6,gnn_qmix,coord_grid,6,4104,102625,121.0,25,0.18756000000000006,19.461198602403915,125.1725744519915,371.4836632000006
gnn_rep__N8__line__seed6,gnn_qmix,coord_grid,6,4105,102650,102.0,25,0.18736208333333337,14.689937949180603,120.19272041320801,371.5408998000021
gnn_rep__N8__line__seed6,gnn_qmix,coord_grid,6,4106,102675,115.0,25,0.1871641666666667,15.457556128501892,85.23779042561848,371.6337514000006
gnn_rep__N8__line__seed6,gnn_qmix,coord_grid,6,4107,102700,110.0,25,0.1869662500000001,6.87632401784261,54.06078338623047,371.7409943999992
gnn_rep__N8__line__seed6,gnn_qmix,coord_grid,6,4108,102725,115.0,25,0.18676833333333343,14.515400614057269,49.67656816755022,371.8221517999991
gnn_rep__N8__line__seed6,gnn_qmix,coord_grid,6,4109,102750,125.0,25,0.18657041666666674,10.75895587603251,64.19884459177653,371.8931929999999
gnn_rep__N8__line__seed6,gnn_qmix,coord_grid,6,4110,102775,97.0,25,0.18637249999999994,10.660812477270762,38.4756825764974,372.00162310000087
gnn_rep__N8__line__seed6,gnn_qmix,coord_grid,6,4111,102800,80.0,25,0.18617458333333337,7.013160725434621,39.11717987060547,372.0656210999987
gnn_rep__N8__line__seed6,gnn_qmix,coord_grid,6,4112,102825,104.0,25,0.18597666666666668,9.438518915857587,39.008636065891814,372.1521825999989
gnn_rep__N8__line__seed6,gnn_qmix,coord_grid,6,4113,102850,102.0,25,0.18577875,10.656460046768188,72.38516330718994,372.23762480000005
gnn_rep__N8__line__seed6,gnn_qmix,coord_grid,6,4114,102875,110.0,25,0.18558083333333342,16.44290514787038,55.312463919321694,372.31562100000156
gnn_rep__N8__line__seed6,gnn_qmix,coord_grid,6,4115,102900,127.0,25,0.18538291666666673,6.945831298828125,52.99408753712972,372.3894451999986
gnn_rep__N8__line__seed6,gnn_qmix,coord_grid,6,4116,102925,110.0,25,0.18518500000000004,10.227548463003975,88.85777773175921,372.4800897999994
gnn_rep__N8__line__seed6,gnn_qmix,coord_grid,6,4117,102950,105.0,25,0.18498708333333336,9.68282930056254,68.32035827636719,372.5504010000004
gnn_rep__N8__line__seed6,gnn_qmix,coord_grid,6,4118,102975,131.0,25,0.18478916666666678,5.8929939071337385,77.56468264261882,372.6482240000005
gnn_rep__N8__line__seed6,gnn_qmix,coord_grid,6,4119,103000,120.0,25,0.18459124999999998,8.076166252295176,70.76723098754883,372.75197000000117
gnn_rep__N8__line__seed6,gnn_qmix,coord_grid,6,4120,103025,91.0,25,0.1843933333333333,15.297854457582746,49.42715930938721,372.82284150000123
gnn_rep__N8__line__seed6,gnn_qmix,coord_grid,6,4121,103050,100.0,25,0.18419541666666672,18.686288853486378,61.914855003356934,372.93207099999927
gnn_rep__N8__line__seed6,gnn_qmix,coord_grid,6,4122,103075,86.0,25,0.18399750000000004,16.26674230893453,39.470744132995605,373.0042719000012
gnn_rep__N8__line__seed6,gnn_qmix,coord_grid,6,4123,103100,99.0,25,0.18379958333333335,10.392460584640503,65.16907564798991,373.1077417000015
gnn_rep__N8__line__seed6,gnn_qmix,coord_grid,6,4124,103125,120.0,25,0.18360166666666677,9.167597770690918,34.28511619567871,373.1976747000008
gnn_rep__N8__line__seed6,gnn_qmix,coord_grid,6,4125,103150,103.0,25,0.1834037500000001,11.760156313578287,42.15719223022461,373.2709630999998
gnn_rep__N8__line__seed6,gnn_qmix,coord_grid,6,4126,103175,109.0,25,0.1832058333333334,12.085641304651896,116.68548075358073,373.33760560000155
gnn_rep__N8__line__seed6,gnn_qmix,coord_grid,6,4127,103200,104.0,25,0.18300791666666671,14.874145070711771,32.042268911997475,373.4511874000018
gnn_rep__N8__line__seed6,gnn_qmix,coord_grid,6,4128,103225,73.0,25,0.18281000000000003,5.1671998500823975,31.28310625893729,373.5652015000014
gnn_rep__N8__line__seed6,gnn_qmix,coord_grid,6,4129,103250,105.0,25,0.18261208333333334,10.697725852330526,36.58328088124593,373.6687458999986
gnn_rep__N8__line__seed6,gnn_qmix,coord_grid,6,4130,103275,117.0,25,0.18241416666666666,16.681076606114704,68.0135924021403,373.7664771000018
gnn_rep__N8__line__seed6,gnn_qmix,coord_grid,6,4131,103300,111.0,25,0.18221625000000008,11.631141265233358,43.724908669789635,373.84580769999957
gnn_rep__N8__line__seed6,gnn_qmix,coord_grid,6,4132,103325,110.0,25,0.1820183333333334,9.494058847427368,47.215571131025044,373.97966799999995
gnn_rep__N8__line__seed6,gnn_qmix,coord_grid,6,4133,103350,90.0,25,0.1818204166666667,12.561195512612661,50.19892851511637,374.0653834000004
gnn_rep__N8__line__seed6,gnn_qmix,coord_grid,6,4134,103375,86.0,25,0.18162250000000002,9.272472937901815,47.4789457321167,374.1416977000008
gnn_rep__N8__line__seed6,gnn_qmix,coord_grid,6,4135,103400,118.0,25,0.18142458333333344,4.64443443218867,44.531649589538574,374.23565990000134
gnn_rep__N8__line__seed6,gnn_qmix,coord_grid,6,4136,103425,103.0,25,0.18122666666666665,11.495706796646118,176.25952802385603,374.3371487000004
gnn_rep__N8__line__seed6,gnn_qmix,coord_grid,6,4137,103450,97.0,25,0.18102874999999996,13.448061545689901,101.78575197855632,374.46073930000057
gnn_rep__N8__line__seed6,gnn_qmix,coord_grid,6,4138,103475,105.0,25,0.18083083333333339,15.759183963139852,73.80924987792969,374.5119206999989
gnn_rep__N8__line__seed6,gnn_qmix,coord_grid,6,4139,103500,99.0,25,0.1806329166666667,14.04702885945638,46.89080365498861,374.6025751999987
gnn_rep__N8__line__seed6,gnn_qmix,coord_grid,6,4140,103525,107.0,25,0.180435,13.757587688309806,53.21320765359061,374.67245120000007
gnn_rep__N8__line__seed6,gnn_qmix,coord_grid,6,4141,103550,128.0,25,0.18023708333333333,13.114297747612,53.32400401433309,374.7597765999999
gnn_rep__N8__line__seed6,gnn_qmix,coord_grid,6,4142,103575,118.0,25,0.18003916666666675,10.917785783608755,59.534733613332115,374.8701599999986
gnn_rep__N8__line__seed6,gnn_qmix,coord_grid,6,4143,103600,114.0,25,0.17984125000000006,11.936786015828451,82.94504419962566,374.9902899000008
gnn_rep__N8__line__seed6,gnn_qmix,coord_grid,6,4144,103625,111.0,25,0.17964333333333338,10.347601473331451,56.12306499481201,375.10504950000177
gnn_rep__N8__line__seed6,gnn_qmix,coord_grid,6,4145,103650,108.0,25,0.1794454166666667,7.117797493934631,65.9272665977478,375.1555909999988
gnn_rep__N8__line__seed6,gnn_qmix,coord_grid,6,4146,103675,105.0,25,0.1792475,10.712569137414297,56.87373892466227,375.27766859999974
gnn_rep__N8__line__seed6,gnn_qmix,coord_grid,6,4147,103700,111.0,25,0.17904958333333332,9.258266051610311,52.14285326004028,375.38516510000045
gnn_rep__N8__line__seed6,gnn_qmix,coord_grid,6,4148,103725,113.0,25,0.17885166666666674,20.542928831917898,41.57301466805594,375.5367264999986
gnn_rep__N8__line__seed6,gnn_qmix,coord_grid,6,4149,103750,114.0,25,0.17865375000000006,12.997984488805136,25.61118761698405,375.6468730000015
gnn_rep__N8__line__seed6,gnn_qmix,coord_grid,6,4150,103775,122.0,25,0.17845583333333337,10.545770307381948,72.49699608484904,375.69608589999916
gnn_rep__N8__line__seed6,gnn_qmix,coord_grid,6,4151,103800,119.0,25,0.17825791666666668,16.80385418732961,60.8835825920105,375.7729822000001
gnn_rep__N8__line__seed6,gnn_qmix,coord_grid,6,4152,103825,115.0,25,0.1780600000000001,7.079761905329568,38.409310068402974,375.8494062999998
gnn_rep__N8__line__seed6,gnn_qmix,coord_grid,6,4153,103850,123.0,25,0.17786208333333342,12.92117037375768,54.42489878336588,375.9233768000013
gnn_rep__N8__line__seed6,gnn_qmix,coord_grid,6,4154,103875,110.0,25,0.17766416666666662,6.079816480477651,31.36803436279297,375.98826570000165
gnn_rep__N8__line__seed6,gnn_qmix,coord_grid,6,4155,103900,123.0,25,0.17746625000000005,15.536933422088623,35.10661474863688,376.10300180000195
gnn_rep__N8__line__seed6,gnn_qmix,coord_grid,6,4156,103925,107.0,25,0.17726833333333336,9.330146738461085,71.11321912493024,376.2022386999997
gnn_rep__N8__line__seed6,gnn_qmix,coord_grid,6,4157,103950,115.0,25,0.17707041666666667,9.494534075260162,74.14078013102214,376.306644100001
gnn_rep__N8__line__seed6,gnn_qmix,coord_grid,6,4158,103975,107.0,25,0.1768725,7.177617271741231,65.30509281158447,376.407035799999
gnn_rep__N8__line__seed6,gnn_qmix,coord_grid,6,4159,104000,110.0,25,0.1766745833333334,8.669689973195394,65.76485983530681,376.5168525000008
gnn_rep__N8__line__seed6,gnn_qmix,coord_grid,6,4160,104025,100.0,25,0.17647666666666673,7.38656655379704,64.70880535670689,376.6477225999988
gnn_rep__N8__line__seed6,gnn_qmix,coord_grid,6,4161,104050,110.0,25,0.17627875000000004,8.277848243713379,41.65500068664551,376.78030280000166
gnn_rep__N8__line__seed6,gnn_qmix,coord_grid,6,4162,104075,99.0,25,0.17608083333333335,12.113081773122152,53.78625218073527,376.8436475000017
gnn_rep__N8__line__seed6,gnn_qmix,coord_grid,6,4163,104100,112.0,25,0.17588291666666667,7.079772472381592,50.691444079081215,376.9437648000021
gnn_rep__N8__line__seed6,gnn_qmix,coord_grid,6,4164,104125,117.0,25,0.17568499999999998,15.392511078289576,58.141919817243306,377.03620579999915
gnn_rep__N8__line__seed6,gnn_qmix,coord_grid,6,4165,104150,119.0,25,0.1754870833333334,11.918440163135529,50.43520291646322,377.1150412999996
gnn_rep__N8__line__seed6,gnn_qmix,coord_grid,6,4166,104175,129.0,25,0.17528916666666672,12.899555126825968,42.092310110727944,377.1953902999994
gnn_rep__N8__line__seed6,gnn_qmix,coord_grid,6,4167,104200,117.0,25,0.17509125000000003,11.959674755732218,36.42564169565836,377.30043659999865
gnn_rep__N8__line__seed6,gnn_qmix,coord_grid,6,4168,104225,114.0,25,0.17489333333333335,13.40773892402649,148.05854415893555,377.3474829000006
gnn_rep__N8__line__seed6,gnn_qmix,coord_grid,6,4169,104250,95.0,25,0.17469541666666677,15.52221910158793,129.64757855733237,377.4480588000006
gnn_rep__N8__line__seed6,gnn_qmix,coord_grid,6,4170,104275,114.0,25,0.17449750000000008,8.725424150625864,95.70197518666585,377.5426187000012
gnn_rep__N8__line__seed6,gnn_qmix,coord_grid,6,4171,104300,112.0,25,0.17429958333333329,10.050929745038351,100.81160163879395,377.6413367999994
gnn_rep__N8__line__seed6,gnn_qmix,coord_grid,6,4172,104325,101.0,25,0.1741016666666667,9.255095703261238,37.22383008684431,377.70854150000014
gnn_rep__N8__line__seed6,gnn_qmix,coord_grid,6,4173,104350,115.0,25,0.17390375000000002,10.922709941864014,39.535930156707764,377.78096670000014
gnn_rep__N8__line__seed6,gnn_qmix,coord_grid,6,4174,104375,107.0,25,0.17370583333333334,7.214247743288676,29.627009868621826,377.8700570000001
gnn_rep__N8__line__seed6,gnn_qmix,coord_grid,6,4175,104400,121.0,25,0.17350791666666665,14.62884775797526,49.26877466837565,377.9899852000017
gnn_rep__N8__line__seed6,gnn_qmix,coord_grid,6,4176,104425,115.0,25,0.17331000000000008,7.689376950263977,33.95936257498605,378.1106120000004
gnn_rep__N8__line__seed6,gnn_qmix,coord_grid,6,4177,104450,92.0,25,0.1731120833333334,13.358213424682617,36.591599782307945,378.19086360000074
gnn_rep__N8__line__seed6,gnn_qmix,coord_grid,6,4178,104475,120.0,25,0.1729141666666667,9.439570228258768,66.11485354105632,378.2685812999989
gnn_rep__N8__line__seed6,gnn_qmix,coord_grid,6,4179,104500,118.0,25,0.17271625000000013,9.69461559255918,25.887072881062824,378.34145179999905
gnn_rep__N8__line__seed6,gnn_qmix,coord_grid,6,4180,104525,100.0,25,0.17251833333333333,7.450365960597992,56.619537353515625,378.4357435999991
gnn_rep__N8__line__seed6,gnn_qmix,coord_grid,6,4181,104550,87.0,25,0.17232041666666664,10.883341987927755,44.85735432306925,378.49537559999953
gnn_rep__N8__line__seed6,gnn_qmix,coord_grid,6,4182,104575,113.0,25,0.17212250000000007,12.389441927274069,52.922723134358726,378.5810229000017
gnn_rep__N8__line__seed6,gnn_qmix,coord_grid,6,4183,104600,110.0,25,0.17192458333333338,6.994850248098373,51.7440611521403,378.67528820000007
gnn_rep__N8__line__seed6,gnn_qmix,coord_grid,6,4184,104625,107.0,25,0.1717266666666667,12.779940451894488,63.1089711870466,378.7350097000017
gnn_rep__N8__line__seed6,gnn_qmix,coord_grid,6,4185,104650,122.0,25,0.17152875,8.475194176038107,46.27178303400675,378.7999380000001
gnn_rep__N8__line__seed6,gnn_qmix,coord_grid,6,4186,104675,101.0,25,0.17133083333333343,6.076761901378632,28.51932414372762,378.8920313000017
gnn_rep__N8__line__seed6,gnn_qmix,coord_grid,6,4187,104700,103.0,25,0.17113291666666675,6.236016680796941,38.15225919087728,378.93588060000184
gnn_rep__N8__line__seed6,gnn_qmix,coord_grid,6,4188,104725,101.0,25,0.17093500000000006,8.251643674714225,40.74939455304827,379.01026830000046
gnn_rep__N8__line__seed6,gnn_qmix,coord_grid,6,4189,104750,95.0,25,0.17073708333333337,15.752357323964437,26.419384479522705,379.1008264000011
gnn_rep__N8__line__seed6,gnn_qmix,coord_grid,6,4190,104775,99.0,25,0.17053916666666669,8.346193075180054,38.46425008773804,379.1908899000009
gnn_rep__N8__line__seed6,gnn_qmix,coord_grid,6,4191,104800,116.0,25,0.17034125,12.03217069307963,27.04833920796712,379.281595299999
gnn_rep__N8__line__seed6,gnn_qmix,coord_grid,6,4192,104825,98.0,25,0.1701433333333333,7.391749935490744,50.8124600819179,379.3839235999985
gnn_rep__N8__line__seed6,gnn_qmix,coord_grid,6,4193,104850,122.0,25,0.16994541666666674,12.365628769000372,69.88026173909505,379.52873890000046
gnn_rep__N8__line__seed6,gnn_qmix,coord_grid,6,4194,104875,126.0,25,0.16974750000000005,7.495731949806213,42.076585133870445,379.6176751000021
gnn_rep__N8__line__seed6,gnn_qmix,coord_grid,6,4195,104900,99.0,25,0.16954958333333336,14.828955392042795,72.07113456726074,379.7478157000005
gnn_rep__N8__line__seed6,gnn_qmix,coord_grid,6,4196,104925,104.0,25,0.1693516666666668,13.90140494278499,84.44602475847516,379.87671709999995
gnn_rep__N8__line__seed6,gnn_qmix,coord_grid,6,4197,104950,106.0,25,0.16915375,7.203641027212143,49.21473948160807,380.02563720000035
gnn_rep__N8__line__seed6,gnn_qmix,coord_grid,6,4198,104975,126.0,25,0.1689558333333333,20.67547146479289,37.324362436930336,380.12921239999923
gnn_rep__N8__line__seed6,gnn_qmix,coord_grid,6,4199,105000,139.0,25,0.16875791666666673,9.85981180270513,34.223878701527916,380.2242273000011
gnn_rep__N8__line__seed6,gnn_qmix,coord_grid,6,4200,105025,112.0,25,0.16856000000000004,15.340023790087018,176.50904846191406,380.28623119999975
gnn_rep__N8__line__seed6,gnn_qmix,coord_grid,6,4201,105050,112.0,25,0.16836208333333336,9.050060371557871,103.4707711537679,380.356775799999
gnn_rep__N8__line__seed6,gnn_qmix,coord_grid,6,4202,105075,115.0,25,0.16816416666666667,7.740608235200246,88.53782176971436,380.43130980000205
gnn_rep__N8__line__seed6,gnn_qmix,coord_grid,6,4203,105100,129.0,25,0.1679662500000001,11.077001591523489,67.50351762771606,380.5083693999986
gnn_rep__N8__line__seed6,gnn_qmix,coord_grid,6,4204,105125,102.0,25,0.1677683333333334,12.046998228345599,44.901413917541504,380.5672519
gnn_rep__N8__line__seed6,gnn_qmix,coord_grid,6,4205,105150,122.0,25,0.16757041666666672,7.4908831516901655,35.029938538869224,380.6401236999991
gnn_rep__N8__line__seed6,gnn_qmix,coord_grid,6,4206,105175,123.0,25,0.16737250000000004,11.707303921381632,74.40792719523112,380.75003130000187
gnn_rep__N8__line__seed6,gnn_qmix,coord_grid,6,4207,105200,118.0,25,0.16717458333333335,10.2428480386734,65.23524697621663,380.7939882999999
gnn_rep__N8__line__seed6,gnn_qmix,coord_grid,6,4208,105225,95.0,25,0.16697666666666666,6.489309208733695,67.5063863481794,380.85708929999964
gnn_rep__N8__line__seed6,gnn_qmix,coord_grid,6,4209,105250,118.0,25,0.16677874999999998,8.92905479669571,63.191294034322105,380.96151349999855
gnn_rep__N8__line__seed6,gnn_qmix,coord_grid,6,4210,105275,117.0,25,0.1665808333333334,12.488195498784384,51.43552049001058,381.04808240000057
gnn_rep__N8__line__seed6,gnn_qmix,coord_grid,6,4211,105300,105.0,25,0.1663829166666667,14.938297629356384,47.71013577779134,381.12667090000105
gnn_rep__N8__line__seed6,gnn_qmix,coord_grid,6,4212,105325,95.0,25,0.16618500000000003,13.128710704190391,42.392772810799734,381.21065369999997
gnn_rep__N8__line__seed6,gnn_qmix,coord_grid,6,4213,105350,119.0,25,0.16598708333333345,6.132743418216705,63.25880559285482,381.31010980000065
gnn_rep__N8__line__seed6,gnn_qmix,coord_grid,6,4214,105375,111.0,25,0.16578916666666677,16.27857631444931,65.42176389694214,381.4311584999996
gnn_rep__N8__line__seed6,gnn_qmix,coord_grid,6,4215,105400,105.0,25,0.16559124999999997,11.09774394830068,50.64811929066976,381.4981095000003
gnn_rep__N8__line__seed6,gnn_qmix,coord_grid,6,4216,105425,116.0,25,0.16539333333333328,11.908697026116508,34.80345031193325,381.60992460000125
gnn_rep__N8__line__seed6,gnn_qmix,coord_grid,6,4217,105450,114.0,25,0.1651954166666667,12.529041767120361,48.0193198521932,381.67971110000144
gnn_rep__N8__line__seed6,gnn_qmix,coord_grid,6,4218,105475,117.0,25,0.16499750000000002,13.857259750366211,70.6218204498291,381.7809293999999
gnn_rep__N8__line__seed6,gnn_qmix,coord_grid,6,4219,105500,112.0,25,0.16479958333333333,12.428919792175293,42.2928147315979,381.8477203000002
gnn_rep__N8__line__seed6,gnn_qmix,coord_grid,6,4220,105525,116.0,25,0.16460166666666676,8.389134032385689,38.88995524815151,381.91625320000094
gnn_rep__N8__line__seed6,gnn_qmix,coord_grid,6,4221,105550,101.0,25,0.16440375000000007,8.442417045434317,58.124425729115806,381.994378899999
gnn_rep__N8__line__seed6,gnn_qmix,coord_grid,6,4222,105575,118.0,25,0.16420583333333338,12.440820386012396,37.2195930480957,382.06991149999885
gnn_rep__N8__line__seed6,gnn_qmix,coord_grid,6,4223,105600,123.0,25,0.1640079166666668,8.65469115972519,61.779078801472984,382.12878049999927
gnn_rep__N8__line__seed6,gnn_qmix,coord_grid,6,4224,105625,116.0,25,0.16381,12.937370436532158,41.94793946402414,382.2143646000004
gnn_rep__N8__line__seed6,gnn_qmix,coord_grid,6,4225,105650,117.0,25,0.16361208333333332,8.64217726389567,20.310176531473797,382.3529500000004
gnn_rep__N8__line__seed6,gnn_qmix,coord_grid,6,4226,105675,97.0,25,0.16341416666666664,9.732365469137827,30.075746377309162,382.4283672999991
gnn_rep__N8__line__seed6,gnn_qmix,coord_grid,6,4227,105700,119.0,25,0.16321625000000006,4.803685923417409,49.57069969177246,382.5528869000009
gnn_rep__N8__line__seed6,gnn_qmix,coord_grid,6,4228,105725,109.0,25,0.16301833333333338,10.679042986461095,33.13311917441232,382.6786715999988
gnn_rep__N8__line__seed6,gnn_qmix,coord_grid,6,4229,105750,113.0,25,0.1628204166666667,7.593158423900604,54.001919746398926,382.76258339999913
gnn_rep__N8__line__seed6,gnn_qmix,coord_grid,6,4230,105775,104.0,25,0.16262250000000011,12.555668632189432,52.21455144882202,382.853085499999
gnn_rep__N8__line__seed6,gnn_qmix,coord_grid,6,4231,105800,118.0,25,0.16242458333333343,7.438421507676442,65.58498287200928,382.96189940000113
gnn_rep__N8__line__seed6,gnn_qmix,coord_grid,6,4232,105825,105.0,25,0.16222666666666674,11.472668886184692,159.60992431640625,383.03722769999877
gnn_rep__N8__line__seed6,gnn_qmix,coord_grid,6,4233,105850,107.0,25,0.16202874999999994,15.825908382733664,107.92271296183269,383.11755880000055
gnn_rep__N8__line__seed6,gnn_qmix,coord_grid,6,4234,105875,117.0,25,0.16183083333333337,11.381866653760275,104.5484733581543,383.1855055999986
gnn_rep__N8__line__seed6,gnn_qmix,coord_grid,6,4235,105900,101.0,25,0.16163291666666668,6.157429585854213,84.70452817281087,383.257576
gnn_rep__N8__line__seed6,gnn_qmix,coord_grid,6,4236,105925,101.0,25,0.161435,9.89471241406032,94.09047535487584,383.34031099999993
gnn_rep__N8__line__seed6,gnn_qmix,coord_grid,6,4237,105950,117.0,25,0.16123708333333342,11.34013882279396,93.80900700887044,383.4268550000015
gnn_rep__N8__line__seed6,gnn_qmix,coord_grid,6,4238,105975,102.0,25,0.16103916666666673,8.76860366264979,89.58076349894206,383.4865510000018
gnn_rep__N8__line__seed6,gnn_qmix,coord_grid,6,4239,106000,130.0,25,0.16084125000000005,6.471539596716563,105.69330469767253,383.5983908999988
gnn_rep__N8__line__seed6,gnn_qmix,coord_grid,6,4240,106025,114.0,25,0.16064333333333347,12.03655753816877,77.17193630763462,383.7073350999999
gnn_rep__N8__line__seed6,gnn_qmix,coord_grid,6,4241,106050,121.0,25,0.16044541666666667,11.233570575714111,47.02135292689005,383.79046780000135
gnn_rep__N8__line__seed6,gnn_qmix,coord_grid,6,4242,106075,112.0,25,0.1602475,10.00425605972608,42.46519788106283,383.85164350000196
gnn_rep__N8__line__seed6,gnn_qmix,coord_grid,6,4243,106100,120.0,25,0.1600495833333333,6.048064817984899,61.21851348876953,383.96413459999894
gnn_rep__N8__line__seed6,gnn_qmix,coord_grid,6,4244,106125,113.0,25,0.15985166666666673,13.090706825256348,62.058258329119,384.0980865999991
gnn_rep__N8__line__seed6,gnn_qmix,coord_grid,6,4245,106150,112.0,25,0.15965375000000004,11.12292684117953,53.03790696461996,384.2332587000019
gnn_rep__N8__line__seed6,gnn_qmix,coord_grid,6,4246,106175,134.0,25,0.15945583333333335,7.433510452508926,84.94259897867839,384.2899327000014
gnn_rep__N8__line__seed6,gnn_qmix,coord_grid,6,4247,106200,116.0,25,0.15925791666666678,12.518965164820353,58.141595204671226,384.35429849999855
gnn_rep__N8__line__seed6,gnn_qmix,coord_grid,6,4248,106225,120.0,25,0.1590600000000001,12.031900874205999,29.795455523899623,384.4545152999999
gnn_rep__N8__line__seed6,gnn_qmix,coord_grid,6,4249,106250,127.0,25,0.1588620833333334,9.753362764914831,31.438137690226238,384.5464585000009
gnn_rep__N8__line__seed6,gnn_qmix,coord_grid,6,4250,106275,102.0,25,0.1586641666666666,7.561204294363658,47.77787733078003,384.6035956000014
gnn_rep__N8__line__seed6,gnn_qmix,coord_grid,6,4251,106300,106.0,25,0.15846625000000003,17.51967692375183,46.008788108825684,384.70318690000204
gnn_rep__N8__line__seed6,gnn_qmix,coord_grid,6,4252,106325,120.0,25,0.15826833333333334,5.547710946628025,54.532491139003206,384.7930572000005
gnn_rep__N8__line__seed6,gnn_qmix,coord_grid,6,4253,106350,105.0,25,0.15807041666666666,8.64893431464831,55.48296117782593,384.8744415000001
gnn_rep__N8__line__seed6,gnn_qmix,coord_grid,6,4254,106375,113.0,25,0.15787250000000008,10.027352084716162,111.98804537455241,384.96708750000107
gnn_rep__N8__line__seed6,gnn_qmix,coord_grid,6,4255,106400,113.0,25,0.1576745833333334,5.045707027117412,89.79951349894206,385.07314979999865
gnn_rep__N8__line__seed6,gnn_qmix,coord_grid,6,4256,106425,105.0,25,0.1574766666666667,12.195454103606087,73.80977603367397,385.14169559999937
gnn_rep__N8__line__seed6,gnn_qmix,coord_grid,6,4257,106450,117.0,25,0.15727875000000013,18.931198596954346,49.33987728754679,385.2286974000017
gnn_rep__N8__line__seed6,gnn_qmix,coord_grid,6,4258,106475,109.0,25,0.15708083333333345,7.4320565064748125,75.51805750528972,385.3325794000011
gnn_rep__N8__line__seed6,gnn_qmix,coord_grid,6,4259,106500,121.0,25,0.15688291666666665,9.886346528927485,44.512088457743324,385.41512539999894
gnn_rep__N8__line__seed6,gnn_qmix,coord_grid,6,4260,106525,98.0,25,0.15668499999999996,7.542796603270939,32.00185530526297,385.49114439999903
gnn_rep__N8__line__seed6,gnn_qmix,coord_grid,6,4261,106550,105.0,25,0.1564870833333334,12.5425366461277,39.46350542704264,385.5703214999994
gnn_rep__N8__line__seed6,gnn_qmix,coord_grid,6,4262,106575,115.0,25,0.1562891666666667,12.437922149896622,58.61308733622233,385.6188117999991
gnn_rep__N8__line__seed6,gnn_qmix,coord_grid,6,4263,106600,124.0,25,0.15609125000000001,10.013970534006754,73.1147034962972,385.71082509999906
gnn_rep__N8__line__seed6,gnn_qmix,coord_grid,6,4264,106625,128.0,25,0.15589333333333344,14.163729667663574,181.08274514334542,385.7787888000021
gnn_rep__N8__line__seed6,gnn_qmix,coord_grid,6,4265,106650,111.0,25,0.15569541666666675,6.460222164789836,80.77820301055908,385.8843331999997
gnn_rep__N8__line__seed6,gnn_qmix,coord_grid,6,4266,106675,118.0,25,0.15549750000000007,10.296346068382263,69.06270217895508,385.96493380000175
gnn_rep__N8__line__seed6,gnn_qmix,coord_grid,6,4267,106700,115.0,25,0.15529958333333338,15.233035246531168,71.39139334360759,386.03927359999943
gnn_rep__N8__line__seed6,gnn_qmix,coord_grid,6,4268,106725,112.0,25,0.1551016666666667,17.610117776053293,71.8060359954834,386.12512739999875
gnn_rep__N8__line__seed6,gnn_qmix,coord_grid,6,4269,106750,105.0,25,0.15490375,16.534718881050747,74.23694070180257,386.19671870000093
gnn_rep__N8__line__seed6,gnn_qmix,coord_grid,6,4270,106775,127.0,25,0.15470583333333332,9.999308129151663,48.782440185546875,386.24424210000143
gnn_rep__N8__line__seed6,gnn_qmix,coord_grid,6,4271,106800,89.0,25,0.15450791666666674,15.15166441599528,36.85776138305664,386.31252139999924
gnn_rep__N8__line__seed6,gnn_qmix,coord_grid,6,4272,106825,125.0,25,0.15431000000000006,9.962912389210292,40.62665353502546,386.41164370000115
gnn_rep__N8__line__seed6,gnn_qmix,coord_grid,6,4273,106850,117.0,25,0.15411208333333337,11.254533767700195,68.2553825378418,386.5181553000002
gnn_rep__N8__line__seed6,gnn_qmix,coord_grid,6,4274,106875,107.0,25,0.1539141666666668,6.119398216406505,72.96705691019694,386.60703400000057
gnn_rep__N8__line__seed6,gnn_qmix,coord_grid,6,4275,106900,122.0,25,0.1537162500000001,6.373279432455699,74.83200327555339,386.69162080000024
gnn_rep__N8__line__seed6,gnn_qmix,coord_grid,6,4276,106925,116.0,25,0.1535183333333333,13.468847104481288,82.57590348379952,386.7813697999991
gnn_rep__N8__line__seed6,gnn_qmix,coord_grid,6,4277,106950,130.0,25,0.15332041666666663,15.4698357184728,83.5029780069987,386.8603590999992
gnn_rep__N8__line__seed6,gnn_qmix,coord_grid,6,4278,106975,111.0,25,0.15312250000000005,7.680874804655711,91.54576683044434,386.9421031999991
gnn_rep__N8__line__seed6,gnn_qmix,coord_grid,6,4279,107000,117.0,25,0.15292458333333336,12.580662856499353,47.73445701599121,387.00306080000155
gnn_rep__N8__line__seed6,gnn_qmix,coord_grid,6,4280,107025,125.0,25,0.15272666666666668,4.303596726485661,37.170152391706196,387.0738296000018
gnn_rep__N8__line__seed6,gnn_qmix,coord_grid,6,4281,107050,108.0,25,0.1525287500000001,11.429492135842642,59.32571506500244,387.1741623000016
gnn_rep__N8__line__seed6,gnn_qmix,coord_grid,6,4282,107075,119.0,25,0.15233083333333342,11.431082437435785,41.78596433003744,387.24041299999953
gnn_rep__N8__line__seed6,gnn_qmix,coord_grid,6,4283,107100,112.0,25,0.15213291666666673,6.273822337388992,46.8154042561849,387.3122970000004
gnn_rep__N8__line__seed6,gnn_qmix,coord_grid,6,4284,107125,112.0,25,0.15193500000000004,5.412827679089138,50.53451551709856,387.3658624000018
gnn_rep__N8__line__seed6,gnn_qmix,coord_grid,6,4285,107150,120.0,25,0.15173708333333336,7.5080626010894775,47.26062297821045,387.4456589000001
gnn_rep__N8__line__seed6,gnn_qmix,coord_grid,6,4286,107175,128.0,25,0.15153916666666667,8.56757136185964,58.14755884806315,387.5028502999994
gnn_rep__N8__line__seed6,gnn_qmix,coord_grid,6,4287,107200,123.0,25,0.15134124999999998,13.858843664328257,33.38120985031128,387.6005449000004
gnn_rep__N8__line__seed6,gnn_qmix,coord_grid,6,4288,107225,102.0,25,0.1511433333333334,7.663792559078762,39.376177651541575,387.7220946000016
gnn_rep__N8__line__seed6,gnn_qmix,coord_grid,6,4289,107250,94.0,25,0.15094541666666672,7.50719486673673,61.675392150878906,387.8065010999999
gnn_rep__N8__line__seed6,gnn_qmix,coord_grid,6,4290,107275,120.0,25,0.15074750000000003,11.545907060305277,74.98720582326253,387.91112390000126
gnn_rep__N8__line__seed6,gnn_qmix,coord_grid,6,4291,107300,109.0,25,0.15054958333333335,11.241873105367025,61.78687858581543,388.0036140000011
gnn_rep__N8__line__seed6,gnn_qmix,coord_grid,6,4292,107325,105.0,25,0.15035166666666677,8.853282621928624,41.35336657932827,388.0727717000009
gnn_rep__N8__line__seed6,gnn_qmix,coord_grid,6,4293,107350,131.0,25,0.15015375000000009,11.343942840894064,78.4749075571696,388.13695749999897
gnn_rep__N8__line__seed6,gnn_qmix,coord_grid,6,4294,107375,84.0,25,0.1499558333333333,15.536279360453287,90.52344512939453,388.2404459999998
gnn_rep__N8__line__seed6,gnn_qmix,coord_grid,6,4295,107400,106.0,25,0.1497579166666667,11.67495290438334,101.77094395955403,388.33438690000185
gnn_rep__N8__line__seed6,gnn_qmix,coord_grid,6,4296,107425,107.0,25,0.14956000000000003,11.275784390313285,143.09374836512976,388.4511237000006
gnn_rep__N8__line__seed6,gnn_qmix,coord_grid,6,4297,107450,119.0,25,0.14936208333333334,7.0981133580207825,145.92056274414062,388.5179491000017
gnn_rep__N8__line__seed6,gnn_qmix,coord_grid,6,4298,107475,129.0,25,0.14916416666666676,9.109483897686005,95.94530296325684,388.6067851000007
gnn_rep__N8__line__seed6,gnn_qmix,coord_grid,6,4299,107500,119.0,25,0.14896625000000008,14.368280092875162,87.1611057917277,388.67867939999996
gnn_rep__N8__line__seed6,gnn_qmix,coord_grid,6,4300,107525,113.0,25,0.1487683333333334,9.025934278964996,88.05053847176688,388.8032334000018
gnn_rep__N8__line__seed6,gnn_qmix,coord_grid,6,4301,107550,132.0,25,0.1485704166666667,8.876043647527695,46.61795457204183,388.92076670000097
gnn_rep__N8__line__seed6,gnn_qmix,coord_grid,6,4302,107575,115.0,25,0.14837250000000002,9.058381219704946,32.278252283732094,389.01961350000056
gnn_rep__N8__line__seed6,gnn_qmix,coord_grid,6,4303,107600,134.0,25,0.14817458333333333,11.548087060451508,46.386887868245445,389.1141881000003
gnn_rep__N8__line__seed6,gnn_qmix,coord_grid,6,4304,107625,119.0,25,0.14797666666666665,5.548981615475246,103.59239523751395,389.1912005000013
gnn_rep__N8__line__seed6,gnn_qmix,coord_grid,6,4305,107650,114.0,25,0.14777875000000007,10.615763862927755,84.0537961324056,389.26191109999854
gnn_rep__N8__line__seed6,gnn_qmix,coord_grid,6,4306,107675,115.0,25,0.14758083333333338,11.648672580718994,65.82685216267903,389.3484496000019
gnn_rep__N8__line__seed6,gnn_qmix,coord_grid,6,4307,107700,129.0,25,0.1473829166666667,15.50372956196467,75.55965232849121,389.4282665999999
gnn_rep__N8__line__seed6,gnn_qmix,coord_grid,6,4308,107725,117.0,25,0.147185,9.055142096110753,65.23755209786552,389.4990031999987
gnn_rep__N8__line__seed6,gnn_qmix,coord_grid,6,4309,107750,106.0,25,0.14698708333333343,8.89636093378067,76.29574267069499,389.6049635999989
gnn_rep__N8__line__seed6,gnn_qmix,coord_grid,6,4310,107775,118.0,25,0.14678916666666675,19.437023480733234,29.42774534225464,389.685876800002
gnn_rep__N8__line__seed6,gnn_qmix,coord_grid,6,4311,107800,103.0,25,0.14659124999999995,7.575615078210831,40.92949072519938,389.7763754000007
gnn_rep__N8__line__seed6,gnn_qmix,coord_grid,6,4312,107825,112.0,25,0.14639333333333338,13.566682619707924,45.18175997052874,389.88195370000176
gnn_rep__N8__line__seed6,gnn_qmix,coord_grid,6,4313,107850,114.0,25,0.1461954166666667,15.633686939875284,59.13020928700765,389.9526592000002
gnn_rep__N8__line__seed6,gnn_qmix,coord_grid,6,4314,107875,95.0,25,0.1459975,14.101785868406296,39.621767361958824,390.01976680000007
gnn_rep__N8__line__seed6,gnn_qmix,coord_grid,6,4315,107900,107.0,25,0.14579958333333343,7.64911887049675,74.43065468470256,390.1046400000014
gnn_rep__N8__line__seed6,gnn_qmix,coord_grid,6,4316,107925,114.0,25,0.14560166666666674,14.524226903915405,77.32603945050921,390.26367989999926
gnn_rep__N8__line__seed6,gnn_qmix,coord_grid,6,4317,107950,130.0,25,0.14540375000000005,17.97907002766927,59.90499369303385,390.36330929999895
gnn_rep__N8__line__seed6,gnn_qmix,coord_grid,6,4318,107975,121.0,25,0.14520583333333337,14.251762817303339,73.43455600738525,390.4379571999998
gnn_rep__N8__line__seed6,gnn_qmix,coord_grid,6,4319,108000,99.0,25,0.1450079166666668,12.87512477238973,53.98147042592367,390.56937820000167
gnn_rep__N8__line__seed6,gnn_qmix,coord_grid,6,4320,108025,112.0,25,0.14481,7.742388452802386,45.36576543535505,390.63283109999975
gnn_rep__N8__line__seed6,gnn_qmix,coord_grid,6,4321,108050,119.0,25,0.1446120833333333,12.7876489063104,47.54910977681478,390.74127299999964
gnn_rep__N8__line__seed6,gnn_qmix,coord_grid,6,4322,108075,112.0,25,0.14441416666666673,4.873847077290217,59.89884932835897,390.839835499999
gnn_rep__N8__line__seed6,gnn_qmix,coord_grid,6,4323,108100,109.0,25,0.14421625000000005,10.24928272763888,44.256734212239586,390.9260600999987
gnn_rep__N8__line__seed6,gnn_qmix,coord_grid,6,4324,108125,122.0,25,0.14401833333333336,12.260685307638985,54.951470375061035,390.9986828000001
gnn_rep__N8__line__seed6,gnn_qmix,coord_grid,6,4325,108150,103.0,25,0.14382041666666667,13.123061617215475,84.21431223551433,391.07787929999904
gnn_rep__N8__line__seed6,gnn_qmix,coord_grid,6,4326,108175,117.0,25,0.1436225000000001,8.845642318328222,47.45516920089722,391.16131170000153
gnn_rep__N8__line__seed6,gnn_qmix,coord_grid,6,4327,108200,113.0,25,0.1434245833333334,14.035070935885111,35.722007274627686,391.2196100000001
gnn_rep__N8__line__seed6,gnn_qmix,coord_grid,6,4328,108225,111.0,25,0.14322666666666672,14.10507767541068,175.80811364310128,391.2963423000001
gnn_rep__N8__line__seed6,gnn_qmix,coord_grid,6,4329,108250,130.0,25,0.14302875000000004,16.264632900555927,99.86640803019206,391.3804092999999
gnn_rep__N8__line__seed6,gnn_qmix,coord_grid,6,4330,108275,135.0,25,0.14283083333333335,13.076418022314707,80.63977336883545,391.46350789999997
gnn_rep__N8__line__seed6,gnn_qmix,coord_grid,6,4331,108300,115.0,25,0.14263291666666666,5.073157548904419,72.02347215016682,391.53851829999985
gnn_rep__N8__line__seed6,gnn_qmix,coord_grid,6,4332,108325,118.0,25,0.1424350000000001,10.133048491818565,53.29070036751883,391.6327095000015
gnn_rep__N8__line__seed6,gnn_qmix,coord_grid,6,4333,108350,128.0,25,0.1422370833333334,9.194735725720724,73.33729871114095,391.7336197000004
gnn_rep__N8__line__seed6,gnn_qmix,coord_grid,6,4334,108375,123.0,25,0.14203916666666672,12.802497704823812,67.22459252675374,391.8009778000014
gnn_rep__N8__line__seed6,gnn_qmix,coord_grid,6,4335,108400,124.0,25,0.14184125000000003,16.835271636645,28.195518334706623,391.90006500000163
gnn_rep__N8__line__seed6,gnn_qmix,coord_grid,6,4336,108425,110.0,25,0.14164333333333345,7.762894792216165,22.39128507886614,392.0006460000004
gnn_rep__N8__line__seed6,gnn_qmix,coord_grid,6,4337,108450,119.0,25,0.14144541666666666,13.155062605937323,52.273043950398765,392.0776487000003
gnn_rep__N8__line__seed6,gnn_qmix,coord_grid,6,4338,108475,118.0,25,0.14124749999999997,15.631653308868408,30.149260361989338,392.143775200002
gnn_rep__N8__line__seed6,gnn_qmix,coord_grid,6,4339,108500,117.0,25,0.1410495833333334,14.355083664258322,39.018493016560875,392.2244009999995
gnn_rep__N8__line__seed6,gnn_qmix,coord_grid,6,4340,108525,119.0,25,0.1408516666666667,13.441182749611992,67.26725428444999,392.33437369999956
gnn_rep__N8__line__seed6,gnn_qmix,coord_grid,6,4341,108550,112.0,25,0.14065375000000002,7.590043803056081,77.87070210774739,392.410773399999
gnn_rep__N8__line__seed6,gnn_qmix,coord_grid,6,4342,108575,123.0,25,0.14045583333333334,12.739374935626984,24.934695561726887,392.48980460000166
gnn_rep__N8__line__seed6,gnn_qmix,coord_grid,6,4343,108600,115.0,25,0.14025791666666676,12.851235707600912,45.1398016611735,392.5461276999995
gnn_rep__N8__line__seed6,gnn_qmix,coord_grid,6,4344,108625,115.0,25,0.14006000000000007,11.298543976885933,40.144859313964844,392.68568040000173
gnn_rep__N8__line__seed6,gnn_qmix,coord_grid,6,4345,108650,127.0,25,0.1398620833333334,7.490970214207967,47.693357388178505,392.7487618999985
gnn_rep__N8__line__seed6,gnn_qmix,coord_grid,6,4346,108675,116.0,25,0.1396641666666667,11.761318624019623,34.442338625590004,392.8371967000021
gnn_rep__N8__line__seed6,gnn_qmix,coord_grid,6,4347,108700,129.0,25,0.13946625,8.99444747964541,45.4890972773234,392.91356599999926
gnn_rep__N8__line__seed6,gnn_qmix,coord_grid,6,4348,108725,117.0,25,0.13926833333333333,5.540002337523869,71.47325420379639,393.0137112000011
gnn_rep__N8__line__seed6,gnn_qmix,coord_grid,6,4349,108750,113.0,25,0.13907041666666675,7.636298815409343,101.63587506612141,393.0757397000016
gnn_rep__N8__line__seed6,gnn_qmix,coord_grid,6,4350,108775,123.0,25,0.13887250000000007,5.018216639757156,69.30721219380696,393.1352110000007
gnn_rep__N8__line__seed6,gnn_qmix,coord_grid,6,4351,108800,133.0,25,0.13867458333333338,16.86211061477661,67.84090073903401,393.2141254999988
gnn_rep__N8__line__seed6,gnn_qmix,coord_grid,6,4352,108825,116.0,25,0.1384766666666667,11.388996822493416,107.26556178501674,393.2847651000011
gnn_rep__N8__line__seed6,gnn_qmix,coord_grid,6,4353,108850,124.0,25,0.13827875000000012,10.322110225756964,86.40071678161621,393.39487630000076
gnn_rep__N8__line__seed6,gnn_qmix,coord_grid,6,4354,108875,123.0,25,0.13808083333333343,15.634536743164062,58.71394920349121,393.4997122999994
gnn_rep__N8__line__seed6,gnn_qmix,coord_grid,6,4355,108900,119.0,25,0.13788291666666663,13.08903706073761,44.831417083740234,393.5856801000009
gnn_rep__N8__line__seed6,gnn_qmix,coord_grid,6,4356,108925,127.0,25,0.13768500000000006,7.789575219154358,28.160769871303014,393.6820164000019
gnn_rep__N8__line__seed6,gnn_qmix,coord_grid,6,4357,108950,138.0,25,0.13748708333333337,15.68415880203247,45.4631864229838,393.75294940000094
gnn_rep__N8__line__seed6,gnn_qmix,coord_grid,6,4358,108975,129.0,25,0.13728916666666668,10.135415693124136,51.36015351613363,393.8046791000015
gnn_rep__N8__line__seed6,gnn_qmix,coord_grid,6,4359,109000,118.0,25,0.13709125,13.016193270683289,28.1361821492513,393.8792806999991
gnn_rep__N8__line__seed6,gnn_qmix,coord_grid,6,4360,109025,111.0,25,0.13689333333333342,15.137649280684334,154.48423058646065,394.01459539999996
gnn_rep__N8__line__seed6,gnn_qmix,coord_grid,6,4361,109050,118.0,25,0.13669541666666674,17.102932333946228,167.94576009114584,394.08608169999934
gnn_rep__N8__line__seed6,gnn_qmix,coord_grid,6,4362,109075,123.0,25,0.13649750000000005,11.089444001515707,112.87219937642415,394.1738465999988
gnn_rep__N8__line__seed6,gnn_qmix,coord_grid,6,4363,109100,110.0,25,0.13629958333333336,13.530115286509195,105.00091552734375,394.3042391000017
gnn_rep__N8__line__seed6,gnn_qmix,coord_grid,6,4364,109125,129.0,25,0.13610166666666668,12.888092986174993,86.86484718322754,394.3908960000008
gnn_rep__N8__line__seed6,gnn_qmix,coord_grid,6,4365,109150,96.0,25,0.13590375,9.082663496335348,101.41234652201335,394.4931954999993
gnn_rep__N8__line__seed6,gnn_qmix,coord_grid,6,4366,109175,140.0,25,0.1357058333333333,17.589022318522137,93.77222379048665,394.56976080000095
gnn_rep__N8__line__seed6,gnn_qmix,coord_grid,6,4367,109200,110.0,25,0.13550791666666673,11.83974047501882,92.71521822611491,394.6946783000021
gnn_rep__N8__line__seed6,gnn_qmix,coord_grid,6,4368,109225,127.0,25,0.13531000000000004,12.65345573425293,73.50646618434361,394.81679409999924
gnn_rep__N8__line__seed6,gnn_qmix,coord_grid,6,4369,109250,132.0,25,0.13511208333333335,11.780150810877482,93.64827156066895,394.9080634999991
gnn_rep__N8__line__seed6,gnn_qmix,coord_grid,6,4370,109275,106.0,25,0.13491416666666678,7.839136362075806,64.05800819396973,394.96041329999935
gnn_rep__N8__line__seed6,gnn_qmix,coord_grid,6,4371,109300,127.0,25,0.1347162500000001,11.717203478018442,40.15536801020304,395.02435740000146
gnn_rep__N8__line__seed6,gnn_qmix,coord_grid,6,4372,109325,130.0,25,0.1345183333333333,11.34350027356829,48.95104844229562,395.1055282000016
gnn_rep__N8__line__seed6,gnn_qmix,coord_grid,6,4373,109350,127.0,25,0.13432041666666672,16.199052194754284,71.5492312113444,395.17371959999946
gnn_rep__N8__line__seed6,gnn_qmix,coord_grid,6,4374,109375,122.0,25,0.13412250000000003,9.24791787068049,86.9379431406657,395.27028040000005
gnn_rep__N8__line__seed6,gnn_qmix,coord_grid,6,4375,109400,142.0,25,0.13392458333333335,13.1296888589859,78.88245026270549,395.34015139999974
gnn_rep__N8__line__seed6,gnn_qmix,coord_grid,6,4376,109425,129.0,25,0.13372666666666666,10.364250685487475,90.21731458391461,395.42568440000105
gnn_rep__N8__line__seed6,gnn_qmix,coord_grid,6,4377,109450,116.0,25,0.13352875000000008,9.350329359372457,71.47908719380696,395.4944619000016
gnn_rep__N8__line__seed6,gnn_qmix,coord_grid,6,4378,109475,124.0,25,0.1333308333333334,7.9327345987161,54.957149505615234,395.58563960000174
gnn_rep__N8__line__seed6,gnn_qmix,coord_grid,6,4379,109500,126.0,25,0.1331329166666667,7.884502112865448,94.71269528071086,395.6867318000004
gnn_rep__N8__line__seed6,gnn_qmix,coord_grid,6,4380,109525,107.0,25,0.13293500000000014,18.394965035574778,54.60726302010672,395.80390310000075
gnn_rep__N8__line__seed6,gnn_qmix,coord_grid,6,4381,109550,127.0,25,0.13273708333333334,11.816152532895407,41.05722204844157,395.8700276000018
gnn_rep__N8__line__seed6,gnn_qmix,coord_grid,6,4382,109575,105.0,25,0.13253916666666665,20.112783749898274,26.886265754699707,395.94354290000047
gnn_rep__N8__line__seed6,gnn_qmix,coord_grid,6,4383,109600,110.0,25,0.13234124999999997,9.245600859324137,49.53155676523844,396.01055579999957
gnn_rep__N8__line__seed6,gnn_qmix,coord_grid,6,4384,109625,125.0,25,0.1321433333333334,10.23228850534984,65.98131942749023,396.08884659999967
gnn_rep__N8__line__seed6,gnn_qmix,coord_grid,6,4385,109650,114.0,25,0.1319454166666667,6.270398120085399,61.11411094665527,396.16086039999936
gnn_rep__N8__line__seed6,gnn_qmix,coord_grid,6,4386,109675,115.0,25,0.13174750000000002,13.20132843653361,29.47530730565389,396.2404830999985
gnn_rep__N8__line__seed6,gnn_qmix,coord_grid,6,4387,109700,122.0,25,0.13154958333333344,11.710060079892477,35.26783148447672,396.36655729999984
gnn_rep__N8__line__seed6,gnn_qmix,coord_grid,6,4388,109725,131.0,25,0.13135166666666676,11.556969915117536,41.49509484427316,396.42423509999935
gnn_rep__N8__line__seed6,gnn_qmix,coord_grid,6,4389,109750,86.0,25,0.13115375000000007,10.724585235118866,72.27206707000732,396.5247068999997
gnn_rep__N8__line__seed6,gnn_qmix,coord_grid,6,4390,109775,121.0,25,0.13095583333333338,6.544585009415944,38.30340131123861,396.5849870999991
gnn_rep__N8__line__seed6,gnn_qmix,coord_grid,6,4391,109800,138.0,25,0.1307579166666667,17.231669902801514,65.64341100056966,396.67250029999923
gnn_rep__N8__line__seed6,gnn_qmix,coord_grid,6,4392,109825,118.0,25,0.13056,7.964861937931606,173.69592067173548,396.7314035999989
gnn_rep__N8__line__seed6,gnn_qmix,coord_grid,6,4393,109850,123.0,25,0.13036208333333332,13.662370721499125,134.99766222635904,396.85865289999856
gnn_rep__N8__line__seed6,gnn_qmix,coord_grid,6,4394,109875,118.0,25,0.13016416666666675,14.758338471253714,105.5291862487793,396.9358113999988
gnn_rep__N8__line__seed6,gnn_qmix,coord_grid,6,4395,109900,123.0,25,0.12996625000000006,10.317567517360052,68.07756169637044,396.99469220000174
gnn_rep__N8__line__seed6,gnn_qmix,coord_grid,6,4396,109925,123.0,25,0.12976833333333337,11.22518664598465,51.51640674046108,397.07703279999987
gnn_rep__N8__line__seed6,gnn_qmix,coord_grid,6,4397,109950,114.0,25,0.1295704166666668,10.312029302120209,49.81809711456299,397.1817422999993
gnn_rep__N8__line__seed6,gnn_qmix,coord_grid,6,4398,109975,134.0,25,0.1293725,17.40238480766614,98.1952657699585,397.2739784000005
gnn_rep__N8__line__seed6,gnn_qmix,coord_grid,6,4399,110000,122.0,25,0.12917458333333331,11.81761614481608,69.82501538594563,397.356174200002
gnn_rep__N8__line__seed6,gnn_qmix,coord_grid,6,4400,110025,140.0,25,0.12897666666666663,11.416686952114105,76.647641318185,397.4555437000017
gnn_rep__N8__line__seed6,gnn_qmix,coord_grid,6,4401,110050,127.0,25,0.12877875000000005,4.807965442538261,45.17585595448812,397.5358492000014
gnn_rep__N8__line__seed6,gnn_qmix,coord_grid,6,4402,110075,121.0,25,0.12858083333333337,15.948961098988852,25.755035400390625,397.6421209
gnn_rep__N8__line__seed6,gnn_qmix,coord_grid,6,4403,110100,128.0,25,0.12838291666666668,9.091674248377482,61.62733395894369,397.71893940000155
gnn_rep__N8__line__seed6,gnn_qmix,coord_grid,6,4404,110125,116.0,25,0.1281850000000001,10.150648474693298,29.54329695020403,397.7964933000003
gnn_rep__N8__line__seed6,gnn_qmix,coord_grid,6,4405,110150,124.0,25,0.12798708333333342,11.898945093154907,37.116333961486816,397.88179350000064
gnn_rep__N8__line__seed6,gnn_qmix,coord_grid,6,4406,110175,112.0,25,0.12778916666666673,11.856057425340017,87.66867891947429,397.941598100002
gnn_rep__N8__line__seed6,gnn_qmix,coord_grid,6,4407,110200,122.0,25,0.12759125000000004,7.767355074485143,90.15674018859863,398.02594920000047
gnn_rep__N8__line__seed6,gnn_qmix,coord_grid,6,4408,110225,116.0,25,0.12739333333333336,10.371546796389989,64.91817842211042,398.1040337000013
gnn_rep__N8__line__seed6,gnn_qmix,coord_grid,6,4409,110250,125.0,25,0.12719541666666667,14.835314452648163,92.89084911346436,398.1909622999992
gnn_rep__N8__line__seed6,gnn_qmix,coord_grid,6,4410,110275,137.0,25,0.12699749999999999,10.512415508429209,105.8379414876302,398.29339040000195
gnn_rep__N8__line__seed6,gnn_qmix,coord_grid,6,4411,110300,125.0,25,0.1267995833333334,10.692069391409555,72.45360851287842,398.36369090000153
gnn_rep__N8__line__seed6,gnn_qmix,coord_grid,6,4412,110325,134.0,25,0.12660166666666672,12.721059560775757,111.265932900565,398.4355402000001
gnn_rep__N8__line__seed6,gnn_qmix,coord_grid,6,4413,110350,127.0,25,0.12640375000000004,12.156648606061935,82.51373227437337,398.50706490000084
gnn_rep__N8__line__seed6,gnn_qmix,coord_grid,6,4414,110375,119.0,25,0.12620583333333346,9.134401828050613,109.1532719930013,398.58840780000173
gnn_rep__N8__line__seed6,gnn_qmix,coord_grid,6,4415,110400,129.0,25,0.12600791666666677,11.678563311696053,61.23557217915853,398.70329140000104
gnn_rep__N8__line__seed6,gnn_qmix,coord_grid,6,4416,110425,125.0,25,0.12580999999999998,10.193335013730186,45.6944830758231,398.7994600999991
gnn_rep__N8__line__seed6,gnn_qmix,coord_grid,6,4417,110450,129.0,25,0.1256120833333333,16.106855889161427,39.84157148996989,398.88617969999905
gnn_rep__N8__line__seed6,gnn_qmix,coord_grid,6,4418,110475,122.0,25,0.12541416666666672,10.447255790233612,38.91061655680338,398.96047969999927
gnn_rep__N8__line__seed6,gnn_qmix,coord_grid,6,4419,110500,107.0,25,0.12521625000000003,13.24565159281095,45.272578398386635,399.0090071000013
gnn_rep__N8__line__seed6,gnn_qmix,coord_grid,6,4420,110525,119.0,25,0.12501833333333334,14.882881266730172,65.59249114990234,399.1057363
gnn_rep__N8__line__seed6,gnn_qmix,coord_grid,6,4421,110550,131.0,25,0.12482041666666677,14.90618630250295,125.11868953704834,399.15631620000204
gnn_rep__N8__line__seed6,gnn_qmix,coord_grid,6,4422,110575,131.0,25,0.12462250000000008,12.039843440055847,115.28282801310222,399.2234830999987
gnn_rep__N8__line__seed6,gnn_qmix,coord_grid,6,4423,110600,123.0,25,0.1244245833333334,14.804234643777212,112.28161525726318,399.2767942999999
gnn_rep__N8__line__seed6,gnn_qmix,coord_grid,6,4424,110625,124.0,25,0.12422666666666671,10.729015929358345,171.83225795200892,399.3392015999998
gnn_rep__N8__line__seed6,gnn_qmix,coord_grid,6,4425,110650,123.0,25,0.12402875000000002,9.38371029496193,128.1011644999186,399.41091959999903
gnn_rep__N8__line__seed6,gnn_qmix,coord_grid,6,4426,110675,125.0,25,0.12383083333333333,12.069067070881525,60.40662161509196,399.5275408000016
gnn_rep__N8__line__seed6,gnn_qmix,coord_grid,6,4427,110700,119.0,25,0.12363291666666665,13.507916659116745,73.05075740814209,399.6189228000003
gnn_rep__N8__line__seed6,gnn_qmix,coord_grid,6,4428,110725,128.0,25,0.12343500000000007,9.074472784996033,83.41420255388532,399.6770187000002
gnn_rep__N8__line__seed6,gnn_qmix,coord_grid,6,4429,110750,128.0,25,0.12323708333333339,7.945750445127487,86.64508310953777,399.75938659999883
gnn_rep__N8__line__seed6,gnn_qmix,coord_grid,6,4430,110775,125.0,25,0.1230391666666667,10.640095512072245,73.20426241556804,399.8518703000009
gnn_rep__N8__line__seed6,gnn_qmix,coord_grid,6,4431,110800,124.0,25,0.12284125000000012,8.11584218343099,108.07770029703777,399.9438102999993
gnn_rep__N8__line__seed6,gnn_qmix,coord_grid,6,4432,110825,144.0,25,0.12264333333333344,10.380796253681183,31.0198609488351,400.0475417999987
gnn_rep__N8__line__seed6,gnn_qmix,coord_grid,6,4433,110850,127.0,25,0.12244541666666664,20.477099637190502,45.10204760233561,400.11826719999954
gnn_rep__N8__line__seed6,gnn_qmix,coord_grid,6,4434,110875,132.0,25,0.12224749999999995,12.090108394622803,35.02250671386719,400.20871180000177
gnn_rep__N8__line__seed6,gnn_qmix,coord_grid,6,4435,110900,131.0,25,0.12204958333333338,13.318247685829798,41.38244899113973,400.29952680000133
gnn_rep__N8__line__seed6,gnn_qmix,coord_grid,6,4436,110925,123.0,25,0.12185166666666669,6.797670296260288,59.06451606750488,400.3837821999987
gnn_rep__N8__line__seed6,gnn_qmix,coord_grid,6,4437,110950,130.0,25,0.12165375,7.812554180622101,59.377939542134605,400.4641459000013
gnn_rep__N8__line__seed6,gnn_qmix,coord_grid,6,4438,110975,130.0,25,0.12145583333333343,12.041753242413202,80.79691569010417,400.53128220000144
gnn_rep__N8__line__seed6,gnn_qmix,coord_grid,6,4439,111000,123.0,25,0.12125791666666674,12.076760133107504,53.174375216166176,400.6015565000016
gnn_rep__N8__line__seed6,gnn_qmix,coord_grid,6,4440,111025,116.0,25,0.12106000000000006,10.56406649521419,82.85032040732247,400.6740396999994
gnn_rep__N8__line__seed6,gnn_qmix,coord_grid,6,4441,111050,121.0,25,0.12086208333333337,10.573970963557562,54.01257006327311,400.77251239999896
gnn_rep__N8__line__seed6,gnn_qmix,coord_grid,6,4442,111075,116.0,25,0.12066416666666668,13.428179264068604,55.72381464640299,400.91466930000024
gnn_rep__N8__line__seed6,gnn_qmix,coord_grid,6,4443,111100,124.0,25,0.12046625,3.638322561979294,86.37059275309245,401.0016321000003
gnn_rep__N8__line__seed6,gnn_qmix,coord_grid,6,4444,111125,130.0,25,0.12026833333333331,11.701895262513842,76.59203243255615,401.08042710000154
gnn_rep__N8__line__seed6,gnn_qmix,coord_grid,6,4445,111150,123.0,25,0.12007041666666673,6.40220429499944,88.4935811360677,401.15130580000186
gnn_rep__N8__line__seed6,gnn_qmix,coord_grid,6,4446,111175,116.0,25,0.11987250000000005,16.56260613600413,113.7465763092041,401.2132907999985
gnn_rep__N8__line__seed6,gnn_qmix,coord_grid,6,4447,111200,143.0,25,0.11967458333333336,12.253516604502996,75.38769276936848,401.2968432999987
gnn_rep__N8__line__seed6,gnn_qmix,coord_grid,6,4448,111225,126.0,25,0.11947666666666679,9.402778191225869,96.14296613420758,401.38211349999983
gnn_rep__N8__line__seed6,gnn_qmix,coord_grid,6,4449,111250,109.0,25,0.1192787500000001,13.454995681842169,43.684393882751465,401.4511416999994
gnn_rep__N8__line__seed6,gnn_qmix,coord_grid,6,4450,111275,111.0,25,0.11908083333333341,6.3860189417998,49.05692450205485,401.5433469999989
gnn_rep__N8__line__seed6,gnn_qmix,coord_grid,6,4451,111300,127.0,25,0.11888291666666662,6.5183798770109815,112.95150915781657,401.62039279999954
gnn_rep__N8__line__seed6,gnn_qmix,coord_grid,6,4452,111325,147.0,25,0.11868500000000004,11.63405612536839,67.70988546098981,401.6868011000006
gnn_rep__N8__line__seed6,gnn_qmix,coord_grid,6,4453,111350,118.0,25,0.11848708333333335,19.22630962729454,85.59212430318196,401.7842105000018
gnn_rep__N8__line__seed6,gnn_qmix,coord_grid,6,4454,111375,119.0,25,0.11828916666666667,10.424139539400736,48.97906080881754,401.88093740000113
gnn_rep__N8__line__seed6,gnn_qmix,coord_grid,6,4455,111400,129.0,25,0.11809125000000009,14.864294876654943,66.49602921803792,402.0122792000002
gnn_rep__N8__line__seed6,gnn_qmix,coord_grid,6,4456,111425,122.0,25,0.1178933333333334,12.139304373945508,182.07295880998885,402.08741050000026
gnn_rep__N8__line__seed6,gnn_qmix,coord_grid,6,4457,111450,128.0,25,0.11769541666666672,6.986261695623398,159.09432888031006,402.1451156000003
gnn_rep__N8__line__seed6,gnn_qmix,coord_grid,6,4458,111475,114.0,25,0.11749750000000003,8.049915870030722,110.88566589355469,402.2382710999991
gnn_rep__N8__line__seed6,gnn_qmix,coord_grid,6,4459,111500,126.0,25,0.11729958333333335,14.907585660616556,66.13797283172607,402.28285600000163
gnn_rep__N8__line__seed6,gnn_qmix,coord_grid,6,4460,111525,145.0,25,0.11710166666666666,9.29133061000279,68.29655511038644,402.3992079000018
gnn_rep__N8__line__seed6,gnn_qmix,coord_grid,6,4461,111550,134.0,25,0.11690374999999997,5.128359347581863,95.91658528645833,402.49358829999983
gnn_rep__N8__line__seed6,gnn_qmix,coord_grid,6,4462,111575,131.0,25,0.1167058333333334,12.111729303995768,59.81387805938721,402.5598886000007
gnn_rep__N8__line__seed6,gnn_qmix,coord_grid,6,4463,111600,113.0,25,0.11650791666666671,9.053603122631708,57.1116886138916,402.6540124000021
gnn_rep__N8__line__seed6,gnn_qmix,coord_grid,6,4464,111625,135.0,25,0.11631000000000002,5.586952060461044,53.91675322396414,402.758056900002
gnn_rep__N8__line__seed6,gnn_qmix,coord_grid,6,4465,111650,143.0,25,0.11611208333333345,12.105799158414206,74.59551684061687,402.82939310000074
gnn_rep__N8__line__seed6,gnn_qmix,coord_grid,6,4466,111675,130.0,25,0.11591416666666676,12.102529486020407,66.05088361104329,402.8940892999999
gnn_rep__N8__line__seed6,gnn_qmix,coord_grid,6,4467,111700,128.0,25,0.11571625000000008,13.506494988997778,96.17533175150554,402.96740990000035
gnn_rep__N8__line__seed6,gnn_qmix,coord_grid,6,4468,111725,139.0,25,0.11551833333333328,10.563095433371407,43.58248996734619,403.08909779999885
gnn_rep__N8__line__seed6,gnn_qmix,coord_grid,6,4469,111750,129.0,25,0.1153204166666667,7.7585578461488085,27.367862701416016,403.1737283000002
gnn_rep__N8__line__seed6,gnn_qmix,coord_grid,6,4470,111775,138.0,25,0.11512250000000002,13.624119510253271,26.647430737813313,403.28805009999996
gnn_rep__N8__line__seed6,gnn_qmix,coord_grid,6,4471,111800,142.0,25,0.11492458333333333,13.622960726420084,81.4633108774821,403.3685680000017
gnn_rep__N8__line__seed6,gnn_qmix,coord_grid,6,4472,111825,126.0,25,0.11472666666666675,10.456828304699489,40.68911497933524,403.4568638000019
gnn_rep__N8__line__seed6,gnn_qmix,coord_grid,6,4473,111850,115.0,25,0.11452875000000007,16.412353068590164,65.82845163345337,403.5645091000006
gnn_rep__N8__line__seed6,gnn_qmix,coord_grid,6,4474,111875,126.0,25,0.11433083333333338,12.268092721700668,61.19347461064657,403.6280388000014
gnn_rep__N8__line__seed6,gnn_qmix,coord_grid,6,4475,111900,132.0,25,0.1141329166666667,9.599020957946777,105.63914807637532,403.71098650000204
gnn_rep__N8__line__seed6,gnn_qmix,coord_grid,6,4476,111925,142.0,25,0.11393500000000012,8.078102107558932,74.6863580431257,403.80444569999963
gnn_rep__N8__line__seed6,gnn_qmix,coord_grid,6,4477,111950,109.0,25,0.11373708333333332,3.6721054762601852,53.0870885848999,403.86894590000156
gnn_rep__N8__line__seed6,gnn_qmix,coord_grid,6,4478,111975,118.0,25,0.11353916666666664,9.328873266776403,59.772445360819496,403.94343200000003
gnn_rep__N8__line__seed6,gnn_qmix,coord_grid,6,4479,112000,135.0,25,0.11334125000000006,2.112621933221817,49.85277144114176,404.01678320000065
gnn_rep__N8__line__seed6,gnn_qmix,coord_grid,6,4480,112025,139.0,25,0.11314333333333337,11.580564843756813,29.847826140267507,404.1092587999992
gnn_rep__N8__line__seed6,gnn_qmix,coord_grid,6,4481,112050,126.0,25,0.11294541666666669,14.871265545487404,58.34256935119629,404.190716000001
gnn_rep__N8__line__seed6,gnn_qmix,coord_grid,6,4482,112075,119.0,25,0.11274750000000011,15.091823736826578,42.90192890167236,404.27410529999906
gnn_rep__N8__line__seed6,gnn_qmix,coord_grid,6,4483,112100,135.0,25,0.11254958333333343,10.655711770057678,47.87553675969442,404.42752219999966
gnn_rep__N8__line__seed6,gnn_qmix,coord_grid,6,4484,112125,126.0,25,0.11235166666666674,16.682934990950994,72.23448726109096,404.5338507000015
gnn_rep__N8__line__seed6,gnn_qmix,coord_grid,6,4485,112150,123.0,25,0.11215375000000005,16.444846123456955,46.21116415659586,404.6208638999997
gnn_rep__N8__line__seed6,gnn_qmix,coord_grid,6,4486,112175,116.0,25,0.11195583333333337,12.02448167403539,56.50126075744629,404.68460810000033
gnn_rep__N8__line__seed6,gnn_qmix,coord_grid,6,4487,112200,130.0,25,0.11175791666666668,19.49813477198283,56.081637382507324,404.76271389999965
gnn_rep__N8__line__seed6,gnn_qmix,coord_grid,6,4488,112225,119.0,25,0.11155999999999999,10.689999657017845,163.54049464634485,404.81586210000023
gnn_rep__N8__line__seed6,gnn_qmix,coord_grid,6,4489,112250,132.0,25,0.11136208333333342,5.692530612150828,185.30703989664713,404.9050926000018
gnn_rep__N8__line__seed6,gnn_qmix,coord_grid,6,4490,112275,120.0,25,0.11116416666666673,11.212877213954926,134.40494759877524,404.9841321999993
gnn_rep__N8__line__seed6,gnn_qmix,coord_grid,6,4491,112300,132.0,25,0.11096625000000004,9.669185866912207,127.3693453470866,405.06849839999995
gnn_rep__N8__line__seed6,gnn_qmix,coord_grid,6,4492,112325,131.0,25,0.11076833333333336,15.844990849494934,71.26197406223842,405.1548901999995
gnn_rep__N8__line__seed6,gnn_qmix,coord_grid,6,4493,112350,131.0,25,0.11057041666666678,13.946382304032644,85.76894124348958,405.2612119000005
gnn_rep__N8__line__seed6,gnn_qmix,coord_grid,6,4494,112375,118.0,25,0.11037249999999998,18.357436339060467,111.4059206644694,405.3687538000013
gnn_rep__N8__line__seed6,gnn_qmix,coord_grid,6,4495,112400,101.0,25,0.1101745833333333,11.054436524709066,93.37271181742351,405.4335104999991
gnn_rep__N8__line__seed6,gnn_qmix,coord_grid,6,4496,112425,135.0,25,0.10997666666666672,9.362935057708196,54.96166637965611,405.4992286000015
gnn_rep__N8__line__seed6,gnn_qmix,coord_grid,6,4497,112450,139.0,25,0.10977875000000004,15.381871283054352,70.82823816935222,405.58820209999976
gnn_rep__N8__line__seed6,gnn_qmix,coord_grid,6,4498,112475,127.0,25,0.10958083333333335,11.101697583993277,131.8668727874756,405.6862828000012
gnn_rep__N8__line__seed6,gnn_qmix,coord_grid,6,4499,112500,126.0,25,0.10938291666666677,6.530306627353032,44.017889658610024,405.7997140000007
gnn_rep__N8__line__seed6,gnn_qmix,coord_grid,6,4500,112525,124.0,25,0.10918500000000009,12.992564150265284,31.0542665209089,405.9002705999992
gnn_rep__N8__line__seed6,gnn_qmix,coord_grid,6,4501,112550,115.0,25,0.1089870833333334,12.342866738637289,40.922539393107094,405.98211850000007
gnn_rep__N8__line__seed6,gnn_qmix,coord_grid,6,4502,112575,130.0,25,0.10878916666666671,18.326770961284637,105.23755359649658,406.04510540000047
gnn_rep__N8__line__seed6,gnn_qmix,coord_grid,6,4503,112600,129.0,25,0.10859125000000003,7.912366559108098,81.17013168334961,406.1219373999993
gnn_rep__N8__line__seed6,gnn_qmix,coord_grid,6,4504,112625,151.0,25,0.10839333333333334,10.720829239913396,92.75207083565849,406.2285652999999
gnn_rep__N8__line__seed6,gnn_qmix,coord_grid,6,4505,112650,128.0,25,0.10819541666666666,19.567161083221436,47.7262856165568,406.30958549999923
gnn_rep__N8__line__seed6,gnn_qmix,coord_grid,6,4506,112675,122.0,25,0.10799750000000008,12.425759971141815,104.84276707967122,406.3764985000016
gnn_rep__N8__line__seed6,gnn_qmix,coord_grid,6,4507,112700,136.0,25,0.10779958333333339,10.891811698675156,93.72116692860921,406.4467005000006
gnn_rep__N8__line__seed6,gnn_qmix,coord_grid,6,4508,112725,125.0,25,0.1076016666666667,10.676905402115413,67.5238928113665,406.5133859999987
gnn_rep__N8__line__seed6,gnn_qmix,coord_grid,6,4509,112750,129.0,25,0.10740375000000002,12.236639241377512,44.001319885253906,406.60095720000027
gnn_rep__N8__line__seed6,gnn_qmix,coord_grid,6,4510,112775,131.0,25,0.10720583333333344,12.348741759856543,77.23777516682942,406.71869629999856
gnn_rep__N8__line__seed6,gnn_qmix,coord_grid,6,4511,112800,140.0,25,0.10700791666666676,15.230002293984095,80.21188577016194,406.77699700000085
gnn_rep__N8__line__seed6,gnn_qmix,coord_grid,6,4512,112825,127.0,25,0.10680999999999996,10.64568737574986,85.40236173357282,406.8630516000012
gnn_rep__N8__line__seed6,gnn_qmix,coord_grid,6,4513,112850,122.0,25,0.10661208333333339,10.953665852546692,69.78633673985799,406.94464940000034
gnn_rep__N8__line__seed6,gnn_qmix,coord_grid,6,4514,112875,126.0,25,0.1064141666666667,8.039076169331869,80.12923987706502,407.041277100001
gnn_rep__N8__line__seed6,gnn_qmix,coord_grid,6,4515,112900,114.0,25,0.10621625000000001,20.70482414464156,30.51744556427002,407.1268540000019
gnn_rep__N8__line__seed6,gnn_qmix,coord_grid,6,4516,112925,137.0,25,0.10601833333333333,6.899600599493299,62.64029407501221,407.2422531000011
gnn_rep__N8__line__seed6,gnn_qmix,coord_grid,6,4517,112950,122.0,25,0.10582041666666675,5.0498000284036,93.54637273152669,407.34098399999857
gnn_rep__N8__line__seed6,gnn_qmix,coord_grid,6,4518,112975,136.0,25,0.10562250000000006,7.944060216347377,74.41745281219482,407.4285951999991
gnn_rep__N8__line__seed6,gnn_qmix,coord_grid,6,4519,113000,136.0,25,0.10542458333333338,7.757462456822395,59.601013819376625,407.5795423000018
gnn_rep__N8__line__seed6,gnn_qmix,coord_grid,6,4520,113025,135.0,25,0.10522666666666669,13.46829468863351,183.97829001290458,407.6410649999998
gnn_rep__N8__line__seed6,gnn_qmix,coord_grid,6,4521,113050,132.0,25,0.10502875,7.002794623374939,149.11627578735352,407.70411239999885
gnn_rep__N8__line__seed6,gnn_qmix,coord_grid,6,4522,113075,129.0,25,0.10483083333333332,9.66661544640859,89.91433652242024,407.7849042000016
gnn_rep__N8__line__seed6,gnn_qmix,coord_grid,6,4523,113100,133.0,25,0.10463291666666674,11.16267571846644,67.05560874938965,407.86721979999857
gnn_rep__N8__line__seed6,gnn_qmix,coord_grid,6,4524,113125,133.0,25,0.10443500000000006,8.530079296657018,110.8472170148577,407.9741825000019
gnn_rep__N8__line__seed6,gnn_qmix,coord_grid,6,4525,113150,138.0,25,0.10423708333333337,18.334420204162598,65.08498891194661,408.05289769999945
gnn_rep__N8__line__seed6,gnn_qmix,coord_grid,6,4526,113175,130.0,25,0.10403916666666668,11.026752918958664,72.41764322916667,408.11042480000106
gnn_rep__N8__line__seed6,gnn_qmix,coord_grid,6,4527,113200,138.0,25,0.10384125000000011,22.966872851053875,81.85543473561604,408.18952699999863
gnn_rep__N8__line__seed6,gnn_qmix,coord_grid,6,4528,113225,125.0,25,0.10364333333333342,13.479055975164686,59.67363166809082,408.27156670000113
gnn_rep__N8__line__seed6,gnn_qmix,coord_grid,6,4529,113250,114.0,25,0.10344541666666662,13.881218994657198,71.72106806437175,408.3511049000008
gnn_rep__N8__line__seed6,gnn_qmix,coord_grid,6,4530,113275,118.0,25,0.10324750000000005,11.059225310881933,43.54565302530924,408.42745469999863
gnn_rep__N8__line__seed6,gnn_qmix,coord_grid,6,4531,113300,141.0,25,0.10304958333333336,15.514578819274902,62.43274052937826,408.4979628000001
gnn_rep__N8__line__seed6,gnn_qmix,coord_grid,6,4532,113325,130.0,25,0.10285166666666667,10.714115032127925,51.33640343802316,408.57360719999997
gnn_rep__N8__line__seed6,gnn_qmix,coord_grid,6,4533,113350,120.0,25,0.10265374999999999,7.979183917244275,35.462910652160645,408.6603371000019
gnn_rep__N8__line__seed6,gnn_qmix,coord_grid,6,4534,113375,130.0,25,0.10245583333333341,14.015820533037186,62.20080439249674,408.7339804000003
gnn_rep__N8__line__seed6,gnn_qmix,coord_grid,6,4535,113400,130.0,25,0.10225791666666673,21.50859308242798,59.56584628423055,408.82455050000135
gnn_rep__N8__line__seed6,gnn_qmix,coord_grid,6,4536,113425,127.0,25,0.10206000000000004,12.056730457714625,66.21792657034737,408.9236033999987
gnn_rep__N8__line__seed6,gnn_qmix,coord_grid,6,4537,113450,133.0,25,0.10186208333333346,12.571469098329544,53.21875317891439,409.0101786999985
gnn_rep__N8__line__seed6,gnn_qmix,coord_grid,6,4538,113475,126.0,25,0.10166416666666667,12.457970579465231,44.85442924499512,409.06647650000014
gnn_rep__N8__line__seed6,gnn_qmix,coord_grid,6,4539,113500,133.0,25,0.10146624999999998,18.261513511339825,47.759976069132485,409.14750320000167
gnn_rep__N8__line__seed6,gnn_qmix,coord_grid,6,4540,113525,121.0,25,0.1012683333333334,10.817666309220451,57.270583970206125,409.2360808000012
gnn_rep__N8__line__seed6,gnn_qmix,coord_grid,6,4541,113550,152.0,25,0.10107041666666672,6.642267634471257,48.88574473063151,409.3489707000008
gnn_rep__N8__line__seed6,gnn_qmix,coord_grid,6,4542,113575,131.0,25,0.10087250000000003,8.186515351136526,98.02889188130696,409.4267929999987
gnn_rep__N8__line__seed6,gnn_qmix,coord_grid,6,4543,113600,135.0,25,0.10067458333333335,10.921278347571691,31.66174570719401,409.49852309999915
gnn_rep__N8__line__seed6,gnn_qmix,coord_grid,6,4544,113625,148.0,25,0.10047666666666677,15.98867586680821,103.26913343157086,409.60538259999885
gnn_rep__N8__line__seed6,gnn_qmix,coord_grid,6,4545,113650,123.0,25,0.10027875000000008,9.544309119383493,49.76938803990682,409.7141021999996
gnn_rep__N8__line__seed6,gnn_qmix,coord_grid,6,4546,113675,126.0,25,0.1000808333333334,9.274939646323523,26.390180905659992,409.79341860000204
gnn_rep__N8__line__seed6,gnn_qmix,coord_grid,6,4547,113700,142.0,25,0.09988291666666671,8.008294761180878,45.55405648549398,409.9058151999998
gnn_rep__N8__line__seed6,gnn_qmix,coord_grid,6,4548,113725,140.0,25,0.09968500000000002,10.767019710370473,51.927788325718474,409.9830621000001
gnn_rep__N8__line__seed6,gnn_qmix,coord_grid,6,4549,113750,134.0,25,0.09948708333333334,16.822629769643147,48.98345979054769,410.0677734000019
gnn_rep__N8__line__seed6,gnn_qmix,coord_grid,6,4550,113775,129.0,25,0.09928916666666665,15.515823354323706,48.831872622172035,410.162739899999
gnn_rep__N8__line__seed6,gnn_qmix,coord_grid,6,4551,113800,127.0,25,0.09909125000000008,11.071250210205713,89.72076988220215,410.224823200002
gnn_rep__N8__line__seed6,gnn_qmix,coord_grid,6,4552,113825,129.0,25,0.09889333333333339,9.373599307877678,193.20465523856026,410.2744391999986
gnn_rep__N8__line__seed6,gnn_qmix,coord_grid,6,4553,113850,135.0,25,0.0986954166666667,10.875137190024057,190.00566736857095,410.35136169999896
gnn_rep__N8__line__seed6,gnn_qmix,coord_grid,6,4554,113875,121.0,25,0.09849750000000013,6.737703760464986,55.64812819163004,410.42689099999916
gnn_rep__N8__line__seed6,gnn_qmix,coord_grid,6,4555,113900,125.0,25,0.09829958333333333,18.77014970779419,48.6234974861145,410.54176590000134
gnn_rep__N8__line__seed6,gnn_qmix,coord_grid,6,4556,113925,131.0,25,0.09810166666666664,11.034790954419545,80.89086069379535,410.62166140000045
gnn_rep__N8__line__seed6,gnn_qmix,coord_grid,6,4557,113950,132.0,25,0.09790375000000007,20.074682076772053,56.35509840647379,410.73267190000115
gnn_rep__N8__line__seed6,gnn_qmix,coord_grid,6,4558,113975,135.0,25,0.09770583333333338,14.18471852938334,83.90561167399089,410.82931889999963
gnn_rep__N8__line__seed6,gnn_qmix,coord_grid,6,4559,114000,135.0,25,0.0975079166666667,9.524932752052942,70.15175247192383,410.89342899999974
gnn_rep__N8__line__seed6,gnn_qmix,coord_grid,6,4560,114025,135.0,25,0.09731000000000001,10.778031225715365,80.50233513968331,410.9626180999985
gnn_rep__N8__line__seed6,gnn_qmix,coord_grid,6,4561,114050,136.0,25,0.09711208333333343,14.340093672275543,84.5577901204427,411.0441486999989
gnn_rep__N8__line__seed6,gnn_qmix,coord_grid,6,4562,114075,132.0,25,0.09691416666666675,5.121693586309751,41.58354171117147,411.1482314999994
gnn_rep__N8__line__seed6,gnn_qmix,coord_grid,6,4563,114100,130.0,25,0.09671625000000006,11.135838061571121,50.39424482981364,411.2173483000006
gnn_rep__N8__line__seed6,gnn_qmix,coord_grid,6,4564,114125,131.0,25,0.09651833333333337,10.97000024148396,58.79676219395229,411.3126747999995
gnn_rep__N8__line__seed6,gnn_qmix,coord_grid,6,4565,114150,138.0,25,0.09632041666666669,14.313484807809195,49.28984785079956,411.39575350000086
gnn_rep__N8__line__seed6,gnn_qmix,coord_grid,6,4566,114175,124.0,25,0.0961225,9.668088108301163,65.2873109181722,411.465615000001
gnn_rep__N8__line__seed6,gnn_qmix,coord_grid,6,4567,114200,137.0,25,0.09592458333333331,9.58973354101181,25.384404182434082,411.5556227999987
gnn_rep__N8__line__seed6,gnn_qmix,coord_grid,6,4568,114225,137.0,25,0.09572666666666674,13.430029588086265,58.03259686061314,411.6235362000007
gnn_rep__N8__line__seed6,gnn_qmix,coord_grid,6,4569,114250,145.0,25,0.09552875000000005,17.085767418146133,31.721702257792156,411.68518330000006
gnn_rep__N8__line__seed6,gnn_qmix,coord_grid,6,4570,114275,126.0,25,0.09533083333333336,18.66234032313029,50.90222454071045,411.7625020000014
gnn_rep__N8__line__seed6,gnn_qmix,coord_grid,6,4571,114300,114.0,25,0.09513291666666679,11.35413071513176,77.67129262288411,411.8722015000021
gnn_rep__N8__line__seed6,gnn_qmix,coord_grid,6,4572,114325,133.0,25,0.0949350000000001,13.607494013650077,51.46181447165353,411.94171110000025
gnn_rep__N8__line__seed6,gnn_qmix,coord_grid,6,4573,114350,147.0,25,0.0947370833333333,6.792096038659413,53.31893746058146,412.01220900000044
gnn_rep__N8__line__seed6,gnn_qmix,coord_grid,6,4574,114375,126.0,25,0.09453916666666673,12.486639777819315,37.572027842203774,412.0955689000002
gnn_rep__N8__line__seed6,gnn_qmix,coord_grid,6,4575,114400,140.0,25,0.09434125000000004,11.177217672268549,68.0625372727712,412.1772334999987
gnn_rep__N8__line__seed6,gnn_qmix,coord_grid,6,4576,114425,122.0,25,0.09414333333333336,13.44202510373933,46.73014695303781,412.2394329999988
gnn_rep__N8__line__seed6,gnn_qmix,coord_grid,6,4577,114450,139.0,25,0.09394541666666667,21.556968420743942,40.275244077046715,412.31231430000116
gnn_rep__N8__line__seed6,gnn_qmix,coord_grid,6,4578,114475,126.0,25,0.0937475000000001,11.161033550898233,39.31790637969971,412.4038733999987
gnn_rep__N8__line__seed6,gnn_qmix,coord_grid,6,4579,114500,148.0,25,0.09354958333333341,8.088588580489159,24.992429733276367,412.4506051999997
gnn_rep__N8__line__seed6,gnn_qmix,coord_grid,6,4580,114525,126.0,25,0.09335166666666672,9.737873758588519,84.7692004612514,412.54565450000155
gnn_rep__N8__line__seed6,gnn_qmix,coord_grid,6,4581,114550,137.0,25,0.09315375000000004,15.79231165846189,84.36182276407878,412.61057340000116
gnn_rep__N8__line__seed6,gnn_qmix,coord_grid,6,4582,114575,150.0,25,0.09295583333333335,9.607617432872454,30.320502122243244,412.6733826000018
gnn_rep__N8__line__seed6,gnn_qmix,coord_grid,6,4583,114600,116.0,25,0.09275791666666666,9.870223840077719,77.23116048177083,412.75038349999886
gnn_rep__N8__line__seed6,gnn_qmix,coord_grid,6,4584,114625,137.0,25,0.09255999999999998,8.586450917380196,236.21551513671875,412.81978100000197
gnn_rep__N8__line__seed6,gnn_qmix,coord_grid,6,4585,114650,133.0,25,0.0923620833333334,11.7959010998408,126.11461639404297,412.9441458000001
gnn_rep__N8__line__seed6,gnn_qmix,coord_grid,6,4586,114675,127.0,25,0.09216416666666671,8.470800797144571,100.81816085179646,413.01787519999925
gnn_rep__N8__line__seed6,gnn_qmix,coord_grid,6,4587,114700,135.0,25,0.09196625000000003,11.362781971693039,40.632174491882324,413.0944261000004
gnn_rep__N8__line__seed6,gnn_qmix,coord_grid,6,4588,114725,127.0,25,0.09176833333333345,15.065786795956749,95.8797961643764,413.16549010000017
gnn_rep__N8__line__seed6,gnn_qmix,coord_grid,6,4589,114750,106.0,25,0.09157041666666677,17.454818069934845,60.86655966440836,413.25259509999887
gnn_rep__N8__line__seed6,gnn_qmix,coord_grid,6,4590,114775,144.0,25,0.09137249999999997,6.8097918927669525,54.46100680033366,413.30831559999933
gnn_rep__N8__line__seed6,gnn_qmix,coord_grid,6,4591,114800,130.0,25,0.09117458333333328,21.93022886912028,69.3065414428711,413.39887870000166
gnn_rep__N8__line__seed6,gnn_qmix,coord_grid,6,4592,114825,130.0,25,0.0909766666666667,17.55418084348951,69.02424076625279,413.4616934000005
gnn_rep__N8__line__seed6,gnn_qmix,coord_grid,6,4593,114850,120.0,25,0.09077875000000002,12.946476141611734,63.40910402933756,413.53698989999975
gnn_rep__N8__line__seed6,gnn_qmix,coord_grid,6,4594,114875,144.0,25,0.09058083333333333,14.348732789357504,56.245034535725914,413.5995710999996
gnn_rep__N8__line__seed6,gnn_qmix,coord_grid,6,4595,114900,139.0,25,0.09038291666666676,15.919808705647787,77.92180315653484,413.726097499999
gnn_rep__N8__line__seed6,gnn_qmix,coord_grid,6,4596,114925,135.0,25,0.09018500000000007,8.420411850724902,72.34218406677246,413.7884518999999
gnn_rep__N8__line__seed6,gnn_qmix,coord_grid,6,4597,114950,121.0,25,0.08998708333333338,11.054204305013021,77.05662790934245,413.8566513000005
gnn_rep__N8__line__seed6,gnn_qmix,coord_grid,6,4598,114975,135.0,25,0.08978916666666681,14.28569088379542,82.34730656941731,413.9870974000005
gnn_rep__N8__line__seed6,gnn_qmix,coord_grid,6,4599,115000,134.0,25,0.08959125000000001,12.913528442382812,96.56493854522705,414.0715633
gnn_rep__N8__line__seed6,gnn_qmix,coord_grid,6,4600,115025,131.0,25,0.08939333333333332,12.499584989888328,72.43427985055106,414.19712509999954
gnn_rep__N8__line__seed6,gnn_qmix,coord_grid,6,4601,115050,145.0,25,0.08919541666666664,17.41201178232829,71.35331694285075,414.2587773999985
gnn_rep__N8__line__seed6,gnn_qmix,coord_grid,6,4602,115075,124.0,25,0.08899750000000006,20.24859215815862,48.43111308415731,414.3445396999996
gnn_rep__N8__line__seed6,gnn_qmix,coord_grid,6,4603,115100,131.0,25,0.08879958333333338,6.732702096303304,39.41381549835205,414.41820749999897
gnn_rep__N8__line__seed6,gnn_qmix,coord_grid,6,4604,115125,130.0,25,0.08860166666666669,12.336659737995692,42.9987005506243,414.51697129999957
gnn_rep__N8__line__seed6,gnn_qmix,coord_grid,6,4605,115150,138.0,25,0.08840375000000011,11.266468117634455,45.793287913004555,414.6222607999989
gnn_rep__N8__line__seed6,gnn_qmix,coord_grid,6,4606,115175,124.0,25,0.08820583333333343,18.850526173909504,39.87092399597168,414.70347219999894
gnn_rep__N8__line__seed6,gnn_qmix,coord_grid,6,4607,115200,139.0,25,0.08800791666666674,15.77737761537234,50.016917864481606,414.79689549999966
gnn_rep__N8__line__seed6,gnn_qmix,coord_grid,6,4608,115225,139.0,25,0.08780999999999994,13.604442281382424,64.58328805650983,414.8897947000005
gnn_rep__N8__line__seed6,gnn_qmix,coord_grid,6,4609,115250,155.0,25,0.08761208333333337,17.369980057080586,59.74918794631958,414.9738909000007
gnn_rep__N8__line__seed6,gnn_qmix,coord_grid,6,4610,115275,130.0,25,0.08741416666666668,14.595174496372541,108.98193995157878,415.0661927000001
gnn_rep__N8__line__seed6,gnn_qmix,coord_grid,6,4611,115300,139.0,25,0.08721625,8.19934438665708,75.16609319051106,415.1701487999999
gnn_rep__N8__line__seed6,gnn_qmix,coord_grid,6,4612,115325,143.0,25,0.08701833333333342,13.555974176951818,49.66094807216099,415.2302611999985
gnn_rep__N8__line__seed6,gnn_qmix,coord_grid,6,4613,115350,148.0,25,0.08682041666666673,9.652847697337469,61.117346127827965,415.2925634000021
gnn_rep__N8__line__seed6,gnn_qmix,coord_grid,6,4614,115375,128.0,25,0.08662250000000005,6.630273272593816,31.282830079396565,415.36180779999995
gnn_rep__N8__line__seed6,gnn_qmix,coord_grid,6,4615,115400,141.0,25,0.08642458333333347,5.19663405418396,36.00528653462728,415.43515580000167
gnn_rep__N8__line__seed6,gnn_qmix,coord_grid,6,4616,115425,130.0,25,0.08622666666666667,14.548292364392962,173.36197553362166,415.5123003000008
gnn_rep__N8__line__seed6,gnn_qmix,coord_grid,6,4617,115450,127.0,25,0.08602874999999999,13.072502473990122,130.18009535471597,415.6147783000015
gnn_rep__N8__line__seed6,gnn_qmix,coord_grid,6,4618,115475,133.0,25,0.0858308333333333,14.420901209115982,83.71970812479655,415.70091390000016
gnn_rep__N8__line__seed6,gnn_qmix,coord_grid,6,4619,115500,126.0,25,0.08563291666666673,11.26513840754827,83.19128290812175,415.77838079999856
gnn_rep__N8__line__seed6,gnn_qmix,coord_grid,6,4620,115525,133.0,25,0.08543500000000004,7.115625398499625,49.92236682346889,415.8465761000007
gnn_rep__N8__line__seed6,gnn_qmix,coord_grid,6,4621,115550,144.0,25,0.08523708333333335,11.24292454123497,32.18968645731608,415.9010086999988
gnn_rep__N8__line__seed6,gnn_qmix,coord_grid,6,4622,115575,123.0,25,0.08503916666666678,17.62069495519002,81.63630469640096,415.96730820000084
gnn_rep__N8__line__seed6,gnn_qmix,coord_grid,6,4623,115600,130.0,25,0.08484125000000009,5.185668041308721,67.07776546478271,416.05173640000066
gnn_rep__N8__line__seed6,gnn_qmix,coord_grid,6,4624,115625,144.0,25,0.0846433333333334,12.478839261191231,87.89206450326103,416.14303460000156
gnn_rep__N8__line__seed6,gnn_qmix,coord_grid,6,4625,115650,138.0,25,0.0844454166666666,18.966871197024982,51.21671970685323,416.20835590000206
gnn_rep__N8__line__seed6,gnn_qmix,coord_grid,6,4626,115675,129.0,25,0.08424750000000003,9.67945021390915,49.467288653055824,416.2917273000021
gnn_rep__N8__line__seed6,gnn_qmix,coord_grid,6,4627,115700,132.0,25,0.08404958333333334,9.600784227252007,50.13234774271647,416.38101860000097
gnn_rep__N8__line__seed6,gnn_qmix,coord_grid,6,4628,115725,139.0,25,0.08385166666666666,12.469466081687383,112.61788667951312,416.4803088000008
gnn_rep__N8__line__seed6,gnn_qmix,coord_grid,6,4629,115750,140.0,25,0.08365375000000008,11.329598620533943,90.53733253479004,416.55414839999867
gnn_rep__N8__line__seed6,gnn_qmix,coord_grid,6,4630,115775,147.0,25,0.0834558333333334,12.78132105867068,37.42149464289347,416.65721660000054
gnn_rep__N8__line__seed6,gnn_qmix,coord_grid,6,4631,115800,123.0,25,0.08325791666666671,17.498395601908367,74.9438705444336,416.7277290999991
gnn_rep__N8__line__seed6,gnn_qmix,coord_grid,6,4632,115825,134.0,25,0.08306000000000013,11.09945545877729,74.16446767534528,416.7970530999992
gnn_rep__N8__line__seed6,gnn_qmix,coord_grid,6,4633,115850,136.0,25,0.08286208333333345,12.78904535373052,73.61035982767741,416.8813792000001
gnn_rep__N8__line__seed6,gnn_qmix,coord_grid,6,4634,115875,138.0,25,0.08266416666666665,9.764206796884537,87.42476844787598,416.96851310000056
gnn_rep__N8__line__seed6,gnn_qmix,coord_grid,6,4635,115900,133.0,25,0.08246624999999996,6.868270556131999,156.71122709910074,417.05817129999923
gnn_rep__N8__line__seed6,gnn_qmix,coord_grid,6,4636,115925,135.0,25,0.08226833333333339,10.941216907330922,42.60288429260254,417.16965250000067
gnn_rep__N8__line__seed6,gnn_qmix,coord_grid,6,4637,115950,139.0,25,0.0820704166666667,9.733922670284906,54.18421204884847,417.2204057000017
gnn_rep__N8__line__seed6,gnn_qmix,coord_grid,6,4638,115975,139.0,25,0.08187250000000001,11.276173253854116,75.80312061309814,417.30116070000076
gnn_rep__N8__line__seed6,gnn_qmix,coord_grid,6,4639,116000,145.0,25,0.08167458333333344,17.390459537506104,60.99872843424479,417.37785129999975
gnn_rep__N8__line__seed6,gnn_qmix,coord_grid,6,4640,116025,136.0,25,0.08147666666666675,7.238709006990705,101.29727581569126,417.44927370000005
gnn_rep__N8__line__seed6,gnn_qmix,coord_grid,6,4641,116050,148.0,25,0.08127875000000007,23.44688844680786,64.80614026387532,417.5485436000017
gnn_rep__N8__line__seed6,gnn_qmix,coord_grid,6,4642,116075,138.0,25,0.08108083333333338,20.471600259343784,46.790008227030434,417.618542799999
gnn_rep__N8__line__seed6,gnn_qmix,coord_grid,6,4643,116100,137.0,25,0.0808829166666667,11.272445619106293,47.10952854156494,417.7319466000008
gnn_rep__N8__line__seed6,gnn_qmix,coord_grid,6,4644,116125,138.0,25,0.080685,8.428946214062828,62.72064018249512,417.8232089000012
gnn_rep__N8__line__seed6,gnn_qmix,coord_grid,6,4645,116150,129.0,25,0.08048708333333332,15.86992684006691,74.58610153198242,417.96857010000167
gnn_rep__N8__line__seed6,gnn_qmix,coord_grid,6,4646,116175,131.0,25,0.08028916666666674,11.1880571047465,51.260613123575844,418.0487138999997
gnn_rep__N8__line__seed6,gnn_qmix,coord_grid,6,4647,116200,131.0,25,0.08009125000000006,3.6135798494021096,63.04639689127604,418.12773279999965
gnn_rep__N8__line__seed6,gnn_qmix,coord_grid,6,4648,116225,154.0,25,0.07989333333333337,12.333480545452662,191.59987422398157,418.2138281000007
gnn_rep__N8__line__seed6,gnn_qmix,coord_grid,6,4649,116250,141.0,25,0.0796954166666668,8.650483340024948,176.99214680989584,418.30038680000143
gnn_rep__N8__line__seed6,gnn_qmix,coord_grid,6,4650,116275,146.0,25,0.07949750000000011,17.623630046844482,86.2368090947469,418.3711805999992
gnn_rep__N8__line__seed6,gnn_qmix,coord_grid,6,4651,116300,155.0,25,0.07929958333333331,19.42257769902547,147.1552858352661,418.4591704000013
gnn_rep__N8__line__seed6,gnn_qmix,coord_grid,6,4652,116325,142.0,25,0.07910166666666663,9.782941009317126,113.33393914358956,418.54038760000185
gnn_rep__N8__line__seed6,gnn_qmix,coord_grid,6,4653,116350,119.0,25,0.07890375000000005,13.034274379412333,126.25947443644206,418.6362573000006
gnn_rep__N8__line__seed6,gnn_qmix,coord_grid,6,4654,116375,143.0,25,0.07870583333333336,14.767090638478598,131.35939820607504,418.71060320000106
gnn_rep__N8__line__seed6,gnn_qmix,coord_grid,6,4655,116400,149.0,25,0.07850791666666668,9.948199808597565,139.1904385884603,418.7866928000003
gnn_rep__N8__line__seed6,gnn_qmix,coord_grid,6,4656,116425,142.0,25,0.0783100000000001,7.455076898847308,137.18173708234514,418.86583679999967
gnn_rep__N8__line__seed6,gnn_qmix,coord_grid,6,4657,116450,144.0,25,0.07811208333333342,11.498819718758265,87.85837539037068,418.9246346
gnn_rep__N8__line__seed6,gnn_qmix,coord_grid,6,4658,116475,136.0,25,0.07791416666666673,9.9117970764637,90.10127703348796,419.00253710000106
gnn_rep__N8__line__seed6,gnn_qmix,coord_grid,6,4659,116500,127.0,25,0.07771625000000004,11.347299774487814,67.459122021993,419.0745511999994
gnn_rep__N8__line__seed6,gnn_qmix,coord_grid,6,4660,116525,136.0,25,0.07751833333333336,12.50342846768243,89.27079010009766,419.18665390000024
gnn_rep__N8__line__seed6,gnn_qmix,coord_grid,6,4661,116550,138.0,25,0.07732041666666667,13.11616470416387,104.16669845581055,419.25972510000065
gnn_rep__N8__line__seed6,gnn_qmix,coord_grid,6,4662,116575,152.0,25,0.07712249999999998,16.01317133506139,88.30496788024902,419.4415157000003
gnn_rep__N8__line__seed6,gnn_qmix,coord_grid,6,4663,116600,141.0,25,0.07692458333333341,14.562643686930338,80.99804337819417,419.5536143999998
gnn_rep__N8__line__seed6,gnn_qmix,coord_grid,6,4664,116625,134.0,25,0.07672666666666672,13.870007182870593,109.00090408325195,419.69655440000133
gnn_rep__N8__line__seed6,gnn_qmix,coord_grid,6,4665,116650,126.0,25,0.07652875000000003,14.541120370229086,92.63164138793945,419.7987510000021
gnn_rep__N8__line__seed6,gnn_qmix,coord_grid,6,4666,116675,146.0,25,0.07633083333333335,14.437057683865229,103.89475186665852,419.8800927000011
gnn_rep__N8__line__seed6,gnn_qmix,coord_grid,6,4667,116700,142.0,25,0.07613291666666677,8.237496505180994,50.37236531575521,419.9412138000007
gnn_rep__N8__line__seed6,gnn_qmix,coord_grid,6,4668,116725,145.0,25,0.07593500000000009,15.110815627234322,72.58671515328544,420.0329930000007
gnn_rep__N8__line__seed6,gnn_qmix,coord_grid,6,4669,116750,146.0,25,0.07573708333333329,14.387231066823006,48.64663155873617,420.12347800000134
gnn_rep__N8__line__seed6,gnn_qmix,coord_grid,6,4670,116775,145.0,25,0.07553916666666671,6.768938422203064,61.40417353312174,420.26180060000115
gnn_rep__N8__line__seed6,gnn_qmix,coord_grid,6,4671,116800,140.0,25,0.07534125000000003,9.772411500414213,76.97858905792236,420.3753810999988
gnn_rep__N8__line__seed6,gnn_qmix,coord_grid,6,4672,116825,133.0,25,0.07514333333333334,11.27852970787457,109.85352815900531,420.4463481999992
gnn_rep__N8__line__seed6,gnn_qmix,coord_grid,6,4673,116850,137.0,25,0.07494541666666676,9.823046411077181,84.21116574605306,420.49145839999983
gnn_rep__N8__line__seed6,gnn_qmix,coord_grid,6,4674,116875,149.0,25,0.07474750000000008,12.887885888417562,59.62788645426432,420.5703057999999
gnn_rep__N8__line__seed6,gnn_qmix,coord_grid,6,4675,116900,146.0,25,0.07454958333333339,14.398415724436441,67.30744282404582,420.6888024
gnn_rep__N8__line__seed6,gnn_qmix,coord_grid,6,4676,116925,134.0,25,0.0743516666666667,12.568786663668496,50.588517325265066,420.83476320000045
gnn_rep__N8__line__seed6,gnn_qmix,coord_grid,6,4677,116950,138.0,25,0.07415375000000002,14.460295473535856,38.4011754989624,420.9394054000004
gnn_rep__N8__line__seed6,gnn_qmix,coord_grid,6,4678,116975,131.0,25,0.07395583333333333,14.33903137842814,74.32463725407918,421.03743699999904
gnn_rep__N8__line__seed6,gnn_qmix,coord_grid,6,4679,117000,137.0,25,0.07375791666666665,11.309156636397043,53.093101501464844,421.1495557999988
gnn_rep__N8__line__seed6,gnn_qmix,coord_grid,6,4680,117025,140.0,25,0.07356000000000007,13.591728329658508,191.39512852260046,421.20609270000205
gnn_rep__N8__line__seed6,gnn_qmix,coord_grid,6,4681,117050,136.0,25,0.07336208333333338,26.682443032662075,237.6739934285482,421.28686910000033
gnn_rep__N8__line__seed6,gnn_qmix,coord_grid,6,4682,117075,140.0,25,0.0731641666666667,14.803325742483139,126.0304807027181,421.3559604000002
gnn_rep__N8__line__seed6,gnn_qmix,coord_grid,6,4683,117100,146.0,25,0.07296625000000001,12.993455866972605,58.614593505859375,421.4281759000005
gnn_rep__N8__line__seed6,gnn_qmix,coord_grid,6,4684,117125,129.0,25,0.07276833333333343,13.995887892586845,66.19237981523786,421.5370062000002
gnn_rep__N8__line__seed6,gnn_qmix,coord_grid,6,4685,117150,134.0,25,0.07257041666666675,8.311058868964514,60.8573899269104,421.6917964999993
gnn_rep__N8__line__seed6,gnn_qmix,coord_grid,6,4686,117175,149.0,25,0.07237249999999995,19.362738927205402,41.99494012196859,421.80724009999904
gnn_rep__N8__line__seed6,gnn_qmix,coord_grid,6,4687,117200,132.0,25,0.07217458333333338,8.40627558529377,44.92578140894572,421.88791680000213
gnn_rep__N8__line__seed6,gnn_qmix,coord_grid,6,4688,117225,137.0,25,0.07197666666666669,5.928192704916,51.19331904820034,421.982144900001
gnn_rep__N8__line__seed6,gnn_qmix,coord_grid,6,4689,117250,148.0,25,0.07177875,14.622883180777231,70.53601217269897,422.0530217000014
gnn_rep__N8__line__seed6,gnn_qmix,coord_grid,6,4690,117275,122.0,25,0.07158083333333343,9.975395694375038,97.94854545593262,422.1388111999986
gnn_rep__N8__line__seed6,gnn_qmix,coord_grid,6,4691,117300,135.0,25,0.07138291666666674,14.653032859166464,61.73883946736654,422.22011030000067
gnn_rep__N8__line__seed6,gnn_qmix,coord_grid,6,4692,117325,140.0,25,0.07118500000000005,12.61049119063786,45.267141342163086,422.2962692000001
gnn_rep__N8__line__seed6,gnn_qmix,coord_grid,6,4693,117350,139.0,25,0.07098708333333337,12.986581534147263,55.3815663655599,422.3973681999996
gnn_rep__N8__line__seed6,gnn_qmix,coord_grid,6,4694,117375,137.0,25,0.07078916666666679,14.536428282658258,72.56760215759277,422.4794402000007
gnn_rep__N8__line__seed6,gnn_qmix,coord_grid,6,4695,117400,139.0,25,0.07059125,14.61030233403047,52.67715581258138,422.5330181999998
gnn_rep__N8__line__seed6,gnn_qmix,coord_grid,6,4696,117425,151.0,25,0.07039333333333331,15.324803190571922,46.437618255615234,422.6177932999999
gnn_rep__N8__line__seed6,gnn_qmix,coord_grid,6,4697,117450,134.0,25,0.07019541666666673,3.833493878444036,96.67374833424886,422.6958110000014
gnn_rep__N8__line__seed6,gnn_qmix,coord_grid,6,4698,117475,144.0,25,0.06999750000000005,8.251985569794973,49.94625600179037,422.82823429999917
gnn_rep__N8__line__seed6,gnn_qmix,coord_grid,6,4699,117500,146.0,25,0.06979958333333336,11.49526054163774,45.803438345591225,422.88235350000105
gnn_rep__N8__line__seed6,gnn_qmix,coord_grid,6,4700,117525,122.0,25,0.06960166666666667,12.862213236945015,132.6289266858782,422.9621514999999
gnn_rep__N8__line__seed6,gnn_qmix,coord_grid,6,4701,117550,139.0,25,0.0694037500000001,10.030104577541351,106.52711423238118,423.0850946999999
gnn_rep__N8__line__seed6,gnn_qmix,coord_grid,6,4702,117575,117.0,25,0.06920583333333341,11.534605781237284,74.97476259867351,423.162341700001
gnn_rep__N8__line__seed6,gnn_qmix,coord_grid,6,4703,117600,140.0,25,0.06900791666666672,10.118220319350561,104.8495101928711,423.2408733000011
gnn_rep__N8__line__seed6,gnn_qmix,coord_grid,6,4704,117625,133.0,25,0.06881000000000004,19.256763458251953,101.56678227015904,423.3461184000007
gnn_rep__N8__line__seed6,gnn_qmix,coord_grid,6,4705,117650,152.0,25,0.06861208333333335,17.91774947444598,74.86245695749919,423.43657240000175
gnn_rep__N8__line__seed6,gnn_qmix,coord_grid,6,4706,117675,147.0,25,0.06841416666666666,17.84369707107544,75.34918785095215,423.5275537999987
gnn_rep__N8__line__seed6,gnn_qmix,coord_grid,6,4707,117700,138.0,25,0.06821625000000009,13.046152646342913,87.06349500020345,423.59243849999984
gnn_rep__N8__line__seed6,gnn_qmix,coord_grid,6,4708,117725,145.0,25,0.0680183333333334,15.277586119515556,61.1525502886091,423.68209280000156
gnn_rep__N8__line__seed6,gnn_qmix,coord_grid,6,4709,117750,139.0,25,0.06782041666666672,14.594113777081171,35.59131304423014,423.76197160000083
gnn_rep__N8__line__seed6,gnn_qmix,coord_grid,6,4710,117775,147.0,25,0.06762250000000003,9.961181734999021,91.96318181355794,423.82699649999995
gnn_rep__N8__line__seed6,gnn_qmix,coord_grid,6,4711,117800,140.0,25,0.06742458333333345,9.83336666226387,54.869251569112144,423.8932499000002
gnn_rep__N8__line__seed6,gnn_qmix,coord_grid,6,4712,117825,135.0,25,0.06722666666666666,15.128527675356183,195.32554190499442,424.00389200000063
gnn_rep__N8__line__seed6,gnn_qmix,coord_grid,6,4713,117850,139.0,25,0.06702874999999997,7.980967899163564,239.35941060384116,424.0947860999986
gnn_rep__N8__line__seed6,gnn_qmix,coord_grid,6,4714,117875,138.0,25,0.0668308333333334,7.0934841732184095,120.71981938680013,424.2139700000007
gnn_rep__N8__line__seed6,gnn_qmix,coord_grid,6,4715,117900,135.0,25,0.06663291666666671,8.57924481232961,104.5319086710612,424.31156810000175
gnn_rep__N8__line__seed6,gnn_qmix,coord_grid,6,4716,117925,145.0,25,0.06643500000000002,18.046261783157075,43.68881620679583,424.40620409999974
gnn_rep__N8__line__seed6,gnn_qmix,coord_grid,6,4717,117950,139.0,25,0.06623708333333334,14.857154885927836,60.76250966389974,424.4756343000008
gnn_rep__N8__line__seed6,gnn_qmix,coord_grid,6,4718,117975,144.0,25,0.06603916666666676,13.270537197589874,66.62113221486409,424.5529678999992
gnn_rep__N8__line__seed6,gnn_qmix,coord_grid,6,4719,118000,133.0,25,0.06584125000000007,14.729321777820587,34.493871529897056,424.60109790000206
gnn_rep__N8__line__seed6,gnn_qmix,coord_grid,6,4720,118025,145.0,25,0.06564333333333339,7.418445186955588,51.56353337424142,424.7125927999987
gnn_rep__N8__line__seed6,gnn_qmix,coord_grid,6,4721,118050,137.0,25,0.0654454166666667,8.332930321494738,67.55154546101888,424.79027580000184
gnn_rep__N8__line__seed6,gnn_qmix,coord_grid,6,4722,118075,132.0,25,0.06524750000000001,13.240700393915176,83.53903579711914,424.8787187000016
gnn_rep__N8__line__seed6,gnn_qmix,coord_grid,6,4723,118100,149.0,25,0.06504958333333333,10.025469213724136,41.031018575032554,424.9484961999988
gnn_rep__N8__line__seed6,gnn_qmix,coord_grid,6,4724,118125,134.0,25,0.06485166666666675,9.968626729079656,82.81994819641113,425.00149330000204
gnn_rep__N8__line__seed6,gnn_qmix,coord_grid,6,4725,118150,149.0,25,0.06465375000000007,19.486218293507893,87.14477094014485,425.0714189999999
gnn_rep__N8__line__seed6,gnn_qmix,coord_grid,6,4726,118175,145.0,25,0.06445583333333338,8.561456769704819,109.33292214075725,425.1723501000015
gnn_rep__N8__line__seed6,gnn_qmix,coord_grid,6,4727,118200,135.0,25,0.06425791666666669,8.379285325606665,92.59040482838948,425.25865239999985
gnn_rep__N8__line__seed6,gnn_qmix,coord_grid,6,4728,118225,153.0,25,0.06406000000000012,12.628710176263537,55.40200778416225,425.3451640000021
gnn_rep__N8__line__seed6,gnn_qmix,coord_grid,6,4729,118250,141.0,25,0.06386208333333343,14.782560293873152,50.20790163675944,425.4383463000013
gnn_rep__N8__line__seed6,gnn_qmix,coord_grid,6,4730,118275,143.0,25,0.06366416666666663,13.294158478577932,78.644029935201,425.5036405999999
gnn_rep__N8__line__seed6,gnn_qmix,coord_grid,6,4731,118300,135.0,25,0.06346625000000006,6.883945306142171,68.24912484486897,425.6695999000003
gnn_rep__N8__line__seed6,gnn_qmix,coord_grid,6,4732,118325,139.0,25,0.06326833333333337,10.074398406914302,65.15094947814941,425.7615556000019
gnn_rep__N8__line__seed6,gnn_qmix,coord_grid,6,4733,118350,143.0,25,0.06307041666666668,17.92726128300031,72.01850350697835,425.8258085000016
gnn_rep__N8__line__seed6,gnn_qmix,coord_grid,6,4734,118375,137.0,25,0.0628725,16.384895493586857,75.42481295267741,425.90851069999917
gnn_rep__N8__line__seed6,gnn_qmix,coord_grid,6,4735,118400,141.0,25,0.06267458333333342,6.889240697026253,46.08359464009603,425.99431410000034
gnn_rep__N8__line__seed6,gnn_qmix,coord_grid,6,4736,118425,130.0,25,0.062476666666666736,8.540036695344108,47.83437088557652,426.0823949000005
gnn_rep__N8__line__seed6,gnn_qmix,coord_grid,6,4737,118450,138.0,25,0.06227875000000005,5.260733813047409,57.90624586741129,426.18134740000096
gnn_rep__N8__line__seed6,gnn_qmix,coord_grid,6,4738,118475,146.0,25,0.06208083333333336,14.782116095225016,54.4503599802653,426.2535142000015
gnn_rep__N8__line__seed6,gnn_qmix,coord_grid,6,4739,118500,143.0,25,0.061882916666666676,11.634017527103424,66.34788513183594,426.3541632999986
gnn_rep__N8__line__seed6,gnn_qmix,coord_grid,6,4740,118525,143.0,25,0.06168499999999999,16.687195232936315,78.0181451525007,426.4589106000021
gnn_rep__N8__line__seed6,gnn_qmix,coord_grid,6,4741,118550,140.0,25,0.0614870833333333,17.714518407980602,60.118280251820885,426.53505959999893
gnn_rep__N8__line__seed6,gnn_qmix,coord_grid,6,4742,118575,140.0,25,0.06128916666666673,10.000168214241663,32.97590414683024,426.6285801000013
gnn_rep__N8__line__seed6,gnn_qmix,coord_grid,6,4743,118600,143.0,25,0.06109125000000004,10.003104448318481,82.28552436828613,426.7319576000009
gnn_rep__N8__line__seed6,gnn_qmix,coord_grid,6,4744,118625,139.0,25,0.060893333333333355,11.578294200556618,196.92453820364815,426.80561920000036
gnn_rep__N8__line__seed6,gnn_qmix,coord_grid,6,4745,118650,141.0,25,0.06069541666666678,13.700894137223562,138.2460568745931,426.8870577000016
gnn_rep__N8__line__seed6,gnn_qmix,coord_grid,6,4746,118675,143.0,25,0.06049750000000009,11.712752133607864,61.82681179046631,426.96631479999996
gnn_rep__N8__line__seed6,gnn_qmix,coord_grid,6,4747,118700,155.0,25,0.060299583333333295,10.256428271532059,32.94891357421875,427.0442183999985
gnn_rep__N8__line__seed6,gnn_qmix,coord_grid,6,4748,118725,140.0,25,0.06010166666666672,10.274276290621076,74.313811983381,427.13129449999906
gnn_rep__N8__line__seed6,gnn_qmix,coord_grid,6,4749,118750,139.0,25,0.05990375000000003,16.676570892333984,86.80106385548909,427.22693620000064
gnn_rep__N8__line__seed6,gnn_qmix,coord_grid,6,4750,118775,130.0,25,0.05970583333333335,21.43718559543292,97.93081092834473,427.3034253000005
gnn_rep__N8__line__seed6,gnn_qmix,coord_grid,6,4751,118800,149.0,25,0.05950791666666666,10.093796625733376,66.38741525014241,427.3928742999997
gnn_rep__N8__line__seed6,gnn_qmix,coord_grid,6,4752,118825,139.0,25,0.059310000000000085,14.346064933708735,83.10570035661969,427.4888691999986
gnn_rep__N8__line__seed6,gnn_qmix,coord_grid,6,4753,118850,141.0,25,0.0591120833333334,13.465085625648499,53.00234190622965,427.5644147000021
gnn_rep__N8__line__seed6,gnn_qmix,coord_grid,6,4754,118875,143.0,25,0.05891416666666671,10.140932271877924,58.75409189860026,427.6539954
gnn_rep__N8__line__seed6,gnn_qmix,coord_grid,6,4755,118900,149.0,25,0.058716250000000136,24.769615014394123,102.3728977839152,427.73751529999936
gnn_rep__N8__line__seed6,gnn_qmix,coord_grid,6,4756,118925,121.0,25,0.05851833333333334,13.185433234487261,98.23345947265625,427.8234792000003
gnn_rep__N8__line__seed6,gnn_qmix,coord_grid,6,4757,118950,142.0,25,0.05832041666666665,11.827880516648293,79.92815399169922,427.87056360000133
gnn_rep__N8__line__seed6,gnn_qmix,coord_grid,6,4758,118975,151.0,25,0.058122499999999966,10.312518825133642,74.87341944376628,427.9716354000011
gnn_rep__N8__line__seed6,gnn_qmix,coord_grid,6,4759,119000,134.0,25,0.05792458333333339,11.842058082421621,54.6477959950765,428.0579307000007
gnn_rep__N8__line__seed6,gnn_qmix,coord_grid,6,4760,119025,127.0,25,0.057726666666666704,14.203208369868142,86.19178172520229,428.14689720000024
gnn_rep__N8__line__seed6,gnn_qmix,coord_grid,6,4761,119050,143.0,25,0.05752875000000002,8.647914951046308,76.98188002904256,428.2193259000014
gnn_rep__N8__line__seed6,gnn_qmix,coord_grid,6,4762,119075,143.0,25,0.05733083333333344,5.48194242020448,74.7761116027832,428.3032948
gnn_rep__N8__line__seed6,gnn_qmix,coord_grid,6,4763,119100,136.0,25,0.057132916666666755,10.089458619554838,68.69989776611328,428.36909079999896
gnn_rep__N8__line__seed6,gnn_qmix,coord_grid,6,4764,119125,143.0,25,0.05693500000000007,7.399525088923318,46.686956541878835,428.44621950000146
gnn_rep__N8__line__seed6,gnn_qmix,coord_grid,6,4765,119150,146.0,25,0.05673708333333338,11.792150715986887,78.98273817698161,428.54989470000146
gnn_rep__N8__line__seed6,gnn_qmix,coord_grid,6,4766,119175,135.0,25,0.056539166666666696,15.083446502685547,71.60747083028157,428.6610389999987
gnn_rep__N8__line__seed6,gnn_qmix,coord_grid,6,4767,119200,152.0,25,0.05634125000000001,19.666873455047607,65.26731300354004,428.7511044000021
gnn_rep__N8__line__seed6,gnn_qmix,coord_grid,6,4768,119225,154.0,25,0.05614333333333332,14.384806326457433,86.44891193934849,428.8324795000008
gnn_rep__N8__line__seed6,gnn_qmix,coord_grid,6,4769,119250,149.0,25,0.05594541666666675,10.190122703711191,52.19526036580404,428.92887410000185
gnn_rep__N8__line__seed6,gnn_qmix,coord_grid,6,4770,119275,140.0,25,0.05574750000000006,18.320861846208572,92.73815536499023,429.0216752000015
gnn_rep__N8__line__seed6,gnn_qmix,coord_grid,6,4771,119300,137.0,25,0.055549583333333374,13.431299050649008,89.58088556925456,429.12575819999984
gnn_rep__N8__line__seed6,gnn_qmix,coord_grid,6,4772,119325,147.0,25,0.0553516666666668,18.424856884138926,71.32710266113281,429.18825070000094
gnn_rep__N8__line__seed6,gnn_qmix,coord_grid,6,4773,119350,144.0,25,0.05515375,19.94515335559845,133.8372402191162,429.25826660000166
gnn_rep__N8__line__seed6,gnn_qmix,coord_grid,6,4774,119375,138.0,25,0.054955833333333315,11.8595752120018,99.06459744771321,429.34196240000165
gnn_rep__N8__line__seed6,gnn_qmix,coord_grid,6,4775,119400,135.0,25,0.05475791666666663,13.362867812315622,80.68554433186848,429.4452084000004
gnn_rep__N8__line__seed6,gnn_qmix,coord_grid,6,4776,119425,139.0,25,0.05456000000000005,23.7245363507952,179.4086412702288,429.55803939999896
gnn_rep__N8__line__seed6,gnn_qmix,coord_grid,6,4777,119450,155.0,25,0.054362083333333366,16.081833978494007,207.65164438883463,429.6287497000012
gnn_rep__N8__line__seed6,gnn_qmix,coord_grid,6,4778,119475,131.0,25,0.05416416666666668,12.033195341626802,140.94501813252768,429.69555390000096
gnn_rep__N8__line__seed6,gnn_qmix,coord_grid,6,4779,119500,152.0,25,0.053966250000000104,15.16160703698794,108.23452377319336,429.81937219999963
gnn_rep__N8__line__seed6,gnn_qmix,coord_grid,6,4780,119525,144.0,25,0.05376833333333342,14.288349321910314,42.89344705854143,429.9027301999995
gnn_rep__N8__line__seed6,gnn_qmix,coord_grid,6,4781,119550,149.0,25,0.05357041666666673,10.330853963891665,39.10915946960449,430.01552209999863
gnn_rep__N8__line__seed6,gnn_qmix,coord_grid,6,4782,119575,151.0,25,0.053372500000000045,7.124602581063907,49.0782143274943,430.0837511999998
gnn_rep__N8__line__seed6,gnn_qmix,coord_grid,6,4783,119600,138.0,25,0.05317458333333336,10.344021995862326,50.823604583740234,430.1894878000021
gnn_rep__N8__line__seed6,gnn_qmix,coord_grid,6,4784,119625,147.0,25,0.05297666666666667,17.22013553551265,97.06431116376605,430.26422119999916
gnn_rep__N8__line__seed6,gnn_qmix,coord_grid,6,4785,119650,147.0,25,0.052778749999999985,3.9479857037464776,92.3407974243164,430.339119799999
gnn_rep__N8__line__seed6,gnn_qmix,coord_grid,6,4786,119675,137.0,25,0.05258083333333341,5.4433537175258,108.27723979949951,430.45902529999876
gnn_rep__N8__line__seed6,gnn_qmix,coord_grid,6,4787,119700,150.0,25,0.05238291666666672,12.023928801218668,114.39622433980306,430.60386890000154
gnn_rep__N8__line__seed6,gnn_qmix,coord_grid,6,4788,119725,149.0,25,0.05218500000000004,9.05827819449561,116.57432528904506,430.6644419000004
gnn_rep__N8__line__seed6,gnn_qmix,coord_grid,6,4789,119750,161.0,25,0.05198708333333346,13.595639377832413,43.33205922444662,430.7532629000016
gnn_rep__N8__line__seed6,gnn_qmix,coord_grid,6,4790,119775,147.0,25,0.051789166666666775,8.667234738667807,104.20094045003255,430.8465980000001
gnn_rep__N8__line__seed6,gnn_qmix,coord_grid,6,4791,119800,157.0,25,0.05159124999999998,8.719934105873108,61.87044461568197,430.9578929999989
gnn_rep__N8__line__seed6,gnn_qmix,coord_grid,6,4792,119825,149.0,25,0.05139333333333329,11.5529271875109,74.53647177559989,431.0439535000005
gnn_rep__N8__line__seed6,gnn_qmix,coord_grid,6,4793,119850,138.0,25,0.051195416666666715,16.597133954366047,42.5681536992391,431.13105970000106
gnn_rep__N8__line__seed6,gnn_qmix,coord_grid,6,4794,119875,146.0,25,0.05099750000000003,8.482819527387619,50.73762591679891,431.2246363000013
gnn_rep__N8__line__seed6,gnn_qmix,coord_grid,6,4795,119900,149.0,25,0.05079958333333334,13.474271049102148,59.14044443766276,431.33830410000155
gnn_rep__N8__line__seed6,gnn_qmix,coord_grid,6,4796,119925,147.0,25,0.05060166666666677,18.594192504882812,59.77669497898647,431.4131641999993
gnn_rep__N8__line__seed6,gnn_qmix,coord_grid,6,4797,119950,140.0,25,0.05040375000000008,10.199699719746908,53.389381885528564,431.4813499000011
gnn_rep__N8__line__seed6,gnn_qmix,coord_grid,6,4798,119975,157.0,25,0.050205833333333394,6.949876348177592,44.429916063944496,431.59272950000013
gnn_rep__N8__line__seed6,gnn_qmix,coord_grid,6,4799,120000,146.0,25,0.05000791666666671,11.918800860643387,63.619624296824135,431.687189100001
gnn_rep__N8__line__seed6,gnn_qmix,coord_grid,6,4800,120025,158.0,25,0.050000000000000044,8.912547171115875,75.78946699414935,431.8068839000007
gnn_rep__N8__line__seed6,gnn_qmix,coord_grid,6,4801,120050,129.0,25,0.050000000000000044,16.65809404850006,62.37665589650472,431.9060325999999
gnn_rep__N8__line__seed6,gnn_qmix,coord_grid,6,4802,120075,135.0,25,0.050000000000000044,16.75419505437215,118.36093807220459,432.0376533000017
gnn_rep__N8__line__seed6,gnn_qmix,coord_grid,6,4803,120100,149.0,25,0.050000000000000044,8.883378684520721,146.4483184814453,432.0922825999987
gnn_rep__N8__line__seed6,gnn_qmix,coord_grid,6,4804,120125,156.0,25,0.050000000000000044,13.081557137625557,130.6613987513951,432.19916659999944
gnn_rep__N8__line__seed6,gnn_qmix,coord_grid,6,4805,120150,148.0,25,0.050000000000000044,18.13541737695535,41.11145051320394,432.28617609999856
gnn_rep__N8__line__seed6,gnn_qmix,coord_grid,6,4806,120175,150.0,25,0.050000000000000044,7.061129525303841,54.470845222473145,432.37032290000207
gnn_rep__N8__line__seed6,gnn_qmix,coord_grid,6,4807,120200,136.0,25,0.050000000000000044,16.560482035080593,70.70384947458903,432.4369731000006
gnn_rep__N8__line__seed6,gnn_qmix,coord_grid,6,4808,120225,151.0,25,0.050000000000000044,14.27212563582829,208.9696818760463,432.5393093999992
gnn_rep__N8__line__seed6,gnn_qmix,coord_grid,6,4809,120250,132.0,25,0.050000000000000044,12.754737555980682,228.17552693684897,432.60761830000047
gnn_rep__N8__line__seed6,gnn_qmix,coord_grid,6,4810,120275,141.0,25,0.050000000000000044,15.528050263722738,147.9399846394857,432.7165547000004
gnn_rep__N8__line__seed6,gnn_qmix,coord_grid,6,4811,120300,140.0,25,0.050000000000000044,15.271311521530151,87.49666976928711,432.79707620000045
gnn_rep__N8__line__seed6,gnn_qmix,coord_grid,6,4812,120325,153.0,25,0.050000000000000044,13.089813709259033,45.83644689832415,432.85477000000174
gnn_rep__N8__line__seed6,gnn_qmix,coord_grid,6,4813,120350,134.0,25,0.050000000000000044,16.758408014973003,85.05503908793132,432.9355538000018
gnn_rep__N8__line__seed6,gnn_qmix,coord_grid,6,4814,120375,143.0,25,0.050000000000000044,7.104308644930522,91.28740628560384,432.9956850999988
gnn_rep__N8__line__seed6,gnn_qmix,coord_grid,6,4815,120400,139.0,25,0.050000000000000044,14.991488645474115,86.38112004597981,433.0501872999994
gnn_rep__N8__line__seed6,gnn_qmix,coord_grid,6,4816,120425,150.0,25,0.050000000000000044,10.476436368056707,126.00458090645927,433.12945519999994
gnn_rep__N8__line__seed6,gnn_qmix,coord_grid,6,4817,120450,142.0,25,0.050000000000000044,13.64698221286138,139.241455078125,433.2035677999993
gnn_rep__N8__line__seed6,gnn_qmix,coord_grid,6,4818,120475,145.0,25,0.050000000000000044,13.661110083262125,85.95332145690918,433.2582887999997
gnn_rep__N8__line__seed6,gnn_qmix,coord_grid,6,4819,120500,148.0,25,0.050000000000000044,13.524508814016977,81.59842109680176,433.36730660000103
gnn_rep__N8__line__seed6,gnn_qmix,coord_grid,6,4820,120525,138.0,25,0.050000000000000044,14.554499898638044,78.74133110046387,433.45972370000163
gnn_rep__N8__line__seed6,gnn_qmix,coord_grid,6,4821,120550,132.0,25,0.050000000000000044,20.34747250874837,82.33407338460286,433.5630713999999
gnn_rep__N8__line__seed6,gnn_qmix,coord_grid,6,4822,120575,138.0,25,0.050000000000000044,11.894882301489512,55.96068477630615,433.6453494999987
gnn_rep__N8__line__seed6,gnn_qmix,coord_grid,6,4823,120600,133.0,25,0.050000000000000044,13.60856635371844,27.43282985687256,433.71965550000095
gnn_rep__N8__line__seed6,gnn_qmix,coord_grid,6,4824,120625,141.0,25,0.050000000000000044,14.50754392998559,65.88649259294782,433.7837112999987
gnn_rep__N8__line__seed6,gnn_qmix,coord_grid,6,4825,120650,150.0,25,0.050000000000000044,16.93292874097824,86.2358627319336,433.86625020000065
gnn_rep__N8__line__seed6,gnn_qmix,coord_grid,6,4826,120675,146.0,25,0.050000000000000044,17.070982098579407,125.09471607208252,433.93389340000067
gnn_rep__N8__line__seed6,gnn_qmix,coord_grid,6,4827,120700,158.0,25,0.050000000000000044,13.648691624403,85.96847025553386,434.0361483000015
gnn_rep__N8__line__seed6,gnn_qmix,coord_grid,6,4828,120725,157.0,25,0.050000000000000044,15.997129576546806,96.16377667018345,434.1187472999991
gnn_rep__N8__line__seed6,gnn_qmix,coord_grid,6,4829,120750,151.0,25,0.050000000000000044,8.623812998334566,29.018383344014484,434.1908586999998
gnn_rep__N8__line__seed6,gnn_qmix,coord_grid,6,4830,120775,152.0,25,0.050000000000000044,11.90554016828537,82.71979713439941,434.2748262999994
gnn_rep__N8__line__seed6,gnn_qmix,coord_grid,6,4831,120800,155.0,25,0.050000000000000044,16.862032835682232,62.27622095743815,434.38835019999897
gnn_rep__N8__line__seed6,gnn_qmix,coord_grid,6,4832,120825,149.0,25,0.050000000000000044,11.842304459639958,90.41203117370605,434.5082638999993
gnn_rep__N8__line__seed6,gnn_qmix,coord_grid,6,4833,120850,133.0,25,0.050000000000000044,13.618504921595255,62.16563351949056,434.5937875999989
gnn_rep__N8__line__seed6,gnn_qmix,coord_grid,6,4834,120875,151.0,25,0.050000000000000044,10.41451165576776,69.23543135325114,434.6574698000004
gnn_rep__N8__line__seed6,gnn_qmix,coord_grid,6,4835,120900,144.0,25,0.050000000000000044,11.930932695666948,126.21116065979004,434.7304731000004
gnn_rep__N8__line__seed6,gnn_qmix,coord_grid,6,4836,120925,144.0,25,0.050000000000000044,7.670502752065659,122.98357364109584,434.839818299999
gnn_rep__N8__line__seed6,gnn_qmix,coord_grid,6,4837,120950,148.0,25,0.050000000000000044,10.391189306974411,92.98977279663086,434.945208000001
gnn_rep__N8__line__seed6,gnn_qmix,coord_grid,6,4838,120975,147.0,25,0.050000000000000044,11.888318250576654,60.23703193664551,435.0208906000007
gnn_rep__N8__line__seed6,gnn_qmix,coord_grid,6,4839,121000,147.0,25,0.050000000000000044,18.559503257274628,83.09403292338054,435.0908589999999
gnn_rep__N8__line__seed6,gnn_qmix,coord_grid,6,4840,121025,151.0,25,0.050000000000000044,10.272746086120605,209.8844931466239,435.2057219999988
gnn_rep__N8__line__seed6,gnn_qmix,coord_grid,6,4841,121050,145.0,25,0.050000000000000044,17.93561790386836,221.05732091267905,435.28539829999863
gnn_rep__N8__line__seed6,gnn_qmix,coord_grid,6,4842,121075,150.0,25,0.050000000000000044,14.467814346154531,172.08505821228027,435.33274209999945
gnn_rep__N8__line__seed6,gnn_qmix,coord_grid,6,4843,121100,157.0,25,0.050000000000000044,7.525067329406738,187.68081665039062,435.4245269000021
gnn_rep__N8__line__seed6,gnn_qmix,coord_grid,6,4844,121125,156.0,25,0.050000000000000044,20.478874155453273,106.20615659441266,435.5487831999999
gnn_rep__N8__line__seed6,gnn_qmix,coord_grid,6,4845,121150,152.0,25,0.050000000000000044,8.859346176187197,70.23579247792561,435.62454960000105
gnn_rep__N8__line__seed6,gnn_qmix,coord_grid,6,4846,121175,137.0,25,0.050000000000000044,18.722494820753735,67.61607217788696,435.7125426999992
gnn_rep__N8__line__seed6,gnn_qmix,coord_grid,6,4847,121200,136.0,25,0.050000000000000044,18.78754774729411,55.55754375457764,435.8034923000014
gnn_rep__N8__line__seed6,gnn_qmix,coord_grid,6,4848,121225,154.0,25,0.050000000000000044,6.206339452947889,50.40301023210798,435.88074300000153
gnn_rep__N8__line__seed6,gnn_qmix,coord_grid,6,4849,121250,140.0,25,0.050000000000000044,7.040265470743179,46.68556626637777,435.9703064999994
gnn_rep__N8__line__seed6,gnn_qmix,coord_grid,6,4850,121275,156.0,25,0.050000000000000044,18.650260378917057,28.836815357208252,436.0350150000013
gnn_rep__N8__line__seed6,gnn_qmix,coord_grid,6,4851,121300,134.0,25,0.050000000000000044,13.750140008827051,59.7294716835022,436.12474640000073
gnn_rep__N8__line__seed6,gnn_qmix,coord_grid,6,4852,121325,135.0,25,0.050000000000000044,9.170401066541672,112.3100060054234,436.2032646000007
gnn_rep__N8__line__seed6,gnn_qmix,coord_grid,6,4853,121350,147.0,25,0.050000000000000044,8.724516724546751,67.4920654296875,436.27789770000163
gnn_rep__N8__line__seed6,gnn_qmix,coord_grid,6,4854,121375,152.0,25,0.050000000000000044,10.596867134173712,120.84861501057942,436.431021700002
gnn_rep__N8__line__seed6,gnn_qmix,coord_grid,6,4855,121400,141.0,25,0.050000000000000044,7.28855683406194,100.82327270507812,436.5290427
gnn_rep__N8__line__seed6,gnn_qmix,coord_grid,6,4856,121425,145.0,25,0.050000000000000044,10.728220122201103,142.6042981828962,436.6710654999988
gnn_rep__N8__line__seed6,gnn_qmix,coord_grid,6,4857,121450,145.0,25,0.050000000000000044,12.26781682173411,138.23416900634766,436.7484316000009
gnn_rep__N8__line__seed6,gnn_qmix,coord_grid,6,4858,121475,140.0,25,0.050000000000000044,13.704657688736916,46.57394568125407,436.85464460000003
gnn_rep__N8__line__seed6,gnn_qmix,coord_grid,6,4859,121500,147.0,25,0.050000000000000044,13.712922990322113,41.094215075174965,436.9541179000007
gnn_rep__N8__line__seed6,gnn_qmix,coord_grid,6,4860,121525,153.0,25,0.050000000000000044,11.700030539716993,31.25644098009382,437.011183300001
gnn_rep__N8__line__seed6,gnn_qmix,coord_grid,6,4861,121550,152.0,25,0.050000000000000044,10.397405157486597,35.1238743464152,437.1100135000015
gnn_rep__N8__line__seed6,gnn_qmix,coord_grid,6,4862,121575,155.0,25,0.050000000000000044,17.067428683241207,123.2295913696289,437.1964990999986
gnn_rep__N8__line__seed6,gnn_qmix,coord_grid,6,4863,121600,156.0,25,0.050000000000000044,20.801448394854862,125.43331321080525,437.30663099999947
gnn_rep__N8__line__seed6,gnn_qmix,coord_grid,6,4864,121625,146.0,25,0.050000000000000044,9.190829353673118,110.38494219098773,437.3949345000001
gnn_rep__N8__line__seed6,gnn_qmix,coord_grid,6,4865,121650,145.0,25,0.050000000000000044,17.133741627136867,52.43623685836792,437.47320000000036
gnn_rep__N8__line__seed6,gnn_qmix,coord_grid,6,4866,121675,144.0,25,0.050000000000000044,8.945618013540903,92.07884788513184,437.59529929999917
gnn_rep__N8__line__seed6,gnn_qmix,coord_grid,6,4867,121700,152.0,25,0.050000000000000044,12.007042417923609,54.336710929870605,437.64116379999905
gnn_rep__N8__line__seed6,gnn_qmix,coord_grid,6,4868,121725,150.0,25,0.050000000000000044,14.627175339630671,64.85717173985073,437.7661885999987
gnn_rep__N8__line__seed6,gnn_qmix,coord_grid,6,4869,121750,142.0,25,0.050000000000000044,13.775080045064291,42.787917613983154,437.82791740000175
gnn_rep__N8__line__seed6,gnn_qmix,coord_grid,6,4870,121775,148.0,25,0.050000000000000044,20.491663893063862,84.17729504903157,438.0160864999998
gnn_rep__N8__line__seed6,gnn_qmix,coord_grid,6,4871,121800,150.0,25,0.050000000000000044,12.14402319987615,121.87526512145996,438.0854279999985
gnn_rep__N8__line__seed6,gnn_qmix,coord_grid,6,4872,121825,144.0,25,0.050000000000000044,8.728768118790217,190.86427525111608,438.2057480000003
gnn_rep__N8__line__seed6,gnn_qmix,coord_grid,6,4873,121850,147.0,25,0.050000000000000044,9.976092239220938,251.52435811360678,438.3271972000002
gnn_rep__N8__line__seed6,gnn_qmix,coord_grid,6,4874,121875,149.0,25,0.050000000000000044,17.597457667191822,162.40030161539713,438.3917575000014
gnn_rep__N8__line__seed6,gnn_qmix,coord_grid,6,4875,121900,137.0,25,0.050000000000000044,12.263331512610117,73.1668717066447,438.55442590000166
gnn_rep__N8__line__seed6,gnn_qmix,coord_grid,6,4876,121925,148.0,25,0.050000000000000044,16.05763796397618,51.25528471810477,438.60246339999867
gnn_rep__N8__line__seed6,gnn_qmix,coord_grid,6,4877,121950,138.0,25,0.050000000000000044,7.094821537534396,61.94839223225912,438.6835370000008
gnn_rep__N8__line__seed6,gnn_qmix,coord_grid,6,4878,121975,133.0,25,0.050000000000000044,17.292750199635822,46.66287771860758,438.8357481999992
gnn_rep__N8__line__seed6,gnn_qmix,coord_grid,6,4879,122000,139.0,25,0.050000000000000044,15.533682987093925,68.76114972432454,438.9529767999993
gnn_rep__N8__line__seed6,gnn_qmix,coord_grid,6,4880,122025,151.0,25,0.050000000000000044,11.916757958275932,60.77867126464844,439.028119300001
gnn_rep__N8__line__seed6,gnn_qmix,coord_grid,6,4881,122050,143.0,25,0.050000000000000044,17.069740548729897,48.81475098927816,439.1309527000012
gnn_rep__N8__line__seed6,gnn_qmix,coord_grid,6,4882,122075,145.0,25,0.050000000000000044,10.677572707335154,67.14716529846191,439.2034996000002
gnn_rep__N8__line__seed6,gnn_qmix,coord_grid,6,4883,122100,147.0,25,0.050000000000000044,8.888948003451029,57.115651766459145,439.2868449000016
gnn_rep__N8__line__seed6,gnn_qmix,coord_grid,6,4884,122125,151.0,25,0.050000000000000044,13.555643788405828,104.7812636239188,439.4103419000021
gnn_rep__N8__line__seed6,gnn_qmix,coord_grid,6,4885,122150,147.0,25,0.050000000000000044,15.662535528341929,126.79971885681152,439.5665387000008
gnn_rep__N8__line__seed6,gnn_qmix,coord_grid,6,4886,122175,143.0,25,0.050000000000000044,7.351594929893811,112.83097457885742,439.6374144000001
gnn_rep__N8__line__seed6,gnn_qmix,coord_grid,6,4887,122200,141.0,25,0.050000000000000044,3.8280583024024963,44.92404015858968,439.71667620000153
gnn_rep__N8__line__seed6,gnn_qmix,coord_grid,6,4888,122225,154.0,25,0.050000000000000044,19.00626802444458,76.32051767621722,439.8540528000012
gnn_rep__N8__line__seed6,gnn_qmix,coord_grid,6,4889,122250,143.0,25,0.050000000000000044,18.993541727463406,122.01590983072917,439.9214976000003
gnn_rep__N8__line__seed6,gnn_qmix,coord_grid,6,4890,122275,144.0,25,0.050000000000000044,10.634360154469809,129.14797369639078,440.02545060000193
gnn_rep__N8__line__seed6,gnn_qmix,coord_grid,6,4891,122300,142.0,25,0.050000000000000044,8.958635171254477,103.91352844238281,440.1117755999985
gnn_rep__N8__line__seed6,gnn_qmix,coord_grid,6,4892,122325,138.0,25,0.050000000000000044,15.035284502165657,128.40361186436243,440.24737520000053
gnn_rep__N8__line__seed6,gnn_qmix,coord_grid,6,4893,122350,151.0,25,0.050000000000000044,8.864580949147543,94.32780901590984,440.3381268000012
gnn_rep__N8__line__seed6,gnn_qmix,coord_grid,6,4894,122375,147.0,25,0.050000000000000044,13.829529772202173,78.15977652867635,440.4991693000011
gnn_rep__N8__line__seed6,gnn_qmix,coord_grid,6,4895,122400,144.0,25,0.050000000000000044,10.60748042166233,72.33058420817058,440.5791964000018
gnn_rep__N8__line__seed6,gnn_qmix,coord_grid,6,4896,122425,136.0,25,0.050000000000000044,11.970971690756935,82.26488222394671,440.68629919999876
gnn_rep__N8__line__seed6,gnn_qmix,coord_grid,6,4897,122450,146.0,25,0.050000000000000044,7.105298231045405,87.74960899353027,440.7599033000006
gnn_rep__N8__line__seed6,gnn_qmix,coord_grid,6,4898,122475,140.0,25,0.050000000000000044,10.537799825270971,84.03986167907715,440.85645400000067
gnn_rep__N8__line__seed6,gnn_qmix,coord_grid,6,4899,122500,144.0,25,0.050000000000000044,20.528205931186676,68.97396675745647,440.9268774000011
gnn_rep__N8__line__seed6,gnn_qmix,coord_grid,6,4900,122525,140.0,25,0.050000000000000044,10.433505407401494,56.08136585780552,441.0077875999996
gnn_rep__N8__line__seed6,gnn_qmix,coord_grid,6,4901,122550,144.0,25,0.050000000000000044,15.58019437889258,59.724974950154625,441.14338000000134
gnn_rep__N8__line__seed6,gnn_qmix,coord_grid,6,4902,122575,149.0,25,0.050000000000000044,10.5830930074056,66.315047899882,441.23109900000054
gnn_rep__N8__line__seed6,gnn_qmix,coord_grid,6,4903,122600,136.0,25,0.050000000000000044,7.430676470200221,139.09045346577963,441.34617849999995
gnn_rep__N8__line__seed6,gnn_qmix,coord_grid,6,4904,122625,145.0,25,0.050000000000000044,14.250238350459508,241.08098493303572,441.43024330000117
gnn_rep__N8__line__seed6,gnn_qmix,coord_grid,6,4905,122650,143.0,25,0.050000000000000044,9.750208288431168,213.10942713419595,441.50198680000176
gnn_rep__N8__line__seed6,gnn_qmix,coord_grid,6,4906,122675,142.0,25,0.050000000000000044,16.26516358057658,173.89701334635416,441.60973039999953
gnn_rep__N8__line__seed6,gnn_qmix,coord_grid,6,4907,122700,154.0,25,0.050000000000000044,12.582775592803955,146.1009553273519,441.69042830000035
gnn_rep__N8__line__seed6,gnn_qmix,coord_grid,6,4908,122725,146.0,25,0.050000000000000044,10.973883390426636,153.9593048095703,441.76446059999944
gnn_rep__N8__line__seed6,gnn_qmix,coord_grid,6,4909,122750,151.0,25,0.050000000000000044,10.68822124103705,48.680237452189125,441.83514880000075
gnn_rep__N8__line__seed6,gnn_qmix,coord_grid,6,4910,122775,140.0,25,0.050000000000000044,17.30882676442464,39.095205307006836,442.01270060000024
gnn_rep__N8__line__seed6,gnn_qmix,coord_grid,6,4911,122800,135.0,25,0.050000000000000044,10.779446125030518,69.2068468729655,442.11864250000144
gnn_rep__N8__line__seed6,gnn_qmix,coord_grid,6,4912,122825,149.0,25,0.050000000000000044,14.802280515432358,48.836809158325195,442.24456360000113
gnn_rep__N8__line__seed6,gnn_qmix,coord_grid,6,4913,122850,147.0,25,0.050000000000000044,12.377409597237905,49.90708796183268,442.3509563000007
gnn_rep__N8__line__seed6,gnn_qmix,coord_grid,6,4914,122875,135.0,25,0.050000000000000044,22.574472109476726,127.7966874440511,442.4593894999998
gnn_rep__N8__line__seed6,gnn_qmix,coord_grid,6,4915,122900,151.0,25,0.050000000000000044,12.460185796022415,109.94789377848308,442.5628579000004
gnn_rep__N8__line__seed6,gnn_qmix,coord_grid,6,4916,122925,136.0,25,0.050000000000000044,13.365740537643433,51.37427275521414,442.641367799999
gnn_rep__N8__line__seed6,gnn_qmix,coord_grid,6,4917,122950,154.0,25,0.050000000000000044,12.292716175317764,33.17942841847738,442.72040410000045
gnn_rep__N8__line__seed6,gnn_qmix,coord_grid,6,4918,122975,137.0,25,0.050000000000000044,13.911649912595749,45.25138187408447,442.82649870000023
gnn_rep__N8__line__seed6,gnn_qmix,coord_grid,6,4919,123000,144.0,25,0.050000000000000044,14.098883961637815,86.0661252339681,442.99812139999995
gnn_rep__N8__line__seed6,gnn_qmix,coord_grid,6,4920,123025,143.0,25,0.050000000000000044,19.503160067967006,150.26715196881975,443.1211509999994
gnn_rep__N8__line__seed6,gnn_qmix,coord_grid,6,4921,123050,155.0,25,0.050000000000000044,9.277016868193945,122.3293940226237,443.2053037000005
gnn_rep__N8__line__seed6,gnn_qmix,coord_grid,6,4922,123075,134.0,25,0.050000000000000044,15.762403468290964,45.209367752075195,443.30958979999923
gnn_rep__N8__line__seed6,gnn_qmix,coord_grid,6,4923,123100,139.0,25,0.050000000000000044,8.800440308948358,45.76391919453939,443.40685510000185
gnn_rep__N8__line__seed6,gnn_qmix,coord_grid,6,4924,123125,149.0,25,0.050000000000000044,9.235869582210269,75.00700351170131,443.49314980000054
gnn_rep__N8__line__seed6,gnn_qmix,coord_grid,6,4925,123150,138.0,25,0.050000000000000044,10.689866552750269,66.07869180043538,443.58165240000017
gnn_rep__N8__line__seed6,gnn_qmix,coord_grid,6,4926,123175,114.0,25,0.050000000000000044,12.25760269165039,70.41810544331868,443.6846183999987
gnn_rep__N8__line__seed6,gnn_qmix,coord_grid,6,4927,123200,105.0,25,0.050000000000000044,15.849594493707022,103.65651067097981,443.78124740000203
gnn_rep__N8__line__seed6,gnn_qmix,coord_grid,6,4928,123225,140.0,25,0.050000000000000044,15.096904111760002,87.11636025565011,443.85076280000067
gnn_rep__N8__line__seed6,gnn_qmix,coord_grid,6,4929,123250,142.0,25,0.050000000000000044,14.09081799785296,117.6649564107259,443.9501242000006
gnn_rep__N8__line__seed6,gnn_qmix,coord_grid,6,4930,123275,149.0,25,0.050000000000000044,25.926902294158936,118.36096254984538,444.0078394000011
gnn_rep__N8__line__seed6,gnn_qmix,coord_grid,6,4931,123300,143.0,25,0.050000000000000044,12.484501083691915,117.36495526631673,444.11920029999965
gnn_rep__N8__line__seed6,gnn_qmix,coord_grid,6,4932,123325,147.0,25,0.050000000000000044,13.610351034573146,95.34925515311105,444.19132100000206
gnn_rep__N8__line__seed6,gnn_qmix,coord_grid,6,4933,123350,135.0,25,0.050000000000000044,8.931105931599935,52.129168351491295,444.2819954000006
gnn_rep__N8__line__seed6,gnn_qmix,coord_grid,6,4934,123375,115.0,25,0.050000000000000044,12.422473415732384,65.52327378590901,444.43394759999865
gnn_rep__N8__line__seed6,gnn_qmix,coord_grid,6,4935,123400,151.0,25,0.050000000000000044,14.14903861284256,60.350118001302086,444.5450928999999
gnn_rep__N8__line__seed6,gnn_qmix,coord_grid,6,4936,123425,133.0,25,0.050000000000000044,17.779163599014282,200.199711390904,444.6772931000014
gnn_rep__N8__line__seed6,gnn_qmix,coord_grid,6,4937,123450,156.0,25,0.050000000000000044,20.27211105823517,216.50409698486328,444.7569633000021
gnn_rep__N8__line__seed6,gnn_qmix,coord_grid,6,4938,123475,138.0,25,0.050000000000000044,16.21100389957428,133.47569052378336,444.8747058000008
gnn_rep__N8__line__seed6,gnn_qmix,coord_grid,6,4939,123500,150.0,25,0.050000000000000044,12.553976784149805,96.10235754648845,444.9351576000008
gnn_rep__N8__line__seed6,gnn_qmix,coord_grid,6,4940,123525,159.0,25,0.050000000000000044,12.40892459665026,151.66532816205705,445.03204449999976
gnn_rep__N8__line__seed6,gnn_qmix,coord_grid,6,4941,123550,153.0,25,0.050000000000000044,9.356439461310705,141.34426752726236,445.0997712999997
gnn_rep__N8__line__seed6,gnn_qmix,coord_grid,6,4942,123575,120.0,25,0.050000000000000044,19.423432782292366,81.7460781733195,445.2096027000007
gnn_rep__N8__line__seed6,gnn_qmix,coord_grid,6,4943,123600,145.0,25,0.050000000000000044,14.333816687266031,98.13258425394694,445.27738580000005
gnn_rep__N8__line__seed6,gnn_qmix,coord_grid,6,4944,123625,151.0,25,0.050000000000000044,7.8276029995509555,62.80713544573103,445.3545892000002
gnn_rep__N8__line__seed6,gnn_qmix,coord_grid,6,4945,123650,138.0,25,0.050000000000000044,7.339182148377101,46.088239669799805,445.4381246000012
gnn_rep__N8__line__seed6,gnn_qmix,coord_grid,6,4946,123675,149.0,25,0.050000000000000044,19.359312852223713,92.04769070943196,445.5188135999997
gnn_rep__N8__line__seed6,gnn_qmix,coord_grid,6,4947,123700,145.0,25,0.050000000000000044,12.500243251522383,102.65329424540202,445.58216940000057
gnn_rep__N8__line__seed6,gnn_qmix,coord_grid,6,4948,123725,146.0,25,0.050000000000000044,15.097506548677172,61.13317394256592,445.6515894000004
gnn_rep__N8__line__seed6,gnn_qmix,coord_grid,6,4949,123750,142.0,25,0.050000000000000044,9.14723069469134,83.47379843393962,445.7304784000007
gnn_rep__N8__line__seed6,gnn_qmix,coord_grid,6,4950,123775,139.0,25,0.050000000000000044,10.66441199183464,60.86697196960449,445.82682679999925
gnn_rep__N8__line__seed6,gnn_qmix,coord_grid,6,4951,123800,153.0,25,0.050000000000000044,10.798577378193537,41.4117636680603,445.92787920000046
gnn_rep__N8__line__seed6,gnn_qmix,coord_grid,6,4952,123825,137.0,25,0.050000000000000044,15.222888478210994,120.42393766130719,445.9925562999997
gnn_rep__N8__line__seed6,gnn_qmix,coord_grid,6,4953,123850,153.0,25,0.050000000000000044,14.293189078569412,96.80294847488403,446.10129270000107
gnn_rep__N8__line__seed6,gnn_qmix,coord_grid,6,4954,123875,152.0,25,0.050000000000000044,12.419150104125341,66.66097942988078,446.15708280000035
gnn_rep__N8__line__seed6,gnn_qmix,coord_grid,6,4955,123900,143.0,25,0.050000000000000044,9.116617128252983,43.909011681874595,446.314231700002
gnn_rep__N8__line__seed6,gnn_qmix,coord_grid,6,4956,123925,161.0,25,0.050000000000000044,18.24542542866298,47.96462631225586,446.4052520000005
gnn_rep__N8__line__seed6,gnn_qmix,coord_grid,6,4957,123950,147.0,25,0.050000000000000044,9.247579475243887,113.64430809020996,446.4553908000016
gnn_rep__N8__line__seed6,gnn_qmix,coord_grid,6,4958,123975,152.0,25,0.050000000000000044,22.97829818725586,95.3247439066569,446.54061619999993
gnn_rep__N8__line__seed6,gnn_qmix,coord_grid,6,4959,124000,143.0,25,0.050000000000000044,15.891624500354132,106.89871215820312,446.6513985999991
gnn_rep__N8__line__seed6,gnn_qmix,coord_grid,6,4960,124025,141.0,25,0.050000000000000044,15.280344826834542,117.74292864118304,446.77184230000057
gnn_rep__N8__line__seed6,gnn_qmix,coord_grid,6,4961,124050,151.0,25,0.050000000000000044,5.806442866722743,155.99974568684897,446.9340645000011
gnn_rep__N8__line__seed6,gnn_qmix,coord_grid,6,4962,124075,151.0,25,0.050000000000000044,7.31429748237133,84.56537596384685,447.03639420000036
gnn_rep__N8__line__seed6,gnn_qmix,coord_grid,6,4963,124100,151.0,25,0.050000000000000044,9.099420299132666,34.08626206715902,447.1181346000012
gnn_rep__N8__line__seed6,gnn_qmix,coord_grid,6,4964,124125,153.0,25,0.050000000000000044,13.775667569467,71.68406513759068,447.23395230000096
gnn_rep__N8__line__seed6,gnn_qmix,coord_grid,6,4965,124150,144.0,25,0.050000000000000044,9.027178843816122,48.55462487538656,447.35311720000027
gnn_rep__N8__line__seed6,gnn_qmix,coord_grid,6,4966,124175,157.0,25,0.050000000000000044,17.550600936015446,44.0130033493042,447.4281555000016
gnn_rep__N8__line__seed6,gnn_qmix,coord_grid,6,4967,124200,148.0,25,0.050000000000000044,16.01120951771736,70.65474065144856,447.5622208999994
gnn_rep__N8__line__seed6,gnn_qmix,coord_grid,6,4968,124225,148.0,25,0.050000000000000044,17.201529962675913,228.4778870173863,447.6388358000004
gnn_rep__N8__line__seed6,gnn_qmix,coord_grid,6,4969,124250,152.0,25,0.050000000000000044,19.69787851969401,138.88783391316733,447.69734830000016
gnn_rep__N8__line__seed6,gnn_qmix,coord_grid,6,4970,124275,149.0,25,0.050000000000000044,11.218235418200493,162.63787841796875,447.77902579999864
gnn_rep__N8__line__seed6,gnn_qmix,coord_grid,6,4971,124300,150.0,25,0.050000000000000044,16.499920050303142,173.36942434310913,447.8427846000013
gnn_rep__N8__line__seed6,gnn_qmix,coord_grid,6,4972,124325,156.0,25,0.050000000000000044,12.51424423285893,115.92232731410435,447.9192600999995
gnn_rep__N8__line__seed6,gnn_qmix,coord_grid,6,4973,124350,150.0,25,0.050000000000000044,14.415558512012163,114.38557688395183,448.0178135999995
gnn_rep__N8__line__seed6,gnn_qmix,coord_grid,6,4974,124375,139.0,25,0.050000000000000044,12.557032187779745,63.04229482014974,448.11434400000144
gnn_rep__N8__line__seed6,gnn_qmix,coord_grid,6,4975,124400,149.0,25,0.050000000000000044,16.127898486951988,169.1859334309896,448.2678850000011
gnn_rep__N8__line__seed6,gnn_qmix,coord_grid,6,4976,124425,133.0,25,0.050000000000000044,13.934146668229785,124.95182146344867,448.3927876000016
gnn_rep__N8__line__seed6,gnn_qmix,coord_grid,6,4977,124450,152.0,25,0.050000000000000044,16.036123941342037,89.61733690897624,448.4863894000009
gnn_rep__N8__line__seed6,gnn_qmix,coord_grid,6,4978,124475,150.0,25,0.050000000000000044,11.013062362869581,107.84722979863484,448.57097630000135
gnn_rep__N8__line__seed6,gnn_qmix,coord_grid,6,4979,124500,147.0,25,0.050000000000000044,14.597969462474188,144.3495103518168,448.65334540000185
gnn_rep__N8__line__seed6,gnn_qmix,coord_grid,6,4980,124525,138.0,25,0.050000000000000044,14.08628613608224,154.35358210972376,448.7539002000012
gnn_rep__N8__line__seed6,gnn_qmix,coord_grid,6,4981,124550,159.0,25,0.050000000000000044,14.579685727755228,162.7247838973999,448.80573189999996
gnn_rep__N8__line__seed6,gnn_qmix,coord_grid,6,4982,124575,147.0,25,0.050000000000000044,14.815889338652292,174.05331484476724,448.90248599999904
gnn_rep__N8__line__seed6,gnn_qmix,coord_grid,6,4983,124600,144.0,25,0.050000000000000044,16.068819373846054,74.25354290008545,448.9613242999985
gnn_rep__N8__line__seed6,gnn_qmix,coord_grid,6,4984,124625,134.0,25,0.050000000000000044,25.898674964904785,125.46875844682965,449.06095339999956
gnn_rep__N8__line__seed6,gnn_qmix,coord_grid,6,4985,124650,142.0,25,0.050000000000000044,11.110396265983582,118.50605901082356,449.18073930000173
gnn_rep__N8__line__seed6,gnn_qmix,coord_grid,6,4986,124675,145.0,25,0.050000000000000044,5.716986695925395,74.77499198913574,449.25597180000113
gnn_rep__N8__line__seed6,gnn_qmix,coord_grid,6,4987,124700,155.0,25,0.050000000000000044,16.08062771956126,100.40332285563152,449.38370620000205
gnn_rep__N8__line__seed6,gnn_qmix,coord_grid,6,4988,124725,145.0,25,0.050000000000000044,18.3092622756958,119.53950228009906,449.4335930999987
gnn_rep__N8__line__seed6,gnn_qmix,coord_grid,6,4989,124750,142.0,25,0.050000000000000044,21.34265780945619,137.37407048543295,449.52633680000145
gnn_rep__N8__line__seed6,gnn_qmix,coord_grid,6,4990,124775,146.0,25,0.050000000000000044,19.42370907465617,65.65162595113118,449.59641249999913
gnn_rep__N8__line__seed6,gnn_qmix,coord_grid,6,4991,124800,154.0,25,0.050000000000000044,17.765511577328045,50.34915351867676,449.67263979999916
gnn_rep__N8__line__seed6,gnn_qmix,coord_grid,6,4992,124825,147.0,25,0.050000000000000044,18.20783179146903,58.86804716927664,449.7890832000012
gnn_rep__N8__line__seed6,gnn_qmix,coord_grid,6,4993,124850,142.0,25,0.050000000000000044,14.431396588683128,101.7688471476237,449.86742460000096
gnn_rep__N8__line__seed6,gnn_qmix,coord_grid,6,4994,124875,156.0,25,0.050000000000000044,14.297219778100649,62.975595474243164,449.9446824000006
gnn_rep__N8__line__seed6,gnn_qmix,coord_grid,6,4995,124900,141.0,25,0.050000000000000044,22.83641356229782,39.15693600972494,450.06477040000027
gnn_rep__N8__line__seed6,gnn_qmix,coord_grid,6,4996,124925,132.0,25,0.050000000000000044,16.946414402553014,53.885250091552734,450.14686169999914
gnn_rep__N8__line__seed6,gnn_qmix,coord_grid,6,4997,124950,138.0,25,0.050000000000000044,10.913803319136301,47.776415506998696,450.2395252999995
gnn_rep__N8__line__seed6,gnn_qmix,coord_grid,6,4998,124975,155.0,25,0.050000000000000044,14.462106307347616,43.55373191833496,450.37967560000106
gnn_rep__N8__line__seed6,gnn_qmix,coord_grid,6,4999,125000,153.0,25,0.050000000000000044,17.861797491709392,113.36498959859212,450.471464000002
gnn_rep__N8__line__seed6,gnn_qmix,coord_grid,6,5000,125025,143.0,25,0.050000000000000044,20.92937135696411,198.83164651053292,450.55296850000013
gnn_rep__N8__line__seed6,gnn_qmix,coord_grid,6,5001,125050,143.0,25,0.050000000000000044,14.876299182573954,192.21579615275064,450.70118770000045
gnn_rep__N8__line__seed6,gnn_qmix,coord_grid,6,5002,125075,141.0,25,0.050000000000000044,4.529433598121007,202.44196955362955,450.8422869999995
gnn_rep__N8__line__seed6,gnn_qmix,coord_grid,6,5003,125100,146.0,25,0.050000000000000044,11.058710396289825,132.91042709350586,450.93646889999945
gnn_rep__N8__line__seed6,gnn_qmix,coord_grid,6,5004,125125,159.0,25,0.050000000000000044,14.13708443726812,123.45522199358258,451.0228833000001
gnn_rep__N8__line__seed6,gnn_qmix,coord_grid,6,5005,125150,148.0,25,0.050000000000000044,19.758450826009113,112.15717633565266,451.1165026000017
gnn_rep__N8__line__seed6,gnn_qmix,coord_grid,6,5006,125175,149.0,25,0.050000000000000044,9.280392825603485,35.61232582728068,451.19805819999965
gnn_rep__N8__line__seed6,gnn_qmix,coord_grid,6,5007,125200,151.0,25,0.050000000000000044,21.459997942050297,76.25355656941731,451.2930809999998
gnn_rep__N8__line__seed6,gnn_qmix,coord_grid,6,5008,125225,152.0,25,0.050000000000000044,15.766620772225517,109.62294033595494,451.3968477999988
gnn_rep__N8__line__seed6,gnn_qmix,coord_grid,6,5009,125250,139.0,25,0.050000000000000044,16.208084985613823,62.12450885772705,451.5235279000008
gnn_rep__N8__line__seed6,gnn_qmix,coord_grid,6,5010,125275,151.0,25,0.050000000000000044,17.91220937172572,54.548871994018555,451.6290291000005
gnn_rep__N8__line__seed6,gnn_qmix,coord_grid,6,5011,125300,158.0,25,0.050000000000000044,14.457137539982796,65.47977828979492,451.73669119999977
gnn_rep__N8__line__seed6,gnn_qmix,coord_grid,6,5012,125325,139.0,25,0.050000000000000044,18.433620772191457,55.156961985996794,451.785974800001
gnn_rep__N8__line__seed6,gnn_qmix,coord_grid,6,5013,125350,150.0,25,0.050000000000000044,19.940930048624676,148.16575876871744,451.8530797000021
gnn_rep__N8__line__seed6,gnn_qmix,coord_grid,6,5014,125375,150.0,25,0.050000000000000044,6.035082230965297,162.63178634643555,451.9492917999996
gnn_rep__N8__line__seed6,gnn_qmix,coord_grid,6,5015,125400,154.0,25,0.050000000000000044,18.067726532618206,125.18968836466472,452.09132020000106
gnn_rep__N8__line__seed6,gnn_qmix,coord_grid,6,5016,125425,149.0,25,0.050000000000000044,8.07372767158917,130.35332870483398,452.1517324999986
gnn_rep__N8__line__seed6,gnn_qmix,coord_grid,6,5017,125450,146.0,25,0.050000000000000044,14.65020955602328,115.17299906412761,452.2815941000008
gnn_rep__N8__line__seed6,gnn_qmix,coord_grid,6,5018,125475,148.0,25,0.050000000000000044,9.16156897197167,100.0514923731486,452.418233299999
gnn_rep__N8__line__seed6,gnn_qmix,coord_grid,6,5019,125500,145.0,25,0.050000000000000044,18.043951243162155,96.73850313822429,452.4641076000007
gnn_rep__N8__line__seed6,gnn_qmix,coord_grid,6,5020,125525,159.0,25,0.050000000000000044,10.969531787293297,98.50757598876953,452.5385215999995
gnn_rep__N8__line__seed6,gnn_qmix,coord_grid,6,5021,125550,148.0,25,0.050000000000000044,10.960783873995146,83.57793299357097,452.64528540000174
gnn_rep__N8__line__seed6,gnn_qmix,coord_grid,6,5022,125575,146.0,25,0.050000000000000044,23.197045495112736,46.660226821899414,452.7321789000016
gnn_rep__N8__line__seed6,gnn_qmix,coord_grid,6,5023,125600,153.0,25,0.050000000000000044,18.03409041961034,84.91347249348958,452.83521960000144
gnn_rep__N8__line__seed6,gnn_qmix,coord_grid,6,5024,125625,157.0,25,0.050000000000000044,9.599992228405815,108.70231410435268,452.897381499999
gnn_rep__N8__line__seed6,gnn_qmix,coord_grid,6,5025,125650,145.0,25,0.050000000000000044,19.745054592688877,49.10727055867513,453.00873449999926
gnn_rep__N8__line__seed6,gnn_qmix,coord_grid,6,5026,125675,126.0,25,0.050000000000000044,19.712261110544205,44.28850221633911,453.0730169000017
gnn_rep__N8__line__seed6,gnn_qmix,coord_grid,6,5027,125700,150.0,25,0.050000000000000044,11.012723912795385,80.5625057220459,453.21637159999955
gnn_rep__N8__line__seed6,gnn_qmix,coord_grid,6,5028,125725,148.0,25,0.050000000000000044,15.667349244867053,102.62236104692731,453.29608120000194
gnn_rep__N8__line__seed6,gnn_qmix,coord_grid,6,5029,125750,147.0,25,0.050000000000000044,16.267234961191814,56.98716640472412,453.42156180000165
gnn_rep__N8__line__seed6,gnn_qmix,coord_grid,6,5030,125775,150.0,25,0.050000000000000044,5.736902490258217,38.93000602722168,453.5269619999999
gnn_rep__N8__line__seed6,gnn_qmix,coord_grid,6,5031,125800,150.0,25,0.050000000000000044,9.20279989639918,133.9938087463379,453.59198689999903
gnn_rep__N8__line__seed6,gnn_qmix,coord_grid,6,5032,125825,145.0,25,0.050000000000000044,8.049542580332075,220.60516629900252,453.66538840000067
gnn_rep__N8__line__seed6,gnn_qmix,coord_grid,6,5033,125850,152.0,25,0.050000000000000044,13.471356352170309,211.80728403727213,453.75775839999915
gnn_rep__N8__line__seed6,gnn_qmix,coord_grid,6,5034,125875,144.0,25,0.050000000000000044,21.84695903460185,89.44795417785645,453.8309659000006
gnn_rep__N8__line__seed6,gnn_qmix,coord_grid,6,5035,125900,147.0,25,0.050000000000000044,19.951751952370007,92.94964694976807,453.9244402000004
gnn_rep__N8__line__seed6,gnn_qmix,coord_grid,6,5036,125925,144.0,25,0.050000000000000044,10.96859399335725,51.840074811662944,454.02207590000035
gnn_rep__N8__line__seed6,gnn_qmix,coord_grid,6,5037,125950,141.0,25,0.050000000000000044,11.190860733389854,73.11105887095134,454.1219052000015
gnn_rep__N8__line__seed6,gnn_qmix,coord_grid,6,5038,125975,149.0,25,0.050000000000000044,14.63705587387085,30.797200520833332,454.1724772000016
gnn_rep__N8__line__seed6,gnn_qmix,coord_grid,6,5039,126000,138.0,25,0.050000000000000044,7.596058681607246,55.75610097249349,454.31408809999994
gnn_rep__N8__line__seed6,gnn_qmix,coord_grid,6,5040,126025,140.0,25,0.050000000000000044,23.099338940211705,71.54210267748151,454.409546400002
gnn_rep__N8__line__seed6,gnn_qmix,coord_grid,6,5041,126050,142.0,25,0.050000000000000044,14.647889286279678,41.42603476842245,454.50862119999874
gnn_rep__N8__line__seed6,gnn_qmix,coord_grid,6,5042,126075,142.0,25,0.050000000000000044,7.517128894726436,64.01892979939778,454.5948955999993
gnn_rep__N8__line__seed6,gnn_qmix,coord_grid,6,5043,126100,151.0,25,0.050000000000000044,19.822362959384918,77.71053886413574,454.6917957000005
gnn_rep__N8__line__seed6,gnn_qmix,coord_grid,6,5044,126125,137.0,25,0.050000000000000044,11.164530392204012,116.8343094417027,454.7611880000004
gnn_rep__N8__line__seed6,gnn_qmix,coord_grid,6,5045,126150,144.0,25,0.050000000000000044,11.059397901097933,75.29831250508626,454.834603700001
gnn_rep__N8__line__seed6,gnn_qmix,coord_grid,6,5046,126175,150.0,25,0.050000000000000044,12.788849125305811,59.89157485961914,454.90169980000064
gnn_rep__N8__line__seed6,gnn_qmix,coord_grid,6,5047,126200,137.0,25,0.050000000000000044,21.88818331559499,62.61452388763428,454.97234279999975
gnn_rep__N8__line__seed6,gnn_qmix,coord_grid,6,5048,126225,143.0,25,0.050000000000000044,17.400010828460967,69.43956484113421,455.02379629999996
gnn_rep__N8__line__seed6,gnn_qmix,coord_grid,6,5049,126250,139.0,25,0.050000000000000044,16.653409957885742,75.33168347676595,455.11384180000096
gnn_rep__N8__line__seed6,gnn_qmix,coord_grid,6,5050,126275,146.0,25,0.050000000000000044,12.809497127930323,39.43073336283366,455.1944623999989
gnn_rep__N8__line__seed6,gnn_qmix,coord_grid,6,5051,126300,149.0,25,0.050000000000000044,14.731796046098074,66.92874972025554,455.3260517000017
gnn_rep__N8__line__seed6,gnn_qmix,coord_grid,6,5052,126325,145.0,25,0.050000000000000044,15.739870973995753,90.39280319213867,455.3886725000011
gnn_rep__N8__line__seed6,gnn_qmix,coord_grid,6,5053,126350,140.0,25,0.050000000000000044,7.5777940054734545,73.11533006032307,455.4606411999994
gnn_rep__N8__line__seed6,gnn_qmix,coord_grid,6,5054,126375,150.0,25,0.050000000000000044,13.010295887788137,90.06893316904704,455.60668409999926
gnn_rep__N8__line__seed6,gnn_qmix,coord_grid,6,5055,126400,148.0,25,0.050000000000000044,7.622149924437205,57.19972356160482,455.69939610000074
gnn_rep__N8__line__seed6,gnn_qmix,coord_grid,6,5056,126425,140.0,25,0.050000000000000044,12.751951115471977,56.02759824480329,455.8302939999994
gnn_rep__N8__line__seed6,gnn_qmix,coord_grid,6,5057,126450,129.0,25,0.050000000000000044,9.264478166898092,69.88905652364095,455.8911399999997
gnn_rep__N8__line__seed6,gnn_qmix,coord_grid,6,5058,126475,143.0,25,0.050000000000000044,12.898864164948463,72.13127136230469,455.95583070000066
gnn_rep__N8__line__seed6,gnn_qmix,coord_grid,6,5059,126500,134.0,25,0.050000000000000044,7.626148561636607,86.03210926055908,456.05233619999854
gnn_rep__N8__line__seed6,gnn_qmix,coord_grid,6,5060,126525,140.0,25,0.050000000000000044,18.697902973209107,65.21982329232353,456.1601588000012
gnn_rep__N8__line__seed6,gnn_qmix,coord_grid,6,5061,126550,140.0,25,0.050000000000000044,5.717395469546318,95.80207920074463,456.2654537999988
gnn_rep__N8__line__seed6,gnn_qmix,coord_grid,6,5062,126575,137.0,25,0.050000000000000044,12.862287198503813,95.30360794067383,456.3484998999993
gnn_rep__N8__line__seed6,gnn_qmix,coord_grid,6,5063,126600,151.0,25,0.050000000000000044,7.637927929560344,99.70831600824992,456.4503270999994
gnn_rep__N8__line__seed6,gnn_qmix,coord_grid,6,5064,126625,147.0,25,0.050000000000000044,19.939642540046147,218.3780517578125,456.5276335999988
gnn_rep__N8__line__seed6,gnn_qmix,coord_grid,6,5065,126650,142.0,25,0.050000000000000044,24.291731516520183,187.27415466308594,456.646921800002
gnn_rep__N8__line__seed6,gnn_qmix,coord_grid,6,5066,126675,145.0,25,0.050000000000000044,31.44232447942098,191.41434478759766,456.7150666999987
gnn_rep__N8__line__seed6,gnn_qmix,coord_grid,6,5067,126700,154.0,25,0.050000000000000044,6.272881815830867,198.1243715286255,456.789603600002
gnn_rep__N8__line__seed6,gnn_qmix,coord_grid,6,5068,126725,157.0,25,0.050000000000000044,11.265601460422788,118.06012071881976,456.84219529999973
gnn_rep__N8__line__seed6,gnn_qmix,coord_grid,6,5069,126750,146.0,25,0.050000000000000044,16.622487554947536,66.6985969543457,456.93896160000077
gnn_rep__N8__line__seed6,gnn_qmix,coord_grid,6,5070,126775,141.0,25,0.050000000000000044,5.86558776597182,33.634884198506676,457.00017220000154
gnn_rep__N8__line__seed6,gnn_qmix,coord_grid,6,5071,126800,140.0,25,0.050000000000000044,18.4842046101888,51.87198352813721,457.0699590000004
gnn_rep__N8__line__seed6,gnn_qmix,coord_grid,6,5072,126825,152.0,25,0.050000000000000044,15.82790311745235,46.32821873256138,457.1999777000019
gnn_rep__N8__line__seed6,gnn_qmix,coord_grid,6,5073,126850,136.0,25,0.050000000000000044,14.858869165182114,96.19127655029297,457.33015570000134
gnn_rep__N8__line__seed6,gnn_qmix,coord_grid,6,5074,126875,154.0,25,0.050000000000000044,20.20233415563901,104.56434122721355,457.3890386999992
gnn_rep__N8__line__seed6,gnn_qmix,coord_grid,6,5075,126900,151.0,25,0.050000000000000044,25.68523708979289,60.248544692993164,457.4822168999999
gnn_rep__N8__line__seed6,gnn_qmix,coord_grid,6,5076,126925,142.0,25,0.050000000000000044,25.18521855558668,74.95562199183873,457.5849836999987
gnn_rep__N8__line__seed6,gnn_qmix,coord_grid,6,5077,126950,147.0,25,0.050000000000000044,14.718163087964058,60.779698053995766,457.6956226000002
gnn_rep__N8__line__seed6,gnn_qmix,coord_grid,6,5078,126975,137.0,25,0.050000000000000044,11.351002186536789,80.48921298980713,457.7705323000009
gnn_rep__N8__line__seed6,gnn_qmix,coord_grid,6,5079,127000,145.0,25,0.050000000000000044,18.414784347017605,58.95024172465006,457.8524526000001
gnn_rep__N8__line__seed6,gnn_qmix,coord_grid,6,5080,127025,144.0,25,0.050000000000000044,17.494023323059082,79.52013260977608,457.9102915000003
gnn_rep__N8__line__seed6,gnn_qmix,coord_grid,6,5081,127050,144.0,25,0.050000000000000044,13.10321287314097,125.16857846577962,457.9910357000008
gnn_rep__N8__line__seed6,gnn_qmix,coord_grid,6,5082,127075,130.0,25,0.050000000000000044,16.450260321299236,97.8548132578532,458.0968145000006
gnn_rep__N8__line__seed6,gnn_qmix,coord_grid,6,5083,127100,155.0,25,0.050000000000000044,14.975392738978067,130.85060501098633,458.1618516999988
gnn_rep__N8__line__seed6,gnn_qmix,coord_grid,6,5084,127125,153.0,25,0.050000000000000044,8.300882488489151,150.26462990897042,458.26457650000157
gnn_rep__N8__line__seed6,gnn_qmix,coord_grid,6,5085,127150,148.0,25,0.050000000000000044,16.71066028873126,134.4293359120687,458.36589430000095
gnn_rep__N8__line__seed6,gnn_qmix,coord_grid,6,5086,127175,151.0,25,0.050000000000000044,11.632744868596395,159.90088399251303,458.45168639999974
gnn_rep__N8__line__seed6,gnn_qmix,coord_grid,6,5087,127200,141.0,25,0.050000000000000044,11.43225527803103,102.66753514607747,458.52285800000027
gnn_rep__N8__line__seed6,gnn_qmix,coord_grid,6,5088,127225,151.0,25,0.050000000000000044,18.957134629998887,119.41263893672398,458.5996735000008
gnn_rep__N8__line__seed6,gnn_qmix,coord_grid,6,5089,127250,151.0,25,0.050000000000000044,11.305277975896994,56.796036084493004,458.67598870000074
gnn_rep__N8__line__seed6,gnn_qmix,coord_grid,6,5090,127275,146.0,25,0.050000000000000044,12.914900263150534,40.892033418019615,458.7808236000019
gnn_rep__N8__line__seed6,gnn_qmix,coord_grid,6,5091,127300,138.0,25,0.050000000000000044,22.165568217635155,63.447696685791016,458.8540271999991
gnn_rep__N8__line__seed6,gnn_qmix,coord_grid,6,5092,127325,138.0,25,0.050000000000000044,8.16732412150928,41.85336971282959,458.9563820000003
gnn_rep__N8__line__seed6,gnn_qmix,coord_grid,6,5093,127350,143.0,25,0.050000000000000044,11.136435180902481,100.27158037821452,459.03336299999864
gnn_rep__N8__line__seed6,gnn_qmix,coord_grid,6,5094,127375,134.0,25,0.050000000000000044,16.65920282403628,119.96879577636719,459.11753619999945
gnn_rep__N8__line__seed6,gnn_qmix,coord_grid,6,5095,127400,144.0,25,0.050000000000000044,9.571715489029884,65.97003173828125,459.1925885000019
gnn_rep__N8__line__seed6,gnn_qmix,coord_grid,6,5096,127425,154.0,25,0.050000000000000044,18.988495009286062,218.74537222726005,459.30262460000085
gnn_rep__N8__line__seed6,gnn_qmix,coord_grid,6,5097,127450,150.0,25,0.050000000000000044,19.74243215719859,271.23545328776044,459.39774260000195
gnn_rep__N8__line__seed6,gnn_qmix,coord_grid,6,5098,127475,140.0,25,0.050000000000000044,15.355484793583551,183.95206832885742,459.4833856000005
gnn_rep__N8__line__seed6,gnn_qmix,coord_grid,6,5099,127500,131.0,25,0.050000000000000044,17.169099469979603,178.67008908589682,459.5586747999987
gnn_rep__N8__line__seed6,gnn_qmix,coord_grid,6,5100,127525,156.0,25,0.050000000000000044,20.89070851462228,132.50370461600167,459.61612869999954
gnn_rep__N8__line__seed6,gnn_qmix,coord_grid,6,5101,127550,139.0,25,0.050000000000000044,7.828137795130412,51.99324576059977,459.7293099999988
gnn_rep__N8__line__seed6,gnn_qmix,coord_grid,6,5102,127575,151.0,25,0.050000000000000044,22.1954578657945,53.07108767827352,459.7774806000016
gnn_rep__N8__line__seed6,gnn_qmix,coord_grid,6,5103,127600,139.0,25,0.050000000000000044,16.83123116691907,84.86168416341145,459.8472952000011
gnn_rep__N8__line__seed6,gnn_qmix,coord_grid,6,5104,127625,137.0,25,0.050000000000000044,5.307270101138523,63.05306734357561,459.95088260000193
gnn_rep__N8__line__seed6,gnn_qmix,coord_grid,6,5105,127650,127.0,25,0.050000000000000044,9.656988044579824,70.90115356445312,460.0207646000017
gnn_rep__N8__line__seed6,gnn_qmix,coord_grid,6,5106,127675,143.0,25,0.050000000000000044,11.283918927113215,45.36556657155355,460.13282080000135
gnn_rep__N8__line__seed6,gnn_qmix,coord_grid,6,5107,127700,139.0,25,0.050000000000000044,9.526020521918932,72.61454645792644,460.1964560000015
gnn_rep__N8__line__seed6,gnn_qmix,coord_grid,6,5108,127725,136.0,25,0.050000000000000044,9.662668687956673,83.30828639439174,460.2798186
gnn_rep__N8__line__seed6,gnn_qmix,coord_grid,6,5109,127750,141.0,25,0.050000000000000044,16.768825153509777,50.930627504984535,460.35595309999917
gnn_rep__N8__line__seed6,gnn_qmix,coord_grid,6,5110,127775,143.0,25,0.050000000000000044,9.605927104751268,34.33710241317749,460.43992979999894
gnn_rep__N8__line__seed6,gnn_qmix,coord_grid,6,5111,127800,153.0,25,0.050000000000000044,16.82994642853737,67.0180295308431,460.506949300001
gnn_rep__N8__line__seed6,gnn_qmix,coord_grid,6,5112,127825,150.0,25,0.050000000000000044,11.351108959742955,68.51641110011509,460.60713250000117
gnn_rep__N8__line__seed6,gnn_qmix,coord_grid,6,5113,127850,145.0,25,0.050000000000000044,9.647612517078718,124.26715914408366,460.6969597999996
gnn_rep__N8__line__seed6,gnn_qmix,coord_grid,6,5114,127875,145.0,25,0.050000000000000044,17.028732756773632,138.98570823669434,460.8040414999996
gnn_rep__N8__line__seed6,gnn_qmix,coord_grid,6,5115,127900,142.0,25,0.050000000000000044,13.337213039398193,173.2351951599121,460.9104903000007
gnn_rep__N8__line__seed6,gnn_qmix,coord_grid,6,5116,127925,142.0,25,0.050000000000000044,12.913688174315862,128.47621590750558,461.0453951999989
gnn_rep__N8__line__seed6,gnn_qmix,coord_grid,6,5117,127950,146.0,25,0.050000000000000044,11.420325577259064,123.98432858784993,461.15555479999966
gnn_rep__N8__line__seed6,gnn_qmix,coord_grid,6,5118,127975,138.0,25,0.050000000000000044,13.428907384475073,112.75216261545818,461.2044182999998
gnn_rep__N8__line__seed6,gnn_qmix,coord_grid,6,5119,128000,140.0,25,0.050000000000000044,11.396533042192459,75.3788571357727,461.28048860000126
gnn_rep__N8__line__seed6,gnn_qmix,coord_grid,6,5120,128025,133.0,25,0.050000000000000044,17.601585102932795,89.25160489763532,461.40100019999954
gnn_rep__N8__line__seed6,gnn_qmix,coord_grid,6,5121,128050,142.0,25,0.050000000000000044,16.947114656368893,117.84926557540894,461.5146444999991
gnn_rep__N8__line__seed6,gnn_qmix,coord_grid,6,5122,128075,151.0,25,0.050000000000000044,16.801464567581814,76.5314842859904,461.5709578999995
gnn_rep__N8__line__seed6,gnn_qmix,coord_grid,6,5123,128100,135.0,25,0.050000000000000044,13.12854759891828,71.95596536000569,461.62213930000144
gnn_rep__N8__line__seed6,gnn_qmix,coord_grid,6,5124,128125,137.0,25,0.050000000000000044,11.37413385936192,47.905606269836426,461.826673800002
gnn_rep__N8__line__seed6,gnn_qmix,coord_grid,6,5125,128150,144.0,25,0.050000000000000044,14.896837125221888,62.317721366882324,461.91051140000127
gnn_rep__N8__line__seed6,gnn_qmix,coord_grid,6,5126,128175,132.0,25,0.050000000000000044,5.858424623807271,78.30300362904866,461.9732470000017
gnn_rep__N8__line__seed6,gnn_qmix,coord_grid,6,5127,128200,143.0,25,0.050000000000000044,11.3085910876592,76.63727728525798,462.05841599999985
gnn_rep__N8__line__seed6,gnn_qmix,coord_grid,6,5128,128225,165.0,25,0.050000000000000044,15.596094403948102,218.9740093776158,462.11607920000097
gnn_rep__N8__line__seed6,gnn_qmix,coord_grid,6,5129,128250,150.0,25,0.050000000000000044,11.869648238023123,176.74922879536948,462.1809710999987
gnn_rep__N8__line__seed6,gnn_qmix,coord_grid,6,5130,128275,144.0,25,0.050000000000000044,16.8972110748291,127.4959290822347,462.2396188999992
gnn_rep__N8__line__seed6,gnn_qmix,coord_grid,6,5131,128300,136.0,25,0.050000000000000044,22.736615935961407,151.8483098347982,462.30494389999876
gnn_rep__N8__line__seed6,gnn_qmix,coord_grid,6,5132,128325,168.0,25,0.050000000000000044,9.877221311841692,97.35906873430524,462.3985560000001
gnn_rep__N8__line__seed6,gnn_qmix,coord_grid,6,5133,128350,152.0,25,0.050000000000000044,9.640725140770277,43.26931699117025,462.465854500002
gnn_rep__N8__line__seed6,gnn_qmix,coord_grid,6,5134,128375,154.0,25,0.050000000000000044,15.090298463900885,72.902587890625,462.51993869999933
gnn_rep__N8__line__seed6,gnn_qmix,coord_grid,6,5135,128400,150.0,25,0.050000000000000044,18.678811704119045,69.94580205281575,462.6079639000018
gnn_rep__N8__line__seed6,gnn_qmix,coord_grid,6,5136,128425,150.0,25,0.050000000000000044,17.74913433619908,76.33247920445034,462.69695109999884
gnn_rep__N8__line__seed6,gnn_qmix,coord_grid,6,5137,128450,148.0,25,0.050000000000000044,9.55841739475727,38.48071797688802,462.7968905000016
gnn_rep__N8__line__seed6,gnn_qmix,coord_grid,6,5138,128475,145.0,25,0.050000000000000044,20.570179720719654,59.28422196706136,462.91433719999986
gnn_rep__N8__line__seed6,gnn_qmix,coord_grid,6,5139,128500,157.0,25,0.050000000000000044,17.043654710054398,94.26146062215169,463.00142920000144
gnn_rep__N8__line__seed6,gnn_qmix,coord_grid,6,5140,128525,149.0,25,0.050000000000000044,22.507882152284896,58.26689638410296,463.1255248000016
gnn_rep__N8__line__seed6,gnn_qmix,coord_grid,6,5141,128550,146.0,25,0.050000000000000044,13.26107000807921,106.4965222676595,463.23215450000134
gnn_rep__N8__line__seed6,gnn_qmix,coord_grid,6,5142,128575,144.0,25,0.050000000000000044,18.745406672358513,39.727748235066734,463.3202119000016
gnn_rep__N8__line__seed6,gnn_qmix,coord_grid,6,5143,128600,147.0,25,0.050000000000000044,16.98358376820882,126.41323216756184,463.3803860000007
gnn_rep__N8__line__seed6,gnn_qmix,coord_grid,6,5144,128625,144.0,25,0.050000000000000044,22.688631193978445,163.98353031703405,463.46691830000054
gnn_rep__N8__line__seed6,gnn_qmix,coord_grid,6,5145,128650,153.0,25,0.050000000000000044,20.916061118245125,206.89846165974936,463.5651969999999
gnn_rep__N8__line__seed6,gnn_qmix,coord_grid,6,5146,128675,156.0,25,0.050000000000000044,8.05761614938577,173.5146573384603,463.6395936000008
gnn_rep__N8__line__seed6,gnn_qmix,coord_grid,6,5147,128700,154.0,25,0.050000000000000044,11.64734335243702,122.87694342931111,463.6984440999986
gnn_rep__N8__line__seed6,gnn_qmix,coord_grid,6,5148,128725,154.0,25,0.050000000000000044,16.156776326043264,98.19752502441406,463.81759410000086
gnn_rep__N8__line__seed6,gnn_qmix,coord_grid,6,5149,128750,143.0,25,0.050000000000000044,24.401544600725174,79.48718579610188,463.8873467000012
gnn_rep__N8__line__seed6,gnn_qmix,coord_grid,6,5150,128775,158.0,25,0.050000000000000044,11.442234963178635,100.03595479329427,463.9874826999985
gnn_rep__N8__line__seed6,gnn_qmix,coord_grid,6,5151,128800,145.0,25,0.050000000000000044,9.756798843542734,114.93616040547688,464.074967200002
gnn_rep__N8__line__seed6,gnn_qmix,coord_grid,6,5152,128825,150.0,25,0.050000000000000044,10.261159935167857,165.23448399135046,464.2049901999999
gnn_rep__N8__line__seed6,gnn_qmix,coord_grid,6,5153,128850,149.0,25,0.050000000000000044,17.469192733367283,197.0356814066569,464.28723810000156
gnn_rep__N8__line__seed6,gnn_qmix,coord_grid,6,5154,128875,146.0,25,0.050000000000000044,15.266908834377924,137.45577494303384,464.42700980000154
gnn_rep__N8__line__seed6,gnn_qmix,coord_grid,6,5155,128900,148.0,25,0.050000000000000044,7.815666417280833,79.48761749267578,464.5145384999996
gnn_rep__N8__line__seed6,gnn_qmix,coord_grid,6,5156,128925,142.0,25,0.050000000000000044,14.687404832669667,79.42799104963031,464.5654800000011
gnn_rep__N8__line__seed6,gnn_qmix,coord_grid,6,5157,128950,150.0,25,0.050000000000000044,11.483599454164505,82.88608105977376,464.6700058999995
gnn_rep__N8__line__seed6,gnn_qmix,coord_grid,6,5158,128975,140.0,25,0.050000000000000044,13.533719927072525,181.46351051330566,464.7877718000018
gnn_rep__N8__line__seed6,gnn_qmix,coord_grid,6,5159,129000,148.0,25,0.050000000000000044,15.234002739191055,152.8392079671224,464.9144073999996
gnn_rep__N8__line__seed6,gnn_qmix,coord_grid,6,5160,129025,159.0,25,0.050000000000000044,20.363401617322648,223.95945303780692,465.0156850000021
gnn_rep__N8__line__seed6,gnn_qmix,coord_grid,6,5161,129050,152.0,25,0.050000000000000044,19.700841804345448,223.84198125203451,465.088690200002
gnn_rep__N8__line__seed6,gnn_qmix,coord_grid,6,5162,129075,151.0,25,0.050000000000000044,10.209312205513319,204.50132497151694,465.1909129000014
gnn_rep__N8__line__seed6,gnn_qmix,coord_grid,6,5163,129100,148.0,25,0.050000000000000044,17.113156934579212,101.87108421325684,465.28100690000065
gnn_rep__N8__line__seed6,gnn_qmix,coord_grid,6,5164,129125,146.0,25,0.050000000000000044,13.059871213776725,42.51401002066476,465.3584271
gnn_rep__N8__line__seed6,gnn_qmix,coord_grid,6,5165,129150,149.0,25,0.050000000000000044,17.039336522420246,78.56258328755696,465.43088519999947
gnn_rep__N8__line__seed6,gnn_qmix,coord_grid,6,5166,129175,141.0,25,0.050000000000000044,11.561759442090988,78.05288012822469,465.51200020000033
gnn_rep__N8__line__seed6,gnn_qmix,coord_grid,6,5167,129200,145.0,25,0.050000000000000044,17.123616099357605,108.37337398529053,465.55407990000094
gnn_rep__N8__line__seed6,gnn_qmix,coord_grid,6,5168,129225,145.0,25,0.050000000000000044,16.359771600791387,67.78439685276577,465.66502910000054
gnn_rep__N8__line__seed6,gnn_qmix,coord_grid,6,5169,129250,153.0,25,0.050000000000000044,13.348945438861847,116.96196111043294,465.76417180000135
gnn_rep__N8__line__seed6,gnn_qmix,coord_grid,6,5170,129275,159.0,25,0.050000000000000044,7.944936126470566,100.31433995564778,465.8495789000008
gnn_rep__N8__line__seed6,gnn_qmix,coord_grid,6,5171,129300,158.0,25,0.050000000000000044,9.604443197449049,110.44269371032715,465.9425011000021
gnn_rep__N8__line__seed6,gnn_qmix,coord_grid,6,5172,129325,148.0,25,0.050000000000000044,13.099511963980538,48.26338768005371,466.002794
gnn_rep__N8__line__seed6,gnn_qmix,coord_grid,6,5173,129350,159.0,25,0.050000000000000044,15.176648318767548,52.1257259051005,466.06148400000166
gnn_rep__N8__line__seed6,gnn_qmix,coord_grid,6,5174,129375,142.0,25,0.050000000000000044,17.121228059132893,102.29192479451497,466.1738325000006
gnn_rep__N8__line__seed6,gnn_qmix,coord_grid,6,5175,129400,137.0,25,0.050000000000000044,13.237742096185684,91.89351415634155,466.27277369999865
gnn_rep__N8__line__seed6,gnn_qmix,coord_grid,6,5176,129425,145.0,25,0.050000000000000044,14.809380203485489,137.3552006312779,466.3242759999994
gnn_rep__N8__line__seed6,gnn_qmix,coord_grid,6,5177,129450,128.0,25,0.050000000000000044,13.322160760561625,70.1082935333252,466.4137950000004
gnn_rep__N8__line__seed6,gnn_qmix,coord_grid,6,5178,129475,157.0,25,0.050000000000000044,7.762577051917712,57.28264458974203,466.49703299999965
gnn_rep__N8__line__seed6,gnn_qmix,coord_grid,6,5179,129500,153.0,25,0.050000000000000044,9.643278504411379,58.346556981404625,466.5696487999994
gnn_rep__N8__line__seed6,gnn_qmix,coord_grid,6,5180,129525,144.0,25,0.050000000000000044,16.394425128187454,87.18409620012555,466.6551049000009
gnn_rep__N8__line__seed6,gnn_qmix,coord_grid,6,5181,129550,149.0,25,0.050000000000000044,26.26363944510619,95.51942412058513,466.7581815000012
gnn_rep__N8__line__seed6,gnn_qmix,coord_grid,6,5182,129575,145.0,25,0.050000000000000044,9.737613528966904,122.9744218190511,466.83285550000073
gnn_rep__N8__line__seed6,gnn_qmix,coord_grid,6,5183,129600,145.0,25,0.050000000000000044,22.674110000332195,51.29154125849406,466.8978672000012
gnn_rep__N8__line__seed6,gnn_qmix,coord_grid,6,5184,129625,148.0,25,0.050000000000000044,13.216937005519867,43.978303364345,466.98503640000126
gnn_rep__N8__line__seed6,gnn_qmix,coord_grid,6,5185,129650,149.0,25,0.050000000000000044,15.257384727398554,64.21850140889485,467.0476172999988
gnn_rep__N8__line__seed6,gnn_qmix,coord_grid,6,5186,129675,161.0,25,0.050000000000000044,15.202941864728928,65.58153247833252,467.1231337999998
gnn_rep__N8__line__seed6,gnn_qmix,coord_grid,6,5187,129700,146.0,25,0.050000000000000044,28.273026943206787,78.07663853963216,467.2107041999989
gnn_rep__N8__line__seed6,gnn_qmix,coord_grid,6,5188,129725,141.0,25,0.050000000000000044,18.23699849843979,173.76097433907645,467.3067381000001
gnn_rep__N8__line__seed6,gnn_qmix,coord_grid,6,5189,129750,159.0,25,0.050000000000000044,9.64349020520846,110.06579653422038,467.4139744999993
gnn_rep__N8__line__seed6,gnn_qmix,coord_grid,6,5190,129775,147.0,25,0.050000000000000044,13.329990580677986,49.100371996561684,467.5284207000004
gnn_rep__N8__line__seed6,gnn_qmix,coord_grid,6,5191,129800,148.0,25,0.050000000000000044,18.80374331275622,58.67595291137695,467.59508769999957
gnn_rep__N8__line__seed6,gnn_qmix,coord_grid,6,5192,129825,152.0,25,0.050000000000000044,16.53544053009578,242.2654538835798,467.6936201999997
gnn_rep__N8__line__seed6,gnn_qmix,coord_grid,6,5193,129850,147.0,25,0.050000000000000044,17.96241972843806,281.35689036051434,467.8107330000021
gnn_rep__N8__line__seed6,gnn_qmix,coord_grid,6,5194,129875,146.0,25,0.050000000000000044,12.003970205783844,206.63825225830078,467.9284227999997
gnn_rep__N8__line__seed6,gnn_qmix,coord_grid,6,5195,129900,152.0,25,0.050000000000000044,6.123559991518657,194.9306666056315,467.9785283000019
gnn_rep__N8__line__seed6,gnn_qmix,coord_grid,6,5196,129925,144.0,25,0.050000000000000044,14.806578738348824,58.07595443725586,468.07434999999896
gnn_rep__N8__line__seed6,gnn_qmix,coord_grid,6,5197,129950,137.0,25,0.050000000000000044,15.361352304617563,82.72913106282552,468.195717300001
gnn_rep__N8__line__seed6,gnn_qmix,coord_grid,6,5198,129975,154.0,25,0.050000000000000044,11.632856354117393,49.55387814839681,468.2630543999985
gnn_rep__N8__line__seed6,gnn_qmix,coord_grid,6,5199,130000,149.0,25,0.050000000000000044,15.32322167356809,87.31521987915039,468.3485609999989
gnn_rep__N8__line__seed6,gnn_qmix,coord_grid,6,5200,130025,142.0,25,0.050000000000000044,14.769639211041588,76.38139615740094,468.46737120000034
gnn_rep__N8__line__seed6,gnn_qmix,coord_grid,6,5201,130050,151.0,25,0.050000000000000044,9.748590682943663,61.48168087005615,468.57668059999924
gnn_rep__N8__line__seed6,gnn_qmix,coord_grid,6,5202,130075,141.0,25,0.050000000000000044,13.518190622329712,44.247296492258705,468.70661290000135
gnn_rep__N8__line__seed6,gnn_qmix,coord_grid,6,5203,130100,145.0,25,0.050000000000000044,22.839895407358807,41.5141396522522,468.78789360000155
gnn_rep__N8__line__seed6,gnn_qmix,coord_grid,6,5204,130125,148.0,25,0.050000000000000044,22.766919540507452,84.31175177437919,468.8557714999988
gnn_rep__N8__line__seed6,gnn_qmix,coord_grid,6,5205,130150,142.0,25,0.050000000000000044,19.147920618454616,109.54943386713664,468.9253333000015
gnn_rep__N8__line__seed6,gnn_qmix,coord_grid,6,5206,130175,141.0,25,0.050000000000000044,4.199512581030528,110.34052149454753,469.06989619999877
gnn_rep__N8__line__seed6,gnn_qmix,coord_grid,6,5207,130200,148.0,25,0.050000000000000044,17.188580706715584,66.57097864151001,469.1477752999999
gnn_rep__N8__line__seed6,gnn_qmix,coord_grid,6,5208,130225,156.0,25,0.050000000000000044,14.929859638214111,65.36156899588448,469.23691260000123
gnn_rep__N8__line__seed6,gnn_qmix,coord_grid,6,5209,130250,155.0,25,0.050000000000000044,15.410101900498072,98.9473762512207,469.3497868000013
gnn_rep__N8__line__seed6,gnn_qmix,coord_grid,6,5210,130275,159.0,25,0.050000000000000044,13.428104976812998,60.585621198018394,469.42270850000205
gnn_rep__N8__line__seed6,gnn_qmix,coord_grid,6,5211,130300,148.0,25,0.050000000000000044,8.044128452738127,97.42532730102539,469.4837145999991
gnn_rep__N8__line__seed6,gnn_qmix,coord_grid,6,5212,130325,145.0,25,0.050000000000000044,21.39537021092006,116.8527112688337,469.624384499999
gnn_rep__N8__line__seed6,gnn_qmix,coord_grid,6,5213,130350,148.0,25,0.050000000000000044,11.633241653442383,87.51493326822917,469.71650729999965
gnn_rep__N8__line__seed6,gnn_qmix,coord_grid,6,5214,130375,152.0,25,0.050000000000000044,5.934484933813413,90.94707616170247,469.8193175999986
gnn_rep__N8__line__seed6,gnn_qmix,coord_grid,6,5215,130400,157.0,25,0.050000000000000044,22.83120632171631,73.20516522725423,469.9228856000009
gnn_rep__N8__line__seed6,gnn_qmix,coord_grid,6,5216,130425,141.0,25,0.050000000000000044,14.905921629496984,81.19970594133649,470.00299780000205
gnn_rep__N8__line__seed6,gnn_qmix,coord_grid,6,5217,130450,138.0,25,0.050000000000000044,15.375577121973038,63.72238254547119,470.0659392999987
gnn_rep__N8__line__seed6,gnn_qmix,coord_grid,6,5218,130475,141.0,25,0.050000000000000044,20.998079672455788,62.73014704386393,470.1379197999995
gnn_rep__N8__line__seed6,gnn_qmix,coord_grid,6,5219,130500,147.0,25,0.050000000000000044,11.827759777506193,174.46856625874838,470.2139845999991
gnn_rep__N8__line__seed6,gnn_qmix,coord_grid,6,5220,130525,144.0,25,0.050000000000000044,14.903297918183464,136.29070772443498,470.34760839999944
gnn_rep__N8__line__seed6,gnn_qmix,coord_grid,6,5221,130550,142.0,25,0.050000000000000044,21.015573024749756,148.3099136352539,470.44834869999977
gnn_rep__N8__line__seed6,gnn_qmix,coord_grid,6,5222,130575,150.0,25,0.050000000000000044,15.472480292121569,184.9670623143514,470.5036299000021
gnn_rep__N8__line__seed6,gnn_qmix,coord_grid,6,5223,130600,145.0,25,0.050000000000000044,8.114719867706299,204.59002812703451,470.57303279999905
gnn_rep__N8__line__seed6,gnn_qmix,coord_grid,6,5224,130625,150.0,25,0.050000000000000044,16.0352988754,228.89050347464425,470.7213851000015
gnn_rep__N8__line__seed6,gnn_qmix,coord_grid,6,5225,130650,159.0,25,0.050000000000000044,12.748985290527344,249.84368387858072,470.815684600002
gnn_rep__N8__line__seed6,gnn_qmix,coord_grid,6,5226,130675,151.0,25,0.050000000000000044,23.346332550048828,174.44115702311197,470.88319709999996
gnn_rep__N8__line__seed6,gnn_qmix,coord_grid,6,5227,130700,149.0,25,0.050000000000000044,13.832187682390213,151.70873101552328,470.9638793000013
gnn_rep__N8__line__seed6,gnn_qmix,coord_grid,6,5228,130725,140.0,25,0.050000000000000044,11.847108887774604,155.4264211654663,471.0318765000011
gnn_rep__N8__line__seed6,gnn_qmix,coord_grid,6,5229,130750,136.0,25,0.050000000000000044,23.04300022125244,115.36068852742513,471.11565379999956
gnn_rep__N8__line__seed6,gnn_qmix,coord_grid,6,5230,130775,147.0,25,0.050000000000000044,19.19505723317464,111.29393577575684,471.2065755000003
gnn_rep__N8__line__seed6,gnn_qmix,coord_grid,6,5231,130800,136.0,25,0.050000000000000044,13.636125783125559,137.32826201121011,471.3137558000017
gnn_rep__N8__line__seed6,gnn_qmix,coord_grid,6,5232,130825,150.0,25,0.050000000000000044,18.30714421612876,148.8918947492327,471.4048806999999
gnn_rep__N8__line__seed6,gnn_qmix,coord_grid,6,5233,130850,138.0,25,0.050000000000000044,13.514065399765968,49.35105005900065,471.57985349999944
gnn_rep__N8__line__seed6,gnn_qmix,coord_grid,6,5234,130875,143.0,25,0.050000000000000044,19.31339552005132,70.00650056203206,471.6978249999993
gnn_rep__N8__line__seed6,gnn_qmix,coord_grid,6,5235,130900,143.0,25,0.050000000000000044,4.169498438636462,54.138235092163086,471.7895896000009
gnn_rep__N8__line__seed6,gnn_qmix,coord_grid,6,5236,130925,158.0,25,0.050000000000000044,18.102754277842386,75.5472183227539,471.8488447999989
gnn_rep__N8__line__seed6,gnn_qmix,coord_grid,6,5237,130950,147.0,25,0.050000000000000044,7.904114812612534,72.59259446461995,471.94930880000175
gnn_rep__N8__line__seed6,gnn_qmix,coord_grid,6,5238,130975,147.0,25,0.050000000000000044,15.335836224257946,59.19818719228109,472.03775360000145
gnn_rep__N8__line__seed6,gnn_qmix,coord_grid,6,5239,131000,141.0,25,0.050000000000000044,13.543671230475107,36.71287123362223,472.12279259999923
gnn_rep__N8__line__seed6,gnn_qmix,coord_grid,6,5240,131025,147.0,25,0.050000000000000044,11.759353531258446,51.01609788622175,472.23148840000067
gnn_rep__N8__line__seed6,gnn_qmix,coord_grid,6,5241,131050,131.0,25,0.050000000000000044,15.448607161641121,82.0619748433431,472.3475225000002
gnn_rep__N8__line__seed6,gnn_qmix,coord_grid,6,5242,131075,139.0,25,0.050000000000000044,13.58833210170269,74.56999651590984,472.41480220000085
gnn_rep__N8__line__seed6,gnn_qmix,coord_grid,6,5243,131100,145.0,25,0.050000000000000044,15.387107446789742,48.169773737589516,472.56753989999925
gnn_rep__N8__line__seed6,gnn_qmix,coord_grid,6,5244,131125,149.0,25,0.050000000000000044,13.436674722603389,98.89712687901088,472.66074859999935
gnn_rep__N8__line__seed6,gnn_qmix,coord_grid,6,5245,131150,153.0,25,0.050000000000000044,13.557503243287405,39.162645975748696,472.70695120000164
gnn_rep__N8__line__seed6,gnn_qmix,coord_grid,6,5246,131175,138.0,25,0.050000000000000044,15.476802090803782,75.41114298502605,472.7733350999988
gnn_rep__N8__line__seed6,gnn_qmix,coord_grid,6,5247,131200,151.0,25,0.050000000000000044,6.220546695093314,125.9432274500529,472.83465630000137
gnn_rep__N8__line__seed6,gnn_qmix,coord_grid,6,5248,131225,148.0,25,0.050000000000000044,21.46661043592862,105.64771025521415,472.9429224000014
gnn_rep__N8__line__seed6,gnn_qmix,coord_grid,6,5249,131250,141.0,25,0.050000000000000044,19.217153817415237,108.97385660807292,473.0407973000001
gnn_rep__N8__line__seed6,gnn_qmix,coord_grid,6,5250,131275,151.0,25,0.050000000000000044,17.4160266071558,54.49328486124674,473.11605110000164
gnn_rep__N8__line__seed6,gnn_qmix,coord_grid,6,5251,131300,141.0,25,0.050000000000000044,9.881480207045874,94.43249893188477,473.1803370000016
gnn_rep__N8__line__seed6,gnn_qmix,coord_grid,6,5252,131325,147.0,25,0.050000000000000044,24.66462298801967,129.4462024143764,473.2594758999985
gnn_rep__N8__line__seed6,gnn_qmix,coord_grid,6,5253,131350,146.0,25,0.050000000000000044,13.64606120189031,109.92319361368816,473.3682114000003
gnn_rep__N8__line__seed6,gnn_qmix,coord_grid,6,5254,131375,139.0,25,0.050000000000000044,7.986887231469154,127.43484751383464,473.47310039999866
gnn_rep__N8__line__seed6,gnn_qmix,coord_grid,6,5255,131400,146.0,25,0.050000000000000044,9.881984452406565,79.61566805839539,473.55531469999914
gnn_rep__N8__line__seed6,gnn_qmix,coord_grid,6,5256,131425,145.0,25,0.050000000000000044,14.71170060975211,239.1729463849749,473.70208999999886
gnn_rep__N8__line__seed6,gnn_qmix,coord_grid,6,5257,131450,147.0,25,0.050000000000000044,24.028027713298798,247.46557108561197,473.805049999999
gnn_rep__N8__line__seed6,gnn_qmix,coord_grid,6,5258,131475,145.0,25,0.050000000000000044,25.115209480126698,118.24900563557942,473.9373741999989
gnn_rep__N8__line__seed6,gnn_qmix,coord_grid,6,5259,131500,142.0,25,0.050000000000000044,4.298717446625233,140.25200653076172,474.0448111000005
gnn_rep__N8__line__seed6,gnn_qmix,coord_grid,6,5260,131525,154.0,25,0.050000000000000044,6.9164765647479465,102.295229775565,474.15779920000205
gnn_rep__N8__line__seed6,gnn_qmix,coord_grid,6,5261,131550,144.0,25,0.050000000000000044,21.38677109281222,126.3428217569987,474.2296329000019
gnn_rep__N8__line__seed6,gnn_qmix,coord_grid,6,5262,131575,153.0,25,0.050000000000000044,13.684726054469744,132.89463742574057,474.2841866000017
gnn_rep__N8__line__seed6,gnn_qmix,coord_grid,6,5263,131600,147.0,25,0.050000000000000044,17.447984904050827,85.44856119155884,474.353235999999
gnn_rep__N8__line__seed6,gnn_qmix,coord_grid,6,5264,131625,154.0,25,0.050000000000000044,8.666501292160579,70.58478764125279,474.44457519999924
gnn_rep__N8__line__seed6,gnn_qmix,coord_grid,6,5265,131650,143.0,25,0.050000000000000044,9.906272744139036,88.02630964914958,474.5140410999993
gnn_rep__N8__line__seed6,gnn_qmix,coord_grid,6,5266,131675,154.0,25,0.050000000000000044,13.65483100215594,110.60602760314941,474.582691399999
gnn_rep__N8__line__seed6,gnn_qmix,coord_grid,6,5267,131700,153.0,25,0.050000000000000044,13.69162025054296,96.12717183430989,474.69698570000037
gnn_rep__N8__line__seed6,gnn_qmix,coord_grid,6,5268,131725,147.0,25,0.050000000000000044,8.528836765459605,62.46721976143973,474.7593326999995
gnn_rep__N8__line__seed6,gnn_qmix,coord_grid,6,5269,131750,146.0,25,0.050000000000000044,13.593444074193636,50.80636501312256,474.83607370000027
gnn_rep__N8__line__seed6,gnn_qmix,coord_grid,6,5270,131775,146.0,25,0.050000000000000044,15.456728701790174,33.64675426483154,474.9149451000012
gnn_rep__N8__line__seed6,gnn_qmix,coord_grid,6,5271,131800,152.0,25,0.050000000000000044,23.13698401550452,48.94389247894287,475.00083540000196
gnn_rep__N8__line__seed6,gnn_qmix,coord_grid,6,5272,131825,154.0,25,0.050000000000000044,11.875903836318425,157.4755208151681,475.1750279000007
gnn_rep__N8__line__seed6,gnn_qmix,coord_grid,6,5273,131850,153.0,25,0.050000000000000044,19.63380468885104,178.66278711954752,475.2431929000013
gnn_rep__N8__line__seed6,gnn_qmix,coord_grid,6,5274,131875,153.0,25,0.050000000000000044,17.48054135342439,60.10949722925822,475.3649222999993
gnn_rep__N8__line__seed6,gnn_qmix,coord_grid,6,5275,131900,143.0,25,0.050000000000000044,9.957251091798147,100.55583254496257,475.46705479999946
gnn_rep__N8__line__seed6,gnn_qmix,coord_grid,6,5276,131925,148.0,25,0.050000000000000044,13.372760806764875,126.545900617327,475.54987990000154
gnn_rep__N8__line__seed6,gnn_qmix,coord_grid,6,5277,131950,147.0,25,0.050000000000000044,15.667983283599218,119.40431658426921,475.6634586
gnn_rep__N8__line__seed6,gnn_qmix,coord_grid,6,5278,131975,154.0,25,0.050000000000000044,9.95113967359066,110.34557565053304,475.7387596000008
gnn_rep__N8__line__seed6,gnn_qmix,coord_grid,6,5279,132000,151.0,25,0.050000000000000044,11.773545068999132,111.0545539855957,475.82532459999857
gnn_rep__N8__line__seed6,gnn_qmix,coord_grid,6,5280,132025,147.0,25,0.050000000000000044,16.617272202457702,92.5454957144601,475.8992212000012
gnn_rep__N8__line__seed6,gnn_qmix,coord_grid,6,5281,132050,144.0,25,0.050000000000000044,17.423717973132927,46.53691609700521,475.9645316999995
gnn_rep__N8__line__seed6,gnn_qmix,coord_grid,6,5282,132075,153.0,25,0.050000000000000044,13.636449933052063,61.21301523844401,476.0496220999994
gnn_rep__N8__line__seed6,gnn_qmix,coord_grid,6,5283,132100,156.0,25,0.050000000000000044,17.443007071812946,73.72258281707764,476.1191825999995
gnn_rep__N8__line__seed6,gnn_qmix,coord_grid,6,5284,132125,138.0,25,0.050000000000000044,22.989414866481507,48.17482457842146,476.2242989000006
gnn_rep__N8__line__seed6,gnn_qmix,coord_grid,6,5285,132150,142.0,25,0.050000000000000044,23.18662557999293,95.33819580078125,476.315981300002
gnn_rep__N8__line__seed6,gnn_qmix,coord_grid,6,5286,132175,156.0,25,0.050000000000000044,19.318678747862577,50.123745918273926,476.421850499999
gnn_rep__N8__line__seed6,gnn_qmix,coord_grid,6,5287,132200,149.0,25,0.050000000000000044,17.478917544086773,83.23263851801555,476.51289910000196
gnn_rep__N8__line__seed6,gnn_qmix,coord_grid,6,5288,132225,137.0,25,0.050000000000000044,14.809162650789533,239.21337563650948,476.6134931000015
gnn_rep__N8__line__seed6,gnn_qmix,coord_grid,6,5289,132250,144.0,25,0.050000000000000044,12.899909426768621,247.38717142740884,476.6987087000016
gnn_rep__N8__line__seed6,gnn_qmix,coord_grid,6,5290,132275,149.0,25,0.050000000000000044,10.7257688442866,202.81090100606283,476.8115708000005
gnn_rep__N8__line__seed6,gnn_qmix,coord_grid,6,5291,132300,146.0,25,0.050000000000000044,23.905092040697735,215.83900260925293,476.8909926000015
gnn_rep__N8__line__seed6,gnn_qmix,coord_grid,6,5292,132325,138.0,25,0.050000000000000044,10.333056322165898,173.79132843017578,477.0196199999991
gnn_rep__N8__line__seed6,gnn_qmix,coord_grid,6,5293,132350,131.0,25,0.050000000000000044,11.895536005496979,109.52028783162434,477.14861910000036
gnn_rep__N8__line__seed6,gnn_qmix,coord_grid,6,5294,132375,150.0,25,0.050000000000000044,11.89202070236206,94.15899403889973,477.2286841999994
gnn_rep__N8__line__seed6,gnn_qmix,coord_grid,6,5295,132400,139.0,25,0.050000000000000044,10.088705648978552,121.47781753540039,477.271271900001
gnn_rep__N8__line__seed6,gnn_qmix,coord_grid,6,5296,132425,122.0,25,0.050000000000000044,20.10622876882553,120.87568037850517,477.3661844999988
gnn_rep__N8__line__seed6,gnn_qmix,coord_grid,6,5297,132450,144.0,25,0.050000000000000044,10.09236449499925,171.90374978383383,477.43906739999875
gnn_rep__N8__line__seed6,gnn_qmix,coord_grid,6,5298,132475,144.0,25,0.050000000000000044,10.13682589928309,188.61193974812826,477.49575099999856
gnn_rep__N8__line__seed6,gnn_qmix,coord_grid,6,5299,132500,145.0,25,0.050000000000000044,17.651707649230957,134.40130488077799,477.5537024000005
gnn_rep__N8__line__seed6,gnn_qmix,coord_grid,6,5300,132525,152.0,25,0.050000000000000044,13.440422066620417,64.15602166312081,477.64511029999994
gnn_rep__N8__line__seed6,gnn_qmix,coord_grid,6,5301,132550,145.0,25,0.050000000000000044,19.386698583761852,132.5336481730143,477.72562599999947
gnn_rep__N8__line__seed6,gnn_qmix,coord_grid,6,5302,132575,140.0,25,0.050000000000000044,13.935527245203653,111.00418885548909,477.808065600002
gnn_rep__N8__line__seed6,gnn_qmix,coord_grid,6,5303,132600,153.0,25,0.050000000000000044,11.902991736928621,84.24751408894856,477.89868280000155
gnn_rep__N8__line__seed6,gnn_qmix,coord_grid,6,5304,132625,147.0,25,0.050000000000000044,10.250451466866902,92.353424344744,478.03534990000117
gnn_rep__N8__line__seed6,gnn_qmix,coord_grid,6,5305,132650,158.0,25,0.050000000000000044,13.864185030261675,158.28532727559408,478.0791148999997
gnn_rep__N8__line__seed6,gnn_qmix,coord_grid,6,5306,132675,162.0,25,0.050000000000000044,11.829627513885498,72.2251337369283,478.1730869999992
gnn_rep__N8__line__seed6,gnn_qmix,coord_grid,6,5307,132700,144.0,25,0.050000000000000044,13.726603150367737,77.8137690226237,478.2624825999992
gnn_rep__N8__line__seed6,gnn_qmix,coord_grid,6,5308,132725,151.0,25,0.050000000000000044,18.55700946705682,113.58173261369977,478.3230162
gnn_rep__N8__line__seed6,gnn_qmix,coord_grid,6,5309,132750,149.0,25,0.050000000000000044,14.002428650856018,157.35317866007486,478.38794119999875
gnn_rep__N8__line__seed6,gnn_qmix,coord_grid,6,5310,132775,148.0,25,0.050000000000000044,12.000309581557909,181.59144147237143,478.43838529999994
gnn_rep__N8__line__seed6,gnn_qmix,coord_grid,6,5311,132800,150.0,25,0.050000000000000044,4.181984243293603,173.69171778361002,478.5124407000003
gnn_rep__N8__line__seed6,gnn_qmix,coord_grid,6,5312,132825,158.0,25,0.050000000000000044,15.248643704823085,116.08097185407367,478.60789940000177
gnn_rep__N8__line__seed6,gnn_qmix,coord_grid,6,5313,132850,150.0,25,0.050000000000000044,11.772642761468887,54.595146814982094,478.7508602000016
gnn_rep__N8__line__seed6,gnn_qmix,coord_grid,6,5314,132875,140.0,25,0.050000000000000044,13.689976692199707,43.75831842422485,478.8580036000021
gnn_rep__N8__line__seed6,gnn_qmix,coord_grid,6,5315,132900,139.0,25,0.050000000000000044,11.823600798845291,85.69522285461426,478.903863800002
gnn_rep__N8__line__seed6,gnn_qmix,coord_grid,6,5316,132925,149.0,25,0.050000000000000044,16.83771119798933,134.2370125906808,479.0368333000006
gnn_rep__N8__line__seed6,gnn_qmix,coord_grid,6,5317,132950,152.0,25,0.050000000000000044,17.55691894888878,139.3676274617513,479.1404880000009
gnn_rep__N8__line__seed6,gnn_qmix,coord_grid,6,5318,132975,145.0,25,0.050000000000000044,17.579891085624695,98.39508628845215,479.24713319999864
gnn_rep__N8__line__seed6,gnn_qmix,coord_grid,6,5319,133000,147.0,25,0.050000000000000044,11.959835742910704,143.45929145812988,479.3201697000004
gnn_rep__N8__line__seed6,gnn_qmix,coord_grid,6,5320,133025,149.0,25,0.050000000000000044,14.677611487252372,260.27898842947826,479.4247061999995
gnn_rep__N8__line__seed6,gnn_qmix,coord_grid,6,5321,133050,156.0,25,0.050000000000000044,17.10995356241862,305.57399495442706,479.5555924
gnn_rep__N8__line__seed6,gnn_qmix,coord_grid,6,5322,133075,159.0,25,0.050000000000000044,16.19199361403783,186.57525889078775,479.6386143000018
gnn_rep__N8__line__seed6,gnn_qmix,coord_grid,6,5323,133100,132.0,25,0.050000000000000044,17.99764347076416,216.4933649698893,479.70315729999857
gnn_rep__N8__line__seed6,gnn_qmix,coord_grid,6,5324,133125,139.0,25,0.050000000000000044,15.525058456829615,202.18275887625558,479.82139259999894
gnn_rep__N8__line__seed6,gnn_qmix,coord_grid,6,5325,133150,155.0,25,0.050000000000000044,19.984650989373524,219.64092890421549,479.9193148000013
gnn_rep__N8__line__seed6,gnn_qmix,coord_grid,6,5326,133175,144.0,25,0.050000000000000044,15.830640477438768,150.44642130533853,480.01328300000023
gnn_rep__N8__line__seed6,gnn_qmix,coord_grid,6,5327,133200,156.0,25,0.050000000000000044,13.83990075190862,107.13296763102214,480.06635689999894
gnn_rep__N8__line__seed6,gnn_qmix,coord_grid,6,5328,133225,157.0,25,0.050000000000000044,8.546144357749395,77.09087208339146,480.1618570999999
gnn_rep__N8__line__seed6,gnn_qmix,coord_grid,6,5329,133250,138.0,25,0.050000000000000044,15.673985208074251,84.08928362528484,480.2464781000017
gnn_rep__N8__line__seed6,gnn_qmix,coord_grid,6,5330,133275,136.0,25,0.050000000000000044,13.787907779216766,83.03216234842937,480.35840630000166
gnn_rep__N8__line__seed6,gnn_qmix,coord_grid,6,5331,133300,149.0,25,0.050000000000000044,27.19934145609538,79.28777281443278,480.4464829999997
gnn_rep__N8__line__seed6,gnn_qmix,coord_grid,6,5332,133325,140.0,25,0.050000000000000044,11.813751222831863,60.09507465362549,480.5213642999988
gnn_rep__N8__line__seed6,gnn_qmix,coord_grid,6,5333,133350,142.0,25,0.050000000000000044,17.616320451100666,68.47719510396321,480.5870611999999
gnn_rep__N8__line__seed6,gnn_qmix,coord_grid,6,5334,133375,148.0,25,0.050000000000000044,15.778866291046143,70.7951431274414,480.6630105000004
gnn_rep__N8__line__seed6,gnn_qmix,coord_grid,6,5335,133400,155.0,25,0.050000000000000044,9.895490850011507,34.25872230529785,480.78463009999905
gnn_rep__N8__line__seed6,gnn_qmix,coord_grid,6,5336,133425,138.0,25,0.050000000000000044,13.496841920273644,49.56827095576695,480.84050099999877
gnn_rep__N8__line__seed6,gnn_qmix,coord_grid,6,5337,133450,142.0,25,0.050000000000000044,17.58278547724088,85.44902737935384,480.986237000001
gnn_rep__N8__line__seed6,gnn_qmix,coord_grid,6,5338,133475,139.0,25,0.050000000000000044,25.292036533355713,118.53605492909749,481.07971309999994
gnn_rep__N8__line__seed6,gnn_qmix,coord_grid,6,5339,133500,144.0,25,0.050000000000000044,19.611786405245464,54.75374825795492,481.1978197999997
gnn_rep__N8__line__seed6,gnn_qmix,coord_grid,6,5340,133525,137.0,25,0.050000000000000044,19.969792366027832,41.452383858816965,481.25539760000174
gnn_rep__N8__line__seed6,gnn_qmix,coord_grid,6,5341,133550,149.0,25,0.050000000000000044,13.82776270310084,80.87794462839763,481.3492976999987
gnn_rep__N8__line__seed6,gnn_qmix,coord_grid,6,5342,133575,146.0,25,0.050000000000000044,15.73651123046875,73.25517233212788,481.4657455000015
gnn_rep__N8__line__seed6,gnn_qmix,coord_grid,6,5343,133600,143.0,25,0.050000000000000044,21.516270478566486,68.70711898803711,481.53929549999884
gnn_rep__N8__line__seed6,gnn_qmix,coord_grid,6,5344,133625,149.0,25,0.050000000000000044,18.466679641178676,70.39728736877441,481.6060036000017
gnn_rep__N8__line__seed6,gnn_qmix,coord_grid,6,5345,133650,140.0,25,0.050000000000000044,15.841755390167236,148.2279510498047,481.7375482999996
gnn_rep__N8__line__seed6,gnn_qmix,coord_grid,6,5346,133675,156.0,25,0.050000000000000044,9.943451608220736,126.1221268971761,481.8557963000021
gnn_rep__N8__line__seed6,gnn_qmix,coord_grid,6,5347,133700,146.0,25,0.050000000000000044,6.070739651719729,86.71508344014485,481.9460495000021
gnn_rep__N8__line__seed6,gnn_qmix,coord_grid,6,5348,133725,143.0,25,0.050000000000000044,18.49420776963234,98.42874990190778,482.05773709999994
gnn_rep__N8__line__seed6,gnn_qmix,coord_grid,6,5349,133750,141.0,25,0.050000000000000044,17.548537225772936,45.33441988627116,482.1211755000004
gnn_rep__N8__line__seed6,gnn_qmix,coord_grid,6,5350,133775,141.0,25,0.050000000000000044,11.87018242230018,102.2324709892273,482.2274240000006
gnn_rep__N8__line__seed6,gnn_qmix,coord_grid,6,5351,133800,145.0,25,0.050000000000000044,19.598836089173954,68.25322373708089,482.3053981000012
gnn_rep__N8__line__seed6,gnn_qmix,coord_grid,6,5352,133825,142.0,25,0.050000000000000044,16.347690446036204,245.63153294154577,482.3893218000012
gnn_rep__N8__line__seed6,gnn_qmix,coord_grid,6,5353,133850,136.0,25,0.050000000000000044,10.611478288968405,232.75494257609049,482.5373599000013
gnn_rep__N8__line__seed6,gnn_qmix,coord_grid,6,5354,133875,144.0,25,0.050000000000000044,12.343487918376923,192.9671427408854,482.6479795000014
gnn_rep__N8__line__seed6,gnn_qmix,coord_grid,6,5355,133900,141.0,25,0.050000000000000044,10.168591360251108,166.8149642944336,482.77571389999866
gnn_rep__N8__line__seed6,gnn_qmix,coord_grid,6,5356,133925,152.0,25,0.050000000000000044,10.220039327229772,113.11162158421108,482.84978910000063
gnn_rep__N8__line__seed6,gnn_qmix,coord_grid,6,5357,133950,147.0,25,0.050000000000000044,18.017296945055325,186.33381175994873,482.9866312000013
gnn_rep__N8__line__seed6,gnn_qmix,coord_grid,6,5358,133975,150.0,25,0.050000000000000044,17.986433168252308,181.1272939046224,483.03532650000125
gnn_rep__N8__line__seed6,gnn_qmix,coord_grid,6,5359,134000,145.0,25,0.050000000000000044,15.811071574687958,91.91172472635905,483.09896429999935
gnn_rep__N8__line__seed6,gnn_qmix,coord_grid,6,5360,134025,143.0,25,0.050000000000000044,13.693950295448303,125.58364650181362,483.16761490000135
gnn_rep__N8__line__seed6,gnn_qmix,coord_grid,6,5361,134050,145.0,25,0.050000000000000044,10.090576802690824,156.2675298055013,483.2584773999988
gnn_rep__N8__line__seed6,gnn_qmix,coord_grid,6,5362,134075,149.0,25,0.050000000000000044,13.99508886039257,95.20077832539876,483.4214009999996
gnn_rep__N8__line__seed6,gnn_qmix,coord_grid,6,5363,134100,154.0,25,0.050000000000000044,15.907012855013212,151.66586939493814,483.49916210000083
gnn_rep__N8__line__seed6,gnn_qmix,coord_grid,6,5364,134125,146.0,25,0.050000000000000044,11.972491854003497,117.86259732927594,483.56949539999914
gnn_rep__N8__line__seed6,gnn_qmix,coord_grid,6,5365,134150,139.0,25,0.050000000000000044,15.89275330801805,135.61467107137045,483.66107230000125
gnn_rep__N8__line__seed6,gnn_qmix,coord_grid,6,5366,134175,143.0,25,0.050000000000000044,17.837004502614338,96.51153246561687,483.7592693000006
gnn_rep__N8__line__seed6,gnn_qmix,coord_grid,6,5367,134200,144.0,25,0.050000000000000044,14.017246087392172,179.43689982096353,483.8359445999995
gnn_rep__N8__line__seed6,gnn_qmix,coord_grid,6,5368,134225,151.0,25,0.050000000000000044,12.240017763205937,210.9357466016497,483.9304675000021
gnn_rep__N8__line__seed6,gnn_qmix,coord_grid,6,5369,134250,152.0,25,0.050000000000000044,23.64457432428996,110.53399085998535,484.00516100000095
gnn_rep__N8__line__seed6,gnn_qmix,coord_grid,6,5370,134275,145.0,25,0.050000000000000044,17.726616273323696,65.38724327087402,484.15111289999913
gnn_rep__N8__line__seed6,gnn_qmix,coord_grid,6,5371,134300,148.0,25,0.050000000000000044,6.101030670106411,70.33593050638835,484.21078489999854
gnn_rep__N8__line__seed6,gnn_qmix,coord_grid,6,5372,134325,145.0,25,0.050000000000000044,23.503060917769158,80.86700221470424,484.30662830000074
gnn_rep__N8__line__seed6,gnn_qmix,coord_grid,6,5373,134350,148.0,25,0.050000000000000044,15.78342580795288,90.70011933644612,484.4028756000007
gnn_rep__N8__line__seed6,gnn_qmix,coord_grid,6,5374,134375,147.0,25,0.050000000000000044,12.04832706352075,142.91906293233237,484.4815415000012
gnn_rep__N8__line__seed6,gnn_qmix,coord_grid,6,5375,134400,154.0,25,0.050000000000000044,23.509571626782417,67.66773017247517,484.58066360000157
gnn_rep__N8__line__seed6,gnn_qmix,coord_grid,6,5376,134425,155.0,25,0.050000000000000044,13.71719336935452,57.340366636003765,484.6571460999985
gnn_rep__N8__line__seed6,gnn_qmix,coord_grid,6,5377,134450,139.0,25,0.050000000000000044,14.02603187163671,95.93176507949829,484.721829099999
gnn_rep__N8__line__seed6,gnn_qmix,coord_grid,6,5378,134475,143.0,25,0.050000000000000044,10.1013336678346,129.05799357096353,484.8212074000003
gnn_rep__N8__line__seed6,gnn_qmix,coord_grid,6,5379,134500,141.0,25,0.050000000000000044,11.989000454545021,48.93843619028727,484.8888479999987
gnn_rep__N8__line__seed6,gnn_qmix,coord_grid,6,5380,134525,150.0,25,0.050000000000000044,15.297281231198992,78.40523856026786,485.0520891999986
gnn_rep__N8__line__seed6,gnn_qmix,coord_grid,6,5381,134550,154.0,25,0.050000000000000044,15.886672695477804,147.4541974067688,485.1477584999993
gnn_rep__N8__line__seed6,gnn_qmix,coord_grid,6,5382,134575,151.0,25,0.050000000000000044,10.03333150347074,100.89381281534831,485.23015849999865
gnn_rep__N8__line__seed6,gnn_qmix,coord_grid,6,5383,134600,148.0,25,0.050000000000000044,25.61418883005778,116.85258356730144,485.3387494999988
gnn_rep__N8__line__seed6,gnn_qmix,coord_grid,6,5384,134625,133.0,25,0.050000000000000044,13.410250978810447,267.55228751046315,485.4177681000001
gnn_rep__N8__line__seed6,gnn_qmix,coord_grid,6,5385,134650,146.0,25,0.050000000000000044,6.87980488439401,260.9363301595052,485.5107209000016
gnn_rep__N8__line__seed6,gnn_qmix,coord_grid,6,5386,134675,152.0,25,0.050000000000000044,16.226509660482407,146.97034867604575,485.55263600000035
gnn_rep__N8__line__seed6,gnn_qmix,coord_grid,6,5387,134700,132.0,25,0.050000000000000044,15.980052183071772,92.88013156255086,485.64662419999877
gnn_rep__N8__line__seed6,gnn_qmix,coord_grid,6,5388,134725,146.0,25,0.050000000000000044,25.546544432640076,71.40629959106445,485.724117400001
gnn_rep__N8__line__seed6,gnn_qmix,coord_grid,6,5389,134750,151.0,25,0.050000000000000044,21.915210336446762,77.51683394114177,485.7931208000009
gnn_rep__N8__line__seed6,gnn_qmix,coord_grid,6,5390,134775,138.0,25,0.050000000000000044,8.187313295900822,97.84659385681152,485.86949000000095
gnn_rep__N8__line__seed6,gnn_qmix,coord_grid,6,5391,134800,149.0,25,0.050000000000000044,18.06191345055898,140.10533396402994,485.9264408000017
gnn_rep__N8__line__seed6,gnn_qmix,coord_grid,6,5392,134825,145.0,25,0.050000000000000044,12.236792730433601,172.61911392211914,486.0604839000007
gnn_rep__N8__line__seed6,gnn_qmix,coord_grid,6,5393,134850,153.0,25,0.050000000000000044,19.921479016542435,104.34686708450317,486.12948400000096
gnn_rep__N8__line__seed6,gnn_qmix,coord_grid,6,5394,134875,145.0,25,0.050000000000000044,16.023281792799633,76.18110084533691,486.212263100002
gnn_rep__N8__line__seed6,gnn_qmix,coord_grid,6,5395,134900,157.0,25,0.050000000000000044,12.150789139171442,80.01790714263916,486.28925430000163
gnn_rep__N8__line__seed6,gnn_qmix,coord_grid,6,5396,134925,134.0,25,0.050000000000000044,18.797414502927236,80.7589773450579,486.37411879999854
gnn_rep__N8__line__seed6,gnn_qmix,coord_grid,6,5397,134950,147.0,25,0.050000000000000044,17.88123652835687,65.94292275110881,486.4695677999989
gnn_rep__N8__line__seed6,gnn_qmix,coord_grid,6,5398,134975,147.0,25,0.050000000000000044,15.873589858412743,97.0726391474406,486.5643020999996
gnn_rep__N8__line__seed6,gnn_qmix,coord_grid,6,5399,135000,143.0,25,0.050000000000000044,23.827732081214588,62.802085876464844,486.7330698000005
gnn_rep__N8__line__seed6,gnn_qmix,coord_grid,6,5400,135025,154.0,25,0.050000000000000044,12.035739558083671,46.89733954838344,486.8862612000012
gnn_rep__N8__line__seed6,gnn_qmix,coord_grid,6,5401,135050,140.0,25,0.050000000000000044,18.0031901995341,132.5172373453776,486.9735005000002
gnn_rep__N8__line__seed6,gnn_qmix,coord_grid,6,5402,135075,151.0,25,0.050000000000000044,13.983932981888453,82.23700205485027,487.095132800001
gnn_rep__N8__line__seed6,gnn_qmix,coord_grid,6,5403,135100,146.0,25,0.050000000000000044,23.861080646514893,57.618076165517174,487.2047014999989
gnn_rep__N8__line__seed6,gnn_qmix,coord_grid,6,5404,135125,142.0,25,0.050000000000000044,10.415713612522397,60.15332358224051,487.30514160000166
gnn_rep__N8__line__seed6,gnn_qmix,coord_grid,6,5405,135150,151.0,25,0.050000000000000044,11.963473896185556,97.4255879720052,487.3923227999985
gnn_rep__N8__line__seed6,gnn_qmix,coord_grid,6,5406,135175,157.0,25,0.050000000000000044,19.915541648864746,72.18019024531047,487.47146369999973
gnn_rep__N8__line__seed6,gnn_qmix,coord_grid,6,5407,135200,146.0,25,0.050000000000000044,19.901077752312023,72.49149672190349,487.54711339999994
gnn_rep__N8__line__seed6,gnn_qmix,coord_grid,6,5408,135225,157.0,25,0.050000000000000044,20.391914950949804,87.03245544433594,487.62807650000104
gnn_rep__N8__line__seed6,gnn_qmix,coord_grid,6,5409,135250,143.0,25,0.050000000000000044,16.056454385320347,140.05283737182617,487.77091080000173
gnn_rep__N8__line__seed6,gnn_qmix,coord_grid,6,5410,135275,141.0,25,0.050000000000000044,19.991505627830822,75.3618377049764,487.849528499999
gnn_rep__N8__line__seed6,gnn_qmix,coord_grid,6,5411,135300,144.0,25,0.050000000000000044,21.77432831376791,70.60349400838216,487.8983389999994
gnn_rep__N8__line__seed6,gnn_qmix,coord_grid,6,5412,135325,149.0,25,0.050000000000000044,25.456097949828422,48.215814862932476,487.9950014999995
gnn_rep__N8__line__seed6,gnn_qmix,coord_grid,6,5413,135350,145.0,25,0.050000000000000044,27.645727157592773,38.6079937616984,488.08560299999954
gnn_rep__N8__line__seed6,gnn_qmix,coord_grid,6,5414,135375,146.0,25,0.050000000000000044,10.113741079966227,105.38532257080078,488.1273284000017
gnn_rep__N8__line__seed6,gnn_qmix,coord_grid,6,5415,135400,152.0,25,0.050000000000000044,10.274573793013891,151.0619510014852,488.2076812999985
gnn_rep__N8__line__seed6,gnn_qmix,coord_grid,6,5416,135425,142.0,25,0.050000000000000044,23.332735308579036,254.87496512276786,488.2765380000019
gnn_rep__N8__line__seed6,gnn_qmix,coord_grid,6,5417,135450,148.0,25,0.050000000000000044,20.93376938501994,284.30548604329425,488.4090189999988
gnn_rep__N8__line__seed6,gnn_qmix,coord_grid,6,5418,135475,153.0,25,0.050000000000000044,16.347033262252808,205.6247469584147,488.50386250000156
gnn_rep__N8__line__seed6,gnn_qmix,coord_grid,6,5419,135500,143.0,25,0.050000000000000044,18.294936935106914,182.7012201944987,488.62493969999923
gnn_rep__N8__line__seed6,gnn_qmix,coord_grid,6,5420,135525,142.0,25,0.050000000000000044,13.88635488493102,96.42270006452289,488.7995069999997
gnn_rep__N8__line__seed6,gnn_qmix,coord_grid,6,5421,135550,147.0,25,0.050000000000000044,18.14396580060323,91.61944580078125,488.8616013999999
gnn_rep__N8__line__seed6,gnn_qmix,coord_grid,6,5422,135575,147.0,25,0.050000000000000044,16.052911534905434,52.73729944229126,488.91112590000193
gnn_rep__N8__line__seed6,gnn_qmix,coord_grid,6,5423,135600,143.0,25,0.050000000000000044,16.07694012920062,94.30520884195964,488.98943789999976
gnn_rep__N8__line__seed6,gnn_qmix,coord_grid,6,5424,135625,138.0,25,0.050000000000000044,20.663340755871364,140.86389868600028,489.06324959999984
gnn_rep__N8__line__seed6,gnn_qmix,coord_grid,6,5425,135650,146.0,25,0.050000000000000044,10.255168914794922,106.76361894607544,489.1167380000006
gnn_rep__N8__line__seed6,gnn_qmix,coord_grid,6,5426,135675,145.0,25,0.050000000000000044,18.223895738522213,151.96088790893555,489.23702459999913
gnn_rep__N8__line__seed6,gnn_qmix,coord_grid,6,5427,135700,151.0,25,0.050000000000000044,14.166318650046984,78.56184387207031,489.33798359999855
gnn_rep__N8__line__seed6,gnn_qmix,coord_grid,6,5428,135725,148.0,25,0.050000000000000044,10.654872596263885,92.4445937020438,489.41201290000026
gnn_rep__N8__line__seed6,gnn_qmix,coord_grid,6,5429,135750,152.0,25,0.050000000000000044,20.17000909646352,130.57697105407715,489.47988819999955
gnn_rep__N8__line__seed6,gnn_qmix,coord_grid,6,5430,135775,152.0,25,0.050000000000000044,16.158672283093136,100.02114295959473,489.5761467000011
gnn_rep__N8__line__seed6,gnn_qmix,coord_grid,6,5431,135800,143.0,25,0.050000000000000044,14.241333509484926,56.53196827570597,489.6973934000016
gnn_rep__N8__line__seed6,gnn_qmix,coord_grid,6,5432,135825,148.0,25,0.050000000000000044,10.426025303346771,85.79635974339077,489.82161149999956
gnn_rep__N8__line__seed6,gnn_qmix,coord_grid,6,5433,135850,139.0,25,0.050000000000000044,16.347728381554287,195.77913411458334,489.9491874999985
gnn_rep__N8__line__seed6,gnn_qmix,coord_grid,6,5434,135875,153.0,25,0.050000000000000044,28.035501956939697,84.32830778757732,490.11395999999877
gnn_rep__N8__line__seed6,gnn_qmix,coord_grid,6,5435,135900,152.0,25,0.050000000000000044,10.171051681041718,75.2228406270345,490.20401299999867
gnn_rep__N8__line__seed6,gnn_qmix,coord_grid,6,5436,135925,139.0,25,0.050000000000000044,22.26192433493478,43.623608452933176,490.268596599999
gnn_rep__N8__line__seed6,gnn_qmix,coord_grid,6,5437,135950,155.0,25,0.050000000000000044,8.129302312930426,60.97584342956543,490.356762899999
gnn_rep__N8__line__seed6,gnn_qmix,coord_grid,6,5438,135975,147.0,25,0.050000000000000044,22.067127068837483,95.52032534281413,490.40081009999994
gnn_rep__N8__line__seed6,gnn_qmix,coord_grid,6,5439,136000,143.0,25,0.050000000000000044,10.23610416551431,48.594809214274086,490.52509460000147
gnn_rep__N8__line__seed6,gnn_qmix,coord_grid,6,5440,136025,150.0,25,0.050000000000000044,13.844087547489575,55.01538889748709,490.5826679999991
gnn_rep__N8__line__seed6,gnn_qmix,coord_grid,6,5441,136050,141.0,25,0.050000000000000044,16.24443467458089,79.14058939615886,490.67388380000193
gnn_rep__N8__line__seed6,gnn_qmix,coord_grid,6,5442,136075,137.0,25,0.050000000000000044,16.121910100181896,105.50800069173177,490.7530325000007
gnn_rep__N8__line__seed6,gnn_qmix,coord_grid,6,5443,136100,148.0,25,0.050000000000000044,18.136234387755394,121.31229782104492,490.82985589999953
gnn_rep__N8__line__seed6,gnn_qmix,coord_grid,6,5444,136125,136.0,25,0.050000000000000044,10.543139023440224,140.0661566598075,490.8972915000013
gnn_rep__N8__line__seed6,gnn_qmix,coord_grid,6,5445,136150,149.0,25,0.050000000000000044,6.285397316018741,158.87701924641928,490.97084579999864
gnn_rep__N8__line__seed6,gnn_qmix,coord_grid,6,5446,136175,146.0,25,0.050000000000000044,12.250554660956064,132.67008463541666,491.08163440000135
gnn_rep__N8__line__seed6,gnn_qmix,coord_grid,6,5447,136200,145.0,25,0.050000000000000044,20.093604212005932,122.13778432210286,491.1382397000016
gnn_rep__N8__line__seed6,gnn_qmix,coord_grid,6,5448,136225,152.0,25,0.050000000000000044,28.30543885912214,224.55383518763952,491.22700729999997
gnn_rep__N8__line__seed6,gnn_qmix,coord_grid,6,5449,136250,146.0,25,0.050000000000000044,14.451490014791489,184.99815781911215,491.30332160000034
gnn_rep__N8__line__seed6,gnn_qmix,coord_grid,6,5450,136275,151.0,25,0.050000000000000044,20.196832358837128,112.01033020019531,491.42080369999894
gnn_rep__N8__line__seed6,gnn_qmix,coord_grid,6,5451,136300,135.0,25,0.050000000000000044,24.239519278208416,127.60714467366536,491.4773399000005
gnn_rep__N8__line__seed6,gnn_qmix,coord_grid,6,5452,136325,125.0,25,0.050000000000000044,20.596660568778002,43.98297337123326,491.5853539999989
gnn_rep__N8__line__seed6,gnn_qmix,coord_grid,6,5453,136350,140.0,25,0.050000000000000044,14.184083968400955,70.5948994954427,491.6536723999998
gnn_rep__N8__line__seed6,gnn_qmix,coord_grid,6,5454,136375,152.0,25,0.050000000000000044,6.285599653919538,78.3134371439616,491.72988800000167
gnn_rep__N8__line__seed6,gnn_qmix,coord_grid,6,5455,136400,147.0,25,0.050000000000000044,14.212022667129835,59.6323938369751,491.80285970000114
gnn_rep__N8__line__seed6,gnn_qmix,coord_grid,6,5456,136425,125.0,25,0.050000000000000044,8.848799860903195,100.96408230917794,491.915157200001
gnn_rep__N8__line__seed6,gnn_qmix,coord_grid,6,5457,136450,149.0,25,0.050000000000000044,24.16064437230428,82.91103967030843,492.00443710000036
gnn_rep__N8__line__seed6,gnn_qmix,coord_grid,6,5458,136475,138.0,25,0.050000000000000044,22.139170169830322,64.10892804463704,492.07845050000105
gnn_rep__N8__line__seed6,gnn_qmix,coord_grid,6,5459,136500,149.0,25,0.050000000000000044,12.212128693858782,67.90943972269694,492.16190180000194
gnn_rep__N8__line__seed6,gnn_qmix,coord_grid,6,5460,136525,150.0,25,0.050000000000000044,13.908077095236097,31.217346123286656,492.2338348000012
gnn_rep__N8__line__seed6,gnn_qmix,coord_grid,6,5461,136550,142.0,25,0.050000000000000044,14.210706437627474,45.77707068125407,492.28853399999934
gnn_rep__N8__line__seed6,gnn_qmix,coord_grid,6,5462,136575,148.0,25,0.050000000000000044,20.218067961434524,61.30538527170817,492.37848289999965
gnn_rep__N8__line__seed6,gnn_qmix,coord_grid,6,5463,136600,144.0,25,0.050000000000000044,10.244935249288877,38.94089317321777,492.43791520000013
gnn_rep__N8__line__seed6,gnn_qmix,coord_grid,6,5464,136625,149.0,25,0.050000000000000044,24.15981755937849,103.20325796944755,492.52089799999885
gnn_rep__N8__line__seed6,gnn_qmix,coord_grid,6,5465,136650,151.0,25,0.050000000000000044,26.19282865524292,131.4511013031006,492.6025063999987
gnn_rep__N8__line__seed6,gnn_qmix,coord_grid,6,5466,136675,149.0,25,0.050000000000000044,14.39547042051951,151.23604329427084,492.6808645000019
gnn_rep__N8__line__seed6,gnn_qmix,coord_grid,6,5467,136700,139.0,25,0.050000000000000044,8.213641375303268,84.84924761454265,492.78898449999906
gnn_rep__N8__line__seed6,gnn_qmix,coord_grid,6,5468,136725,149.0,25,0.050000000000000044,13.918830109494072,75.26490211486816,492.8671245000005
gnn_rep__N8__line__seed6,gnn_qmix,coord_grid,6,5469,136750,148.0,25,0.050000000000000044,16.170749130348366,52.07895533243815,492.99518929999977
gnn_rep__N8__line__seed6,gnn_qmix,coord_grid,6,5470,136775,143.0,25,0.050000000000000044,20.185168743133545,128.23536427815756,493.08957089999967
gnn_rep__N8__line__seed6,gnn_qmix,coord_grid,6,5471,136800,134.0,25,0.050000000000000044,18.21207148830096,48.37813027699789,493.1562030999994
gnn_rep__N8__line__seed6,gnn_qmix,coord_grid,6,5472,136825,151.0,25,0.050000000000000044,12.349479560341154,111.86985996791294,493.20758249999926
gnn_rep__N8__line__seed6,gnn_qmix,coord_grid,6,5473,136850,147.0,25,0.050000000000000044,14.391506671905518,148.62263107299805,493.32582639999964
gnn_rep__N8__line__seed6,gnn_qmix,coord_grid,6,5474,136875,148.0,25,0.050000000000000044,12.23014202217261,77.94437472025554,493.4374764999993
gnn_rep__N8__line__seed6,gnn_qmix,coord_grid,6,5475,136900,140.0,25,0.050000000000000044,20.176590867340565,60.63194545110067,493.51322770000115
gnn_rep__N8__line__seed6,gnn_qmix,coord_grid,6,5476,136925,141.0,25,0.050000000000000044,15.681813819067818,56.3785924911499,493.63230660000045
gnn_rep__N8__line__seed6,gnn_qmix,coord_grid,6,5477,136950,134.0,25,0.050000000000000044,14.185196275512377,47.71263408660889,493.70508840000184
gnn_rep__N8__line__seed6,gnn_qmix,coord_grid,6,5478,136975,145.0,25,0.050000000000000044,16.179218468566734,51.595324198404946,493.77136900000187
gnn_rep__N8__line__seed6,gnn_qmix,coord_grid,6,5479,137000,146.0,25,0.050000000000000044,18.28403899570306,101.13271840413411,493.87561619999906
gnn_rep__N8__line__seed6,gnn_qmix,coord_grid,6,5480,137025,152.0,25,0.050000000000000044,30.37728132520403,228.5658792768206,493.9603922999995
gnn_rep__N8__line__seed6,gnn_qmix,coord_grid,6,5481,137050,135.0,25,0.050000000000000044,16.65762897829215,181.32049306233725,494.03547719999915
gnn_rep__N8__line__seed6,gnn_qmix,coord_grid,6,5482,137075,130.0,25,0.050000000000000044,12.418597648541132,177.59333165486655,494.10396540000147
gnn_rep__N8__line__seed6,gnn_qmix,coord_grid,6,5483,137100,144.0,25,0.050000000000000044,14.284054522713026,115.02072397867839,494.20544860000155
gnn_rep__N8__line__seed6,gnn_qmix,coord_grid,6,5484,137125,145.0,25,0.050000000000000044,7.241623431444168,116.27037593296596,494.2656688999996
gnn_rep__N8__line__seed6,gnn_qmix,coord_grid,6,5485,137150,155.0,25,0.050000000000000044,24.379985173543293,106.25353399912517,494.34370520000084
gnn_rep__N8__line__seed6,gnn_qmix,coord_grid,6,5486,137175,152.0,25,0.050000000000000044,14.53997947772344,188.60321362813315,494.4774419999994
gnn_rep__N8__line__seed6,gnn_qmix,coord_grid,6,5487,137200,150.0,25,0.050000000000000044,16.515360688169796,189.09184646606445,494.55753299999924
gnn_rep__N8__line__seed6,gnn_qmix,coord_grid,6,5488,137225,148.0,25,0.050000000000000044,19.212152344839915,117.23320170811245,494.6547935999988
gnn_rep__N8__line__seed6,gnn_qmix,coord_grid,6,5489,137250,155.0,25,0.050000000000000044,24.260786056518555,41.761948903401695,494.74639319999915
gnn_rep__N8__line__seed6,gnn_qmix,coord_grid,6,5490,137275,150.0,25,0.050000000000000044,14.253298168381056,68.12541770935059,494.8574020999986
gnn_rep__N8__line__seed6,gnn_qmix,coord_grid,6,5491,137300,152.0,25,0.050000000000000044,14.30809989074866,70.1303316752116,494.97177179999926
gnn_rep__N8__line__seed6,gnn_qmix,coord_grid,6,5492,137325,138.0,25,0.050000000000000044,3.7317821149315153,68.84770107269287,495.0553166999998
gnn_rep__N8__line__seed6,gnn_qmix,coord_grid,6,5493,137350,143.0,25,0.050000000000000044,14.444837560256323,164.23575369517008,495.1456514999991
gnn_rep__N8__line__seed6,gnn_qmix,coord_grid,6,5494,137375,152.0,25,0.050000000000000044,22.603991508483887,203.82447560628256,495.2119738000001
gnn_rep__N8__line__seed6,gnn_qmix,coord_grid,6,5495,137400,155.0,25,0.050000000000000044,24.721786181132,216.0583817164103,495.26101800000106
gnn_rep__N8__line__seed6,gnn_qmix,coord_grid,6,5496,137425,143.0,25,0.050000000000000044,14.33907642534801,223.67028045654297,495.3427843999998
gnn_rep__N8__line__seed6,gnn_qmix,coord_grid,6,5497,137450,154.0,25,0.050000000000000044,16.368577132622402,126.47640911738078,495.42875189999904
gnn_rep__N8__line__seed6,gnn_qmix,coord_grid,6,5498,137475,140.0,25,0.050000000000000044,22.47952349980672,118.70313914616902,495.5224085000009
gnn_rep__N8__line__seed6,gnn_qmix,coord_grid,6,5499,137500,144.0,25,0.050000000000000044,16.442495197057724,109.26153294245402,495.64926529999866
gnn_rep__N8__line__seed6,gnn_qmix,coord_grid,6,5500,137525,150.0,25,0.050000000000000044,17.51774085845266,93.27056394304547,495.7303716999995
gnn_rep__N8__line__seed6,gnn_qmix,coord_grid,6,5501,137550,152.0,25,0.050000000000000044,20.23996369043986,44.04580211639404,495.81302770000184
gnn_rep__N8__line__seed6,gnn_qmix,coord_grid,6,5502,137575,145.0,25,0.050000000000000044,16.33350766201814,55.09873644510905,495.8795352999987
gnn_rep__N8__line__seed6,gnn_qmix,coord_grid,6,5503,137600,157.0,25,0.050000000000000044,4.492121880253156,159.25333420435587,495.9523098999998
gnn_rep__N8__line__seed6,gnn_qmix,coord_grid,6,5504,137625,148.0,25,0.050000000000000044,26.177091445241654,130.95113808768136,496.016980299999
gnn_rep__N8__line__seed6,gnn_qmix,coord_grid,6,5505,137650,140.0,25,0.050000000000000044,8.298763347168764,77.98940849304199,496.11643339999864
gnn_rep__N8__line__seed6,gnn_qmix,coord_grid,6,5506,137675,140.0,25,0.050000000000000044,8.547863195339838,141.42803192138672,496.201595999999
gnn_rep__N8__line__seed6,gnn_qmix,coord_grid,6,5507,137700,153.0,25,0.050000000000000044,28.322858179608982,44.04391098022461,496.2935733000013
gnn_rep__N8__line__seed6,gnn_qmix,coord_grid,6,5508,137725,151.0,25,0.050000000000000044,15.856069019862584,68.0267036982945,496.3723940000018
gnn_rep__N8__line__seed6,gnn_qmix,coord_grid,6,5509,137750,145.0,25,0.050000000000000044,12.336088329553604,92.10305563608806,496.4564840000021
gnn_rep__N8__line__seed6,gnn_qmix,coord_grid,6,5510,137775,155.0,25,0.050000000000000044,10.241091986497244,87.85573848088582,496.53358650000155
gnn_rep__N8__line__seed6,gnn_qmix,coord_grid,6,5511,137800,150.0,25,0.050000000000000044,12.450930744409561,121.55536142985027,496.651617800002
gnn_rep__N8__line__seed6,gnn_qmix,coord_grid,6,5512,137825,141.0,25,0.050000000000000044,20.426540281091416,248.84252766200476,496.73063829999955
gnn_rep__N8__line__seed6,gnn_qmix,coord_grid,6,5513,137850,136.0,25,0.050000000000000044,11.448729634284973,303.96856689453125,496.8055520000016
gnn_rep__N8__line__seed6,gnn_qmix,coord_grid,6,5514,137875,152.0,25,0.050000000000000044,16.85658547282219,199.32631905873617,496.8932485000005
gnn_rep__N8__line__seed6,gnn_qmix,coord_grid,6,5515,137900,154.0,25,0.050000000000000044,22.654101143280666,161.97210693359375,496.98531730000104
gnn_rep__N8__line__seed6,gnn_qmix,coord_grid,6,5516,137925,146.0,25,0.050000000000000044,16.01654640691621,184.90122004917689,497.0815008999998
gnn_rep__N8__line__seed6,gnn_qmix,coord_grid,6,5517,137950,153.0,25,0.050000000000000044,18.41051582992077,76.55652681986491,497.1617972999993
gnn_rep__N8__line__seed6,gnn_qmix,coord_grid,6,5518,137975,151.0,25,0.050000000000000044,12.378696074088415,63.17449394861857,497.2269774000015
gnn_rep__N8__line__seed6,gnn_qmix,coord_grid,6,5519,138000,151.0,25,0.050000000000000044,20.41721038023631,38.693148930867515,497.3348450000012
gnn_rep__N8__line__seed6,gnn_qmix,coord_grid,6,5520,138025,138.0,25,0.050000000000000044,14.141137037958417,90.36603164672852,497.42599650000193
gnn_rep__N8__line__seed6,gnn_qmix,coord_grid,6,5521,138050,150.0,25,0.050000000000000044,16.437407563130062,73.58760197957356,497.50760140000057
gnn_rep__N8__line__seed6,gnn_qmix,coord_grid,6,5522,138075,148.0,25,0.050000000000000044,14.367934711277485,55.27442248662313,497.5734693000013
gnn_rep__N8__line__seed6,gnn_qmix,coord_grid,6,5523,138100,150.0,25,0.050000000000000044,14.400529791911444,96.27714951833089,497.6939143999989
gnn_rep__N8__line__seed6,gnn_qmix,coord_grid,6,5524,138125,152.0,25,0.050000000000000044,24.619456427437918,184.01831109183175,497.7476361000008
gnn_rep__N8__line__seed6,gnn_qmix,coord_grid,6,5525,138150,151.0,25,0.050000000000000044,18.36485463877519,43.66234874725342,497.86892490000173
gnn_rep__N8__line__seed6,gnn_qmix,coord_grid,6,5526,138175,142.0,25,0.050000000000000044,8.394751712679863,43.03034528096517,497.9287389000019
gnn_rep__N8__line__seed6,gnn_qmix,coord_grid,6,5527,138200,150.0,25,0.050000000000000044,12.392830960452557,43.56623729070028,498.0057534000007
gnn_rep__N8__line__seed6,gnn_qmix,coord_grid,6,5528,138225,149.0,25,0.050000000000000044,19.27016376171793,77.49070113045829,498.11130649999905
gnn_rep__N8__line__seed6,gnn_qmix,coord_grid,6,5529,138250,136.0,25,0.050000000000000044,10.358851547042528,83.8901818593343,498.2568467000019
gnn_rep__N8__line__seed6,gnn_qmix,coord_grid,6,5530,138275,150.0,25,0.050000000000000044,14.378002097209295,133.54098002115884,498.3607278999989
gnn_rep__N8__line__seed6,gnn_qmix,coord_grid,6,5531,138300,148.0,25,0.050000000000000044,10.368440548578898,63.988952000935875,498.444243599999
gnn_rep__N8__line__seed6,gnn_qmix,coord_grid,6,5532,138325,140.0,25,0.050000000000000044,20.974771627358027,89.80123928615025,498.5882950000014
gnn_rep__N8__line__seed6,gnn_qmix,coord_grid,6,5533,138350,135.0,25,0.050000000000000044,6.349232964217663,123.5302054087321,498.7084622000002
gnn_rep__N8__line__seed6,gnn_qmix,coord_grid,6,5534,138375,148.0,25,0.050000000000000044,18.44922198106845,63.55372540156046,498.7705569999998
gnn_rep__N8__line__seed6,gnn_qmix,coord_grid,6,5535,138400,154.0,25,0.050000000000000044,18.38175156340003,44.86886342366537,498.8434663000007
gnn_rep__N8__line__seed6,gnn_qmix,coord_grid,6,5536,138425,148.0,25,0.050000000000000044,15.919658362865448,178.39153834751673,498.94286640000064
gnn_rep__N8__line__seed6,gnn_qmix,coord_grid,6,5537,138450,148.0,25,0.050000000000000044,20.47573871165514,80.05952072143555,499.0329649000014
gnn_rep__N8__line__seed6,gnn_qmix,coord_grid,6,5538,138475,144.0,25,0.050000000000000044,14.417214080691338,98.19576708475749,499.1262848000006
gnn_rep__N8__line__seed6,gnn_qmix,coord_grid,6,5539,138500,144.0,25,0.050000000000000044,16.414500554402668,141.72264925638834,499.20359330000065
gnn_rep__N8__line__seed6,gnn_qmix,coord_grid,6,5540,138525,145.0,25,0.050000000000000044,22.653935296194895,63.655405044555664,499.3380834000018
gnn_rep__N8__line__seed6,gnn_qmix,coord_grid,6,5541,138550,146.0,25,0.050000000000000044,14.385860924919447,145.34524567921957,499.42879090000133
gnn_rep__N8__line__seed6,gnn_qmix,coord_grid,6,5542,138575,158.0,25,0.050000000000000044,18.521315251787502,162.02845732371011,499.51531500000056
gnn_rep__N8__line__seed6,gnn_qmix,coord_grid,6,5543,138600,154.0,25,0.050000000000000044,12.541932562987009,216.09572982788086,499.61537410000165
gnn_rep__N8__line__seed6,gnn_qmix,coord_grid,6,5544,138625,148.0,25,0.050000000000000044,14.982014460223061,234.79130826677596,499.69519560000117
gnn_rep__N8__line__seed6,gnn_qmix,coord_grid,6,5545,138650,138.0,25,0.050000000000000044,10.613613530993462,142.76672999064127,499.7953216999995
gnn_rep__N8__line__seed6,gnn_qmix,coord_grid,6,5546,138675,144.0,25,0.050000000000000044,10.582009822130203,126.48505528767903,499.90913400000136
gnn_rep__N8__line__seed6,gnn_qmix,coord_grid,6,5547,138700,152.0,25,0.050000000000000044,20.61891762415568,109.92528661092122,500.03086450000046
gnn_rep__N8__line__seed6,gnn_qmix,coord_grid,6,5548,138725,155.0,25,0.050000000000000044,15.888466549771172,57.11876405988421,500.09682020000037
gnn_rep__N8__line__seed6,gnn_qmix,coord_grid,6,5549,138750,146.0,25,0.050000000000000044,20.577701598405838,40.217617670694985,500.2353451000017
gnn_rep__N8__line__seed6,gnn_qmix,coord_grid,6,5550,138775,141.0,25,0.050000000000000044,20.636918425559998,49.90758959452311,500.3328145999985
gnn_rep__N8__line__seed6,gnn_qmix,coord_grid,6,5551,138800,140.0,25,0.050000000000000044,12.519261449575424,71.66925938924153,500.4647995999985
gnn_rep__N8__line__seed6,gnn_qmix,coord_grid,6,5552,138825,146.0,25,0.050000000000000044,19.415149016039713,50.005984442574636,500.5569925999989
gnn_rep__N8__line__seed6,gnn_qmix,coord_grid,6,5553,138850,147.0,25,0.050000000000000044,18.67717806001504,96.82802073160808,500.66076450000037
gnn_rep__N8__line__seed6,gnn_qmix,coord_grid,6,5554,138875,152.0,25,0.050000000000000044,20.486683181176584,39.09508800506592,500.73130650000166
gnn_rep__N8__line__seed6,gnn_qmix,coord_grid,6,5555,138900,143.0,25,0.050000000000000044,8.477838397026062,86.43973032633464,500.7866331000005
gnn_rep__N8__line__seed6,gnn_qmix,coord_grid,6,5556,138925,151.0,25,0.050000000000000044,10.771128360714231,81.33546175275531,500.93564270000206
gnn_rep__N8__line__seed6,gnn_qmix,coord_grid,6,5557,138950,147.0,25,0.050000000000000044,16.500134592254955,78.1447696685791,501.00732250000146
gnn_rep__N8__line__seed6,gnn_qmix,coord_grid,6,5558,138975,124.0,25,0.050000000000000044,24.62967784826954,83.04838911692302,501.06672049999906
gnn_rep__N8__line__seed6,gnn_qmix,coord_grid,6,5559,139000,153.0,25,0.050000000000000044,18.60836426417033,145.1573804219564,501.15221179999935
gnn_rep__N8__line__seed6,gnn_qmix,coord_grid,6,5560,139025,154.0,25,0.050000000000000044,12.667379426104683,130.76458985464913,501.2261122000018
gnn_rep__N8__line__seed6,gnn_qmix,coord_grid,6,5561,139050,139.0,25,0.050000000000000044,8.421393319964409,143.31263478597006,501.3441516999992
gnn_rep__N8__line__seed6,gnn_qmix,coord_grid,6,5562,139075,141.0,25,0.050000000000000044,8.420938521623611,123.09327443440755,501.4258493999987
gnn_rep__N8__line__seed6,gnn_qmix,coord_grid,6,5563,139100,152.0,25,0.050000000000000044,16.657331466674805,164.1711196899414,501.52279759999874
gnn_rep__N8__line__seed6,gnn_qmix,coord_grid,6,5564,139125,135.0,25,0.050000000000000044,17.740034920828684,108.93461091177804,501.6075349999992
gnn_rep__N8__line__seed6,gnn_qmix,coord_grid,6,5565,139150,153.0,25,0.050000000000000044,14.371793215473494,60.31204652786255,501.6851209000015
gnn_rep__N8__line__seed6,gnn_qmix,coord_grid,6,5566,139175,138.0,25,0.050000000000000044,8.450296776990095,103.07394409179688,501.76051160000134
gnn_rep__N8__line__seed6,gnn_qmix,coord_grid,6,5567,139200,140.0,25,0.050000000000000044,12.477064810693264,74.98033078511556,501.90434409999943
gnn_rep__N8__line__seed6,gnn_qmix,coord_grid,6,5568,139225,149.0,25,0.050000000000000044,17.867469672645843,173.78799983433314,501.96551380000164
gnn_rep__N8__line__seed6,gnn_qmix,coord_grid,6,5569,139250,142.0,25,0.050000000000000044,24.67863893508911,69.06835134824117,502.0543316000003
gnn_rep__N8__line__seed6,gnn_qmix,coord_grid,6,5570,139275,151.0,25,0.050000000000000044,14.55938603480657,101.9323263168335,502.15155510000113
gnn_rep__N8__line__seed6,gnn_qmix,coord_grid,6,5571,139300,148.0,25,0.050000000000000044,10.498864750067392,72.09377400080363,502.26105090000055
gnn_rep__N8__line__seed6,gnn_qmix,coord_grid,6,5572,139325,149.0,25,0.050000000000000044,15.932531982660294,79.07056481497628,502.31404309999925
gnn_rep__N8__line__seed6,gnn_qmix,coord_grid,6,5573,139350,147.0,25,0.050000000000000044,18.549019381403923,104.16238403320312,502.3789242000021
gnn_rep__N8__line__seed6,gnn_qmix,coord_grid,6,5574,139375,150.0,25,0.050000000000000044,16.457353400687378,64.50093777974446,502.50503670000035
gnn_rep__N8__line__seed6,gnn_qmix,coord_grid,6,5575,139400,148.0,25,0.050000000000000044,22.62399689356486,83.79875818888347,502.61314029999994
gnn_rep__N8__line__seed6,gnn_qmix,coord_grid,6,5576,139425,151.0,25,0.050000000000000044,8.194813294070107,277.67396872384205,502.7034614000004
gnn_rep__N8__line__seed6,gnn_qmix,coord_grid,6,5577,139450,142.0,25,0.050000000000000044,19.131558626890182,225.38239256540933,502.80302289999963
gnn_rep__N8__line__seed6,gnn_qmix,coord_grid,6,5578,139475,138.0,25,0.050000000000000044,14.8581716020902,155.29899215698242,502.89916000000085
gnn_rep__N8__line__seed6,gnn_qmix,coord_grid,6,5579,139500,146.0,25,0.050000000000000044,10.47519455353419,82.74457041422527,503.04710479999994
gnn_rep__N8__line__seed6,gnn_qmix,coord_grid,6,5580,139525,148.0,25,0.050000000000000044,9.034898099090372,68.0550400870187,503.20340790000046
gnn_rep__N8__line__seed6,gnn_qmix,coord_grid,6,5581,139550,133.0,25,0.050000000000000044,10.547788908084234,86.83187294006348,503.28459479999947
gnn_rep__N8__line__seed6,gnn_qmix,coord_grid,6,5582,139575,144.0,25,0.050000000000000044,22.78553028901418,83.72306537628174,503.37421600000016
gnn_rep__N8__line__seed6,gnn_qmix,coord_grid,6,5583,139600,151.0,25,0.050000000000000044,18.688925902048748,72.00208600362141,503.47986970000056
gnn_rep__N8__line__seed6,gnn_qmix,coord_grid,6,5584,139625,140.0,25,0.050000000000000044,14.32386547752789,51.16973522731236,503.5803817999986
gnn_rep__N8__line__seed6,gnn_qmix,coord_grid,6,5585,139650,147.0,25,0.050000000000000044,20.740356127421062,60.88148848215739,503.69548550000036
gnn_rep__N8__line__seed6,gnn_qmix,coord_grid,6,5586,139675,147.0,25,0.050000000000000044,14.625372538963953,66.54590797424316,503.79992200000197
gnn_rep__N8__line__seed6,gnn_qmix,coord_grid,6,5587,139700,130.0,25,0.050000000000000044,18.71620770295461,80.68324343363444,503.9247546000006
gnn_rep__N8__line__seed6,gnn_qmix,coord_grid,6,5588,139725,145.0,25,0.050000000000000044,12.670306955065046,154.70207323346818,504.0300705000009
gnn_rep__N8__line__seed6,gnn_qmix,coord_grid,6,5589,139750,144.0,25,0.050000000000000044,8.531300157308578,133.85227711995444,504.12780719999864
gnn_rep__N8__line__seed6,gnn_qmix,coord_grid,6,5590,139775,138.0,25,0.050000000000000044,8.417469744880995,69.19436836242676,504.1756471000008
gnn_rep__N8__line__seed6,gnn_qmix,coord_grid,6,5591,139800,141.0,25,0.050000000000000044,26.817576343814533,56.96770985921224,504.2516399999986
gnn_rep__N8__line__seed6,gnn_qmix,coord_grid,6,5592,139825,154.0,25,0.050000000000000044,23.085192880460195,66.71753481456211,504.3365096000016
gnn_rep__N8__line__seed6,gnn_qmix,coord_grid,6,5593,139850,141.0,25,0.050000000000000044,12.634211501727501,86.13891092936198,504.40906339999856
gnn_rep__N8__line__seed6,gnn_qmix,coord_grid,6,5594,139875,144.0,25,0.050000000000000044,18.86742765704791,188.90159924825033,504.5006366000016
gnn_rep__N8__line__seed6,gnn_qmix,coord_grid,6,5595,139900,143.0,25,0.050000000000000044,12.815458883841833,226.14615853627524,504.5885206999992
gnn_rep__N8__line__seed6,gnn_qmix,coord_grid,6,5596,139925,146.0,25,0.050000000000000044,12.580532320908137,144.95722852434432,504.6619982000011
gnn_rep__N8__line__seed6,gnn_qmix,coord_grid,6,5597,139950,146.0,25,0.050000000000000044,18.632328619559605,65.42481931050618,504.7686371999989
gnn_rep__N8__line__seed6,gnn_qmix,coord_grid,6,5598,139975,156.0,25,0.050000000000000044,20.864020496606827,131.6956246693929,504.93763780000154
gnn_rep__N8__line__seed6,gnn_qmix,coord_grid,6,5599,140000,158.0,25,0.050000000000000044,14.68588026612997,173.82106018066406,505.0400773000001
gnn_rep__N8__line__seed6,gnn_qmix,coord_grid,6,5600,140025,148.0,25,0.050000000000000044,9.156060323119164,153.6302751813616,505.10366559999966
gnn_rep__N8__line__seed6,gnn_qmix,coord_grid,6,5601,140050,156.0,25,0.050000000000000044,12.769299412767092,209.50510470072427,505.1594772999997
gnn_rep__N8__line__seed6,gnn_qmix,coord_grid,6,5602,140075,149.0,25,0.050000000000000044,16.84370331466198,184.51084645589194,505.24751520000063
gnn_rep__N8__line__seed6,gnn_qmix,coord_grid,6,5603,140100,137.0,25,0.050000000000000044,20.72889945656061,71.45266628265381,505.3265032999989
gnn_rep__N8__line__seed6,gnn_qmix,coord_grid,6,5604,140125,148.0,25,0.050000000000000044,23.082003278391703,67.45322833742414,505.3959375000013
gnn_rep__N8__line__seed6,gnn_qmix,coord_grid,6,5605,140150,152.0,25,0.050000000000000044,24.956197425723076,187.7929458618164,505.4597514999987
gnn_rep__N8__line__seed6,gnn_qmix,coord_grid,6,5606,140175,149.0,25,0.050000000000000044,24.91649293899536,115.86507638295491,505.541438799999
gnn_rep__N8__line__seed6,gnn_qmix,coord_grid,6,5607,140200,146.0,25,0.050000000000000044,14.652257400254408,135.498566309611,505.63197690000015
gnn_rep__N8__line__seed6,gnn_qmix,coord_grid,6,5608,140225,143.0,25,0.050000000000000044,13.76870048046112,278.9266553606306,505.734923
gnn_rep__N8__line__seed6,gnn_qmix,coord_grid,6,5609,140250,157.0,25,0.050000000000000044,21.84267709652583,266.43802976608276,505.8193557000013
gnn_rep__N8__line__seed6,gnn_qmix,coord_grid,6,5610,140275,142.0,25,0.050000000000000044,11.389441053072611,294.80615997314453,505.89377740000054
gnn_rep__N8__line__seed6,gnn_qmix,coord_grid,6,5611,140300,151.0,25,0.050000000000000044,10.621538350979487,130.5123208363851,505.9729221999987
gnn_rep__N8__line__seed6,gnn_qmix,coord_grid,6,5612,140325,150.0,25,0.050000000000000044,19.78595690216337,138.26649039132255,506.07109069999933
gnn_rep__N8__line__seed6,gnn_qmix,coord_grid,6,5613,140350,148.0,25,0.050000000000000044,20.827086130777996,44.53670787811279,506.17127999999866
gnn_rep__N8__line__seed6,gnn_qmix,coord_grid,6,5614,140375,147.0,25,0.050000000000000044,16.79197844987114,59.79406134287516,506.2769100000005
gnn_rep__N8__line__seed6,gnn_qmix,coord_grid,6,5615,140400,151.0,25,0.050000000000000044,20.97503238916397,94.28169186909993,506.35172969999985
gnn_rep__N8__line__seed6,gnn_qmix,coord_grid,6,5616,140425,149.0,25,0.050000000000000044,17.969191615070617,56.52571650913784,506.43023410000023
gnn_rep__N8__line__seed6,gnn_qmix,coord_grid,6,5617,140450,163.0,25,0.050000000000000044,8.562808111310005,76.41215387980144,506.53375869999945
gnn_rep__N8__line__seed6,gnn_qmix,coord_grid,6,5618,140475,152.0,25,0.050000000000000044,20.949798742930096,63.39594221115112,506.63257130000056
gnn_rep__N8__line__seed6,gnn_qmix,coord_grid,6,5619,140500,150.0,25,0.050000000000000044,12.892702718575796,189.49605878194174,506.7189381999997
gnn_rep__N8__line__seed6,gnn_qmix,coord_grid,6,5620,140525,156.0,25,0.050000000000000044,32.31670555898121,175.5691740853446,506.8190708000002
gnn_rep__N8__line__seed6,gnn_qmix,coord_grid,6,5621,140550,139.0,25,0.050000000000000044,12.877918894092241,173.53343518575033,506.8878698000008
gnn_rep__N8__line__seed6,gnn_qmix,coord_grid,6,5622,140575,142.0,25,0.050000000000000044,12.842999746402105,231.2132167816162,506.98501210000177
gnn_rep__N8__line__seed6,gnn_qmix,coord_grid,6,5623,140600,155.0,25,0.050000000000000044,16.98208914200465,195.44835408528647,507.0626900999996
gnn_rep__N8__line__seed6,gnn_qmix,coord_grid,6,5624,140625,155.0,25,0.050000000000000044,14.508751038994108,158.06984056745256,507.17084370000157
gnn_rep__N8__line__seed6,gnn_qmix,coord_grid,6,5625,140650,151.0,25,0.050000000000000044,15.010427633921305,220.1496721903483,507.2828952000018
gnn_rep__N8__line__seed6,gnn_qmix,coord_grid,6,5626,140675,147.0,25,0.050000000000000044,18.980135276913643,195.10448010762533,507.39284380000026
gnn_rep__N8__line__seed6,gnn_qmix,coord_grid,6,5627,140700,147.0,25,0.050000000000000044,14.851487013200918,177.3193842569987,507.4471841000013
gnn_rep__N8__line__seed6,gnn_qmix,coord_grid,6,5628,140725,144.0,25,0.050000000000000044,14.382122265441078,98.01880019051688,507.55087130000175
gnn_rep__N8__line__seed6,gnn_qmix,coord_grid,6,5629,140750,147.0,25,0.050000000000000044,20.905924836794537,81.06354554494222,507.6099178000004
gnn_rep__N8__line__seed6,gnn_qmix,coord_grid,6,5630,140775,152.0,25,0.050000000000000044,14.712845578789711,104.40072059631348,507.66805060000115
gnn_rep__N8__line__seed6,gnn_qmix,coord_grid,6,5631,140800,146.0,25,0.050000000000000044,14.666875546177229,88.9307427406311,507.77407719999974
gnn_rep__N8__line__seed6,gnn_qmix,coord_grid,6,5632,140825,149.0,25,0.050000000000000044,21.436121263674327,46.33337157113211,507.9034959000019
gnn_rep__N8__line__seed6,gnn_qmix,coord_grid,6,5633,140850,156.0,25,0.050000000000000044,20.813183307647705,91.14190673828125,507.99251749999894
gnn_rep__N8__line__seed6,gnn_qmix,coord_grid,6,5634,140875,144.0,25,0.050000000000000044,14.667047535379728,99.05468988418579,508.0418118000016
gnn_rep__N8__line__seed6,gnn_qmix,coord_grid,6,5635,140900,164.0,25,0.050000000000000044,12.717707919577757,131.16933568318686,508.1668310999994
gnn_rep__N8__line__seed6,gnn_qmix,coord_grid,6,5636,140925,137.0,25,0.050000000000000044,24.972476686750138,65.25733539036342,508.2459818999996
gnn_rep__N8__line__seed6,gnn_qmix,coord_grid,6,5637,140950,134.0,25,0.050000000000000044,10.574675460656485,92.16698455810547,508.3273107999994
gnn_rep__N8__line__seed6,gnn_qmix,coord_grid,6,5638,140975,143.0,25,0.050000000000000044,12.699325740337372,150.16986719767252,508.4515581000014
gnn_rep__N8__line__seed6,gnn_qmix,coord_grid,6,5639,141000,136.0,25,0.050000000000000044,16.718672359983128,79.4352167447408,508.50033280000207
gnn_rep__N8__line__seed6,gnn_qmix,coord_grid,6,5640,141025,151.0,25,0.050000000000000044,22.52336597442627,264.29893493652344,508.5717102999988
gnn_rep__N8__line__seed6,gnn_qmix,coord_grid,6,5641,141050,140.0,25,0.050000000000000044,23.5224822362264,233.49461364746094,508.6340572000008
gnn_rep__N8__line__seed6,gnn_qmix,coord_grid,6,5642,141075,148.0,25,0.050000000000000044,21.41824542482694,230.77883911132812,508.6998999999996
gnn_rep__N8__line__seed6,gnn_qmix,coord_grid,6,5643,141100,154.0,25,0.050000000000000044,27.649131615956623,234.24397786458334,508.78174859999854
gnn_rep__N8__line__seed6,gnn_qmix,coord_grid,6,5644,141125,153.0,25,0.050000000000000044,20.21870613523892,261.77925981794084,508.8425458999991
gnn_rep__N8__line__seed6,gnn_qmix,coord_grid,6,5645,141150,150.0,25,0.050000000000000044,19.329973856608074,245.5171744028727,508.9187353999987
gnn_rep__N8__line__seed6,gnn_qmix,coord_grid,6,5646,141175,153.0,25,0.050000000000000044,13.053057769934336,224.9087231953939,508.99797780000154
gnn_rep__N8__line__seed6,gnn_qmix,coord_grid,6,5647,141200,123.0,25,0.050000000000000044,21.396584103504818,223.62536493937174,509.0571597999988
gnn_rep__N8__line__seed6,gnn_qmix,coord_grid,6,5648,141225,147.0,25,0.050000000000000044,21.82006072998047,207.61147962297713,509.1214602
gnn_rep__N8__line__seed6,gnn_qmix,coord_grid,6,5649,141250,150.0,25,0.050000000000000044,21.233484109242756,191.20553398132324,509.1747761000006
gnn_rep__N8__line__seed6,gnn_qmix,coord_grid,6,5650,141275,140.0,25,0.050000000000000044,21.174604336420696,201.7083880106608,509.2459721000014
gnn_rep__N8__line__seed6,gnn_qmix,coord_grid,6,5651,141300,141.0,25,0.050000000000000044,16.93997975687186,126.53566455841064,509.35704890000125
gnn_rep__N8__line__seed6,gnn_qmix,coord_grid,6,5652,141325,150.0,25,0.050000000000000044,16.22142237850598,44.77807549067906,509.42163620000065
gnn_rep__N8__line__seed6,gnn_qmix,coord_grid,6,5653,141350,155.0,25,0.050000000000000044,4.345332415153583,38.958273569742836,509.5092427000018
gnn_rep__N8__line__seed6,gnn_qmix,coord_grid,6,5654,141375,154.0,25,0.050000000000000044,16.90152133007844,51.3499116897583,509.6038539000001
gnn_rep__N8__line__seed6,gnn_qmix,coord_grid,6,5655,141400,143.0,25,0.050000000000000044,23.19747765858968,153.59195772806802,509.73139960000117
gnn_rep__N8__line__seed6,gnn_qmix,coord_grid,6,5656,141425,140.0,25,0.050000000000000044,12.728639321667808,99.1291321345738,509.8204895000017
gnn_rep__N8__line__seed6,gnn_qmix,coord_grid,6,5657,141450,145.0,25,0.050000000000000044,19.02112593750159,107.39969412485759,509.9253639999988
gnn_rep__N8__line__seed6,gnn_qmix,coord_grid,6,5658,141475,153.0,25,0.050000000000000044,21.090313404798508,160.0375951131185,510.0001440999986
gnn_rep__N8__line__seed6,gnn_qmix,coord_grid,6,5659,141500,144.0,25,0.050000000000000044,18.871520792444546,46.13723659515381,510.07981500000096
gnn_rep__N8__line__seed6,gnn_qmix,coord_grid,6,5660,141525,133.0,25,0.050000000000000044,19.788594145859992,98.00355775015694,510.1968191999986
gnn_rep__N8__line__seed6,gnn_qmix,coord_grid,6,5661,141550,151.0,25,0.050000000000000044,16.948029413819313,65.28396002451579,510.32910529999936
gnn_rep__N8__line__seed6,gnn_qmix,coord_grid,6,5662,141575,147.0,25,0.050000000000000044,14.727245703339577,80.251722017924,510.4433317000003
gnn_rep__N8__line__seed6,gnn_qmix,coord_grid,6,5663,141600,154.0,25,0.050000000000000044,22.99095545957486,43.75611432393392,510.53641210000205
gnn_rep__N8__line__seed6,gnn_qmix,coord_grid,6,5664,141625,138.0,25,0.050000000000000044,16.26886117884091,82.57203129359654,510.6112466000013
gnn_rep__N8__line__seed6,gnn_qmix,coord_grid,6,5665,141650,157.0,25,0.050000000000000044,6.4460765197873116,83.7218869527181,510.6832684000001
gnn_rep__N8__line__seed6,gnn_qmix,coord_grid,6,5666,141675,137.0,25,0.050000000000000044,14.7218526105086,87.28446928660075,510.7510728999987
gnn_rep__N8__line__seed6,gnn_qmix,coord_grid,6,5667,141700,144.0,25,0.050000000000000044,8.55569284160932,71.13780577977498,510.8771125000021
gnn_rep__N8__line__seed6,gnn_qmix,coord_grid,6,5668,141725,146.0,25,0.050000000000000044,19.72571014612913,44.85114615304129,510.9597352000019
gnn_rep__N8__line__seed6,gnn_qmix,coord_grid,6,5669,141750,147.0,25,0.050000000000000044,14.785350009799004,67.01778825124104,511.0344597000003
gnn_rep__N8__line__seed6,gnn_qmix,coord_grid,6,5670,141775,152.0,25,0.050000000000000044,25.28202493985494,166.06778971354166,511.1011432000014
gnn_rep__N8__line__seed6,gnn_qmix,coord_grid,6,5671,141800,152.0,25,0.050000000000000044,10.703697880109152,75.46151224772136,511.19021590000193
gnn_rep__N8__line__seed6,gnn_qmix,coord_grid,6,5672,141825,146.0,25,0.050000000000000044,24.51768606049674,249.83219037737166,511.25958270000046
gnn_rep__N8__line__seed6,gnn_qmix,coord_grid,6,5673,141850,144.0,25,0.050000000000000044,24.168572107950848,257.6999127070109,511.3536415999988
gnn_rep__N8__line__seed6,gnn_qmix,coord_grid,6,5674,141875,150.0,25,0.050000000000000044,11.519159952799479,300.87088775634766,511.4545997999994
gnn_rep__N8__line__seed6,gnn_qmix,coord_grid,6,5675,141900,152.0,25,0.050000000000000044,19.28532536824544,196.0021184285482,511.55271410000205
gnn_rep__N8__line__seed6,gnn_qmix,coord_grid,6,5676,141925,149.0,25,0.050000000000000044,20.06263127497264,129.40045166015625,511.6610126000014
gnn_rep__N8__line__seed6,gnn_qmix,coord_grid,6,5677,141950,144.0,25,0.050000000000000044,12.734203338623047,89.16064580281575,511.707841200001
gnn_rep__N8__line__seed6,gnn_qmix,coord_grid,6,5678,141975,145.0,25,0.050000000000000044,27.448661044239998,107.55191437403361,511.7866146999986
gnn_rep__N8__line__seed6,gnn_qmix,coord_grid,6,5679,142000,153.0,25,0.050000000000000044,4.428253084421158,92.14665857950847,511.88984509999864
gnn_rep__N8__line__seed6,gnn_qmix,coord_grid,6,5680,142025,150.0,25,0.050000000000000044,14.604969250304359,70.89270564488002,512.0497145000008
gnn_rep__N8__line__seed6,gnn_qmix,coord_grid,6,5681,142050,145.0,25,0.050000000000000044,23.23224150886138,70.60403887430827,512.1790255999986
gnn_rep__N8__line__seed6,gnn_qmix,coord_grid,6,5682,142075,157.0,25,0.050000000000000044,6.528956823050976,105.0967566172282,512.2603030999999
gnn_rep__N8__line__seed6,gnn_qmix,coord_grid,6,5683,142100,145.0,25,0.050000000000000044,14.820603929460049,85.91712379455566,512.3330411999996
gnn_rep__N8__line__seed6,gnn_qmix,coord_grid,6,5684,142125,150.0,25,0.050000000000000044,18.211018809250422,93.8420639038086,512.4073112000005
gnn_rep__N8__line__seed6,gnn_qmix,coord_grid,6,5685,142150,144.0,25,0.050000000000000044,8.694660171866417,67.32210222880046,512.500418399999
gnn_rep__N8__line__seed6,gnn_qmix,coord_grid,6,5686,142175,157.0,25,0.050000000000000044,12.81978002935648,101.50120798746745,512.580393799999
gnn_rep__N8__line__seed6,gnn_qmix,coord_grid,6,5687,142200,154.0,25,0.050000000000000044,16.952449490626652,64.3308032353719,512.7052962000016
gnn_rep__N8__line__seed6,gnn_qmix,coord_grid,6,5688,142225,139.0,25,0.050000000000000044,30.821616581508092,139.83323233468192,512.7894691000001
gnn_rep__N8__line__seed6,gnn_qmix,coord_grid,6,5689,142250,152.0,25,0.050000000000000044,21.25701531022787,147.3020248413086,512.8764784000014
gnn_rep__N8__line__seed6,gnn_qmix,coord_grid,6,5690,142275,150.0,25,0.050000000000000044,8.76772559930881,181.98908376693726,512.9448803000014
gnn_rep__N8__line__seed6,gnn_qmix,coord_grid,6,5691,142300,151.0,25,0.050000000000000044,12.746715563038984,112.12745332717896,513.0368514000002
gnn_rep__N8__line__seed6,gnn_qmix,coord_grid,6,5692,142325,153.0,25,0.050000000000000044,10.943106911012105,73.04209463936942,513.0845660000014
gnn_rep__N8__line__seed6,gnn_qmix,coord_grid,6,5693,142350,143.0,25,0.050000000000000044,29.517707280814648,105.26230812072754,513.1894391999995
gnn_rep__N8__line__seed6,gnn_qmix,coord_grid,6,5694,142375,155.0,25,0.050000000000000044,14.9867266168197,181.9185937245687,513.2840429999997
gnn_rep__N8__line__seed6,gnn_qmix,coord_grid,6,5695,142400,148.0,25,0.050000000000000044,10.725069426000118,125.5519421895345,513.3659726000005
gnn_rep__N8__line__seed6,gnn_qmix,coord_grid,6,5696,142425,152.0,25,0.050000000000000044,16.431545991982734,139.50160435267858,513.4461109000003
gnn_rep__N8__line__seed6,gnn_qmix,coord_grid,6,5697,142450,135.0,25,0.050000000000000044,16.956986208756764,71.72820170720418,513.5084157000019
gnn_rep__N8__line__seed6,gnn_qmix,coord_grid,6,5698,142475,143.0,25,0.050000000000000044,6.44585046172142,75.92887512842815,513.581840400002
gnn_rep__N8__line__seed6,gnn_qmix,coord_grid,6,5699,142500,149.0,25,0.050000000000000044,25.314884026845295,85.84681638081868,513.6915315000006
gnn_rep__N8__line__seed6,gnn_qmix,coord_grid,6,5700,142525,148.0,25,0.050000000000000044,16.373879939317703,69.63741656712124,513.7875982000005
gnn_rep__N8__line__seed6,gnn_qmix,coord_grid,6,5701,142550,143.0,25,0.050000000000000044,10.719703758756319,129.48469670613608,513.8995466999986
gnn_rep__N8__line__seed6,gnn_qmix,coord_grid,6,5702,142575,141.0,25,0.050000000000000044,17.105939641594887,187.0398324330648,514.0015893000018
gnn_rep__N8__line__seed6,gnn_qmix,coord_grid,6,5703,142600,149.0,25,0.050000000000000044,23.54887628555298,227.08210023244223,514.0772347999991
gnn_rep__N8__line__seed6,gnn_qmix,coord_grid,6,5704,142625,143.0,25,0.050000000000000044,13.758783876895905,281.6772210257394,514.1453497000002
gnn_rep__N8__line__seed6,gnn_qmix,coord_grid,6,5705,142650,135.0,25,0.050000000000000044,27.86260922749837,178.26129722595215,514.2383991999995
gnn_rep__N8__line__seed6,gnn_qmix,coord_grid,6,5706,142675,147.0,25,0.050000000000000044,15.14171527326107,138.79721132914224,514.3052767000008
gnn_rep__N8__line__seed6,gnn_qmix,coord_grid,6,5707,142700,159.0,25,0.050000000000000044,23.448501427968342,121.2712475458781,514.4342976000007
gnn_rep__N8__line__seed6,gnn_qmix,coord_grid,6,5708,142725,151.0,25,0.050000000000000044,21.80995900290353,54.101982321058,514.5223361999997
gnn_rep__N8__line__seed6,gnn_qmix,coord_grid,6,5709,142750,135.0,25,0.050000000000000044,10.79628631969293,96.24473158518474,514.580995100001
gnn_rep__N8__line__seed6,gnn_qmix,coord_grid,6,5710,142775,166.0,25,0.050000000000000044,17.219435745229323,193.98656845092773,514.6495040000009
gnn_rep__N8__line__seed6,gnn_qmix,coord_grid,6,5711,142800,150.0,25,0.050000000000000044,23.40020575126012,128.43021456400552,514.7402422999985
gnn_rep__N8__line__seed6,gnn_qmix,coord_grid,6,5712,142825,133.0,25,0.050000000000000044,16.612107966627395,183.69080461774553,514.8455729000016
gnn_rep__N8__line__seed6,gnn_qmix,coord_grid,6,5713,142850,152.0,25,0.050000000000000044,23.50353209177653,87.59612051645915,514.9122238999989
gnn_rep__N8__line__seed6,gnn_qmix,coord_grid,6,5714,142875,155.0,25,0.050000000000000044,10.855899473031362,143.8540293375651,514.9998445000019
gnn_rep__N8__line__seed6,gnn_qmix,coord_grid,6,5715,142900,139.0,25,0.050000000000000044,15.122187932332357,151.7977091471354,515.1110350000017
gnn_rep__N8__line__seed6,gnn_qmix,coord_grid,6,5716,142925,148.0,25,0.050000000000000044,11.240376527820315,133.70063400268555,515.1714496999994
gnn_rep__N8__line__seed6,gnn_qmix,coord_grid,6,5717,142950,138.0,25,0.050000000000000044,12.99629482626915,162.30590041478476,515.2544280000002
gnn_rep__N8__line__seed6,gnn_qmix,coord_grid,6,5718,142975,150.0,25,0.050000000000000044,10.841169933478037,97.72903982798259,515.3496607999987
gnn_rep__N8__line__seed6,gnn_qmix,coord_grid,6,5719,143000,147.0,25,0.050000000000000044,21.344354699055355,179.7721710205078,515.4255779000014
gnn_rep__N8__line__seed6,gnn_qmix,coord_grid,6,5720,143025,150.0,25,0.050000000000000044,7.530443140438625,154.22218322753906,515.5028555999997
gnn_rep__N8__line__seed6,gnn_qmix,coord_grid,6,5721,143050,146.0,25,0.050000000000000044,8.708918636043867,98.23095893859863,515.589323799999
gnn_rep__N8__line__seed6,gnn_qmix,coord_grid,6,5722,143075,137.0,25,0.050000000000000044,17.31166462848584,226.24955685933432,515.6748890000017
gnn_rep__N8__line__seed6,gnn_qmix,coord_grid,6,5723,143100,153.0,25,0.050000000000000044,13.14023733139038,239.24057133992514,515.7592279000019
gnn_rep__N8__line__seed6,gnn_qmix,coord_grid,6,5724,143125,143.0,25,0.050000000000000044,14.746524629848343,148.54748317173548,515.8434997000004
gnn_rep__N8__line__seed6,gnn_qmix,coord_grid,6,5725,143150,144.0,25,0.050000000000000044,4.559712752699852,154.64188289642334,515.9493098000021
gnn_rep__N8__line__seed6,gnn_qmix,coord_grid,6,5726,143175,149.0,25,0.050000000000000044,21.25549105430643,81.64782842000325,516.0094916999988
gnn_rep__N8__line__seed6,gnn_qmix,coord_grid,6,5727,143200,152.0,25,0.050000000000000044,14.987511691947779,103.44829559326172,516.0945408000007
gnn_rep__N8__line__seed6,gnn_qmix,coord_grid,6,5728,143225,143.0,25,0.050000000000000044,12.833257905074529,86.75294835226876,516.1842011000008
gnn_rep__N8__line__seed6,gnn_qmix,coord_grid,6,5729,143250,160.0,25,0.050000000000000044,17.01128231237332,44.708187421162926,516.2593785999998
gnn_rep__N8__line__seed6,gnn_qmix,coord_grid,6,5730,143275,146.0,25,0.050000000000000044,23.413362979888916,147.41558074951172,516.3415894999998
gnn_rep__N8__line__seed6,gnn_qmix,coord_grid,6,5731,143300,148.0,25,0.050000000000000044,29.68016179402669,51.09000873565674,516.4074662999992
gnn_rep__N8__line__seed6,gnn_qmix,coord_grid,6,5732,143325,151.0,25,0.050000000000000044,18.215609018291747,54.68421418326242,516.4881986
gnn_rep__N8__line__seed6,gnn_qmix,coord_grid,6,5733,143350,144.0,25,0.050000000000000044,14.925497290988764,49.125728607177734,516.5530160999988
gnn_rep__N8__line__seed6,gnn_qmix,coord_grid,6,5734,143375,147.0,25,0.050000000000000044,17.18139584859212,109.47130839029948,516.6265063999999
gnn_rep__N8__line__seed6,gnn_qmix,coord_grid,6,5735,143400,159.0,25,0.050000000000000044,27.587303557743628,74.39542706807454,516.7031295999986
gnn_rep__N8__line__seed6,gnn_qmix,coord_grid,6,5736,143425,145.0,25,0.050000000000000044,19.20158971420356,266.93470873151506,516.8012956999992
gnn_rep__N8__line__seed6,gnn_qmix,coord_grid,6,5737,143450,146.0,25,0.050000000000000044,17.68565907080968,259.0398661295573,516.9482572000015
gnn_rep__N8__line__seed6,gnn_qmix,coord_grid,6,5738,143475,148.0,25,0.050000000000000044,28.143031895160675,216.75730832417807,517.032846500002
gnn_rep__N8__line__seed6,gnn_qmix,coord_grid,6,5739,143500,151.0,25,0.050000000000000044,21.575587679942448,120.9741439819336,517.1487798999988
gnn_rep__N8__line__seed6,gnn_qmix,coord_grid,6,5740,143525,146.0,25,0.050000000000000044,22.122401778187072,177.15371813092912,517.2926546999988
gnn_rep__N8__line__seed6,gnn_qmix,coord_grid,6,5741,143550,142.0,25,0.050000000000000044,17.23919878403346,97.21089776357015,517.4129990000001
gnn_rep__N8__line__seed6,gnn_qmix,coord_grid,6,5742,143575,148.0,25,0.050000000000000044,21.452538058161736,77.18462181091309,517.5058338000017
gnn_rep__N8__line__seed6,gnn_qmix,coord_grid,6,5743,143600,145.0,25,0.050000000000000044,25.77820901075999,99.49580764770508,517.5543687999998
gnn_rep__N8__line__seed6,gnn_qmix,coord_grid,6,5744,143625,147.0,25,0.050000000000000044,22.06077398572649,89.86212062835693,517.6378809999987
gnn_rep__N8__line__seed6,gnn_qmix,coord_grid,6,5745,143650,137.0,25,0.050000000000000044,19.250938976804417,65.90404987335205,517.7340508999987
gnn_rep__N8__line__seed6,gnn_qmix,coord_grid,6,5746,143675,139.0,25,0.050000000000000044,15.119655080139637,70.60259373982747,517.818523599999
gnn_rep__N8__line__seed6,gnn_qmix,coord_grid,6,5747,143700,145.0,25,0.050000000000000044,15.213461101055145,120.69113461176555,517.8757666999991
gnn_rep__N8__line__seed6,gnn_qmix,coord_grid,6,5748,143725,136.0,25,0.050000000000000044,16.719468423298427,152.61625126429968,517.9606072999995
gnn_rep__N8__line__seed6,gnn_qmix,coord_grid,6,5749,143750,139.0,25,0.050000000000000044,10.785612687468529,47.82890351613363,518.0469591000001
gnn_rep__N8__line__seed6,gnn_qmix,coord_grid,6,5750,143775,150.0,25,0.050000000000000044,15.322177569071451,128.83477560679117,518.1331565
gnn_rep__N8__line__seed6,gnn_qmix,coord_grid,6,5751,143800,151.0,25,0.050000000000000044,19.397074858347576,185.65711212158203,518.2073643000003
gnn_rep__N8__line__seed6,gnn_qmix,coord_grid,6,5752,143825,144.0,25,0.050000000000000044,18.385456902640207,74.77317932673863,518.3174036000019
gnn_rep__N8__line__seed6,gnn_qmix,coord_grid,6,5753,143850,139.0,25,0.050000000000000044,10.930948046346506,97.53588485717773,518.3987401000013
gnn_rep__N8__line__seed6,gnn_qmix,coord_grid,6,5754,143875,138.0,25,0.050000000000000044,8.697662522395452,61.57442935307821,518.4945546999988
gnn_rep__N8__line__seed6,gnn_qmix,coord_grid,6,5755,143900,145.0,25,0.050000000000000044,17.29829269150893,127.47857856750488,518.5798949999989
gnn_rep__N8__line__seed6,gnn_qmix,coord_grid,6,5756,143925,141.0,25,0.050000000000000044,16.608605716909683,101.88212748936245,518.6449303000009
gnn_rep__N8__line__seed6,gnn_qmix,coord_grid,6,5757,143950,154.0,25,0.050000000000000044,19.431490739186604,137.14815044403076,518.7355441
gnn_rep__N8__line__seed6,gnn_qmix,coord_grid,6,5758,143975,135.0,25,0.050000000000000044,13.067010740439096,140.77084350585938,518.8537612
gnn_rep__N8__line__seed6,gnn_qmix,coord_grid,6,5759,144000,149.0,25,0.050000000000000044,25.613051787018776,84.31004206339519,518.9079743000002
gnn_rep__N8__line__seed6,gnn_qmix,coord_grid,6,5760,144025,145.0,25,0.050000000000000044,14.788737548249108,67.0864394051688,519.0359996000007
gnn_rep__N8__line__seed6,gnn_qmix,coord_grid,6,5761,144050,135.0,25,0.050000000000000044,23.701125621795654,112.18424542744954,519.1330554999986
gnn_rep__N8__line__seed6,gnn_qmix,coord_grid,6,5762,144075,152.0,25,0.050000000000000044,19.433263301849365,162.6511713663737,519.2259176000007
gnn_rep__N8__line__seed6,gnn_qmix,coord_grid,6,5763,144100,135.0,25,0.050000000000000044,15.152664686242739,107.56342951456706,519.3306312999994
gnn_rep__N8__line__seed6,gnn_qmix,coord_grid,6,5764,144125,154.0,25,0.050000000000000044,9.508595262254987,147.01723289489746,519.452425200001
gnn_rep__N8__line__seed6,gnn_qmix,coord_grid,6,5765,144150,153.0,25,0.050000000000000044,23.804014205932617,181.84690856933594,519.5446120999986
gnn_rep__N8__line__seed6,gnn_qmix,coord_grid,6,5766,144175,143.0,25,0.050000000000000044,19.262214332818985,100.30329195658366,519.6562309000001
gnn_rep__N8__line__seed6,gnn_qmix,coord_grid,6,5767,144200,148.0,25,0.050000000000000044,6.612142351766427,81.86180369059245,519.7807791000014
gnn_rep__N8__line__seed6,gnn_qmix,coord_grid,6,5768,144225,143.0,25,0.050000000000000044,26.796460560389928,280.88349478585377,519.8338269999986
gnn_rep__N8__line__seed6,gnn_qmix,coord_grid,6,5769,144250,133.0,25,0.050000000000000044,7.267337600390117,288.8176689147949,519.907785200001
gnn_rep__N8__line__seed6,gnn_qmix,coord_grid,6,5770,144275,146.0,25,0.050000000000000044,24.12069747845332,254.05605379740396,520.0006080999992
gnn_rep__N8__line__seed6,gnn_qmix,coord_grid,6,5771,144300,148.0,25,0.050000000000000044,13.439037159085274,253.84671338399252,520.0886475000007
gnn_rep__N8__line__seed6,gnn_qmix,coord_grid,6,5772,144325,154.0,25,0.050000000000000044,7.77740774835859,224.4899662562779,520.1959440999999
gnn_rep__N8__line__seed6,gnn_qmix,coord_grid,6,5773,144350,147.0,25,0.050000000000000044,17.40371259053548,163.26800664265951,520.2501917000009
gnn_rep__N8__line__seed6,gnn_qmix,coord_grid,6,5774,144375,154.0,25,0.050000000000000044,13.154228339592615,196.4870745340983,520.3581775999992
gnn_rep__N8__line__seed6,gnn_qmix,coord_grid,6,5775,144400,149.0,25,0.050000000000000044,28.02847334245841,113.12586085001628,520.4075993000006
gnn_rep__N8__line__seed6,gnn_qmix,coord_grid,6,5776,144425,155.0,25,0.050000000000000044,15.061588713100978,207.6499868120466,520.5344411000005
gnn_rep__N8__line__seed6,gnn_qmix,coord_grid,6,5777,144450,154.0,25,0.050000000000000044,17.558955123027165,233.85050837198892,520.600978800001
gnn_rep__N8__line__seed6,gnn_qmix,coord_grid,6,5778,144475,138.0,25,0.050000000000000044,26.019978841145832,192.61419105529785,520.6599590000005
gnn_rep__N8__line__seed6,gnn_qmix,coord_grid,6,5779,144500,149.0,25,0.050000000000000044,11.091617333392302,206.42314275105795,520.7515377000018
gnn_rep__N8__line__seed6,gnn_qmix,coord_grid,6,5780,144525,146.0,25,0.050000000000000044,22.49858349987439,223.43663351876395,520.8033839999989
gnn_rep__N8__line__seed6,gnn_qmix,coord_grid,6,5781,144550,151.0,25,0.050000000000000044,26.09549229343732,221.73432731628418,520.8808357999987
gnn_rep__N8__line__seed6,gnn_qmix,coord_grid,6,5782,144575,151.0,25,0.050000000000000044,28.223719596862793,208.5746612548828,520.9811050999997
gnn_rep__N8__line__seed6,gnn_qmix,coord_grid,6,5783,144600,130.0,25,0.050000000000000044,17.51751583814621,224.27587381998697,521.042021199999
gnn_rep__N8__line__seed6,gnn_qmix,coord_grid,6,5784,144625,147.0,25,0.050000000000000044,24.29369991166251,235.76040104457311,521.1007677000016
gnn_rep__N8__line__seed6,gnn_qmix,coord_grid,6,5785,144650,137.0,25,0.050000000000000044,17.524530892570812,193.5645612080892,521.1847997000004
gnn_rep__N8__line__seed6,gnn_qmix,coord_grid,6,5786,144675,148.0,25,0.050000000000000044,23.93835250536601,189.48043823242188,521.291129199999
gnn_rep__N8__line__seed6,gnn_qmix,coord_grid,6,5787,144700,149.0,25,0.050000000000000044,21.91124029457569,221.30257034301758,521.3658531000001
gnn_rep__N8__line__seed6,gnn_qmix,coord_grid,6,5788,144725,146.0,25,0.050000000000000044,16.945156662591867,232.4700562613351,521.4684863000002
gnn_rep__N8__line__seed6,gnn_qmix,coord_grid,6,5789,144750,147.0,25,0.050000000000000044,23.970050017038982,226.98000844319662,521.5684828000012
gnn_rep__N8__line__seed6,gnn_qmix,coord_grid,6,5790,144775,149.0,25,0.050000000000000044,15.251684186359247,161.1788241068522,521.6320544000009
gnn_rep__N8__line__seed6,gnn_qmix,coord_grid,6,5791,144800,142.0,25,0.050000000000000044,15.451051913201809,252.8489761352539,521.7060860999991
gnn_rep__N8__line__seed6,gnn_qmix,coord_grid,6,5792,144825,150.0,25,0.050000000000000044,14.94241991106953,117.00369576045445,521.808333500001
gnn_rep__N8__line__seed6,gnn_qmix,coord_grid,6,5793,144850,157.0,25,0.050000000000000044,8.743393043677012,89.9411226908366,521.9092204000008
gnn_rep__N8__line__seed6,gnn_qmix,coord_grid,6,5794,144875,137.0,25,0.050000000000000044,13.285457722842693,202.30350176493326,522.0141049000013
gnn_rep__N8__line__seed6,gnn_qmix,coord_grid,6,5795,144900,149.0,25,0.050000000000000044,15.4755636403958,230.26224327087402,522.0663891000004
gnn_rep__N8__line__seed6,gnn_qmix,coord_grid,6,5796,144925,152.0,25,0.050000000000000044,13.11272508757455,150.26674352373396,522.17022
gnn_rep__N8__line__seed6,gnn_qmix,coord_grid,6,5797,144950,153.0,25,0.050000000000000044,21.606969674428303,78.28336318333943,522.2438561000017
gnn_rep__N8__line__seed6,gnn_qmix,coord_grid,6,5798,144975,151.0,25,0.050000000000000044,6.67549940943718,112.23356596628825,522.345487999999
gnn_rep__N8__line__seed6,gnn_qmix,coord_grid,6,5799,145000,144.0,25,0.050000000000000044,15.233604935308298,107.0779143969218,522.4050341000002
gnn_rep__N8__line__seed6,gnn_qmix,coord_grid,6,5800,145025,138.0,25,0.050000000000000044,16.10727982861655,261.8727809361049,522.4874762
gnn_rep__N8__line__seed6,gnn_qmix,coord_grid,6,5801,145050,147.0,25,0.050000000000000044,18.22390542427699,246.6876220703125,522.5676289000003
gnn_rep__N8__line__seed6,gnn_qmix,coord_grid,6,5802,145075,155.0,25,0.050000000000000044,18.050224517782528,256.4425760904948,522.6357293000001
gnn_rep__N8__line__seed6,gnn_qmix,coord_grid,6,5803,145100,145.0,25,0.050000000000000044,17.776264667510986,214.45400873819986,522.7311933000019
gnn_rep__N8__line__seed6,gnn_qmix,coord_grid,6,5804,145125,146.0,25,0.050000000000000044,18.78727185300418,112.39161763872418,522.8072317000006
gnn_rep__N8__line__seed6,gnn_qmix,coord_grid,6,5805,145150,143.0,25,0.050000000000000044,15.324697817365328,52.28623374303182,522.922177299999
gnn_rep__N8__line__seed6,gnn_qmix,coord_grid,6,5806,145175,137.0,25,0.050000000000000044,13.152878311773142,80.58377774556477,523.0097334999991
gnn_rep__N8__line__seed6,gnn_qmix,coord_grid,6,5807,145200,150.0,25,0.050000000000000044,21.778433156510193,62.94337876637777,523.0596253000003
gnn_rep__N8__line__seed6,gnn_qmix,coord_grid,6,5808,145225,146.0,25,0.050000000000000044,18.93702103836196,201.04609843662806,523.1680360999999
gnn_rep__N8__line__seed6,gnn_qmix,coord_grid,6,5809,145250,153.0,25,0.050000000000000044,8.900705397129059,102.05112934112549,523.2640983000019
gnn_rep__N8__line__seed6,gnn_qmix,coord_grid,6,5810,145275,145.0,25,0.050000000000000044,15.462501096228758,138.89075724283853,523.343123900002
gnn_rep__N8__line__seed6,gnn_qmix,coord_grid,6,5811,145300,149.0,25,0.050000000000000044,17.576699415842693,191.85253159205118,523.4297451999992
gnn_rep__N8__line__seed6,gnn_qmix,coord_grid,6,5812,145325,144.0,25,0.050000000000000044,9.620773553848267,134.1945631844657,523.5327776000013
gnn_rep__N8__line__seed6,gnn_qmix,coord_grid,6,5813,145350,147.0,25,0.050000000000000044,21.809456919630367,48.357884883880615,523.6852942000005
gnn_rep__N8__line__seed6,gnn_qmix,coord_grid,6,5814,145375,146.0,25,0.050000000000000044,19.640651762485504,101.07058048248291,523.7665231999999
gnn_rep__N8__line__seed6,gnn_qmix,coord_grid,6,5815,145400,138.0,25,0.050000000000000044,24.059472401936848,104.70798524220784,523.8224408999995
gnn_rep__N8__line__seed6,gnn_qmix,coord_grid,6,5816,145425,142.0,25,0.050000000000000044,24.27456252489771,58.479771205357146,523.9271449000007
gnn_rep__N8__line__seed6,gnn_qmix,coord_grid,6,5817,145450,154.0,25,0.050000000000000044,19.64769574503104,95.5852009455363,524.0464514000014
gnn_rep__N8__line__seed6,gnn_qmix,coord_grid,6,5818,145475,148.0,25,0.050000000000000044,6.826928359766801,80.49308586120605,524.1374883999997
gnn_rep__N8__line__seed6,gnn_qmix,coord_grid,6,5819,145500,150.0,25,0.050000000000000044,19.7967183838288,171.65863386789957,524.1977746000011
gnn_rep__N8__line__seed6,gnn_qmix,coord_grid,6,5820,145525,146.0,25,0.050000000000000044,13.393095825399671,191.95966611589705,524.2968633000019
gnn_rep__N8__line__seed6,gnn_qmix,coord_grid,6,5821,145550,147.0,25,0.050000000000000044,30.500450770060223,143.8053181966146,524.4088169999995
gnn_rep__N8__line__seed6,gnn_qmix,coord_grid,6,5822,145575,154.0,25,0.050000000000000044,10.988001783688864,80.99416033426921,524.4841899999992
gnn_rep__N8__line__seed6,gnn_qmix,coord_grid,6,5823,145600,146.0,25,0.050000000000000044,15.28117902825276,60.22075160344442,524.5512417999998
gnn_rep__N8__line__seed6,gnn_qmix,coord_grid,6,5824,145625,146.0,25,0.050000000000000044,15.104855607662882,155.26974323817663,524.6154860999995
gnn_rep__N8__line__seed6,gnn_qmix,coord_grid,6,5825,145650,120.0,25,0.050000000000000044,26.17376168568929,152.2866668701172,524.7784285000016
gnn_rep__N8__line__seed6,gnn_qmix,coord_grid,6,5826,145675,145.0,25,0.050000000000000044,15.31891961892446,57.52231136957804,524.874363400002
gnn_rep__N8__line__seed6,gnn_qmix,coord_grid,6,5827,145700,140.0,25,0.050000000000000044,13.324142689506212,166.41282335917154,525.0549608000001
gnn_rep__N8__line__seed6,gnn_qmix,coord_grid,6,5828,145725,144.0,25,0.050000000000000044,22.46768346428871,106.14182826450893,525.1415215999987
gnn_rep__N8__line__seed6,gnn_qmix,coord_grid,6,5829,145750,153.0,25,0.050000000000000044,24.014798417687416,85.3788693745931,525.2410224999985
gnn_rep__N8__line__seed6,gnn_qmix,coord_grid,6,5830,145775,149.0,25,0.050000000000000044,17.507645299037296,95.6325289408366,525.3385468999986
gnn_rep__N8__line__seed6,gnn_qmix,coord_grid,6,5831,145800,145.0,25,0.050000000000000044,11.030095711350441,76.44981129964192,525.4032458000001
gnn_rep__N8__line__seed6,gnn_qmix,coord_grid,6,5832,145825,147.0,25,0.050000000000000044,10.377495348453522,274.3903045654297,525.5168412000021
gnn_rep__N8__line__seed6,gnn_qmix,coord_grid,6,5833,145850,136.0,25,0.050000000000000044,13.726553390423456,248.31595357259116,525.6316929999994
gnn_rep__N8__line__seed6,gnn_qmix,coord_grid,6,5834,145875,149.0,25,0.050000000000000044,15.801583930850029,247.2556390762329,525.7101900000016
gnn_rep__N8__line__seed6,gnn_qmix,coord_grid,6,5835,145900,142.0,25,0.050000000000000044,9.085445694625378,159.5725015004476,525.8003792000018
gnn_rep__N8__line__seed6,gnn_qmix,coord_grid,6,5836,145925,130.0,25,0.050000000000000044,15.27636188694409,219.61587960379464,525.8525311000012
gnn_rep__N8__line__seed6,gnn_qmix,coord_grid,6,5837,145950,149.0,25,0.050000000000000044,13.188707061111927,90.56274731953938,525.9237094000018
gnn_rep__N8__line__seed6,gnn_qmix,coord_grid,6,5838,145975,156.0,25,0.050000000000000044,17.747063254316647,158.87633736928305,526.0166884999999
gnn_rep__N8__line__seed6,gnn_qmix,coord_grid,6,5839,146000,138.0,25,0.050000000000000044,26.634386566778023,244.47581227620444,526.1312428000019
gnn_rep__N8__line__seed6,gnn_qmix,coord_grid,6,5840,146025,155.0,25,0.050000000000000044,18.982943913766317,205.84548841203963,526.2556603000012
gnn_rep__N8__line__seed6,gnn_qmix,coord_grid,6,5841,146050,142.0,25,0.050000000000000044,13.312773962815603,112.36444409688313,526.3498074999989
gnn_rep__N8__line__seed6,gnn_qmix,coord_grid,6,5842,146075,146.0,25,0.050000000000000044,17.597499904533226,88.26544125874837,526.4180105000014
gnn_rep__N8__line__seed6,gnn_qmix,coord_grid,6,5843,146100,141.0,25,0.050000000000000044,17.57074721654256,110.32418759663899,526.4848109000013
gnn_rep__N8__line__seed6,gnn_qmix,coord_grid,6,5844,146125,159.0,25,0.050000000000000044,13.394735061696597,163.29730837685722,526.562596300002
gnn_rep__N8__line__seed6,gnn_qmix,coord_grid,6,5845,146150,146.0,25,0.050000000000000044,26.264337062835693,94.49680805206299,526.6134944000005
gnn_rep__N8__line__seed6,gnn_qmix,coord_grid,6,5846,146175,145.0,25,0.050000000000000044,21.983622819185257,129.5157176653544,526.6906000999988
gnn_rep__N8__line__seed6,gnn_qmix,coord_grid,6,5847,146200,147.0,25,0.050000000000000044,19.97382166484992,220.31574058532715,526.8051712999986
gnn_rep__N8__line__seed6,gnn_qmix,coord_grid,6,5848,146225,130.0,25,0.050000000000000044,11.477233901619911,161.5057419368199,526.9100127999991
gnn_rep__N8__line__seed6,gnn_qmix,coord_grid,6,5849,146250,149.0,25,0.050000000000000044,28.481648763020832,138.73659451802573,526.9876116000014
gnn_rep__N8__line__seed6,gnn_qmix,coord_grid,6,5850,146275,146.0,25,0.050000000000000044,19.729659875233967,62.41776434580485,527.0766081000002
gnn_rep__N8__line__seed6,gnn_qmix,coord_grid,6,5851,146300,147.0,25,0.050000000000000044,13.362123027443886,118.4008321762085,527.1548352999998
gnn_rep__N8__line__seed6,gnn_qmix,coord_grid,6,5852,146325,134.0,25,0.050000000000000044,11.417744004300662,93.07001195635114,527.2601132999989
gnn_rep__N8__line__seed6,gnn_qmix,coord_grid,6,5853,146350,160.0,25,0.050000000000000044,24.093988577524822,104.15879948933919,527.3885942999987
gnn_rep__N8__line__seed6,gnn_qmix,coord_grid,6,5854,146375,153.0,25,0.050000000000000044,13.24736106644074,97.22661463419597,527.4951106000008
gnn_rep__N8__line__seed6,gnn_qmix,coord_grid,6,5855,146400,152.0,25,0.050000000000000044,13.391019433736801,195.7986888885498,527.6146646999987
gnn_rep__N8__line__seed6,gnn_qmix,coord_grid,6,5856,146425,153.0,25,0.050000000000000044,19.10359469481877,256.19217463902066,527.6958219000007
gnn_rep__N8__line__seed6,gnn_qmix,coord_grid,6,5857,146450,145.0,25,0.050000000000000044,13.413000891606012,223.41192245483398,527.8103685999995
gnn_rep__N8__line__seed6,gnn_qmix,coord_grid,6,5858,146475,156.0,25,0.050000000000000044,15.56782928109169,205.4417978922526,527.9236055000001
gnn_rep__N8__line__seed6,gnn_qmix,coord_grid,6,5859,146500,140.0,25,0.050000000000000044,17.855085665980976,265.77442169189453,527.9959278999995
gnn_rep__N8__line__seed6,gnn_qmix,coord_grid,6,5860,146525,147.0,25,0.050000000000000044,19.105921719755447,260.2322104317801,528.0863596999989
gnn_rep__N8__line__seed6,gnn_qmix,coord_grid,6,5861,146550,147.0,25,0.050000000000000044,15.674355179071426,211.24983851114908,528.1742811000004
gnn_rep__N8__line__seed6,gnn_qmix,coord_grid,6,5862,146575,152.0,25,0.050000000000000044,13.427238434553146,227.80699729919434,528.2398791999985
gnn_rep__N8__line__seed6,gnn_qmix,coord_grid,6,5863,146600,148.0,25,0.050000000000000044,4.840229136248429,243.62969462076822,528.3141130000004
gnn_rep__N8__line__seed6,gnn_qmix,coord_grid,6,5864,146625,144.0,25,0.050000000000000044,21.6854829788208,273.09580993652344,528.3950465999988
gnn_rep__N8__line__seed6,gnn_qmix,coord_grid,6,5865,146650,147.0,25,0.050000000000000044,31.310145060221355,259.00120480855304,528.4578397000005
gnn_rep__N8__line__seed6,gnn_qmix,coord_grid,6,5866,146675,153.0,25,0.050000000000000044,11.331245761364698,181.5433850288391,528.5226462999999
gnn_rep__N8__line__seed6,gnn_qmix,coord_grid,6,5867,146700,145.0,25,0.050000000000000044,17.817147731781006,114.8599967956543,528.6099759999997
gnn_rep__N8__line__seed6,gnn_qmix,coord_grid,6,5868,146725,144.0,25,0.050000000000000044,17.170279952032224,91.40107345581055,528.682340899999
gnn_rep__N8__line__seed6,gnn_qmix,coord_grid,6,5869,146750,144.0,25,0.050000000000000044,13.295354969799519,39.73329997062683,528.7497516000003
gnn_rep__N8__line__seed6,gnn_qmix,coord_grid,6,5870,146775,149.0,25,0.050000000000000044,15.520024585227171,47.30586465199789,528.8313583999989
gnn_rep__N8__line__seed6,gnn_qmix,coord_grid,6,5871,146800,148.0,25,0.050000000000000044,22.113887945810955,81.38770929972331,528.9160326000019
gnn_rep__N8__line__seed6,gnn_qmix,coord_grid,6,5872,146825,161.0,25,0.050000000000000044,19.055173328944615,104.57418305533272,529.0063245000019
gnn_rep__N8__line__seed6,gnn_qmix,coord_grid,6,5873,146850,155.0,25,0.050000000000000044,17.671581249684095,37.374884287516274,529.1177567000013
gnn_rep__N8__line__seed6,gnn_qmix,coord_grid,6,5874,146875,151.0,25,0.050000000000000044,22.161727587382,116.36623764038086,529.2257553000018
gnn_rep__N8__line__seed6,gnn_qmix,coord_grid,6,5875,146900,144.0,25,0.050000000000000044,26.606213480234146,94.69276428222656,529.3071693999991
gnn_rep__N8__line__seed6,gnn_qmix,coord_grid,6,5876,146925,140.0,25,0.050000000000000044,13.511564599616188,197.74308449881417,529.4080520999996
gnn_rep__N8__line__seed6,gnn_qmix,coord_grid,6,5877,146950,145.0,25,0.050000000000000044,11.272275646527609,154.90275382995605,529.4549745000004
gnn_rep__N8__line__seed6,gnn_qmix,coord_grid,6,5878,146975,134.0,25,0.050000000000000044,17.814171139150858,180.02797667185465,529.528122300002
gnn_rep__N8__line__seed6,gnn_qmix,coord_grid,6,5879,147000,148.0,25,0.050000000000000044,24.40715203185876,135.4064769744873,529.6149014000002
gnn_rep__N8__line__seed6,gnn_qmix,coord_grid,6,5880,147025,150.0,25,0.050000000000000044,24.58719536236354,62.33474349975586,529.7116406999994
gnn_rep__N8__line__seed6,gnn_qmix,coord_grid,6,5881,147050,146.0,25,0.050000000000000044,24.362501462300617,83.9214817682902,529.8264583000018
gnn_rep__N8__line__seed6,gnn_qmix,coord_grid,6,5882,147075,148.0,25,0.050000000000000044,30.8791349157691,47.75071922938029,529.900008200002
gnn_rep__N8__line__seed6,gnn_qmix,coord_grid,6,5883,147100,148.0,25,0.050000000000000044,17.832692570984364,86.17887115478516,530.0136113000008
gnn_rep__N8__line__seed6,gnn_qmix,coord_grid,6,5884,147125,153.0,25,0.050000000000000044,9.60968370097024,53.01640183585031,530.1436642000008
gnn_rep__N8__line__seed6,gnn_qmix,coord_grid,6,5885,147150,144.0,25,0.050000000000000044,17.766549356281757,134.66346804300943,530.2418560000006
gnn_rep__N8__line__seed6,gnn_qmix,coord_grid,6,5886,147175,155.0,25,0.050000000000000044,11.250075161457062,138.52486419677734,530.3105872000015
gnn_rep__N8__line__seed6,gnn_qmix,coord_grid,6,5887,147200,145.0,25,0.050000000000000044,28.785820484161377,177.76966603597006,530.405240600001
gnn_rep__N8__line__seed6,gnn_qmix,coord_grid,6,5888,147225,145.0,25,0.050000000000000044,24.928435734340123,237.44252232142858,530.5184843999996
gnn_rep__N8__line__seed6,gnn_qmix,coord_grid,6,5889,147250,148.0,25,0.050000000000000044,24.313590208689373,100.06808090209961,530.6531060999987
gnn_rep__N8__line__seed6,gnn_qmix,coord_grid,6,5890,147275,154.0,25,0.050000000000000044,11.252597277363142,103.62233797709148,530.7409550000011
gnn_rep__N8__line__seed6,gnn_qmix,coord_grid,6,5891,147300,152.0,25,0.050000000000000044,4.596646515031655,81.74994993209839,530.8067762999999
gnn_rep__N8__line__seed6,gnn_qmix,coord_grid,6,5892,147325,153.0,25,0.050000000000000044,15.397300933088575,216.60144914899553,530.8939747000004
gnn_rep__N8__line__seed6,gnn_qmix,coord_grid,6,5893,147350,148.0,25,0.050000000000000044,11.149430186177293,64.64960789680481,530.9649299000012
gnn_rep__N8__line__seed6,gnn_qmix,coord_grid,6,5894,147375,147.0,25,0.050000000000000044,22.10711404432853,50.93702761332194,531.0579393000007
gnn_rep__N8__line__seed6,gnn_qmix,coord_grid,6,5895,147400,144.0,25,0.050000000000000044,15.458335115884742,49.03947480519613,531.1711896000015
gnn_rep__N8__line__seed6,gnn_qmix,coord_grid,6,5896,147425,137.0,25,0.050000000000000044,27.39103099278041,284.64202880859375,531.2737099000005
gnn_rep__N8__line__seed6,gnn_qmix,coord_grid,6,5897,147450,150.0,25,0.050000000000000044,18.192477991183598,249.79822794596353,531.3785205999993
gnn_rep__N8__line__seed6,gnn_qmix,coord_grid,6,5898,147475,145.0,25,0.050000000000000044,9.356273502111435,240.09686660766602,531.488524700002
gnn_rep__N8__line__seed6,gnn_qmix,coord_grid,6,5899,147500,155.0,25,0.050000000000000044,29.05566692352295,195.94487190246582,531.5579247999995
gnn_rep__N8__line__seed6,gnn_qmix,coord_grid,6,5900,147525,145.0,25,0.050000000000000044,13.488524522100176,141.31482178824288,531.6696300000003
gnn_rep__N8__line__seed6,gnn_qmix,coord_grid,6,5901,147550,144.0,25,0.050000000000000044,19.990833175679047,65.842955271403,531.7834642999987
gnn_rep__N8__line__seed6,gnn_qmix,coord_grid,6,5902,147575,134.0,25,0.050000000000000044,11.262261098871628,50.46317481994629,531.8526155
gnn_rep__N8__line__seed6,gnn_qmix,coord_grid,6,5903,147600,141.0,25,0.050000000000000044,17.85049518942833,59.9075878461202,531.9321135999999
gnn_rep__N8__line__seed6,gnn_qmix,coord_grid,6,5904,147625,142.0,25,0.050000000000000044,11.525957569479942,71.02659879411969,532.0258065999988
gnn_rep__N8__line__seed6,gnn_qmix,coord_grid,6,5905,147650,142.0,25,0.050000000000000044,20.017732799053192,53.623256842295326,532.1169307000018
gnn_rep__N8__line__seed6,gnn_qmix,coord_grid,6,5906,147675,145.0,25,0.050000000000000044,13.499676066140333,77.49425570170085,532.1633688000002
gnn_rep__N8__line__seed6,gnn_qmix,coord_grid,6,5907,147700,148.0,25,0.050000000000000044,15.75681029011806,91.88069343566895,532.2399838000019
gnn_rep__N8__line__seed6,gnn_qmix,coord_grid,6,5908,147725,146.0,25,0.050000000000000044,17.245865170444763,70.27057375226703,532.3334073000005
gnn_rep__N8__line__seed6,gnn_qmix,coord_grid,6,5909,147750,150.0,25,0.050000000000000044,17.87394805500905,74.56914742787679,532.4320555000013
gnn_rep__N8__line__seed6,gnn_qmix,coord_grid,6,5910,147775,148.0,25,0.050000000000000044,20.12904427945614,121.6797981262207,532.5112786999998
gnn_rep__N8__line__seed6,gnn_qmix,coord_grid,6,5911,147800,149.0,25,0.050000000000000044,24.557370622952778,164.3358860015869,532.6496828999989
gnn_rep__N8__line__seed6,gnn_qmix,coord_grid,6,5912,147825,140.0,25,0.050000000000000044,9.638482562133245,127.79613549368722,532.7688879000016
gnn_rep__N8__line__seed6,gnn_qmix,coord_grid,6,5913,147850,148.0,25,0.050000000000000044,11.205953056613604,100.89041550954182,532.8735755000016
gnn_rep__N8__line__seed6,gnn_qmix,coord_grid,6,5914,147875,145.0,25,0.050000000000000044,9.071504190564156,189.78321075439453,532.9493365999988
gnn_rep__N8__line__seed6,gnn_qmix,coord_grid,6,5915,147900,137.0,25,0.050000000000000044,11.227183302243551,143.52210172017416,533.045820899999
gnn_rep__N8__line__seed6,gnn_qmix,coord_grid,6,5916,147925,159.0,25,0.050000000000000044,24.839454895683698,152.61521094185966,533.1074231999992
gnn_rep__N8__line__seed6,gnn_qmix,coord_grid,6,5917,147950,134.0,25,0.050000000000000044,20.033679264287155,111.0086596806844,533.2234405999989
gnn_rep__N8__line__seed6,gnn_qmix,coord_grid,6,5918,147975,156.0,25,0.050000000000000044,15.639199823141098,74.05023129781087,533.3108581000015
gnn_rep__N8__line__seed6,gnn_qmix,coord_grid,6,5919,148000,141.0,25,0.050000000000000044,11.18993279710412,75.9028278986613,533.408736100002
gnn_rep__N8__line__seed6,gnn_qmix,coord_grid,6,5920,148025,134.0,25,0.050000000000000044,11.507942476442881,74.06131390162876,533.4911246000011
gnn_rep__N8__line__seed6,gnn_qmix,coord_grid,6,5921,148050,146.0,25,0.050000000000000044,17.79265730579694,26.885443528493244,533.5817319000016
gnn_rep__N8__line__seed6,gnn_qmix,coord_grid,6,5922,148075,148.0,25,0.050000000000000044,22.223029511670273,65.56316407521565,533.6936071000018
gnn_rep__N8__line__seed6,gnn_qmix,coord_grid,6,5923,148100,149.0,25,0.050000000000000044,17.93633332103491,158.83191076914468,533.755830099999
gnn_rep__N8__line__seed6,gnn_qmix,coord_grid,6,5924,148125,150.0,25,0.050000000000000044,22.990648405892507,131.852167401995,533.8247480999999
gnn_rep__N8__line__seed6,gnn_qmix,coord_grid,6,5925,148150,153.0,25,0.050000000000000044,13.420474827289581,105.88859176635742,533.9563550999992
gnn_rep__N8__line__seed6,gnn_qmix,coord_grid,6,5926,148175,144.0,25,0.050000000000000044,15.6109773889184,99.36843125025432,534.0657199000016
gnn_rep__N8__line__seed6,gnn_qmix,coord_grid,6,5927,148200,145.0,25,0.050000000000000044,4.752604864537716,136.97474416097006,534.1300164999993
gnn_rep__N8__line__seed6,gnn_qmix,coord_grid,6,5928,148225,153.0,25,0.050000000000000044,31.34325885772705,289.06547982352123,534.2177321999989
gnn_rep__N8__line__seed6,gnn_qmix,coord_grid,6,5929,148250,147.0,25,0.050000000000000044,14.102742890516916,271.58996359507245,534.2731413000001
gnn_rep__N8__line__seed6,gnn_qmix,coord_grid,6,5930,148275,138.0,25,0.050000000000000044,11.834952235221863,252.2129316329956,534.3416471000019
gnn_rep__N8__line__seed6,gnn_qmix,coord_grid,6,5931,148300,161.0,25,0.050000000000000044,24.69652505715688,237.63662465413412,534.4131300000008
gnn_rep__N8__line__seed6,gnn_qmix,coord_grid,6,5932,148325,154.0,25,0.050000000000000044,17.40226572751999,150.70385524204798,534.5441620999991
gnn_rep__N8__line__seed6,gnn_qmix,coord_grid,6,5933,148350,137.0,25,0.050000000000000044,17.89869623631239,87.28295516967773,534.6391752000018
gnn_rep__N8__line__seed6,gnn_qmix,coord_grid,6,5934,148375,150.0,25,0.050000000000000044,24.612327098846436,82.52064259847005,534.7294032999998
gnn_rep__N8__line__seed6,gnn_qmix,coord_grid,6,5935,148400,138.0,25,0.050000000000000044,15.811819553375244,120.52849133809407,534.7793387999991
gnn_rep__N8__line__seed6,gnn_qmix,coord_grid,6,5936,148425,146.0,25,0.050000000000000044,15.5388771040099,155.46651540483748,534.8584942000016
gnn_rep__N8__line__seed6,gnn_qmix,coord_grid,6,5937,148450,146.0,25,0.050000000000000044,22.39822832743327,135.03960132598877,534.9663681999991
gnn_rep__N8__line__seed6,gnn_qmix,coord_grid,6,5938,148475,145.0,25,0.050000000000000044,31.141523187359173,56.62534109751383,535.0733478000002
gnn_rep__N8__line__seed6,gnn_qmix,coord_grid,6,5939,148500,151.0,25,0.050000000000000044,20.278703187902767,186.41521581013998,535.1552618999995
gnn_rep__N8__line__seed6,gnn_qmix,coord_grid,6,5940,148525,141.0,25,0.050000000000000044,17.47550434299878,191.38525772094727,535.2097844999989
gnn_rep__N8__line__seed6,gnn_qmix,coord_grid,6,5941,148550,138.0,25,0.050000000000000044,24.788720319668453,240.5997314453125,535.2908189000009
gnn_rep__N8__line__seed6,gnn_qmix,coord_grid,6,5942,148575,148.0,25,0.050000000000000044,20.30707845588525,201.439679145813,535.3551732999986
gnn_rep__N8__line__seed6,gnn_qmix,coord_grid,6,5943,148600,147.0,25,0.050000000000000044,22.646080031991005,236.83173116048178,535.438829900002
gnn_rep__N8__line__seed6,gnn_qmix,coord_grid,6,5944,148625,136.0,25,0.050000000000000044,19.33459569300924,190.6063995361328,535.4930600000007
gnn_rep__N8__line__seed6,gnn_qmix,coord_grid,6,5945,148650,151.0,25,0.050000000000000044,18.174189927677315,221.21179835001627,535.5731775999993
gnn_rep__N8__line__seed6,gnn_qmix,coord_grid,6,5946,148675,145.0,25,0.050000000000000044,13.768895382682482,260.29804611206055,535.6338524999992
gnn_rep__N8__line__seed6,gnn_qmix,coord_grid,6,5947,148700,152.0,25,0.050000000000000044,26.98532684892416,249.06968943277994,535.7147600999997
gnn_rep__N8__line__seed6,gnn_qmix,coord_grid,6,5948,148725,144.0,25,0.050000000000000044,17.446378609963826,203.13469696044922,535.8114118000012
gnn_rep__N8__line__seed6,gnn_qmix,coord_grid,6,5949,148750,151.0,25,0.050000000000000044,13.697119812170664,234.13446680704752,535.928689700002
gnn_rep__N8__line__seed6,gnn_qmix,coord_grid,6,5950,148775,161.0,25,0.050000000000000044,9.315184012055397,251.87931950887045,535.9825316999995
gnn_rep__N8__line__seed6,gnn_qmix,coord_grid,6,5951,148800,139.0,25,0.050000000000000044,6.952191591262817,176.00082969665527,536.1139997999999
gnn_rep__N8__line__seed6,gnn_qmix,coord_grid,6,5952,148825,145.0,25,0.050000000000000044,23.005520948341914,79.35133307320731,536.1675776000011
gnn_rep__N8__line__seed6,gnn_qmix,coord_grid,6,5953,148850,153.0,25,0.050000000000000044,11.298958470424017,107.42025502522786,536.2424601999992
gnn_rep__N8__line__seed6,gnn_qmix,coord_grid,6,5954,148875,150.0,25,0.050000000000000044,22.409168208638828,112.18924013773601,536.355431
gnn_rep__N8__line__seed6,gnn_qmix,coord_grid,6,5955,148900,152.0,25,0.050000000000000044,18.097321381171543,201.5969149271647,536.4151119000016
gnn_rep__N8__line__seed6,gnn_qmix,coord_grid,6,5956,148925,127.0,25,0.050000000000000044,19.239219231264933,169.69299902234758,536.4772754000005
gnn_rep__N8__line__seed6,gnn_qmix,coord_grid,6,5957,148950,140.0,25,0.050000000000000044,13.65797663728396,211.87117767333984,536.5496539000014
gnn_rep__N8__line__seed6,gnn_qmix,coord_grid,6,5958,148975,131.0,25,0.050000000000000044,9.108763113617897,107.6162223815918,536.6105682000016
gnn_rep__N8__line__seed6,gnn_qmix,coord_grid,6,5959,149000,147.0,25,0.050000000000000044,20.1319638962547,92.56253147125244,536.7067494000003
gnn_rep__N8__line__seed6,gnn_qmix,coord_grid,6,5960,149025,155.0,25,0.050000000000000044,29.734165600367955,294.0698144095285,536.784903300002
gnn_rep__N8__line__seed6,gnn_qmix,coord_grid,6,5961,149050,147.0,25,0.050000000000000044,27.855751832326252,317.7688725789388,536.8476494999995
gnn_rep__N8__line__seed6,gnn_qmix,coord_grid,6,5962,149075,139.0,25,0.050000000000000044,16.2007864266634,264.83344014485675,536.9148079000006
gnn_rep__N8__line__seed6,gnn_qmix,coord_grid,6,5963,149100,146.0,25,0.050000000000000044,11.601150592168173,265.6277198791504,536.9818922000013
gnn_rep__N8__line__seed6,gnn_qmix,coord_grid,6,5964,149125,146.0,25,0.050000000000000044,9.782609794821058,105.2427248273577,537.0612710999994
gnn_rep__N8__line__seed6,gnn_qmix,coord_grid,6,5965,149150,145.0,25,0.050000000000000044,22.62531767288844,198.65000661214194,537.1225005999986
gnn_rep__N8__line__seed6,gnn_qmix,coord_grid,6,5966,149175,145.0,25,0.050000000000000044,13.593096541861692,117.81417496999104,537.1863139000016
gnn_rep__N8__line__seed6,gnn_qmix,coord_grid,6,5967,149200,141.0,25,0.050000000000000044,11.350258655846119,95.40427144368489,537.2725997999987
gnn_rep__N8__line__seed6,gnn_qmix,coord_grid,6,5968,149225,137.0,25,0.050000000000000044,15.457156296287264,139.49357713971818,537.3433814999989
gnn_rep__N8__line__seed6,gnn_qmix,coord_grid,6,5969,149250,141.0,25,0.050000000000000044,11.281084143867096,101.65029080708821,537.4426600000006
gnn_rep__N8__line__seed6,gnn_qmix,coord_grid,6,5970,149275,153.0,25,0.050000000000000044,11.53325854241848,209.8545379638672,537.4905379000011
gnn_rep__N8__line__seed6,gnn_qmix,coord_grid,6,5971,149300,143.0,25,0.050000000000000044,9.202197407682737,184.36110242207846,537.5492841999985
gnn_rep__N8__line__seed6,gnn_qmix,coord_grid,6,5972,149325,142.0,25,0.050000000000000044,17.3698566279241,77.71881525857108,537.6202262000006
gnn_rep__N8__line__seed6,gnn_qmix,coord_grid,6,5973,149350,151.0,25,0.050000000000000044,17.9841599141558,83.7098274230957,537.69902
gnn_rep__N8__line__seed6,gnn_qmix,coord_grid,6,5974,149375,154.0,25,0.050000000000000044,20.24062469601631,95.73066647847493,537.7473258999999
gnn_rep__N8__line__seed6,gnn_qmix,coord_grid,6,5975,149400,149.0,25,0.050000000000000044,20.215145285551746,77.03290716807048,537.8126260999998
gnn_rep__N8__line__seed6,gnn_qmix,coord_grid,6,5976,149425,134.0,25,0.050000000000000044,13.558772815125328,53.894892420087544,537.8781406999988
gnn_rep__N8__line__seed6,gnn_qmix,coord_grid,6,5977,149450,146.0,25,0.050000000000000044,24.81632972260316,86.16698773701985,537.9560625000013
gnn_rep__N8__line__seed6,gnn_qmix,coord_grid,6,5978,149475,144.0,25,0.050000000000000044,20.242004836599033,83.7716833750407,538.0238768000017
gnn_rep__N8__line__seed6,gnn_qmix,coord_grid,6,5979,149500,148.0,25,0.050000000000000044,13.544812079519033,105.00791994730632,538.0903509999989
gnn_rep__N8__line__seed6,gnn_qmix,coord_grid,6,5980,149525,143.0,25,0.050000000000000044,19.241336535130227,74.43861743382045,538.1814554000011
gnn_rep__N8__line__seed6,gnn_qmix,coord_grid,6,5981,149550,154.0,25,0.050000000000000044,13.550537357727686,126.6126578648885,538.2395887000021
gnn_rep__N8__line__seed6,gnn_qmix,coord_grid,6,5982,149575,152.0,25,0.050000000000000044,29.117848078409832,80.73616083463033,538.3073659000001
gnn_rep__N8__line__seed6,gnn_qmix,coord_grid,6,5983,149600,137.0,25,0.050000000000000044,24.71509212255478,61.44520918528239,538.3718004000002
gnn_rep__N8__line__seed6,gnn_qmix,coord_grid,6,5984,149625,141.0,25,0.050000000000000044,19.283523659620965,115.46546309334892,538.4374217000004
gnn_rep__N8__line__seed6,gnn_qmix,coord_grid,6,5985,149650,158.0,25,0.050000000000000044,24.706242720286053,97.03119277954102,538.5112966000015
gnn_rep__N8__line__seed6,gnn_qmix,coord_grid,6,5986,149675,143.0,25,0.050000000000000044,33.62680224950115,149.06680806477866,538.5909022000014
gnn_rep__N8__line__seed6,gnn_qmix,coord_grid,6,5987,149700,153.0,25,0.050000000000000044,18.050385947028797,124.37350018819173,538.6555068999987
gnn_rep__N8__line__seed6,gnn_qmix,coord_grid,6,5988,149725,137.0,25,0.050000000000000044,19.251575609402998,81.79944719587054,538.7415182000004
gnn_rep__N8__line__seed6,gnn_qmix,coord_grid,6,5989,149750,144.0,25,0.050000000000000044,24.727863053480785,97.48964961369832,538.7888855000019
gnn_rep__N8__line__seed6,gnn_qmix,coord_grid,6,5990,149775,141.0,25,0.050000000000000044,24.788343255718548,150.49650446573892,538.8410589000014
gnn_rep__N8__line__seed6,gnn_qmix,coord_grid,6,5991,149800,154.0,25,0.050000000000000044,9.219234878818193,199.2883758544922,538.8890739000017
gnn_rep__N8__line__seed6,gnn_qmix,coord_grid,6,5992,149825,149.0,25,0.050000000000000044,16.39770242146083,286.52272251674106,538.9423400999985
gnn_rep__N8__line__seed6,gnn_qmix,coord_grid,6,5993,149850,145.0,25,0.050000000000000044,14.09840409954389,266.1661732991536,538.9897104000011
gnn_rep__N8__line__seed6,gnn_qmix,coord_grid,6,5994,149875,138.0,25,0.050000000000000044,11.523123415807882,172.19049644470215,539.0419361999993
gnn_rep__N8__line__seed6,gnn_qmix,coord_grid,6,5995,149900,142.0,25,0.050000000000000044,13.904617721835772,202.55127080281576,539.0902630000019
gnn_rep__N8__line__seed6,gnn_qmix,coord_grid,6,5996,149925,144.0,25,0.050000000000000044,19.75399191038949,221.122004372733,539.1424953999995
gnn_rep__N8__line__seed6,gnn_qmix,coord_grid,6,5997,149950,141.0,25,0.050000000000000044,12.044576505819956,285.6733703613281,539.1883444000014
gnn_rep__N8__line__seed6,gnn_qmix,coord_grid,6,5998,149975,137.0,25,0.050000000000000044,9.592324217160543,274.2611605326335,539.2417534000015
gnn_rep__N8__line__seed6,gnn_qmix,coord_grid,6,5999,150000,149.0,25,0.050000000000000044,9.634313881397247,285.12436930338544,539.2892021000007
